timestamp,imu_quat_i,imu_quat_j,imu_quat_k,imu_quat_real,imu_accel_x,imu_accel_y,imu_accel_z,imu_gyro_x,imu_gyro_y,imu_gyro_z,obd_rpm,obd_speed,obd_coolant_temp,obd_engine_load,obd_throttle_pos,gnss_fix_quality,gnss_num_satellites,gnss_latitude,gnss_longitude,gnss_altitude_m,gnss_hdop,gnss_speed_knots,gnss_course_deg
2026-09-07 14:57:53.015841,0.50006103515625,0.5,0.5,0.5,0.0,0.0,0.0,0.0,0.0,0.0,,,,,,,,,,,,,
2026-09-07 14:57:53.142543,0.5,0.49993896484375,0.5,0.5001220703125,0.03125,9.44921875,0.453125,0.009765625,-0.0078125,0.013671875,1693.75,52.8,179.6,39.2,38.4,,,,,,,,
2026-09-07 14:57:53.234059,0.5003662109375,0.499267578125,0.500244140625,0.5001220703125,0.67578125,8.734375,0.375,-0.0078125,0.001953125,0.00390625,1693.75,52.8,179.6,39.2,38.4,,,,,,,,
2026-09-07 14:57:53.334876,0.50030517578125,0.4993896484375,0.50006103515625,0.500244140625,0.51171875,8.890625,0.21484375,0.015625,0.0,-0.013671875,1692.0,52.8,179.6,39.6,38.4,,,,,,,,
2026-09-07 14:57:53.441833,0.50274658203125,0.4896240234375,0.50958251953125,0.4979248046875,0.19140625,8.3671875,0.359375,0.037109375,-0.001953125,0.0078125,1692.0,52.8,179.6,39.6,38.4,,,,,,,,
2026-09-07 14:57:53.534782,0.50457763671875,0.48876953125,0.5101318359375,0.4962158203125,0.3359375,8.453125,0.20703125,0.04296875,-0.00390625,0.009765625,1685.75,52.8,179.6,39.6,38.0,,,,,,,,
2026-09-07 14:57:53.642003,0.50543212890625,0.48883056640625,0.50994873046875,0.4954833984375,0.3203125,8.4453125,0.12109375,0.025390625,-0.001953125,0.015625,1685.75,52.8,179.6,39.6,38.0,,,,,,,,
2026-09-07 14:57:53.733863,0.507080078125,0.48895263671875,0.509521484375,0.49420166015625,0.45703125,7.96484375,-0.26171875,0.005859375,-0.005859375,0.017578125,1690.5,52.8,177.8,39.6,38.0,,,,,,,,
2026-09-07 14:57:53.842228,0.50714111328125,0.48876953125,0.50958251953125,0.49420166015625,0.3671875,8.04296875,-0.5,-0.025390625,-0.001953125,0.0,1690.5,52.8,177.8,39.6,38.0,,,,,,,,
2026-09-07 14:57:53.941008,0.506591796875,0.48828125,0.5098876953125,0.49493408203125,0.43359375,6.6171875,0.22265625,-0.01171875,-0.001953125,-0.005859375,1692.75,52.8,177.8,40.0,38.8,,,,,,,,
2026-09-07 14:57:54.040777,0.506103515625,0.48822021484375,0.50994873046875,0.49542236328125,0.1875,6.80078125,0.17578125,0.0,-0.001953125,0.0078125,1692.75,52.8,177.8,40.0,38.8,,,,,,,,
2026-09-07 14:57:54.142256,0.50604248046875,0.48785400390625,0.51031494140625,0.49554443359375,0.01953125,6.8046875,-0.0625,-0.0078125,-0.001953125,0.025390625,1702.25,52.8,177.8,40.8,38.8,,,,,,,,
2026-09-07 14:57:54.242249,0.50604248046875,0.48712158203125,0.510986328125,0.4954833984375,0.234375,6.421875,0.3125,-0.01171875,0.0,0.017578125,1702.25,52.8,177.8,40.8,38.8,,,,,,,,
2026-09-07 14:57:54.341788,0.505859375,0.4866943359375,0.51141357421875,0.49566650390625,0.33203125,5.7421875,0.0078125,-0.009765625,0.001953125,-0.001953125,1698.25,52.8,177.8,40.8,38.4,,,,,,,,
2026-09-07 14:57:54.450639,0.505615234375,0.48712158203125,0.510986328125,0.495849609375,0.47265625,4.875,0.19140625,0.0,0.00390625,-0.01953125,1698.25,52.8,177.8,40.8,38.4,,,,,,,,
2026-09-07 14:57:54.651004,0.5052490234375,0.48834228515625,0.51025390625,0.495849609375,0.109375,4.6875,0.19140625,-0.001953125,0.001953125,0.009765625,1685.75,52.8,177.8,40.8,37.6,,,,,,,,
2026-09-07 14:57:54.742018,0.50531005859375,0.48846435546875,0.51031494140625,0.49560546875,-0.01953125,4.61328125,0.07421875,-0.001953125,0.0,0.005859375,1694.5,52.8,177.8,40.0,38.0,,,,,,,,
2026-09-07 14:57:54.851640,0.50555419921875,0.48797607421875,0.5108642578125,0.49530029296875,0.1953125,4.1640625,0.03515625,0.0,0.0,0.001953125,1694.5,52.8,177.8,40.0,38.0,,,,,,,,
2026-09-07 14:57:54.941658,0.50567626953125,0.48785400390625,0.51092529296875,0.49517822265625,0.2109375,4.08203125,0.0,0.00390625,0.0,0.001953125,1696.0,52.8,177.8,40.4,38.8,,,,,,,,
2026-09-07 14:57:55.051339,0.50604248046875,0.4879150390625,0.51104736328125,0.49468994140625,0.2109375,3.83984375,0.02734375,0.001953125,0.00390625,-0.015625,1696.0,52.8,177.8,40.4,38.8,,,,,,,,
2026-09-07 14:57:55.149216,0.50616455078125,0.48809814453125,0.51092529296875,0.4945068359375,0.09765625,-0.4921875,0.13671875,0.00390625,0.005859375,-0.009765625,1694.5,52.8,177.8,40.4,38.4,,,,,,,,
2026-09-07 14:57:55.249753,0.5062255859375,0.4884033203125,0.5108642578125,0.494140625,-0.17578125,-0.0234375,0.0234375,-0.009765625,0.005859375,-0.00390625,1694.5,52.8,177.8,40.4,38.4,,,,,,,,
2026-09-07 14:57:55.349078,0.50634765625,0.48822021484375,0.51123046875,0.49383544921875,-0.046875,-0.015625,0.03125,-0.021484375,0.00390625,0.0,1687.5,52.8,177.8,40.8,38.4,,,,,,,,
2026-09-07 14:57:55.448936,0.50634765625,0.48779296875,0.51171875,0.49383544921875,0.16796875,-0.21484375,0.07421875,-0.021484375,0.0,0.001953125,1687.5,52.8,177.8,40.8,38.4,,,,,,,,
2026-09-07 14:57:55.549193,0.50616455078125,0.48748779296875,0.5120849609375,0.493896484375,0.12109375,0.4375,-0.359375,-0.025390625,0.00390625,-0.0078125,1688.25,52.8,177.8,40.8,38.4,,,,,,,,
2026-09-07 14:57:55.649801,0.50543212890625,0.48663330078125,0.51312255859375,0.494384765625,-0.0703125,-0.0234375,0.08984375,-0.01953125,0.0,-0.013671875,1688.25,52.8,177.8,40.8,38.4,,,,,,,,
2026-09-07 14:57:55.749052,0.5050048828125,0.4864501953125,0.513427734375,0.49468994140625,0.0546875,-0.23046875,-0.0859375,-0.029296875,0.00390625,-0.009765625,1682.75,52.8,177.8,41.2,38.4,,,,,,,,
2026-09-07 14:57:55.849933,0.50396728515625,0.48663330078125,0.513671875,0.49530029296875,-0.18359375,-0.3046875,0.3125,-0.015625,0.009765625,-0.0234375,1682.75,52.8,177.8,41.2,38.4,,,,,,,,
2026-09-07 14:57:55.939188,0.50384521484375,0.48675537109375,-1.486328125,0.495361328125,-0.3046875,0.1640625,0.06640625,-0.001953125,0.005859375,0.0,1689.75,52.2,177.8,40.4,37.6,,,,,,,,
2026-09-07 14:57:56.052079,0.50372314453125,0.4862060546875,0.51446533203125,0.4873046875,-0.0078125,0.30859375,-0.07421875,0.0,0.0,0.015625,1689.75,52.2,177.8,40.4,37.6,,,,,,,,
2026-09-07 14:57:56.149551,0.50347900390625,0.48565673828125,0.51513671875,0.49530029296875,0.1328125,0.29296875,-0.02734375,-0.0234375,0.00390625,0.013671875,1692.75,52.8,177.8,40.4,38.4,,,,,,,,
2026-09-07 14:57:56.249505,0.502685546875,0.4854736328125,0.51544189453125,0.495849609375,0.20703125,-0.23046875,0.01171875,-0.017578125,0.005859375,-0.015625,1692.75,52.8,177.8,40.4,38.4,,,,,,,,
2026-09-07 14:57:56.350143,0.50213623046875,0.485595703125,0.515625,0.4962158203125,-0.1015625,-0.1015625,0.01171875,0.001953125,0.0,-0.013671875,1686.5,52.8,177.8,40.8,38.4,,,,,,,,
2026-09-07 14:57:56.449784,0.502197265625,0.48565673828125,0.51568603515625,0.49603271484375,-0.23828125,0.046875,0.1484375,0.001953125,0.0078125,-0.0078125,1686.5,52.8,177.8,40.8,38.4,,,,,,,,
2026-09-07 14:57:56.549833,0.50238037109375,0.48590087890625,0.51556396484375,0.49566650390625,-0.20703125,-0.02734375,0.23828125,0.015625,0.001953125,0.00390625,1692.0,52.8,177.8,40.4,37.3,,,,,,,,
2026-09-07 14:57:56.650041,0.502685546875,0.48590087890625,0.51568603515625,0.49530029296875,0.0703125,0.23046875,-0.01171875,0.009765625,0.005859375,0.00390625,1692.0,52.8,177.8,40.4,37.3,,,,,,,,
2026-09-07 14:57:56.750496,0.5029296875,0.48565673828125,0.5159912109375,0.49493408203125,0.03125,0.31640625,-0.10546875,0.013671875,0.0,0.015625,1689.0,52.2,177.8,40.4,37.3,,,,,,,,
2026-09-07 14:57:56.850300,0.50311279296875,0.485595703125,0.51611328125,0.49468994140625,0.16015625,-0.125,0.01953125,0.001953125,0.001953125,0.001953125,1689.0,52.2,177.8,40.4,37.3,,,,,,,,
2026-09-07 14:57:56.949859,0.50286865234375,0.48529052734375,0.516357421875,0.49493408203125,0.16796875,-0.35546875,0.078125,-0.009765625,-0.001953125,0.001953125,1687.5,52.8,179.6,40.0,36.5,,,,,,,,
2026-09-07 14:57:57.049948,0.502685546875,0.485107421875,0.51641845703125,0.49530029296875,0.23828125,-0.5078125,0.1328125,-0.00390625,-0.00390625,-0.0078125,1687.5,52.8,179.6,40.0,36.5,,,,,,,,
2026-09-07 14:57:57.150936,0.5025634765625,0.4849853515625,0.516357421875,0.49554443359375,0.12890625,-0.0078125,-0.00390625,0.001953125,-0.001953125,-0.001953125,1686.5,52.8,179.6,38.8,29.8,,,,,,,,
2026-09-07 14:57:57.251351,0.50250244140625,0.48468017578125,0.51654052734375,0.49578857421875,-0.078125,-0.08203125,-0.02734375,-0.005859375,-0.00390625,0.001953125,1686.5,52.8,179.6,38.8,29.8,,,,,,,,
2026-09-07 14:57:57.584803,0.50140380859375,0.4837646484375,0.51715087890625,0.49713134765625,-0.05078125,-0.0078125,-0.06640625,0.001953125,-0.009765625,-0.001953125,1668.75,52.2,179.6,28.6,24.7,,,,,,,,
2026-09-07 14:57:57.666636,0.500732421875,0.48370361328125,0.51666259765625,0.498291015625,-0.21875,0.25390625,0.23046875,-0.013671875,-0.009765625,0.00390625,1668.75,52.2,179.6,28.6,24.7,,,,,,,,
2026-09-07 14:57:57.769313,0.5006103515625,0.4837646484375,0.51641845703125,0.4986572265625,-0.171875,0.0546875,0.08984375,-0.00390625,-0.005859375,0.013671875,1658.5,52.2,179.6,23.9,23.1,,,,,,,,
2026-09-07 14:57:57.869551,0.4990234375,0.4837646484375,0.51617431640625,0.50048828125,0.01171875,-0.33203125,0.0078125,0.0,-0.00390625,0.00390625,1658.5,52.2,179.6,23.9,23.1,,,,,,,,
2026-09-07 14:57:57.967390,0.498291015625,0.4837646484375,0.51593017578125,0.50146484375,-0.0859375,0.07421875,-0.1015625,0.009765625,-0.0078125,-0.001953125,1657.0,52.2,179.6,21.2,22.7,,,,,,,,
2026-09-07 14:57:58.068791,0.498046875,0.48419189453125,0.5152587890625,0.5020751953125,-0.1171875,0.0703125,-0.015625,0.00390625,-0.005859375,-0.009765625,1657.0,52.2,179.6,21.2,22.7,,,,,,,,
2026-09-07 14:57:58.292333,0.49676513671875,0.48480224609375,0.513671875,0.5042724609375,-0.1484375,0.17578125,-0.11328125,-0.00390625,-0.005859375,-0.001953125,1650.0,52.2,179.6,20.8,23.1,,,,,,,,
2026-09-07 14:57:58.394326,0.4962158203125,0.48443603515625,0.51361083984375,0.5052490234375,0.0390625,0.16796875,-0.03125,-0.01953125,-0.009765625,0.013671875,1650.0,52.2,179.6,20.8,23.1,,,,,,,,
2026-09-07 14:57:58.499248,0.49560546875,0.48431396484375,0.51336669921875,0.5062255859375,0.04296875,-0.25390625,0.13671875,-0.01953125,-0.00390625,-0.00390625,1644.5,52.2,179.6,21.2,23.9,,,,,,,,
2026-09-07 14:57:58.595490,0.4951171875,0.48431396484375,0.51300048828125,0.507080078125,0.3046875,-0.30078125,-0.15234375,-0.009765625,-0.005859375,-0.013671875,1644.5,52.2,179.6,21.2,23.9,,,,,,,,
2026-09-07 14:57:58.697009,0.49481201171875,0.48443603515625,0.5125732421875,0.5076904296875,-0.0234375,-0.23828125,0.015625,0.009765625,-0.009765625,-0.015625,1645.25,52.2,179.6,25.1,27.8,,,,,,,,
2026-09-07 14:57:58.795085,0.4945068359375,0.48443603515625,0.51226806640625,0.50830078125,0.08984375,0.015625,-0.14453125,-0.00390625,-0.005859375,-0.0078125,1645.25,52.2,179.6,25.1,27.8,,,,,,,,
2026-09-07 14:57:58.893914,0.49432373046875,0.4844970703125,0.511962890625,0.50872802734375,0.25,-0.40234375,-0.0390625,0.0078125,-0.005859375,-0.009765625,1644.5,51.6,179.6,37.6,34.5,,,,,,,,
2026-09-07 14:57:58.995855,0.494384765625,0.4847412109375,0.51141357421875,0.509033203125,0.25,-0.1171875,0.07421875,0.0078125,-0.009765625,-0.009765625,1644.5,51.6,179.6,37.6,34.5,,,,,,,,
2026-09-07 14:57:59.097052,0.4947509765625,0.4847412109375,0.510986328125,0.50909423828125,0.00390625,-0.1015625,0.015625,0.0078125,-0.005859375,-0.009765625,1644.5,51.6,179.6,38.8,36.1,,,,,,,,
2026-09-07 14:57:59.197602,0.49517822265625,0.48443603515625,0.5108642578125,0.50909423828125,0.03515625,0.18359375,-0.0234375,0.009765625,-0.005859375,-0.0078125,1644.5,51.6,179.6,38.8,36.1,,,,,,,,
2026-09-07 14:57:59.297777,0.49566650390625,0.48358154296875,0.51116943359375,0.50909423828125,0.0703125,0.05859375,0.05078125,0.00390625,-0.013671875,-0.001953125,1642.0,52.2,179.6,38.8,35.3,,,,,,,,
2026-09-07 14:57:59.391606,0.49591064453125,0.48309326171875,0.5113525390625,0.50909423828125,0.1328125,0.2265625,0.0078125,-0.001953125,-0.013671875,0.00390625,1642.0,52.2,179.6,38.8,35.3,,,,,,,,
2026-09-07 14:57:59.496640,0.49627685546875,0.48175048828125,0.51177978515625,0.5096435546875,0.03125,0.078125,0.0078125,0.0,-0.01171875,-0.013671875,1643.75,52.2,179.6,38.4,34.1,,,,,,,,
2026-09-07 14:57:59.597268,0.49615478515625,0.4808349609375,0.51214599609375,0.51019287109375,0.125,-0.1796875,-0.046875,-0.00390625,-0.00390625,-0.025390625,1643.75,52.2,179.6,38.4,34.1,,,,,,,,
2026-09-07 14:57:59.697964,0.49603271484375,0.4798583984375,0.51263427734375,0.51080322265625,-0.14453125,0.21484375,-0.1015625,-0.015625,-0.009765625,-0.009765625,1644.5,52.2,179.6,38.4,34.1,,,,,,,,
2026-09-07 14:57:59.796842,0.4959716796875,0.47900390625,0.512939453125,0.5113525390625,-0.17578125,0.1015625,0.04296875,-0.009765625,-0.005859375,-0.025390625,1644.5,52.2,179.6,38.4,34.1,,,,,,,,
2026-09-07 14:57:59.887320,0.49591064453125,0.478759765625,0.51300048828125,0.5115966796875,-0.28125,0.30859375,-0.01953125,-0.001953125,-0.01171875,-0.015625,1644.5,52.2,179.6,38.4,33.3,,,,,,,,
2026-09-07 14:57:59.987177,0.4959716796875,0.4779052734375,0.51318359375,0.5120849609375,-0.07421875,-0.01953125,0.13671875,0.009765625,-0.009765625,-0.015625,1644.5,52.2,179.6,38.4,33.3,,,,,,,,
2026-09-07 14:58:00.089312,0.49603271484375,0.47674560546875,0.51361083984375,0.5126953125,-0.07421875,0.30859375,0.01171875,-0.00390625,-0.009765625,-0.01171875,1648.25,52.2,179.6,37.3,31.0,,,,,,,,
2026-09-07 14:58:00.189712,0.49627685546875,0.47589111328125,0.51397705078125,0.51287841796875,0.0546875,0.30859375,-0.1171875,0.0,-0.009765625,0.009765625,1648.25,52.2,179.6,37.3,31.0,,,,,,,,
2026-09-07 14:58:00.296985,0.49639892578125,0.47491455078125,0.5145263671875,0.51312255859375,-0.10546875,0.26953125,0.2421875,-0.02734375,-0.0078125,0.015625,1645.25,52.2,179.6,37.3,31.4,,,,,,,,
2026-09-07 14:58:00.396951,0.49627685546875,0.47406005859375,0.5150146484375,0.5057373046875,-0.08984375,0.20703125,-0.01171875,-0.005859375,-0.00390625,0.001953125,1645.25,52.2,179.6,37.3,31.4,,,,,,,,
2026-09-07 14:58:00.497600,0.4964599609375,0.47357177734375,0.51507568359375,0.51373291015625,-0.13671875,-0.1015625,-0.0703125,-0.01171875,-0.0078125,0.00390625,1648.25,52.2,179.6,37.3,31.4,,,,,,,,
2026-09-07 14:58:00.596791,0.4969482421875,0.473388671875,0.51483154296875,0.51361083984375,-0.07421875,-0.140625,0.11328125,0.00390625,-0.0078125,-0.00390625,1648.25,52.2,179.6,37.3,31.4,,,,,,,,
2026-09-07 14:58:00.696238,0.49755859375,0.47332763671875,0.51458740234375,0.513427734375,-0.17578125,0.19140625,0.10546875,-0.00390625,-0.00390625,0.001953125,1649.0,52.2,179.6,37.3,31.4,,,,,,,,
2026-09-07 14:58:00.797777,0.4986572265625,0.47393798828125,0.513671875,0.5126953125,-0.16796875,-0.3203125,0.15625,0.02734375,-0.00390625,0.0,1649.0,52.2,179.6,37.3,31.4,,,,,,,,
2026-09-07 14:58:00.896746,0.49951171875,0.47412109375,0.51312255859375,0.51226806640625,0.1875,0.0234375,-0.07421875,0.03125,-0.00390625,-0.005859375,1648.25,52.2,179.6,36.5,29.4,,,,,,,,
2026-09-07 14:58:00.997406,0.5,0.47393798828125,0.51300048828125,0.5120849609375,0.01171875,0.1640625,-0.1328125,0.01953125,-0.00390625,-0.001953125,1648.25,52.2,179.6,36.5,29.4,,,,,,,,
2026-09-07 14:58:01.097856,0.50018310546875,0.473876953125,0.51275634765625,0.51220703125,0.03125,-0.265625,-0.015625,0.0078125,-0.005859375,-0.009765625,1650.0,52.2,179.6,35.7,28.6,,,,,,,,
2026-09-07 14:58:01.197685,0.5001220703125,0.4739990234375,0.5123291015625,0.5125732421875,0.109375,-0.16796875,-0.11328125,-0.005859375,-0.005859375,-0.02734375,1650.0,52.2,179.6,35.7,28.6,,,,,,,,
2026-09-07 14:58:01.297476,0.500244140625,0.4742431640625,0.511962890625,0.51263427734375,0.18359375,-0.40234375,-0.07421875,-0.013671875,-0.001953125,-0.009765625,1649.0,52.2,179.6,34.9,29.0,,,,,,,,
2026-09-07 14:58:01.398379,0.50030517578125,0.47442626953125,0.51165771484375,0.5125732421875,0.27734375,0.0703125,-0.10546875,-0.015625,0.0,-0.017578125,1649.0,52.2,179.6,34.9,29.0,,,,,,,,
2026-09-07 14:58:01.606921,0.50054931640625,0.47491455078125,0.51123046875,0.51239013671875,-0.359375,-0.04296875,0.27734375,-0.0078125,0.0,-0.01953125,1653.0,52.2,179.6,35.7,29.8,,,,,,,,
2026-09-07 14:58:01.694624,0.50067138671875,0.47528076171875,0.51092529296875,0.51226806640625,0.0390625,0.11328125,0.078125,0.005859375,-0.001953125,-0.013671875,1651.5,52.2,179.6,36.1,29.8,,,,,,,,
2026-09-07 14:58:01.808765,0.50091552734375,0.47540283203125,0.5107421875,0.51214599609375,-0.06640625,0.1328125,0.09375,-0.013671875,-0.001953125,0.001953125,1651.5,52.2,179.6,36.1,29.8,,,,,,,,
2026-09-07 14:58:01.906549,0.50146484375,0.4755859375,0.5103759765625,0.51171875,-0.07421875,0.15625,0.15234375,0.025390625,-0.001953125,0.001953125,1656.25,52.2,179.6,36.1,30.2,,,,,,,,
2026-09-07 14:58:02.006379,0.5020751953125,0.47607421875,0.50982666015625,0.51123046875,-0.12109375,-0.02734375,0.375,0.021484375,-0.001953125,0.0078125,1656.25,52.2,179.6,36.1,30.2,,,,,,,,
2026-09-07 14:58:02.107915,0.502685546875,0.4761962890625,0.50958251953125,0.5107421875,0.1328125,-0.43359375,-0.0859375,0.0234375,-0.001953125,-0.00390625,1659.25,52.2,179.6,36.5,31.0,,,,,,,,
2026-09-07 14:58:02.206573,0.50323486328125,0.47662353515625,0.50909423828125,0.51025390625,-0.16796875,0.2890625,0.0234375,0.013671875,0.001953125,-0.015625,1659.25,52.2,179.6,36.5,31.0,,,,,,,,
2026-09-07 14:58:02.307569,0.50360107421875,0.4774169921875,0.50836181640625,0.50994873046875,-0.16015625,-0.09375,0.1484375,0.013671875,0.001953125,-0.015625,1661.5,52.2,179.6,37.3,36.5,,,,,,,,
2026-09-07 14:58:02.408881,0.50408935546875,0.47772216796875,0.508056640625,0.50946044921875,0.34765625,-0.32421875,0.046875,0.021484375,-0.001953125,-0.015625,1661.5,52.2,179.6,37.3,36.5,,,,,,,,
2026-09-07 14:58:02.509593,0.5047607421875,0.4779052734375,0.50762939453125,0.50897216796875,-0.015625,0.1640625,0.0234375,0.01953125,0.0,-0.0078125,1668.75,52.8,179.6,40.0,37.6,,,,,,,,
2026-09-07 14:58:02.607871,0.50543212890625,0.47802734375,0.50738525390625,0.50848388671875,-0.0234375,0.32421875,0.078125,0.0,-0.00390625,0.005859375,1668.75,52.8,179.6,40.0,37.6,,,,,,,,
2026-09-07 14:58:02.709906,0.5059814453125,0.477783203125,0.50750732421875,0.50811767578125,0.16015625,-0.01953125,0.15625,0.001953125,0.0,-0.0078125,1665.5,52.8,179.6,39.6,37.6,,,,,,,,
2026-09-07 14:58:02.808579,0.50653076171875,0.47747802734375,0.507568359375,0.50775146484375,0.23046875,0.0234375,-0.15234375,0.009765625,-0.001953125,-0.001953125,1665.5,52.8,179.6,39.6,37.6,,,,,,,,
2026-09-07 14:58:02.908600,0.507080078125,0.4771728515625,0.5076904296875,0.50738525390625,0.15234375,0.21484375,0.1015625,0.001953125,-0.005859375,0.001953125,1666.25,52.8,179.6,39.6,37.3,,,,,,,,
2026-09-07 14:58:03.009146,0.50738525390625,0.47662353515625,0.5079345703125,0.50732421875,0.12890625,-0.31640625,-0.0078125,-0.00390625,-0.00390625,0.0,1666.25,52.8,179.6,39.6,37.3,,,,,,,,
2026-09-07 14:58:03.094114,0.5072021484375,0.47613525390625,0.50830078125,0.50762939453125,-0.23046875,0.45703125,0.0,-0.017578125,-0.001953125,-0.00390625,1675.75,52.8,179.6,39.6,37.3,,,,,,,,
2026-09-07 14:58:03.210737,0.5069580078125,0.47528076171875,0.50897216796875,0.50799560546875,0.13671875,0.14453125,-0.16015625,-0.017578125,-0.001953125,0.00390625,1675.75,52.8,179.6,39.6,37.3,,,,,,,,
2026-09-07 14:58:03.310350,0.50653076171875,0.474365234375,0.5096435546875,0.50860595703125,0.09375,-0.125,-0.0234375,-0.056640625,-0.00390625,0.009765625,1671.75,52.8,179.6,39.6,37.3,,,,,,,,
2026-09-07 14:58:03.409660,0.5057373046875,0.473388671875,0.51043701171875,0.509521484375,-0.0078125,-0.04296875,0.0859375,-0.033203125,-0.005859375,0.00390625,1671.75,52.8,179.6,39.6,37.3,,,,,,,,
2026-09-07 14:58:03.510029,0.50518798828125,0.47259521484375,0.510986328125,0.51025390625,0.0078125,0.03515625,0.12109375,-0.02734375,-0.005859375,-0.001953125,1668.75,52.8,179.6,40.0,37.6,,,,,,,,
2026-09-07 14:58:03.605831,0.504638671875,0.47198486328125,0.51141357421875,0.51092529296875,0.125,-0.69140625,0.08203125,-0.005859375,0.0,-0.0078125,1668.75,52.8,179.6,40.0,37.6,,,,,,,,
2026-09-07 14:58:03.710225,0.50408935546875,0.47186279296875,0.511474609375,0.511474609375,-0.22265625,0.23046875,0.04296875,0.001953125,-0.001953125,-0.009765625,1684.25,52.8,179.6,39.6,37.3,,,,,,,,
2026-09-07 14:58:03.809653,0.50396728515625,0.47216796875,0.51116943359375,0.51165771484375,-0.0234375,-0.82421875,-0.30859375,0.0234375,0.0,-0.025390625,1684.25,52.8,179.6,39.6,37.3,,,,,,,,
2026-09-07 14:58:03.910218,0.5037841796875,0.4725341796875,0.5108642578125,0.5118408203125,-0.16015625,0.50390625,-0.171875,0.009765625,0.005859375,-0.021484375,1682.0,52.8,179.6,39.6,36.5,,,,,,,,
2026-09-07 14:58:04.009270,0.50360107421875,0.47283935546875,0.5106201171875,0.51190185546875,-0.13671875,0.52734375,-0.17578125,-0.001953125,0.0,0.015625,1682.0,52.8,179.6,39.6,36.5,,,,,,,,
2026-09-07 14:58:04.101195,0.50396728515625,0.47247314453125,0.5030517578125,0.51165771484375,0.1015625,0.73046875,-0.0078125,0.005859375,-0.005859375,0.01953125,1684.25,53.4,179.6,38.8,36.5,,,,,,,,
2026-09-07 14:58:04.657938,0.504638671875,0.4720458984375,0.50323486328125,0.51116943359375,0.20703125,0.16796875,0.0078125,0.00390625,-0.001953125,-0.001953125,1685.75,53.4,179.6,38.8,36.5,,,,,,,47.165,313.81
2026-09-07 14:58:04.758879,0.504638671875,0.4720458984375,0.50323486328125,0.51116943359375,0.20703125,0.16796875,0.0078125,0.00390625,-0.001953125,-0.001953125,1696.0,53.4,179.6,38.8,29.0,,,,,,,47.165,313.81
2026-09-07 14:58:04.858919,0.504638671875,0.4720458984375,0.50323486328125,0.51116943359375,0.20703125,0.16796875,0.0078125,0.00390625,-0.001953125,-0.001953125,1696.0,53.4,179.6,38.8,29.0,,,,,,,47.165,313.81
2026-09-07 14:58:04.959070,0.504638671875,0.4720458984375,0.50323486328125,0.51116943359375,0.20703125,0.16796875,0.0078125,0.00390625,-0.001953125,-0.001953125,1692.75,53.4,179.6,30.6,25.9,,,,,,,47.165,313.81
2026-09-07 14:58:05.059094,0.504638671875,0.4720458984375,0.50323486328125,0.51116943359375,0.20703125,0.16796875,0.0078125,0.00390625,-0.001953125,-0.001953125,1692.75,53.4,179.6,30.6,25.9,,,,,,,47.165,313.81
2026-09-07 14:58:05.158425,0.504638671875,0.4720458984375,0.50323486328125,0.51116943359375,0.20703125,0.16796875,0.0078125,0.00390625,-0.001953125,-0.001953125,1692.0,53.4,179.6,29.8,26.7,,,,,,,,
2026-09-07 14:58:05.259705,0.504638671875,0.4720458984375,0.50323486328125,0.51116943359375,0.20703125,0.16796875,0.0078125,0.00390625,-0.001953125,-0.001953125,1692.0,53.4,179.6,29.8,26.7,,,,,,,,
2026-09-07 14:58:05.359603,0.504638671875,0.4720458984375,0.50323486328125,0.51116943359375,0.20703125,0.16796875,0.0078125,0.00390625,-0.001953125,-0.001953125,1703.75,53.4,179.6,30.2,27.1,,,,,,,,
2026-09-07 14:58:05.459679,0.504638671875,0.4720458984375,0.50323486328125,0.51116943359375,0.20703125,0.16796875,0.0078125,0.00390625,-0.001953125,-0.001953125,1703.75,53.4,179.6,30.2,27.1,,,,,,,,
2026-09-07 14:58:05.560190,0.504638671875,0.4720458984375,0.50323486328125,0.51116943359375,0.20703125,0.16796875,0.0078125,0.00390625,-0.001953125,-0.001953125,1699.0,53.4,179.6,29.8,27.5,,,,,,,,
2026-09-07 14:58:05.659333,0.504638671875,0.4720458984375,0.50323486328125,0.51116943359375,0.20703125,0.16796875,0.0078125,0.00390625,-0.001953125,-0.001953125,1699.0,53.4,179.6,29.8,27.5,,,,,,,,
2026-09-07 14:58:05.760498,0.504638671875,0.4720458984375,0.50323486328125,0.51116943359375,0.20703125,0.16796875,0.0078125,0.00390625,-0.001953125,-0.001953125,1700.75,53.4,179.6,31.4,27.8,,,,,,,,
2026-09-07 14:58:05.860771,0.504638671875,0.4720458984375,0.50323486328125,0.51116943359375,0.20703125,0.16796875,0.0078125,0.00390625,-0.001953125,-0.001953125,1700.75,53.4,179.6,31.4,27.8,,,,,,,,
2026-09-07 14:58:05.960599,0.504638671875,0.4720458984375,0.50323486328125,0.51116943359375,0.20703125,0.16796875,0.0078125,0.00390625,-0.001953125,-0.001953125,1703.75,53.4,179.6,31.4,27.8,,,,,,,,
2026-09-07 14:58:06.060479,0.504638671875,0.4720458984375,0.50323486328125,0.51116943359375,0.20703125,0.16796875,0.0078125,0.00390625,-0.001953125,-0.001953125,1703.75,53.4,179.6,31.4,27.8,,,,,,,,
2026-09-07 14:58:06.160641,0.504638671875,0.4720458984375,0.50323486328125,0.51116943359375,0.20703125,0.16796875,0.0078125,0.00390625,-0.001953125,-0.001953125,1705.25,54.1,179.6,31.4,27.5,,,,,,,,
2026-09-07 14:58:06.259894,0.504638671875,0.4720458984375,0.50323486328125,0.51116943359375,0.20703125,0.16796875,0.0078125,0.00390625,-0.001953125,-0.001953125,1705.25,54.1,179.6,31.4,27.5,,,,,,,,
2026-09-07 14:58:06.360350,0.504638671875,0.4720458984375,0.50323486328125,0.51116943359375,0.20703125,0.16796875,0.0078125,0.00390625,-0.001953125,-0.001953125,1707.0,54.1,179.6,31.0,27.5,,,,,,,,
2026-09-07 14:58:06.461298,0.504638671875,0.4720458984375,0.50323486328125,0.51116943359375,0.20703125,0.16796875,0.0078125,0.00390625,-0.001953125,-0.001953125,1707.0,54.1,179.6,31.0,27.5,,,,,,,,
2026-09-07 14:58:06.561285,0.504638671875,0.4720458984375,0.50323486328125,0.51116943359375,0.20703125,0.16796875,0.0078125,0.00390625,-0.001953125,-0.001953125,1704.5,54.1,179.6,31.4,27.5,,,,,,,,
2026-09-07 14:58:08.541774,0.4990234375,0.499755859375,0.500244140625,0.5009765625,-0.0078125,9.56640625,0.11328125,-0.029296875,-0.001953125,-0.001953125,1707.0,54.1,179.6,23.1,24.7,,,,,,,,
2026-09-07 14:58:08.641128,0.49853515625,0.4991455078125,0.50079345703125,0.50152587890625,-0.12109375,9.35546875,0.15234375,-0.0234375,-0.001953125,0.01171875,1707.0,54.1,179.6,23.1,24.7,,,,,,,,
2026-09-07 14:58:08.741027,0.498291015625,0.4986572265625,0.501220703125,0.50177001953125,0.03125,8.66796875,0.22265625,-0.009765625,0.001953125,-0.00390625,1714.75,54.1,179.6,24.7,24.7,,,,,,,,
2026-09-07 14:58:08.841253,0.49774169921875,0.49542236328125,0.50445556640625,0.5023193359375,0.0234375,9.0234375,0.28125,-0.001953125,0.0,-0.009765625,1714.75,54.1,179.6,24.7,24.7,,,,,,,,
2026-09-07 14:58:08.940370,0.4976806640625,0.49407958984375,0.50579833984375,0.50244140625,0.0234375,8.3828125,0.16796875,0.001953125,-0.001953125,0.00390625,1716.25,54.1,179.6,25.1,25.5,,,,,,,,
2026-09-07 14:58:09.040248,0.497802734375,0.49334716796875,0.50640869140625,0.5023193359375,0.20703125,8.30078125,0.3125,-0.0078125,-0.001953125,0.015625,1716.25,54.1,179.6,25.1,25.5,,,,,,,,
2026-09-07 14:58:09.137987,0.497802734375,0.49273681640625,0.50701904296875,0.50238037109375,0.359375,7.19921875,0.09765625,-0.001953125,0.001953125,-0.015625,1711.5,54.1,179.6,26.7,25.5,,,,,,,,
2026-09-07 14:58:09.240769,0.4974365234375,0.4927978515625,0.50689697265625,0.50274658203125,-0.1015625,7.28515625,0.47265625,-0.001953125,-0.001953125,0.009765625,1711.5,54.1,179.6,26.7,25.5,,,,,,,,
2026-09-07 14:58:09.340186,0.497802734375,0.49285888671875,0.5067138671875,0.50250244140625,0.0390625,7.35546875,0.234375,0.013671875,-0.0078125,0.015625,1718.75,54.1,179.6,28.2,27.8,,,,,,,,
2026-09-07 14:58:09.447342,0.49859619140625,0.49273681640625,0.506591796875,0.50201416015625,0.19140625,7.0859375,0.07421875,0.001953125,-0.001953125,0.015625,1718.75,54.1,179.6,28.2,27.8,,,,,,,,
2026-09-07 14:58:09.540062,0.49908447265625,0.49237060546875,0.5067138671875,0.50164794921875,0.328125,6.88671875,-0.0234375,0.0078125,-0.001953125,-0.013671875,1715.5,54.1,179.6,33.7,29.8,,,,,,,,
2026-09-07 14:58:09.634861,0.4989013671875,0.492431640625,0.5067138671875,0.5018310546875,0.21484375,5.81640625,0.12109375,-0.029296875,0.001953125,-0.013671875,1715.5,54.1,179.6,33.7,29.8,,,,,,,,
2026-09-07 14:58:09.748203,0.498046875,0.49212646484375,0.50701904296875,0.502685546875,0.2421875,5.78515625,-0.28515625,-0.0390625,0.0,0.021484375,1721.0,54.1,179.6,34.1,31.0,,,,,,,,
2026-09-07 14:58:09.846724,0.49676513671875,0.490234375,0.5087890625,0.50396728515625,0.234375,6.078125,-0.125,-0.02734375,0.001953125,0.01171875,1721.0,54.1,179.6,34.1,31.0,,,,,,,,
2026-09-07 14:58:09.946633,0.49688720703125,0.48968505859375,0.50927734375,0.50396728515625,0.10546875,5.53125,0.89453125,-0.013671875,0.0,-0.005859375,1714.75,54.1,179.6,34.9,30.6,,,,,,,,
2026-09-07 14:58:10.047017,0.4962158203125,0.48956298828125,0.50958251953125,0.50439453125,-0.3984375,4.7578125,0.87890625,0.009765625,0.001953125,-0.005859375,1714.75,54.1,179.6,34.9,30.6,,,,,,,,
2026-09-07 14:58:10.146666,0.49542236328125,0.4896240234375,0.50970458984375,0.50494384765625,0.08984375,4.31640625,0.546875,0.00390625,-0.001953125,0.0078125,1726.5,54.1,179.6,34.1,27.8,,,,,,,,
2026-09-07 14:58:10.246665,0.49530029296875,0.489501953125,0.5098876953125,0.50506591796875,0.46484375,4.1171875,-0.08984375,-0.025390625,0.00390625,-0.005859375,1726.5,54.1,179.6,34.1,27.8,,,,,,,,
2026-09-07 14:58:10.348066,0.49456787109375,0.48931884765625,0.51019287109375,0.50567626953125,0.45703125,3.39453125,0.01171875,-0.021484375,0.009765625,-0.025390625,1726.5,54.7,179.6,26.3,23.1,,,,,,,,
2026-09-07 14:58:10.455490,0.4932861328125,0.489501953125,0.51019287109375,0.5067138671875,0.04296875,3.3359375,-0.08203125,-0.03515625,0.00390625,-0.005859375,1726.5,54.7,179.6,26.3,23.1,,,,,,,,
2026-09-07 14:58:10.545309,0.49224853515625,0.4891357421875,0.5107421875,0.507568359375,-0.0703125,3.2890625,-0.015625,-0.033203125,0.0,0.009765625,1715.5,54.1,179.6,22.7,23.9,,,,,,,,
2026-09-07 14:58:10.646721,0.491455078125,0.4884033203125,0.511474609375,0.50823974609375,-0.26953125,3.37109375,-0.0234375,-0.025390625,0.001953125,0.015625,1715.5,54.1,179.6,22.7,23.9,,,,,,,,
2026-09-07 14:58:10.756329,0.49114990234375,0.48773193359375,0.51214599609375,0.50848388671875,-0.15625,3.4296875,0.14453125,-0.013671875,-0.001953125,0.013671875,1716.25,54.1,179.6,23.5,25.1,,,,,,,,
2026-09-07 14:58:10.847553,0.4908447265625,0.4873046875,0.5126953125,0.5086669921875,0.1796875,2.39453125,0.30859375,-0.005859375,0.005859375,0.00390625,1716.25,54.1,179.6,23.5,25.1,,,,,,,,
2026-09-07 14:58:10.955690,0.49066162109375,0.4874267578125,0.51275634765625,0.50872802734375,-0.1640625,2.9140625,-0.0390625,0.001953125,0.00390625,0.005859375,1726.5,54.1,179.6,24.7,25.1,,,,,,,,
2026-09-07 14:58:11.046645,0.490966796875,0.487060546875,0.51318359375,0.50830078125,-0.1328125,2.3828125,0.10546875,0.00390625,0.0,0.009765625,1726.5,54.1,179.6,24.7,25.1,,,,,,,,
2026-09-07 14:58:11.144719,0.4912109375,0.48663330078125,0.51361083984375,0.508056640625,-0.0546875,2.44921875,0.09765625,-0.001953125,0.0,0.0078125,1717.0,54.1,179.6,25.1,25.9,,,,,,,,
2026-09-07 14:58:11.256361,0.49139404296875,0.486328125,0.51385498046875,0.50787353515625,-0.02734375,2.515625,-0.0625,-0.009765625,0.0,0.00390625,1717.0,54.1,179.6,25.1,25.9,,,,,,,,
2026-09-07 14:58:11.354168,0.49139404296875,0.4862060546875,0.5140380859375,0.50787353515625,-0.02734375,1.828125,0.12109375,-0.01171875,0.0,0.00390625,1718.75,54.1,179.6,28.6,29.8,,,,,,,,
2026-09-07 14:58:11.454977,0.4912109375,0.4859619140625,0.51422119140625,0.50799560546875,0.171875,1.3125,0.26953125,0.001953125,0.001953125,-0.005859375,1718.75,54.1,179.6,28.6,29.8,,,,,,,,
2026-09-07 14:58:11.555255,0.490966796875,0.486328125,0.5140380859375,0.5081787109375,0.21875,0.95703125,-0.015625,0.01171875,0.00390625,-0.015625,1726.5,54.1,179.6,38.0,38.4,,,,,,,,
2026-09-07 14:58:11.635647,0.490478515625,0.486572265625,0.51397705078125,0.5084228515625,0.14453125,1.03125,-0.015625,0.005859375,0.00390625,-0.01953125,1726.5,54.1,179.6,38.0,38.4,,,,,,,,
2026-09-07 14:58:11.757521,0.48992919921875,0.48602294921875,0.5147705078125,0.5086669921875,0.1796875,1.28515625,-0.17578125,-0.001953125,0.00390625,0.001953125,1721.0,54.7,179.6,40.8,40.0,,,,,,,,
2026-09-07 14:58:11.854732,0.489990234375,0.48577880859375,0.51519775390625,0.5084228515625,0.13671875,1.328125,0.23828125,0.00390625,0.001953125,0.005859375,1721.0,54.7,179.6,40.8,40.0,,,,,,,,
2026-09-07 14:58:11.954725,0.4903564453125,0.4859619140625,0.51513671875,0.50799560546875,0.2890625,1.125,0.28125,0.017578125,0.00390625,-0.00390625,1742.75,54.7,179.6,42.0,39.6,,,,,,,,
2026-09-07 14:58:12.054473,0.491943359375,0.48284912109375,0.51824951171875,0.5062255859375,-0.01953125,0.1171875,-0.0390625,0.015625,0.005859375,-0.013671875,1742.75,54.7,179.6,42.0,39.6,,,,,,,,
2026-09-07 14:58:12.142478,0.4918212890625,0.48284912109375,0.51837158203125,0.50616455078125,-0.09765625,-0.0078125,-0.015625,0.00390625,0.00390625,-0.005859375,1759.25,54.7,179.6,42.0,39.2,,,,,,,,
2026-09-07 14:58:12.257168,0.4923095703125,0.4825439453125,0.5189208984375,0.5054931640625,0.1328125,0.0546875,-0.046875,-0.001953125,0.001953125,-0.001953125,1759.25,54.7,179.6,42.0,39.2,,,,,,,,
2026-09-07 14:58:12.355116,0.4923095703125,0.48248291015625,0.5191650390625,0.5052490234375,0.0,0.1171875,0.015625,0.0,0.00390625,-0.015625,1751.5,54.7,179.6,41.2,38.4,,,,,,,,
2026-09-07 14:58:12.454987,0.49188232421875,0.48236083984375,0.51971435546875,0.5052490234375,-0.05078125,-0.4453125,0.22265625,0.015625,0.015625,-0.015625,1751.5,54.7,179.6,41.2,38.4,,,,,,,,
2026-09-07 14:58:12.556074,0.49127197265625,0.48260498046875,0.52008056640625,0.5052490234375,0.30078125,-0.25390625,-0.18359375,-0.009765625,0.017578125,-0.009765625,1758.5,54.7,179.6,40.8,38.8,,,,,,,,
2026-09-07 14:58:12.641134,0.49053955078125,0.482421875,0.52056884765625,0.50555419921875,-0.390625,0.20703125,0.48828125,-0.037109375,0.013671875,0.005859375,1758.5,54.7,179.6,40.8,38.8,,,,,,,,
2026-09-07 14:58:12.756975,0.48895263671875,0.4814453125,0.5224609375,0.506103515625,0.1484375,0.55078125,-0.0234375,-0.037109375,0.013671875,0.001953125,1760.75,54.7,179.6,40.8,38.8,,,,,,,,
2026-09-07 14:58:12.855393,0.48809814453125,0.481201171875,0.5233154296875,0.50634765625,0.33203125,0.046875,-0.0546875,-0.03515625,0.017578125,-0.01171875,1760.75,54.7,179.6,40.8,38.8,,,,,,,,
2026-09-07 14:58:12.955373,0.48724365234375,0.48150634765625,0.52386474609375,0.50628662109375,0.0,-0.375,-0.109375,-0.025390625,0.01953125,-0.015625,1765.5,54.7,177.8,40.8,38.8,,,,,,,,
2026-09-07 14:58:13.055066,0.4864501953125,0.48175048828125,0.52447509765625,0.50616455078125,0.171875,-0.296875,-0.31640625,-0.0234375,0.01953125,-0.005859375,1765.5,54.7,177.8,40.8,38.8,,,,,,,,
2026-09-07 14:58:13.155740,0.48919677734375,0.48236083984375,0.52459716796875,0.5028076171875,-0.3125,0.53125,0.0,-0.0234375,0.015625,0.005859375,1767.0,54.7,177.8,40.8,38.8,,,,,,,,
2026-09-07 14:58:13.255098,0.49102783203125,0.48309326171875,0.524658203125,0.50030517578125,-0.20703125,0.20703125,-0.11328125,-0.01171875,0.015625,0.0078125,1767.0,54.7,177.8,40.8,38.8,,,,,,,,
2026-09-07 14:58:13.355202,0.4910888671875,0.48382568359375,0.5247802734375,0.49932861328125,0.0390625,0.0703125,-0.11328125,0.015625,0.017578125,-0.005859375,1775.0,55.3,179.6,40.8,38.8,,,,,,,,
2026-09-07 14:58:13.457507,0.49127197265625,0.48492431640625,0.52471923828125,0.49810791015625,-0.13671875,-0.20703125,0.15234375,0.01953125,0.0234375,-0.0078125,1775.0,55.3,179.6,40.8,38.8,,,,,,,,
2026-09-07 14:58:13.557050,0.49163818359375,0.48602294921875,0.52484130859375,0.49664306640625,0.0546875,0.125,-0.28125,0.009765625,0.021484375,0.0,1772.5,55.3,177.8,40.8,38.8,,,,,,,,
2026-09-07 14:58:13.656486,0.49188232421875,0.48681640625,0.525146484375,0.4952392578125,0.0625,0.21484375,-0.3125,0.00390625,0.021484375,0.0,1772.5,55.3,177.8,40.8,38.8,,,,,,,,
2026-09-07 14:58:13.757034,0.4923095703125,0.48773193359375,0.5252685546875,0.4937744140625,0.0234375,0.0234375,-0.33984375,-0.00390625,0.0234375,0.0078125,1777.25,55.3,177.8,41.2,38.8,,,,,,,,
2026-09-07 14:58:13.852357,0.49298095703125,0.4892578125,0.52484130859375,0.4920654296875,0.12890625,-0.25390625,-0.21875,-0.013671875,0.0234375,-0.005859375,1777.25,55.3,177.8,41.2,38.8,,,,,,,,
2026-09-07 14:58:13.953096,0.49322509765625,0.490478515625,0.52484130859375,0.4906005859375,-0.0859375,0.13671875,0.1875,-0.025390625,0.025390625,0.005859375,1784.25,55.3,177.8,41.6,39.6,,,,,,,,
2026-09-07 14:58:14.053466,0.49310302734375,0.4910888671875,0.52545166015625,0.48944091796875,-0.03125,0.12109375,-0.1171875,0.00390625,0.025390625,0.0078125,1784.25,55.3,177.8,41.6,39.6,,,,,,,,
2026-09-07 14:58:14.154031,0.49298095703125,0.49224853515625,0.52557373046875,0.48828125,-0.0390625,-0.16796875,-0.140625,0.0,0.0234375,0.013671875,1787.5,55.3,177.8,41.6,39.6,,,,,,,,
2026-09-07 14:58:14.254148,0.49224853515625,0.4937744140625,0.52545166015625,0.48760986328125,0.0234375,-0.08203125,-0.29296875,0.009765625,0.02734375,-0.009765625,1787.5,55.3,177.8,41.6,39.6,,,,,,,,
2026-09-07 14:58:14.354361,0.491455078125,0.4949951171875,0.52569580078125,0.4869384765625,-0.1015625,-0.1484375,-0.26953125,-0.009765625,0.03125,-0.013671875,1785.75,55.3,179.6,41.6,39.2,,,,,,,,
2026-09-07 14:58:14.454453,0.4912109375,0.4957275390625,0.5262451171875,0.48577880859375,-0.0625,0.47265625,0.08984375,-0.0078125,0.02734375,0.0,1785.75,55.3,179.6,41.6,39.2,,,,,,,,
2026-09-07 14:58:14.554635,0.4918212890625,0.49664306640625,0.52655029296875,0.48394775390625,0.1328125,0.29296875,0.05078125,0.02734375,0.021484375,0.021484375,1789.0,55.3,177.8,42.0,39.6,,,,,,,,
2026-09-07 14:58:14.654529,0.49188232421875,0.49822998046875,0.52630615234375,0.48248291015625,0.13671875,-0.12890625,-0.0625,0.01953125,0.02734375,-0.001953125,1789.0,55.3,177.8,42.0,39.6,,,,,,,,
2026-09-07 14:58:14.754422,0.49151611328125,0.499755859375,0.5262451171875,0.4813232421875,0.0234375,-0.1796875,-0.37109375,0.013671875,0.033203125,-0.021484375,1792.0,55.9,179.6,41.2,38.0,,,,,,,,
2026-09-07 14:58:14.854821,0.49169921875,0.5013427734375,0.526123046875,0.47967529296875,-0.03125,0.05078125,0.08203125,0.04296875,0.02734375,-0.0078125,1792.0,55.9,179.6,41.2,38.0,,,,,,,,
2026-09-07 14:58:14.954245,0.4915771484375,0.502685546875,0.5262451171875,0.47821044921875,0.0546875,-0.03515625,0.17578125,0.021484375,0.03125,-0.0078125,1777.25,55.9,179.6,35.3,27.8,,,,,,,,
2026-09-07 14:58:15.048506,0.49114990234375,0.50384521484375,0.52655029296875,0.47711181640625,-0.0078125,0.07421875,-0.3046875,0.0078125,0.03515625,-0.0078125,1777.25,55.9,179.6,35.3,27.8,,,,,,,,
2026-09-07 14:58:15.154938,0.490966796875,0.505615234375,0.52618408203125,0.475830078125,0.0703125,-0.08203125,-0.14453125,-0.01171875,0.02734375,-0.009765625,1764.75,55.9,179.6,26.7,23.9,,,,,,,,
2026-09-07 14:58:15.254104,0.49078369140625,0.5076904296875,0.5255126953125,0.474609375,0.0390625,0.203125,-0.10546875,-0.01171875,0.02734375,0.0078125,1764.75,55.9,179.6,26.7,23.9,,,,,,,,
2026-09-07 14:58:15.354544,0.49041748046875,0.50958251953125,0.52484130859375,0.4736328125,-0.3046875,0.3671875,0.25390625,-0.015625,0.03125,0.0,1774.0,55.9,179.6,25.1,24.7,,,,,,,,
2026-09-07 14:58:15.454569,0.48974609375,0.51055908203125,0.5250244140625,0.47308349609375,0.01171875,-0.22265625,0.53125,-0.00390625,0.0234375,0.0078125,1774.0,55.9,179.6,25.1,24.7,,,,,,,,
2026-09-07 14:58:15.546568,0.4892578125,0.5113525390625,0.52508544921875,0.47271728515625,-0.00390625,0.16015625,0.44921875,0.021484375,0.01953125,0.001953125,1772.5,55.9,179.6,25.1,26.3,,,,,,,,
2026-09-07 14:58:15.655218,0.48712158203125,0.51214599609375,0.52508544921875,0.4739990234375,0.01953125,-0.4765625,0.1953125,0.015625,0.013671875,0.00390625,1772.5,55.9,179.6,25.1,26.3,,,,,,,,
2026-09-07 14:58:15.754101,0.48480224609375,0.5126953125,0.5255126953125,0.47540283203125,0.21875,-0.52734375,-0.04296875,0.005859375,0.021484375,-0.021484375,1768.75,55.9,179.6,28.2,28.2,,,,,,,,
2026-09-07 14:58:15.854684,0.48297119140625,0.512939453125,0.5262451171875,0.47613525390625,-0.01953125,-0.48828125,-0.0859375,-0.01171875,0.01953125,-0.025390625,1768.75,55.9,179.6,28.2,28.2,,,,,,,,
2026-09-07 14:58:15.954576,0.48162841796875,0.5128173828125,0.5272216796875,0.4765625,0.01953125,0.15625,-0.1640625,-0.0234375,0.021484375,-0.01171875,1776.5,55.9,179.6,34.5,30.2,,,,,,,,
2026-09-07 14:58:16.046777,0.480712890625,-1.48724365234375,-1.471923828125,0.4765625,-0.06640625,0.01171875,0.40234375,-0.021484375,0.015625,0.001953125,1776.5,55.9,179.6,34.5,30.2,,,,,,,,
2026-09-07 14:58:16.154219,0.4801025390625,0.51275634765625,0.5289306640625,0.47625732421875,0.01953125,0.26953125,0.234375,-0.009765625,0.021484375,0.005859375,1775.75,55.9,179.6,34.1,29.0,,,,,,,,
2026-09-07 14:58:16.255215,0.47943115234375,0.512451171875,0.530029296875,0.4759521484375,-0.140625,0.1484375,0.0546875,-0.00390625,0.013671875,0.005859375,1775.75,55.9,179.6,34.1,29.0,,,,,,,,
2026-09-07 14:58:16.356012,0.4786376953125,0.51220703125,0.5311279296875,0.47589111328125,0.04296875,-0.0078125,-0.296875,-0.0078125,0.01953125,0.001953125,1784.25,56.5,179.6,34.1,28.6,,,,,,,,
2026-09-07 14:58:16.454824,0.4775390625,0.51202392578125,0.53216552734375,0.47601318359375,0.0859375,0.26953125,-0.265625,-0.0234375,0.01953125,-0.00390625,1784.25,56.5,179.6,34.1,28.6,,,,,,,,
2026-09-07 14:58:16.555064,0.4769287109375,0.51177978515625,0.53326416015625,0.47564697265625,-0.21875,-0.296875,0.70703125,0.015625,0.013671875,0.001953125,1786.5,56.5,179.6,34.1,29.0,,,,,,,,
2026-09-07 14:58:16.648244,0.476318359375,0.51190185546875,0.53399658203125,0.475341796875,-0.16015625,-0.375,0.09375,0.00390625,0.013671875,0.0,1786.5,56.5,179.6,34.1,29.0,,,,,,,,
2026-09-07 14:58:16.755651,0.475830078125,0.51220703125,0.5345458984375,0.474853515625,-0.234375,0.1171875,-0.05859375,0.017578125,0.017578125,-0.0078125,1789.0,56.5,179.6,34.1,29.0,,,,,,,,
2026-09-07 14:58:16.852530,0.4757080078125,0.512451171875,0.53466796875,0.47454833984375,-0.265625,0.25390625,-0.15234375,0.03515625,0.015625,-0.009765625,1789.0,56.5,179.6,34.1,29.0,,,,,,,,
2026-09-07 14:58:16.952815,0.4754638671875,0.51263427734375,0.53515625,0.4739990234375,-0.13671875,0.15625,-0.328125,0.02734375,0.013671875,-0.005859375,1797.5,56.5,179.6,34.1,29.4,,,,,,,,
2026-09-07 14:58:17.051953,0.47479248046875,-1.48736572265625,0.53570556640625,0.47418212890625,-0.12890625,0.515625,-0.24609375,-0.0078125,0.005859375,-0.00390625,1797.5,56.5,179.6,34.1,29.4,,,,,,,,
2026-09-07 14:58:17.152591,0.4739990234375,0.51202392578125,0.53643798828125,0.4747314453125,0.01953125,0.1953125,0.09765625,-0.009765625,0.0,0.005859375,1800.0,56.5,179.6,34.5,29.4,,,,,,,,
2026-09-07 14:58:17.252587,0.47332763671875,0.51177978515625,0.537109375,0.4749755859375,0.01953125,0.1328125,0.08203125,-0.001953125,0.009765625,0.01171875,1800.0,56.5,179.6,34.5,29.4,,,,,,,,
2026-09-07 14:58:17.353064,0.4727783203125,0.5120849609375,0.5374755859375,0.47479248046875,0.1171875,-0.05078125,-0.22265625,0.00390625,0.015625,0.0,1800.75,57.2,179.6,34.1,28.6,,,,,,,,
2026-09-07 14:58:17.452734,0.47222900390625,0.5120849609375,0.5382080078125,0.4744873046875,0.1328125,0.2109375,-0.0546875,-0.001953125,0.015625,0.005859375,1800.75,57.2,179.6,34.1,28.6,,,,,,,,
2026-09-07 14:58:17.547867,0.47174072265625,0.5118408203125,0.53924560546875,0.4739990234375,0.1484375,0.35546875,-0.078125,0.017578125,0.009765625,0.0078125,1810.0,57.2,179.6,32.5,27.5,,,,,,,,
2026-09-07 14:58:17.652831,0.471435546875,0.5115966796875,0.539794921875,0.4739990234375,-0.11328125,0.3359375,-0.0078125,-0.01171875,0.009765625,0.001953125,1810.0,57.2,179.6,32.5,27.5,,,,,,,,
2026-09-07 14:58:17.752241,0.470703125,0.510986328125,0.5408935546875,0.47406005859375,-0.1953125,-0.2265625,0.23046875,-0.017578125,0.01171875,-0.001953125,1810.0,57.2,179.6,25.9,24.7,,,,,,,,
2026-09-07 14:58:17.852271,0.47003173828125,0.510986328125,0.54144287109375,0.47412109375,0.05078125,-0.64453125,0.12890625,-0.001953125,0.013671875,-0.0234375,1810.0,57.2,179.6,25.9,24.7,,,,,,,,
2026-09-07 14:58:17.952456,0.4693603515625,0.51153564453125,0.54156494140625,0.47412109375,-0.2578125,0.11328125,-0.0078125,0.01171875,0.013671875,-0.009765625,1811.5,57.2,179.6,24.7,24.3,,,,,,,,
2026-09-07 14:58:18.046930,0.4686279296875,0.51165771484375,0.5421142578125,-1.5260009765625,0.02734375,-0.26953125,0.17578125,-0.013671875,0.015625,0.005859375,1811.5,57.2,179.6,24.7,24.3,,,,,,,,
2026-09-07 14:58:18.160197,0.468017578125,0.51226806640625,0.54241943359375,0.4736328125,0.2578125,0.20703125,-0.47265625,-0.013671875,0.01953125,0.001953125,1810.75,57.2,179.6,23.9,23.9,,,,,,,,
2026-09-07 14:58:18.251404,0.466552734375,0.51318359375,0.5426025390625,0.473876953125,-0.0859375,-0.50390625,-0.08984375,-0.009765625,0.021484375,-0.00390625,1810.75,57.2,179.6,23.9,23.9,,,,,,,,
2026-09-07 14:58:18.352523,0.46551513671875,0.51434326171875,0.54248046875,0.4737548828125,0.01953125,-0.53125,0.2265625,-0.00390625,0.01953125,-0.025390625,1814.75,57.2,179.6,22.7,23.9,,,,,,,,
2026-09-07 14:58:18.452218,0.46478271484375,0.5155029296875,0.54229736328125,0.47344970703125,-0.1171875,-0.03515625,0.1640625,0.00390625,0.01953125,-0.009765625,1814.75,57.2,179.6,22.7,23.9,,,,,,,,
2026-09-07 14:58:18.559801,0.46405029296875,0.51617431640625,0.54254150390625,0.47320556640625,-0.0859375,-0.08984375,0.078125,-0.009765625,0.015625,0.005859375,1814.75,57.2,179.6,22.7,23.9,,,,,,,,
2026-09-07 14:58:18.651673,0.463623046875,0.51751708984375,0.54205322265625,0.47259521484375,-0.0859375,0.30859375,-0.16796875,0.013671875,0.017578125,0.005859375,1814.75,57.2,179.6,22.7,23.9,,,,,,,,
2026-09-07 14:58:18.760521,0.46343994140625,0.51861572265625,0.5418701171875,0.47186279296875,0.328125,-0.53125,-0.01953125,0.009765625,0.01953125,0.005859375,1816.25,57.2,179.6,22.7,24.3,,,,,,,,
2026-09-07 14:58:18.851524,0.4630126953125,0.5198974609375,0.54156494140625,0.47119140625,-0.0625,-0.08203125,0.0546875,0.0078125,0.0234375,-0.017578125,1816.25,57.2,179.6,22.7,24.3,,,,,,,,
2026-09-07 14:58:18.960045,0.46246337890625,0.5211181640625,0.54132080078125,0.470703125,-0.0390625,-0.1484375,0.125,0.009765625,0.01953125,-0.009765625,1814.0,57.2,179.6,20.0,22.7,,,,,,,,
2026-09-07 14:58:19.046887,0.46234130859375,0.5224609375,0.5408935546875,0.46978759765625,-0.26171875,0.55859375,0.109375,0.02734375,0.015625,0.001953125,1814.0,57.2,179.6,20.0,22.7,,,,,,,,
2026-09-07 14:58:19.159832,0.46258544921875,0.52362060546875,0.54052734375,0.46868896484375,-0.14453125,0.72265625,-0.1484375,0.0078125,0.015625,0.015625,1823.25,57.8,179.6,19.6,22.7,,,,,,,,
2026-09-07 14:58:19.259198,0.46282958984375,0.52435302734375,0.54052734375,0.46759033203125,-0.0234375,-0.0703125,0.05078125,0.03125,0.013671875,0.015625,1823.25,57.8,179.6,19.6,22.7,,,,,,,,
2026-09-07 14:58:19.359528,0.46319580078125,0.52471923828125,0.5408935546875,0.4664306640625,0.015625,0.1796875,-0.1171875,0.03125,0.013671875,0.015625,1824.0,57.8,179.6,19.6,22.7,,,,,,,,
2026-09-07 14:58:19.460609,0.46337890625,0.5255126953125,0.54071044921875,0.465576171875,0.13671875,-0.01171875,0.03515625,0.03125,0.01171875,-0.001953125,1824.0,57.8,179.6,19.6,22.7,,,,,,,,
2026-09-07 14:58:19.561189,0.4635009765625,0.526123046875,0.54071044921875,0.4647216796875,0.12109375,0.2890625,-0.29296875,0.013671875,0.01171875,0.001953125,1831.25,57.8,179.6,19.6,22.7,,,,,,,,
2026-09-07 14:58:19.647030,0.46331787109375,0.52630615234375,0.54132080078125,0.4639892578125,-0.00390625,-0.1328125,0.02734375,0.01171875,0.015625,0.00390625,1831.25,57.8,179.6,19.6,22.7,,,,,,,,
2026-09-07 14:58:19.763665,0.4632568359375,0.52691650390625,0.54150390625,0.463134765625,0.05859375,0.15234375,-0.125,0.00390625,0.013671875,0.013671875,1828.75,57.8,179.6,19.6,22.7,,,,,,,,
2026-09-07 14:58:19.861227,0.46343994140625,0.52783203125,0.54132080078125,0.46209716796875,-0.03125,0.3671875,0.21875,0.013671875,0.013671875,0.01953125,1828.75,57.8,179.6,19.6,22.7,,,,,,,,
2026-09-07 14:58:19.960741,0.4637451171875,0.52838134765625,0.5413818359375,0.46112060546875,-0.03125,0.08984375,0.08203125,0.013671875,0.009765625,0.015625,1833.5,57.8,179.6,19.6,22.7,,,,,,,,
2026-09-07 14:58:20.060142,0.46380615234375,0.52880859375,0.54150390625,0.46044921875,0.01953125,0.25,0.11328125,-0.013671875,0.009765625,0.017578125,1833.5,57.8,179.6,19.6,22.7,,,,,,,,
2026-09-07 14:58:20.155254,0.4635009765625,0.529052734375,0.5418701171875,0.4600830078125,-0.109375,0.05859375,-0.046875,-0.025390625,0.013671875,0.00390625,1832.0,57.8,179.6,17.6,21.2,,,,,,,,
2026-09-07 14:58:20.261610,0.4627685546875,0.5289306640625,0.5426025390625,0.46002197265625,-0.140625,-0.31640625,-0.0625,-0.01171875,0.013671875,0.01171875,1832.0,57.8,179.6,17.6,21.2,,,,,,,,
2026-09-07 14:58:20.362728,0.462158203125,0.52911376953125,0.54302978515625,0.4599609375,0.25,-0.8359375,0.14453125,0.001953125,0.013671875,-0.017578125,1831.25,57.8,179.6,16.1,21.2,,,,,,,,
2026-09-07 14:58:20.462363,0.46112060546875,0.52996826171875,0.5428466796875,0.46026611328125,-0.375,-0.19140625,0.02734375,0.013671875,0.015625,-0.017578125,1831.25,57.8,179.6,16.1,21.2,,,,,,,,
2026-09-07 14:58:20.561840,0.46038818359375,0.5308837890625,0.54254150390625,0.4603271484375,-0.11328125,-0.2109375,0.04296875,0.017578125,0.01171875,-0.005859375,1835.0,57.8,179.6,16.1,21.2,,,,,,,,
2026-09-07 14:58:20.656537,0.45989990234375,0.53131103515625,0.5426025390625,0.46014404296875,-0.23828125,0.5625,-0.1640625,0.025390625,0.0078125,0.00390625,1835.0,57.8,179.6,16.1,21.2,,,,,,,,
2026-09-07 14:58:20.763079,0.4593505859375,0.53173828125,0.54266357421875,0.46014404296875,-0.03125,0.62109375,0.2265625,0.0234375,0.00390625,0.017578125,1835.75,57.8,179.6,16.1,21.2,,,,,,,,
2026-09-07 14:58:20.861889,0.4591064453125,0.5318603515625,0.54290771484375,0.4599609375,-0.046875,0.640625,-0.11328125,0.025390625,0.00390625,0.015625,1835.75,57.8,179.6,16.1,21.2,,,,,,,,
2026-09-07 14:58:20.961962,0.4588623046875,0.5318603515625,0.5433349609375,0.4598388671875,0.16015625,-0.06640625,-0.171875,-0.01171875,0.0078125,0.02734375,1832.0,57.8,179.6,15.3,20.0,,,,,,,,
2026-09-07 14:58:21.061544,0.45819091796875,0.53125,0.5443115234375,0.46002197265625,0.40625,-0.48046875,0.1171875,-0.0234375,0.001953125,0.0078125,1832.0,57.8,179.6,15.3,20.0,,,,,,,,
2026-09-07 14:58:21.161845,0.45684814453125,0.5311279296875,0.544677734375,0.4610595703125,0.0234375,-0.546875,0.29296875,-0.0390625,0.001953125,-0.013671875,1834.25,57.8,179.6,12.9,20.0,,,,,,,,
2026-09-07 14:58:21.261549,0.45550537109375,0.53094482421875,0.54473876953125,0.46246337890625,-0.06640625,-0.25390625,-0.10546875,-0.009765625,-0.001953125,-0.017578125,1834.25,57.8,179.6,12.9,20.0,,,,,,,,
2026-09-07 14:58:21.362267,0.45367431640625,0.53009033203125,0.54534912109375,0.46453857421875,0.015625,-0.703125,0.48828125,0.001953125,-0.00390625,-0.01953125,1832.75,57.8,179.6,12.9,19.6,,,,,,,,
2026-09-07 14:58:21.462248,0.451416015625,0.52947998046875,0.5457763671875,0.46685791015625,-0.2265625,-0.59375,0.40234375,0.033203125,-0.001953125,-0.021484375,1832.75,57.8,179.6,12.9,19.6,,,,,,,,
2026-09-07 14:58:21.561743,0.4495849609375,0.5291748046875,0.5458984375,0.46881103515625,-0.02734375,0.03515625,-0.01953125,0.04296875,-0.00390625,0.00390625,1829.5,57.8,179.6,9.8,17.6,,,,,,,,
2026-09-07 14:58:21.661610,0.44805908203125,0.5286865234375,0.54632568359375,0.470458984375,0.03515625,0.37890625,0.1484375,0.01171875,-0.009765625,0.01953125,1829.5,57.8,179.6,9.8,17.6,,,,,,,,
2026-09-07 14:58:21.763306,0.4466552734375,0.52764892578125,0.54681396484375,0.4722900390625,-0.01171875,0.75,-0.00390625,0.009765625,-0.01953125,0.02734375,1839.0,57.8,179.6,9.4,18.8,,,,,,,,
2026-09-07 14:58:21.862538,0.4456787109375,0.5263671875,0.5472412109375,0.47412109375,0.12890625,0.5625,-0.12890625,-0.00390625,-0.015625,0.029296875,1839.0,57.8,179.6,9.4,18.8,,,,,,,,
2026-09-07 14:58:21.962404,0.44482421875,0.52520751953125,0.5477294921875,0.47564697265625,0.05859375,-0.3203125,0.109375,0.001953125,-0.009765625,0.0,1838.25,57.8,179.6,12.2,20.0,,,,,,,,
2026-09-07 14:58:22.061550,0.444580078125,0.52459716796875,0.54791259765625,0.476318359375,0.0703125,-0.10546875,-0.5703125,0.013671875,0.0,0.0078125,1838.25,57.8,179.6,12.2,20.0,,,,,,,,
2026-09-07 14:58:22.163315,0.44464111328125,0.52435302734375,0.54815673828125,0.476318359375,0.19921875,-0.3515625,-0.1875,0.0,0.001953125,0.00390625,1832.0,57.8,179.6,14.1,20.8,,,,,,,,
2026-09-07 14:58:22.270314,0.4447021484375,0.5242919921875,0.54840087890625,0.47601318359375,0.0546875,-0.203125,-0.3359375,-0.025390625,0.0078125,-0.021484375,1832.0,57.8,179.6,14.1,20.8,,,,,,,,
2026-09-07 14:58:22.363104,0.4444580078125,0.52520751953125,0.54791259765625,0.475830078125,0.03125,-0.44921875,-0.328125,-0.0078125,0.0078125,-0.015625,1835.75,57.8,177.8,14.1,20.0,,,,,,,,
2026-09-07 14:58:22.469801,0.444580078125,0.52569580078125,0.54754638671875,0.47564697265625,-0.14453125,-0.23046875,0.31640625,0.015625,-0.001953125,-0.029296875,1835.75,57.8,177.8,14.1,20.0,,,,,,,,
2026-09-07 14:58:22.554708,0.4454345703125,0.52764892578125,0.54559326171875,0.47491455078125,-0.3125,0.125,0.11328125,0.029296875,0.0,-0.017578125,1832.0,57.8,177.8,12.2,20.0,,,,,,,,
2026-09-07 14:58:22.671888,0.44598388671875,0.52825927734375,0.544921875,0.4744873046875,0.05078125,0.171875,0.3515625,0.05859375,0.0,0.00390625,1832.0,57.8,177.8,12.2,20.0,,,,,,,,
2026-09-07 14:58:22.770398,0.44757080078125,0.52996826171875,0.5433349609375,0.472900390625,0.0859375,0.34375,0.0546875,0.02734375,-0.00390625,0.001953125,1833.5,57.8,177.8,13.7,20.8,,,,,,,,
2026-09-07 14:58:22.870398,0.44818115234375,0.53045654296875,0.542724609375,0.47247314453125,-0.12890625,0.38671875,0.0390625,0.0234375,-0.0078125,0.013671875,1833.5,57.8,177.8,13.7,20.8,,,,,,,,
2026-09-07 14:58:22.959996,0.4490966796875,0.53057861328125,0.54229736328125,0.47198486328125,-0.14453125,0.73046875,-0.26171875,0.025390625,-0.009765625,0.01953125,1836.5,57.8,177.8,15.3,20.8,,,,,,,,
2026-09-07 14:58:23.068371,0.44964599609375,0.53057861328125,0.5421142578125,0.47161865234375,0.0234375,0.234375,-0.14453125,-0.03125,0.0,0.02734375,1836.5,57.8,177.8,15.3,20.8,,,,,,,,
2026-09-07 14:58:23.160083,0.45037841796875,0.52960205078125,0.54296875,0.47100830078125,0.19921875,0.32421875,-0.37890625,-0.01171875,0.0,0.013671875,1840.5,57.8,177.8,15.3,21.2,,,,,,,,
2026-09-07 14:58:23.260623,0.45050048828125,0.52923583984375,0.5433349609375,0.470947265625,0.1015625,0.31640625,0.078125,-0.00390625,0.0,-0.005859375,1840.5,57.8,177.8,15.3,21.2,,,,,,,,
2026-09-07 14:58:23.360562,0.450927734375,0.52874755859375,0.5438232421875,0.47052001953125,0.14453125,-0.34375,0.0625,-0.001953125,0.00390625,-0.00390625,1838.25,58.4,177.8,15.7,21.2,,,,,,,,
2026-09-07 14:58:23.460798,0.45050048828125,0.52862548828125,0.54412841796875,0.4705810546875,-0.359375,-0.53515625,0.5078125,0.015625,0.001953125,-0.005859375,1838.25,58.4,177.8,15.7,21.2,,,,,,,,
2026-09-07 14:58:23.556744,0.45098876953125,0.52886962890625,0.5440673828125,0.469970703125,-0.11328125,-0.4453125,0.24609375,0.01171875,0.001953125,-0.00390625,1841.25,57.8,177.8,15.7,21.2,,,,,,,,
2026-09-07 14:58:23.656614,0.45172119140625,0.52923583984375,0.54376220703125,0.46923828125,0.015625,0.24609375,-0.08203125,0.015625,0.001953125,0.001953125,1841.25,57.8,177.8,15.7,21.2,,,,,,,,
2026-09-07 14:58:23.759961,0.45233154296875,0.53021240234375,0.54290771484375,0.468505859375,-0.0546875,-0.47265625,0.15625,0.033203125,0.001953125,-0.001953125,1837.5,57.8,179.6,15.7,21.2,,,,,,,,
2026-09-07 14:58:23.860664,0.45306396484375,0.5311279296875,0.5421142578125,0.46771240234375,0.0390625,0.1953125,-0.2265625,0.021484375,0.001953125,0.009765625,1837.5,57.8,179.6,15.7,21.2,,,,,,,,
2026-09-07 14:58:23.960548,0.45361328125,0.5316162109375,0.54168701171875,0.46710205078125,0.0390625,0.25,-0.25,-0.005859375,-0.001953125,0.017578125,1839.0,58.4,177.8,15.7,21.2,,,,,,,,
2026-09-07 14:58:24.060350,0.4537353515625,0.53179931640625,0.54156494140625,0.4669189453125,-0.25390625,0.5078125,0.05078125,-0.009765625,0.0,-0.005859375,1839.0,58.4,177.8,15.7,21.2,,,,,,,,
2026-09-07 14:58:24.167364,0.45379638671875,0.531982421875,0.5413818359375,0.4669189453125,-0.10546875,0.109375,0.00390625,-0.009765625,0.0,-0.015625,1840.5,58.4,177.8,15.7,21.2,,,,,,,,
2026-09-07 14:58:24.254164,0.45361328125,0.53167724609375,0.54168701171875,0.46697998046875,-0.03125,0.0546875,0.12890625,0.001953125,-0.001953125,-0.0078125,1840.5,58.4,177.8,15.7,21.2,,,,,,,,
2026-09-07 14:58:24.368186,0.45379638671875,0.53173828125,0.5416259765625,0.466796875,0.0078125,0.19140625,0.1796875,0.00390625,0.0,0.0,1840.5,58.4,177.8,15.7,21.2,,,,,,,,
2026-09-07 14:58:24.459132,0.454345703125,0.53173828125,0.54156494140625,0.4664306640625,-0.0625,0.27734375,-0.04296875,0.015625,-0.00390625,-0.001953125,1840.5,58.4,177.8,15.7,21.2,,,,,,,,
2026-09-07 14:58:24.567907,0.45452880859375,0.53179931640625,0.54150390625,0.46630859375,0.16796875,0.24609375,-0.15234375,0.013671875,0.00390625,0.0078125,1846.75,58.4,177.8,15.7,21.2,,,,,,,,
2026-09-07 14:58:24.666829,0.45489501953125,0.53179931640625,0.541748046875,0.465576171875,-0.03125,0.55859375,-0.05078125,-0.015625,0.0,0.025390625,1846.75,58.4,177.8,15.7,21.2,,,,,,,,
2026-09-07 14:58:24.766674,0.4552001953125,0.53143310546875,0.54217529296875,0.4652099609375,0.11328125,-0.5625,0.15625,0.013671875,0.00390625,-0.013671875,1845.25,58.4,177.8,16.1,21.6,,,,,,,,
2026-09-07 14:58:24.855169,0.45550537109375,0.5316162109375,0.54205322265625,0.46478271484375,0.0625,-0.15625,-0.29296875,0.001953125,0.0,-0.001953125,1845.25,58.4,177.8,16.1,21.6,,,,,,,,
2026-09-07 14:58:24.955946,0.45550537109375,0.531494140625,0.54229736328125,0.46478271484375,0.08203125,-0.2109375,0.1484375,-0.033203125,-0.00390625,0.0078125,1846.75,58.4,179.6,18.0,22.0,,,,,,,,
2026-09-07 14:58:25.055962,0.4554443359375,0.53082275390625,0.54278564453125,0.4649658203125,-0.0234375,-0.43359375,0.2890625,-0.0234375,-0.005859375,-0.005859375,1846.75,58.4,179.6,18.0,22.0,,,,,,,,
2026-09-07 14:58:25.175671,0.455078125,0.5301513671875,0.54315185546875,0.46563720703125,-0.14453125,-0.26953125,0.25,-0.009765625,-0.001953125,-0.005859375,1846.75,58.4,179.6,17.6,22.0,,,,,,,,
2026-09-07 14:58:25.265515,0.454345703125,0.52972412109375,0.54351806640625,0.4664306640625,0.078125,0.0234375,-0.07421875,0.001953125,-0.00390625,0.0078125,1846.75,58.4,179.6,17.6,22.0,,,,,,,,
2026-09-07 14:58:25.375605,0.45428466796875,0.52935791015625,0.54376220703125,0.466552734375,-0.10546875,-0.1171875,0.1015625,0.001953125,0.0,0.001953125,1848.25,58.4,177.8,18.4,22.7,,,,,,,,
2026-09-07 14:58:25.466923,0.4539794921875,0.52923583984375,0.5439453125,0.466796875,-0.0625,0.29296875,0.33984375,0.009765625,0.0,0.0078125,1848.25,58.4,177.8,18.4,22.7,,,,,,,,
2026-09-07 14:58:25.575901,0.453857421875,0.52825927734375,0.544921875,0.4669189453125,-0.21484375,0.3203125,-0.2890625,-0.015625,0.0,0.00390625,1848.25,58.4,179.6,18.8,22.7,,,,,,,,
2026-09-07 14:58:25.655219,0.45355224609375,0.52789306640625,0.54534912109375,0.4671630859375,0.10546875,-0.25,-0.01171875,-0.0234375,0.0,0.00390625,1848.25,58.4,179.6,18.8,22.7,,,,,,,,
2026-09-07 14:58:25.774955,0.45318603515625,0.52752685546875,0.5457763671875,0.4674072265625,0.20703125,0.1171875,-0.00390625,-0.0234375,0.0,-0.015625,1852.25,58.4,179.6,18.8,22.7,,,,,,,,
2026-09-07 14:58:25.874892,0.45233154296875,0.52728271484375,0.54608154296875,0.4681396484375,-0.16796875,-0.0703125,0.0234375,-0.009765625,0.0,-0.01953125,1852.25,58.4,179.6,18.8,22.7,,,,,,,,
2026-09-07 14:58:25.974154,0.451904296875,0.52734375,0.546142578125,0.46844482421875,-0.421875,-0.2734375,0.30078125,-0.00390625,0.0,0.005859375,1853.75,58.4,179.6,18.8,23.1,,,,,,,,
2026-09-07 14:58:26.073976,0.4522705078125,0.52752685546875,0.54595947265625,0.4681396484375,-0.17578125,0.34765625,-0.12890625,0.025390625,-0.0078125,0.005859375,1853.75,58.4,179.6,18.8,23.1,,,,,,,,
2026-09-07 14:58:26.174788,0.45294189453125,0.52734375,0.54583740234375,0.4677734375,-0.18359375,0.5703125,-0.0703125,0.046875,-0.005859375,0.021484375,1853.0,58.4,179.6,20.0,23.5,,,,,,,,
2026-09-07 14:58:26.254545,0.4527587890625,0.52691650390625,0.5460205078125,0.46826171875,0.15234375,0.046875,-0.1484375,0.056640625,-0.00390625,0.0078125,1853.0,58.4,179.6,20.0,23.5,,,,,,,,
2026-09-07 14:58:26.360410,0.45281982421875,0.52679443359375,0.5460205078125,0.46832275390625,0.3125,0.16796875,-0.33203125,0.01953125,0.0,0.00390625,1855.25,58.4,179.6,20.0,23.1,,,,,,,,
2026-09-07 14:58:26.476051,0.453125,0.526123046875,0.5467529296875,0.46795654296875,-0.078125,-0.0859375,-0.03125,-0.0078125,-0.00390625,0.017578125,1855.25,58.4,179.6,20.0,23.1,,,,,,,,
2026-09-07 14:58:26.574919,0.45367431640625,0.52581787109375,0.546875,0.46759033203125,-0.03125,-0.08984375,0.26171875,-0.005859375,-0.0078125,0.01953125,1856.25,58.4,179.6,20.0,23.5,,,,,,,,
2026-09-07 14:58:26.674631,0.4541015625,0.52545166015625,0.54705810546875,0.46734619140625,0.0,0.078125,0.24609375,-0.013671875,-0.001953125,0.013671875,1856.25,58.4,179.6,20.0,23.5,,,,,,,,
2026-09-07 14:58:26.774654,0.45428466796875,0.52484130859375,0.54754638671875,0.46728515625,0.23828125,0.0078125,0.1015625,-0.001953125,0.001953125,0.001953125,1859.25,58.4,179.6,21.2,24.3,,,,,,,,
2026-09-07 14:58:26.853985,0.4542236328125,0.5247802734375,0.547607421875,0.46734619140625,0.12109375,-0.58203125,-0.06640625,-0.0078125,0.001953125,-0.00390625,1859.25,58.4,179.6,21.2,24.3,,,,,,,,
2026-09-07 14:58:26.978539,0.454345703125,0.52496337890625,0.5474853515625,0.4671630859375,0.03515625,-0.18359375,0.0859375,-0.01171875,0.0,0.013671875,1869.5,59.0,179.6,23.9,26.3,,,,,,,,
2026-09-07 14:58:27.074261,0.454833984375,0.5245361328125,0.54791259765625,0.4666748046875,-0.0234375,0.44140625,0.16796875,-0.01171875,0.0,0.015625,1869.5,59.0,179.6,23.9,26.3,,,,,,,,
2026-09-07 14:58:27.174742,0.45489501953125,0.524169921875,0.54833984375,0.466552734375,0.3984375,0.01953125,-0.14453125,-0.005859375,0.001953125,-0.001953125,1870.25,59.0,179.6,25.9,25.9,,,,,,,,
2026-09-07 14:58:27.274762,0.45458984375,0.52423095703125,0.54827880859375,0.466796875,0.16796875,-0.44140625,-0.02734375,-0.0078125,0.001953125,-0.02734375,1870.25,59.0,179.6,25.9,25.9,,,,,,,,
2026-09-07 14:58:27.373660,0.45458984375,0.524658203125,0.54791259765625,0.46673583984375,-0.125,0.07421875,-0.07421875,0.015625,0.0,0.0,1724.0,59.0,179.6,25.9,25.5,,,,,,,,
2026-09-07 14:58:27.475831,0.45538330078125,0.52490234375,0.5477294921875,0.4659423828125,-0.23046875,0.22265625,-0.328125,0.01953125,0.001953125,0.009765625,1724.0,59.0,179.6,25.9,25.5,,,,,,,,
2026-09-07 14:58:27.575417,0.455810546875,0.5250244140625,0.54779052734375,0.46527099609375,0.0,0.44921875,0.0546875,0.00390625,0.0,0.029296875,1566.25,59.0,179.6,30.6,27.1,,,,,,,,
2026-09-07 14:58:27.675442,0.45587158203125,0.524658203125,0.54827880859375,0.465087890625,0.21484375,0.25,-0.07421875,-0.0078125,0.0,0.01953125,1566.25,59.0,179.6,30.6,27.1,,,,,,,,
2026-09-07 14:58:27.769734,0.4559326171875,0.52435302734375,0.548583984375,0.46502685546875,0.328125,-0.08203125,-0.07421875,-0.017578125,-0.001953125,0.017578125,1596.75,59.0,179.6,35.7,28.2,,,,,,,,
2026-09-07 14:58:27.875462,0.45635986328125,0.52410888671875,0.54876708984375,0.46466064453125,0.1875,-0.3203125,-0.08984375,-0.0078125,0.00390625,-0.001953125,1596.75,59.0,179.6,35.7,28.2,,,,,,,,
2026-09-07 14:58:27.976649,0.4566650390625,0.52410888671875,0.548828125,0.4642333984375,-0.00390625,-0.4140625,0.4765625,-0.01171875,0.001953125,0.013671875,1569.5,59.0,179.6,36.9,28.6,,,,,,,,
2026-09-07 14:58:28.077630,0.45733642578125,0.5238037109375,0.54925537109375,0.46343994140625,0.03515625,0.33203125,-0.3046875,-0.00390625,0.00390625,0.029296875,1569.5,59.0,179.6,36.9,28.6,,,,,,,,
2026-09-07 14:58:28.177719,0.45819091796875,0.52386474609375,0.54937744140625,0.46240234375,0.04296875,-0.3125,0.0,0.02734375,0.0,0.009765625,1548.25,59.0,179.6,38.4,30.2,,,,,,,,
2026-09-07 14:58:28.269159,0.45849609375,0.52410888671875,0.5491943359375,0.4620361328125,0.125,-0.51953125,0.09375,0.02734375,0.00390625,-0.009765625,1548.25,59.0,179.6,38.4,30.2,,,,,,,,
2026-09-07 14:58:28.373623,0.4598388671875,0.525146484375,0.54833984375,0.4605712890625,-0.1953125,0.2890625,-0.234375,0.02734375,0.00390625,0.0078125,1549.0,59.0,179.6,40.4,31.4,,,,,,,,
2026-09-07 14:58:28.473845,0.4608154296875,0.52545166015625,0.548095703125,0.45941162109375,-0.1328125,0.41015625,-0.265625,0.01953125,0.0,0.01953125,1549.0,59.0,179.6,40.4,31.4,,,,,,,,
2026-09-07 14:58:28.573565,0.46142578125,0.52557373046875,0.548095703125,0.458740234375,0.1015625,0.25,0.07421875,0.005859375,0.001953125,0.015625,1555.25,59.0,179.6,40.4,31.4,,,,,,,,
2026-09-07 14:58:28.674987,0.46185302734375,0.52581787109375,0.54791259765625,0.45831298828125,0.078125,-0.2265625,-0.01171875,-0.001953125,0.0,0.001953125,1555.25,59.0,179.6,40.4,31.4,,,,,,,,
2026-09-07 14:58:28.774406,0.46221923828125,0.52630615234375,0.54730224609375,0.45806884765625,-0.296875,-0.33203125,0.7265625,0.013671875,-0.005859375,-0.005859375,1553.75,59.0,179.6,42.0,34.9,,,,,,,,
2026-09-07 14:58:29.211090,0.46221923828125,0.52630615234375,0.54730224609375,0.45806884765625,-0.296875,-0.33203125,0.7265625,0.013671875,-0.005859375,-0.005859375,1560.75,59.0,179.6,45.5,38.8,,,,,,,,
2026-09-07 14:58:29.311155,0.46221923828125,0.52630615234375,0.54730224609375,0.45806884765625,-0.296875,-0.33203125,0.7265625,0.013671875,-0.005859375,-0.005859375,1561.5,59.0,179.6,48.2,43.9,,,,,,,,
2026-09-07 14:58:29.412150,0.46221923828125,0.52630615234375,0.54730224609375,0.45806884765625,-0.296875,-0.33203125,0.7265625,0.013671875,-0.005859375,-0.005859375,1561.5,59.0,179.6,48.2,43.9,,,,,,,,
2026-09-07 14:58:29.512062,0.46221923828125,0.52630615234375,0.54730224609375,0.45806884765625,-0.296875,-0.33203125,0.7265625,0.013671875,-0.005859375,-0.005859375,1559.25,59.0,179.6,51.4,51.0,,,,,,,,
2026-09-07 14:58:29.612521,0.46221923828125,0.52630615234375,0.54730224609375,0.45806884765625,-0.296875,-0.33203125,0.7265625,0.013671875,-0.005859375,-0.005859375,1559.25,59.0,179.6,51.4,51.0,,,,,,,,
2026-09-07 14:58:29.713025,0.46221923828125,0.52630615234375,0.54730224609375,0.45806884765625,-0.296875,-0.33203125,0.7265625,0.013671875,-0.005859375,-0.005859375,1572.5,59.0,179.6,54.1,49.8,,,,,,,,
2026-09-07 14:58:29.812578,0.46221923828125,0.52630615234375,0.54730224609375,0.45806884765625,-0.296875,-0.33203125,0.7265625,0.013671875,-0.005859375,-0.005859375,1572.5,59.0,179.6,54.1,49.8,,,,,,,,
2026-09-07 14:58:29.912518,0.46221923828125,0.52630615234375,0.54730224609375,0.45806884765625,-0.296875,-0.33203125,0.7265625,0.013671875,-0.005859375,-0.005859375,1557.0,59.0,179.6,58.4,47.5,,,,,,,,
2026-09-07 14:58:30.012712,0.46221923828125,0.52630615234375,0.54730224609375,0.45806884765625,-0.296875,-0.33203125,0.7265625,0.013671875,-0.005859375,-0.005859375,1557.0,59.0,179.6,58.4,47.5,,,,,,,,
2026-09-07 14:58:30.113028,0.46221923828125,0.52630615234375,0.54730224609375,0.45806884765625,-0.296875,-0.33203125,0.7265625,0.013671875,-0.005859375,-0.005859375,1562.5,59.0,179.6,61.2,46.7,,,,,,,,
2026-09-07 14:58:30.213291,0.46221923828125,0.52630615234375,0.54730224609375,0.45806884765625,-0.296875,-0.33203125,0.7265625,0.013671875,-0.005859375,-0.005859375,1562.5,59.0,179.6,61.2,46.7,,,,,,,,
2026-09-07 14:58:30.312199,0.46221923828125,0.52630615234375,0.54730224609375,0.45806884765625,-0.296875,-0.33203125,0.7265625,0.013671875,-0.005859375,-0.005859375,1576.5,59.0,179.6,63.5,46.3,,,,,,,,
2026-09-07 14:58:30.412371,0.46221923828125,0.52630615234375,0.54730224609375,0.45806884765625,-0.296875,-0.33203125,0.7265625,0.013671875,-0.005859375,-0.005859375,1576.5,59.0,179.6,63.5,46.3,,,,,,,,
2026-09-07 14:58:30.512965,0.46221923828125,0.52630615234375,0.54730224609375,0.45806884765625,-0.296875,-0.33203125,0.7265625,0.013671875,-0.005859375,-0.005859375,1567.0,59.7,179.6,66.7,45.1,,,,,,,,
2026-09-07 14:58:30.613046,0.46221923828125,0.52630615234375,0.54730224609375,0.45806884765625,-0.296875,-0.33203125,0.7265625,0.013671875,-0.005859375,-0.005859375,1567.0,59.7,179.6,66.7,45.1,,,,,,,,
2026-09-07 14:58:30.714166,0.46221923828125,0.52630615234375,0.54730224609375,0.45806884765625,-0.296875,-0.33203125,0.7265625,0.013671875,-0.005859375,-0.005859375,1568.75,59.0,179.6,67.1,44.3,,,,,,,,
2026-09-07 14:58:30.813859,0.46221923828125,0.52630615234375,0.54730224609375,0.45806884765625,-0.296875,-0.33203125,0.7265625,0.013671875,-0.005859375,-0.005859375,1568.75,59.0,179.6,67.1,44.3,,,,,,,,
2026-09-07 14:58:30.913139,0.46221923828125,0.52630615234375,0.54730224609375,0.45806884765625,-0.296875,-0.33203125,0.7265625,0.013671875,-0.005859375,-0.005859375,1575.0,59.0,179.6,65.9,41.6,,,,,,,,
2026-09-07 14:58:31.013162,0.46221923828125,0.52630615234375,0.54730224609375,0.45806884765625,-0.296875,-0.33203125,0.7265625,0.013671875,-0.005859375,-0.005859375,1575.0,59.0,179.6,65.9,41.6,,,,,,,,
2026-09-07 14:58:33.022917,0.44427490234375,0.49078369140625,0.55926513671875,0.4990234375,0.421875,8.9921875,0.69140625,-0.0234375,0.005859375,0.001953125,1525.0,58.4,179.6,55.3,27.1,,,,,,,,
2026-09-07 14:58:33.123512,0.4444580078125,0.4908447265625,0.5592041015625,0.498779296875,0.53515625,8.2265625,0.453125,0.0234375,-0.001953125,0.001953125,1510.0,58.4,179.6,42.0,24.3,,,,,,,,
2026-09-07 14:58:33.223749,0.44500732421875,0.49139404296875,0.55865478515625,0.4984130859375,0.22265625,8.6953125,0.66796875,-0.01171875,0.00390625,-0.01953125,1510.0,58.4,179.6,42.0,24.3,,,,,,,,
2026-09-07 14:58:33.324297,0.44439697265625,0.4918212890625,0.55828857421875,0.4989013671875,0.0703125,8.4609375,0.3125,-0.01953125,0.0078125,-0.029296875,1536.5,57.8,179.6,40.4,26.3,,,,,,,,
2026-09-07 14:58:33.423075,0.443115234375,0.4921875,0.5579833984375,0.5001220703125,-0.046875,8.08984375,0.60546875,-0.01171875,-0.0078125,-0.021484375,1536.5,57.8,179.6,40.4,26.3,,,,,,,,
2026-09-07 14:58:33.521260,0.44256591796875,0.49212646484375,0.5574951171875,0.5010986328125,0.0234375,7.84375,1.078125,0.01171875,-0.021484375,0.259765625,1578.0,57.8,179.6,45.5,34.1,,,,,,,,
2026-09-07 14:58:33.623481,0.4432373046875,0.4920654296875,0.556884765625,0.50128173828125,-0.015625,8.03125,0.71875,0.033203125,-0.013671875,0.01953125,1578.0,57.8,179.6,45.5,34.1,,,,,,,,
2026-09-07 14:58:33.731143,0.4447021484375,0.492431640625,0.55615234375,0.50042724609375,-0.0546875,8.66015625,0.58984375,0.0078125,-0.005859375,0.041015625,1575.0,57.8,179.6,54.9,43.5,,,,,,,,
2026-09-07 14:58:33.822183,0.446533203125,0.49151611328125,0.556640625,0.49920654296875,0.3203125,8.32421875,0.296875,0.0,-0.009765625,0.025390625,1575.0,57.8,179.6,54.9,43.5,,,,,,,,
2026-09-07 14:58:33.930286,0.44671630859375,0.49114990234375,0.556884765625,0.49908447265625,0.4296875,7.19921875,0.80078125,-0.00390625,-0.0078125,-0.0078125,1531.25,57.8,179.6,61.2,43.9,,,,,,,,
2026-09-07 14:58:34.016772,0.4466552734375,0.49072265625,0.55694580078125,0.49951171875,0.265625,6.88671875,0.01171875,-0.015625,-0.00390625,-0.0078125,1531.25,57.8,179.6,61.2,43.9,,,,,,,,
2026-09-07 14:58:34.119317,0.44635009765625,0.490478515625,0.55706787109375,0.49981689453125,0.15234375,6.65234375,0.40234375,-0.015625,-0.001953125,-0.005859375,1530.25,57.8,179.6,62.7,41.2,,,,,,,,
2026-09-07 14:58:34.231473,0.44598388671875,0.49017333984375,0.55718994140625,0.5003662109375,0.21484375,6.0,0.26171875,-0.001953125,-0.001953125,-0.001953125,1530.25,57.8,179.6,62.7,41.2,,,,,,,,
2026-09-07 14:58:34.329858,0.446044921875,0.49017333984375,0.55706787109375,0.50048828125,0.2421875,5.2890625,0.36328125,0.013671875,0.0078125,-0.017578125,1533.5,57.2,179.6,62.0,39.6,,,,,,,,
2026-09-07 14:58:34.428473,0.445556640625,0.4906005859375,0.55682373046875,0.500732421875,0.42578125,4.890625,0.22265625,-0.005859375,0.0078125,-0.009765625,1533.5,57.2,179.6,62.0,39.6,,,,,,,,
2026-09-07 14:58:34.530909,0.44464111328125,0.4908447265625,0.55706787109375,0.5009765625,0.265625,4.50390625,-0.01953125,-0.01953125,0.015625,-0.015625,1536.5,57.2,177.8,61.6,41.2,,,,,,,,
2026-09-07 14:58:34.620378,0.44329833984375,0.49072265625,0.5577392578125,0.5015869140625,0.07421875,4.89453125,-0.42578125,-0.0390625,0.015625,-0.021484375,1536.5,57.2,177.8,61.6,41.2,,,,,,,,
2026-09-07 14:58:34.738910,0.4423828125,0.49053955078125,0.55816650390625,0.5020751953125,0.3046875,4.421875,-0.265625,-0.033203125,0.015625,-0.005859375,1533.5,57.2,177.8,63.1,42.0,,,,,,,,
2026-09-07 14:58:34.821615,0.4407958984375,0.49017333984375,0.55926513671875,0.502685546875,0.51953125,3.09765625,0.32421875,-0.01953125,0.0078125,0.0078125,1533.5,57.2,177.8,63.1,42.0,,,,,,,,
2026-09-07 14:58:34.940495,0.44049072265625,0.4903564453125,0.55926513671875,0.502685546875,0.25,4.12109375,0.19921875,-0.0078125,0.009765625,0.001953125,1539.75,57.2,177.8,67.5,45.1,,,,,,,,
2026-09-07 14:58:35.027701,0.43939208984375,0.48968505859375,0.56060791015625,0.50286865234375,0.41015625,3.9453125,0.28515625,-0.009765625,0.005859375,0.017578125,1539.75,57.2,177.8,67.5,45.1,,,,,,,,
2026-09-07 14:58:35.120598,0.43927001953125,0.48883056640625,0.561767578125,0.50250244140625,0.41015625,3.62890625,-0.03125,-0.017578125,0.001953125,0.025390625,1550.0,57.2,177.8,73.3,49.8,,,,,,,,
2026-09-07 14:58:35.240284,0.438232421875,0.48876953125,0.56231689453125,0.50286865234375,0.46484375,3.33203125,-0.09375,-0.005859375,0.0078125,-0.013671875,1550.0,57.2,177.8,73.3,49.8,,,,,,,,
2026-09-07 14:58:35.329544,0.43780517578125,0.4888916015625,0.56231689453125,0.5030517578125,0.1484375,2.27734375,0.15234375,0.001953125,0.01171875,-0.005859375,1538.25,57.2,177.8,76.9,48.6,,,,,,,,
2026-09-07 14:58:35.439159,0.43756103515625,0.48992919921875,0.56207275390625,0.5025634765625,0.07421875,2.4140625,0.12109375,-0.00390625,0.01171875,0.001953125,1538.25,57.2,177.8,76.9,48.6,,,,,,,,
2026-09-07 14:58:35.538714,0.43768310546875,0.49041748046875,0.56195068359375,0.50213623046875,-0.01953125,2.4765625,-0.1484375,0.001953125,0.017578125,0.0,1535.75,57.2,177.8,77.6,46.3,,,,,,,,
2026-09-07 14:58:35.617615,0.4373779296875,0.4912109375,0.5618896484375,0.501708984375,0.05078125,2.2578125,-0.18359375,0.0234375,0.01171875,-0.009765625,1535.75,57.2,177.8,77.6,46.3,,,,,,,,
2026-09-07 14:58:35.741224,0.4375,0.4915771484375,0.56231689453125,0.50079345703125,0.34765625,2.296875,0.16015625,0.00390625,0.005859375,0.005859375,1504.5,57.2,177.8,72.5,27.5,,,,,,,,
2026-09-07 14:58:35.837850,0.4376220703125,0.491455078125,0.56256103515625,0.50048828125,0.27734375,2.4140625,-0.03125,-0.001953125,0.0078125,0.001953125,1504.5,57.2,177.8,72.5,27.5,,,,,,,,
2026-09-07 14:58:35.937713,0.43756103515625,0.491455078125,0.56298828125,0.5,0.1484375,2.19921875,0.04296875,0.01953125,0.0078125,-0.005859375,1464.0,56.5,177.8,49.4,23.5,,,,,,,,
2026-09-07 14:58:36.036815,0.43768310546875,0.49200439453125,0.56292724609375,0.49951171875,0.0625,1.97265625,-0.40625,0.0234375,0.013671875,-0.009765625,1464.0,56.5,177.8,49.4,23.5,,,,,,,,
2026-09-07 14:58:36.117032,0.4381103515625,0.4930419921875,0.5625,0.49859619140625,-0.01953125,1.92578125,-0.20703125,-0.009765625,0.01171875,0.0078125,1487.5,56.5,177.8,41.2,24.3,,,,,,,,
2026-09-07 14:58:36.240603,0.438720703125,0.493896484375,0.5626220703125,0.4970703125,-0.01171875,1.05859375,-0.28515625,-0.005859375,0.015625,-0.00390625,1487.5,56.5,177.8,41.2,24.3,,,,,,,,
2026-09-07 14:58:36.337901,0.438720703125,0.494384765625,0.562744140625,0.49639892578125,0.0546875,0.9296875,-0.25390625,0.00390625,0.013671875,-0.009765625,1517.0,55.9,177.8,43.1,26.3,,,,,,,,
2026-09-07 14:58:36.437472,0.4388427734375,0.495361328125,0.56243896484375,0.49566650390625,0.1328125,0.8671875,0.13671875,0.01953125,0.015625,-0.015625,1517.0,55.9,177.8,43.1,26.3,,,,,,,,
2026-09-07 14:58:36.537043,0.43914794921875,0.49591064453125,0.56231689453125,0.49505615234375,-0.05859375,1.38671875,-0.1171875,0.015625,0.013671875,0.01171875,1521.0,55.9,177.8,51.0,38.0,,,,,,,,
2026-09-07 14:58:36.623039,0.43988037109375,0.49658203125,0.5623779296875,0.49359130859375,0.15625,1.21484375,0.08984375,0.015625,0.017578125,0.017578125,1521.0,55.9,177.8,51.0,38.0,,,,,,,,
2026-09-07 14:58:36.740403,0.44146728515625,0.4974365234375,0.562744140625,0.49090576171875,-0.04296875,1.5625,-0.21484375,0.005859375,0.009765625,0.015625,1525.0,55.9,177.8,60.8,52.2,,,,,,,,
2026-09-07 14:58:36.837521,0.4427490234375,0.49859619140625,0.56243896484375,0.48895263671875,0.40234375,1.015625,-0.0859375,0.01171875,0.01953125,-0.0078125,1525.0,55.9,177.8,60.8,52.2,,,,,,,,
2026-09-07 14:58:36.937074,0.44329833984375,0.4993896484375,0.56243896484375,0.48760986328125,0.24609375,0.78125,-0.12109375,-0.0078125,0.013671875,0.0078125,1478.75,,177.8,71.0,71.4,,,,,,,,
2026-09-07 14:58:37.037230,0.443359375,0.50048828125,0.56219482421875,0.48675537109375,0.27734375,0.25390625,-0.0859375,-0.0078125,0.015625,-0.017578125,1478.75,,177.8,71.0,71.4,,,,,,,,
2026-09-07 14:58:37.123599,0.44329833984375,0.50103759765625,0.56195068359375,0.48638916015625,0.171875,0.19140625,0.0,0.009765625,0.009765625,-0.013671875,1478.75,,177.8,71.0,71.4,,,,,,,,
2026-09-07 14:58:37.225312,0.4432373046875,0.502197265625,0.56146240234375,0.48583984375,-0.55078125,0.3515625,-0.14453125,-0.00390625,0.009765625,-0.015625,1478.75,,177.8,71.0,71.4,,,,,,,,
2026-09-07 14:58:37.340593,0.44403076171875,0.50323486328125,0.5609130859375,0.48480224609375,0.1484375,0.41796875,0.19921875,-0.009765625,0.0,0.009765625,1519.5,55.9,177.8,73.3,70.6,,,,,,,,
2026-09-07 14:58:37.439207,0.44659423828125,0.50433349609375,0.55999755859375,0.48236083984375,0.0703125,0.73828125,0.390625,-0.015625,0.0,0.013671875,1519.5,55.9,177.8,73.3,70.6,,,,,,,,
2026-09-07 14:58:37.538996,0.4483642578125,0.504638671875,0.559814453125,0.48046875,0.0859375,1.07421875,0.23046875,-0.00390625,0.00390625,0.01953125,1496.0,55.9,177.8,76.5,69.8,,,,,,,,
2026-09-07 14:58:37.639717,0.4498291015625,0.50494384765625,0.55987548828125,0.47882080078125,0.17578125,1.07421875,0.26171875,0.00390625,0.00390625,0.01953125,1496.0,55.9,177.8,76.5,69.8,,,,,,,,
2026-09-07 14:58:37.738659,0.45074462890625,0.5054931640625,0.55963134765625,0.47760009765625,0.23828125,0.4921875,0.18359375,-0.00390625,0.0078125,-0.00390625,1516.25,55.9,177.8,79.2,66.7,,,,,,,,
2026-09-07 14:58:37.838830,0.451171875,0.50604248046875,0.55938720703125,0.4769287109375,0.0390625,0.52734375,0.21484375,-0.0078125,0.001953125,0.00390625,1516.25,55.9,177.8,79.2,66.7,,,,,,,,
2026-09-07 14:58:37.939565,0.45184326171875,0.50616455078125,0.55938720703125,0.47613525390625,0.33984375,0.22265625,-0.015625,0.005859375,0.00390625,0.001953125,1510.0,55.9,177.8,82.4,61.6,,,,,,,,
2026-09-07 14:58:38.039559,0.45379638671875,0.5069580078125,0.55889892578125,0.47406005859375,0.12890625,0.91796875,0.24609375,0.0078125,0.0078125,-0.0078125,1510.0,55.9,177.8,82.4,61.6,,,,,,,,
2026-09-07 14:58:38.124486,0.45465087890625,0.50726318359375,0.5587158203125,0.4730224609375,0.27734375,-0.109375,0.16015625,0.013671875,0.0078125,-0.0078125,1509.25,55.9,177.8,86.3,60.0,,,,,,,,
2026-09-07 14:58:38.238800,0.45623779296875,0.50860595703125,0.55792236328125,0.47100830078125,0.34375,0.10546875,0.390625,0.00390625,0.009765625,-0.00390625,1509.25,55.9,177.8,86.3,60.0,,,,,,,,
2026-09-07 14:58:38.336930,0.456787109375,0.5096435546875,0.5572509765625,0.47015380859375,0.30078125,-0.35546875,-0.0546875,0.01953125,0.005859375,-0.009765625,1542.75,55.9,177.8,87.1,60.4,,,,,,,,
2026-09-07 14:58:38.437100,0.45697021484375,0.51068115234375,0.556640625,0.46966552734375,0.078125,0.1640625,-0.09375,0.017578125,0.0078125,-0.021484375,1542.75,55.9,177.8,87.1,60.4,,,,,,,,
2026-09-07 14:58:38.536593,0.45733642578125,0.51080322265625,0.55670166015625,0.46905517578125,0.03125,0.3046875,0.015625,0.001953125,0.005859375,-0.00390625,1571.0,55.9,177.8,86.7,52.9,,,,,,,,
2026-09-07 14:58:38.636758,0.45867919921875,0.511474609375,0.55621337890625,0.46759033203125,0.29296875,-0.59375,-0.0234375,0.021484375,0.005859375,-0.017578125,1571.0,55.9,177.8,86.7,52.9,,,,,,,,
2026-09-07 14:58:38.738062,0.45916748046875,0.5128173828125,0.555419921875,0.466552734375,0.375,-0.06640625,0.10546875,0.021484375,0.009765625,-0.01953125,1539.0,55.9,177.8,87.5,43.9,,,,,,,,
2026-09-07 14:58:38.837984,0.4598388671875,0.51348876953125,0.555419921875,0.46514892578125,0.08984375,0.546875,-0.65234375,0.013671875,0.013671875,0.015625,1539.0,55.9,177.8,87.5,43.9,,,,,,,,
2026-09-07 14:58:38.937545,0.46026611328125,0.513427734375,0.55621337890625,0.4638671875,0.0,0.84765625,-0.19140625,-0.0234375,0.013671875,0.021484375,1525.75,55.9,177.8,84.3,37.6,,,,,,,,
2026-09-07 14:58:39.037273,0.46051025390625,0.51275634765625,0.55743408203125,0.46295166015625,0.12890625,0.79296875,-0.50390625,-0.033203125,0.013671875,0.0234375,1525.75,55.9,177.8,84.3,37.6,,,,,,,,
2026-09-07 14:58:39.121443,0.46044921875,0.512451171875,0.55804443359375,0.462646484375,0.11328125,0.81640625,-0.18359375,-0.03125,0.01171875,0.021484375,1541.25,55.9,177.8,79.2,31.8,,,,,,,,
2026-09-07 14:58:39.239413,0.45989990234375,0.5120849609375,0.559326171875,0.46197509765625,0.2890625,0.26953125,-0.26171875,-0.02734375,0.017578125,-0.0078125,1541.25,55.9,177.8,79.2,31.8,,,,,,,,
2026-09-07 14:58:39.336923,0.45916748046875,0.51220703125,0.55987548828125,0.4619140625,-0.015625,0.171875,0.04296875,-0.02734375,0.015625,-0.015625,1471.75,55.9,177.8,65.1,24.3,,,,,,,,
2026-09-07 14:58:39.437580,0.459228515625,0.5125732421875,0.5601806640625,0.4610595703125,-0.36328125,-0.06640625,-0.140625,-0.021484375,0.017578125,0.005859375,1471.75,55.9,177.8,65.1,24.3,,,,,,,,
2026-09-07 14:58:39.538017,0.45953369140625,0.51318359375,0.56024169921875,0.4599609375,0.17578125,-0.03515625,-0.0859375,-0.01171875,0.013671875,0.009765625,1454.5,55.3,177.8,51.8,26.3,,,,,,,,
2026-09-07 14:58:39.631206,0.459716796875,0.51348876953125,0.56060791015625,0.45904541015625,-0.24609375,0.37890625,-0.1171875,-0.00390625,0.015625,0.015625,1454.5,55.3,177.8,51.8,26.3,,,,,,,,
2026-09-07 14:58:39.737530,0.4600830078125,0.5137939453125,0.560791015625,0.45806884765625,-0.33203125,0.29296875,0.08203125,0.0078125,0.013671875,0.00390625,1469.5,55.3,177.8,51.8,30.6,,,,,,,,
2026-09-07 14:58:39.837740,0.46026611328125,0.5140380859375,0.56085205078125,0.45751953125,-0.0625,-0.3671875,0.4375,-0.001953125,0.0078125,0.0,1469.5,55.3,177.8,51.8,30.6,,,,,,,,
2026-09-07 14:58:39.936685,0.4605712890625,0.5146484375,0.560546875,0.45697021484375,-0.0546875,0.046875,0.25390625,0.009765625,0.01171875,-0.0078125,1514.75,55.3,177.8,56.1,38.0,,,,,,,,
2026-09-07 14:58:40.037160,0.4609375,0.5152587890625,0.5601806640625,0.45635986328125,-0.125,-0.03515625,0.14453125,0.01171875,0.0078125,-0.009765625,1514.75,55.3,177.8,56.1,38.0,,,,,,,,
2026-09-07 14:58:40.136659,0.46124267578125,0.51580810546875,0.55987548828125,0.455810546875,0.06640625,-0.609375,0.27734375,0.01953125,0.005859375,-0.009765625,1486.5,55.3,177.8,60.4,44.3,,,,,,,,
2026-09-07 14:58:40.237977,0.46173095703125,0.5162353515625,0.55975341796875,0.4549560546875,-0.0390625,0.19140625,0.3671875,0.013671875,0.009765625,-0.00390625,1486.5,55.3,177.8,60.4,44.3,,,,,,,,
2026-09-07 14:58:40.338778,0.46240234375,0.51641845703125,0.559814453125,0.4539794921875,-0.19921875,0.22265625,0.22265625,0.0234375,0.005859375,0.0078125,1506.25,55.3,177.8,65.9,47.8,,,,,,,,
2026-09-07 14:58:40.437755,0.46295166015625,0.51708984375,0.5594482421875,0.453125,0.18359375,-0.234375,0.19921875,0.02734375,0.00390625,-0.00390625,1506.25,55.3,177.8,65.9,47.8,,,,,,,,
2026-09-07 14:58:40.537896,0.46337890625,0.517822265625,0.55902099609375,0.45233154296875,0.13671875,0.109375,0.0625,0.015625,0.0078125,0.0078125,1484.25,55.3,177.8,67.5,31.0,,,,,,,,
2026-09-07 14:58:40.631347,0.46380615234375,0.5181884765625,0.55889892578125,0.45166015625,-0.0546875,0.1015625,0.078125,0.02734375,0.001953125,-0.00390625,1484.25,55.3,177.8,67.5,31.0,,,,,,,,
2026-09-07 14:58:40.731107,0.46405029296875,0.5186767578125,0.55859375,0.45123291015625,-0.171875,0.1015625,0.1171875,0.015625,0.0,-0.00390625,1433.5,55.3,177.8,50.2,25.1,,,,,,,,
2026-09-07 14:58:40.837361,0.46453857421875,0.51934814453125,0.55810546875,0.45062255859375,-0.20703125,-0.2421875,0.140625,0.017578125,0.00390625,0.001953125,1433.5,55.3,177.8,50.2,25.1,,,,,,,,
2026-09-07 14:58:40.946405,0.4649658203125,0.5201416015625,0.5574951171875,0.449951171875,-0.046875,-0.94140625,0.26953125,0.02734375,0.00390625,-0.005859375,1442.0,54.7,177.8,45.5,26.7,,,,,,,,
2026-09-07 14:58:41.038111,0.46502685546875,0.5213623046875,0.55657958984375,0.4495849609375,-0.1484375,-0.4140625,-0.12890625,0.02734375,0.00390625,-0.009765625,1442.0,54.7,177.8,45.5,26.7,,,,,,,,
2026-09-07 14:58:41.135196,0.46514892578125,0.5218505859375,0.55621337890625,0.4493408203125,-0.28515625,0.24609375,0.05078125,0.037109375,0.001953125,-0.005859375,1459.25,54.7,177.8,46.7,28.2,,,,,,,,
2026-09-07 14:58:41.235293,0.465576171875,0.52252197265625,0.55584716796875,0.44866943359375,-0.32421875,0.1328125,0.02734375,0.0234375,0.005859375,0.005859375,1459.25,54.7,177.8,46.7,28.2,,,,,,,,
2026-09-07 14:58:41.455811,0.46636962890625,0.52301025390625,0.5555419921875,0.44757080078125,-0.0546875,0.015625,-0.01953125,0.021484375,0.0,0.005859375,1460.0,54.7,177.8,48.6,30.6,,,,,,,,
2026-09-07 14:58:41.545689,0.466796875,0.52362060546875,0.55517578125,0.44683837890625,0.09765625,-0.05859375,-0.01171875,0.021484375,0.001953125,-0.001953125,1460.0,54.7,177.8,48.6,30.6,,,,,,,,
2026-09-07 14:58:41.638003,0.467041015625,0.5244140625,0.55462646484375,0.4464111328125,0.14453125,-0.09765625,-0.2265625,0.0234375,0.009765625,-0.001953125,1460.0,54.7,177.8,48.6,30.6,,,,,,,,
2026-09-07 14:58:41.746149,0.4671630859375,0.5250244140625,0.5543212890625,0.4459228515625,0.078125,0.16796875,-0.09765625,0.013671875,0.009765625,-0.00390625,1450.0,54.7,177.8,49.4,36.9,,,,,,,,
2026-09-07 14:58:41.833763,0.4671630859375,0.52545166015625,0.55419921875,0.445556640625,-0.015625,-0.0703125,0.33203125,-0.00390625,0.001953125,0.025390625,1450.0,54.7,177.8,49.4,36.9,,,,,,,,
2026-09-07 14:58:41.934863,0.466796875,0.52569580078125,0.55413818359375,0.44573974609375,-0.12109375,-0.0703125,-0.1015625,0.01171875,0.001953125,-0.001953125,1553.0,54.1,177.8,52.2,43.1,,,,,,,,
2026-09-07 14:58:42.034686,0.46636962890625,0.5262451171875,0.5537109375,0.446044921875,-0.12109375,-0.0234375,0.01171875,0.015625,0.0,-0.001953125,1553.0,54.1,177.8,52.2,43.1,,,,,,,,
2026-09-07 14:58:42.148273,0.466064453125,0.526611328125,0.55352783203125,0.44610595703125,0.29296875,-0.19921875,-0.0859375,0.01953125,0.005859375,0.001953125,1786.5,54.1,177.8,46.3,48.6,,,,,,,,
2026-09-07 14:58:42.248116,0.46533203125,0.52685546875,0.55352783203125,0.4466552734375,0.21484375,-0.51171875,0.2890625,-0.009765625,0.00390625,-0.0078125,1924.0,54.1,179.6,50.6,42.0,,,,,,,,
2026-09-07 14:58:42.347785,0.46429443359375,0.527099609375,0.5535888671875,0.4473876953125,0.19921875,0.0234375,-0.30078125,-0.025390625,0.005859375,-0.013671875,1924.0,54.1,179.6,50.6,42.0,,,,,,,,
2026-09-07 14:58:42.447437,0.46307373046875,0.527099609375,0.5537109375,0.448486328125,0.0859375,0.25390625,-0.15625,-0.029296875,0.00390625,-0.001953125,1833.5,54.1,177.8,44.3,32.5,,,,,,,,
2026-09-07 14:58:42.533526,0.46209716796875,0.526611328125,0.55438232421875,0.44921875,0.26953125,0.09765625,0.05859375,-0.02734375,0.00390625,0.01953125,1833.5,54.1,177.8,44.3,32.5,,,,,,,,
2026-09-07 14:58:42.650409,0.46160888671875,0.52593994140625,0.55523681640625,0.44952392578125,0.24609375,-0.13671875,0.28515625,-0.013671875,0.0078125,0.013671875,1772.5,54.1,179.6,43.5,33.7,,,,,,,,
2026-09-07 14:58:42.747263,0.4620361328125,0.52630615234375,0.554931640625,0.448974609375,0.3984375,-0.17578125,-0.125,0.00390625,0.001953125,-0.0078125,1772.5,54.1,179.6,43.5,33.7,,,,,,,,
2026-09-07 14:58:42.848455,0.461669921875,0.52728271484375,0.55419921875,0.4490966796875,0.0625,-0.17578125,-0.15625,0.0,0.0078125,-0.025390625,1743.75,54.1,179.6,43.1,35.7,,,,,,,,
2026-09-07 14:58:42.948861,0.4609375,0.52783203125,0.553955078125,0.4495849609375,-0.015625,-0.3671875,0.30859375,0.009765625,0.0,0.001953125,1743.75,54.1,179.6,43.1,35.7,,,,,,,,
2026-09-07 14:58:43.033553,0.461181640625,0.52813720703125,0.55352783203125,0.44940185546875,0.25390625,-0.3984375,0.25,0.017578125,-0.001953125,-0.005859375,1743.75,54.1,179.6,43.1,35.7,,,,,,,,
2026-09-07 14:58:43.149875,0.46142578125,0.5286865234375,0.55279541015625,0.4493408203125,0.24609375,-0.0859375,0.2109375,0.0078125,-0.00390625,-0.00390625,1747.5,54.1,179.6,43.5,36.9,,,,,,,,
2026-09-07 14:58:43.248840,0.46142578125,0.5286865234375,0.552734375,0.44952392578125,0.23828125,0.18359375,0.31640625,-0.005859375,-0.00390625,0.0078125,1732.0,54.1,179.6,43.5,38.8,,,,,,,,
2026-09-07 14:58:43.348061,0.46142578125,0.5283203125,0.552978515625,0.44964599609375,0.1171875,-0.15234375,0.1640625,-0.01171875,-0.001953125,0.001953125,1732.0,54.1,179.6,43.5,38.8,,,,,,,,
2026-09-07 14:58:43.449201,0.46124267578125,0.5281982421875,0.55303955078125,0.44989013671875,-0.15234375,0.3828125,0.03515625,-0.009765625,0.0,-0.005859375,1736.5,54.1,179.6,43.5,39.2,,,,,,,,
2026-09-07 14:58:43.540053,0.4610595703125,0.52813720703125,0.55303955078125,0.4501953125,-0.0390625,0.078125,0.1875,-0.0078125,-0.00390625,0.009765625,1736.5,54.1,179.6,43.5,39.2,,,,,,,,
2026-09-07 14:58:43.649205,0.4610595703125,0.52764892578125,0.5533447265625,0.4503173828125,0.1015625,0.16015625,0.203125,-0.0078125,0.001953125,-0.015625,1735.75,54.1,177.8,43.9,39.2,,,,,,,,
2026-09-07 14:58:43.748943,0.460693359375,0.5272216796875,0.55377197265625,0.45074462890625,0.1015625,0.3515625,0.0703125,-0.00390625,0.0,-0.009765625,1735.75,54.1,177.8,43.9,39.2,,,,,,,,
2026-09-07 14:58:43.848343,0.4603271484375,0.52685546875,0.5540771484375,0.45111083984375,0.0703125,-0.13671875,0.0625,-0.01171875,0.0,-0.017578125,1732.75,54.1,177.8,43.5,39.2,,,,,,,,
2026-09-07 14:58:43.948609,0.459716796875,0.52655029296875,0.55426025390625,0.451904296875,0.19140625,-0.40625,0.34765625,-0.025390625,-0.005859375,-0.017578125,1732.75,54.1,177.8,43.5,39.2,,,,,,,,
2026-09-07 14:58:44.047203,0.45904541015625,0.526123046875,0.55438232421875,0.45294189453125,0.16015625,-0.20703125,0.32421875,-0.0078125,-0.0078125,-0.01171875,1737.5,54.1,177.8,43.9,39.6,,,,,,,,
2026-09-07 14:58:44.148834,0.45880126953125,0.52569580078125,0.554443359375,0.45361328125,0.19921875,-0.046875,-0.1953125,-0.009765625,-0.0078125,-0.001953125,1737.5,54.1,177.8,43.9,39.6,,,,,,,,
2026-09-07 14:58:44.249047,0.45849609375,0.5230712890625,0.556640625,0.45428466796875,0.08203125,0.10546875,-0.00390625,0.00390625,-0.0078125,-0.0078125,1739.0,54.1,177.8,44.7,40.4,,,,,,,,
2026-09-07 14:58:44.348727,0.458251953125,0.52044677734375,0.55889892578125,0.4547119140625,-0.1640625,0.171875,0.13671875,-0.001953125,-0.001953125,-0.005859375,1739.0,54.1,177.8,44.7,40.4,,,,,,,,
2026-09-07 14:58:44.449857,0.45806884765625,0.518798828125,0.560302734375,0.455078125,0.0,0.03515625,-0.1328125,-0.00390625,-0.00390625,0.0078125,1740.5,54.1,177.8,46.7,42.0,,,,,,,,
2026-09-07 14:58:44.541549,0.4580078125,0.51806640625,0.560791015625,0.455322265625,0.45703125,-0.48828125,-0.109375,0.009765625,-0.00390625,0.001953125,1740.5,54.1,177.8,46.7,42.0,,,,,,,,
2026-09-07 14:58:44.649777,0.45806884765625,0.51763916015625,0.56097412109375,0.45556640625,-0.0234375,0.44921875,-0.171875,-0.009765625,-0.00390625,-0.01171875,1735.75,54.1,177.8,50.2,42.4,,,,,,,,
2026-09-07 14:58:44.749423,0.45806884765625,0.5172119140625,0.5611572265625,0.45574951171875,0.05859375,0.140625,-0.0859375,0.01171875,-0.00390625,0.005859375,1735.75,54.1,177.8,50.2,42.4,,,,,,,,
2026-09-07 14:58:44.858153,0.45880126953125,0.5166015625,0.56146240234375,0.45538330078125,-0.00390625,-0.16015625,0.01953125,0.009765625,-0.005859375,0.005859375,1727.25,54.1,177.8,51.0,40.0,,,,,,,,
2026-09-07 14:58:44.958326,0.45941162109375,0.51568603515625,0.56195068359375,0.45526123046875,0.2421875,-0.22265625,-0.09375,0.001953125,0.0,-0.0078125,1727.25,54.1,177.8,51.0,40.0,,,,,,,,
2026-09-07 14:58:45.041438,0.45953369140625,0.51519775390625,0.56219482421875,0.455322265625,0.05859375,0.12890625,-0.1171875,0.0078125,-0.00390625,-0.005859375,1727.25,54.1,177.8,51.0,40.0,,,,,,,,
2026-09-07 14:58:45.248054,0.45989990234375,0.51446533203125,0.56256103515625,0.455322265625,-0.01953125,-0.25,0.16015625,0.0,-0.001953125,-0.01171875,1710.75,54.1,177.8,40.4,28.2,,,,,,,,
2026-09-07 14:58:45.348315,0.46051025390625,0.5142822265625,0.5625,0.455078125,-0.2265625,0.30859375,0.0,-0.00390625,-0.0078125,0.015625,1710.75,54.1,177.8,40.4,28.2,,,,,,,,
2026-09-07 14:58:45.448261,0.461181640625,0.513916015625,0.56256103515625,0.45465087890625,-0.1796875,-0.26953125,-0.03125,-0.01171875,-0.001953125,0.0,1731.25,54.1,177.8,40.8,29.8,,,,,,,,
2026-09-07 14:58:45.548230,0.4610595703125,0.51385498046875,0.5625,0.4549560546875,-0.1328125,0.0390625,-0.078125,-0.0078125,-0.001953125,-0.0078125,1731.25,54.1,177.8,40.8,29.8,,,,,,,,
2026-09-07 14:58:45.643457,0.46099853515625,0.5140380859375,0.56231689453125,0.45501708984375,0.02734375,0.0234375,-0.15234375,0.00390625,0.001953125,-0.00390625,1731.25,54.1,177.8,40.8,29.8,,,,,,,,
2026-09-07 14:58:45.743931,0.4609375,0.51446533203125,0.56201171875,0.45501708984375,-0.125,0.19921875,-0.06640625,0.00390625,0.0,0.001953125,1735.0,54.1,177.8,40.8,31.4,,,,,,,,
2026-09-07 14:58:45.843858,0.461181640625,0.51483154296875,0.56170654296875,0.4547119140625,-0.1015625,0.0234375,0.140625,-0.0078125,0.0,0.01171875,1735.0,54.1,177.8,40.8,31.4,,,,,,,,
2026-09-07 14:58:45.944027,0.46185302734375,0.51507568359375,0.5615234375,0.4539794921875,0.3359375,0.48046875,-0.3828125,0.00390625,0.001953125,0.021484375,1741.25,54.1,177.8,40.8,33.3,,,,,,,,
2026-09-07 14:58:46.043400,0.46258544921875,0.515380859375,0.561279296875,0.45318603515625,-0.0390625,0.40234375,-0.19140625,-0.0078125,0.00390625,0.021484375,1741.25,54.1,177.8,40.8,33.3,,,,,,,,
2026-09-07 14:58:46.272856,0.463623046875,0.51641845703125,0.560791015625,0.4515380859375,0.16796875,0.1953125,-0.51953125,0.0,0.00390625,-0.005859375,1732.75,54.1,177.8,41.2,36.5,,,,,,,,
2026-09-07 14:58:46.357446,0.46356201171875,0.5167236328125,0.56060791015625,0.45147705078125,-0.05859375,-0.41796875,-0.02734375,0.001953125,0.001953125,-0.009765625,1732.75,54.1,177.8,41.2,36.5,,,,,,,,
2026-09-07 14:58:46.688636,0.4639892578125,0.5179443359375,0.56005859375,0.4503173828125,0.04296875,-0.5390625,0.0859375,-0.013671875,0.00390625,-0.009765625,1742.75,54.1,177.8,44.7,41.2,,,,,,,,
2026-09-07 14:58:46.786537,0.4637451171875,0.51885986328125,0.55950927734375,0.4501953125,-0.078125,0.1953125,-0.42578125,-0.01171875,0.009765625,-0.015625,1742.75,54.1,177.8,44.7,41.2,,,,,,,,
2026-09-07 14:58:46.886939,0.46356201171875,0.51947021484375,0.55926513671875,0.45001220703125,-0.125,0.08984375,0.203125,-0.005859375,0.0078125,0.001953125,1739.0,54.1,177.8,47.1,42.0,,,,,,,,
2026-09-07 14:58:46.988250,0.46368408203125,0.51971435546875,0.55926513671875,0.4495849609375,0.15234375,0.02734375,-0.04296875,-0.00390625,0.001953125,-0.0078125,1739.0,54.1,177.8,47.1,42.0,,,,,,,,
2026-09-07 14:58:47.088548,0.46343994140625,0.51983642578125,0.5592041015625,0.44976806640625,0.05859375,0.08984375,0.2265625,0.005859375,-0.001953125,-0.017578125,1735.0,54.1,177.8,47.8,40.4,,,,,,,,
2026-09-07 14:58:47.174453,0.46331787109375,0.520263671875,0.558837890625,0.44989013671875,-0.0546875,0.05859375,0.15625,0.015625,0.0,-0.001953125,1735.0,54.1,177.8,47.8,40.4,,,,,,,,
2026-09-07 14:58:47.290709,0.46343994140625,0.52044677734375,0.55865478515625,0.44976806640625,-0.00390625,0.45703125,-0.09765625,0.0,-0.001953125,-0.00390625,1732.0,54.1,177.8,47.5,38.8,,,,,,,,
2026-09-07 14:58:47.389174,0.46337890625,0.520263671875,0.55889892578125,0.44970703125,0.2421875,-0.265625,-0.23046875,0.00390625,0.001953125,0.0,1732.0,54.1,177.8,47.5,38.8,,,,,,,,
2026-09-07 14:58:47.489223,0.46319580078125,0.51983642578125,0.55938720703125,0.44976806640625,-0.00390625,-0.04296875,0.0234375,-0.0078125,0.0,-0.001953125,1732.0,54.1,177.8,46.3,39.6,,,,,,,,
2026-09-07 14:58:47.589068,0.46295166015625,0.51971435546875,0.5595703125,0.45001220703125,-0.09375,0.46875,0.17578125,-0.01171875,-0.001953125,0.013671875,1732.0,54.1,177.8,46.3,39.6,,,,,,,,
2026-09-07 14:58:47.689648,0.46258544921875,0.51953125,0.55975341796875,0.45037841796875,0.15234375,-0.55859375,0.0546875,0.013671875,0.0,-0.00390625,1739.0,54.1,177.8,47.1,40.4,,,,,,,,
2026-09-07 14:58:47.789015,0.462890625,0.5196533203125,0.55950927734375,0.45013427734375,-0.1640625,0.37890625,0.14453125,0.013671875,-0.001953125,0.001953125,1739.0,54.1,177.8,47.1,40.4,,,,,,,,
2026-09-07 14:58:47.888934,0.46295166015625,0.51971435546875,0.55938720703125,0.45013427734375,0.03515625,0.30078125,-0.23828125,-0.001953125,0.001953125,0.005859375,1728.75,54.1,177.8,45.9,38.8,,,,,,,,
2026-09-07 14:58:47.988943,0.4627685546875,0.519287109375,0.559814453125,0.4503173828125,-0.0703125,0.19921875,0.0390625,0.001953125,-0.00390625,0.0078125,1728.75,54.1,177.8,45.9,38.8,,,,,,,,
2026-09-07 14:58:48.089732,0.46282958984375,0.51873779296875,0.56024169921875,0.45037841796875,-0.0078125,0.453125,0.015625,-0.013671875,-0.005859375,0.015625,1736.5,54.1,177.8,45.1,39.2,,,,,,,,
2026-09-07 14:58:48.185545,0.46270751953125,0.517822265625,0.5609130859375,0.45074462890625,0.2578125,0.171875,-0.296875,0.00390625,-0.005859375,0.009765625,1736.5,54.1,177.8,45.1,39.2,,,,,,,,
2026-09-07 14:58:48.283639,0.46246337890625,0.51702880859375,0.5615234375,0.451171875,0.17578125,-0.36328125,-0.3828125,-0.025390625,-0.001953125,-0.025390625,1739.0,54.1,177.8,45.9,40.0,1.0,12.0,36.98249166666667,-122.14290816666669,26.6,0.64,47.165,313.81
2026-09-07 14:58:48.389275,0.4610595703125,0.51641845703125,0.56195068359375,0.45263671875,-0.33984375,-0.125,0.08984375,-0.025390625,-0.001953125,-0.025390625,1739.0,54.1,177.8,45.9,40.0,1.0,12.0,36.98249166666667,-122.14290816666669,26.6,0.64,47.165,313.81
2026-09-07 14:58:48.489344,0.4600830078125,0.5162353515625,0.5621337890625,0.45367431640625,-0.1015625,-0.51171875,0.4296875,0.00390625,-0.00390625,-0.009765625,1736.5,54.1,177.8,45.5,39.6,1.0,12.0,36.98249166666667,-122.14290816666669,26.6,0.64,47.165,313.81
2026-09-07 14:58:48.589177,0.46002197265625,0.51617431640625,0.56207275390625,0.45391845703125,0.16796875,-0.203125,-0.29296875,0.04296875,0.0,-0.0078125,1736.5,54.1,177.8,45.5,39.6,1.0,12.0,36.98249166666667,-122.14290816666669,26.6,0.64,47.165,313.81
2026-09-07 14:58:48.689467,0.460205078125,0.5169677734375,0.5614013671875,0.45367431640625,0.03125,-0.0546875,-0.03125,0.021484375,0.0078125,-0.001953125,1733.5,54.1,177.8,45.1,39.6,1.0,12.0,36.98249166666667,-122.14290816666669,26.6,0.64,47.165,313.81
2026-09-07 14:58:48.781146,0.4599609375,0.51751708984375,0.56109619140625,0.45361328125,-0.046875,0.0546875,-0.24609375,0.01171875,0.001953125,-0.005859375,1733.5,54.1,177.8,45.1,39.6,1.0,12.0,36.98249166666667,-122.14290816666669,26.6,0.64,47.165,313.81
2026-09-07 14:58:48.880477,0.45989990234375,0.517822265625,0.56097412109375,0.4534912109375,0.0,0.34375,0.03125,0.02734375,0.001953125,0.005859375,1742.75,54.1,177.8,45.1,40.4,1.0,12.0,36.98249166666667,-122.14290816666669,26.6,0.64,47.165,313.81
2026-09-07 14:58:49.091300,0.4608154296875,0.518798828125,0.5604248046875,0.4521484375,0.296875,0.19140625,-0.03515625,-0.0078125,0.0078125,-0.001953125,1741.25,54.7,177.8,46.3,40.8,1.0,12.0,36.98249166666667,-122.14290816666669,26.6,0.64,47.165,313.81
2026-09-07 14:58:49.190677,0.4609375,0.51922607421875,0.5604248046875,0.4515380859375,0.12109375,0.3203125,-0.41015625,-0.013671875,0.009765625,0.015625,1741.25,54.7,177.8,46.3,40.8,1.0,12.0,36.98249166666667,-122.14290816666669,26.6,0.64,47.165,313.81
2026-09-07 14:58:49.312017,0.46234130859375,0.51959228515625,0.56060791015625,0.44940185546875,0.14453125,0.38671875,-0.04296875,-0.017578125,0.00390625,0.0078125,1753.75,54.7,177.8,47.5,42.0,,,,,,,,
2026-09-07 14:58:49.409551,0.46240234375,-1.48046875,0.560791015625,0.44921875,-0.05078125,0.1484375,-0.03515625,-0.0234375,0.009765625,0.00390625,1753.75,54.7,177.8,47.5,42.0,,,,,,,,
2026-09-07 14:58:49.508995,0.46221923828125,0.5191650390625,0.5614013671875,0.448974609375,0.08984375,-0.43359375,0.0859375,-0.0234375,0.01171875,-0.017578125,1738.25,54.7,177.8,49.4,41.6,,,,,,,,
2026-09-07 14:58:49.609111,0.46185302734375,0.519287109375,0.56170654296875,0.448974609375,0.12109375,-0.41796875,-0.11328125,-0.017578125,0.01171875,-0.029296875,1738.25,54.7,177.8,49.4,41.6,,,,,,,,
2026-09-07 14:58:49.689354,0.46136474609375,0.519287109375,0.56201171875,0.44903564453125,-0.1484375,-0.23046875,0.0390625,-0.01171875,0.009765625,-0.0078125,1741.25,54.7,177.8,49.8,40.0,,,,,,,,
2026-09-07 14:58:49.795097,0.46136474609375,0.51922607421875,0.562255859375,0.44879150390625,-0.0859375,-0.390625,-0.08984375,-0.021484375,0.00390625,0.0078125,1741.25,54.7,177.8,49.8,40.0,,,,,,,,
2026-09-07 14:58:49.896307,0.4610595703125,0.51898193359375,0.56292724609375,0.4407958984375,0.265625,-0.19140625,0.17578125,0.00390625,0.01171875,-0.01171875,1749.0,54.7,177.8,49.0,40.0,,,,,,,,
2026-09-07 14:58:50.012056,0.4610595703125,0.51953125,0.56268310546875,0.44818115234375,-0.05078125,-0.390625,0.26953125,0.015625,0.00390625,-0.005859375,1749.0,54.7,177.8,49.0,40.0,,,,,,,,
2026-09-07 14:58:50.109945,0.460693359375,0.51971435546875,0.56280517578125,0.44830322265625,-0.0859375,-0.28125,-0.14453125,0.0,0.009765625,-0.0078125,1756.25,54.7,177.8,48.2,40.8,,,,,,,,
2026-09-07 14:58:50.208979,0.46063232421875,0.51995849609375,0.56268310546875,0.44818115234375,-0.02734375,-0.171875,-0.0859375,-0.0078125,0.0078125,-0.009765625,1756.25,54.7,177.8,48.2,40.8,,,,,,,,
2026-09-07 14:58:50.309166,0.46044921875,0.520263671875,0.56268310546875,0.447998046875,-0.203125,0.10546875,-0.09765625,0.0078125,0.0078125,-0.005859375,1746.75,54.7,177.8,49.4,39.2,,,,,,,,
2026-09-07 14:58:50.407353,0.4603271484375,0.52056884765625,0.5625,0.447998046875,0.08203125,0.03515625,0.13671875,0.0078125,0.00390625,-0.01171875,1746.75,54.7,177.8,49.4,39.2,,,,,,,,
2026-09-07 14:58:50.509407,0.46014404296875,0.52093505859375,0.5623779296875,0.447998046875,-0.36328125,0.265625,0.19921875,0.0078125,0.001953125,0.005859375,1735.0,54.7,177.8,42.0,28.6,,,,,,,,
2026-09-07 14:58:50.609176,0.46026611328125,0.5205078125,0.5626220703125,0.44793701171875,-0.109375,0.515625,-0.0390625,-0.013671875,-0.00390625,0.025390625,1735.0,54.7,177.8,42.0,28.6,,,,,,,,
2026-09-07 14:58:50.712249,0.4595947265625,0.5201416015625,0.56298828125,0.4486083984375,0.09375,0.11328125,-0.19140625,-0.03125,0.001953125,0.005859375,1750.75,54.7,177.8,40.0,30.2,,,,,,,,
2026-09-07 14:58:50.810267,0.458984375,0.5205078125,0.5626220703125,0.44921875,0.078125,-0.0703125,0.13671875,0.009765625,0.0,-0.013671875,1750.75,54.7,177.8,40.0,30.2,,,,,,,,
2026-09-07 14:58:50.896638,0.45849609375,0.5206298828125,0.5626220703125,0.44970703125,-0.3125,-0.0390625,0.18359375,-0.001953125,0.00390625,-0.009765625,1767.75,54.7,177.8,41.2,36.1,,,,,,,,
2026-09-07 14:58:50.997846,0.4578857421875,0.5208740234375,0.5625,0.4500732421875,-0.09765625,-0.3203125,0.23046875,0.001953125,0.0078125,-0.01953125,1767.75,54.7,177.8,41.2,36.1,,,,,,,,
2026-09-07 14:58:51.110022,0.4571533203125,0.52166748046875,0.56207275390625,0.450439453125,-0.08203125,-0.09765625,0.20703125,0.00390625,0.001953125,-0.005859375,1777.25,54.7,177.8,45.9,42.0,,,,,,,,
2026-09-07 14:58:51.210956,0.45684814453125,0.5220947265625,0.5618896484375,0.45050048828125,0.0625,0.04296875,-0.27734375,0.00390625,0.00390625,0.0078125,1777.25,54.7,177.8,45.9,42.0,,,,,,,,
2026-09-07 14:58:51.310866,0.45684814453125,0.5223388671875,0.56182861328125,0.4503173828125,0.078125,0.1796875,-0.12109375,0.009765625,0.001953125,0.001953125,1766.25,54.7,177.8,49.8,42.7,,,,,,,,
2026-09-07 14:58:51.410776,0.45703125,0.5225830078125,0.56170654296875,0.45001220703125,0.0078125,0.0625,0.140625,0.013671875,0.00390625,-0.00390625,1766.25,54.7,177.8,49.8,42.7,,,,,,,,
2026-09-07 14:58:51.512275,0.45745849609375,0.5228271484375,0.56146240234375,0.44952392578125,-0.27734375,0.4375,0.33203125,0.015625,0.001953125,0.0,1754.5,54.7,177.8,50.2,40.8,,,,,,,,
2026-09-07 14:58:51.612132,0.45770263671875,0.5228271484375,0.56158447265625,0.44921875,0.0234375,0.0390625,0.0390625,0.0078125,0.001953125,0.001953125,1754.5,54.7,177.8,50.2,40.8,,,,,,,,
2026-09-07 14:58:51.713265,0.4578857421875,0.52294921875,0.5615234375,0.44891357421875,0.24609375,-0.16796875,-0.08984375,0.025390625,-0.001953125,-0.005859375,1760.0,54.7,177.8,49.8,40.4,,,,,,,,
2026-09-07 14:58:51.811323,0.45794677734375,0.522705078125,0.5616455078125,0.44903564453125,-0.1171875,0.23828125,0.19140625,0.0,-0.005859375,0.0078125,1760.0,54.7,177.8,49.8,40.4,,,,,,,,
2026-09-07 14:58:51.908242,0.45770263671875,0.52197265625,0.56207275390625,0.44952392578125,0.015625,-0.015625,0.015625,-0.01171875,-0.0078125,-0.00390625,1767.0,55.3,177.8,50.6,41.2,,,,,,,,
2026-09-07 14:58:52.006432,0.45721435546875,0.5216064453125,0.56219482421875,0.4503173828125,0.0078125,-0.16796875,0.27734375,0.001953125,-0.00390625,-0.015625,1767.0,55.3,177.8,50.6,41.2,,,,,,,,
2026-09-07 14:58:52.102702,0.45684814453125,0.521484375,0.56231689453125,0.45068359375,-0.1640625,-0.16796875,-0.0546875,-0.01171875,-0.001953125,-0.009765625,1747.5,55.3,177.8,45.5,28.2,,,,,,,,
2026-09-07 14:58:52.210031,0.4564208984375,0.520751953125,0.56280517578125,0.451416015625,-0.23046875,-0.25,0.16015625,-0.00390625,-0.00390625,-0.005859375,1747.5,55.3,177.8,45.5,28.2,,,,,,,,
2026-09-07 14:58:52.308770,0.4561767578125,0.5206298828125,0.562744140625,0.451904296875,-0.15234375,0.2578125,-0.046875,0.001953125,-0.005859375,-0.005859375,1757.0,55.3,177.8,40.8,29.8,,,,,,,,
2026-09-07 14:58:52.408617,0.45587158203125,0.52032470703125,0.5628662109375,0.452392578125,-0.15234375,0.47265625,0.17578125,-0.0078125,-0.00390625,0.005859375,1757.0,55.3,177.8,40.8,29.8,,,,,,,,
2026-09-07 14:58:52.510017,0.45562744140625,0.5198974609375,0.5631103515625,0.45281982421875,0.015625,0.0859375,0.01171875,0.005859375,-0.005859375,0.017578125,1775.0,55.3,177.8,45.1,39.6,,,,,,,,
2026-09-07 14:58:52.604791,0.45489501953125,0.51995849609375,0.56298828125,0.45361328125,0.25390625,-0.18359375,-0.046875,-0.005859375,0.0,-0.013671875,1775.0,55.3,177.8,45.1,39.6,,,,,,,,
2026-09-07 14:58:52.710231,0.45458984375,0.51959228515625,0.56329345703125,0.4539794921875,-0.12109375,0.20703125,-0.00390625,-0.009765625,-0.00390625,0.001953125,1778.0,55.3,177.8,47.5,41.6,,,,,,,,
2026-09-07 14:58:52.809017,0.45458984375,0.5189208984375,0.563720703125,0.45416259765625,-0.0390625,-0.046875,0.16796875,-0.01171875,0.0,0.009765625,1778.0,55.3,177.8,47.5,41.6,,,,,,,,
2026-09-07 14:58:52.909754,0.4541015625,0.51849365234375,0.56402587890625,0.4547119140625,0.16015625,-0.0703125,-0.31640625,-0.017578125,0.001953125,-0.013671875,1775.75,55.3,179.6,47.8,41.6,,,,,,,,
2026-09-07 14:58:53.009830,0.4537353515625,0.51788330078125,0.5645751953125,0.45513916015625,-0.140625,-0.19921875,0.16015625,-0.021484375,-0.001953125,-0.0078125,1775.75,55.3,179.6,47.8,41.6,,,,,,,,
2026-09-07 14:58:53.102970,0.45355224609375,0.5177001953125,0.56475830078125,0.455322265625,-0.015625,0.3828125,0.07421875,-0.00390625,0.0,-0.013671875,1781.25,55.3,177.8,48.2,41.2,,,,,,,,
2026-09-07 14:58:53.209459,0.4534912109375,0.51751708984375,0.5648193359375,0.45550537109375,0.03125,-0.3203125,0.19140625,-0.00390625,0.0,-0.0078125,1781.25,55.3,177.8,48.2,41.2,,,,,,,,
2026-09-07 14:58:53.309530,0.45355224609375,0.51776123046875,0.56451416015625,0.45556640625,0.07421875,-0.34375,0.02734375,0.009765625,0.0,-0.009765625,1780.25,55.3,179.6,48.6,40.0,,,,,,,,
2026-09-07 14:58:53.409637,0.45391845703125,0.51763916015625,0.56451416015625,0.455322265625,-0.109375,0.45703125,-0.1953125,0.013671875,-0.00390625,0.0,1780.25,55.3,179.6,48.6,40.0,,,,,,,,
2026-09-07 14:58:53.508972,0.45428466796875,0.51739501953125,0.564697265625,0.45501708984375,0.03125,0.1015625,0.2421875,0.00390625,-0.00390625,0.02734375,1783.5,55.3,179.6,47.8,40.4,,,,,,,,
2026-09-07 14:58:53.600433,0.45465087890625,0.51763916015625,0.5643310546875,0.454833984375,0.08203125,0.24609375,-0.01953125,0.021484375,-0.00390625,0.0078125,1783.5,55.3,179.6,47.8,40.4,,,,,,,,
2026-09-07 14:58:53.710738,0.4547119140625,0.5177001953125,0.56414794921875,0.45489501953125,0.26171875,-0.203125,-0.1796875,0.0,-0.001953125,0.001953125,1792.75,55.3,179.6,49.0,42.0,,,,,,,,
2026-09-07 14:58:53.809297,0.45465087890625,0.51788330078125,0.56396484375,0.45501708984375,0.16015625,-0.51953125,0.04296875,0.00390625,-0.001953125,-0.001953125,1792.75,55.3,179.6,49.0,42.0,,,,,,,,
2026-09-07 14:58:53.909151,0.45513916015625,0.5179443359375,0.56365966796875,0.45477294921875,0.04296875,-0.1328125,0.640625,0.015625,-0.00390625,0.00390625,1789.75,55.9,179.6,50.2,40.8,,,,,,,,
2026-09-07 14:58:54.009297,0.4560546875,0.51806640625,0.5633544921875,0.45416259765625,0.296875,0.33984375,-0.23046875,0.0390625,-0.00390625,0.005859375,1789.75,55.9,179.6,50.2,40.8,,,,,,,,
2026-09-07 14:58:54.108643,0.45697021484375,0.5181884765625,0.56298828125,0.4534912109375,-0.0859375,0.1484375,0.203125,0.0390625,-0.0078125,0.0,1784.25,55.9,179.6,49.0,39.6,,,,,,,,
2026-09-07 14:58:54.210160,0.45751953125,0.51812744140625,0.56280517578125,0.4532470703125,-0.046875,-0.08203125,0.2421875,0.015625,-0.0078125,0.009765625,1784.25,55.9,179.6,49.0,39.6,,,,,,,,
2026-09-07 14:58:54.309337,0.457763671875,0.51824951171875,0.5625,0.45330810546875,0.23828125,-0.12109375,-0.0546875,0.015625,-0.01171875,0.001953125,1799.0,55.9,179.6,47.8,39.2,,,,,,,,
2026-09-07 14:58:54.409887,0.45806884765625,0.5181884765625,0.56231689453125,0.45330810546875,0.0078125,0.375,-0.58203125,0.01953125,-0.00390625,-0.013671875,1799.0,55.9,179.6,47.8,39.2,,,,,,,,
2026-09-07 14:58:54.510977,0.4583740234375,0.51837158203125,0.5618896484375,0.45330810546875,0.28125,-0.48046875,-0.12890625,0.015625,-0.0078125,-0.01171875,1797.5,55.9,179.6,47.5,31.8,,,,,,,,
2026-09-07 14:58:54.728759,0.458984375,0.51904296875,0.5609130859375,0.453125,-0.09375,-0.01953125,0.03125,0.025390625,-0.0078125,-0.0078125,1778.0,55.9,179.6,39.6,26.7,,,,,,,,
2026-09-07 14:58:54.824307,0.45904541015625,0.51898193359375,0.55291748046875,0.45330810546875,-0.20703125,0.30078125,0.0,0.0078125,-0.01171875,0.001953125,1778.0,55.9,179.6,39.6,26.7,,,,,,,,
2026-09-07 14:58:54.925082,0.45892333984375,0.5189208984375,0.560546875,0.4537353515625,-0.2421875,0.0625,-0.34375,-0.0234375,0.0,-0.005859375,1773.25,55.9,179.6,28.6,23.5,,,,,,,,
2026-09-07 14:58:55.025321,0.4583740234375,0.5185546875,0.56072998046875,0.45452880859375,-0.234375,0.56640625,-0.16015625,-0.046875,-0.001953125,-0.005859375,1773.25,55.9,179.6,28.6,23.5,,,,,,,,
2026-09-07 14:58:55.121274,0.45721435546875,0.51837158203125,0.560791015625,0.45574951171875,-0.03515625,0.11328125,-0.03125,-0.041015625,0.001953125,-0.009765625,1774.0,55.9,179.6,26.3,24.7,,,,,,,,
2026-09-07 14:58:55.223924,0.45611572265625,0.517578125,0.5615234375,0.4569091796875,0.0546875,-0.27734375,-0.10546875,-0.046875,0.001953125,-0.0078125,1774.0,55.9,179.6,26.3,24.7,,,,,,,,
2026-09-07 14:58:55.324648,0.45501708984375,0.5172119140625,0.56182861328125,0.45806884765625,0.1171875,-0.66796875,0.22265625,-0.021484375,0.001953125,-0.013671875,1778.75,55.9,179.6,26.7,25.1,,,,,,,,
2026-09-07 14:58:55.424875,0.45404052734375,0.51715087890625,0.56201171875,0.45892333984375,0.05078125,-0.4765625,-0.078125,-0.029296875,0.00390625,-0.015625,1778.75,55.9,179.6,26.7,25.1,,,,,,,,
2026-09-07 14:58:55.524946,0.4527587890625,0.516845703125,0.5623779296875,0.46002197265625,-0.1171875,0.2890625,-0.453125,-0.041015625,0.00390625,-0.015625,1767.0,55.9,179.6,25.5,24.3,,,,,,,,
2026-09-07 14:58:55.617017,0.4510498046875,0.51629638671875,0.56304931640625,0.46148681640625,-0.29296875,0.09765625,-0.078125,-0.0546875,0.005859375,-0.009765625,1767.0,55.9,179.6,25.5,24.3,,,,,,,,
2026-09-07 14:58:55.725651,0.4495849609375,0.515380859375,0.56396484375,0.46282958984375,-0.1328125,0.13671875,-0.01953125,-0.04296875,0.0,-0.025390625,1759.25,55.3,179.6,23.9,24.3,,,,,,,,
2026-09-07 14:58:55.824399,0.4478759765625,0.5146484375,0.5648193359375,0.46429443359375,-0.38671875,0.640625,0.08984375,-0.05078125,0.001953125,0.0078125,1759.25,55.3,179.6,23.9,24.3,,,,,,,,
2026-09-07 14:58:55.925185,0.4462890625,0.513671875,0.5657958984375,0.465576171875,-0.1953125,0.02734375,0.125,-0.04296875,0.001953125,0.009765625,1761.5,55.3,179.6,23.9,23.1,,,,,,,,
2026-09-07 14:58:56.024821,0.44525146484375,0.5135498046875,0.56610107421875,0.4664306640625,-0.02734375,-0.0859375,-0.04296875,-0.0234375,0.001953125,-0.01171875,1761.5,55.3,179.6,23.9,23.1,,,,,,,,
2026-09-07 14:58:56.126210,0.444091796875,0.51361083984375,0.56622314453125,0.46722412109375,-0.125,-0.0703125,-0.11328125,-0.025390625,0.001953125,0.0,1761.5,55.3,179.6,23.1,24.3,,,,,,,,
2026-09-07 14:58:56.217833,0.443115234375,0.51385498046875,0.56622314453125,0.46795654296875,0.07421875,0.01171875,-0.28125,-0.02734375,0.0078125,0.001953125,1761.5,55.3,179.6,23.1,24.3,,,,,,,,
2026-09-07 14:58:56.326034,0.4425048828125,0.5140380859375,0.56622314453125,0.46832275390625,0.015625,-0.3671875,0.1015625,0.0,0.00390625,-0.001953125,1759.25,55.3,179.6,23.5,24.3,,,,,,,,
2026-09-07 14:58:56.426558,0.44195556640625,0.5146484375,0.56597900390625,0.468505859375,0.05078125,0.1640625,-0.48046875,0.0078125,0.0078125,-0.01953125,1759.25,55.3,179.6,23.5,24.3,,,,,,,,
2026-09-07 14:58:56.526556,0.441162109375,0.51531982421875,0.565673828125,0.4688720703125,0.390625,-0.35546875,-0.48828125,-0.0234375,0.009765625,-0.015625,1755.25,55.3,179.6,23.1,23.9,,,,,,,,
2026-09-07 14:58:56.633735,0.43994140625,0.51605224609375,0.56549072265625,0.46942138671875,0.07421875,-0.09375,-0.2421875,-0.033203125,0.009765625,0.001953125,1755.25,55.3,179.6,23.1,23.9,,,,,,,,
2026-09-07 14:58:56.721251,0.43914794921875,0.51763916015625,0.564697265625,0.4693603515625,0.0234375,0.38671875,-0.30859375,-0.05859375,0.01171875,0.00390625,1753.75,55.3,179.6,22.7,23.9,,,,,,,,
2026-09-07 14:58:56.833493,0.43902587890625,0.51824951171875,0.56439208984375,0.46917724609375,0.22265625,-0.2421875,-0.1328125,-0.037109375,0.013671875,-0.005859375,1753.75,55.3,179.6,22.7,23.9,,,,,,,,
2026-09-07 14:58:56.933242,0.4384765625,0.52032470703125,0.56341552734375,0.4686279296875,0.11328125,-0.7578125,0.08984375,-0.01953125,0.025390625,-0.00390625,1755.25,55.3,179.6,25.1,25.9,,,,,,,,
2026-09-07 14:58:57.022515,0.4378662109375,0.52142333984375,0.563232421875,0.46807861328125,-0.24609375,0.80078125,0.14453125,0.00390625,0.0234375,-0.0234375,1755.25,55.3,179.6,25.1,25.9,,,,,,,,
2026-09-07 14:58:57.134606,0.4373779296875,0.5216064453125,0.5635986328125,0.468017578125,-0.15625,-0.12109375,0.04296875,-0.029296875,0.029296875,-0.0078125,1746.75,55.3,179.6,28.2,26.7,,,,,,,,
2026-09-07 14:58:57.217290,0.43548583984375,0.52215576171875,0.56475830078125,0.4677734375,0.12109375,0.234375,-0.515625,-0.02734375,0.03125,-0.017578125,1746.75,55.3,179.6,28.2,26.7,,,,,,,,
2026-09-07 14:58:57.324231,0.434814453125,0.52203369140625,0.56536865234375,0.46771240234375,0.08984375,0.203125,-0.33984375,-0.041015625,0.0234375,0.0,1754.5,55.3,179.6,29.0,26.7,,,,,,,,
2026-09-07 14:58:57.423425,0.43341064453125,-1.4783935546875,0.56689453125,0.46771240234375,0.11328125,0.0859375,-0.02734375,-0.044921875,0.02734375,0.009765625,1754.5,55.3,179.6,29.0,26.7,,,,,,,,
2026-09-07 14:58:57.523707,0.43646240234375,0.52435302734375,0.56549072265625,0.46337890625,0.08984375,-0.03125,0.22265625,-0.03125,0.03125,0.001953125,1750.0,55.3,179.6,29.0,26.3,,,,,,,,
2026-09-07 14:58:57.623868,0.43780517578125,0.526123046875,0.56524658203125,0.46044921875,0.07421875,0.23828125,0.03125,-0.0234375,0.03515625,0.001953125,1750.0,55.3,179.6,29.0,26.3,,,,,,,,
2026-09-07 14:58:57.723954,0.43829345703125,0.527099609375,0.5657958984375,0.458251953125,0.07421875,-0.359375,-0.19921875,-0.015625,0.029296875,-0.00390625,1756.25,55.3,179.6,28.2,26.3,,,,,,,,
2026-09-07 14:58:57.823180,0.4376220703125,0.52783203125,0.56646728515625,0.45721435546875,0.07421875,0.0859375,-0.18359375,-0.017578125,0.02734375,0.013671875,1756.25,55.3,179.6,28.2,26.3,,,,,,,,
2026-09-07 14:58:57.923787,0.4368896484375,0.52838134765625,0.56732177734375,0.4561767578125,-0.078125,-0.11328125,0.12109375,-0.017578125,0.03515625,0.017578125,1752.25,55.3,179.6,28.2,25.1,,,,,,,,
2026-09-07 14:58:58.023938,0.43634033203125,0.52911376953125,0.568115234375,0.45489501953125,-0.03515625,0.3515625,-0.25390625,-0.017578125,0.037109375,0.009765625,1752.25,55.3,179.6,28.2,25.1,,,,,,,,
2026-09-07 14:58:58.121831,0.435791015625,0.53009033203125,0.5687255859375,0.45343017578125,0.05859375,0.22265625,-0.3203125,0.0,0.0390625,0.0078125,1750.0,55.3,179.6,25.9,24.3,,,,,,,,
2026-09-07 14:58:58.230818,0.43597412109375,0.53179931640625,0.56884765625,0.45111083984375,-0.06640625,0.375,-0.07421875,0.0234375,0.04296875,0.001953125,1750.0,55.3,179.6,25.9,24.3,,,,,,,,
2026-09-07 14:58:58.321779,0.43646240234375,0.53472900390625,0.56878662109375,0.44720458984375,0.15625,-0.1328125,-0.45703125,0.01953125,0.048828125,0.00390625,1753.0,55.3,179.6,24.3,24.7,,,,,,,,
2026-09-07 14:58:58.430296,0.436767578125,0.53619384765625,0.56842041015625,0.4456787109375,0.15625,-0.0234375,-0.1796875,0.0234375,0.0546875,0.00390625,1753.0,55.3,179.6,24.3,24.7,,,,,,,,
2026-09-07 14:58:58.522685,0.43792724609375,0.54107666015625,0.5672607421875,0.4400634765625,0.01953125,0.4453125,-0.4375,0.015625,0.056640625,0.009765625,1749.0,55.3,179.6,24.7,24.7,,,,,,,,
2026-09-07 14:58:58.619485,0.43853759765625,0.54266357421875,-1.43310546875,0.43792724609375,0.09375,0.22265625,-0.421875,-0.00390625,0.05859375,0.021484375,1749.0,55.3,179.6,24.7,24.7,,,,,,,,
2026-09-07 14:58:58.731690,0.4395751953125,0.5457763671875,0.5662841796875,0.43389892578125,0.2109375,0.421875,-0.296875,-0.01171875,0.05859375,0.01171875,1753.75,55.3,179.6,24.7,24.7,,,,,,,,
2026-09-07 14:58:58.829445,0.4404296875,0.55023193359375,0.5654296875,0.42840576171875,0.26171875,-0.34765625,0.01171875,-0.0234375,0.0625,-0.005859375,1753.75,55.3,179.6,24.7,24.7,,,,,,,,
2026-09-07 14:58:58.929482,0.4404296875,0.55328369140625,0.56494140625,0.4251708984375,-0.08203125,-0.25390625,0.08984375,-0.001953125,0.060546875,0.001953125,1756.25,55.3,179.6,24.3,24.7,,,,,,,,
2026-09-07 14:58:59.029026,0.44073486328125,0.55572509765625,0.56488037109375,0.4217529296875,-0.04296875,-0.046875,-0.23046875,-0.009765625,0.056640625,0.0078125,1756.25,55.3,179.6,24.3,24.7,,,,,,,,
2026-09-07 14:58:59.579163,0.4405517578125,0.5567626953125,0.56500244140625,0.42034912109375,-0.12890625,0.19921875,0.14453125,-0.0078125,-0.001953125,-0.001953125,1753.0,55.3,179.6,29.0,26.7,,,,,,,,
2026-09-07 14:58:59.679513,0.4405517578125,0.5567626953125,0.56500244140625,0.42034912109375,-0.12890625,0.19921875,0.14453125,-0.0078125,-0.001953125,-0.001953125,1753.0,55.3,179.6,28.6,26.3,,,,,,,,
2026-09-07 14:58:59.778594,0.4405517578125,0.5567626953125,0.56500244140625,0.42034912109375,-0.12890625,0.19921875,0.14453125,-0.0078125,-0.001953125,-0.001953125,1753.0,55.3,179.6,28.6,26.3,,,,,,,,
2026-09-07 14:58:59.878684,0.4405517578125,0.5567626953125,0.56500244140625,0.42034912109375,-0.12890625,0.19921875,0.14453125,-0.0078125,-0.001953125,-0.001953125,1754.5,55.3,179.6,28.6,26.3,,,,,,,,
2026-09-07 14:58:59.978821,0.4405517578125,0.5567626953125,0.56500244140625,0.42034912109375,-0.12890625,0.19921875,0.14453125,-0.0078125,-0.001953125,-0.001953125,1754.5,55.3,179.6,28.6,26.3,,,,,,,,
2026-09-07 14:59:00.079827,0.4405517578125,0.5567626953125,0.56500244140625,0.42034912109375,-0.12890625,0.19921875,0.14453125,-0.0078125,-0.001953125,-0.001953125,1756.25,55.3,179.6,29.4,27.5,,,,,,,,
2026-09-07 14:59:00.179994,0.4405517578125,0.5567626953125,0.56500244140625,0.42034912109375,-0.12890625,0.19921875,0.14453125,-0.0078125,-0.001953125,-0.001953125,1756.25,55.3,179.6,29.4,27.5,,,,,,,,
2026-09-07 14:59:00.280533,0.4405517578125,0.5567626953125,0.56500244140625,0.42034912109375,-0.12890625,0.19921875,0.14453125,-0.0078125,-0.001953125,-0.001953125,1764.0,55.3,179.6,32.5,30.2,,,,,,,,
2026-09-07 14:59:00.380151,0.4405517578125,0.5567626953125,0.56500244140625,0.42034912109375,-0.12890625,0.19921875,0.14453125,-0.0078125,-0.001953125,-0.001953125,1764.0,55.3,179.6,32.5,30.2,,,,,,,,
2026-09-07 14:59:00.480080,0.4405517578125,0.5567626953125,0.56500244140625,0.42034912109375,-0.12890625,0.19921875,0.14453125,-0.0078125,-0.001953125,-0.001953125,1760.75,55.9,179.6,35.7,32.2,,,,,,,,
2026-09-07 14:59:00.579971,0.4405517578125,0.5567626953125,0.56500244140625,0.42034912109375,-0.12890625,0.19921875,0.14453125,-0.0078125,-0.001953125,-0.001953125,1760.75,55.9,179.6,35.7,32.2,,,,,,,,
2026-09-07 14:59:00.679771,0.4405517578125,0.5567626953125,0.56500244140625,0.42034912109375,-0.12890625,0.19921875,0.14453125,-0.0078125,-0.001953125,-0.001953125,1761.5,55.9,179.6,36.1,32.2,,,,,,,,
2026-09-07 14:59:00.779947,0.4405517578125,0.5567626953125,0.56500244140625,0.42034912109375,-0.12890625,0.19921875,0.14453125,-0.0078125,-0.001953125,-0.001953125,1761.5,55.9,179.6,36.1,32.2,,,,,,,,
2026-09-07 14:59:00.879882,0.4405517578125,0.5567626953125,0.56500244140625,0.42034912109375,-0.12890625,0.19921875,0.14453125,-0.0078125,-0.001953125,-0.001953125,1764.75,55.9,179.6,35.3,31.0,,,,,,,,
2026-09-07 14:59:00.979719,0.4405517578125,0.5567626953125,0.56500244140625,0.42034912109375,-0.12890625,0.19921875,0.14453125,-0.0078125,-0.001953125,-0.001953125,1764.75,55.9,179.6,35.3,31.0,,,,,,,,
2026-09-07 14:59:01.080219,0.4405517578125,0.5567626953125,0.56500244140625,0.42034912109375,-0.12890625,0.19921875,0.14453125,-0.0078125,-0.001953125,-0.001953125,1765.5,55.9,179.6,34.9,30.2,,,,,,,,
2026-09-07 14:59:01.180492,0.4405517578125,0.5567626953125,0.56500244140625,0.42034912109375,-0.12890625,0.19921875,0.14453125,-0.0078125,-0.001953125,-0.001953125,1765.5,55.9,179.6,34.9,30.2,1.0,12.0,36.98249166666667,-122.14290816666669,26.6,0.64,49.425,289.09
2026-09-07 14:59:01.280335,0.4405517578125,0.5567626953125,0.56500244140625,0.42034912109375,-0.12890625,0.19921875,0.14453125,-0.0078125,-0.001953125,-0.001953125,1765.5,55.9,179.6,29.8,26.3,1.0,12.0,36.983923,-122.14611366666666,29.0,0.73,49.425,289.09
2026-09-07 14:59:01.380407,0.4405517578125,0.5567626953125,0.56500244140625,0.42034912109375,-0.12890625,0.19921875,0.14453125,-0.0078125,-0.001953125,-0.001953125,1765.5,55.9,179.6,29.8,26.3,1.0,12.0,36.983923,-122.14611366666666,29.0,0.73,49.425,289.09
2026-09-07 14:59:01.482038,0.4405517578125,0.5567626953125,0.56500244140625,0.42034912109375,-0.12890625,0.19921875,0.14453125,-0.0078125,-0.001953125,-0.001953125,1771.75,55.9,179.6,29.0,26.7,1.0,12.0,36.983923,-122.14611366666666,29.0,0.73,49.425,289.09
2026-09-07 14:59:03.478240,0.5028076171875,0.5047607421875,0.4974365234375,0.49493408203125,0.0703125,7.61328125,0.0234375,0.03125,0.05078125,0.001953125,1772.5,55.9,179.6,20.4,23.1,,,,,,,,
2026-09-07 14:59:03.577287,0.50213623046875,0.505859375,0.4989013671875,0.4930419921875,-0.0234375,4.23046875,0.19921875,0.021484375,0.05078125,0.005859375,1772.5,55.9,179.6,20.4,23.1,,,,,,,,
2026-09-07 14:59:03.676096,0.50146484375,0.5072021484375,0.50006103515625,0.4910888671875,-0.0703125,4.27734375,-0.0234375,0.0234375,0.05078125,0.005859375,1771.75,55.9,179.6,20.4,23.1,,,,,,,,
2026-09-07 14:59:03.777070,0.50128173828125,0.5086669921875,0.50091552734375,0.4888916015625,-0.0546875,4.13671875,0.03125,0.04296875,0.0390625,0.0234375,1771.75,55.9,179.6,20.4,23.1,,,,,,,,
2026-09-07 14:59:03.877249,0.50177001953125,0.5101318359375,0.50152587890625,0.4862060546875,-0.03125,3.77734375,0.1328125,0.048828125,0.041015625,0.009765625,1771.75,55.9,179.6,20.0,23.1,,,,,,,,
2026-09-07 14:59:03.977104,0.5018310546875,0.51171875,0.50201416015625,0.48406982421875,-0.078125,-0.0859375,0.11328125,0.01953125,0.033203125,0.00390625,1771.75,55.9,179.6,20.0,23.1,,,,,,,,
2026-09-07 14:59:04.084309,0.49798583984375,0.509521484375,0.5059814453125,0.4862060546875,-0.18359375,-0.5078125,0.17578125,0.03125,0.0234375,-0.009765625,1773.25,55.9,179.6,20.0,23.1,,,,,,,,
2026-09-07 14:59:04.169953,0.4949951171875,0.5087890625,0.508544921875,0.48736572265625,-0.0078125,-0.1015625,0.15234375,0.009765625,0.01953125,0.001953125,1773.25,55.9,179.6,20.0,23.1,,,,,,,,
2026-09-07 14:59:04.276839,0.49395751953125,0.50860595703125,0.50927734375,0.48779296875,-0.18359375,-0.046875,0.1796875,0.02734375,0.0234375,-0.00390625,1775.75,55.9,179.6,20.0,22.7,,,,,,,,
2026-09-07 14:59:04.384268,0.4921875,0.50848388671875,0.5106201171875,0.48828125,-0.1015625,0.03125,0.37109375,0.0390625,0.02734375,-0.005859375,1775.75,55.9,179.6,20.0,22.7,,,,,,,,
2026-09-07 14:59:04.475957,0.49285888671875,0.5108642578125,0.5101318359375,0.4857177734375,-0.1015625,0.15625,0.3203125,0.044921875,0.02734375,-0.005859375,1771.75,55.9,179.6,17.6,20.4,,,,,,,,
2026-09-07 14:59:04.583807,0.4931640625,0.51165771484375,0.50994873046875,0.4847412109375,-0.0703125,0.1640625,-0.1171875,0.037109375,0.025390625,0.017578125,1771.75,55.9,179.6,17.6,20.4,,,,,,,,
2026-09-07 14:59:04.670766,0.4937744140625,0.51348876953125,0.51007080078125,0.48199462890625,0.0,0.27734375,-0.0859375,0.02734375,0.03515625,0.021484375,1771.75,55.9,179.6,14.1,17.6,,,,,,,,
2026-09-07 14:59:04.784092,0.4935302734375,0.513916015625,0.5103759765625,0.4814453125,-0.30859375,0.32421875,-0.21484375,0.01171875,0.029296875,0.00390625,1771.75,55.9,179.6,14.1,17.6,,,,,,,,
2026-09-07 14:59:04.882767,0.492431640625,0.5145263671875,0.5118408203125,0.48040771484375,-0.046875,0.1328125,-0.1328125,0.01171875,0.025390625,-0.00390625,1765.5,55.9,179.6,8.6,17.3,,,,,,,,
2026-09-07 14:59:04.983140,0.49139404296875,0.51495361328125,0.51263427734375,0.480224609375,-0.4375,0.62890625,0.13671875,0.01171875,0.01953125,0.0078125,1765.5,55.9,179.6,8.6,17.3,,,,,,,,
2026-09-07 14:59:05.092706,0.49078369140625,0.5152587890625,0.5133056640625,0.479736328125,-0.390625,0.125,0.21484375,0.009765625,0.017578125,-0.005859375,1760.0,55.9,179.6,6.7,17.6,,,,,,,,
2026-09-07 14:59:05.171425,0.489990234375,0.51580810546875,0.51361083984375,0.47967529296875,-0.3359375,-0.14453125,0.71875,0.03125,0.013671875,-0.017578125,1760.0,55.9,179.6,6.7,17.6,,,,,,,,
2026-09-07 14:59:05.293329,0.48974609375,0.51605224609375,0.513671875,0.4796142578125,-0.22265625,-0.06640625,0.23046875,0.0078125,0.01171875,0.005859375,1763.25,55.9,179.6,6.7,17.3,,,,,,,,
2026-09-07 14:59:05.382640,0.4886474609375,0.51617431640625,0.514404296875,0.479736328125,-0.25390625,0.19140625,0.3359375,0.0078125,0.009765625,0.013671875,1763.25,55.9,179.6,6.7,17.3,,,,,,,,
2026-09-07 14:59:05.492791,0.48828125,0.51617431640625,0.514892578125,0.47967529296875,-0.51171875,0.421875,0.4140625,0.01171875,0.0078125,0.005859375,1761.5,55.9,179.6,6.7,18.8,,,,,,,,
2026-09-07 14:59:05.582212,0.48785400390625,0.51617431640625,0.5152587890625,0.47967529296875,0.14453125,-0.1171875,0.0234375,0.013671875,0.009765625,-0.009765625,1761.5,55.9,179.6,6.7,18.8,,,,,,,,
2026-09-07 14:59:05.801426,0.475341796875,0.51507568359375,0.51708984375,0.49127197265625,0.08203125,0.26171875,0.10546875,0.0390625,0.0078125,-0.001953125,1800.0,55.3,179.6,10.6,20.0,,,,,,,,
2026-09-07 14:59:05.895282,0.47357177734375,0.51483154296875,0.517578125,0.49273681640625,0.1875,0.0,0.14453125,0.025390625,0.009765625,0.009765625,1818.75,55.9,179.6,11.8,20.0,,,,,,,,
2026-09-07 14:59:05.994250,0.47235107421875,0.50653076171875,0.5181884765625,0.4937744140625,0.1875,-0.06640625,0.05078125,0.0078125,0.005859375,0.021484375,1818.75,55.9,179.6,11.8,20.0,,,,,,,,
2026-09-07 14:59:06.095964,0.47137451171875,0.5137939453125,0.518798828125,0.49462890625,0.28125,0.0703125,-0.25390625,-0.01171875,0.001953125,0.0,1778.75,55.3,179.6,12.2,19.6,,,,,,,,
2026-09-07 14:59:06.195146,0.4708251953125,0.513671875,0.5189208984375,0.4951171875,0.140625,-0.234375,0.16015625,0.01953125,0.0,-0.013671875,1778.75,55.3,179.6,12.2,19.6,,,,,,,,
2026-09-07 14:59:06.296299,0.47076416015625,0.513427734375,0.51904296875,0.495361328125,-0.203125,0.0234375,0.08984375,-0.009765625,-0.00390625,0.015625,1771.75,55.3,179.6,13.3,21.2,,,,,,,,
2026-09-07 14:59:06.395511,0.47021484375,0.5125732421875,0.5196533203125,0.49609375,-0.171875,-0.04296875,0.34375,0.001953125,0.0,0.005859375,1771.75,55.3,179.6,13.3,21.2,,,,,,,,
2026-09-07 14:59:06.496784,0.4693603515625,0.51165771484375,0.520263671875,0.49725341796875,0.25,-0.44921875,0.02734375,0.025390625,-0.005859375,-0.0078125,1805.25,55.9,179.6,15.3,21.2,,,,,,,,
2026-09-07 14:59:06.591497,0.468505859375,0.5106201171875,0.52105712890625,0.498291015625,-0.01953125,0.1953125,0.07421875,0.0234375,-0.00390625,-0.013671875,1805.25,55.9,179.6,15.3,21.2,,,,,,,,
2026-09-07 14:59:06.697861,0.4681396484375,0.5093994140625,0.52197265625,0.4989013671875,0.04296875,0.0546875,0.12890625,0.015625,-0.0078125,0.0078125,1782.0,55.9,179.6,15.7,20.8,,,,,,,,
2026-09-07 14:59:06.797764,0.46807861328125,0.50860595703125,0.52239990234375,0.49932861328125,-0.08203125,-0.00390625,0.04296875,0.02734375,-0.0078125,0.0,1782.0,55.9,179.6,15.7,20.8,,,,,,,,
2026-09-07 14:59:06.893348,0.4683837890625,0.50811767578125,0.52264404296875,0.49932861328125,-0.01171875,0.1015625,-0.15625,0.02734375,-0.0078125,0.005859375,1768.75,55.9,179.6,15.3,21.2,,,,,,,,
2026-09-07 14:59:06.992478,0.4691162109375,0.50762939453125,0.52288818359375,0.49884033203125,-0.15625,0.16796875,0.12109375,0.0234375,-0.0078125,0.015625,1768.75,55.9,179.6,15.3,21.2,,,,,,,,
2026-09-07 14:59:07.090030,0.46942138671875,0.50732421875,0.52301025390625,0.49871826171875,0.1484375,0.03515625,-0.078125,0.01171875,-0.001953125,-0.009765625,1771.0,55.3,179.6,16.1,21.2,,,,,,,,
2026-09-07 14:59:07.194162,0.46954345703125,0.507080078125,0.5230712890625,0.498779296875,0.1015625,-0.25390625,0.12109375,0.00390625,-0.001953125,0.00390625,1771.0,55.3,179.6,16.1,21.2,,,,,,,,
2026-09-07 14:59:07.294584,0.4700927734375,0.5069580078125,0.52294921875,0.49847412109375,-0.15234375,0.12109375,-0.125,0.013671875,-0.00390625,-0.001953125,1764.0,55.3,179.6,16.1,21.2,,,,,,,,
2026-09-07 14:59:07.394986,0.47064208984375,0.5068359375,0.52276611328125,0.49835205078125,0.09375,-0.19140625,0.0,0.005859375,-0.009765625,0.00390625,1764.0,55.3,179.6,16.1,21.2,,,,,,,,
2026-09-07 14:59:07.494312,0.47119140625,0.5067138671875,0.52252197265625,0.49822998046875,0.046875,0.1015625,0.17578125,0.0,-0.00390625,0.00390625,1765.5,55.3,177.8,16.1,20.8,,,,,,,,
2026-09-07 14:59:07.594731,0.47210693359375,0.50677490234375,0.52203369140625,0.497802734375,-0.09765625,-0.11328125,0.12109375,0.025390625,-0.009765625,0.00390625,1765.5,55.3,177.8,16.1,20.8,,,,,,,,
2026-09-07 14:59:07.694948,0.47259521484375,0.5067138671875,0.521728515625,0.4976806640625,0.1171875,-0.53515625,0.10546875,0.03125,-0.005859375,0.001953125,1761.5,55.3,179.6,15.7,20.8,,,,,,,,
2026-09-07 14:59:07.793720,0.47308349609375,0.5064697265625,0.5216064453125,0.49761962890625,0.23046875,-0.11328125,-0.015625,0.0234375,-0.00390625,-0.005859375,1761.5,55.3,179.6,15.7,20.8,,,,,,,,
2026-09-07 14:59:07.895044,0.4739990234375,0.50689697265625,0.52081298828125,0.49713134765625,0.1484375,-0.3515625,-0.046875,0.033203125,-0.009765625,0.013671875,1759.25,55.3,177.8,15.7,20.8,,,,,,,,
2026-09-07 14:59:07.994417,0.474365234375,0.50750732421875,0.51995849609375,0.49700927734375,0.1328125,-0.5,0.0,0.037109375,0.0,-0.01953125,1759.25,55.3,177.8,15.7,20.8,,,,,,,,
2026-09-07 14:59:08.086345,0.4744873046875,0.5076904296875,0.51971435546875,0.4969482421875,-0.16015625,0.36328125,-0.16796875,0.015625,-0.00390625,-0.00390625,1762.5,55.3,177.8,15.7,20.8,,,,,,,,
2026-09-07 14:59:08.195040,0.47564697265625,0.5076904296875,0.51934814453125,0.496337890625,0.1015625,0.02734375,-0.20703125,0.015625,-0.005859375,0.00390625,1762.5,55.3,177.8,15.7,20.8,,,,,,,,
2026-09-07 14:59:08.294080,0.4764404296875,0.50787353515625,0.51885986328125,0.49591064453125,0.1328125,0.0,0.25390625,0.009765625,-0.009765625,0.009765625,1760.75,55.3,177.8,15.7,20.8,,,,,,,,
2026-09-07 14:59:08.394232,0.47723388671875,0.50848388671875,0.5179443359375,0.49542236328125,0.17578125,-0.50390625,0.24609375,0.03125,-0.00390625,-0.00390625,1760.75,55.3,177.8,15.7,20.8,,,,,,,,
2026-09-07 14:59:08.495109,0.47796630859375,0.50885009765625,0.517333984375,0.4949951171875,-0.22265625,0.0234375,-0.01953125,0.033203125,-0.0078125,0.00390625,1760.0,55.9,177.8,15.3,20.8,,,,,,,,
2026-09-07 14:59:08.594776,0.478759765625,0.50933837890625,0.5166015625,0.4945068359375,-0.21484375,0.171875,0.0546875,0.029296875,-0.00390625,-0.0078125,1760.0,55.9,177.8,15.3,20.8,,,,,,,,
2026-09-07 14:59:08.694609,0.47943115234375,0.5098876953125,0.5157470703125,0.49420166015625,0.0625,-0.140625,-0.2890625,0.033203125,-0.005859375,-0.0078125,1763.25,55.9,177.8,15.3,20.8,,,,,,,,
2026-09-07 14:59:08.794644,0.48040771484375,0.51043701171875,0.5147705078125,0.49365234375,-0.11328125,0.34765625,0.04296875,0.03125,-0.009765625,0.00390625,1763.25,55.9,177.8,15.3,20.8,,,,,,,,
2026-09-07 14:59:08.893994,0.4813232421875,0.510498046875,0.51422119140625,0.4932861328125,0.0078125,0.0859375,0.05859375,0.021484375,-0.01171875,0.00390625,1763.25,55.9,177.8,15.7,20.8,,,,,,,,
2026-09-07 14:59:08.993305,0.48223876953125,0.5101318359375,0.5140380859375,0.492919921875,-0.06640625,0.62109375,0.08984375,0.001953125,-0.009765625,0.017578125,1763.25,55.9,177.8,15.7,20.8,,,,,,,,
2026-09-07 14:59:09.087107,0.48297119140625,0.509521484375,0.50634765625,0.49273681640625,-0.08203125,0.765625,0.08984375,0.005859375,-0.01171875,0.021484375,1767.75,55.9,177.8,15.7,,,,,,,,,
2026-09-07 14:59:09.194967,0.48388671875,0.50885009765625,0.5142822265625,0.492431640625,0.0859375,0.38671875,0.08984375,0.0078125,-0.013671875,0.0234375,1767.75,55.9,177.8,15.7,,,,,,,,,
2026-09-07 14:59:09.294382,0.48455810546875,0.50885009765625,0.513671875,0.49237060546875,0.30078125,-0.6328125,-0.01171875,0.015625,-0.01171875,0.00390625,1767.75,55.9,177.8,15.7,,,,,,,,,
2026-09-07 14:59:09.395113,0.48504638671875,0.50994873046875,0.51214599609375,0.4923095703125,0.078125,-0.48828125,0.1640625,0.03125,-0.0078125,-0.015625,1767.75,55.9,177.8,15.7,,,,,,,,,
2026-09-07 14:59:09.495664,0.48583984375,0.5107421875,0.5108642578125,0.49200439453125,-0.09765625,-0.53125,0.12109375,0.015625,-0.009765625,-0.0078125,1767.75,55.9,177.8,15.3,19.6,,,,,,,,
2026-09-07 14:59:09.591586,0.48699951171875,0.5108642578125,0.5101318359375,0.4915771484375,0.09375,-0.87890625,0.21875,0.021484375,-0.015625,0.00390625,1767.75,55.9,177.8,15.3,19.6,,,,,,,,
2026-09-07 14:59:09.696834,0.48724365234375,0.51092529296875,0.5093994140625,0.49200439453125,-0.0234375,-0.37890625,0.3828125,0.013671875,-0.01171875,-0.01171875,1765.5,55.9,177.8,12.5,17.6,,,,,,,,
2026-09-07 14:59:09.792901,0.4873046875,0.51068115234375,0.50927734375,0.4923095703125,0.0625,-0.140625,-0.1171875,-0.001953125,-0.013671875,-0.013671875,1765.5,55.9,177.8,12.5,17.6,,,,,,,,
2026-09-07 14:59:09.893069,0.48712158203125,0.50970458984375,0.509521484375,0.49322509765625,-0.12890625,-0.171875,0.16796875,-0.01171875,-0.015625,-0.013671875,1767.75,55.9,177.8,11.0,19.2,,,,,,,,
2026-09-07 14:59:09.992788,0.48712158203125,0.50897216796875,0.50933837890625,0.49420166015625,-0.28125,0.140625,0.08203125,-0.01171875,-0.01953125,-0.005859375,1767.75,55.9,177.8,11.0,19.2,,,,,,,,
2026-09-07 14:59:10.088196,0.48651123046875,0.50775146484375,0.5091552734375,0.49627685546875,-0.35546875,0.06640625,0.39453125,0.0,-0.01953125,0.015625,1767.75,55.9,177.8,11.4,19.2,,,,,,,,
2026-09-07 14:59:10.193004,0.48565673828125,0.50762939453125,0.50872802734375,0.49761962890625,-0.08203125,-0.2109375,0.29296875,0.02734375,-0.0234375,-0.001953125,1767.75,55.9,177.8,11.4,19.2,1.0,12.0,36.983923,-122.14611366666666,29.0,0.73,49.579,280.36
2026-09-07 14:59:10.293123,0.48492431640625,0.5078125,0.5076904296875,0.49920654296875,-0.1328125,-0.65234375,0.20703125,0.029296875,-0.015625,-0.02734375,1762.5,55.9,177.8,11.4,19.2,1.0,12.0,36.983923,-122.14611366666666,29.0,0.73,49.579,280.36
2026-09-07 14:59:10.392737,0.48529052734375,0.50830078125,0.50634765625,0.499755859375,-0.125,-0.3515625,-0.08203125,0.01953125,-0.015625,-0.001953125,1762.5,55.9,177.8,11.4,19.2,1.0,12.0,36.983923,-122.14611366666666,29.0,0.73,49.579,280.36
2026-09-07 14:59:10.492482,0.4862060546875,0.50799560546875,0.50555419921875,0.49993896484375,-0.1328125,0.20703125,0.1328125,0.03125,-0.025390625,0.01171875,1752.25,55.9,179.6,11.0,18.8,1.0,12.0,36.983923,-122.14611366666666,29.0,0.73,49.579,280.36
2026-09-07 14:59:10.593048,0.48773193359375,0.5079345703125,0.50445556640625,0.49969482421875,-0.1484375,-0.15234375,0.2109375,0.0546875,-0.025390625,0.013671875,1752.25,55.9,179.6,11.0,18.8,1.0,12.0,36.983923,-122.14611366666666,29.0,0.73,49.579,280.36
2026-09-07 14:59:10.692597,0.48907470703125,0.5078125,0.50335693359375,0.49951171875,0.0703125,-0.17578125,0.04296875,0.025390625,-0.01953125,-0.00390625,1755.25,55.9,179.6,7.5,16.1,1.0,12.0,36.983923,-122.14611366666666,29.0,0.73,49.579,280.36
2026-09-07 14:59:10.792380,0.4901123046875,0.50775146484375,0.50225830078125,0.499755859375,-0.11328125,0.33203125,-0.05859375,0.025390625,-0.025390625,-0.005859375,1755.25,55.9,179.6,7.5,16.1,1.0,12.0,36.983923,-122.14611366666666,29.0,0.73,49.579,280.36
2026-09-07 14:59:10.892672,0.489501953125,0.506591796875,0.5020751953125,0.501708984375,-0.0703125,-0.015625,-0.04296875,0.001953125,-0.02734375,0.001953125,1760.75,55.9,179.6,6.3,17.6,1.0,12.0,36.983923,-122.14611366666666,29.0,0.73,49.579,280.36
2026-09-07 14:59:10.992892,0.48822021484375,0.50482177734375,0.50213623046875,0.50457763671875,0.03515625,-0.12890625,0.37890625,-0.009765625,-0.03515625,0.013671875,1760.75,55.9,179.6,6.3,17.6,1.0,12.0,36.983923,-122.14611366666666,29.0,0.73,49.579,280.36
2026-09-07 14:59:11.092538,0.48748779296875,0.503662109375,0.50152587890625,0.507080078125,-0.23046875,0.15234375,0.23046875,-0.001953125,-0.0390625,0.001953125,1773.25,55.9,179.6,6.3,18.4,1.0,12.0,36.983923,-122.14611366666666,29.0,0.73,49.579,280.36
2026-09-07 14:59:11.192008,0.4864501953125,0.50152587890625,0.50140380859375,0.51031494140625,0.0078125,0.296875,0.3203125,-0.009765625,-0.048828125,0.009765625,1773.25,55.9,179.6,6.3,18.4,,,,,,,,
2026-09-07 14:59:11.292958,0.4854736328125,0.49932861328125,0.501220703125,0.51361083984375,0.15234375,-0.00390625,0.12109375,0.00390625,-0.046875,0.0,1777.25,55.9,179.6,9.8,20.0,,,,,,,,
2026-09-07 14:59:11.399613,0.48419189453125,0.4969482421875,0.5013427734375,0.5169677734375,-0.0078125,-0.35546875,0.234375,0.013671875,-0.041015625,0.0078125,1777.25,55.9,179.6,9.8,20.0,,,,,,,,
2026-09-07 14:59:11.491037,0.4833984375,0.49456787109375,0.50146484375,0.5198974609375,0.03515625,-0.109375,-0.11328125,0.01171875,-0.04296875,-0.001953125,1764.0,55.9,179.6,12.5,20.4,,,,,,,,
2026-09-07 14:59:11.587968,0.48297119140625,0.49212646484375,0.50152587890625,0.52252197265625,0.04296875,-0.046875,0.046875,0.013671875,-0.046875,0.0078125,1764.0,55.9,179.6,12.5,20.4,,,,,,,,
2026-09-07 14:59:11.699952,0.4827880859375,0.48968505859375,0.50128173828125,0.52520751953125,0.19140625,-0.51953125,0.34375,0.021484375,-0.048828125,-0.013671875,1773.25,55.9,179.6,12.5,20.4,,,,,,,,
2026-09-07 14:59:11.799167,0.48272705078125,0.487548828125,0.50054931640625,0.52789306640625,-0.0078125,-0.3359375,0.17578125,0.0234375,-0.0546875,-0.005859375,1773.25,55.9,179.6,12.5,20.4,,,,,,,,
2026-09-07 14:59:11.899245,0.48260498046875,0.48516845703125,0.5001220703125,0.5306396484375,-0.1484375,-0.06640625,0.046875,0.01171875,-0.05078125,0.001953125,1783.5,55.9,179.6,12.9,19.6,,,,,,,,
2026-09-07 14:59:11.998340,0.48272705078125,0.4827880859375,0.49951171875,0.53326416015625,-0.1328125,0.39453125,-0.0390625,0.013671875,-0.056640625,0.005859375,1783.5,55.9,179.6,12.9,19.6,,,,,,,,
2026-09-07 14:59:12.087159,0.48321533203125,0.4803466796875,0.4990234375,0.53546142578125,-0.18359375,0.484375,-0.26953125,0.0078125,-0.052734375,0.015625,1775.75,55.9,179.6,12.5,20.4,,,,,,,,
2026-09-07 14:59:12.200466,0.4840087890625,0.4781494140625,0.49847412109375,0.53729248046875,0.3125,-0.18359375,-0.13671875,-0.01953125,-0.0546875,0.009765625,1775.75,55.9,179.6,12.5,20.4,1.0,12.0,36.983923,-122.14611366666666,29.0,0.73,49.697,284.12
2026-09-07 14:59:12.299850,0.48486328125,0.47650146484375,0.4974365234375,0.5389404296875,-0.1171875,0.22265625,0.09375,-0.001953125,-0.05078125,-0.009765625,1804.5,55.9,179.6,14.9,20.8,1.0,12.0,36.983923,-122.14611366666666,29.0,0.73,49.697,284.12
2026-09-07 14:59:12.399319,0.48577880859375,0.47479248046875,0.49639892578125,0.54058837890625,-0.0625,0.02734375,0.015625,-0.021484375,-0.056640625,0.013671875,1804.5,55.9,179.6,14.9,20.8,1.0,12.0,36.983923,-122.14611366666666,29.0,0.73,49.697,284.12
2026-09-07 14:59:12.498689,0.4869384765625,0.47235107421875,0.49578857421875,0.54217529296875,0.16015625,-0.04296875,0.265625,-0.0078125,-0.060546875,0.009765625,1805.25,55.9,179.6,15.3,21.2,1.0,12.0,36.983923,-122.14611366666666,29.0,0.73,49.697,284.12
2026-09-07 14:59:12.600291,0.4879150390625,0.47015380859375,0.4949951171875,0.5439453125,-0.21875,0.13671875,0.171875,-0.013671875,-0.060546875,-0.001953125,1805.25,55.9,179.6,15.3,21.2,1.0,12.0,36.983923,-122.14611366666666,29.0,0.73,49.697,284.12
2026-09-07 14:59:12.686825,0.48846435546875,0.4603271484375,0.49395751953125,0.546142578125,-0.109375,-0.1640625,0.01171875,-0.01171875,-0.05859375,-0.0078125,1782.75,55.9,179.6,15.3,20.8,1.0,12.0,36.983923,-122.14611366666666,29.0,0.73,49.697,284.12
2026-09-07 14:59:12.803477,0.4891357421875,0.46600341796875,0.49298095703125,0.5482177734375,0.04296875,-0.0859375,-0.2578125,0.009765625,-0.056640625,-0.01171875,1775.75,55.9,179.6,15.7,20.8,1.0,12.0,36.983923,-122.14611366666666,29.0,0.73,49.697,284.12
2026-09-07 14:59:12.899565,0.48956298828125,0.463623046875,0.49237060546875,0.5504150390625,-0.0234375,0.09765625,-0.49609375,-0.0078125,-0.0546875,-0.00390625,1775.75,55.9,179.6,15.7,20.8,1.0,12.0,36.983923,-122.14611366666666,29.0,0.73,49.697,284.12
2026-09-07 14:59:13.000767,0.48992919921875,0.46148681640625,0.49163818359375,0.55255126953125,0.34375,-0.6953125,0.1328125,-0.015625,-0.0546875,-0.005859375,1775.75,55.9,179.6,15.7,20.8,1.0,12.0,36.983923,-122.14611366666666,29.0,0.73,49.697,284.12
2026-09-07 14:59:13.102348,0.49029541015625,0.459716796875,0.4906005859375,0.5545654296875,-0.1875,0.15625,-0.2421875,0.0,-0.05078125,-0.0234375,1771.75,55.9,179.6,15.3,20.8,1.0,12.0,36.983923,-122.14611366666666,29.0,0.73,49.697,284.12
2026-09-07 14:59:13.203328,0.4908447265625,0.45855712890625,0.48907470703125,0.55633544921875,-0.0859375,0.33984375,-0.09375,-0.021484375,-0.048828125,-0.005859375,1770.25,55.9,179.6,15.7,20.8,,,,,,,,
2026-09-07 14:59:13.302655,0.4915771484375,0.4566650390625,0.48834228515625,0.55792236328125,0.234375,-0.13671875,0.328125,-0.044921875,-0.056640625,0.009765625,1770.25,55.9,179.6,15.7,20.8,,,,,,,,
2026-09-07 14:59:13.401903,0.4921875,0.454345703125,0.48773193359375,-1.44012451171875,0.39453125,-0.62109375,-0.02734375,-0.02734375,-0.056640625,-0.015625,1771.75,55.9,179.6,15.7,20.8,,,,,,,,
2026-09-07 14:59:13.502568,0.49249267578125,0.4522705078125,0.48663330078125,0.56219482421875,-0.26953125,0.33203125,0.171875,-0.015625,-0.05859375,-0.013671875,1771.75,55.9,179.6,15.7,20.8,,,,,,,,
2026-09-07 14:59:13.602719,0.49310302734375,0.4503173828125,0.4854736328125,0.56427001953125,-0.1328125,0.16015625,0.25390625,-0.02734375,-0.064453125,0.013671875,1773.25,55.9,179.6,15.7,20.8,,,,,,,,
2026-09-07 14:59:13.802725,0.4932861328125,0.44476318359375,0.48394775390625,0.56982421875,0.14453125,-0.3671875,0.140625,-0.005859375,-0.060546875,-0.0234375,1775.0,55.9,179.6,15.7,20.8,,,,,,,,
2026-09-07 14:59:13.901922,0.49237060546875,0.44207763671875,0.483154296875,0.5733642578125,-0.140625,0.109375,0.140625,0.025390625,-0.064453125,-0.01953125,1775.0,55.9,179.6,15.7,20.8,,,,,,,,
2026-09-07 14:59:14.001942,0.492431640625,0.4395751953125,0.48199462890625,0.576171875,0.08984375,-0.1796875,0.34765625,0.0078125,-0.072265625,-0.0078125,1775.0,55.9,179.6,15.7,20.8,,,,,,,,
2026-09-07 14:59:14.102014,0.49237060546875,0.43695068359375,0.48065185546875,0.579345703125,0.10546875,0.06640625,0.03125,-0.00390625,-0.07421875,0.00390625,1780.25,56.5,179.6,15.7,20.8,,,,,,,,
2026-09-07 14:59:14.202507,0.4923095703125,0.4342041015625,0.47918701171875,0.5826416015625,0.10546875,-0.109375,-0.19921875,0.009765625,-0.07421875,-0.013671875,1780.25,56.5,179.6,15.7,20.8,,,,,,,,
2026-09-07 14:59:14.296614,0.49261474609375,0.431640625,0.47772216796875,0.58544921875,0.11328125,0.30859375,0.0625,0.0234375,-0.0625,-0.001953125,1781.25,56.5,179.6,15.7,20.8,,,,,,,,
2026-09-07 14:59:14.401730,0.4940185546875,0.43011474609375,0.47613525390625,0.58673095703125,0.12890625,0.19921875,-0.2265625,0.015625,-0.05078125,0.00390625,1781.25,56.5,179.6,15.7,20.8,,,,,,,,
2026-09-07 14:59:14.502445,0.49578857421875,0.42840576171875,0.47479248046875,0.58758544921875,-0.125,0.40625,-0.30859375,-0.001953125,-0.056640625,0.017578125,1786.5,56.5,179.6,15.7,20.8,,,,,,,,
2026-09-07 14:59:14.602421,0.49761962890625,0.42669677734375,0.47357177734375,0.58831787109375,0.00390625,-0.1953125,-0.25390625,-0.017578125,-0.056640625,0.009765625,1786.5,56.5,179.6,15.7,20.8,,,,,,,,
2026-09-07 14:59:14.703008,0.49951171875,0.4251708984375,0.47198486328125,0.5889892578125,-0.09375,0.1875,0.16796875,-0.001953125,-0.0625,-0.005859375,1789.75,56.5,179.6,15.7,20.8,,,,,,,,
2026-09-07 14:59:14.802198,0.502197265625,0.424072265625,0.46990966796875,0.58917236328125,0.171875,-0.37109375,0.046875,-0.0078125,-0.0625,0.005859375,1789.75,56.5,179.6,15.7,20.8,,,,,,,,
2026-09-07 14:59:14.902624,0.5040283203125,0.42254638671875,0.46826171875,0.59002685546875,0.11328125,-0.32421875,-0.08203125,-0.0078125,-0.046875,-0.01953125,1790.5,56.5,179.6,15.7,20.8,,,,,,,,
2026-09-07 14:59:15.002647,0.505126953125,0.42169189453125,0.4664306640625,0.5911865234375,-0.0859375,-0.3046875,-0.13671875,-0.0078125,-0.05078125,-0.009765625,1790.5,56.5,179.6,15.7,20.8,,,,,,,,
2026-09-07 14:59:15.103034,0.5072021484375,0.42120361328125,0.46429443359375,0.59136962890625,-0.02734375,-0.75390625,-0.01953125,-0.0078125,-0.046875,-0.015625,1789.75,56.5,179.6,15.7,20.8,,,,,,,,
2026-09-07 14:59:15.201702,0.5089111328125,0.42071533203125,0.462158203125,0.59197998046875,-0.01953125,-0.234375,0.1640625,-0.00390625,-0.052734375,-0.00390625,1789.75,56.5,179.6,15.7,20.8,,,,,,,,
2026-09-07 14:59:15.302875,0.51068115234375,0.419921875,0.460205078125,0.592529296875,-0.22265625,0.73828125,-0.06640625,0.0078125,-0.052734375,0.0078125,1795.25,56.5,179.6,15.7,21.2,,,,,,,,
2026-09-07 14:59:15.411229,0.5125732421875,0.4189453125,0.45843505859375,0.59295654296875,-0.0703125,-0.1171875,0.05078125,0.013671875,-0.048828125,-0.00390625,1795.25,56.5,179.6,16.1,21.2,,,,,,,,
2026-09-07 14:59:15.511140,0.51507568359375,0.41748046875,0.45587158203125,0.59381103515625,0.03515625,-0.02734375,0.140625,0.03515625,-0.044921875,-0.01171875,1795.25,56.5,179.6,16.1,21.2,,,,,,,,
2026-09-07 14:59:15.610666,0.51708984375,0.4171142578125,0.4537353515625,0.59393310546875,0.16015625,-0.33203125,0.05859375,0.0390625,-0.044921875,-0.00390625,1798.25,57.2,179.6,16.5,21.2,,,,,,,,
2026-09-07 14:59:15.700512,0.51947021484375,0.4169921875,0.45147705078125,0.59368896484375,0.03515625,0.1484375,-0.0546875,0.05078125,-0.046875,0.00390625,1798.25,57.2,179.6,16.5,21.2,,,,,,,,
2026-09-07 14:59:15.812032,0.5203857421875,0.4168701171875,0.45050048828125,0.59368896484375,0.11328125,-0.05078125,-0.625,-0.001953125,-0.0390625,0.001953125,1801.5,57.2,179.6,16.5,21.2,,,,,,,,
2026-09-07 14:59:15.899631,0.52191162109375,0.41546630859375,0.4486083984375,0.5947265625,-0.0390625,0.41015625,-0.1640625,0.0078125,-0.04296875,-0.00390625,1801.5,57.2,179.6,16.5,21.2,,,,,,,,
2026-09-07 14:59:16.011507,0.52239990234375,0.4146728515625,0.4482421875,0.59515380859375,0.234375,0.46875,-0.39453125,-0.025390625,-0.037109375,0.005859375,1807.75,57.2,179.6,16.5,21.2,,,,,,,,
2026-09-07 14:59:16.100173,0.5234375,0.4122314453125,0.44744873046875,0.5965576171875,0.234375,0.4765625,-0.32421875,-0.025390625,-0.033203125,-0.00390625,1807.75,57.2,179.6,16.5,21.2,,,,,,,,
2026-09-07 14:59:16.196981,0.52386474609375,0.41180419921875,0.4468994140625,0.59686279296875,0.265625,0.109375,-0.40234375,-0.009765625,-0.033203125,0.001953125,1807.75,57.2,179.6,16.5,21.2,,,,,,,,
2026-09-07 14:59:16.300622,0.52484130859375,0.4111328125,0.44573974609375,0.59735107421875,0.02734375,-0.05078125,-0.31640625,-0.009765625,-0.03125,0.001953125,1811.5,57.2,179.6,16.5,21.6,,,,,,,,
2026-09-07 14:59:16.400430,0.53125,0.41314697265625,0.44256591796875,0.5926513671875,-0.12890625,0.13671875,-0.29296875,-0.015625,-0.02734375,-0.013671875,1811.5,57.2,179.6,16.5,21.6,,,,,,,,
2026-09-07 14:59:16.500948,0.53533935546875,0.413818359375,0.4404296875,0.590087890625,-0.07421875,0.59375,-0.42578125,-0.009765625,-0.03125,-0.017578125,1809.25,57.2,179.6,15.3,21.6,,,,,,,,
2026-09-07 14:59:16.601095,0.53704833984375,0.41357421875,0.43902587890625,0.5897216796875,0.453125,-0.27734375,-0.1484375,-0.03515625,-0.03125,-0.015625,1809.25,57.2,179.6,15.3,21.6,,,,,,,,
2026-09-07 14:59:16.708718,0.53662109375,0.4122314453125,0.438720703125,0.59124755859375,-0.16015625,0.85546875,-0.28125,-0.060546875,-0.03125,0.005859375,1817.0,57.2,179.6,16.5,21.2,,,,,,,,
2026-09-07 14:59:16.799253,0.53564453125,0.4090576171875,0.439453125,0.59381103515625,0.140625,0.28125,-0.1796875,-0.044921875,-0.03125,0.01171875,1817.0,57.2,179.6,16.5,21.2,,,,,,,,
2026-09-07 14:59:16.900252,0.535400390625,0.40814208984375,0.4395751953125,0.5946044921875,0.1015625,0.17578125,0.1171875,-0.041015625,-0.025390625,0.00390625,1820.25,57.2,179.6,16.5,21.2,,,,,,,,
2026-09-07 14:59:17.000107,0.5350341796875,0.40679931640625,0.43951416015625,0.59588623046875,0.35546875,-0.7578125,0.24609375,-0.0390625,-0.015625,-0.009765625,1820.25,57.2,179.6,16.5,21.2,,,,,,,,
2026-09-07 14:59:17.108276,0.5379638671875,0.4090576171875,0.4366455078125,0.59381103515625,-0.01171875,-0.6640625,-0.1171875,-0.033203125,-0.01171875,-0.013671875,1820.25,57.2,179.6,16.5,21.2,,,,,,,,
2026-09-07 14:59:17.193626,0.53643798828125,0.4083251953125,0.4361572265625,0.5960693359375,-0.2265625,-0.375,-0.33203125,-0.052734375,-0.013671875,0.001953125,1820.25,57.2,179.6,16.5,21.2,,,,,,,,
2026-09-07 14:59:17.307653,0.5357666015625,0.40789794921875,0.43621826171875,0.59686279296875,-0.10546875,-0.6171875,-0.1015625,-0.05078125,-0.005859375,-0.021484375,1642.75,57.8,179.6,18.0,20.8,,,,,,,,
2026-09-07 14:59:17.399538,0.53387451171875,0.40655517578125,0.436767578125,0.59906005859375,-0.09765625,0.09375,-0.4921875,-0.056640625,-0.00390625,-0.005859375,1642.75,57.8,179.6,18.0,20.8,,,,,,,,
2026-09-07 14:59:17.508282,0.53350830078125,0.40631103515625,0.436767578125,0.599609375,0.02734375,-0.07421875,-0.44921875,-0.025390625,-0.009765625,-0.025390625,1528.75,57.8,179.6,21.2,21.2,,,,,,,,
2026-09-07 14:59:17.598917,0.5382080078125,0.4091796875,0.43359375,0.595703125,-0.203125,0.0703125,0.26953125,-0.0234375,-0.0078125,-0.017578125,1528.75,57.8,179.6,21.2,21.2,,,,,,,,
2026-09-07 14:59:17.697663,0.54119873046875,0.41107177734375,0.4317626953125,-1.406982421875,-0.234375,0.23828125,0.12890625,-0.02734375,-0.0078125,-0.001953125,1525.75,57.8,179.6,22.4,21.6,,,,,,,,
2026-09-07 14:59:17.808506,0.5438232421875,0.41259765625,0.4300537109375,0.5908203125,-0.2421875,0.546875,-0.078125,-0.046875,-0.0078125,0.00390625,1532.75,57.8,179.6,22.0,20.4,,,,,,,,
2026-09-07 14:59:17.906990,0.54461669921875,0.41259765625,0.429443359375,0.590576171875,-0.1953125,0.828125,-0.0390625,-0.025390625,-0.01171875,-0.009765625,1532.75,57.8,179.6,22.0,20.4,,,,,,,,
2026-09-07 14:59:18.006278,0.5440673828125,0.41192626953125,0.42938232421875,0.591552734375,0.1953125,-0.18359375,0.12109375,0.005859375,-0.013671875,0.01171875,1506.25,57.8,179.6,20.0,20.0,,,,,,,,
2026-09-07 14:59:18.107547,0.5443115234375,0.41162109375,0.4290771484375,0.59173583984375,0.30859375,-0.34375,-0.01171875,-0.001953125,-0.009765625,-0.0078125,1506.25,57.8,179.6,20.0,20.0,,,,,,,,
2026-09-07 14:59:18.195109,0.5443115234375,0.4119873046875,0.42822265625,0.5921630859375,0.43359375,-0.92578125,0.02734375,0.01171875,-0.001953125,-0.029296875,1506.25,57.8,179.6,20.0,20.0,,,,,,,,
2026-09-07 14:59:18.316876,0.54412841796875,0.412353515625,0.427734375,0.5924072265625,-0.0859375,-0.65234375,0.02734375,0.00390625,-0.00390625,-0.005859375,1497.5,57.8,179.6,17.6,18.8,,,,,,,,
2026-09-07 14:59:18.407093,0.54461669921875,0.4124755859375,0.42694091796875,0.5924072265625,-0.125,-0.078125,0.02734375,0.01171875,-0.009765625,0.0,1505.25,57.8,179.6,18.0,19.6,,,,,,,,
2026-09-07 14:59:18.515343,0.54522705078125,0.41259765625,0.4263916015625,0.5921630859375,0.140625,-0.421875,-0.01171875,0.009765625,-0.001953125,-0.0234375,1505.25,57.8,179.6,18.0,19.6,,,,,,,,
2026-09-07 14:59:18.613922,0.54559326171875,0.4134521484375,0.42529296875,0.592041015625,0.01171875,-0.21484375,-0.1015625,0.009765625,-0.00390625,-0.01171875,1506.25,57.8,179.6,18.4,19.6,,,,,,,,
2026-09-07 14:59:18.706571,0.546142578125,0.4139404296875,0.42449951171875,0.59173583984375,0.05078125,-0.12890625,-0.09375,-0.0078125,-0.005859375,0.0078125,1506.25,57.8,179.6,18.4,19.6,,,,,,,,
2026-09-07 14:59:18.816398,0.5472412109375,0.41351318359375,0.424560546875,0.59100341796875,-0.1171875,0.5546875,-0.23046875,-0.025390625,-0.00390625,0.025390625,1509.25,58.4,179.6,18.4,20.4,,,,,,,,
2026-09-07 14:59:18.914063,0.54742431640625,0.4132080078125,0.42474365234375,0.59088134765625,0.30078125,0.0,-0.3515625,-0.0390625,-0.00390625,0.015625,1509.25,58.4,179.6,18.4,20.4,,,,,,,,
2026-09-07 14:59:19.014152,0.54833984375,0.41290283203125,0.4249267578125,0.59014892578125,0.01953125,0.3828125,0.0703125,-0.025390625,-0.00390625,0.01171875,1516.25,58.4,179.6,20.0,20.4,,,,,,,,
2026-09-07 14:59:19.105125,0.54803466796875,0.412109375,0.42535400390625,0.59063720703125,0.0859375,-0.33203125,0.046875,-0.025390625,0.0,-0.00390625,1516.25,58.4,179.6,20.0,20.4,,,,,,,,
2026-09-07 14:59:19.215949,0.54742431640625,0.41162109375,0.42572021484375,0.59130859375,0.15625,0.38671875,-0.23046875,-0.015625,-0.005859375,0.017578125,1514.75,58.4,179.6,19.6,20.4,,,,,,,,
2026-09-07 14:59:19.314670,0.54754638671875,0.41131591796875,0.4259033203125,0.59130859375,-0.07421875,0.2109375,0.17578125,0.005859375,-0.005859375,0.0,1514.75,58.4,179.6,19.6,20.4,,,,,,,,
2026-09-07 14:59:19.415061,0.54791259765625,0.411376953125,0.4256591796875,0.59112548828125,0.203125,-0.984375,0.05859375,0.01953125,0.0,-0.005859375,1516.25,58.4,179.6,19.6,20.4,,,,,,,,
2026-09-07 14:59:19.515080,0.54815673828125,0.41229248046875,0.4248046875,0.5908203125,-0.05859375,-0.875,-0.30859375,0.009765625,-0.001953125,-0.009765625,1516.25,58.4,179.6,19.6,20.4,,,,,,,,
2026-09-07 14:59:19.615275,0.54876708984375,0.41363525390625,0.4234619140625,0.59033203125,0.07421875,-0.5234375,0.015625,0.01953125,0.0,-0.009765625,1520.25,58.4,179.6,19.6,20.4,,,,,,,,
2026-09-07 14:59:19.715342,0.54937744140625,0.41326904296875,0.42376708984375,0.58978271484375,-0.42578125,1.08203125,-0.0078125,-0.015625,-0.001953125,0.01171875,1520.25,58.4,179.6,19.6,20.4,,,,,,,,
2026-09-07 14:59:19.814560,0.5487060546875,0.4122314453125,0.42474365234375,0.59039306640625,-0.38671875,1.32421875,-0.63671875,-0.03515625,0.001953125,-0.00390625,1518.75,58.4,179.6,19.6,18.8,,,,,,,,
2026-09-07 14:59:19.914420,0.54833984375,0.41162109375,0.42510986328125,0.59088134765625,-0.234375,0.34375,0.56640625,0.013671875,-0.00390625,-0.009765625,1518.75,58.4,179.6,19.6,18.8,,,,,,,,
2026-09-07 14:59:20.013950,0.548583984375,0.41204833984375,0.42462158203125,0.59075927734375,0.1640625,-0.30078125,0.34375,0.021484375,0.0,-0.021484375,1517.75,58.4,179.6,14.9,16.5,,,,,,,,
2026-09-07 14:59:20.103605,0.5489501953125,0.4127197265625,0.4239501953125,0.5904541015625,-0.203125,0.18359375,-0.0078125,0.03515625,-0.001953125,-0.00390625,1517.75,58.4,179.6,14.9,16.5,,,,,,,,
2026-09-07 14:59:20.218058,0.54998779296875,0.41290283203125,0.423828125,0.58941650390625,-0.43359375,1.046875,-0.26171875,0.00390625,-0.001953125,0.021484375,1523.25,58.4,179.6,10.2,17.3,,,,,,,,
2026-09-07 14:59:20.314933,0.55072021484375,0.41253662109375,0.4239501953125,0.5888671875,-0.01953125,0.82421875,0.015625,-0.00390625,-0.009765625,0.021484375,1523.25,58.4,179.6,10.2,17.3,,,,,,,,
2026-09-07 14:59:20.415793,0.5518798828125,0.41259765625,0.4234619140625,0.58807373046875,-0.07421875,0.2734375,-0.1171875,0.037109375,-0.0078125,0.00390625,1525.0,58.4,179.6,9.8,15.7,,,,,,,,
2026-09-07 14:59:20.515711,0.552001953125,0.41375732421875,0.42236328125,0.58795166015625,-0.05078125,-0.40234375,-0.28515625,0.00390625,0.005859375,-0.03125,1525.0,58.4,179.6,9.8,15.7,,,,,,,,
2026-09-07 14:59:20.614709,0.5517578125,0.4139404296875,0.42230224609375,0.588134765625,-0.6796875,0.55078125,-0.12890625,-0.029296875,0.001953125,0.00390625,1523.25,58.4,179.6,7.1,16.9,,,,,,,,
2026-09-07 14:59:20.716560,0.5513916015625,0.412841796875,0.4234619140625,0.58837890625,-0.46484375,0.76171875,-0.4609375,-0.033203125,0.0,0.009765625,1523.25,58.4,179.6,7.1,16.9,,,,,,,,
2026-09-07 14:59:20.815446,0.5509033203125,0.41241455078125,0.424072265625,0.5887451171875,-0.08203125,0.01171875,-0.16796875,-0.009765625,0.0,0.001953125,1525.75,58.4,179.6,7.5,16.9,,,,,,,,
2026-09-07 14:59:20.915193,0.5506591796875,0.4129638671875,0.423828125,0.5887451171875,0.09375,-0.45703125,-0.015625,0.013671875,0.0078125,-0.021484375,1525.75,58.4,179.6,7.5,16.9,,,,,,,,
2026-09-07 14:59:21.012112,0.550537109375,0.41424560546875,0.42291259765625,0.588623046875,0.04296875,-0.921875,-0.23046875,0.00390625,0.0078125,-0.013671875,1517.75,58.4,179.6,7.5,16.9,,,,,,,,
2026-09-07 14:59:21.106944,0.55072021484375,0.41461181640625,0.42266845703125,0.58831787109375,-0.48828125,0.44140625,-0.20703125,0.0078125,0.005859375,0.0078125,1517.75,58.4,179.6,7.5,16.9,,,,,,,,
2026-09-07 14:59:21.217547,0.55181884765625,0.41400146484375,0.423583984375,0.58709716796875,-0.33984375,0.85546875,-0.16796875,-0.00390625,-0.001953125,0.044921875,1518.75,59.0,179.6,8.2,18.4,,,,,,,,
2026-09-07 14:59:21.318035,0.55206298828125,0.4132080078125,0.42431640625,0.5869140625,0.2109375,0.6484375,-0.55078125,-0.01171875,-0.001953125,0.013671875,1518.75,59.0,179.6,8.2,18.4,,,,,,,,
2026-09-07 14:59:21.413467,0.5521240234375,0.41363525390625,0.42401123046875,0.58673095703125,0.21875,-0.14453125,0.14453125,0.001953125,-0.001953125,-0.00390625,1541.25,58.4,179.6,12.9,19.2,,,,,,,,
2026-09-07 14:59:21.513644,0.55181884765625,0.4149169921875,0.42303466796875,0.58685302734375,0.76953125,-0.83984375,-0.0390625,0.015625,0.001953125,-0.013671875,1541.25,58.4,179.6,12.9,19.2,,,,,,,,
2026-09-07 14:59:21.714416,0.55029296875,0.41754150390625,0.4215087890625,0.58746337890625,-0.078125,-0.37890625,0.0859375,-0.009765625,0.01171875,-0.02734375,1532.0,58.4,179.6,13.3,18.8,,,,,,,,
2026-09-07 14:59:21.812880,0.55023193359375,0.41827392578125,0.4210205078125,0.58734130859375,-0.22265625,0.046875,-0.328125,0.0,0.0078125,-0.017578125,1535.0,59.0,179.6,12.5,18.8,,,,,,,,
2026-09-07 14:59:21.913819,0.55047607421875,0.4189453125,0.420654296875,0.58697509765625,-0.21484375,0.40234375,-0.07421875,0.017578125,0.001953125,-0.017578125,1535.0,59.0,179.6,12.5,18.8,,,,,,,,
2026-09-07 14:59:22.014212,0.5506591796875,0.41925048828125,0.420654296875,0.5865478515625,-0.140625,0.6328125,-0.14453125,0.0,0.00390625,-0.001953125,1549.0,59.0,179.6,12.9,20.4,,,,,,,,
2026-09-07 14:59:22.109284,0.55078125,0.41888427734375,0.42132568359375,0.586181640625,0.04296875,0.9765625,-0.09765625,-0.013671875,0.0078125,0.013671875,1549.0,59.0,179.6,12.9,20.4,,,,,,,,
2026-09-07 14:59:22.214286,0.55108642578125,0.418701171875,0.42169189453125,0.5858154296875,0.171875,0.5078125,-0.0234375,0.0,0.0,0.01953125,1594.5,59.0,179.6,16.5,21.2,,,,,,,,
2026-09-07 14:59:22.313920,0.551513671875,0.4193115234375,0.42132568359375,0.585205078125,0.14453125,-0.15234375,0.40625,0.015625,0.0,-0.005859375,1594.5,59.0,179.6,16.5,21.2,,,,,,,,
2026-09-07 14:59:22.414611,0.55218505859375,0.4197998046875,0.42095947265625,0.58453369140625,0.171875,0.30078125,0.0859375,0.009765625,0.001953125,0.009765625,1579.5,59.0,179.6,18.0,20.4,,,,,,,,
2026-09-07 14:59:22.514790,0.55377197265625,0.42047119140625,0.42041015625,0.58294677734375,0.234375,-0.01171875,0.26171875,0.03515625,0.001953125,0.013671875,1579.5,59.0,179.6,18.0,20.4,,,,,,,,
2026-09-07 14:59:22.604765,0.55462646484375,0.42095947265625,0.419921875,0.5821533203125,0.09375,-0.4453125,-0.16015625,0.048828125,0.0,0.00390625,1579.5,59.0,179.6,18.0,20.4,,,,,,,,
2026-09-07 14:59:22.714965,0.555908203125,0.4208984375,0.41998291015625,0.580810546875,-0.265625,-0.28125,-0.12890625,0.048828125,0.00390625,-0.005859375,1556.25,59.0,179.6,18.4,20.4,,,,,,,,
2026-09-07 14:59:22.814488,0.55706787109375,0.42047119140625,0.4202880859375,0.579833984375,-0.328125,0.8515625,-0.13671875,0.03125,0.0,0.0078125,1557.0,59.7,179.6,18.8,20.8,,,,,,,,
2026-09-07 14:59:22.914084,0.558349609375,0.41937255859375,0.421142578125,0.578857421875,-0.234375,0.75390625,-0.02734375,0.01171875,-0.005859375,0.04296875,1557.0,59.7,179.6,18.8,20.8,,,,,,,,
2026-09-07 14:59:23.014760,0.55865478515625,0.4185791015625,0.421875,0.57855224609375,0.31640625,0.109375,-0.625,-0.015625,0.0,0.009765625,1561.5,59.7,179.6,19.6,20.8,,,,,,,,
2026-09-07 14:59:23.106107,0.5592041015625,0.41851806640625,0.4219970703125,0.5780029296875,-0.12109375,-0.93359375,0.43359375,-0.0078125,0.001953125,-0.017578125,1561.5,59.7,179.6,19.6,20.8,,,,,,,,
2026-09-07 14:59:23.213987,0.56011962890625,0.41851806640625,0.4219970703125,0.57708740234375,-0.19921875,-0.01171875,-0.140625,0.02734375,-0.005859375,-0.005859375,1555.25,59.7,179.6,20.0,20.8,,,,,,,,
2026-09-07 14:59:23.314671,0.56109619140625,0.41748046875,0.42291259765625,0.57623291015625,-0.12109375,0.515625,-0.28125,-0.00390625,-0.001953125,0.041015625,1555.25,59.7,179.6,20.0,20.8,,,,,,,,
2026-09-07 14:59:23.414925,0.56158447265625,0.4158935546875,0.42437744140625,0.5758056640625,-0.2578125,0.875,0.07421875,-0.015625,-0.00390625,0.044921875,1554.5,59.7,179.6,20.4,21.2,,,,,,,,
2026-09-07 14:59:23.513931,0.5621337890625,0.4140625,0.42578125,0.57550048828125,0.26953125,0.65234375,-0.2890625,0.001953125,-0.0078125,0.037109375,1554.5,59.7,179.6,20.4,21.2,,,,,,,,
2026-09-07 14:59:23.614580,0.56256103515625,0.41375732421875,0.42584228515625,0.57525634765625,-0.20703125,1.38671875,0.1953125,0.009765625,-0.00390625,-0.001953125,1556.25,59.7,179.6,20.8,21.2,,,,,,,,
2026-09-07 14:59:23.707801,0.56268310546875,0.41302490234375,0.426513671875,0.5751953125,-0.3671875,-0.0625,0.15625,-0.033203125,0.001953125,0.01953125,1556.25,59.7,179.6,20.8,21.2,,,,,,,,
2026-09-07 14:59:23.814929,0.5628662109375,0.412841796875,0.4266357421875,0.5750732421875,0.078125,-0.5859375,0.234375,0.001953125,-0.001953125,0.013671875,1553.75,59.7,179.6,20.8,21.2,,,,,,,,
2026-09-07 14:59:23.914696,0.56292724609375,0.41351318359375,0.42596435546875,0.5750732421875,0.0,-0.63671875,0.00390625,0.009765625,0.001953125,-0.005859375,1553.75,59.7,179.6,20.8,21.2,,,,,,,,
2026-09-07 14:59:24.014887,0.56292724609375,0.41375732421875,0.42572021484375,0.5750732421875,-0.22265625,-0.75390625,0.38671875,-0.009765625,0.0,-0.00390625,1555.25,60.3,179.6,20.8,21.2,,,,,,,,
2026-09-07 14:59:24.115469,0.56298828125,0.4136962890625,0.42559814453125,0.5750732421875,-0.2890625,0.078125,0.0703125,0.021484375,-0.00390625,0.009765625,1555.25,60.3,179.6,20.8,21.2,,,,,,,,
2026-09-07 14:59:24.213610,0.563232421875,0.41412353515625,0.42498779296875,0.57501220703125,0.03125,-0.11328125,-0.00390625,0.015625,-0.00390625,0.001953125,1557.75,60.3,179.6,20.8,21.2,,,,,,,,
2026-09-07 14:59:24.323315,0.56353759765625,0.4149169921875,0.42413330078125,0.57476806640625,-0.06640625,-0.04296875,-0.08984375,0.01953125,-0.00390625,0.001953125,1557.75,60.3,179.6,20.8,21.2,,,,,,,,
2026-09-07 14:59:24.413542,0.5633544921875,0.4151611328125,0.42376708984375,0.5750732421875,0.109375,-0.2890625,-0.05078125,0.0078125,-0.001953125,-0.009765625,1560.0,59.7,179.6,20.8,21.2,,,,,,,,
2026-09-07 14:59:24.512737,0.56317138671875,0.4150390625,0.42376708984375,0.5753173828125,0.0625,0.19921875,-0.1171875,-0.01953125,0.0,0.017578125,1560.0,59.7,179.6,20.8,21.2,,,,,,,,
2026-09-07 14:59:24.612974,0.5626220703125,0.41473388671875,0.42388916015625,0.57598876953125,0.36328125,-0.32421875,-0.1953125,-0.03515625,-0.001953125,-0.00390625,1557.0,59.7,179.6,20.8,22.0,,,,,,,,
2026-09-07 14:59:24.712142,0.5618896484375,0.41436767578125,0.424072265625,0.57684326171875,-0.05078125,0.01171875,0.2578125,-0.01953125,-0.001953125,-0.001953125,1557.0,59.7,179.6,20.8,22.0,,,,,,,,
2026-09-07 14:59:24.812539,0.56182861328125,0.41424560546875,0.42413330078125,0.576904296875,-0.015625,0.08203125,0.234375,-0.001953125,-0.00390625,0.0078125,1563.25,60.3,179.6,23.1,23.1,,,,,,,,
2026-09-07 14:59:24.912479,0.56201171875,0.41387939453125,0.42437744140625,0.57684326171875,-0.15234375,-0.05859375,0.0078125,-0.0078125,-0.00390625,0.017578125,1563.25,60.3,179.6,23.1,23.1,,,,,,,,
2026-09-07 14:59:25.012717,0.56195068359375,0.41351318359375,0.42462158203125,0.5770263671875,-0.12890625,0.125,-0.08984375,0.00390625,-0.00390625,0.0078125,1564.0,60.3,179.6,26.7,23.5,,,,,,,,
2026-09-07 14:59:25.112747,0.56158447265625,0.412841796875,0.4251708984375,0.577392578125,-0.22265625,0.359375,-0.15234375,-0.267578125,-0.001953125,0.013671875,1564.0,60.3,179.6,26.7,23.5,,,,,,,,
2026-09-07 14:59:25.208638,0.56097412109375,0.41131591796875,0.42645263671875,0.578125,-0.078125,0.0625,-0.05859375,-0.02734375,-0.00390625,0.01953125,1564.0,60.3,179.6,26.7,23.5,,,,,,,,
2026-09-07 14:59:25.313082,0.560791015625,0.41107177734375,0.42669677734375,0.57830810546875,0.19140625,-0.62109375,0.0546875,-0.017578125,-0.001953125,0.005859375,1566.25,60.3,179.6,26.7,23.5,,,,,,,,
2026-09-07 14:59:25.413332,0.560791015625,0.4110107421875,0.42669677734375,0.578369140625,-0.16015625,-0.0078125,-0.0234375,0.00390625,0.001953125,-0.001953125,1564.75,60.3,179.6,26.3,23.5,,,,,,,,
2026-09-07 14:59:25.512308,0.56121826171875,0.41070556640625,0.42706298828125,0.57794189453125,-0.0234375,-0.6171875,-0.08984375,0.00390625,0.0,0.025390625,1564.75,60.3,179.6,26.3,23.5,,,,,,,,
2026-09-07 14:59:25.612527,0.5615234375,0.4111328125,0.42657470703125,0.57763671875,0.3515625,-0.5859375,0.1015625,0.037109375,0.00390625,-0.021484375,1560.75,60.3,179.6,26.3,23.1,,,,,,,,
2026-09-07 14:59:25.707371,0.56182861328125,0.41156005859375,0.42608642578125,0.577392578125,-0.4609375,0.3125,-0.03125,0.015625,-0.0078125,0.009765625,1560.75,60.3,179.6,26.3,23.1,,,,,,,,
2026-09-07 14:59:25.819997,0.56231689453125,0.41107177734375,0.42633056640625,0.57708740234375,-0.11328125,0.7734375,0.0859375,0.0,-0.00390625,0.02734375,1565.5,60.3,179.6,26.3,23.5,,,,,,,,
2026-09-07 14:59:25.910838,0.56280517578125,0.41058349609375,0.42657470703125,0.57684326171875,0.0234375,0.32421875,-0.06640625,-0.005859375,-0.0078125,0.01953125,1565.5,60.3,179.6,26.3,23.5,,,,,,,,
2026-09-07 14:59:26.012521,0.56292724609375,0.410400390625,0.426513671875,0.57684326171875,0.08203125,-0.2734375,-0.2109375,-0.0078125,-0.001953125,0.001953125,1569.5,60.3,179.6,26.3,23.5,,,,,,,,
2026-09-07 14:59:26.119657,0.56298828125,0.41070556640625,0.4261474609375,0.57684326171875,-0.17578125,-0.28125,0.1796875,0.015625,0.0,-0.009765625,1569.5,60.3,179.6,26.3,23.5,,,,,,,,
2026-09-07 14:59:26.206129,0.56304931640625,0.410400390625,0.42633056640625,0.57684326171875,0.0078125,0.234375,-0.02734375,-0.0078125,-0.00390625,0.017578125,1569.5,60.3,179.6,26.3,23.5,,,,,,,,
2026-09-07 14:59:26.319565,0.563232421875,0.40997314453125,0.42657470703125,0.57684326171875,0.0234375,-0.05859375,0.1328125,-0.0078125,-0.00390625,0.013671875,1567.0,60.3,179.6,26.3,23.5,,,,,,,,
2026-09-07 14:59:26.418870,0.56317138671875,0.40960693359375,0.4266357421875,0.57708740234375,0.0546875,0.234375,-0.07421875,-0.0234375,0.0,-0.001953125,1563.25,60.3,179.6,26.3,23.5,,,,,,,,
2026-09-07 14:59:26.518983,0.56280517578125,0.4093017578125,0.4268798828125,0.5775146484375,-0.109375,0.27734375,-0.12109375,-0.0234375,-0.001953125,0.013671875,1563.25,60.3,179.6,26.3,23.5,,,,,,,,
2026-09-07 14:59:26.618782,0.5623779296875,0.4088134765625,0.42724609375,0.5780029296875,-0.13671875,0.1484375,-0.15234375,-0.013671875,0.0,0.001953125,1567.0,60.3,179.6,26.3,23.5,,,,,,,,
2026-09-07 14:59:26.707899,0.56195068359375,0.40899658203125,0.42694091796875,0.5784912109375,-0.18359375,-0.01171875,-0.0234375,-0.015625,0.0,-0.005859375,1567.0,60.3,179.6,26.3,23.5,,,,,,,,
2026-09-07 14:59:26.820994,0.56158447265625,0.40887451171875,0.427001953125,0.57891845703125,0.0234375,0.44140625,-0.20703125,-0.021484375,0.001953125,0.015625,1569.5,60.3,179.6,26.3,23.9,,,,,,,,
2026-09-07 14:59:26.919609,0.56109619140625,0.40826416015625,0.42767333984375,0.57928466796875,-0.09765625,0.37109375,-0.11328125,-0.005859375,0.0,0.0078125,1569.5,60.3,179.6,26.3,23.9,,,,,,,,
2026-09-07 14:59:27.019364,0.56103515625,0.40814208984375,0.42791748046875,0.57928466796875,0.10546875,-0.296875,0.0078125,-0.01953125,0.00390625,0.015625,1564.75,60.3,179.6,26.7,25.1,,,,,,,,
2026-09-07 14:59:27.119135,0.56097412109375,0.40826416015625,0.42791748046875,0.5792236328125,-0.03125,0.0859375,0.18359375,-0.001953125,0.0,0.013671875,1564.75,60.3,179.6,26.7,25.1,,,,,,,,
2026-09-07 14:59:27.206974,0.56121826171875,0.40869140625,0.4276123046875,0.57891845703125,-0.17578125,-0.01171875,0.0546875,0.029296875,-0.001953125,0.03125,1564.75,60.3,179.6,26.7,25.1,,,,,,,,
2026-09-07 14:59:27.322302,0.56219482421875,0.408935546875,0.4273681640625,0.5780029296875,0.25390625,-0.02734375,-0.07421875,0.01953125,-0.001953125,0.0234375,1560.75,60.3,179.6,29.4,27.1,,,,,,,,
2026-09-07 14:59:27.422109,0.56280517578125,0.4093017578125,0.42706298828125,0.57733154296875,0.22265625,-0.47265625,-0.19140625,0.00390625,-0.001953125,0.015625,1564.0,60.3,179.6,36.1,28.2,,,,,,,,
2026-09-07 14:59:27.521672,0.56341552734375,0.40948486328125,0.4268798828125,0.57672119140625,0.3046875,-0.125,-0.11328125,0.013671875,0.0,0.009765625,1564.0,60.3,179.6,36.1,28.2,,,,,,,,
2026-09-07 14:59:27.620388,0.5640869140625,0.40948486328125,0.4268798828125,0.57611083984375,0.05078125,0.0703125,-0.02734375,-0.009765625,0.0,0.03125,1567.75,60.3,179.6,38.4,33.7,,,,,,,,
2026-09-07 14:59:27.723062,0.56451416015625,0.40899658203125,0.4273681640625,0.57568359375,0.05078125,0.3515625,-0.05859375,-0.046875,0.001953125,0.017578125,1567.75,60.3,179.6,38.4,33.7,,,,,,,,
2026-09-07 14:59:27.822235,0.56414794921875,0.40814208984375,0.4283447265625,0.57586669921875,0.2109375,-0.27734375,0.1328125,-0.03515625,0.00390625,0.005859375,1581.25,60.3,179.6,41.2,33.7,,,,,,,,
2026-09-07 14:59:27.922222,0.56402587890625,0.40740966796875,0.42913818359375,0.575927734375,-0.11328125,-0.7890625,0.5390625,0.0,0.0,-0.01171875,1581.25,60.3,179.6,41.2,33.7,,,,,,,,
2026-09-07 14:59:28.021436,0.56439208984375,0.40765380859375,0.428955078125,0.5755615234375,-0.11328125,-0.33203125,0.4453125,0.03125,0.001953125,-0.025390625,1581.25,60.3,179.6,40.8,32.9,,,,,,,,
2026-09-07 14:59:28.121977,0.56494140625,0.40814208984375,0.428466796875,0.5750732421875,-0.2578125,-0.015625,0.19140625,0.04296875,-0.00390625,0.0078125,1581.25,60.3,179.6,40.8,32.9,,,,,,,,
2026-09-07 14:59:28.222739,0.56561279296875,0.40826416015625,0.4283447265625,0.57440185546875,0.05859375,-0.05078125,0.14453125,0.0234375,-0.00390625,0.009765625,1586.5,60.3,179.6,40.4,33.7,,,,,,,,
2026-09-07 14:59:28.322930,0.56622314453125,0.40789794921875,0.428466796875,0.57391357421875,0.2734375,0.51953125,-0.55859375,-0.01171875,-0.001953125,0.013671875,1586.5,60.3,179.6,40.4,33.7,,,,,,,,
2026-09-07 14:59:28.422578,0.56591796875,0.406982421875,0.4290771484375,0.574462890625,0.125,0.43359375,-0.39453125,-0.060546875,-0.0078125,0.02734375,1589.75,60.3,179.6,40.8,33.3,,,,,,,,
2026-09-07 14:59:28.522102,0.5653076171875,0.40570068359375,0.43011474609375,0.5751953125,0.01171875,0.0234375,0.1953125,-0.0390625,-0.001953125,0.0078125,1589.75,60.3,179.6,40.8,33.3,,,,,,,,
2026-09-07 14:59:28.621875,0.56512451171875,0.40509033203125,0.430419921875,0.5755615234375,-0.203125,-0.48046875,0.40234375,-0.0078125,-0.001953125,-0.009765625,1591.25,60.3,179.6,41.2,33.7,,,,,,,,
2026-09-07 14:59:28.723561,0.56524658203125,0.40509033203125,0.4302978515625,0.57550048828125,-0.140625,-0.2421875,-0.12109375,0.013671875,-0.001953125,0.01171875,1591.25,60.3,179.6,41.2,33.7,,,,,,,,
2026-09-07 14:59:28.822026,0.56585693359375,0.40509033203125,0.43023681640625,0.574951171875,-0.03515625,0.0,0.359375,0.060546875,-0.00390625,0.017578125,1592.0,60.3,179.6,41.6,37.3,,,,,,,,
2026-09-07 14:59:28.921943,0.566650390625,0.40521240234375,0.4300537109375,0.57427978515625,-0.00390625,0.10546875,-0.4296875,0.0390625,0.001953125,0.0,1592.0,60.3,179.6,41.6,37.3,,,,,,,,
2026-09-07 14:59:29.022288,0.56640625,0.4051513671875,0.43017578125,0.574462890625,-0.08203125,0.23828125,-0.359375,0.001953125,-0.00390625,0.00390625,1606.25,60.3,179.6,46.7,41.2,,,,,,,,
2026-09-07 14:59:29.117581,0.56640625,0.39727783203125,0.43023681640625,0.56658935546875,-0.25,0.7265625,0.04296875,-0.0078125,-0.001953125,0.017578125,1606.25,60.3,179.6,46.7,41.2,,,,,,,,
2026-09-07 14:59:29.222745,0.5670166015625,0.40435791015625,0.4306640625,0.57403564453125,-0.05078125,0.9453125,-0.05078125,-0.0078125,-0.0078125,0.029296875,1592.0,60.3,179.6,49.4,40.0,,,,,,,,
2026-09-07 14:59:29.322990,0.56787109375,0.4031982421875,0.431396484375,0.57342529296875,0.1484375,-0.20703125,0.26171875,-0.01171875,-0.0078125,0.037109375,1592.0,60.3,179.6,49.4,40.0,,,,,,,,
2026-09-07 14:59:29.422852,0.5684814453125,0.40240478515625,0.43194580078125,0.572998046875,0.046875,-0.1796875,0.1328125,-0.01953125,-0.00390625,0.015625,1590.5,60.3,179.6,50.2,38.4,,,,,,,,
2026-09-07 14:59:29.522498,0.568603515625,0.40228271484375,0.4320068359375,0.57293701171875,-0.11328125,-0.40625,0.078125,-0.013671875,0.001953125,0.00390625,1590.5,60.3,179.6,50.2,38.4,,,,,,,,
2026-09-07 14:59:29.617780,0.56884765625,0.40185546875,0.43231201171875,0.57275390625,-0.05859375,-0.08203125,-0.0078125,0.0,-0.005859375,0.015625,1584.25,60.3,179.6,50.6,38.8,,,,,,,,
2026-09-07 14:59:29.731623,0.5692138671875,0.40155029296875,0.4324951171875,0.57244873046875,-0.15234375,-0.01953125,-0.15234375,-0.001953125,0.0,0.0078125,1584.25,60.3,179.6,50.6,38.8,,,,,,,,
2026-09-07 14:59:29.822107,0.569580078125,0.40087890625,0.43292236328125,0.57220458984375,-0.05859375,0.046875,0.19140625,-0.001953125,-0.001953125,0.02734375,1597.5,60.3,181.4,57.3,49.8,,,,,,,,
2026-09-07 14:59:29.929875,0.56976318359375,0.40081787109375,0.432861328125,0.5721435546875,0.0234375,-0.33984375,-0.015625,0.021484375,-0.005859375,0.00390625,1597.5,60.3,181.4,57.3,49.8,,,,,,,,
2026-09-07 14:59:30.023012,0.57025146484375,0.40087890625,0.43243408203125,0.5718994140625,-0.328125,0.09765625,-0.13671875,0.001953125,-0.00390625,0.01171875,1583.5,60.3,181.4,61.2,52.9,,,,,,,,
2026-09-07 14:59:30.120623,0.5703125,0.40057373046875,0.4326171875,0.57196044921875,0.25390625,-0.36328125,-0.02734375,-0.015625,-0.00390625,0.021484375,1583.5,60.3,181.4,61.2,52.9,,,,,,,,
2026-09-07 14:59:30.232010,0.5701904296875,0.4000244140625,0.4329833984375,0.57220458984375,0.09375,-0.29296875,-0.01171875,0.009765625,0.0,0.00390625,1604.5,60.3,181.4,65.1,54.1,,,,,,,,
2026-09-07 14:59:30.330449,0.5704345703125,0.400390625,0.4326171875,0.57196044921875,-0.21484375,-0.109375,-0.05859375,-0.001953125,0.00390625,0.00390625,1604.5,60.3,181.4,65.1,54.1,,,,,,,,
2026-09-07 14:59:30.431376,0.57073974609375,0.4005126953125,0.4327392578125,0.5714111328125,-0.0859375,0.28515625,-0.05078125,0.005859375,0.0078125,-0.005859375,1597.5,60.3,181.4,67.8,51.4,,,,,,,,
2026-09-07 14:59:30.531242,0.57098388671875,0.40020751953125,0.433349609375,0.57098388671875,-0.16015625,0.28125,0.203125,-0.009765625,0.0,0.01953125,1597.5,60.3,181.4,67.8,51.4,,,,,,,,
2026-09-07 14:59:30.748603,0.57293701171875,0.39892578125,0.43505859375,0.568603515625,-0.015625,0.59375,-0.0703125,-0.009765625,0.001953125,0.033203125,1607.0,60.3,181.4,69.4,60.0,,,,,,,,
2026-09-07 14:59:30.845567,0.57366943359375,0.39892578125,0.435302734375,0.56768798828125,-0.02734375,0.19140625,0.12109375,-0.01171875,0.005859375,0.015625,1615.5,60.9,181.4,72.9,62.4,,,,,,,,
2026-09-07 14:59:30.945983,0.5745849609375,0.39910888671875,0.43536376953125,0.56658935546875,0.03515625,-0.5234375,-0.046875,0.01953125,0.0078125,0.001953125,1615.5,60.9,181.4,72.9,62.4,,,,,,,,
2026-09-07 14:59:31.041869,0.57550048828125,0.39923095703125,0.4354248046875,0.5655517578125,-0.1640625,-0.46484375,0.08984375,0.00390625,0.00390625,0.005859375,1644.5,60.3,181.4,77.6,58.4,,,,,,,,
2026-09-07 14:59:31.145998,0.5762939453125,0.39874267578125,0.43597412109375,0.56463623046875,-0.109375,0.1796875,0.03515625,0.01171875,0.0,0.01953125,1644.5,60.3,181.4,77.6,58.4,,,,,,,,
2026-09-07 14:59:31.246185,0.57635498046875,0.3980712890625,0.4365234375,0.56463623046875,0.02734375,-0.22265625,0.07421875,0.001953125,-0.001953125,-0.001953125,1625.75,60.3,181.4,82.0,50.6,,,,,,,,
2026-09-07 14:59:31.346229,0.57666015625,0.39764404296875,0.436767578125,0.56439208984375,-0.00390625,0.015625,-0.0859375,0.0078125,-0.001953125,0.001953125,1625.75,60.3,181.4,82.0,50.6,,,,,,,,
2026-09-07 14:59:31.446304,0.57684326171875,0.39739990234375,0.43707275390625,0.564208984375,0.05859375,0.0625,0.203125,-0.009765625,-0.001953125,0.013671875,1622.5,60.9,181.4,83.1,38.4,,,,,,,,
2026-09-07 14:59:31.661798,0.5770263671875,0.39697265625,0.43756103515625,0.56390380859375,-0.28125,0.3046875,-0.08203125,-0.0078125,0.0,0.009765625,1582.0,60.9,181.4,76.5,28.2,,,,,,,,
2026-09-07 14:59:31.750056,0.5771484375,0.39630126953125,0.43817138671875,0.563720703125,-0.1796875,0.42578125,0.03515625,0.00390625,0.0,0.009765625,1582.0,60.9,181.4,76.5,28.2,,,,,,,,
2026-09-07 14:59:31.859269,0.5772705078125,0.39581298828125,0.4385986328125,0.56365966796875,-0.24609375,0.1484375,0.08203125,-0.009765625,-0.001953125,0.013671875,1580.25,60.3,181.4,56.1,27.8,,,,,,,,
2026-09-07 14:59:31.958461,0.57684326171875,0.39593505859375,0.43853759765625,0.5640869140625,-0.38671875,-0.07421875,0.234375,-0.005859375,-0.001953125,0.013671875,1580.25,60.3,181.4,56.1,27.8,,,,,,,,
2026-09-07 14:59:32.046121,0.57659912109375,0.39630126953125,0.43817138671875,0.5643310546875,-0.359375,-0.140625,0.2578125,-0.01171875,0.00390625,-0.00390625,1594.5,60.3,183.2,61.2,37.3,,,,,,,,
2026-09-07 14:59:32.147448,0.576171875,0.39691162109375,0.4376220703125,0.56475830078125,-0.13671875,-0.1328125,-0.07421875,-0.005859375,0.001953125,0.001953125,1594.5,60.3,183.2,61.2,37.3,,,,,,,,
2026-09-07 14:59:32.257005,0.575927734375,0.3974609375,0.43731689453125,0.56488037109375,0.0546875,-0.015625,-0.00390625,0.0,0.005859375,0.0,1588.25,60.9,183.2,65.5,43.5,,,,,,,,
2026-09-07 14:59:32.358782,0.5758056640625,0.397705078125,0.43743896484375,0.56475830078125,-0.0625,-0.04296875,0.2109375,-0.001953125,0.001953125,0.013671875,1588.25,60.9,183.2,65.5,43.5,,,,,,,,
2026-09-07 14:59:32.458509,0.57598876953125,0.3978271484375,0.4375,0.56439208984375,0.02734375,0.84375,-0.25390625,0.0,0.00390625,0.0,1606.25,60.9,183.2,68.2,49.4,,,,,,,,
2026-09-07 14:59:32.560135,0.57611083984375,0.39776611328125,0.43780517578125,0.5640869140625,-0.046875,0.765625,-0.0859375,-0.025390625,0.00390625,0.02734375,1606.25,60.9,183.2,68.2,49.4,,,,,,,,
2026-09-07 14:59:32.664096,0.57598876953125,0.39739990234375,0.43841552734375,0.56402587890625,-0.01953125,0.49609375,-0.125,-0.0234375,0.005859375,0.009765625,1632.75,60.3,183.2,71.0,52.5,,,,,,,,
2026-09-07 14:59:32.746128,0.5758056640625,0.39715576171875,0.43890380859375,0.56396484375,0.02734375,-0.21484375,0.05859375,-0.013671875,0.009765625,0.001953125,1632.75,60.3,183.2,71.0,52.5,,,,,,,,
2026-09-07 14:59:32.861812,0.57550048828125,0.39703369140625,0.43939208984375,0.56396484375,0.00390625,-0.63671875,0.01171875,-0.0234375,0.009765625,0.0,1625.75,60.3,183.2,73.7,53.3,,,,,,,,
2026-09-07 14:59:32.961632,0.57550048828125,0.39691162109375,0.439697265625,0.5638427734375,0.1484375,-0.47265625,0.109375,0.0,0.001953125,-0.001953125,1625.75,60.3,183.2,73.7,53.3,,,,,,,,
2026-09-07 14:59:33.061235,0.57568359375,0.39678955078125,0.43988037109375,0.5635986328125,-0.09375,-0.06640625,0.0859375,-0.015625,0.001953125,0.013671875,1639.0,60.3,183.2,75.7,50.2,,,,,,,,
2026-09-07 14:59:33.160412,0.575439453125,0.396484375,0.44036865234375,0.563720703125,-0.09375,0.2109375,-0.12890625,-0.01953125,0.0078125,0.005859375,1639.0,60.3,183.2,75.7,50.2,,,,,,,,
2026-09-07 14:59:33.255186,0.57513427734375,0.39593505859375,0.44110107421875,0.5638427734375,-0.1875,-0.1796875,-0.02734375,-0.005859375,0.001953125,0.013671875,1625.75,60.3,183.2,74.5,49.4,,,,,,,,
2026-09-07 14:59:33.361327,0.5748291015625,0.39581298828125,0.44140625,0.56396484375,-0.34765625,0.140625,-0.2578125,0.0,0.0078125,-0.013671875,1625.75,60.3,183.2,74.5,49.4,,,,,,,,
2026-09-07 14:59:33.461793,0.5743408203125,0.39569091796875,0.4417724609375,0.56427001953125,0.2578125,-0.2578125,-0.09765625,-0.021484375,0.001953125,0.005859375,1613.25,60.3,185.0,76.9,49.4,,,,,,,,
2026-09-07 14:59:33.561310,0.57366943359375,0.3951416015625,0.44244384765625,0.5648193359375,0.08984375,-0.26171875,0.01171875,-0.017578125,0.00390625,-0.017578125,1613.25,60.3,185.0,76.9,49.4,,,,,,,,
2026-09-07 14:59:33.662172,0.5728759765625,0.3953857421875,0.44244384765625,0.56549072265625,-0.36328125,-0.015625,0.00390625,-0.009765625,0.00390625,-0.009765625,1599.0,60.3,185.0,76.5,44.3,,,,,,,,
2026-09-07 14:59:33.752864,0.5723876953125,0.3955078125,0.44256591796875,0.5657958984375,-0.08203125,0.30859375,0.140625,0.015625,0.00390625,-0.013671875,1599.0,60.3,185.0,76.5,44.3,,,,,,,,
2026-09-07 14:59:33.851659,0.57232666015625,0.39569091796875,0.44268798828125,0.56561279296875,0.04296875,-0.6953125,0.39453125,-0.015625,0.0078125,0.013671875,1585.0,60.3,185.0,70.2,36.1,,,,,,,,
2026-09-07 14:59:33.945651,0.57232666015625,0.39617919921875,0.44244384765625,0.5654296875,-0.1796875,0.48046875,0.1015625,-0.01171875,0.00390625,0.01953125,1585.0,60.3,185.0,70.2,36.1,,,,,,,,
2026-09-07 14:59:34.053673,0.5721435546875,0.39581298828125,0.44287109375,0.56549072265625,0.22265625,0.13671875,0.421875,-0.01171875,0.0,0.0234375,1582.75,60.3,185.0,66.7,40.4,,,,,,,,
2026-09-07 14:59:34.263894,0.572021484375,0.39556884765625,0.44329833984375,0.56549072265625,-0.1640625,0.23828125,-0.06640625,0.001953125,0.005859375,0.017578125,1613.25,60.3,185.0,66.7,42.7,1.0,12.0,36.986950666666665,-122.1550205,8.7,0.70,49.697,284.12
2026-09-07 14:59:34.362453,0.57177734375,0.39593505859375,0.4432373046875,0.5655517578125,-0.078125,-0.31640625,0.109375,-0.013671875,0.00390625,0.013671875,1613.25,60.3,185.0,66.7,42.7,1.0,12.0,36.986950666666665,-122.1550205,8.7,0.70,49.697,284.12
2026-09-07 14:59:34.473494,0.57110595703125,0.39599609375,0.443359375,0.5660400390625,-0.078125,0.1171875,-0.18359375,-0.0234375,0.0,0.015625,1581.25,59.7,185.0,63.9,29.8,1.0,12.0,36.986950666666665,-122.1550205,8.7,0.70,49.697,284.12
2026-09-07 14:59:34.572351,0.57049560546875,0.39593505859375,0.4434814453125,0.566650390625,-0.125,-0.00390625,0.0390625,-0.01171875,0.00390625,0.001953125,1581.25,59.7,185.0,63.9,29.8,1.0,12.0,36.986950666666665,-122.1550205,8.7,0.70,49.697,284.12
2026-09-07 14:59:34.672127,0.57012939453125,0.39617919921875,0.44329833984375,0.56695556640625,-0.1171875,-0.48046875,0.0078125,0.009765625,0.0,-0.0078125,1565.5,59.7,185.0,56.1,33.3,1.0,12.0,36.986950666666665,-122.1550205,8.7,0.70,49.697,284.12
2026-09-07 14:59:34.761536,0.56976318359375,0.3970947265625,0.4425048828125,0.5673828125,-0.0625,-0.59375,0.484375,0.0078125,0.001953125,-0.02734375,1565.5,59.7,185.0,56.1,33.3,1.0,12.0,36.986950666666665,-122.1550205,8.7,0.70,49.697,284.12
2026-09-07 14:59:34.856651,0.5693359375,0.39739990234375,0.442138671875,0.56787109375,0.015625,-1.203125,0.19921875,-0.00390625,0.0,-0.029296875,1582.75,59.7,185.0,60.8,48.6,1.0,12.0,36.986950666666665,-122.1550205,8.7,0.70,49.697,284.12
2026-09-07 14:59:34.962604,0.56842041015625,0.39825439453125,0.44122314453125,0.56890869140625,-0.12109375,-0.2890625,0.046875,0.0,0.0,-0.029296875,1582.75,59.7,185.0,60.8,48.6,1.0,12.0,36.986950666666665,-122.1550205,8.7,0.70,49.697,284.12
2026-09-07 14:59:35.062787,0.56805419921875,0.39892578125,0.44036865234375,0.56939697265625,0.0859375,-0.3046875,-0.15234375,-0.021484375,-0.001953125,0.013671875,1615.5,59.7,186.8,67.8,53.7,1.0,12.0,36.986950666666665,-122.1550205,8.7,0.70,49.697,284.12
2026-09-07 14:59:35.161840,0.56768798828125,0.3988037109375,0.44036865234375,0.56988525390625,0.23828125,-0.07421875,-0.24609375,0.001953125,0.0,-0.017578125,1615.5,59.7,186.8,67.8,53.7,1.0,12.0,36.986950666666665,-122.1550205,8.7,0.70,49.697,284.12
2026-09-07 14:59:35.262169,0.5673828125,0.39892578125,0.440185546875,0.5703125,0.0625,0.0,0.59765625,0.013671875,-0.0078125,0.001953125,1610.0,59.0,186.8,72.2,56.5,,,,,,,,
2026-09-07 14:59:35.358001,0.56756591796875,0.39935302734375,0.439453125,0.5703125,-0.07421875,0.50390625,0.3671875,0.02734375,-0.005859375,0.0078125,1610.0,59.0,186.8,72.2,56.5,,,,,,,,
2026-09-07 14:59:35.458351,0.56719970703125,0.39935302734375,0.43914794921875,0.57098388671875,-0.12109375,0.36328125,0.11328125,0.03125,-0.01171875,-0.001953125,1621.0,59.0,186.8,77.3,55.7,,,,,,,,
2026-09-07 14:59:35.557991,0.56591796875,0.39874267578125,0.43939208984375,0.57244873046875,0.12109375,0.1328125,-0.03515625,0.01953125,-0.009765625,0.00390625,1621.0,59.0,186.8,77.3,55.7,,,,,,,,
2026-09-07 14:59:35.661833,0.5653076171875,0.39813232421875,0.439453125,0.5733642578125,-0.12109375,0.28515625,0.01171875,0.001953125,-0.0078125,0.0078125,1604.5,59.0,186.8,80.4,62.7,,,,,,,,
2026-09-07 14:59:35.761685,0.5654296875,0.397216796875,0.439697265625,0.57366943359375,0.0625,0.27734375,0.171875,-0.001953125,-0.013671875,0.017578125,1604.5,59.0,186.8,80.4,62.7,,,,,,,,
2026-09-07 14:59:35.868983,0.5655517578125,0.39642333984375,0.43988037109375,0.57403564453125,-0.0625,0.61328125,-0.04296875,0.017578125,-0.0078125,0.001953125,1592.0,59.7,186.8,86.7,69.0,,,,,,,,
2026-09-07 14:59:35.960584,0.56597900390625,0.39544677734375,0.44012451171875,0.5740966796875,-0.09375,0.10546875,-0.109375,0.02734375,-0.0078125,-0.009765625,1592.0,59.7,186.8,86.7,69.0,,,,,,,,
2026-09-07 14:59:36.058664,0.56622314453125,0.395263671875,0.4400634765625,0.57403564453125,0.04296875,-0.125,0.00390625,0.013671875,-0.0078125,-0.01171875,1607.75,59.0,186.8,90.2,67.1,,,,,,,,
2026-09-07 14:59:36.168851,0.566650390625,0.3948974609375,0.4400634765625,0.57391357421875,-0.171875,0.55859375,0.05078125,0.01953125,-0.001953125,0.017578125,1607.75,59.0,186.8,90.2,67.1,,,,,,,,
2026-09-07 14:59:36.261005,0.5679931640625,0.39404296875,0.44036865234375,0.5728759765625,0.47265625,-0.49609375,-0.1484375,0.048828125,-0.00390625,-0.009765625,1596.75,59.0,186.8,94.9,69.8,,,,,,,,
2026-09-07 14:59:36.369174,0.5682373046875,0.3939208984375,0.4404296875,0.5726318359375,0.01953125,-0.46484375,-0.109375,0.021484375,0.00390625,-0.001953125,1596.75,59.0,186.8,94.9,69.8,,,,,,,,
2026-09-07 14:59:36.468169,0.5693359375,0.3939208984375,0.44061279296875,0.57147216796875,0.06640625,-0.11328125,-0.3046875,-0.009765625,0.00390625,0.00390625,1610.75,59.0,186.8,96.9,73.7,,,,,,,,
2026-09-07 14:59:36.556319,0.57080078125,0.39361572265625,0.44091796875,0.5699462890625,0.09375,-0.3359375,-0.2578125,0.001953125,-0.00390625,-0.0078125,1610.75,59.0,186.8,96.9,73.7,,,,,,,,
2026-09-07 14:59:36.677149,0.5712890625,0.3931884765625,0.4410400390625,0.56964111328125,-0.171875,-0.0625,0.21875,-0.001953125,-0.02734375,-0.005859375,1638.25,59.0,186.8,94.9,45.5,,,,,,,,
2026-09-07 14:59:36.759486,0.57196044921875,0.39129638671875,0.44091796875,0.57037353515625,0.01953125,-0.1015625,0.296875,-0.001953125,-0.0234375,0.0078125,1638.25,59.0,186.8,94.9,45.5,,,,,,,,
2026-09-07 14:59:36.877587,0.5721435546875,0.39093017578125,0.4407958984375,0.570556640625,0.1171875,-0.12109375,0.04296875,0.01171875,-0.001953125,-0.009765625,1601.5,59.0,186.8,92.9,38.4,,,,,,,,
2026-09-07 14:59:36.959072,0.57147216796875,0.389404296875,0.4417724609375,0.571533203125,-0.49609375,0.33203125,0.2109375,0.0,-0.001953125,-0.013671875,1601.5,59.0,186.8,92.9,38.4,,,,,,,,
2026-09-07 14:59:37.077561,0.57147216796875,0.38897705078125,0.442138671875,0.571533203125,-0.12890625,0.41015625,-0.02734375,0.0078125,-0.009765625,0.041015625,1578.0,59.7,186.8,93.7,42.0,,,,,,,,
2026-09-07 14:59:37.154980,0.572509765625,0.3880615234375,0.4425048828125,0.57086181640625,0.1484375,0.734375,-0.046875,0.025390625,-0.009765625,0.017578125,1578.0,59.7,186.8,93.7,42.0,,,,,,,,
2026-09-07 14:59:37.277895,0.57281494140625,0.38787841796875,0.4425048828125,0.5706787109375,0.05859375,0.0234375,-0.140625,0.009765625,-0.00390625,-0.013671875,1590.5,59.0,186.8,96.1,50.6,,,,,,,,
2026-09-07 14:59:37.367928,0.5731201171875,0.38812255859375,0.4417724609375,0.57073974609375,-0.01171875,0.20703125,-0.16015625,0.001953125,0.001953125,-0.015625,1590.5,59.0,186.8,96.1,50.6,,,,,,,,
2026-09-07 14:59:37.478081,0.57379150390625,0.3880615234375,0.4415283203125,0.5703125,-0.234375,-0.28515625,-0.20703125,0.00390625,-0.00390625,-0.005859375,1611.5,59.0,186.8,94.1,41.6,,,,,,,,
2026-09-07 14:59:37.568109,0.57391357421875,0.38812255859375,0.44134521484375,0.5703125,0.078125,0.19921875,-0.265625,0.00390625,-0.001953125,-0.021484375,1611.5,59.0,186.8,94.1,41.6,,,,,,,,
2026-09-07 14:59:37.656706,0.5738525390625,0.38812255859375,0.441162109375,0.5704345703125,-0.16796875,-0.16796875,0.0625,-0.033203125,-0.001953125,0.001953125,1574.0,59.0,186.8,92.5,38.0,,,,,,,,
2026-09-07 14:59:37.779364,0.57464599609375,0.38885498046875,0.44036865234375,0.56976318359375,0.1015625,-0.21875,-0.00390625,-0.00390625,-0.001953125,-0.021484375,1574.0,59.0,186.8,92.5,38.0,,,,,,,,
2026-09-07 14:59:37.876093,0.57476806640625,0.38909912109375,0.44012451171875,0.56964111328125,-0.12109375,-0.20703125,0.01953125,-0.00390625,0.001953125,-0.01953125,1592.0,59.0,186.8,91.0,51.0,,,,,,,,
2026-09-07 14:59:37.975309,0.5748291015625,0.38922119140625,0.4400634765625,0.569580078125,-0.02734375,0.41796875,0.05859375,-0.017578125,-0.005859375,0.005859375,1592.0,59.0,186.8,91.0,51.0,,,,,,,,
2026-09-07 14:59:38.075942,0.57489013671875,0.38848876953125,0.44049072265625,0.5697021484375,-0.1015625,0.67578125,0.23828125,-0.037109375,-0.0078125,0.037109375,1583.5,59.0,185.0,92.9,54.5,,,,,,,,
2026-09-07 14:59:38.155169,0.57501220703125,0.38720703125,0.4412841796875,0.56988525390625,0.10546875,0.78515625,0.1171875,-0.017578125,-0.0078125,0.017578125,1583.5,59.0,185.0,92.9,54.5,,,,,,,,
2026-09-07 14:59:38.279088,0.574951171875,0.3853759765625,0.44244384765625,0.57025146484375,0.08984375,0.87109375,0.0703125,-0.01953125,-0.0078125,0.033203125,1582.0,59.0,185.0,93.7,58.8,,,,,,,,
2026-09-07 14:59:38.376261,0.57464599609375,0.38494873046875,0.44268798828125,0.57061767578125,0.1484375,-0.390625,-0.140625,-0.00390625,0.0,-0.005859375,1582.0,59.0,185.0,93.7,58.8,,,,,,,,
2026-09-07 14:59:38.476051,0.574462890625,0.38519287109375,0.44256591796875,0.57080078125,0.0546875,-0.9375,-0.1640625,-0.0078125,0.0,-0.00390625,1575.75,59.0,185.0,95.7,56.5,,,,,,,,
2026-09-07 14:59:38.575623,0.5745849609375,0.38629150390625,0.441650390625,0.57061767578125,-0.01171875,-1.39453125,-0.0859375,0.021484375,0.001953125,-0.02734375,1575.75,59.0,185.0,95.7,56.5,,,,,,,,
2026-09-07 14:59:38.674059,0.57489013671875,0.3870849609375,0.44097900390625,0.57025146484375,-0.10546875,-1.26171875,-0.27734375,0.0390625,0.001953125,-0.015625,1589.0,59.0,185.0,91.0,29.4,,,,,,,,
2026-09-07 14:59:38.775750,0.5753173828125,0.388671875,0.43988037109375,0.569580078125,-0.2109375,-0.671875,-0.2890625,0.0234375,0.0078125,-0.013671875,1589.0,59.0,185.0,91.0,29.4,,,,,,,,
2026-09-07 14:59:38.876363,0.57525634765625,0.3890380859375,0.43988037109375,0.56939697265625,-0.2265625,0.8125,-0.39453125,-0.0078125,0.0078125,-0.009765625,1530.25,59.0,185.0,65.5,23.9,,,,,,,,
2026-09-07 14:59:38.975279,0.5767822265625,0.3896484375,0.4393310546875,0.56787109375,-0.38671875,1.078125,-0.32421875,-0.02734375,0.005859375,-0.00390625,1530.25,59.0,185.0,65.5,23.9,,,,,,,,
2026-09-07 14:59:39.077293,0.57720947265625,0.391357421875,0.43780517578125,0.56744384765625,-0.3984375,0.85546875,0.13671875,-0.033203125,0.005859375,-0.009765625,1549.0,59.0,185.0,48.6,28.2,,,,,,,,
2026-09-07 14:59:39.161742,0.5771484375,0.3924560546875,0.4368896484375,0.5675048828125,-0.0859375,-0.5859375,0.37109375,0.005859375,0.00390625,0.001953125,1549.0,59.0,185.0,48.6,28.2,,,,,,,,
2026-09-07 14:59:39.279151,0.57720947265625,0.394775390625,0.43499755859375,0.56719970703125,-0.16796875,0.46875,0.37109375,0.033203125,0.00390625,-0.01171875,1599.0,59.0,185.0,56.5,35.3,,,,,,,,
2026-09-07 14:59:39.503981,0.578125,0.3975830078125,0.43280029296875,0.56597900390625,0.0078125,-0.328125,-0.06640625,0.07421875,0.0078125,-0.013671875,1556.25,58.4,185.0,58.8,38.4,,,,,,,,
2026-09-07 14:59:39.603580,0.57861328125,0.399169921875,0.43170166015625,0.56524658203125,-0.0234375,0.69921875,-0.2109375,0.021484375,0.0078125,0.015625,1556.25,58.4,185.0,58.8,38.4,,,,,,,,
2026-09-07 14:59:39.700973,0.57928466796875,0.39996337890625,0.4312744140625,0.5643310546875,0.13671875,0.7265625,0.0,0.015625,0.00390625,0.021484375,1565.5,58.4,185.0,67.1,48.6,,,,,,,,
2026-09-07 14:59:39.802281,0.58001708984375,0.40020751953125,0.43121337890625,0.5634765625,0.15234375,0.8125,-0.18359375,0.001953125,0.001953125,0.009765625,1565.5,58.4,185.0,67.1,48.6,,,,,,,,
2026-09-07 14:59:39.902271,0.5804443359375,0.4000244140625,0.431396484375,0.56298828125,0.25390625,0.609375,0.09375,-0.01171875,0.001953125,0.0078125,1610.0,58.4,185.0,70.2,49.0,,,,,,,,
2026-09-07 14:59:40.002573,0.580322265625,0.399658203125,0.431884765625,0.56298828125,0.46484375,-0.1953125,0.1640625,0.009765625,0.001953125,-0.01171875,1610.0,58.4,185.0,70.2,49.0,,,,,,,,
2026-09-07 14:59:40.109546,0.58013916015625,0.40020751953125,0.43145751953125,0.5631103515625,0.015625,-0.71484375,0.32421875,0.00390625,0.001953125,0.00390625,1576.5,58.4,185.0,71.8,45.5,,,,,,,,
2026-09-07 14:59:40.201794,0.58062744140625,0.4007568359375,0.43115234375,0.5625,0.0078125,-0.80859375,0.21484375,0.021484375,0.0,0.001953125,1576.5,58.4,185.0,71.8,45.5,,,,,,,,
2026-09-07 14:59:40.302173,0.5809326171875,0.40057373046875,0.431396484375,0.5621337890625,0.2265625,-0.8671875,0.11328125,0.00390625,0.005859375,0.009765625,1587.5,58.4,185.0,71.4,45.9,,,,,,,,
2026-09-07 14:59:40.409316,0.58148193359375,0.40081787109375,0.4315185546875,0.56121826171875,0.10546875,-0.0234375,-0.17578125,-0.01953125,0.01171875,-0.00390625,1587.5,58.4,185.0,71.4,45.9,,,,,,,,
2026-09-07 14:59:40.501253,0.58172607421875,0.40093994140625,0.43212890625,0.5604248046875,-0.01171875,-0.0234375,-0.14453125,0.01171875,0.01171875,-0.013671875,1564.75,58.4,185.0,72.9,39.6,,,,,,,,
2026-09-07 14:59:40.609593,0.581787109375,0.4012451171875,0.43218994140625,0.5601806640625,-0.09765625,-0.328125,0.109375,0.005859375,0.0078125,-0.009765625,1564.75,58.4,185.0,72.9,39.6,,,,,,,,
2026-09-07 14:59:40.708419,0.58203125,0.40179443359375,0.43231201171875,0.559326171875,-0.1640625,-0.01171875,-0.05859375,0.0,0.0078125,-0.017578125,1521.0,58.4,185.0,55.3,24.7,,,,,,,,
2026-09-07 14:59:40.801235,0.58197021484375,0.40191650390625,0.43255615234375,0.5592041015625,-0.1484375,0.078125,-0.05078125,-0.02734375,0.0078125,0.005859375,1521.0,58.4,185.0,55.3,24.7,,,,,,,,
2026-09-07 14:59:40.909650,0.58197021484375,0.402099609375,0.432373046875,0.55914306640625,-0.19921875,0.0,0.1796875,-0.001953125,-0.001953125,0.001953125,1522.5,57.8,185.0,44.3,25.1,,,,,,,,
2026-09-07 14:59:41.008614,0.581787109375,0.40277099609375,0.43170166015625,0.5594482421875,-0.24609375,0.61328125,-0.07421875,-0.017578125,0.0,0.021484375,1522.5,57.8,185.0,44.3,25.1,,,,,,,,
2026-09-07 14:59:41.108643,0.5806884765625,0.4041748046875,0.43023681640625,0.5606689453125,-0.06640625,-0.046875,0.24609375,0.025390625,0.0,-0.00390625,1539.0,57.8,185.0,42.4,27.8,,,,,,,,
2026-09-07 14:59:41.199468,0.58001708984375,0.4052734375,0.42919921875,0.5614013671875,0.0625,-0.0625,0.12109375,0.021484375,-0.00390625,-0.005859375,1539.0,57.8,185.0,42.4,27.8,,,,,,,,
2026-09-07 14:59:41.318217,0.5797119140625,0.40557861328125,0.428955078125,0.5616455078125,-0.16015625,0.20703125,-0.0546875,0.00390625,-0.001953125,0.005859375,1578.0,57.8,185.0,48.2,38.0,,,,,,,,
2026-09-07 14:59:41.400466,0.578857421875,0.40570068359375,0.42889404296875,0.5625,0.140625,-0.30859375,-0.109375,0.00390625,0.0,-0.0078125,1578.0,57.8,185.0,48.2,38.0,,,,,,,,
2026-09-07 14:59:41.518884,0.5784912109375,0.4058837890625,0.42877197265625,0.56280517578125,0.22265625,-0.421875,-0.046875,-0.001953125,0.00390625,-0.021484375,1572.5,57.8,185.0,60.0,46.7,,,,,,,,
2026-09-07 14:59:41.608506,0.577880859375,0.40631103515625,0.42852783203125,0.56329345703125,0.0625,-0.08984375,0.0546875,-0.0078125,0.001953125,-0.001953125,1572.5,57.8,185.0,60.0,46.7,,,,,,,,
2026-09-07 14:59:41.697140,0.57781982421875,0.40631103515625,0.4287109375,0.56329345703125,-0.12109375,-0.3046875,0.16015625,-0.013671875,0.001953125,0.0,1516.25,57.8,185.0,63.5,52.5,,,,,,,,
2026-09-07 14:59:41.819219,0.57720947265625,0.40570068359375,0.42919921875,0.56396484375,0.0390625,0.546875,0.046875,-0.021484375,-0.001953125,0.013671875,1516.25,57.8,185.0,63.5,52.5,,,,,,,,
2026-09-07 14:59:41.908050,0.5770263671875,0.40521240234375,0.4295654296875,0.56414794921875,0.0859375,0.26953125,0.01171875,-0.015625,-0.001953125,0.005859375,1533.5,57.8,185.0,68.6,65.9,,,,,,,,
2026-09-07 14:59:42.018046,0.57666015625,0.40447998046875,0.42999267578125,0.56475830078125,0.03125,-0.32421875,0.02734375,0.001953125,-0.00390625,-0.001953125,1533.5,57.8,185.0,68.6,65.9,,,,,,,,
2026-09-07 14:59:42.116472,0.5760498046875,0.404052734375,0.4302978515625,0.5654296875,-0.13671875,-0.15625,-0.01953125,0.00390625,0.0,0.001953125,1560.75,57.2,185.0,71.4,71.4,,,,,,,,
2026-09-07 14:59:42.195979,0.5755615234375,0.40350341796875,0.43096923828125,0.56585693359375,0.21484375,-0.39453125,-0.02734375,-0.00390625,0.00390625,0.00390625,1560.75,57.2,185.0,71.4,71.4,,,,,,,,
2026-09-07 14:59:42.319932,0.574951171875,0.40411376953125,0.43109130859375,0.56591796875,0.23828125,-0.57421875,-0.2421875,0.009765625,0.009765625,-0.015625,1566.25,57.2,185.0,73.3,68.2,,,,,,,,
2026-09-07 14:59:42.416866,0.57489013671875,0.40423583984375,0.4312744140625,0.5657958984375,-0.23046875,0.00390625,-0.1484375,0.0,0.009765625,0.015625,1566.25,57.2,185.0,73.3,68.2,,,,,,,,
2026-09-07 14:59:42.516026,0.575439453125,0.4039306640625,0.43194580078125,0.56488037109375,0.20703125,0.203125,-0.0234375,-0.0078125,0.0078125,0.001953125,1581.25,57.8,185.0,76.9,65.9,,,,,,,,
2026-09-07 14:59:42.616576,0.57611083984375,0.40380859375,0.432373046875,0.56396484375,-0.0546875,0.28515625,0.10546875,0.009765625,0.00390625,-0.01953125,1581.25,57.8,185.0,76.9,65.9,,,,,,,,
2026-09-07 14:59:42.697709,0.57611083984375,0.40350341796875,0.4327392578125,0.56396484375,-0.09375,0.65234375,-0.19921875,-0.046875,0.001953125,0.013671875,1544.5,57.8,185.0,86.3,68.2,,,,,,,,
2026-09-07 14:59:42.819485,0.57647705078125,0.4024658203125,0.43377685546875,0.56353759765625,-0.2734375,1.37109375,-0.78125,-0.013671875,0.001953125,-0.001953125,1544.5,57.8,185.0,86.3,68.2,,,,,,,,
2026-09-07 14:59:42.916996,0.5760498046875,0.40264892578125,0.43377685546875,0.5638427734375,0.578125,-1.5625,1.23046875,-0.005859375,0.001953125,-0.01953125,1539.0,57.8,185.0,91.8,82.0,,,,,,,,
2026-09-07 14:59:43.016364,0.57611083984375,0.402099609375,0.4345703125,0.5634765625,0.5390625,-0.17578125,-0.58203125,-0.001953125,0.001953125,0.021484375,1539.0,57.8,185.0,91.8,82.0,,,,,,,,
2026-09-07 14:59:43.116539,0.5762939453125,0.40191650390625,0.43505859375,0.5631103515625,-0.00390625,-0.4375,0.3203125,0.013671875,0.00390625,-0.017578125,1569.5,57.8,185.0,91.8,82.0,,,,,,,,
2026-09-07 14:59:43.216508,0.57659912109375,0.40240478515625,0.43487548828125,0.5626220703125,-0.07421875,0.23046875,0.02734375,0.01171875,0.00390625,-0.005859375,1569.5,57.8,185.0,91.8,82.0,,,,,,,,
2026-09-07 14:59:43.316520,0.57684326171875,0.40216064453125,0.435302734375,0.5621337890625,-0.07421875,0.1171875,0.01953125,-0.005859375,0.001953125,0.005859375,1591.25,57.8,185.0,94.1,75.3,,,,,,,,
2026-09-07 14:59:43.416738,0.5777587890625,0.39990234375,0.43756103515625,0.56109619140625,-0.06640625,0.41015625,-0.09375,-0.01953125,0.001953125,0.013671875,1591.25,57.8,185.0,94.1,75.3,,,,,,,,
2026-09-07 14:59:43.516791,0.57781982421875,0.39935302734375,0.43804931640625,0.56103515625,-0.01171875,-0.20703125,0.11328125,0.015625,-0.00390625,-0.013671875,1602.25,57.8,185.0,96.9,56.1,,,,,,,,
2026-09-07 14:59:43.616735,0.57806396484375,0.398193359375,0.43896484375,0.5609130859375,0.0234375,-0.16796875,-0.1328125,-0.021484375,-0.001953125,0.005859375,1602.25,57.8,185.0,96.9,56.1,,,,,,,,
2026-09-07 14:59:43.717995,0.57781982421875,0.3970947265625,0.4398193359375,0.56121826171875,-0.2265625,0.33203125,0.33984375,-0.017578125,-0.001953125,0.001953125,1599.0,57.8,185.0,99.6,48.2,,,,,,,,
2026-09-07 14:59:43.933845,0.57666015625,0.3955078125,0.44122314453125,0.56243896484375,-0.12890625,0.078125,-0.14453125,-0.033203125,-0.001953125,0.00390625,1563.25,57.8,185.0,100.0,42.7,,,,,,,,
2026-09-07 14:59:44.023067,0.5762939453125,0.39508056640625,0.4415283203125,0.5628662109375,0.1171875,-0.6171875,0.34765625,-0.01171875,0.00390625,-0.0078125,1563.25,57.8,185.0,100.0,42.7,,,,,,,,
2026-09-07 14:59:44.133750,0.575927734375,0.3948974609375,0.44171142578125,0.563232421875,-0.1953125,-0.15625,0.125,0.01171875,-0.001953125,-0.015625,1598.25,57.8,185.0,96.1,46.3,,,,,,,,
2026-09-07 14:59:44.224160,0.57586669921875,0.3944091796875,0.44207763671875,0.56329345703125,-0.01953125,-0.08203125,0.1171875,0.013671875,0.00390625,-0.013671875,1567.75,57.8,185.0,85.1,28.6,,,,,,,,
2026-09-07 14:59:44.315714,0.57574462890625,0.3946533203125,0.44195556640625,0.56341552734375,-0.10546875,-0.2578125,0.03125,0.017578125,0.001953125,-0.009765625,1567.75,57.8,185.0,85.1,28.6,,,,,,,,
2026-09-07 14:59:44.422021,0.57574462890625,-1.60516357421875,0.4417724609375,0.5634765625,-0.51171875,0.1875,-0.328125,0.033203125,-0.001953125,-0.02734375,1567.75,57.8,185.0,85.1,28.6,,,,,,,,
2026-09-07 14:59:44.521613,0.5755615234375,0.3948974609375,0.441650390625,0.56365966796875,-0.25390625,0.50390625,-0.3125,0.0078125,0.0,-0.00390625,1509.25,57.8,185.0,61.2,26.3,,,,,,,,
2026-09-07 14:59:44.622109,0.5753173828125,0.39483642578125,0.44158935546875,0.56402587890625,-0.27734375,0.72265625,-0.02734375,0.0,-0.001953125,0.00390625,1509.25,57.8,185.0,61.2,26.3,,,,,,,,
2026-09-07 14:59:44.722451,0.57427978515625,0.39605712890625,0.4403076171875,0.565185546875,-0.0390625,0.3828125,0.1796875,-0.0078125,-0.001953125,-0.001953125,1532.0,57.8,185.0,66.3,32.9,,,,,,,,
2026-09-07 14:59:44.818383,0.57305908203125,0.3973388671875,0.43896484375,0.56658935546875,0.11328125,-0.59375,0.2109375,-0.01171875,0.00390625,0.001953125,1532.0,57.8,185.0,66.3,32.9,,,,,,,,
2026-09-07 14:59:44.921544,0.5726318359375,0.39788818359375,0.43853759765625,0.56695556640625,-0.046875,-0.453125,0.05078125,-0.013671875,0.00390625,-0.025390625,1569.5,57.8,185.0,74.9,46.7,,,,,,,,
2026-09-07 14:59:45.021711,0.57232666015625,0.398681640625,0.43792724609375,0.567138671875,-0.3984375,0.34765625,0.01953125,-0.2578125,0.0,0.0,1569.5,57.8,185.0,74.9,46.7,,,,,,,,
2026-09-07 14:59:45.122591,0.57275390625,0.39825439453125,0.43829345703125,0.5667724609375,-0.3515625,0.57421875,0.203125,0.009765625,-0.00390625,0.029296875,1531.25,57.8,185.0,78.4,49.8,,,,,,,,
2026-09-07 14:59:45.222081,0.57318115234375,0.39825439453125,0.438232421875,0.56640625,0.3359375,-0.23828125,0.22265625,0.009765625,-0.001953125,0.00390625,1531.25,57.8,185.0,78.4,49.8,,,,,,,,
2026-09-07 14:59:45.314459,0.57342529296875,0.39892578125,0.4375,0.56622314453125,0.08203125,-0.0234375,-0.234375,0.017578125,0.0,-0.015625,1562.5,57.8,185.0,78.8,53.3,,,,,,,,
2026-09-07 14:59:45.414412,0.57366943359375,0.39892578125,0.43768310546875,0.56585693359375,0.3828125,-0.60546875,-0.171875,0.013671875,0.001953125,0.00390625,1562.5,57.8,185.0,78.8,53.3,,,,,,,,
2026-09-07 14:59:45.521880,0.57391357421875,0.3995361328125,0.43743896484375,0.56536865234375,0.21875,-0.53515625,0.140625,0.0234375,0.009765625,-0.021484375,1550.75,57.8,185.0,80.0,43.5,,,,,,,,
2026-09-07 14:59:45.621725,0.5740966796875,0.400146484375,0.437255859375,0.56488037109375,-0.1015625,-0.06640625,-0.1328125,0.0,0.0078125,-0.00390625,1550.75,57.8,185.0,80.0,43.5,,,,,,,,
2026-09-07 14:59:45.729270,0.5743408203125,0.4002685546875,0.43743896484375,0.56439208984375,-0.15625,0.125,0.13671875,-0.015625,0.00390625,0.00390625,1518.75,57.8,186.8,66.3,29.4,,,,,,,,
2026-09-07 14:59:45.820893,0.57470703125,0.400634765625,0.43731689453125,0.5638427734375,-0.1875,0.078125,0.15234375,0.005859375,0.001953125,0.0,1518.75,57.8,186.8,66.3,29.4,,,,,,,,
2026-09-07 14:59:46.163572,0.5745849609375,0.40264892578125,0.43621826171875,0.56341552734375,-0.1328125,0.42578125,-0.0234375,-0.013671875,0.005859375,0.009765625,1592.0,57.8,186.8,63.9,43.5,,,,,,,,
2026-09-07 14:59:46.258972,0.57452392578125,0.40234375,0.4365234375,0.56341552734375,0.10546875,0.14453125,0.15234375,-0.02734375,0.00390625,0.013671875,1578.75,57.8,186.8,68.2,48.2,,,,,,,,
2026-09-07 14:59:46.358668,0.57427978515625,0.40234375,0.43670654296875,0.5635986328125,0.0546875,0.3046875,0.25,0.005859375,0.001953125,-0.001953125,1578.75,57.8,186.8,68.2,48.2,,,,,,,,
2026-09-07 14:59:46.458819,0.5740966796875,0.40264892578125,0.4365234375,0.56365966796875,-0.0703125,-0.125,0.1015625,0.00390625,0.0078125,-0.013671875,1555.25,57.8,186.8,68.2,29.4,,,,,,,,
2026-09-07 14:59:46.538906,0.57373046875,0.40289306640625,0.43646240234375,0.56390380859375,-0.0078125,-0.23828125,-0.12109375,-0.0078125,0.001953125,-0.0078125,1555.25,57.8,186.8,68.2,29.4,,,,,,,,
2026-09-07 14:59:46.662393,0.57318115234375,0.40301513671875,0.43658447265625,0.5643310546875,-0.0390625,-0.3828125,0.2265625,-0.00390625,0.0,0.00390625,1505.25,57.8,186.8,56.5,30.2,,,,,,,,
2026-09-07 14:59:46.758948,0.57275390625,0.40289306640625,0.43670654296875,0.564697265625,-0.10546875,0.39453125,-0.1875,-0.009765625,-0.00390625,0.00390625,1505.25,57.8,186.8,56.5,30.2,,,,,,,,
2026-09-07 14:59:46.859262,0.572265625,0.4029541015625,0.43670654296875,0.565185546875,0.046875,0.23828125,-0.37109375,-0.015625,0.001953125,0.005859375,1542.75,57.8,186.8,58.8,43.5,,,,,,,,
2026-09-07 14:59:46.958674,0.57183837890625,0.40313720703125,0.43658447265625,0.56561279296875,0.0546875,0.0,0.05078125,-0.0078125,-0.00390625,0.005859375,1542.75,57.8,186.8,58.8,43.5,,,,,,,,
2026-09-07 14:59:47.044068,0.5716552734375,0.4033203125,0.43634033203125,0.56585693359375,-0.10546875,0.015625,0.0625,0.001953125,0.0,-0.015625,1603.75,57.8,186.8,67.5,50.2,,,,,,,,
2026-09-07 14:59:47.146314,0.57110595703125,0.40338134765625,0.43609619140625,0.5665283203125,0.1171875,-0.4453125,0.15625,0.0,0.0,-0.009765625,1603.75,57.8,186.8,67.5,50.2,,,,,,,,
2026-09-07 14:59:47.246765,0.5706787109375,0.4033203125,0.43603515625,-1.4329833984375,-0.19921875,0.9140625,-0.63671875,0.01171875,-0.00390625,-0.005859375,1553.0,57.8,186.8,71.8,51.0,,,,,,,,
2026-09-07 14:59:47.346214,0.5704345703125,0.4031982421875,0.43603515625,0.5673828125,-0.0390625,0.5625,0.0,0.0078125,-0.0078125,0.01171875,1553.0,57.8,186.8,71.8,51.0,1.0,12.0,36.9884915,-122.15839366666668,21.1,0.64,49.697,284.12
2026-09-07 14:59:47.447169,0.56988525390625,0.4027099609375,0.43634033203125,0.56805419921875,0.046875,0.59765625,-0.44140625,-0.001953125,-0.0078125,0.00390625,1559.25,57.8,186.8,74.9,51.8,1.0,12.0,36.9884915,-122.15839366666668,21.1,0.64,49.697,284.12
2026-09-07 14:59:47.556165,0.56951904296875,0.40252685546875,0.436279296875,0.56854248046875,-0.015625,0.07421875,0.0703125,-0.001953125,-0.00390625,-0.021484375,1559.25,57.8,186.8,74.9,51.8,1.0,12.0,36.9884915,-122.15839366666668,21.1,0.64,49.697,284.12
2026-09-07 14:59:47.659955,0.56927490234375,0.40264892578125,0.435791015625,0.56915283203125,0.0703125,0.20703125,0.24609375,0.01171875,-0.001953125,-0.013671875,1555.25,57.8,186.8,76.5,51.4,1.0,12.0,36.9884915,-122.15839366666668,21.1,0.64,49.697,284.12
2026-09-07 14:59:47.759683,0.5693359375,0.402587890625,0.43572998046875,0.56915283203125,0.12109375,-0.6640625,-0.08203125,0.0078125,-0.001953125,-0.001953125,1555.25,57.8,186.8,76.5,51.4,1.0,12.0,36.9884915,-122.15839366666668,21.1,0.64,49.697,284.12
2026-09-07 14:59:47.860011,0.5694580078125,0.402587890625,0.43560791015625,0.569091796875,0.078125,0.31640625,-0.19921875,0.013671875,-0.001953125,0.005859375,1565.5,57.8,188.6,77.3,52.5,1.0,12.0,36.9884915,-122.15839366666668,21.1,0.64,49.697,284.12
2026-09-07 14:59:47.959665,0.569580078125,0.4022216796875,0.4356689453125,0.56915283203125,0.19921875,-0.42578125,0.27734375,0.00390625,-0.00390625,-0.0078125,1565.5,57.8,188.6,77.3,52.5,1.0,12.0,36.9884915,-122.15839366666668,21.1,0.64,49.697,284.12
2026-09-07 14:59:48.045787,-1.43048095703125,0.40234375,0.43536376953125,0.56939697265625,-0.0546875,0.02734375,0.078125,-0.001953125,-0.00390625,-0.001953125,1570.25,57.8,188.6,77.6,49.4,1.0,12.0,36.9884915,-122.15839366666668,21.1,0.64,49.697,284.12
2026-09-07 14:59:48.156204,0.5694580078125,0.401123046875,0.4359130859375,0.5699462890625,-0.17578125,0.1484375,0.4609375,-0.005859375,-0.009765625,0.005859375,1570.25,57.8,188.6,77.6,49.4,1.0,12.0,36.9884915,-122.15839366666668,21.1,0.64,49.697,284.12
2026-09-07 14:59:48.261866,0.56903076171875,0.40069580078125,0.43603515625,0.57049560546875,0.3359375,-0.34375,-0.0546875,-0.009765625,0.0,-0.015625,1538.25,57.8,188.6,78.4,49.0,,,,,,,,
2026-09-07 14:59:48.362595,0.5687255859375,0.400146484375,0.4364013671875,0.57098388671875,-0.109375,0.30859375,-0.08203125,-0.01953125,-0.0078125,0.013671875,1538.25,57.8,188.6,78.4,49.0,,,,,,,,
2026-09-07 14:59:48.462716,0.56878662109375,0.3995361328125,0.4366455078125,0.57110595703125,0.03125,0.22265625,-0.08203125,0.01953125,-0.001953125,-0.015625,1542.75,57.8,188.6,72.9,29.8,,,,,,,,
2026-09-07 14:59:48.556666,0.569091796875,0.3994140625,0.4366455078125,0.5709228515625,-0.20703125,-0.16015625,0.35546875,-0.013671875,0.0,-0.00390625,1542.75,57.8,188.6,72.9,29.8,,,,,,,,
2026-09-07 14:59:48.651678,0.5692138671875,0.3994140625,0.4366455078125,0.57080078125,-0.14453125,-0.03515625,0.046875,0.005859375,0.0,-0.0078125,1496.0,57.8,188.6,51.4,25.5,,,,,,,,
2026-09-07 14:59:48.751237,0.56939697265625,0.39935302734375,0.43670654296875,0.57061767578125,-0.24609375,0.12890625,-0.10546875,0.001953125,-0.00390625,0.00390625,1496.0,57.8,188.6,51.4,25.5,,,,,,,,
2026-09-07 14:59:48.858538,0.56951904296875,0.39990234375,0.43597412109375,0.5706787109375,-0.0078125,-0.1015625,-0.15234375,0.001953125,-0.00390625,-0.001953125,1515.5,57.8,188.6,47.5,27.5,,,,,,,,
2026-09-07 14:59:48.958487,0.56939697265625,0.40045166015625,0.43536376953125,0.57086181640625,-0.265625,-0.21484375,0.2109375,-0.00390625,-0.0078125,0.009765625,1515.5,57.8,188.6,47.5,27.5,,,,,,,,
2026-09-07 14:59:49.058163,0.5689697265625,0.40118408203125,0.4346923828125,0.5712890625,0.171875,-0.4140625,-0.08984375,-0.00390625,-0.001953125,0.0,1544.5,57.2,188.6,49.8,34.1,,,,,,,,
2026-09-07 14:59:49.158513,0.568359375,0.40179443359375,0.43414306640625,0.5718994140625,0.35546875,-0.52734375,-0.1640625,-0.021484375,0.0,0.001953125,1544.5,57.2,188.6,49.8,34.1,,,,,,,,
2026-09-07 14:59:49.242989,0.5679931640625,0.402099609375,0.43389892578125,0.572265625,0.26171875,-0.30859375,0.1171875,-0.02734375,0.001953125,-0.01953125,1565.5,57.2,188.6,58.0,46.7,,,,,,,,
2026-09-07 14:59:49.350970,0.56787109375,0.40264892578125,0.433349609375,0.5723876953125,-0.296875,0.03515625,0.1953125,0.001953125,-0.001953125,-0.001953125,1565.5,57.2,188.6,58.0,46.7,,,,,,,,
2026-09-07 14:59:49.448698,0.56793212890625,0.40252685546875,0.43341064453125,0.57232666015625,0.32421875,-0.08203125,0.046875,-0.013671875,0.00390625,-0.0078125,1543.75,57.8,188.6,62.7,57.3,,,,,,,,
2026-09-07 14:59:49.558853,0.567626953125,0.4027099609375,0.4334716796875,0.57244873046875,-0.0078125,0.15625,-0.06640625,-0.00390625,0.005859375,-0.0234375,1543.75,57.8,188.6,62.7,57.3,,,,,,,,
2026-09-07 14:59:49.659211,0.56781005859375,0.40264892578125,0.43365478515625,0.572265625,-0.0625,0.1484375,0.01171875,0.005859375,0.001953125,-0.00390625,1539.0,57.8,188.6,67.5,64.3,,,,,,,,
2026-09-07 14:59:49.758559,0.5673828125,0.40240478515625,0.43402099609375,0.572509765625,-0.0234375,0.18359375,-0.3125,-0.009765625,0.00390625,-0.015625,1539.0,57.8,188.6,67.5,64.3,,,,,,,,
2026-09-07 14:59:49.858975,0.567138671875,0.40185546875,0.43463134765625,0.57269287109375,-0.23828125,0.69921875,-0.2421875,-0.015625,0.001953125,0.0,1567.0,57.8,188.6,71.4,63.5,,,,,,,,
2026-09-07 14:59:49.949727,0.567138671875,0.4017333984375,0.43475341796875,0.57269287109375,-0.0390625,-0.125,0.125,-0.013671875,0.001953125,-0.001953125,1567.0,57.8,188.6,71.4,63.5,,,,,,,,
2026-09-07 14:59:50.049820,0.5670166015625,0.40185546875,0.43475341796875,0.57269287109375,0.046875,-0.0859375,0.30078125,-0.015625,0.00390625,-0.017578125,1550.0,57.8,188.6,73.7,61.2,,,,,,,,
2026-09-07 14:59:50.150428,0.5675048828125,0.40203857421875,0.43475341796875,0.57208251953125,-0.359375,-0.34375,0.14453125,0.01171875,0.0078125,-0.001953125,1550.0,57.8,188.6,73.7,61.2,,,,,,,,
2026-09-07 14:59:50.259276,0.56781005859375,0.40203857421875,0.43487548828125,0.5716552734375,-0.0546875,0.41796875,-0.328125,0.021484375,0.001953125,-0.0078125,1571.0,57.8,188.6,77.3,61.2,,,,,,,,
2026-09-07 14:59:50.359478,0.56829833984375,0.4013671875,0.43548583984375,0.57122802734375,0.078125,0.125,0.30859375,-0.0078125,0.001953125,0.025390625,1571.0,57.8,188.6,77.3,61.2,,,,,,,,
2026-09-07 14:59:50.458558,0.5684814453125,0.40081787109375,0.43597412109375,0.571044921875,0.12109375,0.17578125,0.24609375,-0.005859375,-0.001953125,0.015625,1544.5,57.8,188.6,80.4,61.6,,,,,,,,
2026-09-07 14:59:50.559008,0.56829833984375,0.40032958984375,0.43658447265625,0.57110595703125,0.04296875,0.21484375,0.0703125,-0.009765625,0.001953125,0.001953125,1544.5,57.8,188.6,80.4,61.6,,,,,,,,
2026-09-07 14:59:50.651254,0.56817626953125,0.3997802734375,0.4371337890625,0.5711669921875,0.11328125,-0.2109375,0.19140625,-0.01171875,0.0,-0.005859375,1549.0,57.8,188.6,87.1,65.1,,,,,,,,
2026-09-07 14:59:50.758811,0.56842041015625,0.39947509765625,0.4373779296875,0.57098388671875,0.2578125,-0.4375,0.19140625,0.0078125,-0.001953125,-0.009765625,1549.0,57.8,188.6,87.1,65.1,,,,,,,,
2026-09-07 14:59:50.858585,0.568603515625,0.39898681640625,0.437744140625,0.57086181640625,0.25,-0.55078125,-0.09765625,0.005859375,0.001953125,-0.013671875,1556.25,57.8,188.6,88.2,71.0,,,,,,,,
2026-09-07 14:59:50.958623,0.5687255859375,0.39898681640625,0.43780517578125,0.57073974609375,0.2890625,-0.46484375,0.15234375,-0.0078125,0.0,-0.01171875,1556.25,57.8,188.6,88.2,71.0,,,,,,,,
2026-09-07 14:59:51.059470,0.5693359375,0.3985595703125,0.43798828125,0.57025146484375,-0.23046875,0.1953125,0.19140625,0.015625,-0.00390625,0.005859375,1552.25,58.4,188.6,91.0,70.2,,,,,,,,
2026-09-07 14:59:51.152563,0.5697021484375,0.39801025390625,0.43829345703125,0.570068359375,0.02734375,0.05078125,-0.16015625,0.01171875,-0.005859375,0.0078125,1552.25,58.4,188.6,91.0,70.2,,,,,,,,
2026-09-07 14:59:51.256844,0.56988525390625,0.39752197265625,0.43865966796875,0.5699462890625,-0.140625,0.421875,-0.16015625,0.025390625,-0.001953125,-0.005859375,1570.25,58.4,188.6,93.3,60.0,,,,,,,,
2026-09-07 14:59:51.360101,0.57000732421875,0.39703369140625,0.43890380859375,0.56988525390625,-0.0859375,0.22265625,-0.24609375,0.013671875,-0.001953125,-0.005859375,1570.25,58.4,188.6,93.3,60.0,,,,,,,,
2026-09-07 14:59:51.468094,0.57000732421875,0.39691162109375,0.4388427734375,0.570068359375,-0.078125,0.0078125,-0.14453125,-0.015625,-0.001953125,-0.00390625,1579.5,58.4,188.6,92.9,44.3,,,,,,,,
2026-09-07 14:59:51.555614,0.570068359375,0.39691162109375,0.43878173828125,0.570068359375,-0.203125,0.15625,-0.03125,-0.001953125,-0.0078125,0.005859375,1579.5,58.4,188.6,92.9,44.3,,,,,,,,
2026-09-07 14:59:51.657155,0.57037353515625,0.39654541015625,0.4388427734375,0.5699462890625,0.08203125,-0.15234375,0.11328125,0.021484375,0.0,-0.0078125,1554.5,58.4,188.6,92.9,37.6,,,,,,,,
2026-09-07 14:59:51.756847,0.57025146484375,0.396240234375,0.43902587890625,0.57012939453125,-0.29296875,0.15625,0.61328125,0.001953125,0.0,-0.02734375,1554.5,58.4,188.6,92.9,37.6,,,,,,,,
2026-09-07 14:59:51.856883,0.5703125,0.3958740234375,0.4390869140625,0.5703125,-0.5078125,0.67578125,0.14453125,0.015625,-0.00390625,-0.013671875,1562.5,58.4,188.6,89.4,37.6,,,,,,,,
2026-09-07 14:59:51.957582,0.57049560546875,0.395751953125,0.43902587890625,0.57025146484375,0.03515625,-0.04296875,-0.20703125,0.01953125,-0.001953125,-0.009765625,1562.5,58.4,188.6,89.4,37.6,,,,,,,,
2026-09-07 14:59:52.057729,0.570556640625,0.39569091796875,0.43890380859375,0.5703125,0.10546875,-0.07421875,-0.109375,-0.00390625,-0.001953125,0.001953125,1519.5,58.4,188.6,80.8,28.2,,,,,,,,
2026-09-07 14:59:52.155733,0.5709228515625,0.395751953125,0.4385986328125,0.57012939453125,-0.125,0.36328125,-0.30078125,0.025390625,-0.0078125,-0.001953125,1519.5,58.4,188.6,80.8,28.2,,,,,,,,
2026-09-07 14:59:52.258260,0.5706787109375,0.39508056640625,0.43890380859375,0.57061767578125,-0.140625,0.40234375,-0.23828125,0.0,-0.00390625,-0.005859375,1516.25,58.4,188.6,53.3,23.9,,,,,,,,
2026-09-07 14:59:52.356933,0.57037353515625,0.39483642578125,0.43896484375,0.571044921875,-0.20703125,0.31640625,-0.08203125,-0.01171875,-0.00390625,-0.013671875,1516.25,58.4,188.6,53.3,23.9,,,,,,,,
2026-09-07 14:59:52.457187,0.5699462890625,0.39447021484375,0.43890380859375,0.57177734375,-0.2734375,0.2734375,0.0703125,-0.015625,-0.0078125,0.013671875,1527.25,58.4,188.6,45.5,28.2,,,,,,,,
2026-09-07 14:59:52.557488,0.56964111328125,0.3958740234375,0.437255859375,0.5723876953125,-0.1796875,-0.03515625,0.1171875,0.01953125,0.0,-0.00390625,1527.25,58.4,188.6,45.5,28.2,,,,,,,,
2026-09-07 14:59:52.657352,0.56903076171875,0.397705078125,0.43560791015625,0.572998046875,-0.00390625,-0.9453125,-0.0234375,0.015625,0.00390625,-0.01953125,1555.25,58.4,188.6,51.0,34.5,,,,,,,,
2026-09-07 14:59:52.750234,0.56866455078125,0.39935302734375,0.43402099609375,0.5733642578125,-0.2734375,-0.37109375,0.03125,0.009765625,-0.001953125,-0.021484375,1555.25,58.4,188.6,51.0,34.5,,,,,,,,
2026-09-07 14:59:52.850613,0.56842041015625,0.400390625,0.43310546875,0.5736083984375,-0.7109375,0.04296875,-0.2890625,-0.005859375,0.0,0.00390625,1560.0,58.4,188.6,62.0,48.6,,,,,,,,
2026-09-07 14:59:52.956690,0.56805419921875,0.4007568359375,0.4327392578125,0.573974609375,0.1171875,0.2578125,-0.32421875,-0.017578125,0.001953125,0.005859375,1560.0,58.4,188.6,62.0,48.6,,,,,,,,
2026-09-07 14:59:53.063998,0.56829833984375,0.4010009765625,0.432373046875,0.5738525390625,0.15625,0.33203125,0.03515625,0.00390625,-0.005859375,0.005859375,1546.75,58.4,188.6,67.5,55.3,,,,,,,,
2026-09-07 14:59:53.156130,0.56866455078125,0.40087890625,0.43231201171875,0.5736083984375,0.5078125,-0.17578125,0.05078125,0.001953125,-0.001953125,-0.00390625,1546.75,58.4,188.6,67.5,55.3,,,,,,,,
2026-09-07 14:59:53.264443,0.56878662109375,0.40130615234375,0.431884765625,0.573486328125,0.19140625,0.109375,-0.203125,0.001953125,0.0,-0.01171875,1564.0,58.4,188.6,71.0,57.3,,,,,,,,
2026-09-07 14:59:53.351197,0.56854248046875,0.40118408203125,0.43206787109375,0.57366943359375,0.0234375,0.0703125,0.0703125,-0.046875,0.0,0.013671875,1564.0,58.4,188.6,71.0,57.3,,,,,,,,
2026-09-07 14:59:53.452388,0.56817626953125,0.40057373046875,0.4327392578125,0.57403564453125,0.21484375,0.02734375,-0.1328125,-0.017578125,0.001953125,-0.009765625,1576.5,58.4,190.4,74.1,64.3,,,,,,,,
2026-09-07 14:59:53.564229,0.56817626953125,0.400634765625,0.4327392578125,0.57391357421875,-0.05078125,0.09765625,-0.08984375,-0.013671875,0.0078125,-0.021484375,1576.5,58.4,190.4,74.1,64.3,,,,,,,,
2026-09-07 14:59:53.662992,0.568603515625,0.40130615234375,0.43231201171875,0.5733642578125,0.0390625,-0.3671875,0.31640625,0.01171875,0.00390625,0.001953125,1594.5,59.0,190.4,78.4,67.1,,,,,,,,
2026-09-07 14:59:53.762931,0.5693359375,0.4019775390625,0.43194580078125,0.57244873046875,-0.09765625,0.25390625,-0.234375,0.021484375,0.001953125,0.021484375,1594.5,59.0,190.4,78.4,67.1,,,,,,,,
2026-09-07 14:59:53.863700,0.5701904296875,0.40179443359375,0.43243408203125,0.57135009765625,0.3984375,-0.4140625,-0.1328125,0.001953125,-0.001953125,0.025390625,1581.25,59.0,190.4,81.6,65.1,,,,,,,,
2026-09-07 14:59:53.951970,0.570556640625,0.4013671875,0.43304443359375,0.57080078125,0.04296875,0.3046875,0.28125,-0.00390625,0.00390625,0.0,1581.25,59.0,190.4,81.6,65.1,,,,,,,,
2026-09-07 14:59:54.052356,0.57098388671875,0.4012451171875,0.43328857421875,0.5703125,-0.234375,-0.62109375,0.05078125,-0.017578125,0.01171875,-0.029296875,1592.75,59.0,190.4,85.5,66.3,,,,,,,,
2026-09-07 14:59:54.165880,0.5726318359375,0.4005126953125,0.43408203125,0.56854248046875,-0.1484375,-0.0234375,0.1640625,-0.037109375,0.001953125,0.00390625,1592.75,59.0,190.4,85.5,66.3,,,,,,,,
2026-09-07 14:59:54.267260,0.5732421875,0.3994140625,0.43524169921875,0.56781005859375,0.41796875,-0.7734375,0.5859375,0.005859375,-0.001953125,0.01171875,1595.25,59.0,190.4,89.0,60.4,,,,,,,,
2026-09-07 14:59:54.364327,0.57366943359375,0.39898681640625,0.435546875,0.56744384765625,0.37109375,-0.3515625,0.26171875,0.01171875,0.0,-0.03125,1595.25,59.0,190.4,89.0,60.4,,,,,,,,
2026-09-07 14:59:54.466638,0.57318115234375,0.39892578125,0.435791015625,0.56781005859375,-0.2421875,0.515625,-0.359375,-0.0234375,0.00390625,-0.00390625,1598.25,59.0,190.4,90.2,36.9,,,,,,,,
2026-09-07 14:59:54.552850,0.572998046875,0.3980712890625,0.43658447265625,0.5679931640625,0.16015625,-0.16015625,0.24609375,-0.025390625,-0.00390625,0.013671875,1598.25,59.0,190.4,90.2,36.9,,,,,,,,
2026-09-07 14:59:54.667593,0.572998046875,0.3974609375,0.43707275390625,0.5679931640625,-0.30078125,0.25390625,0.046875,0.017578125,-0.005859375,-0.00390625,1572.5,59.7,190.4,78.0,30.2,,,,,,,,
2026-09-07 14:59:54.765895,0.5731201171875,0.397216796875,0.437255859375,0.5679931640625,-0.01171875,-0.10546875,0.0703125,0.005859375,0.001953125,-0.00390625,1572.5,59.7,190.4,78.0,30.2,,,,,,,,
2026-09-07 14:59:54.866348,0.57269287109375,0.3968505859375,0.4376220703125,0.56829833984375,-0.1171875,0.109375,0.12109375,0.01171875,0.001953125,-0.001953125,1572.5,59.7,190.4,71.4,28.2,,,,,,,,
2026-09-07 14:59:54.966532,0.5723876953125,0.3968505859375,0.43768310546875,0.568603515625,-0.15234375,0.0390625,-0.015625,0.009765625,-0.0078125,0.015625,1572.5,59.7,190.4,71.4,28.2,,,,,,,,
2026-09-07 14:59:55.067329,0.57244873046875,0.39666748046875,0.437744140625,0.568603515625,0.0625,-0.25390625,-0.296875,0.001953125,-0.00390625,0.00390625,1557.75,59.7,190.4,54.1,24.7,,,,,,,,
2026-09-07 14:59:55.167486,0.572021484375,0.39691162109375,0.4375,0.56903076171875,-0.19921875,-0.18359375,-0.10546875,0.01953125,0.0,-0.029296875,1557.75,59.7,190.4,54.1,24.7,,,,,,,,
2026-09-07 14:59:55.265823,0.57183837890625,0.3978271484375,0.436767578125,0.56915283203125,-0.08203125,0.109375,-0.1953125,0.009765625,0.001953125,-0.009765625,1542.0,59.7,190.4,44.7,25.1,,,,,,,,
2026-09-07 14:59:55.366929,0.57171630859375,0.39837646484375,0.43621826171875,0.5693359375,-0.05078125,-0.17578125,0.1015625,0.01171875,0.0,-0.0078125,1542.0,59.7,190.4,44.7,25.1,,,,,,,,
2026-09-07 14:59:55.467069,0.5712890625,0.39959716796875,0.43499755859375,0.56988525390625,0.01953125,0.1015625,-0.01171875,-0.005859375,0.0,-0.015625,1568.75,59.7,190.4,42.0,26.3,,,,,,,,
2026-09-07 14:59:55.561674,0.570556640625,0.4005126953125,0.4339599609375,0.57073974609375,0.1171875,-0.27734375,-0.13671875,-0.029296875,-0.001953125,0.009765625,1568.75,59.7,190.4,42.0,26.3,,,,,,,,
2026-09-07 14:59:55.667212,0.56982421875,0.4010009765625,0.433349609375,0.57159423828125,0.05078125,-0.34375,0.25390625,-0.021484375,0.0,0.0,1586.5,59.7,190.4,41.6,26.3,,,,,,,,
2026-09-07 14:59:55.766303,0.56903076171875,0.40179443359375,0.43255615234375,0.57244873046875,-0.25,-0.16015625,0.1953125,0.0078125,-0.001953125,-0.013671875,1586.5,59.7,190.4,41.6,26.3,,,,,,,,
2026-09-07 14:59:55.866532,0.568603515625,0.40240478515625,0.43194580078125,0.5728759765625,0.10546875,-0.11328125,-0.07421875,-0.013671875,0.0,0.0,1553.0,59.0,190.4,35.7,24.3,,,,,,,,
2026-09-07 14:59:55.966406,0.56805419921875,0.40289306640625,0.4315185546875,0.5733642578125,-0.0390625,-0.1953125,0.01953125,-0.009765625,0.001953125,0.0078125,1553.0,59.0,190.4,35.7,24.3,,,,,,,,
2026-09-07 14:59:56.058518,0.567626953125,0.4036865234375,0.430908203125,0.57373046875,0.06640625,-0.01171875,0.02734375,0.0,0.005859375,0.001953125,1564.75,59.0,190.4,33.3,25.1,,,,,,,,
2026-09-07 14:59:56.165866,0.567626953125,0.4046630859375,0.43017578125,0.57354736328125,0.328125,-0.11328125,-0.11328125,0.01953125,0.0078125,-0.005859375,1564.75,59.0,190.4,33.3,25.1,,,,,,,,
2026-09-07 14:59:56.266825,0.56781005859375,0.406005859375,0.4290771484375,0.57330322265625,0.17578125,-0.234375,-0.07421875,0.017578125,0.0078125,-0.0078125,1572.5,59.0,190.4,32.2,24.7,,,,,,,,
2026-09-07 14:59:56.366575,0.56781005859375,0.4071044921875,0.42822265625,0.5731201171875,-0.4453125,0.4140625,-0.078125,0.013671875,0.005859375,-0.013671875,1572.5,59.0,190.4,32.2,24.7,,,,,,,,
2026-09-07 14:59:56.466032,0.5679931640625,0.40802001953125,0.427490234375,0.57281494140625,-0.30078125,0.15234375,0.01953125,0.017578125,0.0,0.001953125,1550.75,59.0,190.4,31.8,22.4,,,,,,,,
2026-09-07 14:59:56.559157,0.5684814453125,0.4088134765625,0.4266357421875,0.57244873046875,-0.03125,-0.17578125,0.05859375,0.017578125,0.0,-0.0078125,1550.75,59.0,190.4,31.8,22.4,,,,,,,,
2026-09-07 14:59:56.657764,0.568603515625,0.41021728515625,0.42535400390625,0.572265625,-0.4140625,0.26953125,-0.0390625,0.009765625,0.001953125,-0.015625,1532.75,59.0,190.4,21.2,20.0,,,,,,,,
2026-09-07 14:59:56.766069,0.568603515625,0.41156005859375,0.424072265625,0.57220458984375,-0.09765625,0.1328125,-0.125,-0.00390625,0.00390625,-0.00390625,1532.75,59.0,190.4,21.2,20.0,,,,,,,,
2026-09-07 14:59:56.867577,0.568115234375,0.41192626953125,0.423828125,0.57269287109375,-0.16796875,0.46875,-0.21484375,-0.015625,0.001953125,-0.001953125,1526.5,59.0,190.4,19.6,20.4,,,,,,,,
2026-09-07 14:59:56.975077,0.5673828125,0.41259765625,0.42315673828125,0.57342529296875,0.125,0.046875,0.15234375,-0.001953125,-0.001953125,-0.005859375,1526.5,59.0,190.4,19.6,20.4,,,,,,,,
2026-09-07 14:59:57.066007,0.56640625,0.41278076171875,0.4229736328125,0.57440185546875,0.0703125,-0.38671875,0.40234375,-0.021484375,-0.001953125,0.021484375,1528.0,58.4,190.4,19.2,20.8,,,,,,,,
2026-09-07 14:59:57.294156,0.5648193359375,0.4140625,0.42205810546875,0.57568359375,-0.14453125,-0.27734375,0.2421875,-0.00390625,0.00390625,0.001953125,1529.5,58.4,190.4,22.0,22.0,,,,,,,,
2026-09-07 14:59:57.390948,0.56414794921875,0.4141845703125,0.422119140625,0.57623291015625,-0.09765625,-0.3046875,0.1015625,-0.009765625,0.00390625,-0.009765625,1529.5,58.4,190.4,22.0,22.0,,,,,,,,
2026-09-07 14:59:57.491154,0.56365966796875,0.4140625,0.42236328125,0.57659912109375,-0.05859375,0.71484375,-0.30078125,-0.001953125,0.00390625,0.0078125,1517.0,58.4,190.4,22.7,22.0,,,,,,,,
2026-09-07 14:59:57.590025,0.5635986328125,0.4136962890625,0.4227294921875,0.57666015625,0.0625,0.3125,0.04296875,-0.01953125,0.001953125,0.009765625,1517.0,58.4,190.4,22.7,22.0,,,,,,,,
2026-09-07 14:59:57.691755,0.56341552734375,0.41387939453125,0.42266845703125,0.57672119140625,0.3828125,-0.21484375,0.32421875,0.013671875,0.0078125,-0.01953125,1521.0,58.4,190.4,24.7,23.9,,,,,,,,
2026-09-07 14:59:57.788798,0.56365966796875,0.414306640625,0.42230224609375,0.57647705078125,-0.24609375,0.3671875,0.28515625,0.033203125,0.0,-0.013671875,1521.0,58.4,190.4,24.7,23.9,,,,,,,,
2026-09-07 14:59:57.891206,0.5638427734375,0.41424560546875,0.42236328125,0.57623291015625,-0.17578125,-0.09375,0.33984375,0.017578125,0.00390625,-0.001953125,1521.75,58.4,190.4,31.0,26.7,,,,,,,,
2026-09-07 14:59:57.991582,0.5640869140625,0.41412353515625,0.42254638671875,0.57598876953125,-0.1171875,0.23828125,0.27734375,0.0,0.001953125,0.001953125,1521.75,58.4,190.4,31.0,26.7,,,,,,,,
2026-09-07 14:59:58.091697,0.564453125,0.413818359375,0.4228515625,0.5755615234375,0.09765625,0.23046875,0.01171875,0.005859375,0.001953125,-0.001953125,1528.0,58.4,188.6,38.0,29.0,,,,,,,,
2026-09-07 14:59:58.187846,0.564697265625,0.4134521484375,0.42327880859375,0.5753173828125,0.3671875,-0.15234375,-0.34765625,-0.00390625,0.0,0.0078125,1528.0,58.4,188.6,38.0,29.0,,,,,,,,
2026-09-07 14:59:58.392963,0.56463623046875,0.4130859375,0.42388916015625,0.57525634765625,-0.00390625,0.0,-0.1640625,-0.0078125,0.001953125,-0.015625,1576.5,58.4,188.6,39.6,31.8,,,,,,,,
2026-09-07 14:59:58.492429,0.564697265625,0.41241455078125,0.424560546875,0.57513427734375,-0.00390625,0.12890625,0.05859375,-0.01171875,0.0,0.0078125,1563.25,58.4,188.6,43.1,39.2,,,,,,,,
2026-09-07 14:59:58.592426,0.56475830078125,0.4117431640625,0.4251708984375,0.57513427734375,0.03515625,-0.22265625,0.21875,-0.015625,0.0,-0.005859375,1563.25,58.4,188.6,43.1,39.2,,,,,,,,
2026-09-07 14:59:58.706354,0.56475830078125,0.4114990234375,0.4254150390625,0.5750732421875,0.1328125,-0.046875,-0.06640625,0.0,0.0,-0.013671875,1569.5,58.4,188.6,47.5,43.5,,,,,,,,
2026-09-07 14:59:58.802828,0.56475830078125,0.4112548828125,0.42572021484375,0.57501220703125,-0.25,-0.19140625,-0.00390625,0.01171875,0.0,0.00390625,1569.5,58.4,188.6,47.5,43.5,,,,,,,,
2026-09-07 14:59:58.903582,0.56500244140625,0.41094970703125,0.42596435546875,0.5748291015625,0.12109375,0.19140625,0.0234375,-0.01171875,-0.00390625,0.0078125,1553.0,58.4,188.6,51.0,49.0,,,,,,,,
2026-09-07 14:59:59.003772,0.56494140625,0.4102783203125,0.426513671875,0.574951171875,0.42578125,-0.4765625,-0.08203125,-0.01171875,0.0,-0.005859375,1553.0,58.4,188.6,51.0,49.0,,,,,,,,
2026-09-07 14:59:59.105788,0.56475830078125,0.40948486328125,0.42694091796875,0.5753173828125,0.1796875,-0.0078125,0.0546875,-0.001953125,-0.005859375,-0.009765625,1550.75,58.4,188.6,51.8,57.6,,,,,,,,
2026-09-07 14:59:59.190911,0.56451416015625,0.4090576171875,0.42718505859375,0.57574462890625,0.05859375,0.015625,-0.10546875,0.0,-0.00390625,-0.00390625,1550.75,58.4,188.6,51.8,57.6,,,,,,,,
2026-09-07 14:59:59.307349,0.564208984375,0.408203125,0.42779541015625,0.57623291015625,-0.06640625,0.11328125,-0.3125,-0.017578125,0.0,-0.001953125,1562.5,58.4,188.6,55.3,63.9,,,,,,,,
2026-09-07 14:59:59.405056,0.5638427734375,0.40740966796875,0.42828369140625,0.5767822265625,-0.08203125,-0.15234375,0.0234375,-0.0234375,0.0,0.001953125,1562.5,58.4,188.6,55.3,63.9,,,,,,,,
2026-09-07 14:59:59.506339,0.5635986328125,0.40673828125,0.42864990234375,0.5771484375,-0.2890625,0.31640625,0.24609375,-0.021484375,-0.001953125,0.009765625,1542.75,58.4,188.6,59.6,65.9,,,,,,,,
2026-09-07 14:59:59.606028,0.56353759765625,0.40625,0.42901611328125,0.57733154296875,-0.09765625,-0.09375,0.07421875,-0.01171875,-0.001953125,0.00390625,1542.75,58.4,188.6,59.6,65.9,,,,,,,,
2026-09-07 14:59:59.706426,0.5634765625,0.40545654296875,0.4296875,0.57745361328125,0.125,-0.1171875,0.0078125,0.0078125,-0.001953125,0.013671875,1554.5,58.4,186.8,63.1,64.7,,,,,,,,
2026-09-07 14:59:59.805704,0.563720703125,0.40509033203125,0.429931640625,0.57733154296875,0.1328125,-0.4765625,0.23046875,0.01953125,-0.001953125,-0.00390625,1554.5,58.4,186.8,63.1,64.7,,,,,,,,
2026-09-07 14:59:59.906053,0.56396484375,0.40509033203125,0.429931640625,0.5771484375,0.01171875,-0.3671875,0.19140625,0.013671875,-0.001953125,0.013671875,1574.0,59.0,186.8,68.2,63.5,,,,,,,,
2026-09-07 15:00:00.006365,0.5648193359375,0.40496826171875,0.4298095703125,0.576416015625,0.5703125,-0.7890625,0.0625,0.0234375,-0.00390625,-0.005859375,1574.0,59.0,186.8,68.2,63.5,,,,,,,,
2026-09-07 15:00:00.090763,0.56536865234375,0.4052734375,0.42938232421875,0.57598876953125,-0.07421875,-0.1640625,-0.23046875,0.025390625,0.0,-0.03125,1574.0,59.0,186.8,70.6,59.6,,,,,,,,
2026-09-07 15:00:00.207652,0.56524658203125,0.405517578125,0.4290771484375,0.57611083984375,-0.015625,0.2109375,-0.15234375,-0.00390625,0.0,-0.00390625,1574.0,59.0,186.8,70.6,59.6,,,,,,,,
2026-09-07 15:00:00.306415,0.565185546875,0.405029296875,0.429443359375,0.5762939453125,0.03125,0.171875,0.1171875,-0.00390625,-0.001953125,0.0,1589.75,59.0,186.8,71.8,56.5,,,,,,,,
2026-09-07 15:00:00.406854,0.56549072265625,0.404541015625,0.4296875,0.57611083984375,0.015625,0.2109375,0.39453125,0.01953125,-0.005859375,0.009765625,1589.75,59.0,186.8,71.8,56.5,,,,,,,,
2026-09-07 15:00:00.506337,0.566650390625,0.404052734375,0.429931640625,0.57513427734375,0.13671875,0.27734375,0.0625,0.0390625,0.00390625,-0.001953125,1601.5,59.0,186.8,73.3,55.3,,,,,,,,
2026-09-07 15:00:00.591056,0.5677490234375,0.40380859375,0.43023681640625,0.573974609375,0.19921875,0.06640625,-0.09765625,0.009765625,0.00390625,0.0078125,1601.5,59.0,186.8,73.3,55.3,,,,,,,,
2026-09-07 15:00:00.708367,0.56829833984375,0.40350341796875,0.4306640625,0.5733642578125,-0.17578125,0.33984375,-0.10546875,0.001953125,-0.001953125,0.013671875,1603.75,59.7,186.8,74.9,48.6,,,,,,,,
2026-09-07 15:00:00.806769,0.568359375,0.4029541015625,0.43115234375,0.57330322265625,-0.015625,-0.2421875,0.1640625,-0.0078125,-0.00390625,-0.00390625,1603.75,59.7,186.8,74.9,48.6,,,,,,,,
2026-09-07 15:00:00.905965,0.56829833984375,0.4024658203125,0.43145751953125,0.57354736328125,-0.140625,-0.01953125,0.0859375,-0.017578125,-0.005859375,0.01171875,1550.75,59.7,186.8,66.3,28.6,,,,,,,,
2026-09-07 15:00:01.006453,0.5679931640625,0.402099609375,0.431640625,0.57391357421875,-0.03125,-0.390625,-0.01953125,-0.021484375,0.001953125,0.001953125,1550.75,59.7,186.8,66.3,28.6,,,,,,,,
2026-09-07 15:00:01.106759,0.56756591796875,0.402099609375,0.4317626953125,0.57427978515625,-0.13671875,0.015625,0.203125,-0.017578125,0.00390625,-0.005859375,1544.5,59.7,185.0,52.5,25.1,,,,,,,,
2026-09-07 15:00:01.205990,0.56744384765625,0.40203857421875,0.43194580078125,0.5743408203125,-0.015625,-0.0390625,-0.05078125,0.0078125,0.001953125,0.00390625,1544.5,59.7,185.0,52.5,25.1,,,,,,,,
2026-09-07 15:00:01.306576,0.567626953125,0.40179443359375,0.43218994140625,0.5740966796875,0.1484375,0.0703125,-0.17578125,0.0,0.001953125,0.001953125,1554.5,59.7,185.0,42.7,25.9,,,,,,,,
2026-09-07 15:00:01.407929,0.56793212890625,0.4019775390625,0.4320068359375,0.57379150390625,0.203125,-0.265625,-0.04296875,0.001953125,0.001953125,-0.013671875,1554.5,59.7,185.0,42.7,25.9,,,,,,,,
2026-09-07 15:00:01.506250,0.56787109375,0.40234375,0.431640625,0.5738525390625,-0.37890625,0.46875,-0.02734375,-0.013671875,0.0,-0.0078125,1564.0,59.0,185.0,41.2,25.5,,,,,,,,
2026-09-07 15:00:01.606963,0.56768798828125,0.4024658203125,0.43145751953125,0.5740966796875,-0.2109375,0.55078125,0.125,-0.009765625,0.0,0.005859375,1564.0,59.0,185.0,41.2,25.5,,,,,,,,
2026-09-07 15:00:01.715734,0.56781005859375,0.40240478515625,0.431396484375,0.5740966796875,-0.1171875,0.2734375,-0.08203125,-0.009765625,-0.001953125,0.005859375,1559.25,59.7,185.0,37.6,25.9,,,,,,,,
2026-09-07 15:00:01.805753,0.56768798828125,0.40252685546875,0.43096923828125,0.57440185546875,-0.140625,0.13671875,0.19921875,0.001953125,-0.00390625,0.005859375,1559.25,59.7,185.0,37.6,25.9,,,,,,,,
2026-09-07 15:00:01.907212,0.5677490234375,0.4024658203125,0.430908203125,0.57440185546875,0.1796875,-0.26953125,-0.07421875,0.009765625,-0.00390625,0.00390625,1564.75,59.7,185.0,36.5,26.3,,,,,,,,
2026-09-07 15:00:01.998837,0.567626953125,0.40264892578125,0.43072509765625,0.5745849609375,-0.00390625,-0.5390625,0.0,0.001953125,0.0,-0.00390625,1564.75,59.7,185.0,36.5,26.3,,,,,,,,
2026-09-07 15:00:02.115845,0.5673828125,0.40313720703125,0.43017578125,0.57489013671875,0.01171875,-0.2890625,-0.03515625,0.001953125,0.001953125,0.00390625,1569.5,59.7,185.0,36.1,26.7,,,,,,,,
2026-09-07 15:00:02.207543,0.56732177734375,0.40411376953125,0.42919921875,0.57501220703125,0.1953125,-0.19140625,-0.2421875,0.015625,0.001953125,-0.013671875,1569.5,59.7,185.0,36.1,26.7,,,,,,,,
2026-09-07 15:00:02.315941,0.5672607421875,0.40411376953125,0.42913818359375,0.57513427734375,0.12890625,0.23046875,-0.2734375,0.0078125,0.0,0.017578125,1569.5,59.7,185.0,36.5,27.5,,,,,,,,
2026-09-07 15:00:02.414439,0.56732177734375,0.40435791015625,0.42913818359375,0.5748291015625,-0.078125,0.48046875,-0.140625,-0.00390625,0.00390625,0.013671875,1569.5,59.7,185.0,36.5,27.5,,,,,,,,
2026-09-07 15:00:02.515236,0.5675048828125,0.4046630859375,0.42913818359375,0.57452392578125,0.00390625,0.11328125,-0.140625,-0.001953125,0.0078125,-0.00390625,1574.0,59.0,185.0,36.9,27.8,,,,,,,,
2026-09-07 15:00:02.615301,0.567626953125,0.405517578125,0.42877197265625,0.57403564453125,-0.1875,0.01953125,-0.1484375,-0.00390625,0.0078125,-0.001953125,1574.0,59.0,185.0,36.9,27.8,,,,,,,,
2026-09-07 15:00:02.704307,0.5679931640625,0.4063720703125,0.4283447265625,0.57342529296875,-0.04296875,-0.171875,0.07421875,0.001953125,0.009765625,0.001953125,1567.0,59.0,185.0,37.6,27.8,,,,,,,,
2026-09-07 15:00:02.805553,0.56817626953125,0.4068603515625,0.4281005859375,0.572998046875,0.1171875,-0.51953125,-0.28515625,0.01953125,0.01171875,0.00390625,1567.0,59.0,185.0,37.6,27.8,,,,,,,,
2026-09-07 15:00:02.904974,0.56866455078125,0.407958984375,0.427490234375,0.57220458984375,-0.07421875,0.33203125,0.08984375,0.005859375,0.0078125,0.00390625,1566.25,59.7,185.0,38.0,28.2,,,,,,,,
2026-09-07 15:00:03.003391,0.5693359375,0.40869140625,0.42718505859375,0.5712890625,-0.203125,0.21484375,0.296875,0.01953125,0.0,0.017578125,1566.25,59.7,185.0,38.0,28.2,,,,,,,,
2026-09-07 15:00:03.100902,0.57049560546875,0.40899658203125,0.42694091796875,0.57000732421875,0.10546875,0.27734375,-0.0703125,0.021484375,0.00390625,0.0,1574.0,59.0,185.0,39.2,30.2,,,,,,,,
2026-09-07 15:00:03.200676,0.57122802734375,0.40960693359375,0.426513671875,0.5692138671875,0.00390625,0.24609375,-0.12890625,0.009765625,0.00390625,0.00390625,1574.0,59.0,185.0,39.2,30.2,,,,,,,,
2026-09-07 15:00:03.304996,0.57159423828125,0.40966796875,0.42669677734375,0.5687255859375,0.15625,0.2265625,0.0,-0.00390625,0.00390625,-0.0078125,1567.0,59.0,185.0,39.6,29.8,,,,,,,,
2026-09-07 15:00:03.405116,0.57159423828125,0.4100341796875,0.426513671875,0.56854248046875,0.0859375,-0.421875,0.0,-0.01171875,0.00390625,-0.0078125,1567.0,59.0,185.0,39.6,29.8,,,,,,,,
2026-09-07 15:00:03.504483,0.5714111328125,0.4105224609375,0.42620849609375,0.568603515625,-0.11328125,-0.0078125,0.09765625,-0.01953125,0.00390625,-0.015625,1560.0,59.0,185.0,39.2,29.4,,,,,,,,
2026-09-07 15:00:03.604318,0.571044921875,0.410400390625,0.42633056640625,0.5689697265625,0.30078125,-0.3828125,-0.0390625,-0.025390625,-0.00390625,-0.00390625,1560.0,59.0,185.0,39.2,29.4,,,,,,,,
2026-09-07 15:00:03.704523,0.5704345703125,0.41009521484375,0.426513671875,0.56964111328125,0.02734375,0.20703125,0.21875,-0.0078125,-0.00390625,-0.005859375,1564.75,59.0,183.2,38.8,29.0,,,,,,,,
2026-09-07 15:00:03.811818,0.5701904296875,0.4097900390625,0.42657470703125,0.57000732421875,0.203125,-0.359375,0.07421875,-0.00390625,0.0,-0.009765625,1564.75,59.0,183.2,38.8,29.0,,,,,,,,
2026-09-07 15:00:03.903686,0.56988525390625,0.40960693359375,0.42669677734375,0.5704345703125,0.171875,0.14453125,0.01171875,0.009765625,-0.001953125,0.009765625,1565.5,59.0,183.2,38.4,29.0,,,,,,,,
2026-09-07 15:00:04.012164,0.570068359375,0.4095458984375,0.4266357421875,0.5703125,0.15234375,-0.61328125,-0.12890625,0.021484375,0.0,-0.025390625,1565.5,59.0,183.2,38.4,29.0,,,,,,,,
2026-09-07 15:00:04.103184,0.5694580078125,0.4102783203125,0.426025390625,0.57086181640625,-0.00390625,-0.3515625,-0.11328125,0.00390625,0.0,-0.015625,1547.5,59.0,183.2,36.1,24.7,,,,,,,,
2026-09-07 15:00:04.212183,0.569091796875,0.410400390625,0.4259033203125,0.5712890625,-0.5,0.15625,0.01171875,-0.251953125,-0.005859375,0.009765625,1547.5,59.0,183.2,36.1,24.7,,,,,,,,
2026-09-07 15:00:04.310733,0.56890869140625,0.40966796875,0.42620849609375,0.57171630859375,-0.31640625,0.39453125,0.1953125,-0.005859375,-0.00390625,0.009765625,1547.5,59.0,183.2,32.2,25.1,,,,,,,,
2026-09-07 15:00:04.410629,0.56915283203125,0.409423828125,0.4261474609375,0.57171630859375,0.0234375,0.12890625,-0.125,0.02734375,0.001953125,-0.001953125,1547.5,59.0,183.2,32.2,25.1,,,,,,,,
2026-09-07 15:00:04.511619,0.5692138671875,0.40966796875,0.42584228515625,0.5716552734375,0.04296875,-0.0625,-0.1484375,0.01953125,0.0,-0.001953125,1544.5,59.0,183.2,32.2,25.9,,,,,,,,
2026-09-07 15:00:04.610609,0.56939697265625,0.41009521484375,0.425537109375,0.57147216796875,0.2578125,-0.0546875,-0.11328125,0.009765625,0.0,0.001953125,1544.5,59.0,183.2,32.2,25.9,,,,,,,,
2026-09-07 15:00:04.711659,0.5694580078125,0.4102783203125,0.42535400390625,0.5714111328125,0.10546875,-0.484375,-0.05859375,0.001953125,-0.001953125,-0.013671875,1548.25,59.0,183.2,35.7,27.5,,,,,,,,
2026-09-07 15:00:04.819891,0.56927490234375,0.41058349609375,0.4249267578125,0.5716552734375,0.3515625,-0.52734375,0.05859375,0.001953125,-0.001953125,0.001953125,1548.25,59.0,183.2,35.7,27.5,,,,,,,,
2026-09-07 15:00:04.910177,0.56927490234375,0.4105224609375,0.4248046875,0.57177734375,-0.0078125,0.3359375,0.1640625,-0.00390625,0.0,0.00390625,1533.5,59.0,183.2,36.5,27.1,,,,,,,,
2026-09-07 15:00:05.019580,0.56927490234375,-1.5897216796875,0.42486572265625,0.5718994140625,-0.046875,0.12109375,-0.02734375,0.00390625,-0.001953125,-0.00390625,1533.5,59.0,183.2,36.5,27.1,,,,,,,,
2026-09-07 15:00:05.099765,0.56915283203125,0.41033935546875,0.42474365234375,0.57208251953125,0.08984375,-0.16796875,-0.1796875,-0.00390625,-0.001953125,0.005859375,1535.0,59.0,183.2,35.3,22.7,,,,,,,,
2026-09-07 15:00:05.221709,0.56878662109375,0.410400390625,0.42462158203125,0.572509765625,-0.1796875,0.0,0.13671875,-0.001953125,-0.005859375,0.01171875,1535.0,59.0,183.2,35.3,22.7,,,,,,,,
2026-09-07 15:00:05.318711,0.56878662109375,0.41015625,0.42474365234375,0.57257080078125,-0.0234375,0.08984375,0.2734375,0.00390625,-0.009765625,0.015625,1526.5,59.0,183.2,27.1,22.7,,,,,,,,
2026-09-07 15:00:05.410765,0.56890869140625,0.41021728515625,0.42431640625,0.57269287109375,0.4609375,-0.609375,0.1171875,0.021484375,-0.00390625,-0.005859375,1526.5,59.0,183.2,27.1,22.7,,,,,,,,
2026-09-07 15:00:05.520475,0.56842041015625,0.411376953125,0.423095703125,0.5732421875,-0.0546875,-0.36328125,0.125,0.013671875,0.0,-0.00390625,1532.0,59.0,183.2,26.7,22.7,,,,,,,,
2026-09-07 15:00:05.607349,0.56842041015625,0.41156005859375,0.4228515625,0.57330322265625,-0.21484375,0.09375,-0.35546875,-0.009765625,-0.001953125,0.017578125,1532.0,59.0,183.2,26.7,22.7,,,,,,,,
2026-09-07 15:00:05.720944,0.56805419921875,0.41168212890625,0.422607421875,0.57379150390625,-0.15234375,0.27734375,0.08984375,-0.017578125,-0.005859375,0.01953125,1526.5,59.0,183.2,25.9,22.0,,,,,,,,
2026-09-07 15:00:05.818794,0.56768798828125,0.41180419921875,0.42242431640625,0.57421875,-0.16015625,0.296875,0.2265625,-0.025390625,-0.00390625,-0.00390625,1526.5,59.0,183.2,25.9,22.0,,,,,,,,
2026-09-07 15:00:05.917707,0.56707763671875,0.411865234375,0.422119140625,0.574951171875,-0.3125,0.14453125,0.08203125,-0.025390625,-0.001953125,0.00390625,1521.75,59.0,183.2,22.0,21.2,,,,,,,,
2026-09-07 15:00:06.017551,0.56683349609375,0.41168212890625,0.422119140625,0.57537841796875,-0.09765625,0.04296875,0.2109375,-0.015625,-0.005859375,0.0078125,1521.75,59.0,183.2,22.0,21.2,,,,,,,,
2026-09-07 15:00:06.119018,0.56634521484375,0.41217041015625,0.42132568359375,0.5760498046875,0.140625,-0.8671875,0.2734375,0.01171875,0.0,-0.01953125,1522.5,58.4,183.2,22.0,21.2,,,,,,,,
2026-09-07 15:00:06.218933,0.56597900390625,0.4130859375,0.42034912109375,0.5765380859375,-0.12109375,-0.359375,0.00390625,0.021484375,0.0,-0.021484375,1522.5,58.4,183.2,22.0,21.2,,,,,,,,
2026-09-07 15:00:06.318396,0.566162109375,0.4130859375,0.4200439453125,0.5765380859375,-0.07421875,-0.3359375,0.29296875,0.0078125,-0.0078125,0.001953125,1519.5,58.4,183.2,22.0,21.2,,,,,,,,
2026-09-07 15:00:06.418716,0.5662841796875,0.41314697265625,0.419677734375,0.57659912109375,0.26953125,-0.2890625,-0.1640625,0.0078125,-0.00390625,0.005859375,1519.5,58.4,183.2,22.0,21.2,,,,,,,,
2026-09-07 15:00:06.518503,0.56634521484375,0.4134521484375,0.4190673828125,0.5767822265625,0.140625,0.2109375,-0.12109375,0.017578125,-0.005859375,-0.001953125,1516.25,58.4,183.2,21.6,21.2,,,,,,,,
2026-09-07 15:00:06.603894,0.56634521484375,-1.58660888671875,0.41900634765625,0.576904296875,-0.01953125,0.1171875,-0.04296875,0.00390625,-0.00390625,0.00390625,1516.25,58.4,183.2,21.6,21.2,,,,,,,,
2026-09-07 15:00:06.719334,0.56585693359375,0.41314697265625,0.4188232421875,0.57763671875,0.125,-0.06640625,-0.21875,0.00390625,-0.001953125,-0.021484375,1510.0,58.4,183.2,18.8,18.8,,,,,,,,
2026-09-07 15:00:06.819153,0.565673828125,0.41314697265625,0.41864013671875,0.5780029296875,0.0390625,0.0625,0.08984375,-0.00390625,-0.00390625,0.001953125,1510.0,58.4,183.2,18.8,18.8,,,,,,,,
2026-09-07 15:00:06.918732,0.56549072265625,0.41314697265625,0.41845703125,0.57830810546875,-0.13671875,0.4609375,-0.06640625,0.0,-0.00390625,-0.009765625,1505.25,57.8,183.2,14.1,17.6,,,,,,,,
2026-09-07 15:00:07.018401,0.56512451171875,0.41375732421875,0.41766357421875,0.57879638671875,-0.203125,-0.25,0.05859375,-0.0078125,-0.001953125,-0.0234375,1505.25,57.8,183.2,14.1,17.6,,,,,,,,
2026-09-07 15:00:07.119902,0.564697265625,0.4141845703125,0.4171142578125,0.579345703125,-0.328125,0.00390625,0.09765625,-0.013671875,-0.001953125,-0.00390625,1501.5,57.8,183.2,10.2,16.9,,,,,,,,
2026-09-07 15:00:07.206848,0.5643310546875,0.4140625,0.41717529296875,0.5797119140625,-0.1875,0.5234375,-0.1875,-0.015625,0.0,0.001953125,1501.5,57.8,183.2,10.2,16.9,,,,,,,,
2026-09-07 15:00:07.321295,0.563720703125,0.414306640625,0.4166259765625,0.58050537109375,-0.05859375,0.0703125,0.05078125,-0.009765625,-0.00390625,-0.0078125,1496.0,57.8,183.2,7.8,16.9,,,,,,,,
2026-09-07 15:00:07.420623,0.56341552734375,0.41455078125,0.41619873046875,0.5809326171875,-0.03515625,-0.046875,0.1796875,0.0,-0.00390625,-0.001953125,1496.0,57.8,183.2,7.8,16.9,,,,,,,,
2026-09-07 15:00:07.520405,0.56341552734375,0.41485595703125,0.4156494140625,0.58111572265625,0.2578125,-0.0703125,-0.44921875,0.01953125,-0.001953125,-0.00390625,1494.5,57.8,183.2,7.8,16.9,,,,,,,,
2026-09-07 15:00:07.619440,0.563232421875,0.4154052734375,0.41497802734375,0.58135986328125,0.13671875,0.17578125,-0.1484375,0.0078125,-0.001953125,-0.01171875,1494.5,57.8,183.2,7.8,16.9,,,,,,,,
2026-09-07 15:00:07.710390,0.56317138671875,0.4156494140625,0.41473388671875,0.58148193359375,-0.0625,-0.7890625,0.2265625,-0.0078125,0.0,-0.001953125,1493.75,57.2,183.2,7.8,17.6,,,,,,,,
2026-09-07 15:00:07.820698,0.56280517578125,0.415771484375,0.4144287109375,0.5819091796875,0.05078125,-0.17578125,0.171875,-0.015625,-0.001953125,0.013671875,1493.75,57.2,183.2,7.8,17.6,,,,,,,,
2026-09-07 15:00:08.257845,0.56280517578125,0.415771484375,0.4144287109375,0.5819091796875,-0.00390625,-0.00390625,-0.00390625,-0.015625,-0.001953125,0.013671875,1542.0,57.2,183.2,18.4,21.2,,,,,,,,
2026-09-07 15:00:08.357930,0.56280517578125,0.415771484375,0.4144287109375,0.5819091796875,-0.00390625,-0.00390625,-0.00390625,-0.015625,-0.001953125,0.013671875,1542.0,57.2,183.2,18.4,21.2,,,,,,,,
2026-09-07 15:00:08.458488,0.56280517578125,0.415771484375,0.4144287109375,0.5819091796875,-0.00390625,-0.00390625,-0.00390625,-0.015625,-0.001953125,0.013671875,1509.25,57.2,183.2,19.6,21.6,,,,,,,,
2026-09-07 15:00:08.558178,0.56280517578125,0.415771484375,0.4144287109375,0.5819091796875,-0.00390625,-0.00390625,-0.00390625,-0.015625,-0.001953125,0.013671875,1509.25,57.2,183.2,19.6,21.6,,,,,,,,
2026-09-07 15:00:08.658342,0.56280517578125,0.415771484375,0.4144287109375,0.5819091796875,-0.00390625,-0.00390625,-0.00390625,-0.015625,-0.001953125,0.013671875,1509.25,57.2,183.2,21.6,21.2,,,,,,,,
2026-09-07 15:00:08.758429,0.56280517578125,0.415771484375,0.4144287109375,0.5819091796875,-0.00390625,-0.00390625,-0.00390625,-0.015625,-0.001953125,0.013671875,1509.25,57.2,183.2,21.6,21.2,,,,,,,,
2026-09-07 15:00:08.858985,0.56280517578125,0.415771484375,0.4144287109375,0.5819091796875,-0.00390625,-0.00390625,-0.00390625,-0.015625,-0.001953125,0.013671875,1500.0,57.2,183.2,22.0,22.0,,,,,,,,
2026-09-07 15:00:08.959231,0.56280517578125,0.415771484375,0.4144287109375,0.5819091796875,-0.00390625,-0.00390625,-0.00390625,-0.015625,-0.001953125,0.013671875,1500.0,57.2,183.2,22.0,22.0,,,,,,,,
2026-09-07 15:00:09.059574,0.56280517578125,0.415771484375,0.4144287109375,0.5819091796875,-0.00390625,-0.00390625,-0.00390625,-0.015625,-0.001953125,0.013671875,1514.75,56.5,183.2,23.9,22.7,,,,,,,,
2026-09-07 15:00:09.158401,0.56280517578125,0.415771484375,0.4144287109375,0.5819091796875,-0.00390625,-0.00390625,-0.00390625,-0.015625,-0.001953125,0.013671875,1514.75,56.5,183.2,23.9,22.7,,,,,,,,
2026-09-07 15:00:09.259196,0.56280517578125,0.415771484375,0.4144287109375,0.5819091796875,-0.00390625,-0.00390625,-0.00390625,-0.015625,-0.001953125,0.013671875,1510.75,56.5,183.2,27.5,23.5,,,,,,,,
2026-09-07 15:00:09.359620,0.56280517578125,0.415771484375,0.4144287109375,0.5819091796875,-0.00390625,-0.00390625,-0.00390625,-0.015625,-0.001953125,0.013671875,1510.75,56.5,183.2,27.5,23.5,,,,,,,,
2026-09-07 15:00:09.459755,0.56280517578125,0.415771484375,0.4144287109375,0.5819091796875,-0.00390625,-0.00390625,-0.00390625,-0.015625,-0.001953125,0.013671875,1483.5,56.5,183.2,28.6,23.5,,,,,,,,
2026-09-07 15:00:09.559709,0.56280517578125,0.415771484375,0.4144287109375,0.5819091796875,-0.00390625,-0.00390625,-0.00390625,-0.015625,-0.001953125,0.013671875,1483.5,56.5,183.2,28.6,23.5,,,,,,,,
2026-09-07 15:00:09.658877,0.56280517578125,0.415771484375,0.4144287109375,0.5819091796875,-0.00390625,-0.00390625,-0.00390625,-0.015625,-0.001953125,0.013671875,1484.25,56.5,183.2,31.8,25.1,,,,,,,,
2026-09-07 15:00:09.759523,0.56280517578125,0.415771484375,0.4144287109375,0.5819091796875,-0.00390625,-0.00390625,-0.00390625,-0.015625,-0.001953125,0.013671875,1484.25,56.5,183.2,31.8,25.1,,,,,,,,
2026-09-07 15:00:09.859140,0.56280517578125,0.415771484375,0.4144287109375,0.5819091796875,-0.00390625,-0.00390625,-0.00390625,-0.015625,-0.001953125,0.013671875,1471.0,56.5,183.2,37.6,26.7,,,,,,,,
2026-09-07 15:00:09.959485,0.56280517578125,0.415771484375,0.4144287109375,0.5819091796875,-0.00390625,-0.00390625,-0.00390625,-0.015625,-0.001953125,0.013671875,1471.0,56.5,183.2,37.6,26.7,,,,,,,,
2026-09-07 15:00:10.059577,0.56280517578125,0.415771484375,0.4144287109375,0.5819091796875,-0.00390625,-0.00390625,-0.00390625,-0.015625,-0.001953125,0.013671875,1473.25,56.5,183.2,38.0,27.1,,,,,,,,
2026-09-07 15:00:10.160591,0.56280517578125,0.415771484375,0.4144287109375,0.5819091796875,-0.00390625,-0.00390625,-0.00390625,-0.015625,-0.001953125,0.013671875,1473.25,56.5,183.2,38.0,27.1,,,,,,,,
2026-09-07 15:00:12.186163,0.4619140625,0.52252197265625,0.52105712890625,0.4920654296875,-0.3046875,10.125,0.53515625,-0.0078125,-0.001953125,-0.009765625,1509.25,57.2,183.2,37.3,26.7,,,,,,,,
2026-09-07 15:00:12.263861,0.4617919921875,0.52203369140625,0.52117919921875,0.49249267578125,-0.15234375,9.1953125,0.10546875,0.005859375,-0.001953125,-0.005859375,1509.25,57.2,183.2,37.3,26.7,,,,,,,,
2026-09-07 15:00:12.367140,0.46160888671875,0.5218505859375,0.52130126953125,0.4927978515625,0.19140625,9.0625,0.2890625,-0.00390625,-0.00390625,-0.0078125,1509.25,57.2,183.2,37.3,26.7,,,,,,,,
2026-09-07 15:00:12.461962,0.46124267578125,0.521728515625,0.521240234375,0.49334716796875,-0.23828125,9.50390625,0.3203125,-0.025390625,0.0,-0.00390625,1507.75,57.2,183.2,36.5,26.3,,,,,,,,
2026-09-07 15:00:12.562416,0.46051025390625,0.5213623046875,0.52142333984375,0.49420166015625,0.18359375,8.1015625,0.34375,-0.0234375,-0.005859375,-0.013671875,1507.75,57.2,183.2,36.5,26.3,,,,,,,,
2026-09-07 15:00:12.667185,0.4595947265625,0.52105712890625,0.521484375,0.4952392578125,0.22265625,7.9140625,0.18359375,-0.044921875,-0.005859375,-0.009765625,1510.0,57.2,183.2,36.5,26.3,,,,,,,,
2026-09-07 15:00:12.766063,0.45855712890625,0.52056884765625,0.5218505859375,0.49639892578125,0.26953125,7.78515625,0.16796875,-0.0234375,-0.00390625,0.001953125,1510.0,57.2,183.2,36.5,26.3,,,,,,,,
2026-09-07 15:00:12.866525,0.4581298828125,0.52008056640625,0.52215576171875,0.49700927734375,-0.26953125,7.87890625,0.53515625,-0.017578125,-0.001953125,0.017578125,1498.25,57.2,183.2,36.1,25.9,,,,,,,,
2026-09-07 15:00:12.966665,0.458251953125,0.5201416015625,0.52203369140625,0.4969482421875,-0.16015625,7.23828125,0.3671875,0.02734375,-0.00390625,0.009765625,1498.25,57.2,183.2,36.1,25.9,,,,,,,,
2026-09-07 15:00:13.062261,0.45892333984375,0.52044677734375,0.52154541015625,0.4964599609375,0.17578125,-0.2421875,-0.1015625,0.03515625,-0.001953125,-0.005859375,1492.0,57.2,183.2,36.5,25.9,,,,,,,,
2026-09-07 15:00:13.166205,0.4619140625,0.51446533203125,0.527099609375,0.49407958984375,0.0546875,-0.03515625,-0.0390625,0.0234375,-0.005859375,0.00390625,1492.0,57.2,183.2,36.5,25.9,,,,,,,,
2026-09-07 15:00:13.266029,0.4635009765625,0.51324462890625,0.528076171875,0.4927978515625,0.015625,-0.49609375,-0.20703125,0.015625,-0.001953125,0.00390625,1487.5,57.2,183.2,36.1,25.5,,,,,,,,
2026-09-07 15:00:13.373140,0.46405029296875,0.51373291015625,0.5274658203125,0.492431640625,-0.16796875,0.01953125,-0.109375,0.013671875,-0.005859375,-0.00390625,1487.5,57.2,183.2,36.1,25.5,,,,,,,,
2026-09-07 15:00:13.465982,0.4642333984375,0.51416015625,0.52685546875,0.4925537109375,-0.12109375,0.30078125,-0.27734375,-0.005859375,-0.005859375,-0.005859375,1480.25,57.2,183.2,35.7,25.5,,,,,,,,
2026-09-07 15:00:13.573288,0.46417236328125,0.51416015625,0.52679443359375,0.49267578125,-0.046875,0.42578125,-0.3125,-0.01953125,-0.005859375,0.005859375,1480.25,57.2,183.2,35.7,25.5,,,,,,,,
2026-09-07 15:00:13.665090,0.46392822265625,0.513671875,0.52691650390625,0.49322509765625,-0.24609375,0.26953125,-0.0859375,-0.017578125,-0.005859375,0.009765625,1485.0,57.2,183.2,35.7,25.5,,,,,,,,
2026-09-07 15:00:13.773801,0.46392822265625,0.513427734375,0.527099609375,0.49334716796875,-0.16796875,0.19140625,0.203125,0.009765625,-0.009765625,0.0078125,1485.0,57.2,183.2,35.7,25.5,,,,,,,,
2026-09-07 15:00:13.864960,0.46697998046875,0.51324462890625,0.5269775390625,0.49072265625,0.0234375,0.23046875,0.26953125,-0.0078125,-0.005859375,0.0,1480.25,57.2,183.2,35.7,25.5,,,,,,,,
2026-09-07 15:00:13.974512,0.4671630859375,0.51318359375,0.5269775390625,0.49066162109375,-0.0625,-0.27734375,0.33984375,0.005859375,-0.001953125,-0.015625,1480.25,57.2,183.2,35.7,25.5,,,,,,,,
2026-09-07 15:00:14.061719,0.46746826171875,0.5126953125,0.52716064453125,0.49066162109375,0.0078125,-0.13671875,0.109375,0.001953125,-0.005859375,0.001953125,1485.0,57.2,183.2,35.7,25.5,,,,,,,,
2026-09-07 15:00:14.161979,0.46771240234375,0.51263427734375,0.52716064453125,0.490478515625,0.0234375,-0.16796875,0.0859375,0.01171875,0.0,-0.015625,1485.0,57.2,183.2,35.7,25.5,,,,,,,,
2026-09-07 15:00:14.281341,0.46795654296875,0.5125732421875,0.5269775390625,0.490478515625,0.24609375,-0.51171875,0.0546875,0.015625,-0.005859375,-0.001953125,1489.75,57.2,183.2,35.3,25.5,,,,,,,,
2026-09-07 15:00:14.371550,0.4686279296875,0.51287841796875,0.52642822265625,0.4901123046875,0.046875,-0.46484375,0.078125,0.021484375,-0.005859375,0.0,1489.75,57.2,183.2,35.3,25.5,,,,,,,,
2026-09-07 15:00:14.473543,0.469482421875,0.512939453125,0.52618408203125,0.48956298828125,-0.18359375,-0.07421875,-0.03125,0.001953125,0.001953125,-0.021484375,1480.25,57.2,183.2,28.2,20.4,,,,,,,,
2026-09-07 15:00:14.581545,0.46954345703125,0.5130615234375,0.52593994140625,0.4896240234375,0.20703125,-0.2578125,-0.2890625,0.001953125,-0.0078125,0.0078125,1488.25,57.2,183.2,23.9,21.2,,,,,,,,
2026-09-07 15:00:14.672591,0.46978759765625,0.5133056640625,0.5255126953125,0.48956298828125,-0.08984375,-0.47265625,-0.234375,-0.009765625,0.0,0.001953125,1488.25,57.2,183.2,23.9,21.2,,,,,,,,
2026-09-07 15:00:14.782028,0.4698486328125,0.5130615234375,0.52557373046875,0.48968505859375,-0.046875,-0.04296875,-0.12109375,-0.01953125,0.0,-0.005859375,1485.0,57.2,183.2,23.5,21.2,,,,,,,,
2026-09-07 15:00:14.872281,0.4693603515625,0.51287841796875,0.51788330078125,0.49017333984375,-0.15234375,0.5390625,-0.12890625,-0.00390625,-0.005859375,0.0,1485.0,57.2,183.2,23.5,21.2,,,,,,,,
2026-09-07 15:00:14.982245,0.46942138671875,0.51171875,0.526611328125,0.49041748046875,-0.2578125,0.84765625,-0.0234375,-0.015625,-0.00390625,0.009765625,1482.75,57.2,183.2,23.5,21.2,,,,,,,,
2026-09-07 15:00:15.070269,0.469482421875,0.51116943359375,0.52703857421875,0.49041748046875,0.14453125,0.1875,-0.69140625,-0.01953125,-0.001953125,0.009765625,1482.75,57.2,183.2,23.5,21.2,,,,,,,,
2026-09-07 15:00:15.182238,0.4693603515625,0.51080322265625,0.52728271484375,0.49066162109375,-0.0078125,0.2265625,0.22265625,-0.00390625,-0.001953125,0.01171875,1490.5,57.2,183.2,23.5,21.2,,,,,,,,
2026-09-07 15:00:15.279640,0.4693603515625,0.51080322265625,0.52728271484375,0.49066162109375,-0.03125,0.28515625,-0.15234375,-0.0078125,-0.001953125,0.005859375,1490.5,57.2,183.2,23.5,21.2,,,,,,,,
2026-09-07 15:00:15.380808,0.4693603515625,0.5107421875,0.5272216796875,0.49078369140625,-0.14453125,0.35546875,0.1171875,0.001953125,-0.00390625,0.009765625,1485.75,57.2,183.2,23.5,21.6,,,,,,,,
2026-09-07 15:00:15.479831,0.46954345703125,0.51092529296875,0.5269775390625,0.49072265625,-0.18359375,0.1171875,0.0078125,0.015625,0.0,-0.00390625,1485.75,57.2,183.2,23.5,21.6,,,,,,,,
2026-09-07 15:00:15.560456,0.46990966796875,0.51116943359375,0.52655029296875,0.490478515625,-0.06640625,0.41796875,-0.13671875,0.015625,-0.001953125,-0.001953125,1485.75,57.2,183.2,23.5,21.6,,,,,,,,
2026-09-07 15:00:15.684319,0.469970703125,0.51116943359375,0.5264892578125,0.4906005859375,-0.10546875,-0.234375,-0.2890625,-0.00390625,-0.001953125,-0.013671875,1487.5,57.2,183.2,23.9,21.6,,,,,,,,
2026-09-07 15:00:15.781123,0.46978759765625,0.5113525390625,0.52630615234375,0.49078369140625,0.03125,-0.01171875,-0.2421875,0.005859375,-0.0078125,-0.009765625,1489.75,57.2,183.2,23.9,22.4,,,,,,,,
2026-09-07 15:00:15.880113,0.46966552734375,0.5115966796875,0.52593994140625,0.49102783203125,-0.265625,0.1015625,0.1015625,0.015625,-0.001953125,0.005859375,1489.75,57.2,183.2,23.9,22.4,,,,,,,,
2026-09-07 15:00:15.979905,0.47027587890625,0.51190185546875,0.52545166015625,0.49066162109375,-0.08203125,-0.36328125,0.27734375,0.001953125,0.001953125,-0.001953125,1485.0,57.2,183.2,25.5,22.7,,,,,,,,
2026-09-07 15:00:16.064548,0.470703125,0.51251220703125,0.52471923828125,0.49029541015625,-0.19140625,0.28515625,0.25390625,0.01171875,0.0,0.00390625,1485.0,57.2,183.2,25.5,22.7,,,,,,,,
2026-09-07 15:00:16.168016,0.47149658203125,0.5130615234375,0.5240478515625,0.48968505859375,0.0,0.36328125,-0.12109375,0.0234375,0.0,0.025390625,1485.0,57.2,183.2,25.5,22.7,,,,,,,,
2026-09-07 15:00:16.282087,0.4727783203125,0.51361083984375,0.52386474609375,0.48809814453125,0.25390625,0.44140625,0.02734375,0.015625,0.009765625,0.01171875,1488.25,57.2,183.2,26.3,22.4,,,,,,,,
2026-09-07 15:00:16.381324,0.47265625,0.51397705078125,0.5240478515625,0.48760986328125,0.29296875,0.5390625,-0.33203125,-0.01171875,0.013671875,-0.00390625,1492.0,57.2,183.2,27.1,22.4,,,,,,,,
2026-09-07 15:00:16.481793,0.4718017578125,0.51409912109375,0.52447509765625,0.4879150390625,0.28515625,-0.3125,-0.33203125,-0.02734375,0.009765625,-0.015625,1492.0,57.2,183.2,27.1,22.4,,,,,,,,
2026-09-07 15:00:16.581031,0.4708251953125,0.5146484375,0.52447509765625,0.48828125,-0.11328125,-0.28125,-0.1875,-0.013671875,0.013671875,-0.0234375,1489.0,57.2,183.2,29.4,27.1,,,,,,,,
2026-09-07 15:00:16.667980,0.47052001953125,-1.48529052734375,0.524658203125,0.48828125,0.078125,-0.66796875,-0.21875,-0.01171875,0.013671875,0.00390625,1489.0,57.2,183.2,29.4,27.1,,,,,,,,
2026-09-07 15:00:16.768186,0.47027587890625,0.514892578125,0.52520751953125,0.48779296875,-0.08203125,0.484375,-0.33984375,0.0,0.01171875,0.0234375,1489.0,57.2,183.2,29.4,27.1,,,,,,,,
2026-09-07 15:00:16.867919,0.470703125,0.51495361328125,0.5257568359375,0.4866943359375,-0.13671875,0.59375,0.01953125,-0.013671875,0.009765625,0.021484375,1493.75,57.2,183.2,38.8,27.8,,,,,,,,
2026-09-07 15:00:16.982940,0.47149658203125,0.51470947265625,0.52642822265625,0.4854736328125,0.18359375,0.62109375,0.07421875,-0.00390625,0.0,0.01953125,1496.75,57.8,183.2,39.6,28.6,,,,,,,,
2026-09-07 15:00:17.081965,0.4716796875,0.51422119140625,0.52691650390625,0.4852294921875,-0.03125,0.59765625,-0.03515625,-0.015625,0.0,0.025390625,1496.75,57.8,183.2,39.6,28.6,,,,,,,,
2026-09-07 15:00:17.298282,0.47137451171875,0.5140380859375,0.5272216796875,0.48541259765625,0.27734375,-0.58203125,-0.2109375,-0.015625,0.00390625,-0.01953125,1500.75,57.8,183.2,43.1,33.3,,,,,,,,
2026-09-07 15:00:17.377701,0.469970703125,-1.4852294921875,0.52703857421875,0.48614501953125,0.16015625,-0.50390625,0.01171875,-0.00390625,0.001953125,-0.0078125,1500.75,57.8,183.2,43.1,33.3,,,,,,,,
2026-09-07 15:00:17.487167,0.4698486328125,0.51483154296875,0.52703857421875,0.4862060546875,0.0859375,-0.16796875,-0.01953125,-0.001953125,0.00390625,-0.01953125,1519.5,57.8,183.2,43.1,34.1,,,,,,,,
2026-09-07 15:00:17.595399,0.46990966796875,0.5142822265625,0.527587890625,0.48614501953125,0.0390625,0.25390625,0.1640625,-0.013671875,-0.00390625,0.0,1517.75,57.8,183.2,43.1,32.9,,,,,,,,
2026-09-07 15:00:17.682393,0.46990966796875,0.5140380859375,0.52777099609375,0.4862060546875,0.0234375,0.4453125,0.0703125,-0.0078125,-0.00390625,0.009765625,1517.75,57.8,183.2,43.1,32.9,,,,,,,,
2026-09-07 15:00:17.784208,0.4703369140625,0.51373291015625,0.52789306640625,0.48602294921875,0.08984375,0.32421875,-0.05078125,-0.01171875,-0.005859375,0.0078125,1529.5,57.8,183.2,42.7,32.5,,,,,,,,
2026-09-07 15:00:17.879343,0.470703125,0.51373291015625,0.52777099609375,0.48583984375,0.24609375,-0.63671875,0.5703125,0.013671875,-0.001953125,-0.005859375,1529.5,57.8,183.2,42.7,32.5,,,,,,,,
2026-09-07 15:00:17.979085,0.4713134765625,0.51446533203125,0.5267333984375,0.48553466796875,0.16796875,-0.25390625,-0.07421875,0.0234375,0.0,-0.013671875,1524.0,57.8,183.2,40.4,28.6,,,,,,,,
2026-09-07 15:00:18.084651,0.47186279296875,0.5146484375,0.5263671875,0.4852294921875,0.20703125,-0.328125,0.2109375,0.025390625,-0.0078125,-0.0078125,1524.0,57.8,183.2,40.4,28.6,,,,,,,,
2026-09-07 15:00:18.184032,0.47235107421875,0.51495361328125,0.52569580078125,0.485107421875,-0.09375,-0.08984375,0.25,-0.001953125,-0.009765625,-0.005859375,1529.5,58.4,183.2,38.0,27.1,,,,,,,,
2026-09-07 15:00:18.284881,0.47265625,0.5145263671875,0.5257568359375,0.4852294921875,0.23828125,0.0234375,0.1953125,-0.009765625,-0.0078125,0.00390625,1529.5,58.4,183.2,38.0,27.1,,,,,,,,
2026-09-07 15:00:18.384785,0.47265625,0.513916015625,0.52593994140625,0.48565673828125,0.08203125,0.14453125,0.0625,-0.025390625,-0.009765625,0.005859375,1536.5,58.4,183.2,36.5,26.7,,,,,,,,
2026-09-07 15:00:18.485265,0.47283935546875,0.5126953125,0.52655029296875,0.486083984375,-0.078125,0.33984375,0.34765625,-0.021484375,-0.009765625,0.009765625,1536.5,58.4,183.2,36.5,26.7,,,,,,,,
2026-09-07 15:00:18.584741,0.472900390625,0.51214599609375,0.52685546875,0.486328125,0.09765625,0.25390625,0.20703125,-0.013671875,-0.0078125,0.001953125,1542.0,58.4,183.2,36.1,27.1,,,,,,,,
2026-09-07 15:00:18.684380,0.47235107421875,0.509765625,0.52874755859375,0.4873046875,0.07421875,0.15625,0.00390625,-0.013671875,-0.009765625,-0.001953125,1542.0,58.4,183.2,36.1,27.1,,,,,,,,
2026-09-07 15:00:18.784402,0.4720458984375,0.50823974609375,0.52978515625,0.488037109375,0.04296875,-0.1796875,0.12109375,-0.009765625,-0.0078125,-0.001953125,1543.75,58.4,183.2,36.5,27.5,,,,,,,,
2026-09-07 15:00:18.884659,0.4716796875,0.5069580078125,0.53045654296875,0.48907470703125,-0.109375,-0.33984375,0.234375,-0.001953125,-0.01171875,-0.005859375,1543.75,58.4,183.2,36.5,27.5,,,,,,,,
2026-09-07 15:00:18.976903,0.4708251953125,0.5054931640625,0.53131103515625,0.49041748046875,-0.0625,0.05078125,-0.06640625,-0.001953125,-0.009765625,-0.00390625,1543.75,58.4,183.2,36.5,27.5,,,,,,,,
2026-09-07 15:00:19.083076,0.47076416015625,0.50537109375,0.53094482421875,0.490966796875,-0.125,-0.16015625,-0.1328125,0.01171875,-0.01171875,-0.005859375,1547.5,58.4,183.2,37.3,29.4,,,,,,,,
2026-09-07 15:00:19.184485,0.470947265625,0.50531005859375,0.5306396484375,0.49127197265625,-0.16015625,-0.109375,0.1328125,0.0078125,-0.01171875,0.00390625,1564.0,58.4,183.2,40.8,33.3,,,,,,,,
2026-09-07 15:00:19.284383,0.47125244140625,0.50506591796875,0.53045654296875,0.49139404296875,-0.16015625,0.28515625,0.3046875,0.0234375,-0.013671875,0.0078125,1564.0,58.4,183.2,40.8,33.3,,,,,,,,
2026-09-07 15:00:19.383961,0.4716796875,0.5047607421875,0.5302734375,0.49151611328125,0.328125,-0.19921875,-0.30078125,0.0,-0.0078125,-0.005859375,1553.0,59.0,181.4,44.3,39.6,,,,,,,,
2026-09-07 15:00:19.484073,0.47149658203125,0.50408935546875,0.53045654296875,0.49212646484375,0.13671875,0.30859375,-0.234375,-0.005859375,-0.013671875,0.001953125,1553.0,59.0,181.4,44.3,39.6,,,,,,,,
2026-09-07 15:00:19.592041,0.47125244140625,0.50311279296875,0.53094482421875,0.49285888671875,-0.0625,0.62109375,0.05078125,-0.03125,-0.009765625,0.009765625,1556.25,59.0,181.4,48.6,53.3,,,,,,,,
2026-09-07 15:00:19.683100,0.4708251953125,0.501708984375,0.53173828125,0.4937744140625,0.3515625,0.0078125,-0.15625,-0.009765625,-0.013671875,-0.001953125,1556.25,59.0,181.4,48.6,53.3,,,,,,,,
2026-09-07 15:00:19.791743,0.47064208984375,0.5003662109375,0.5323486328125,0.49468994140625,-0.19140625,0.4375,0.171875,-0.015625,-0.017578125,0.005859375,1558.5,59.0,181.4,51.4,55.3,,,,,,,,
2026-09-07 15:00:19.889922,0.47076416015625,0.49945068359375,0.53253173828125,0.4952392578125,-0.0390625,0.09375,0.1328125,0.001953125,-0.015625,0.005859375,1558.5,59.0,181.4,51.4,55.3,,,,,,,,
2026-09-07 15:00:19.989557,0.4710693359375,0.49896240234375,0.5323486328125,0.49566650390625,-0.078125,0.09375,0.05859375,-0.0078125,-0.01171875,0.009765625,1558.5,59.0,181.4,53.7,53.3,,,,,,,,
2026-09-07 15:00:20.079575,0.47119140625,0.49853515625,0.53228759765625,0.49615478515625,-0.1640625,-0.0625,-0.01953125,-0.009765625,-0.009765625,-0.005859375,1558.5,59.0,181.4,53.7,53.3,,,,,,,,
2026-09-07 15:00:20.193999,0.4710693359375,0.49786376953125,0.53240966796875,0.49676513671875,0.3359375,-0.52734375,0.04296875,-0.013671875,-0.009765625,0.005859375,1557.0,59.7,181.4,57.6,56.9,,,,,,,,
2026-09-07 15:00:20.291547,0.47052001953125,0.49725341796875,0.532470703125,0.497802734375,0.234375,-0.25390625,-0.2421875,-0.025390625,-0.0078125,-0.017578125,1557.0,59.7,181.4,57.6,56.9,,,,,,,,
2026-09-07 15:00:20.391931,0.469970703125,0.4967041015625,0.53240966796875,0.49896240234375,0.3125,-0.24609375,-0.10546875,-0.015625,-0.01171875,-0.001953125,1570.25,59.7,181.4,61.6,60.4,,,,,,,,
2026-09-07 15:00:20.491456,0.46978759765625,0.49560546875,0.53277587890625,0.4998779296875,0.07421875,0.0625,0.25390625,-0.029296875,-0.015625,0.001953125,1570.25,59.7,181.4,61.6,60.4,,,,,,,,
2026-09-07 15:00:20.579291,0.46954345703125,0.4942626953125,0.53326416015625,0.5008544921875,0.02734375,0.40625,0.1328125,-0.021484375,-0.013671875,-0.001953125,1570.25,59.7,181.4,61.6,60.4,,,,,,,,
2026-09-07 15:00:20.679822,0.4698486328125,0.493408203125,0.5333251953125,0.5013427734375,0.3359375,-0.390625,0.3984375,0.00390625,-0.013671875,-0.005859375,1592.75,59.7,181.4,66.3,59.6,,,,,,,,
2026-09-07 15:00:20.795025,0.4703369140625,0.49334716796875,0.5325927734375,0.501708984375,-0.046875,0.4140625,-0.01953125,0.0078125,-0.01171875,-0.02734375,1590.5,59.7,181.4,68.6,57.3,,,,,,,,
2026-09-07 15:00:20.893822,0.47039794921875,0.49346923828125,0.53192138671875,0.50225830078125,0.2890625,-0.265625,0.1015625,0.01171875,-0.013671875,0.0078125,1590.5,59.7,181.4,68.6,57.3,,,,,,,,
2026-09-07 15:00:20.993611,0.47119140625,0.49310302734375,0.531494140625,0.50238037109375,0.328125,0.046875,0.015625,0.013671875,-0.01953125,-0.00390625,1601.5,60.3,181.4,69.8,53.3,,,,,,,,
2026-09-07 15:00:21.093531,0.4715576171875,0.49267578125,0.53106689453125,0.50286865234375,0.43359375,-0.44140625,0.1796875,0.021484375,-0.013671875,-0.009765625,1601.5,60.3,181.4,69.8,53.3,,,,,,,,
2026-09-07 15:00:21.179089,0.47216796875,0.4921875,0.53070068359375,0.50311279296875,0.01171875,0.17578125,0.5625,0.00390625,-0.017578125,0.001953125,1601.5,60.3,181.4,69.8,53.3,,,,,,,,
2026-09-07 15:00:21.295245,0.47314453125,0.4918212890625,0.53009033203125,0.50323486328125,0.1875,0.1328125,0.68359375,0.029296875,-0.021484375,-0.001953125,1610.75,60.3,181.4,71.0,49.0,,,,,,,,
2026-09-07 15:00:21.394492,0.47442626953125,0.4913330078125,0.5294189453125,0.503173828125,0.2890625,-0.43359375,0.28515625,0.04296875,-0.021484375,0.00390625,1632.0,60.9,181.4,70.2,43.9,,,,,,,,
2026-09-07 15:00:21.494160,0.47607421875,0.49127197265625,0.52838134765625,0.50286865234375,0.08984375,-0.04296875,0.43359375,0.046875,-0.021484375,-0.0078125,1632.0,60.9,181.4,70.2,43.9,,,,,,,,
2026-09-07 15:00:21.593795,0.4779052734375,0.49139404296875,0.527099609375,0.5023193359375,-0.00390625,-0.3203125,0.33984375,0.046875,-0.0234375,0.00390625,1579.5,60.9,181.4,57.6,28.2,,,,,,,,
2026-09-07 15:00:21.684629,0.479736328125,0.491455078125,0.52606201171875,0.5015869140625,0.41796875,-0.65625,-0.10546875,0.0390625,-0.01953125,0.005859375,1579.5,60.9,181.4,57.6,28.2,,,,,,,,
2026-09-07 15:00:21.793915,0.48089599609375,0.491943359375,0.52496337890625,0.5010986328125,-0.01953125,0.34765625,-0.37890625,0.01953125,-0.013671875,0.005859375,1595.25,60.9,181.4,53.7,32.5,,,,,,,,
2026-09-07 15:00:21.893728,0.481689453125,0.49163818359375,0.524658203125,0.5009765625,0.1171875,0.4609375,-0.1484375,-0.00390625,-0.013671875,0.013671875,1595.25,60.9,181.4,53.7,32.5,,,,,,,,
2026-09-07 15:00:21.993703,0.482421875,0.49053955078125,0.5250244140625,0.5009765625,0.05859375,0.72265625,-0.1171875,-0.00390625,-0.015625,0.021484375,1604.5,61.5,181.4,56.5,39.2,,,,,,,,
2026-09-07 15:00:22.093905,0.483154296875,0.4891357421875,0.52557373046875,0.50103759765625,0.15625,0.59765625,-0.01171875,-0.013671875,-0.013671875,0.021484375,1604.5,61.5,181.4,56.5,39.2,,,,,,,,
2026-09-07 15:00:22.187255,0.48382568359375,0.48809814453125,0.52593994140625,0.5010986328125,0.25390625,-0.05859375,-0.01171875,0.0078125,-0.009765625,-0.009765625,1612.5,61.5,181.4,56.9,40.4,,,,,,,,
2026-09-07 15:00:22.293892,0.48406982421875,0.48760986328125,0.52593994140625,0.5013427734375,-0.00390625,-0.14453125,-0.15625,0.00390625,-0.009765625,-0.009765625,1612.5,61.5,181.4,56.9,40.4,,,,,,,,
2026-09-07 15:00:22.394484,0.484130859375,0.4873046875,0.52581787109375,0.50164794921875,-0.00390625,-0.0390625,-0.1953125,-0.00390625,-0.009765625,0.001953125,1610.0,61.5,181.4,56.5,39.2,,,,,,,,
2026-09-07 15:00:22.494159,0.48388671875,0.48699951171875,0.52569580078125,0.5023193359375,-0.1953125,0.0390625,-0.125,0.005859375,-0.01171875,-0.0078125,1610.0,61.5,181.4,56.5,39.2,,,,,,,,
2026-09-07 15:00:22.593802,0.4840087890625,0.48626708984375,0.52587890625,0.50274658203125,0.0390625,-0.10546875,0.16796875,0.0078125,-0.013671875,0.005859375,1615.5,61.5,181.4,55.3,39.2,,,,,,,,
2026-09-07 15:00:22.693464,0.48492431640625,0.48602294921875,0.525634765625,0.5023193359375,0.0703125,-0.01953125,-0.0703125,-0.009765625,-0.00390625,-0.01953125,1615.5,61.5,181.4,55.3,39.2,,,,,,,,
2026-09-07 15:00:22.794449,0.4853515625,0.4859619140625,0.525390625,0.50225830078125,-0.3125,0.203125,0.05078125,-0.001953125,-0.00390625,-0.025390625,1621.0,62.1,181.4,54.5,39.6,,,,,,,,
2026-09-07 15:00:22.894768,0.48577880859375,0.48565673828125,0.52532958984375,0.502197265625,-0.18359375,0.23828125,-0.27734375,-0.00390625,-0.005859375,0.001953125,1621.0,62.1,181.4,54.5,39.6,,,,,,,,
2026-09-07 15:00:22.994166,0.48614501953125,0.485107421875,0.525634765625,0.50201416015625,-0.02734375,0.4921875,-0.32421875,-0.005859375,0.00390625,-0.00390625,1628.0,62.1,181.4,52.9,32.2,,,,,,,,
2026-09-07 15:00:23.094689,0.48651123046875,0.48486328125,0.52593994140625,0.50152587890625,-0.234375,0.75390625,-0.1328125,-0.0078125,0.00390625,0.017578125,1628.0,62.1,181.4,52.9,32.2,,,,,,,,
2026-09-07 15:00:23.188912,0.48699951171875,0.484619140625,0.52642822265625,0.5008544921875,-0.015625,0.66015625,-0.55078125,-0.0078125,0.001953125,0.02734375,1616.25,62.1,181.4,42.7,27.5,,,,,,,,
2026-09-07 15:00:23.302782,0.4874267578125,0.484375,0.52703857421875,0.5,-0.10546875,0.5625,-0.20703125,0.01953125,0.005859375,-0.001953125,1616.25,62.1,181.4,42.7,27.5,,,,,,,,
2026-09-07 15:00:23.401696,0.48834228515625,0.48455810546875,0.52734375,0.4986572265625,0.20703125,0.0859375,-0.5,0.01171875,0.00390625,-0.001953125,1639.75,62.1,181.4,42.7,29.0,,,,,,,,
2026-09-07 15:00:23.494225,0.48858642578125,0.48492431640625,0.52728271484375,0.49810791015625,-0.22265625,0.4140625,-0.40625,0.0,0.0078125,0.0,1639.75,62.1,181.4,42.7,29.0,,,,,,,,
2026-09-07 15:00:23.603513,0.48883056640625,0.48492431640625,0.52740478515625,0.49774169921875,-0.0390625,-0.17578125,-0.078125,0.021484375,0.005859375,-0.009765625,1646.75,62.1,181.4,42.4,29.8,,,,,,,,
2026-09-07 15:00:23.691642,0.489990234375,0.48602294921875,0.52667236328125,0.49627685546875,0.1171875,0.390625,-0.4453125,0.01953125,0.005859375,-0.001953125,1646.75,62.1,181.4,42.4,29.8,,,,,,,,
2026-09-07 15:00:23.803187,0.4903564453125,0.48626708984375,0.52655029296875,0.495849609375,-0.03125,0.3359375,-0.421875,-0.0234375,0.009765625,0.001953125,1646.75,62.8,181.4,41.6,31.0,,,,,,,,
2026-09-07 15:00:23.891183,0.4903564453125,0.4864501953125,0.52685546875,0.495361328125,-0.23046875,0.328125,-0.34375,-0.017578125,0.001953125,0.015625,1646.75,62.8,181.4,41.6,31.0,,,,,,,,
2026-09-07 15:00:23.992669,0.49029541015625,0.48614501953125,0.5272216796875,0.495361328125,-0.19921875,0.3984375,-0.19921875,-0.044921875,0.001953125,0.025390625,1652.25,62.8,181.4,41.2,32.2,,,,,,,,
2026-09-07 15:00:24.089935,0.489990234375,0.4852294921875,0.528076171875,0.49554443359375,-0.08203125,0.4296875,-0.2890625,-0.0234375,0.001953125,0.00390625,1652.25,62.8,181.4,41.2,32.2,,,,,,,,
2026-09-07 15:00:24.192559,0.489501953125,0.48468017578125,0.52874755859375,0.495849609375,-0.19921875,0.375,-0.15234375,-0.0234375,0.001953125,-0.013671875,1655.25,62.8,181.4,40.8,32.9,,,,,,,,
2026-09-07 15:00:24.292429,0.48907470703125,0.48455810546875,0.52899169921875,0.49615478515625,0.078125,-0.21484375,-0.046875,-0.01171875,0.009765625,-0.017578125,1655.25,62.8,181.4,40.8,32.9,,,,,,,,
2026-09-07 15:00:24.393105,0.48858642578125,0.48486328125,0.52105712890625,0.4964599609375,-0.05859375,-0.375,-0.09375,-0.00390625,0.0,-0.01953125,1658.5,62.8,181.4,40.4,33.3,,,,,,,,
2026-09-07 15:00:24.492344,0.488037109375,0.48516845703125,0.528564453125,0.49700927734375,-0.234375,-0.60546875,0.16796875,-0.01171875,-0.00390625,-0.017578125,1658.5,62.8,181.4,40.4,33.3,,,,,,,,
2026-09-07 15:00:24.588184,0.48779296875,0.4853515625,0.52825927734375,0.49737548828125,-0.01953125,-0.22265625,-0.0390625,-0.01953125,-0.005859375,-0.00390625,1662.5,62.8,181.4,40.4,34.1,,,,,,,,
2026-09-07 15:00:24.690418,0.487548828125,0.48529052734375,0.5281982421875,0.49786376953125,-0.43359375,0.734375,0.015625,-0.041015625,-0.005859375,0.001953125,1662.5,62.8,181.4,40.4,34.1,,,,,,,,
2026-09-07 15:00:24.792321,0.48724365234375,0.48455810546875,0.52850341796875,0.4984130859375,-0.05078125,-0.53125,-0.22265625,-0.01171875,-0.0078125,0.013671875,1660.75,62.8,181.4,40.8,35.3,,,,,,,,
2026-09-07 15:00:24.892394,0.487060546875,0.484619140625,0.52825927734375,0.4989013671875,0.23046875,0.19921875,0.07421875,0.001953125,0.009765625,-0.033203125,1660.75,62.8,181.4,40.8,35.3,,,,,,,,
2026-09-07 15:00:24.991930,0.48675537109375,0.48565673828125,0.52740478515625,0.49908447265625,-0.25,0.20703125,0.2734375,-0.0078125,-0.001953125,0.005859375,1664.75,63.4,181.4,40.8,36.1,,,,,,,,
2026-09-07 15:00:25.098863,0.48681640625,0.4859619140625,0.527099609375,0.4990234375,-0.28125,-0.32421875,0.19921875,0.001953125,0.0,-0.015625,1664.75,63.4,181.4,40.8,36.1,,,,,,,,
2026-09-07 15:00:25.188556,0.48675537109375,0.4874267578125,0.52557373046875,0.49920654296875,0.05078125,-0.58203125,-0.140625,0.0234375,-0.001953125,-0.021484375,1668.75,63.4,179.6,40.4,35.3,,,,,,,,
2026-09-07 15:00:25.299099,0.4864501953125,0.48809814453125,0.52496337890625,0.49957275390625,-0.5703125,-0.375,-0.015625,-0.03125,-0.001953125,-0.005859375,1668.75,63.4,179.6,40.4,35.3,,,,,,,,
2026-09-07 15:00:25.390835,0.4849853515625,0.48736572265625,0.5255126953125,0.5010986328125,-0.32421875,0.40625,-0.23046875,-0.046875,0.0,-0.009765625,1672.5,63.4,179.6,40.0,36.1,,,,,,,,
2026-09-07 15:00:25.499476,0.4844970703125,0.486572265625,0.526123046875,0.501708984375,-0.2578125,0.84375,-0.2109375,-0.064453125,-0.001953125,0.017578125,1672.5,63.4,179.6,40.0,36.1,,,,,,,,
2026-09-07 15:00:25.598486,0.48309326171875,0.48419189453125,0.5281982421875,0.503173828125,-0.07421875,1.234375,-0.05859375,-0.060546875,0.001953125,0.00390625,1678.0,63.4,179.6,40.0,36.1,,,,,,,,
2026-09-07 15:00:25.687008,0.482177734375,0.48321533203125,0.529052734375,0.50408935546875,0.04296875,0.23046875,0.125,-0.02734375,-0.001953125,-0.001953125,1678.0,63.4,179.6,40.0,36.1,,,,,,,,
2026-09-07 15:00:25.800309,0.48187255859375,0.4832763671875,0.529052734375,0.50433349609375,-0.37890625,0.0,0.1875,0.029296875,-0.00390625,0.005859375,1677.25,63.4,179.6,40.0,35.7,,,,,,,,
2026-09-07 15:00:25.899343,0.48291015625,0.4835205078125,0.52862548828125,0.5035400390625,-0.30078125,0.3359375,0.42578125,0.037109375,-0.005859375,0.005859375,1677.25,63.4,179.6,40.0,35.7,,,,,,,,
2026-09-07 15:00:25.999562,0.48394775390625,0.48406982421875,0.5279541015625,0.502685546875,-0.04296875,-0.20703125,0.2890625,0.001953125,0.0,-0.001953125,1685.0,63.4,179.6,39.2,35.7,,,,,,,,
2026-09-07 15:00:26.099897,-1.515869140625,0.48443603515625,0.52752685546875,0.50262451171875,-0.265625,0.20703125,-0.1953125,0.005859375,-0.005859375,0.013671875,1685.0,63.4,179.6,39.2,35.7,,,,,,,,
2026-09-07 15:00:26.197698,0.48468017578125,0.484375,0.52728271484375,0.50244140625,-0.1875,-0.29296875,-0.00390625,0.015625,-0.01171875,0.001953125,1684.25,63.4,179.6,39.6,37.3,,,,,,,,
2026-09-07 15:00:26.307135,0.48504638671875,0.48406982421875,0.527099609375,0.5025634765625,-0.1171875,0.046875,0.45703125,-0.01171875,-0.009765625,0.01953125,1684.25,63.4,179.6,39.6,37.3,,,,,,,,
2026-09-07 15:00:26.398909,0.485107421875,0.483154296875,0.52752685546875,0.5029296875,-0.28125,0.56640625,0.1171875,-0.0234375,-0.01171875,0.021484375,1684.25,64.0,179.6,40.0,37.3,,,,,,,,
2026-09-07 15:00:26.509001,0.48504638671875,0.48211669921875,0.528076171875,0.50341796875,-0.171875,0.3828125,0.1484375,-0.001953125,-0.005859375,0.005859375,1684.25,64.0,179.6,40.0,37.3,,,,,,,,
2026-09-07 15:00:26.597981,0.4849853515625,-1.51812744140625,0.5279541015625,0.50384521484375,-0.39453125,0.28125,0.32421875,-0.001953125,-0.005859375,0.017578125,1680.25,63.4,179.6,40.0,35.7,,,,,,,,
2026-09-07 15:00:26.707162,0.4853515625,0.48126220703125,0.52825927734375,0.5037841796875,-0.21875,0.08203125,0.2421875,0.0078125,-0.005859375,0.0078125,1680.25,63.4,179.6,40.0,35.7,,,,,,,,
2026-09-07 15:00:26.806098,0.48565673828125,0.48065185546875,0.528564453125,0.50372314453125,-0.03515625,0.2578125,-0.2734375,-0.005859375,-0.009765625,0.0078125,1686.5,64.0,179.6,39.2,34.1,,,,,,,,
2026-09-07 15:00:26.898168,0.48541259765625,0.48016357421875,0.52886962890625,0.50408935546875,0.15625,0.12890625,-0.2890625,-0.001953125,0.0,-0.009765625,1686.5,64.0,179.6,39.2,34.1,,,,,,,,
2026-09-07 15:00:27.007767,0.48486328125,0.47991943359375,0.52911376953125,0.504638671875,-0.1796875,0.42578125,-0.2578125,0.0,-0.001953125,0.033203125,1673.25,64.0,179.6,36.1,29.4,,,,,,,,
2026-09-07 15:00:27.106591,0.49285888671875,0.47979736328125,0.5291748046875,0.50445556640625,-0.11328125,-0.046875,0.1640625,0.0078125,0.0,0.0234375,1673.25,64.0,179.6,36.1,29.4,,,,,,,,
2026-09-07 15:00:27.185673,0.48529052734375,0.48004150390625,0.529052734375,0.50408935546875,-0.1484375,-0.24609375,-0.2109375,0.0234375,0.0,-0.005859375,1677.25,64.0,179.6,35.3,29.0,,,,,,,,
2026-09-07 15:00:27.309715,0.485595703125,0.47296142578125,0.52850341796875,0.50372314453125,-0.1484375,0.13671875,-0.05078125,0.0,-0.001953125,0.015625,1677.25,64.0,179.6,35.3,29.0,,,,,,,,
2026-09-07 15:00:27.406491,0.48577880859375,0.480712890625,0.528564453125,0.5035400390625,-0.265625,0.234375,-0.06640625,0.00390625,-0.001953125,0.01953125,1680.25,64.0,179.6,34.5,31.4,,,,,,,,
2026-09-07 15:00:27.505937,0.48602294921875,0.48065185546875,0.52862548828125,0.5032958984375,-0.03515625,0.3125,-0.41015625,0.01953125,0.0,-0.00390625,1680.25,64.0,179.6,34.5,31.4,,,,,,,,
2026-09-07 15:00:27.606376,0.48626708984375,0.48114013671875,0.5283203125,0.50299072265625,-0.11328125,-0.1171875,-0.05078125,0.01171875,0.0,-0.001953125,1717.75,64.0,179.6,42.7,43.1,,,,,,,,
2026-09-07 15:00:27.706084,0.4862060546875,0.48138427734375,0.52813720703125,0.50299072265625,-0.265625,0.1796875,0.00390625,-0.01171875,0.0,0.015625,1717.75,64.0,179.6,42.7,43.1,,,,,,,,
2026-09-07 15:00:27.806038,0.48626708984375,0.4814453125,0.52789306640625,0.5030517578125,-0.1796875,-0.1640625,-0.1796875,-0.02734375,-0.005859375,0.017578125,1689.0,64.0,179.6,45.5,45.1,,,,,,,,
2026-09-07 15:00:27.905833,0.4857177734375,0.48126220703125,0.5279541015625,0.50372314453125,-0.05859375,0.14453125,-0.00390625,-0.01171875,-0.001953125,-0.00390625,1689.0,64.0,179.6,45.5,45.1,,,,,,,,
2026-09-07 15:00:28.005698,0.4853515625,0.481201171875,0.52777099609375,0.50433349609375,0.02734375,-0.1640625,-0.05078125,0.009765625,-0.005859375,-0.013671875,1687.5,64.0,179.6,51.0,43.9,,,,,,,,
2026-09-07 15:00:28.107076,0.48516845703125,0.481201171875,0.52734375,0.50494384765625,-0.1171875,-0.8515625,0.29296875,-0.009765625,-0.013671875,-0.001953125,1687.5,64.0,179.6,51.0,43.9,,,,,,,,
2026-09-07 15:00:28.207579,0.48529052734375,0.4810791015625,0.52685546875,0.50543212890625,-0.1484375,-0.234375,0.37109375,-0.009765625,-0.013671875,0.009765625,1675.75,64.0,179.6,51.0,40.0,,,,,,,,
2026-09-07 15:00:28.307442,0.48577880859375,0.48052978515625,0.52691650390625,0.5054931640625,-0.265625,0.5703125,0.06640625,0.01171875,-0.009765625,0.013671875,1675.75,64.0,179.6,51.0,40.0,,,,,,,,
2026-09-07 15:00:28.408272,0.48626708984375,0.47955322265625,0.52740478515625,0.50537109375,-0.10546875,0.45703125,0.01171875,-0.009765625,-0.0078125,0.021484375,1675.0,64.0,179.6,49.0,39.2,,,,,,,,
2026-09-07 15:00:28.507694,0.48687744140625,0.478759765625,0.5277099609375,0.50518798828125,0.1484375,0.6796875,-0.07421875,-0.00390625,-0.005859375,0.01953125,1675.0,64.0,179.6,49.0,39.2,,,,,,,,
2026-09-07 15:00:28.607886,0.48797607421875,0.4786376953125,0.5274658203125,0.5045166015625,0.171875,-0.01953125,0.42578125,0.033203125,-0.009765625,0.025390625,1688.25,64.0,179.6,49.0,40.0,,,,,,,,
2026-09-07 15:00:28.708954,0.48919677734375,0.47930908203125,0.52667236328125,0.5035400390625,0.203125,-0.71484375,0.33203125,0.044921875,-0.001953125,0.017578125,1688.25,64.0,179.6,49.0,40.0,,,,,,,,
2026-09-07 15:00:28.808002,0.49066162109375,0.4803466796875,0.52557373046875,0.50225830078125,-0.2734375,-0.07421875,0.5234375,0.060546875,-0.005859375,0.009765625,1682.0,64.0,179.6,49.4,40.0,,,,,,,,
2026-09-07 15:00:28.907196,0.49169921875,0.48114013671875,0.5247802734375,0.5013427734375,-0.12890625,-0.5390625,-0.0859375,0.033203125,0.0,-0.01171875,1682.0,64.0,179.6,49.4,40.0,,,,,,,,
2026-09-07 15:00:29.008641,0.49139404296875,0.48150634765625,0.5242919921875,0.5018310546875,0.03125,0.02734375,-0.38671875,-0.009765625,0.0,-0.005859375,1685.0,64.0,179.6,48.6,38.8,,,,,,,,
2026-09-07 15:00:29.097766,0.49114990234375,0.481201171875,0.52447509765625,0.502197265625,0.109375,-0.46484375,-0.6328125,-0.041015625,0.0,0.0,1685.0,64.0,179.6,48.6,38.8,,,,,,,,
2026-09-07 15:00:29.209111,0.48883056640625,0.47930908203125,0.52618408203125,0.50439453125,0.0859375,0.07421875,-0.2578125,-0.052734375,0.0,-0.0078125,1686.5,64.0,179.6,47.5,39.2,,,,,,,,
2026-09-07 15:00:29.304837,0.4879150390625,0.47821044921875,0.5272216796875,0.50531005859375,-0.15234375,0.03515625,0.125,-0.0390625,0.0,0.001953125,1686.5,64.0,179.6,47.5,39.2,,,,,,,,
2026-09-07 15:00:29.404949,0.48785400390625,0.47833251953125,0.52716064453125,0.50531005859375,-0.12109375,0.00390625,-0.03515625,0.00390625,0.001953125,0.00390625,1675.0,64.0,179.6,47.1,29.4,,,,,,,,
2026-09-07 15:00:29.504444,0.48809814453125,0.47900390625,0.526611328125,0.5048828125,-0.265625,0.03515625,-0.01171875,0.01953125,0.00390625,0.00390625,1675.0,64.0,179.6,47.1,29.4,,,,,,,,
2026-09-07 15:00:29.601697,0.48907470703125,0.47967529296875,0.526123046875,0.50390625,-0.11328125,-0.1875,-0.1796875,0.04296875,0.0,-0.00390625,1669.5,64.0,179.6,38.0,26.7,,,,,,,,
2026-09-07 15:00:29.707182,0.48944091796875,0.480224609375,0.525634765625,0.5035400390625,-0.00390625,-0.109375,-0.46484375,0.015625,0.0,-0.00390625,1669.5,64.0,179.6,38.0,26.7,,,,,,,,
2026-09-07 15:00:29.806827,0.4886474609375,0.47943115234375,0.52642822265625,0.50421142578125,-0.2265625,0.47265625,-0.625,-0.033203125,0.001953125,0.00390625,1675.0,64.0,179.6,34.9,27.1,,,,,,,,
2026-09-07 15:00:29.905685,0.48822021484375,0.4781494140625,0.5272216796875,0.5050048828125,-0.3046875,0.77734375,-0.15625,-0.03125,-0.009765625,0.01171875,1675.0,64.0,179.6,34.9,27.1,,,,,,,,
2026-09-07 15:00:30.006078,0.488525390625,0.4776611328125,0.527587890625,0.50482177734375,-0.203125,0.47265625,-0.1640625,-0.001953125,-0.0078125,0.021484375,1718.75,64.0,179.6,37.3,31.4,,,,,,,,
2026-09-07 15:00:30.090441,0.48858642578125,0.47772216796875,0.52764892578125,0.504638671875,0.0625,-0.2578125,-0.234375,0.009765625,0.005859375,-0.00390625,1718.75,64.0,179.6,37.3,31.4,,,,,,,,
2026-09-07 15:00:30.198682,0.48834228515625,0.479248046875,0.52679443359375,0.50433349609375,-0.42578125,-0.02734375,0.1953125,0.01953125,0.01171875,-0.017578125,1688.25,64.0,179.6,40.4,36.1,,,,,,,,
2026-09-07 15:00:30.306280,0.48828125,0.47967529296875,0.526611328125,0.50421142578125,-0.546875,-0.2265625,-0.1640625,-0.015625,0.0078125,-0.001953125,1688.25,64.0,179.6,40.4,36.1,,,,,,,,
2026-09-07 15:00:30.406647,0.48822021484375,0.4801025390625,0.5263671875,0.50408935546875,-0.203125,0.08984375,-0.33984375,-0.00390625,0.001953125,0.015625,1703.0,63.4,179.6,45.5,46.7,,,,,,,,
2026-09-07 15:00:30.505608,0.48809814453125,0.48046875,0.52618408203125,0.50408935546875,-0.3046875,0.25,-0.1796875,0.01171875,0.001953125,-0.0078125,1703.0,63.4,179.6,45.5,46.7,,,,,,,,
2026-09-07 15:00:30.606464,0.48797607421875,0.480224609375,0.526611328125,0.50396728515625,-0.05078125,0.40234375,-0.41015625,-0.015625,0.005859375,0.013671875,1670.25,64.0,179.6,49.8,55.3,,,,,,,,
2026-09-07 15:00:30.705241,0.48785400390625,0.4803466796875,0.5267333984375,0.5037841796875,-0.05078125,0.1796875,-0.29296875,-0.013671875,0.001953125,0.015625,1670.25,64.0,179.6,49.8,55.3,,,,,,,,
2026-09-07 15:00:30.806512,0.48779296875,0.48089599609375,0.5264892578125,0.50360107421875,-0.01171875,0.14453125,-0.40234375,0.00390625,0.005859375,-0.005859375,1683.5,63.4,179.6,53.7,55.7,,,,,,,,
2026-09-07 15:00:30.905714,0.48785400390625,0.48126220703125,0.52642822265625,0.5032958984375,-0.3125,-0.1640625,-0.15625,-0.0078125,0.00390625,0.001953125,1683.5,63.4,179.6,53.7,55.7,,,,,,,,
2026-09-07 15:00:31.006052,0.487548828125,0.48095703125,0.52691650390625,0.50323486328125,-0.01171875,-0.1640625,-0.26953125,0.009765625,0.0078125,-0.00390625,1681.25,63.4,179.6,58.8,52.9,,,,,,,,
2026-09-07 15:00:31.106533,0.4869384765625,0.48052978515625,0.52764892578125,0.5035400390625,-0.09765625,0.2578125,-0.1328125,-0.025390625,0.001953125,0.001953125,1681.25,63.4,179.6,58.8,52.9,,,,,,,,
2026-09-07 15:00:31.206713,0.48681640625,0.48077392578125,0.52752685546875,0.50360107421875,0.28515625,-0.46875,-0.140625,-0.009765625,0.00390625,0.00390625,1673.25,63.4,179.6,61.2,50.6,,,,,,,,
2026-09-07 15:00:31.306188,0.486572265625,0.4818115234375,0.52685546875,0.5035400390625,0.21875,-0.1953125,-0.125,0.013671875,0.001953125,-0.021484375,1673.25,63.4,179.6,61.2,50.6,,,,,,,,
2026-09-07 15:00:31.405902,0.48663330078125,0.48211669921875,0.52679443359375,0.50323486328125,-0.12890625,-0.1875,-0.30859375,-0.00390625,0.005859375,0.001953125,1689.0,63.4,179.6,62.7,45.1,,,,,,,,
2026-09-07 15:00:31.506378,0.48748779296875,0.48223876953125,0.5267333984375,0.50238037109375,0.046875,0.04296875,0.12890625,0.025390625,0.001953125,0.005859375,1689.0,63.4,179.6,62.7,45.1,,,,,,,,
2026-09-07 15:00:31.603172,0.488037109375,0.482177734375,0.52685546875,0.501708984375,-0.234375,0.01171875,-0.01171875,0.001953125,0.001953125,0.01953125,1671.75,63.4,179.6,61.6,41.6,,,,,,,,
2026-09-07 15:00:31.706166,0.48883056640625,0.4822998046875,0.5267333984375,0.5009765625,-0.2421875,0.05078125,0.14453125,0.001953125,-0.001953125,0.03125,1671.75,63.4,179.6,61.6,41.6,,,,,,,,
2026-09-07 15:00:31.806874,0.4896240234375,0.48284912109375,0.526123046875,0.500244140625,0.046875,0.54296875,-0.24609375,0.021484375,-0.005859375,0.0078125,1671.0,63.4,179.6,59.2,40.8,,,,,,,,
2026-09-07 15:00:31.906163,0.4901123046875,0.48321533203125,0.52587890625,0.499755859375,0.0078125,0.00390625,-0.19921875,0.0078125,0.001953125,0.005859375,1671.0,63.4,179.6,59.2,40.8,,,,,,,,
2026-09-07 15:00:32.006213,0.49090576171875,0.48345947265625,0.52545166015625,0.49920654296875,-0.03515625,0.08203125,0.19921875,0.021484375,-0.001953125,-0.001953125,1673.25,63.4,179.6,56.5,37.3,,,,,,,,
2026-09-07 15:00:32.107037,0.49151611328125,0.48345947265625,0.5252685546875,0.498779296875,0.140625,-0.37890625,0.16796875,0.00390625,-0.0078125,0.01171875,1673.25,63.4,179.6,56.5,37.3,,,,,,,,
2026-09-07 15:00:32.205048,0.49139404296875,0.48370361328125,0.5250244140625,0.4989013671875,-0.015625,-0.2265625,-0.0234375,-0.01171875,0.0,0.001953125,1662.5,63.4,179.6,56.1,38.0,,,,,,,,
2026-09-07 15:00:32.314756,0.491455078125,0.48419189453125,0.5245361328125,0.49884033203125,0.0,-0.02734375,-0.015625,0.01171875,-0.001953125,-0.005859375,1662.5,63.4,179.6,56.1,38.0,,,,,,,,
2026-09-07 15:00:32.402201,0.49163818359375,0.4842529296875,0.52447509765625,0.49871826171875,-0.2734375,0.2421875,-0.0546875,0.01953125,0.0,0.001953125,1663.25,63.4,179.6,54.9,36.9,,,,,,,,
2026-09-07 15:00:32.503842,0.49212646484375,0.484130859375,0.5245361328125,0.498291015625,-0.234375,0.40234375,0.06640625,0.00390625,-0.001953125,0.017578125,1663.25,63.4,179.6,54.9,36.9,,,,,,,,
2026-09-07 15:00:32.604366,0.4925537109375,0.48382568359375,0.5247802734375,0.4979248046875,-0.09765625,0.59375,-0.16796875,-0.005859375,0.001953125,0.017578125,1655.25,63.4,179.6,52.2,31.8,,,,,,,,
2026-09-07 15:00:32.714803,0.492919921875,0.482666015625,0.52587890625,0.49755859375,-0.34375,0.6640625,0.12890625,-0.015625,0.0,0.021484375,1655.25,63.4,179.6,52.2,31.8,,,,,,,,
2026-09-07 15:00:32.804051,0.49298095703125,0.482666015625,0.52587890625,0.4974365234375,-0.28125,-0.2265625,0.20703125,0.01171875,0.0,-0.005859375,1651.5,63.4,179.6,50.2,31.0,,,,,,,,
2026-09-07 15:00:32.904215,0.49322509765625,0.48321533203125,0.525390625,0.4971923828125,-0.19140625,0.16015625,-0.0078125,0.02734375,0.0,-0.009765625,1651.5,63.4,179.6,50.2,31.0,,,,,,,,
2026-09-07 15:00:33.003928,0.49395751953125,0.48382568359375,0.5247802734375,0.49652099609375,0.03125,-0.453125,0.28515625,0.01953125,-0.001953125,0.025390625,1650.75,62.8,179.6,45.5,28.6,,,,,,,,
2026-09-07 15:00:33.104196,0.49517822265625,0.48431396484375,0.52423095703125,0.495361328125,0.0234375,-0.33984375,-0.18359375,0.033203125,0.0,0.013671875,1650.75,62.8,179.6,45.5,28.6,,,,,,,,
2026-09-07 15:00:33.195231,0.49578857421875,0.4847412109375,0.52386474609375,0.49481201171875,-0.08203125,-0.453125,0.0625,-0.001953125,0.0,0.0078125,1653.75,62.8,179.6,42.4,27.8,,,,,,,,
2026-09-07 15:00:33.303991,0.4962158203125,0.48529052734375,0.52325439453125,0.49444580078125,-0.08203125,-1.06640625,0.5,0.044921875,-0.001953125,-0.0078125,1653.75,62.8,179.6,42.4,27.8,,,,,,,,
2026-09-07 15:00:33.404341,0.4962158203125,0.48565673828125,0.52276611328125,0.4945068359375,-0.22265625,-0.1171875,-0.11328125,0.01171875,-0.001953125,-0.00390625,1652.25,62.8,179.6,40.4,29.0,,,,,,,,
2026-09-07 15:00:33.504406,0.495849609375,0.48583984375,0.5225830078125,0.4949951171875,-0.3984375,0.46484375,0.078125,-0.009765625,-0.001953125,-0.005859375,1652.25,62.8,179.6,40.4,29.0,,,,,,,,
2026-09-07 15:00:33.604075,0.49578857421875,0.4853515625,0.5228271484375,0.49530029296875,-0.17578125,0.203125,0.0234375,-0.015625,-0.009765625,0.02734375,1660.75,62.8,179.6,41.6,32.9,,,,,,,,
2026-09-07 15:00:33.703857,0.4957275390625,0.48443603515625,0.52337646484375,0.49560546875,-0.10546875,0.51171875,0.12109375,-0.02734375,-0.00390625,0.017578125,1660.75,62.8,179.6,41.6,32.9,,,,,,,,
2026-09-07 15:00:33.811662,0.49560546875,0.48370361328125,0.52374267578125,0.49609375,-0.06640625,-0.140625,0.0703125,-0.029296875,-0.0078125,0.01171875,1660.75,62.8,179.6,44.7,41.6,,,,,,,,
2026-09-07 15:00:33.902741,0.49560546875,0.483642578125,0.52337646484375,0.49652099609375,-0.13671875,-0.5234375,0.13671875,-0.01953125,-0.00390625,-0.0078125,1660.75,62.8,179.6,44.7,41.6,,,,,,,,
2026-09-07 15:00:34.003886,0.4949951171875,0.48370361328125,0.52294921875,0.49749755859375,-0.02734375,-0.25390625,-0.03125,-0.01171875,-0.0078125,-0.021484375,1642.0,62.8,179.6,52.5,44.7,,,,,,,,
2026-09-07 15:00:34.110984,0.494384765625,0.483642578125,0.522705078125,0.4984130859375,-0.05859375,-0.36328125,0.17578125,-0.001953125,-0.009765625,-0.009765625,1642.0,62.8,179.6,52.5,44.7,,,,,,,,
2026-09-07 15:00:34.197769,0.4945068359375,0.48358154296875,0.52227783203125,0.49884033203125,-0.2421875,0.17578125,0.22265625,0.01171875,-0.009765625,-0.001953125,1642.0,62.1,179.6,55.3,42.4,,,,,,,,
2026-09-07 15:00:34.310907,0.49468994140625,0.4833984375,0.52203369140625,0.4990234375,-0.01171875,-0.15625,0.40625,-0.00390625,-0.0078125,0.01171875,1642.0,62.1,179.6,55.3,42.4,,,,,,,,
2026-09-07 15:00:34.411104,0.4949951171875,0.48382568359375,0.5213623046875,0.49908447265625,0.00390625,-0.5,-0.0078125,0.0,-0.0078125,-0.0078125,1632.75,62.1,179.6,54.5,39.6,,,,,,,,
2026-09-07 15:00:34.503223,0.4945068359375,0.48388671875,0.52099609375,0.49981689453125,-0.21875,-0.33984375,0.24609375,-0.01171875,-0.005859375,0.00390625,1632.75,62.1,179.6,54.5,39.6,,,,,,,,
2026-09-07 15:00:34.612117,0.49420166015625,0.48370361328125,0.52093505859375,0.50042724609375,-0.21875,0.01171875,0.23046875,0.005859375,-0.0078125,0.01171875,1635.0,62.1,181.4,52.5,39.2,,,,,,,,
2026-09-07 15:00:35.151225,0.49420166015625,0.48370361328125,0.52093505859375,0.50042724609375,-0.21875,0.01171875,0.23046875,0.005859375,-0.0078125,0.01171875,1630.25,62.1,179.6,55.3,40.0,,,,,,,,
2026-09-07 15:00:35.252127,0.49420166015625,0.48370361328125,0.52093505859375,0.50042724609375,-0.21875,0.01171875,0.23046875,0.005859375,-0.0078125,0.01171875,1630.25,62.1,179.6,55.3,39.6,,,,,,,,
2026-09-07 15:00:35.352332,0.49420166015625,0.48370361328125,0.52093505859375,0.50042724609375,-0.21875,0.01171875,0.23046875,0.005859375,-0.0078125,0.01171875,1630.25,62.1,179.6,55.3,39.6,,,,,,,,
2026-09-07 15:00:35.452610,0.49420166015625,0.48370361328125,0.52093505859375,0.50042724609375,-0.21875,0.01171875,0.23046875,0.005859375,-0.0078125,0.01171875,1626.5,62.1,181.4,54.9,39.6,,,,,,,,
2026-09-07 15:00:35.552989,0.49420166015625,0.48370361328125,0.52093505859375,0.50042724609375,-0.21875,0.01171875,0.23046875,0.005859375,-0.0078125,0.01171875,1626.5,62.1,181.4,54.9,39.6,,,,,,,,
2026-09-07 15:00:35.653287,0.49420166015625,0.48370361328125,0.52093505859375,0.50042724609375,-0.21875,0.01171875,0.23046875,0.005859375,-0.0078125,0.01171875,1625.75,61.5,,55.3,39.6,,,,,,,,
2026-09-07 15:00:35.752988,0.49420166015625,0.48370361328125,0.52093505859375,0.50042724609375,-0.21875,0.01171875,0.23046875,0.005859375,-0.0078125,0.01171875,1625.75,61.5,,55.3,39.6,,,,,,,,
2026-09-07 15:00:35.852848,0.49420166015625,0.48370361328125,0.52093505859375,0.50042724609375,-0.21875,0.01171875,0.23046875,0.005859375,-0.0078125,0.01171875,1625.75,61.5,,55.3,39.6,,,,,,,,
2026-09-07 15:00:35.952903,0.49420166015625,0.48370361328125,0.52093505859375,0.50042724609375,-0.21875,0.01171875,0.23046875,0.005859375,-0.0078125,0.01171875,1625.75,61.5,181.4,54.9,37.6,,,,,,,,
2026-09-07 15:00:36.053122,0.49420166015625,0.48370361328125,0.52093505859375,0.50042724609375,-0.21875,0.01171875,0.23046875,0.005859375,-0.0078125,0.01171875,1625.75,61.5,181.4,54.9,37.6,,,,,,,,
2026-09-07 15:00:36.152276,0.49420166015625,0.48370361328125,0.52093505859375,0.50042724609375,-0.21875,0.01171875,0.23046875,0.005859375,-0.0078125,0.01171875,1621.75,61.5,181.4,53.3,37.6,,,,,,,,
2026-09-07 15:00:36.252898,0.49420166015625,0.48370361328125,0.52093505859375,0.50042724609375,-0.21875,0.01171875,0.23046875,0.005859375,-0.0078125,0.01171875,1621.75,61.5,181.4,53.3,37.6,,,,,,,,
2026-09-07 15:00:36.353676,0.49420166015625,0.48370361328125,0.52093505859375,0.50042724609375,-0.21875,0.01171875,0.23046875,0.005859375,-0.0078125,0.01171875,1615.5,61.5,181.4,52.9,37.6,,,,,,,,
2026-09-07 15:00:36.453659,0.49420166015625,0.48370361328125,0.52093505859375,0.50042724609375,-0.21875,0.01171875,0.23046875,0.005859375,-0.0078125,0.01171875,1615.5,61.5,181.4,52.9,37.6,,,,,,,,
2026-09-07 15:00:36.553998,0.49420166015625,0.48370361328125,0.52093505859375,0.50042724609375,-0.21875,0.01171875,0.23046875,0.005859375,-0.0078125,0.01171875,1603.0,61.5,181.4,47.1,24.7,,,,,,,,
2026-09-07 15:00:36.654435,0.49420166015625,0.48370361328125,0.52093505859375,0.50042724609375,-0.21875,0.01171875,0.23046875,0.005859375,-0.0078125,0.01171875,1603.0,61.5,181.4,47.1,24.7,,,,,,,,
2026-09-07 15:00:36.753363,0.49420166015625,0.48370361328125,0.52093505859375,0.50042724609375,-0.21875,0.01171875,0.23046875,0.005859375,-0.0078125,0.01171875,1587.5,60.9,181.4,30.2,20.4,,,,,,,,
2026-09-07 15:00:36.853305,0.49420166015625,0.48370361328125,0.52093505859375,0.50042724609375,-0.21875,0.01171875,0.23046875,0.005859375,-0.0078125,0.01171875,1587.5,60.9,181.4,30.2,20.4,,,,,,,,
2026-09-07 15:00:36.953694,0.49420166015625,0.48370361328125,0.52093505859375,0.50042724609375,-0.21875,0.01171875,0.23046875,0.005859375,-0.0078125,0.01171875,1574.0,60.9,181.4,18.4,18.4,,,,,,,,
2026-09-07 15:00:38.949851,0.4940185546875,0.5054931640625,0.49468994140625,0.505615234375,-0.11328125,7.4921875,0.29296875,-0.025390625,0.00390625,0.001953125,1519.5,57.2,179.6,14.9,20.4,,,,,,,,
2026-09-07 15:00:39.049124,0.4940185546875,0.50555419921875,0.494873046875,0.50537109375,-0.02734375,4.61328125,0.20703125,0.015625,0.001953125,0.0,1519.5,57.2,179.6,14.9,20.4,,,,,,,,
2026-09-07 15:00:39.157208,0.4940185546875,0.50543212890625,0.49517822265625,0.5052490234375,-0.02734375,2.29296875,-0.0234375,0.00390625,0.00390625,-0.001953125,1562.5,57.2,179.6,21.2,23.1,,,,,,,,
2026-09-07 15:00:39.247418,0.49395751953125,0.5050048828125,0.495849609375,0.505126953125,0.125,1.39453125,0.15234375,0.009765625,0.005859375,-0.001953125,1562.5,57.2,179.6,21.2,23.1,,,,,,,,
2026-09-07 15:00:39.348213,0.49407958984375,0.5050048828125,0.49591064453125,0.50494384765625,0.0625,1.10546875,-0.00390625,0.02734375,0.001953125,-0.001953125,1529.5,57.2,179.6,27.8,24.7,,,,,,,,
2026-09-07 15:00:39.449340,0.49407958984375,0.503662109375,0.49725341796875,0.50494384765625,0.0,0.53125,0.21875,0.02734375,0.0,0.017578125,1529.5,57.2,179.6,27.8,24.7,,,,,,,,
2026-09-07 15:00:39.548627,0.49505615234375,0.5030517578125,0.49774169921875,0.5040283203125,0.24609375,0.2109375,0.09765625,0.03125,-0.00390625,0.009765625,1504.5,56.5,179.6,31.0,24.3,,,,,,,,
2026-09-07 15:00:39.645746,0.49560546875,0.5018310546875,0.4989013671875,0.50360107421875,-0.015625,0.3828125,-0.1171875,0.01171875,0.00390625,-0.001953125,1504.5,56.5,179.6,31.0,24.3,,,,,,,,
2026-09-07 15:00:39.748184,0.4959716796875,0.500732421875,0.50006103515625,0.50323486328125,0.04296875,-0.0703125,-0.1640625,-0.001953125,0.00390625,0.00390625,1485.75,56.5,179.6,29.8,20.4,,,,,,,,
2026-09-07 15:00:39.855203,0.496337890625,0.50006103515625,0.50079345703125,0.5028076171875,0.17578125,-0.1171875,-0.0859375,0.01171875,0.001953125,0.0,1485.75,56.5,179.6,29.8,20.4,,,,,,,,
2026-09-07 15:00:39.947878,0.49713134765625,0.49969482421875,0.50128173828125,0.5018310546875,-0.1875,0.08984375,-0.1015625,-0.001953125,0.00390625,-0.00390625,1465.5,56.5,179.6,22.0,20.8,,,,,,,,
2026-09-07 15:00:40.055194,0.49749755859375,0.49951171875,0.5015869140625,0.50140380859375,-0.078125,-0.015625,0.03125,0.015625,0.01171875,0.001953125,1465.5,56.5,179.6,22.0,20.8,,,,,,,,
2026-09-07 15:00:40.145507,0.498046875,0.49945068359375,0.502197265625,0.500244140625,0.05078125,-0.0546875,-0.14453125,0.013671875,0.01171875,-0.00390625,1469.5,55.9,179.6,24.3,22.4,,,,,,,,
2026-09-07 15:00:40.255973,0.498291015625,0.49957275390625,0.50225830078125,0.49981689453125,0.05859375,0.11328125,-0.14453125,-0.01171875,0.013671875,0.005859375,1469.5,55.9,179.6,24.3,22.4,,,,,,,,
2026-09-07 15:00:40.353821,0.49822998046875,0.5,0.5028076171875,0.49896240234375,0.08203125,0.2265625,-0.234375,-0.01953125,0.013671875,-0.013671875,1458.5,55.9,179.6,25.1,22.0,,,,,,,,
2026-09-07 15:00:40.454539,0.49737548828125,0.49993896484375,0.50347900390625,0.49920654296875,0.04296875,-0.00390625,-0.2734375,-0.0234375,0.009765625,-0.001953125,1458.5,55.9,179.6,25.1,22.0,,,,,,,,
2026-09-07 15:00:40.554635,0.49652099609375,0.49945068359375,0.5045166015625,0.49951171875,-0.1484375,0.34375,-0.13671875,-0.041015625,0.009765625,-0.005859375,1457.0,55.9,179.6,27.5,22.4,,,,,,,,
2026-09-07 15:00:40.655348,0.49530029296875,0.49884033203125,0.5054931640625,0.50030517578125,-0.0390625,0.07421875,0.1015625,-0.044921875,0.00390625,-0.015625,1457.0,55.9,179.6,27.5,22.4,,,,,,,,
2026-09-07 15:00:40.754646,0.49444580078125,0.49847412109375,0.50579833984375,0.50115966796875,-0.1015625,-0.0703125,0.4140625,-0.03125,0.0,-0.001953125,1446.0,55.3,179.6,32.2,25.5,,,,,,,,
2026-09-07 15:00:40.855447,0.49432373046875,0.49847412109375,0.5057373046875,0.50140380859375,0.05859375,-0.453125,0.28125,-0.009765625,0.00390625,-0.01953125,1446.0,55.3,179.6,32.2,25.5,,,,,,,,
2026-09-07 15:00:40.963450,0.49395751953125,0.4989013671875,0.50531005859375,0.501708984375,0.22265625,-0.828125,0.3515625,-0.01171875,0.001953125,-0.01953125,1466.25,55.3,179.6,39.2,27.8,,,,,,,,
2026-09-07 15:00:41.172572,0.4942626953125,0.49932861328125,0.5047607421875,0.5015869140625,-0.0546875,-0.26953125,0.44140625,0.0,-0.005859375,0.005859375,1508.5,55.3,179.6,47.1,41.6,,,,,,,,
2026-09-07 15:00:41.269120,0.49493408203125,0.4989013671875,0.50482177734375,0.50128173828125,0.015625,0.20703125,0.58203125,0.0,-0.005859375,0.001953125,1508.5,55.3,179.6,47.1,41.6,,,,,,,,
2026-09-07 15:00:41.369864,0.4957275390625,0.49859619140625,0.5048828125,0.500732421875,0.3359375,0.3671875,0.06640625,0.0078125,-0.00390625,0.0078125,1473.25,55.3,179.6,52.5,65.1,,,,,,,,
2026-09-07 15:00:41.469745,0.495849609375,0.49847412109375,0.5050048828125,0.50067138671875,0.375,0.18359375,0.2890625,0.001953125,-0.001953125,0.0,1473.25,55.3,179.6,52.5,65.1,,,,,,,,
2026-09-07 15:00:41.567568,0.49560546875,0.498291015625,0.5050048828125,0.5009765625,0.3359375,-0.390625,0.1953125,0.00390625,-0.001953125,-0.013671875,1476.5,55.3,179.6,59.2,77.6,,,,,,,,
2026-09-07 15:00:41.670051,0.49554443359375,0.49786376953125,0.50537109375,0.501220703125,0.13671875,0.03125,-0.01953125,-0.013671875,0.25,-0.0078125,1476.5,55.3,179.6,59.2,77.6,,,,,,,,
2026-09-07 15:00:41.769908,0.4957275390625,0.49713134765625,0.50579833984375,0.50128173828125,0.19921875,0.26953125,0.11328125,0.0,-0.005859375,0.009765625,1485.0,55.3,179.6,65.5,75.7,,,,,,,,
2026-09-07 15:00:41.869221,0.49591064453125,0.49676513671875,0.50592041015625,0.5013427734375,-0.0390625,0.15234375,0.6328125,-0.01171875,0.001953125,-0.013671875,1485.0,55.3,179.6,65.5,75.7,,,,,,,,
2026-09-07 15:00:41.969908,0.49627685546875,0.49652099609375,0.50592041015625,0.50128173828125,0.14453125,0.34375,0.1640625,0.0,-0.001953125,0.009765625,1496.0,55.3,179.6,72.2,75.7,,,,,,,,
2026-09-07 15:00:42.060712,0.49627685546875,0.4962158203125,0.5059814453125,0.50146484375,0.2890625,0.15234375,0.15625,0.013671875,-0.0078125,-0.001953125,1496.0,55.3,179.6,72.2,75.7,,,,,,,,
2026-09-07 15:00:42.169924,0.49609375,0.4957275390625,0.50628662109375,0.5018310546875,0.3203125,-0.0703125,0.171875,0.00390625,-0.001953125,-0.00390625,1489.75,55.3,179.6,81.2,46.3,,,,,,,,
2026-09-07 15:00:42.269736,0.49603271484375,0.4952392578125,0.506591796875,0.50201416015625,0.42578125,-0.375,0.1953125,0.0,-0.00390625,-0.00390625,1489.75,55.3,179.6,81.2,46.3,,,,,,,,
2026-09-07 15:00:42.369158,0.49615478515625,0.49462890625,0.507080078125,0.50201416015625,0.1796875,0.046875,-0.08984375,0.0,-0.001953125,0.0078125,1423.25,55.3,179.6,61.2,23.9,,,,,,,,
2026-09-07 15:00:42.469702,0.49627685546875,0.4893798828125,0.5123291015625,0.501708984375,-0.19140625,0.26171875,-0.0234375,-0.0234375,0.0,0.005859375,1423.25,55.3,179.6,61.2,23.9,,,,,,,,
2026-09-07 15:00:42.561552,0.4962158203125,0.4873046875,0.51446533203125,0.50164794921875,-0.06640625,-0.015625,-0.1171875,-0.001953125,0.00390625,-0.001953125,1441.25,54.7,179.6,45.1,26.7,,,,,,,,
2026-09-07 15:00:42.669753,0.49609375,0.48699951171875,0.51483154296875,0.501708984375,-0.08984375,0.23828125,-0.0078125,0.017578125,0.0,-0.01953125,1441.25,54.7,179.6,45.1,26.7,,,,,,,,
2026-09-07 15:00:42.769573,0.49627685546875,0.4866943359375,0.51513671875,0.50146484375,-0.34765625,0.4296875,0.31640625,0.015625,0.001953125,-0.005859375,1495.25,54.7,179.6,52.9,36.9,,,,,,,,
2026-09-07 15:00:42.868881,0.49658203125,0.48675537109375,0.5150146484375,0.501220703125,-0.02734375,0.17578125,-0.10546875,0.01171875,-0.001953125,0.001953125,1495.25,54.7,179.6,52.9,36.9,,,,,,,,
2026-09-07 15:00:42.969927,0.4969482421875,0.4869384765625,0.51470947265625,0.50103759765625,0.01171875,0.0234375,-0.0546875,0.005859375,-0.00390625,0.009765625,1492.75,54.7,179.6,65.1,52.2,,,,,,,,
2026-09-07 15:00:43.187737,0.49737548828125,0.48699951171875,0.51422119140625,0.5009765625,-0.02734375,-0.1015625,0.109375,0.0078125,-0.005859375,0.00390625,1446.0,54.7,179.6,67.1,68.6,,,,,,,,
2026-09-07 15:00:43.284263,0.497802734375,0.4866943359375,0.5142822265625,0.5008544921875,0.2421875,-0.3671875,0.109375,-0.013671875,-0.0078125,0.0078125,1446.0,54.7,179.6,67.1,68.6,,,,,,,,
2026-09-07 15:00:43.385628,0.49761962890625,0.4862060546875,0.51446533203125,0.50128173828125,0.00390625,0.23828125,-0.08984375,0.0078125,-0.005859375,0.001953125,1487.5,54.7,179.6,69.8,82.0,,,,,,,,
2026-09-07 15:00:43.485218,0.49761962890625,0.4857177734375,0.51470947265625,0.50152587890625,0.03515625,0.50390625,-0.14453125,-0.00390625,-0.009765625,0.009765625,1487.5,54.7,179.6,69.8,82.0,,,,,,,,
2026-09-07 15:00:43.585612,0.49749755859375,0.48492431640625,0.5152587890625,0.5018310546875,0.21875,-0.61328125,0.26953125,-0.00390625,-0.0078125,-0.00390625,1505.25,54.7,179.6,80.4,82.0,,,,,,,,
2026-09-07 15:00:43.684762,0.4974365234375,0.48443603515625,0.5155029296875,0.5020751953125,0.2109375,-0.125,0.421875,-0.00390625,-0.005859375,0.0078125,1505.25,54.7,179.6,80.4,82.0,,,,,,,,
2026-09-07 15:00:43.785668,0.49749755859375,0.4844970703125,0.51531982421875,0.50225830078125,0.25390625,-0.23828125,-0.078125,0.0078125,-0.001953125,-0.021484375,1484.25,54.7,179.6,88.6,82.0,,,,,,,,
2026-09-07 15:00:43.885167,0.49713134765625,0.48486328125,0.514892578125,0.50262451171875,0.1484375,-0.078125,-0.46875,-0.01171875,0.001953125,-0.009765625,1484.25,54.7,179.6,88.6,82.0,,,,,,,,
2026-09-07 15:00:44.107142,0.49566650390625,0.48394775390625,0.51580810546875,0.50396728515625,0.26171875,-0.0390625,0.0078125,-0.013671875,-0.001953125,-0.00390625,1523.25,54.7,179.6,93.3,82.0,,,,,,,,
2026-09-07 15:00:44.185800,0.49493408203125,0.48321533203125,0.5162353515625,0.5050048828125,0.33203125,-0.18359375,-0.03125,-0.01953125,0.001953125,-0.005859375,1519.5,54.7,179.6,98.4,76.1,,,,,,,,
2026-09-07 15:00:44.297220,0.49456787109375,0.483154296875,0.516357421875,0.50531005859375,0.25390625,-0.328125,0.3125,0.00390625,0.00390625,0.0,1519.5,54.7,179.6,98.4,76.1,,,,,,,,
2026-09-07 15:00:44.396652,0.49432373046875,0.48321533203125,0.5162353515625,0.505615234375,0.24609375,-0.4765625,-0.1484375,0.0,0.00390625,-0.009765625,1541.25,54.7,179.6,98.8,72.5,,,,,,,,
2026-09-07 15:00:44.479749,0.494384765625,0.4832763671875,0.51611328125,0.505615234375,0.515625,-0.23828125,-0.1484375,0.009765625,-0.00390625,-0.015625,1541.25,54.7,179.6,98.8,72.5,,,,,,,,
2026-09-07 15:00:44.596126,0.49420166015625,0.48321533203125,0.51617431640625,0.5057373046875,0.26953125,-0.078125,-0.078125,-0.02734375,-0.005859375,0.017578125,1539.0,54.7,179.6,98.0,61.6,,,,,,,,
2026-09-07 15:00:44.685548,0.49432373046875,0.48236083984375,0.516845703125,0.50579833984375,0.453125,-0.078125,0.15234375,0.001953125,0.0,-0.0078125,1539.0,54.7,179.6,98.0,61.6,,,,,,,,
2026-09-07 15:00:44.786091,0.4942626953125,0.4820556640625,0.51708984375,0.50592041015625,0.32421875,0.390625,-0.32421875,0.005859375,0.00390625,-0.021484375,1511.5,54.7,179.6,86.7,31.0,,,,,,,,
2026-09-07 15:00:44.886197,0.49395751953125,0.481689453125,0.51739501953125,0.50628662109375,0.515625,-0.55859375,-0.0234375,0.0,-0.001953125,-0.009765625,1511.5,54.7,179.6,86.7,31.0,,,,,,,,
2026-09-07 15:00:44.986978,0.4937744140625,0.48175048828125,0.51739501953125,0.50640869140625,0.5078125,-1.31640625,0.2421875,0.001953125,0.00390625,-0.0078125,1533.5,55.3,179.6,85.1,34.9,,,,,,,,
2026-09-07 15:00:45.084567,0.49371337890625,0.482177734375,0.51702880859375,0.50640869140625,0.171875,0.15234375,-0.0859375,0.0234375,0.001953125,-0.01171875,1533.5,55.3,179.6,85.1,34.9,,,,,,,,
2026-09-07 15:00:45.186230,0.49420166015625,0.482177734375,0.51690673828125,0.50604248046875,0.26953125,-0.07421875,0.14453125,0.00390625,-0.005859375,0.017578125,1553.0,55.3,179.6,85.1,39.2,,,,,,,,
2026-09-07 15:00:45.286395,0.494873046875,0.482177734375,0.51690673828125,0.50543212890625,0.40625,-0.48828125,0.2734375,-0.005859375,0.0,0.009765625,1553.0,55.3,179.6,85.1,39.2,,,,,,,,
2026-09-07 15:00:45.392883,0.49530029296875,0.482177734375,0.51678466796875,0.50506591796875,0.25390625,-0.015625,0.015625,0.0,0.0,-0.02734375,1522.5,55.3,179.6,90.6,45.1,,,,,,,,
2026-09-07 15:00:45.485620,0.4951171875,0.4822998046875,0.5166015625,0.50531005859375,0.29296875,-0.3125,0.16796875,0.01171875,0.0,-0.017578125,1522.5,55.3,179.6,90.6,45.1,,,,,,,,
2026-09-07 15:00:45.584988,0.4951171875,0.48223876953125,0.51666259765625,0.50537109375,0.17578125,-0.41796875,0.08984375,0.009765625,-0.001953125,-0.015625,1542.0,55.3,179.6,90.2,50.2,,,,,,,,
2026-09-07 15:00:45.693614,0.495361328125,0.4820556640625,0.5167236328125,0.50531005859375,0.4765625,-0.17578125,0.4453125,-0.015625,-0.001953125,0.0,1542.0,55.3,179.6,90.2,50.2,,,,,,,,
2026-09-07 15:00:45.784898,0.4952392578125,0.4820556640625,0.5166015625,0.50543212890625,0.20703125,-0.5859375,0.08984375,0.015625,0.001953125,-0.025390625,1553.75,55.3,179.6,89.8,44.3,,,,,,,,
2026-09-07 15:00:45.885289,0.49517822265625,0.48199462890625,0.51666259765625,0.5054931640625,0.1328125,0.0703125,-0.17578125,0.00390625,-0.001953125,0.00390625,1553.75,55.3,179.6,89.8,44.3,,,,,,,,
2026-09-07 15:00:45.992627,0.4952392578125,0.4815673828125,0.51708984375,0.50537109375,0.23046875,-0.2265625,0.16015625,0.01171875,0.0,-0.01953125,1528.0,55.3,181.4,89.0,40.0,,,,,,,,
2026-09-07 15:00:46.079378,0.49505615234375,0.48046875,0.51800537109375,0.5057373046875,0.03125,0.1640625,-0.0390625,-0.0390625,-0.005859375,0.01171875,1528.0,55.3,181.4,89.0,40.0,,,,,,,,
2026-09-07 15:00:46.182749,0.49493408203125,0.47998046875,0.51837158203125,0.50592041015625,0.3671875,-0.2890625,0.3203125,-0.04296875,-0.001953125,0.009765625,1545.25,55.3,181.4,87.8,51.4,,,,,,,,
2026-09-07 15:00:46.294152,0.49468994140625,0.47930908203125,0.51885986328125,0.50628662109375,0.359375,-0.1640625,0.34375,-0.013671875,-0.0078125,-0.005859375,1545.25,55.3,181.4,87.8,51.4,,,,,,,,
2026-09-07 15:00:46.391830,0.4942626953125,0.47900390625,0.51898193359375,0.50689697265625,-0.015625,0.140625,0.11328125,-0.021484375,-0.005859375,-0.0078125,1558.5,55.9,181.4,87.5,51.4,,,,,,,,
2026-09-07 15:00:46.492278,0.493896484375,0.47857666015625,0.5191650390625,0.5074462890625,0.0625,-0.28125,0.16796875,-0.00390625,-0.001953125,-0.005859375,1558.5,55.9,181.4,87.5,51.4,,,,,,,,
2026-09-07 15:00:46.592313,0.49371337890625,0.47857666015625,0.51898193359375,0.50775146484375,0.0390625,-0.04296875,-0.140625,-0.0078125,-0.001953125,-0.009765625,1551.5,55.9,181.4,87.1,52.5,,,,,,,,
2026-09-07 15:00:46.692119,0.4935302734375,0.47821044921875,0.519287109375,0.508056640625,0.1171875,0.234375,0.00390625,0.00390625,-0.00390625,-0.013671875,1551.5,55.9,181.4,87.1,52.5,,,,,,,,
2026-09-07 15:00:46.793209,0.493408203125,0.477783203125,0.51953125,0.50823974609375,0.26171875,-0.171875,0.21875,0.00390625,-0.001953125,-0.009765625,1558.5,55.9,181.4,83.9,38.8,,,,,,,,
2026-09-07 15:00:46.900491,0.49365234375,0.47760009765625,0.51953125,0.50823974609375,0.14453125,-0.09765625,-0.01171875,-0.00390625,0.001953125,-0.009765625,1558.5,55.9,181.4,83.9,38.8,,,,,,,,
2026-09-07 15:00:46.991046,0.4937744140625,0.47760009765625,0.51934814453125,0.50830078125,-0.16015625,-0.1171875,0.1796875,0.009765625,-0.00390625,0.001953125,1476.5,55.9,179.6,67.1,25.1,,,,,,,,
2026-09-07 15:00:47.091427,0.49420166015625,0.477783203125,0.51898193359375,0.508056640625,-0.07421875,-0.00390625,0.07421875,0.0078125,-0.001953125,-0.0078125,1476.5,55.9,179.6,67.1,25.1,,,,,,,,
2026-09-07 15:00:47.182748,0.4942626953125,0.4776611328125,0.51898193359375,0.50811767578125,-0.15234375,0.04296875,-0.109375,-0.01171875,0.001953125,-0.01953125,1460.0,55.9,179.6,42.7,23.1,,,,,,,,
2026-09-07 15:00:47.301569,0.494140625,0.47747802734375,0.51910400390625,0.50830078125,-0.18359375,0.05078125,-0.2421875,0.001953125,0.0,-0.0234375,1460.0,55.9,179.6,42.7,23.1,,,,,,,,
2026-09-07 15:00:47.392456,0.493408203125,0.47723388671875,0.51910400390625,0.5091552734375,-0.12890625,0.16796875,-0.109375,-0.00390625,-0.001953125,-0.01953125,1499.0,56.5,179.6,41.2,24.7,,,,,,,,
2026-09-07 15:00:47.502080,0.4921875,0.477294921875,0.51885986328125,0.5106201171875,-0.05078125,0.04296875,-0.0703125,-0.033203125,-0.005859375,-0.0078125,1499.0,56.5,179.6,41.2,24.7,,,,,,,,
2026-09-07 15:00:47.600237,0.49169921875,0.47735595703125,0.5186767578125,0.51116943359375,-0.046875,0.1875,-0.03515625,-0.021484375,-0.0078125,-0.005859375,1557.75,56.5,179.6,49.8,34.1,,,,,,,,
2026-09-07 15:00:47.679662,0.4908447265625,0.477294921875,0.5185546875,0.51226806640625,0.1953125,-0.02734375,0.05859375,-0.013671875,-0.005859375,-0.013671875,1557.75,56.5,179.6,49.8,34.1,,,,,,,,
2026-09-07 15:00:47.803281,0.48974609375,0.4769287109375,0.5184326171875,0.51373291015625,0.2578125,-0.4609375,0.00390625,-0.009765625,-0.001953125,-0.0078125,1510.0,56.5,179.6,55.3,42.0,,,,,,,,
2026-09-07 15:00:47.899429,0.48944091796875,0.476806640625,0.51837158203125,0.51422119140625,-0.05078125,0.39453125,-0.296875,-0.03125,-0.0078125,0.00390625,1510.0,56.5,179.6,55.3,42.0,,,,,,,,
2026-09-07 15:00:48.000139,0.4888916015625,0.47625732421875,0.5186767578125,0.51495361328125,0.05859375,0.21875,0.140625,-0.005859375,-0.001953125,-0.005859375,1542.0,56.5,179.6,63.1,46.7,,,,,,,,
2026-09-07 15:00:48.100046,0.4886474609375,0.47607421875,0.51849365234375,0.5155029296875,-0.05078125,0.33203125,-0.08984375,-0.005859375,-0.00390625,-0.005859375,1542.0,56.5,179.6,63.1,46.7,,,,,,,,
2026-09-07 15:00:48.185256,0.48846435546875,0.47589111328125,0.5184326171875,0.51593017578125,-0.15625,0.2890625,-0.62890625,0.00390625,-0.001953125,-0.00390625,1518.75,56.5,179.6,65.9,47.8,,,,,,,,
2026-09-07 15:00:48.286566,0.48870849609375,0.4757080078125,0.51837158203125,0.515869140625,0.06640625,-0.171875,0.1796875,0.015625,-0.005859375,0.0,1518.75,56.5,179.6,65.9,47.8,,,,,,,,
2026-09-07 15:00:48.402834,0.48944091796875,0.47509765625,0.51849365234375,0.51556396484375,0.01953125,0.1640625,0.15625,0.001953125,-0.005859375,0.009765625,1519.5,56.5,179.6,67.8,54.1,,,,,,,,
2026-09-07 15:00:48.500316,0.4901123046875,0.4749755859375,0.5184326171875,0.51513671875,-0.07421875,0.6953125,0.38671875,0.044921875,-0.005859375,-0.0078125,1519.5,56.5,179.6,67.8,54.1,,,,,,,,
2026-09-07 15:00:48.600326,0.49078369140625,0.47528076171875,0.51788330078125,0.5147705078125,0.15625,0.109375,-0.12890625,0.04296875,-0.00390625,-0.013671875,1566.25,56.5,179.6,70.2,59.2,,,,,,,,
2026-09-07 15:00:48.700843,0.490966796875,0.475830078125,0.51727294921875,0.5147705078125,0.1171875,0.171875,-0.08203125,0.017578125,-0.001953125,-0.013671875,1566.25,56.5,179.6,70.2,59.2,,,,,,,,
2026-09-07 15:00:48.797120,0.490966796875,0.4759521484375,0.5172119140625,0.51470947265625,0.1171875,-0.02734375,-0.15234375,0.0078125,0.0,0.009765625,1561.5,56.5,179.6,72.9,56.5,,,,,,,,
2026-09-07 15:00:48.899583,0.49114990234375,0.47601318359375,0.51727294921875,0.514404296875,0.1953125,0.38671875,-0.01953125,0.0078125,0.0,0.00390625,1561.5,56.5,179.6,72.9,56.5,,,,,,,,
2026-09-07 15:00:48.999764,0.49102783203125,0.4759521484375,0.51739501953125,0.51446533203125,0.41796875,-0.1875,-0.35546875,-0.001953125,0.0,-0.001953125,1543.75,57.2,179.6,78.4,56.9,,,,,,,,
2026-09-07 15:00:49.099872,0.4908447265625,0.47601318359375,0.51739501953125,0.5145263671875,0.21875,0.00390625,-0.08984375,0.00390625,0.001953125,-0.00390625,1543.75,57.2,179.6,78.4,56.9,,,,,,,,
2026-09-07 15:00:49.201295,0.491455078125,0.47589111328125,0.51751708984375,0.51397705078125,0.171875,0.30078125,0.00390625,0.013671875,0.001953125,0.0078125,1550.0,57.2,177.8,80.8,55.3,,,,,,,,
2026-09-07 15:00:49.287116,0.49188232421875,0.4757080078125,0.51763916015625,0.51361083984375,0.53125,0.02734375,0.2109375,0.025390625,0.001953125,0.005859375,1550.0,57.2,177.8,80.8,55.3,,,,,,,,
2026-09-07 15:00:49.400769,0.493408203125,0.47625732421875,0.5172119140625,0.5120849609375,0.0625,0.41015625,0.02734375,0.03125,0.00390625,-0.00390625,1538.25,57.8,177.8,82.0,56.5,,,,,,,,
2026-09-07 15:00:49.501059,0.49462890625,0.4769287109375,0.5164794921875,0.510986328125,0.43359375,-0.02734375,0.2265625,0.029296875,-0.001953125,0.0078125,1538.25,57.8,177.8,82.0,56.5,,,,,,,,
2026-09-07 15:00:49.601852,0.49542236328125,0.47711181640625,0.51617431640625,0.51043701171875,0.26171875,-0.45703125,-0.0546875,0.0,-0.005859375,0.015625,1536.5,57.2,177.8,82.4,54.1,,,,,,,,
2026-09-07 15:00:49.702425,0.4959716796875,0.47705078125,0.5159912109375,0.5101318359375,0.0234375,0.03125,-0.109375,-0.00390625,-0.005859375,0.005859375,1536.5,57.2,177.8,82.4,54.1,,,,,,,,
2026-09-07 15:00:49.801577,0.49627685546875,0.4769287109375,0.51580810546875,0.51007080078125,0.32421875,-0.12890625,-0.30078125,0.009765625,-0.005859375,-0.009765625,1548.25,57.8,177.8,83.5,52.9,,,,,,,,
2026-09-07 15:00:49.901865,0.4964599609375,0.47662353515625,0.51580810546875,0.51019287109375,0.28515625,-0.05078125,-0.109375,-0.013671875,-0.001953125,0.00390625,1548.25,57.8,177.8,83.5,52.9,,,,,,,,
2026-09-07 15:00:50.002750,0.49676513671875,0.47637939453125,0.5157470703125,0.51019287109375,0.23828125,-0.05859375,-0.1484375,0.0078125,-0.005859375,-0.015625,1525.0,57.8,177.8,74.9,29.0,,,,,,,,
2026-09-07 15:00:50.102652,0.4967041015625,0.475830078125,0.5159912109375,0.510498046875,-0.10546875,0.40234375,0.07421875,0.0,-0.001953125,-0.009765625,1525.0,57.8,177.8,74.9,29.0,,,,,,,,
2026-09-07 15:00:50.198898,0.4967041015625,0.4752197265625,0.51641845703125,0.51068115234375,-0.3828125,0.39453125,-0.0859375,-0.017578125,-0.001953125,0.005859375,1496.75,57.8,177.8,52.2,25.9,,,,,,,,
2026-09-07 15:00:50.294698,0.49658203125,0.474609375,0.5167236328125,0.51104736328125,-0.19140625,0.31640625,0.12890625,-0.021484375,-0.005859375,0.00390625,1496.75,57.8,177.8,52.2,25.9,,,,,,,,
2026-09-07 15:00:50.400399,0.4962158203125,0.47406005859375,0.51708984375,0.51153564453125,-0.265625,0.421875,-0.00390625,-0.0234375,-0.005859375,0.005859375,1521.75,57.8,177.8,49.4,27.1,,,,,,,,
2026-09-07 15:00:50.499657,0.49591064453125,0.47381591796875,0.51715087890625,0.51202392578125,-0.10546875,-0.0078125,0.02734375,-0.015625,0.0,-0.009765625,1521.75,57.8,177.8,49.4,27.1,,,,,,,,
2026-09-07 15:00:50.599394,0.4957275390625,0.4736328125,0.51708984375,0.51239013671875,-0.17578125,-0.12109375,0.2890625,-0.015625,0.0,-0.013671875,1528.75,57.8,177.8,49.0,28.2,,,,,,,,
2026-09-07 15:00:50.701686,0.49591064453125,0.47332763671875,0.5172119140625,0.5123291015625,-0.28125,0.0625,0.2890625,-0.0078125,-0.005859375,0.00390625,1528.75,57.8,177.8,49.0,28.2,,,,,,,,
2026-09-07 15:00:50.795661,0.49615478515625,0.47314453125,0.517333984375,0.51220703125,0.140625,-0.47265625,0.01953125,0.01171875,0.0,-0.005859375,1535.0,57.8,177.8,49.0,29.8,,,,,,,,
2026-09-07 15:00:50.899344,0.49603271484375,0.47320556640625,0.51715087890625,0.51239013671875,0.03125,-0.3671875,0.28125,0.0078125,0.0,-0.015625,1535.0,57.8,177.8,49.0,29.8,,,,,,,,
2026-09-07 15:00:50.999205,0.4959716796875,0.47320556640625,0.51702880859375,0.5125732421875,-0.10546875,0.16796875,-0.33203125,0.00390625,-0.009765625,0.0,1520.25,57.8,176.0,46.3,30.2,,,,,,,,
2026-09-07 15:00:51.099547,0.49639892578125,0.4735107421875,0.5166015625,0.51239013671875,-0.37109375,-0.0234375,-0.171875,0.01953125,-0.005859375,-0.001953125,1520.25,57.8,176.0,46.3,30.2,,,,,,,,
2026-09-07 15:00:51.200061,0.4967041015625,0.47412109375,0.5157470703125,0.51239013671875,-0.05078125,-0.0234375,-0.1953125,0.021484375,-0.00390625,-0.01171875,1539.0,57.8,176.0,47.1,32.9,,,,,,,,
2026-09-07 15:00:51.300050,0.4967041015625,0.474365234375,0.51531982421875,0.51251220703125,-0.2265625,0.4765625,-0.03515625,0.0078125,-0.005859375,0.001953125,1539.0,57.8,176.0,47.1,32.9,,,,,,,,
2026-09-07 15:00:51.399365,0.496826171875,0.47393798828125,0.5155029296875,0.51263427734375,-0.11328125,0.09375,-0.453125,-0.013671875,-0.005859375,0.013671875,1531.25,57.8,176.0,47.5,34.1,,,,,,,,
2026-09-07 15:00:51.499140,0.4967041015625,0.4742431640625,0.5152587890625,0.51275634765625,-0.1796875,0.16796875,-0.1875,0.00390625,0.0,0.005859375,1531.25,57.8,176.0,47.5,34.1,,,,,,,,
2026-09-07 15:00:51.600592,0.49639892578125,0.47412109375,0.5157470703125,0.5126953125,0.125,-0.25,-0.68359375,-0.013671875,0.0078125,0.005859375,1527.25,57.8,176.0,47.1,33.7,,,,,,,,
2026-09-07 15:00:51.701098,0.49603271484375,0.47381591796875,0.51629638671875,0.51275634765625,-0.10546875,0.62109375,0.1875,-0.0078125,0.001953125,0.013671875,1527.25,57.8,176.0,47.1,33.7,,,,,,,,
2026-09-07 15:00:51.799619,0.49603271484375,0.4737548828125,0.5164794921875,0.5125732421875,-0.10546875,-0.14453125,-0.1953125,0.0,0.005859375,0.00390625,1529.5,57.8,176.0,46.3,33.7,,,,,,,,
2026-09-07 15:00:51.899475,0.49578857421875,0.4742431640625,0.51629638671875,0.5125732421875,-0.21875,-0.19140625,0.04296875,0.0,0.005859375,-0.005859375,1529.5,57.8,176.0,46.3,33.7,,,,,,,,
2026-09-07 15:00:51.999853,0.49530029296875,0.47467041015625,0.5162353515625,0.5126953125,-0.125,-0.11328125,-0.37890625,-0.009765625,0.0078125,-0.001953125,1530.25,57.8,176.0,43.5,27.8,,,,,,,,
2026-09-07 15:00:52.100439,0.4949951171875,0.47491455078125,0.5162353515625,0.51275634765625,-0.01171875,0.109375,-0.02734375,-0.013671875,0.00390625,0.00390625,1530.25,57.8,176.0,43.5,27.8,,,,,,,,
2026-09-07 15:00:52.200477,0.49444580078125,0.47503662109375,0.5162353515625,0.51324462890625,-0.1875,-0.2734375,-0.02734375,-0.01171875,0.00390625,-0.015625,1519.5,57.8,176.0,38.4,26.7,,,,,,,,
2026-09-07 15:00:52.298859,0.494384765625,0.47540283203125,0.5157470703125,0.51336669921875,-0.05859375,-0.16015625,0.16796875,0.001953125,0.0,-0.017578125,1519.5,57.8,176.0,38.4,26.7,,,,,,,,
2026-09-07 15:00:52.400232,0.49444580078125,0.4759521484375,0.51519775390625,0.513427734375,-0.2421875,-0.12109375,-0.125,0.00390625,-0.00390625,-0.001953125,1532.0,57.8,176.0,37.6,27.1,,,,,,,,
2026-09-07 15:00:52.499770,0.4945068359375,0.4764404296875,0.51483154296875,0.51318359375,-0.1953125,0.30078125,-0.15625,0.009765625,0.00390625,0.00390625,1532.0,57.8,176.0,37.6,27.1,,,,,,,,
2026-09-07 15:00:52.729689,0.49542236328125,0.4771728515625,0.51416015625,0.5123291015625,-0.0703125,-0.3125,0.0078125,0.01171875,0.0,-0.009765625,1542.0,57.8,176.0,37.6,27.5,,,,,,,,
2026-09-07 15:00:52.817871,0.4959716796875,0.47869873046875,0.51263427734375,0.51190185546875,-0.1796875,0.0703125,-0.16015625,0.009765625,-0.001953125,-0.00390625,1535.75,57.8,176.0,38.0,27.8,,,,,,,,
2026-09-07 15:00:52.918310,0.4959716796875,0.4791259765625,0.51226806640625,0.5118408203125,-0.046875,-0.78125,0.27734375,0.0078125,-0.005859375,0.0078125,1535.75,57.8,176.0,38.0,27.8,,,,,,,,
2026-09-07 15:00:53.018746,0.49609375,0.4798583984375,0.5115966796875,0.51171875,-0.0703125,0.26953125,-0.29296875,0.013671875,-0.001953125,-0.005859375,1542.75,57.8,176.0,39.2,29.0,,,,,,,,
2026-09-07 15:00:53.119172,0.4962158203125,0.4803466796875,0.51104736328125,0.51171875,-0.0390625,0.15234375,-0.19921875,0.025390625,-0.0078125,0.005859375,1542.75,57.8,176.0,39.2,29.0,,,,,,,,
2026-09-07 15:00:53.226951,0.4970703125,0.48065185546875,0.51055908203125,0.51104736328125,-0.0390625,-0.265625,0.12890625,0.03125,-0.001953125,-0.00390625,1539.75,58.4,176.0,40.0,29.4,,,,,,,,
2026-09-07 15:00:53.310300,0.49847412109375,0.48193359375,0.509033203125,0.510009765625,0.07421875,0.0078125,0.0859375,0.0390625,-0.00390625,-0.01171875,1539.75,58.4,176.0,40.0,29.4,,,,,,,,
2026-09-07 15:00:53.411756,0.4989013671875,0.48236083984375,0.50079345703125,0.5096435546875,0.00390625,-0.3359375,-0.15234375,0.037109375,-0.005859375,-0.001953125,1538.25,58.4,176.0,40.0,29.0,,,,,,,,
2026-09-07 15:00:53.511913,0.4996337890625,0.4832763671875,0.50762939453125,0.50909423828125,-0.1796875,-0.17578125,0.09375,0.021484375,0.0,-0.017578125,1538.25,58.4,176.0,40.0,29.0,,,,,,,,
2026-09-07 15:00:53.612441,0.50006103515625,0.48406982421875,0.50665283203125,0.5087890625,-0.0234375,0.0546875,-0.7421875,0.009765625,-0.001953125,-0.001953125,1537.5,58.4,176.0,40.0,29.0,,,,,,,,
2026-09-07 15:00:53.715479,0.5001220703125,0.48455810546875,0.506103515625,0.50885009765625,-0.1640625,0.1015625,0.28515625,-0.01953125,-0.00390625,-0.017578125,1537.5,58.4,176.0,40.0,29.0,,,,,,,,
2026-09-07 15:00:53.828207,0.49932861328125,0.48443603515625,0.506103515625,0.509765625,-0.1640625,0.26171875,-0.390625,-0.009765625,0.001953125,0.001953125,1538.25,58.4,177.8,39.6,28.6,,,,,,,,
2026-09-07 15:00:53.915824,0.49853515625,0.484130859375,0.506591796875,0.5103759765625,0.2578125,-0.12109375,-0.12109375,-0.001953125,0.01171875,-0.009765625,1538.25,58.4,177.8,39.6,28.6,,,,,,,,
2026-09-07 15:00:54.017331,0.49822998046875,0.48443603515625,0.506591796875,0.5103759765625,0.45703125,-0.234375,-0.65625,0.0,0.015625,-0.01953125,1540.5,58.4,177.8,39.2,28.6,,,,,,,,
2026-09-07 15:00:54.117767,0.49749755859375,0.4852294921875,0.50653076171875,0.5103759765625,0.16796875,-0.07421875,-0.53515625,-0.001953125,0.017578125,-0.017578125,1540.5,58.4,177.8,39.2,28.6,,,,,,,,
2026-09-07 15:00:54.345080,0.49591064453125,0.4866943359375,0.50787353515625,0.5091552734375,0.12109375,0.0,-0.34375,0.0078125,0.01171875,-0.00390625,1541.25,58.4,177.8,39.2,28.6,,,,,,,,
2026-09-07 15:00:54.443783,0.4954833984375,0.48724365234375,0.50787353515625,0.509033203125,0.08203125,0.046875,-0.203125,-0.00390625,0.009765625,-0.009765625,1541.25,58.4,177.8,39.2,28.6,,,,,,,,
2026-09-07 15:00:54.539803,0.4957275390625,0.4884033203125,0.507080078125,0.508544921875,0.05078125,-0.18359375,0.046875,0.015625,0.005859375,-0.01171875,1541.25,58.4,177.8,39.2,28.6,,,,,,,,
2026-09-07 15:00:54.641260,0.49639892578125,0.48919677734375,0.50665283203125,0.50750732421875,-0.0234375,0.39453125,-0.234375,0.013671875,0.0078125,-0.001953125,1540.5,58.4,177.8,39.2,28.6,,,,,,,,
2026-09-07 15:00:54.741894,0.49786376953125,0.48944091796875,0.50665283203125,0.50579833984375,-0.1640625,0.62109375,-0.04296875,0.03125,0.00390625,0.037109375,1540.5,58.4,177.8,39.2,28.6,,,,,,,,
2026-09-07 15:00:54.841853,0.49945068359375,0.48944091796875,0.506591796875,0.50433349609375,-0.078125,0.4296875,-0.05078125,0.02734375,0.001953125,0.0234375,1549.0,58.4,177.8,39.6,29.4,,,,,,,,
2026-09-07 15:00:54.939466,0.5,0.489990234375,0.50604248046875,0.50384521484375,0.06640625,0.421875,-0.03515625,0.025390625,0.0,-0.005859375,1549.0,58.4,177.8,39.6,29.4,,,,,,,,
2026-09-07 15:00:55.040330,0.50042724609375,0.490478515625,0.5054931640625,0.50341796875,-0.23046875,0.109375,-0.1640625,0.0078125,0.00390625,-0.015625,1551.5,58.4,177.8,39.6,29.0,,,,,,,,
2026-09-07 15:00:55.141211,0.50103759765625,0.49066162109375,0.50531005859375,0.50286865234375,-0.2109375,0.17578125,0.3046875,0.0,-0.001953125,0.025390625,1551.5,58.4,177.8,39.6,29.0,,,,,,,,
2026-09-07 15:00:55.225514,0.5013427734375,0.49066162109375,0.50531005859375,0.5025634765625,-0.140625,0.20703125,0.16015625,0.005859375,0.0,0.01953125,1546.75,58.4,177.8,39.2,29.0,,,,,,,,
2026-09-07 15:00:55.343088,0.5025634765625,0.49102783203125,0.50469970703125,0.5015869140625,0.12890625,0.31640625,0.2421875,0.00390625,-0.00390625,0.013671875,1549.0,58.4,177.8,39.2,26.7,,,,,,,,
2026-09-07 15:00:55.441562,0.50311279296875,0.4913330078125,0.50433349609375,0.50115966796875,-0.03515625,0.15234375,0.265625,0.01953125,-0.005859375,0.0,1549.0,58.4,177.8,39.2,26.7,,,,,,,,
2026-09-07 15:00:55.541226,0.5037841796875,0.49176025390625,0.503662109375,0.50067138671875,0.04296875,-0.2734375,0.46484375,0.037109375,-0.0078125,-0.00390625,1549.0,58.4,177.8,39.2,26.7,,,,,,,,
2026-09-07 15:00:55.641257,0.50439453125,0.49237060546875,0.50286865234375,0.50030517578125,0.12109375,-0.58203125,0.18359375,0.04296875,-0.005859375,-0.01953125,1552.25,59.0,177.8,37.6,27.8,,,,,,,,
2026-09-07 15:00:55.739086,0.504638671875,0.492431640625,0.50262451171875,0.50018310546875,-0.1875,0.56640625,0.06640625,0.013671875,-0.001953125,-0.013671875,1552.25,59.0,177.8,37.6,27.8,,,,,,,,
2026-09-07 15:00:55.841282,0.5050048828125,0.49176025390625,0.50299072265625,0.50018310546875,-0.078125,0.63671875,-0.1328125,-0.0078125,-0.00390625,0.009765625,1550.0,59.0,177.8,37.3,27.5,,,,,,,,
2026-09-07 15:00:55.941312,0.5048828125,0.491455078125,0.5030517578125,0.50054931640625,-0.078125,0.5234375,-0.22265625,-0.001953125,-0.005859375,-0.001953125,1550.0,59.0,177.8,37.3,27.5,,,,,,,,
2026-09-07 15:00:56.040655,0.5047607421875,0.491455078125,0.50299072265625,0.500732421875,-0.15625,0.28515625,0.15234375,0.0,0.0,-0.009765625,1553.0,59.0,177.8,37.3,27.5,,,,,,,,
2026-09-07 15:00:56.141468,0.50469970703125,0.49127197265625,0.5030517578125,0.5008544921875,-0.1484375,0.32421875,0.41796875,0.001953125,-0.001953125,0.0078125,1553.0,59.0,177.8,37.3,27.5,,,,,,,,
2026-09-07 15:00:56.688470,0.50469970703125,0.49127197265625,0.5030517578125,0.5008544921875,-0.0703125,0.0859375,0.2578125,-0.0078125,-0.001953125,-0.001953125,1537.5,59.0,177.8,32.9,25.1,,,,,,,,
2026-09-07 15:00:56.788729,0.50469970703125,0.49127197265625,0.5030517578125,0.5008544921875,-0.0703125,0.0859375,0.2578125,-0.0078125,-0.001953125,-0.001953125,1538.25,59.0,177.8,32.9,25.1,,,,,,,,
2026-09-07 15:00:56.888730,0.50469970703125,0.49127197265625,0.5030517578125,0.5008544921875,-0.0703125,0.0859375,0.2578125,-0.0078125,-0.001953125,-0.001953125,1538.25,59.0,177.8,32.9,25.1,,,,,,,,
2026-09-07 15:00:56.988672,0.50469970703125,0.49127197265625,0.5030517578125,0.5008544921875,-0.0703125,0.0859375,0.2578125,-0.0078125,-0.001953125,-0.001953125,1538.25,59.0,177.8,32.9,24.3,,,,,,,,
2026-09-07 15:00:57.089051,0.50469970703125,0.49127197265625,0.5030517578125,0.5008544921875,-0.0703125,0.0859375,0.2578125,-0.0078125,-0.001953125,-0.001953125,1538.25,59.0,177.8,32.9,24.3,,,,,,,,
2026-09-07 15:00:57.189078,0.50469970703125,0.49127197265625,0.5030517578125,0.5008544921875,-0.0703125,0.0859375,0.2578125,-0.0078125,-0.001953125,-0.001953125,1533.5,59.0,177.8,30.6,23.9,,,,,,,,
2026-09-07 15:00:57.289319,0.50469970703125,0.49127197265625,0.5030517578125,0.5008544921875,-0.0703125,0.0859375,0.2578125,-0.0078125,-0.001953125,-0.001953125,1533.5,59.0,177.8,30.6,23.9,1.0,12.0,36.99764716666667,-122.1761005,15.0,0.64,49.697,284.12
2026-09-07 15:00:57.391019,0.50469970703125,0.49127197265625,0.5030517578125,0.5008544921875,-0.0703125,0.0859375,0.2578125,-0.0078125,-0.001953125,-0.001953125,1535.0,59.0,177.8,30.6,24.3,1.0,12.0,36.99764716666667,-122.1761005,15.0,0.64,49.697,284.12
2026-09-07 15:00:57.490733,0.50469970703125,0.49127197265625,0.5030517578125,0.5008544921875,-0.0703125,0.0859375,0.2578125,-0.0078125,-0.001953125,-0.001953125,1535.0,59.0,177.8,30.6,24.3,1.0,12.0,36.99764716666667,-122.1761005,15.0,0.64,49.697,284.12
2026-09-07 15:00:57.590730,0.50469970703125,0.49127197265625,0.5030517578125,0.5008544921875,-0.0703125,0.0859375,0.2578125,-0.0078125,-0.001953125,-0.001953125,1538.25,59.0,177.8,31.0,24.3,1.0,12.0,36.99764716666667,-122.1761005,15.0,0.64,49.697,284.12
2026-09-07 15:00:57.690829,0.50469970703125,0.49127197265625,0.5030517578125,0.5008544921875,-0.0703125,0.0859375,0.2578125,-0.0078125,-0.001953125,-0.001953125,1538.25,59.0,177.8,31.0,24.3,1.0,12.0,36.99764716666667,-122.1761005,15.0,0.64,49.697,284.12
2026-09-07 15:00:57.791195,0.50469970703125,0.49127197265625,0.5030517578125,0.5008544921875,-0.0703125,0.0859375,0.2578125,-0.0078125,-0.001953125,-0.001953125,1536.5,59.0,179.6,31.0,24.3,1.0,12.0,36.99764716666667,-122.1761005,15.0,0.64,49.697,284.12
2026-09-07 15:00:57.890013,0.50469970703125,0.49127197265625,0.5030517578125,0.5008544921875,-0.0703125,0.0859375,0.2578125,-0.0078125,-0.001953125,-0.001953125,1536.5,59.0,179.6,31.0,24.3,1.0,12.0,36.99764716666667,-122.1761005,15.0,0.64,49.697,284.12
2026-09-07 15:00:57.990177,0.50469970703125,0.49127197265625,0.5030517578125,0.5008544921875,-0.0703125,0.0859375,0.2578125,-0.0078125,-0.001953125,-0.001953125,1539.0,59.0,179.6,31.0,24.3,1.0,12.0,36.99764716666667,-122.1761005,15.0,0.64,49.697,284.12
2026-09-07 15:00:58.090264,0.50469970703125,0.49127197265625,0.5030517578125,0.5008544921875,-0.0703125,0.0859375,0.2578125,-0.0078125,-0.001953125,-0.001953125,1539.0,59.0,179.6,31.0,24.3,1.0,12.0,36.99764716666667,-122.1761005,15.0,0.64,49.697,284.12
2026-09-07 15:00:58.190572,0.50469970703125,0.49127197265625,0.5030517578125,0.5008544921875,-0.0703125,0.0859375,0.2578125,-0.0078125,-0.001953125,-0.001953125,1539.0,59.0,179.6,22.7,18.8,1.0,12.0,36.99764716666667,-122.1761005,15.0,0.64,49.697,284.12
2026-09-07 15:00:58.291572,0.50469970703125,0.49127197265625,0.5030517578125,0.5008544921875,-0.0703125,0.0859375,0.2578125,-0.0078125,-0.001953125,-0.001953125,1539.0,59.0,179.6,22.7,18.8,1.0,12.0,36.9977895,-122.1763455,14.4,0.64,49.697,284.12
2026-09-07 15:00:58.391499,0.50469970703125,0.49127197265625,0.5030517578125,0.5008544921875,-0.0703125,0.0859375,0.2578125,-0.0078125,-0.001953125,-0.001953125,1537.5,59.0,179.6,18.0,20.8,1.0,12.0,36.9977895,-122.1763455,14.4,0.64,49.697,284.12
2026-09-07 15:00:58.491720,0.50469970703125,0.49127197265625,0.5030517578125,0.5008544921875,-0.0703125,0.0859375,0.2578125,-0.0078125,-0.001953125,-0.001953125,1537.5,59.0,179.6,18.0,20.8,1.0,12.0,36.9977895,-122.1763455,14.4,0.64,49.697,284.12
2026-09-07 15:00:58.592028,0.50469970703125,0.49127197265625,0.5030517578125,0.5008544921875,-0.0703125,0.0859375,0.2578125,-0.0078125,-0.001953125,-0.001953125,1535.75,59.0,179.6,20.0,20.4,1.0,12.0,36.9977895,-122.1763455,14.4,0.64,49.697,284.12
2026-09-07 15:01:00.597036,0.4476318359375,0.51361083984375,0.53839111328125,0.4959716796875,0.08984375,-0.3359375,-0.21484375,0.001953125,-0.01953125,-0.015625,1539.0,59.0,179.6,16.5,16.9,,,,,,,,
2026-09-07 15:01:00.684515,0.45086669921875,0.51275634765625,0.537841796875,0.49444580078125,0.0078125,-1.0859375,-0.05078125,0.01953125,-0.017578125,-0.0078125,1539.0,59.0,179.6,16.5,16.9,,,,,,,,
2026-09-07 15:01:00.789484,0.45098876953125,0.51275634765625,0.5374755859375,0.4947509765625,-0.17578125,-0.65625,-0.47265625,-0.01171875,-0.01171875,-0.00390625,1531.25,59.0,179.6,11.4,16.9,,,,,,,,
2026-09-07 15:01:00.896173,0.45172119140625,0.51226806640625,0.53729248046875,0.49481201171875,-0.25,-0.83203125,-0.09765625,-0.0078125,-0.01953125,-0.0078125,1531.25,59.0,179.6,11.4,16.9,,,,,,,,
2026-09-07 15:01:00.987759,0.45306396484375,0.5118408203125,0.53643798828125,0.494873046875,-0.08203125,-1.078125,0.1328125,0.015625,-0.015625,-0.0234375,1525.75,59.0,179.6,8.6,16.9,,,,,,,,
2026-09-07 15:01:01.088346,0.45330810546875,0.51177978515625,0.53607177734375,0.49517822265625,-0.52734375,-0.5546875,0.02734375,0.013671875,-0.0234375,-0.02734375,1525.75,59.0,179.6,8.6,16.9,,,,,,,,
2026-09-07 15:01:01.184158,0.45404052734375,0.51129150390625,0.5355224609375,0.49566650390625,-0.35546875,-0.203125,0.01953125,-0.01171875,-0.029296875,-0.013671875,1522.5,59.0,179.6,7.8,16.9,,,,,,,,
2026-09-07 15:01:01.288458,0.45489501953125,0.510498046875,0.5350341796875,0.4962158203125,-0.42578125,-0.5390625,0.1328125,-0.00390625,-0.0234375,0.00390625,1522.5,59.0,179.6,7.8,16.9,,,,,,,,
2026-09-07 15:01:01.395653,0.45587158203125,0.50982666015625,0.53448486328125,0.49658203125,-0.1953125,-0.39453125,0.06640625,-0.017578125,-0.0234375,0.001953125,1521.0,58.4,179.6,7.5,16.9,,,,,,,,
2026-09-07 15:01:01.494210,0.45654296875,0.5087890625,0.5338134765625,0.49774169921875,-0.02734375,-1.05859375,0.2421875,-0.013671875,-0.029296875,-0.013671875,1521.0,58.4,179.6,7.5,16.9,,,,,,,,
2026-09-07 15:01:01.587837,0.456787109375,0.508056640625,0.53302001953125,0.49908447265625,-0.1640625,-0.7578125,0.265625,-0.009765625,-0.03515625,-0.013671875,1517.75,58.4,179.6,7.5,16.9,,,,,,,,
2026-09-07 15:01:01.683863,0.45721435546875,0.5076904296875,0.5325927734375,0.4996337890625,-0.21875,-0.61328125,0.1796875,-0.013671875,-0.0390625,0.0078125,1517.75,58.4,179.6,7.5,16.9,,,,,,,,
2026-09-07 15:01:01.796136,0.4580078125,0.5064697265625,0.531982421875,0.50067138671875,-0.1796875,-0.3984375,0.2421875,-0.0078125,-0.03125,-0.001953125,1515.5,58.4,179.6,7.5,16.9,,,,,,,,
2026-09-07 15:01:01.893579,0.4591064453125,0.50506591796875,0.53118896484375,0.50201416015625,-0.25,-0.06640625,0.1171875,0.015625,-0.025390625,-0.005859375,1515.5,58.4,179.6,7.5,16.9,,,,,,,,
2026-09-07 15:01:01.994552,0.46002197265625,0.50439453125,0.53057861328125,0.50250244140625,-0.43359375,0.1484375,-0.08984375,0.01953125,-0.0234375,0.005859375,1512.5,58.4,179.6,7.5,16.9,,,,,,,,
2026-09-07 15:01:02.095184,0.4613037109375,0.504150390625,0.52972412109375,0.50244140625,-0.1328125,-0.02734375,0.1875,0.0078125,-0.017578125,-0.00390625,1512.5,58.4,179.6,7.5,16.9,,,,,,,,
2026-09-07 15:01:02.195383,0.46185302734375,0.5042724609375,0.52862548828125,0.5029296875,-0.1171875,-0.2421875,-0.3046875,-0.001953125,-0.015625,-0.015625,1508.5,58.4,179.6,7.5,16.9,,,,,,,,
2026-09-07 15:01:02.296429,0.46234130859375,0.50445556640625,0.52752685546875,0.5035400390625,-0.31640625,-0.07421875,-0.296875,0.021484375,-0.025390625,0.001953125,1508.5,58.4,179.6,7.5,16.9,,,,,,,,
2026-09-07 15:01:02.395647,0.46319580078125,0.5042724609375,0.52655029296875,0.50390625,-0.01171875,-0.96875,-0.05078125,0.0078125,-0.0234375,-0.01171875,1504.5,57.8,179.6,7.5,16.9,,,,,,,,
2026-09-07 15:01:02.503838,0.46343994140625,0.5045166015625,0.52532958984375,0.50469970703125,0.01171875,-0.53515625,-0.01171875,0.005859375,-0.021484375,-0.01953125,1504.5,57.8,179.6,7.5,16.9,,,,,,,,
2026-09-07 15:01:02.595189,0.4635009765625,0.50457763671875,0.52423095703125,0.5057373046875,-0.078125,-0.3046875,0.08203125,0.009765625,-0.01953125,-0.013671875,1499.0,57.8,179.6,7.5,17.3,,,,,,,,
2026-09-07 15:01:02.704261,0.46368408203125,0.50445556640625,0.5233154296875,0.50665283203125,-0.140625,-0.33203125,-0.2265625,-0.0078125,-0.0234375,0.009765625,1499.0,57.8,179.6,7.5,17.3,,,,,,,,
2026-09-07 15:01:02.795196,0.4638671875,0.50341796875,0.52325439453125,0.50750732421875,-0.21484375,0.609375,-0.3203125,-0.01171875,-0.025390625,0.015625,1496.75,57.8,179.6,8.6,17.3,,,,,,,,
2026-09-07 15:01:02.904486,0.4642333984375,0.501953125,0.52362060546875,0.50830078125,-0.15625,0.5390625,-0.13671875,0.0078125,-0.029296875,0.013671875,1496.75,57.8,179.6,8.6,17.3,,,,,,,,
2026-09-07 15:01:02.994991,0.4649658203125,0.5010986328125,0.52325439453125,0.5087890625,0.19140625,-0.37109375,-0.2578125,-0.005859375,-0.01953125,-0.015625,1494.5,57.8,179.6,9.0,17.6,,,,,,,,
2026-09-07 15:01:03.083136,0.46466064453125,0.50079345703125,0.5225830078125,0.51007080078125,0.19140625,-0.32421875,0.1171875,-0.0078125,-0.017578125,-0.01953125,1494.5,57.8,179.6,9.0,17.6,,,,,,,,
2026-09-07 15:01:03.183718,0.464599609375,0.5008544921875,0.52203369140625,0.51068115234375,-0.0546875,-0.42578125,-0.49609375,-0.01171875,-0.01953125,0.00390625,1489.75,57.8,179.6,9.4,17.6,1.0,12.0,36.9977895,-122.1763455,14.4,0.64,51.401,311.12
2026-09-07 15:01:03.292667,0.46453857421875,0.50048828125,0.52130126953125,0.51177978515625,-0.16015625,-0.109375,-0.234375,0.001953125,-0.0234375,-0.001953125,1489.75,57.8,179.6,9.4,17.6,2.0,12.0,36.9985385,-122.17752533333334,10.8,0.62,51.401,311.12
2026-09-07 15:01:03.404490,0.46478271484375,0.4993896484375,0.52032470703125,0.51361083984375,0.0,0.01171875,-0.08203125,0.001953125,-0.01953125,-0.013671875,1487.5,57.8,179.6,9.4,17.6,2.0,12.0,36.9985385,-122.17752533333334,10.8,0.62,51.401,311.12
2026-09-07 15:01:03.502710,0.465087890625,0.49951171875,0.519775390625,0.51385498046875,0.0546875,-0.546875,-0.11328125,0.013671875,-0.01953125,-0.00390625,1487.5,57.8,179.6,9.4,17.6,2.0,12.0,36.9985385,-122.17752533333334,10.8,0.62,51.401,311.12
2026-09-07 15:01:03.602595,0.46533203125,0.49957275390625,0.518798828125,0.5145263671875,-0.0625,-0.0390625,-0.03515625,-0.005859375,-0.013671875,-0.001953125,1484.25,57.8,179.6,9.4,17.6,2.0,12.0,36.9985385,-122.17752533333334,10.8,0.62,51.401,311.12
2026-09-07 15:01:03.703785,0.4654541015625,0.4991455078125,0.5184326171875,0.51519775390625,-0.09375,0.2734375,-0.265625,-0.01953125,-0.017578125,0.00390625,1484.25,57.8,179.6,9.4,17.6,2.0,12.0,36.9985385,-122.17752533333334,10.8,0.62,51.401,311.12
2026-09-07 15:01:03.801098,0.465576171875,0.4984130859375,0.5181884765625,0.51605224609375,0.08984375,0.19921875,-0.2734375,-0.015625,-0.021484375,0.0,1480.25,57.2,179.6,9.4,17.3,2.0,12.0,36.9985385,-122.17752533333334,10.8,0.62,51.401,311.12
2026-09-07 15:01:03.902450,0.46533203125,0.49725341796875,0.51806640625,0.5174560546875,0.0546875,0.51171875,-0.05859375,-0.0078125,-0.013671875,-0.015625,1480.25,57.2,179.6,9.4,17.3,2.0,12.0,36.9985385,-122.17752533333334,10.8,0.62,51.401,311.12
2026-09-07 15:01:04.002234,0.4652099609375,0.4970703125,0.51763916015625,0.5181884765625,-0.0546875,-0.37109375,-0.13671875,-0.013671875,-0.0078125,-0.00390625,1486.5,57.2,179.6,7.5,16.9,2.0,12.0,36.9985385,-122.17752533333334,10.8,0.62,51.401,311.12
2026-09-07 15:01:04.102440,0.46484375,0.49755859375,0.51678466796875,0.51885986328125,0.23046875,-0.24609375,-0.703125,-0.00390625,-0.0078125,-0.013671875,1486.5,57.2,179.6,7.5,16.9,2.0,12.0,36.9985385,-122.17752533333334,10.8,0.62,51.401,311.12
2026-09-07 15:01:04.202634,0.46490478515625,0.4981689453125,0.51593017578125,0.5191650390625,-0.14453125,0.02734375,-0.38671875,-0.001953125,-0.0078125,-0.00390625,1492.0,57.2,179.6,7.8,16.9,2.0,12.0,36.9985385,-122.17752533333334,10.8,0.62,51.401,311.12
2026-09-07 15:01:04.302543,0.46453857421875,0.49810791015625,0.51568603515625,0.519775390625,0.12890625,-0.34765625,-0.37109375,-0.00390625,-0.00390625,-0.017578125,1492.0,57.2,179.6,7.8,16.9,,,,,,,,
2026-09-07 15:01:04.403907,0.4638671875,0.49761962890625,0.5159912109375,0.52056884765625,0.0546875,-0.140625,-0.47265625,-0.021484375,-0.005859375,-0.0078125,1487.5,57.2,179.6,8.2,18.8,,,,,,,,
2026-09-07 15:01:04.504101,0.46405029296875,0.49737548828125,0.5157470703125,0.52081298828125,0.20703125,-0.31640625,-0.16796875,0.017578125,-0.013671875,-0.005859375,1487.5,57.2,179.6,8.2,18.8,,,,,,,,
2026-09-07 15:01:04.603131,0.4652099609375,0.498291015625,0.5142822265625,0.5203857421875,0.390625,-0.66015625,0.33203125,0.04296875,-0.009765625,-0.013671875,1510.75,57.2,179.6,14.1,19.2,,,,,,,,
2026-09-07 15:01:04.703754,0.466796875,0.50030517578125,0.51190185546875,0.51934814453125,0.20703125,-1.41796875,0.46484375,0.078125,-0.0078125,0.0078125,1510.75,57.2,179.6,14.1,19.2,,,,,,,,
2026-09-07 15:01:04.803357,0.4693603515625,0.501708984375,0.5101318359375,0.5174560546875,-0.29296875,0.62890625,-0.33984375,0.046875,-0.0078125,0.0390625,1517.75,57.2,179.6,14.5,20.4,,,,,,,,
2026-09-07 15:01:04.903014,0.47174072265625,0.50048828125,0.51092529296875,0.51568603515625,-0.0390625,1.890625,-0.72265625,0.001953125,-0.013671875,0.0546875,1517.75,57.2,179.6,14.5,20.4,,,,,,,,
2026-09-07 15:01:05.004354,0.47259521484375,0.4984130859375,0.51220703125,0.51568603515625,0.51953125,1.04296875,-0.23828125,-0.04296875,-0.021484375,0.017578125,1546.0,57.2,179.6,19.2,20.8,,,,,,,,
2026-09-07 15:01:05.104294,0.4720458984375,0.49755859375,0.51220703125,0.5169677734375,0.38671875,-0.046875,0.2734375,-0.03125,-0.01171875,-0.041015625,1546.0,57.2,179.6,19.2,20.8,,,,,,,,
2026-09-07 15:01:05.189693,0.4713134765625,0.49737548828125,0.5120849609375,0.5179443359375,0.21875,-0.27734375,-0.0546875,-0.03515625,-0.005859375,-0.037109375,1508.5,57.2,179.6,19.6,20.4,,,,,,,,
2026-09-07 15:01:05.297303,0.47021484375,0.497314453125,0.51177978515625,0.519287109375,-0.0390625,-0.58984375,0.12109375,0.00390625,-0.005859375,-0.013671875,1508.5,57.2,179.6,19.6,20.4,,,,,,,,
2026-09-07 15:01:05.398577,0.4705810546875,0.49755859375,0.5111083984375,0.5194091796875,0.08203125,-0.515625,0.01953125,0.001953125,-0.009765625,0.001953125,1485.75,57.2,179.6,16.9,18.8,,,,,,,,
2026-09-07 15:01:05.505015,0.4722900390625,0.498046875,0.5096435546875,0.51873779296875,0.3359375,-0.69921875,0.04296875,0.021484375,-0.01953125,-0.00390625,1485.75,57.2,179.6,16.9,18.8,,,,,,,,
2026-09-07 15:01:05.606340,0.473388671875,0.49859619140625,0.50823974609375,0.51861572265625,0.15234375,-0.26953125,-0.27734375,0.021484375,-0.017578125,-0.001953125,1485.0,57.2,179.6,15.3,18.8,,,,,,,,
2026-09-07 15:01:05.706639,0.47406005859375,0.49822998046875,0.50775146484375,0.5189208984375,-0.31640625,0.390625,-0.109375,-0.017578125,-0.01953125,0.005859375,1485.0,57.2,179.6,15.3,18.8,,,,,,,,
2026-09-07 15:01:05.801270,0.47454833984375,0.4969482421875,0.5078125,0.5196533203125,-0.171875,0.62890625,0.10546875,-0.013671875,-0.0234375,-0.001953125,1485.0,57.2,179.6,14.1,18.8,,,,,,,,
2026-09-07 15:01:05.895125,0.47491455078125,0.49615478515625,0.5078125,0.52008056640625,-0.22265625,0.703125,0.3515625,-0.005859375,-0.037109375,0.009765625,1485.0,57.2,179.6,14.1,18.8,,,,,,,,
2026-09-07 15:01:05.995902,0.47589111328125,0.49456787109375,0.5076904296875,0.520751953125,-0.1171875,0.3203125,0.328125,-0.015625,-0.029296875,-0.001953125,1480.25,57.2,179.6,12.2,17.6,,,,,,,,
2026-09-07 15:01:06.097055,0.47662353515625,0.49359130859375,0.507080078125,0.52154541015625,0.10546875,-0.0625,0.3515625,0.001953125,-0.279296875,-0.015625,1480.25,57.2,179.6,12.2,17.6,,,,,,,,
2026-09-07 15:01:06.202411,0.47698974609375,0.49365234375,0.5050048828125,0.523193359375,-0.1328125,-0.67578125,0.45703125,-0.00390625,-0.0234375,-0.03125,1478.0,57.2,179.6,10.2,16.5,,,,,,,,
2026-09-07 15:01:06.302482,0.47747802734375,0.49334716796875,0.50396728515625,0.52410888671875,-0.23046875,-0.7421875,0.49609375,0.013671875,-0.0234375,-0.03125,1478.0,57.2,179.6,10.2,16.5,,,,,,,,
2026-09-07 15:01:06.402078,0.478271484375,0.49285888671875,0.50311279296875,0.524658203125,-0.109375,-0.23046875,0.37109375,0.009765625,-0.0234375,-0.015625,1475.0,57.2,179.6,9.0,16.9,,,,,,,,
2026-09-07 15:01:06.501945,0.47906494140625,0.49212646484375,0.5025634765625,0.525146484375,-0.0234375,0.0078125,-0.01953125,-0.01171875,-0.02734375,0.01171875,1475.0,57.2,179.6,9.0,16.9,,,,,,,,
2026-09-07 15:01:06.598524,0.47943115234375,0.49163818359375,0.501953125,0.5257568359375,0.16796875,-0.25390625,0.01171875,-0.0078125,-0.021484375,0.0,1478.75,57.2,179.6,9.0,16.9,,,,,,,,
2026-09-07 15:01:06.703095,0.4796142578125,0.4915771484375,0.50103759765625,0.52655029296875,0.05859375,-0.78125,0.234375,0.0078125,-0.017578125,-0.02734375,1478.75,57.2,179.6,9.0,16.9,,,,,,,,
2026-09-07 15:01:06.801620,0.48016357421875,0.491455078125,0.50006103515625,0.527099609375,0.07421875,-0.15234375,0.05078125,0.015625,-0.021484375,-0.0078125,1481.25,57.2,179.6,9.0,16.9,,,,,,,,
2026-09-07 15:01:06.902071,0.481201171875,0.49066162109375,0.49969482421875,0.5272216796875,-0.125,-0.10546875,0.1640625,0.005859375,-0.025390625,0.0078125,1481.25,57.2,179.6,9.0,16.9,,,,,,,,
2026-09-07 15:01:07.002468,0.48223876953125,0.49017333984375,0.4989013671875,0.52752685546875,0.328125,-0.21484375,0.36328125,0.015625,-0.0234375,0.0,1481.25,56.5,179.6,9.0,16.9,,,,,,,,
2026-09-07 15:01:07.094574,0.48297119140625,0.48992919921875,0.4979248046875,0.528076171875,0.06640625,0.16796875,-0.01953125,0.01171875,-0.025390625,-0.00390625,1481.25,56.5,179.6,9.0,16.9,,,,,,,,
2026-09-07 15:01:07.202656,0.48394775390625,0.48895263671875,0.4974365234375,0.5284423828125,-0.0546875,0.75390625,-0.1640625,-0.009765625,-0.025390625,0.017578125,1478.75,56.5,179.6,9.0,16.9,,,,,,,,
2026-09-07 15:01:07.302713,0.4847412109375,0.48748779296875,0.49755859375,0.5289306640625,0.0078125,0.29296875,0.203125,0.001953125,-0.029296875,0.009765625,1478.75,56.5,179.6,9.0,16.9,,,,,,,,
2026-09-07 15:01:07.402409,0.48516845703125,0.486083984375,0.49774169921875,0.52978515625,0.02734375,0.8984375,0.07421875,-0.01171875,-0.025390625,0.013671875,1479.5,56.5,179.6,9.4,17.3,,,,,,,,
2026-09-07 15:01:07.502179,0.4854736328125,0.48486328125,0.49774169921875,0.53057861328125,0.2109375,0.16015625,-0.09765625,-0.013671875,-0.0234375,0.005859375,1479.5,56.5,179.6,9.4,17.3,,,,,,,,
2026-09-07 15:01:07.602097,0.4859619140625,0.48455810546875,0.4969482421875,0.5311279296875,0.09765625,-0.265625,-0.02734375,0.01171875,-0.021484375,-0.0078125,1478.75,56.5,179.6,9.8,17.3,,,,,,,,
2026-09-07 15:01:07.702845,0.486572265625,0.48394775390625,0.4964599609375,0.53155517578125,-0.046875,0.078125,-0.05859375,0.013671875,-0.021484375,-0.0078125,1478.75,56.5,179.6,9.8,17.3,,,,,,,,
2026-09-07 15:01:07.802832,0.4873046875,0.4830322265625,0.496337890625,0.5318603515625,-0.0625,0.453125,-0.1328125,0.0078125,-0.021484375,0.009765625,1477.25,56.5,179.6,9.8,15.7,,,,,,,,
2026-09-07 15:01:07.901829,0.48785400390625,0.482177734375,0.49591064453125,0.53253173828125,-0.0703125,0.4453125,0.01171875,0.001953125,-0.025390625,0.009765625,1477.25,56.5,179.6,9.8,15.7,,,,,,,,
2026-09-07 15:01:08.002250,0.48809814453125,0.48126220703125,0.4954833984375,0.53350830078125,-0.29296875,0.13671875,0.15625,-0.015625,-0.025390625,0.00390625,1472.5,56.5,179.6,7.5,16.9,,,,,,,,
2026-09-07 15:01:08.094547,0.488037109375,0.47918701171875,0.49609375,0.53485107421875,-0.078125,0.24609375,-0.05859375,-0.033203125,-0.0234375,0.015625,1472.5,56.5,179.6,7.5,16.9,,,,,,,,
2026-09-07 15:01:08.201538,0.48828125,0.47760009765625,0.49639892578125,0.5357666015625,0.01953125,-0.0390625,0.33984375,-0.01953125,-0.03125,0.013671875,1482.75,56.5,179.6,7.8,16.9,,,,,,,,
2026-09-07 15:01:08.303725,0.48834228515625,0.4769287109375,0.49591064453125,0.53680419921875,0.25,-0.58203125,0.1640625,-0.01953125,-0.01953125,-0.01171875,1482.75,56.5,179.6,7.8,16.9,,,,,,,,
2026-09-07 15:01:08.403641,0.48809814453125,0.47637939453125,0.4954833984375,0.53790283203125,-0.23046875,-0.09375,0.0390625,-0.0078125,-0.01953125,-0.021484375,1466.25,56.5,179.6,7.8,16.9,,,,,,,,
2026-09-07 15:01:08.503479,0.4874267578125,0.47503662109375,0.4957275390625,0.53948974609375,-0.1796875,0.4453125,-0.3671875,-0.0234375,-0.01953125,-0.013671875,1466.25,56.5,179.6,7.8,16.9,,,,,,,,
2026-09-07 15:01:08.611451,0.48681640625,0.47308349609375,0.4964599609375,0.54107666015625,-0.1875,0.25390625,-0.10546875,-0.05078125,-0.021484375,0.0078125,1467.75,56.5,179.6,7.8,16.9,,,,,,,,
2026-09-07 15:01:08.696210,0.4869384765625,0.4718017578125,0.4964599609375,0.5421142578125,0.2734375,0.24609375,0.1015625,-0.01171875,-0.01953125,0.00390625,1467.75,56.5,179.6,7.8,16.9,,,,,,,,
2026-09-07 15:01:08.800540,0.48699951171875,0.47149658203125,0.49615478515625,0.54254150390625,0.05078125,-0.4921875,0.4453125,0.001953125,-0.0234375,-0.00390625,1467.0,56.5,179.6,7.8,16.9,,,,,,,,
2026-09-07 15:01:08.900389,0.49517822265625,0.471435546875,0.4951171875,0.543212890625,0.14453125,-0.52734375,-0.23828125,0.01953125,-0.01953125,-0.01953125,1467.0,56.5,179.6,7.8,16.9,,,,,,,,
2026-09-07 15:01:09.000324,0.48773193359375,0.47137451171875,0.494140625,0.5438232421875,0.3046875,-0.59765625,-0.19921875,-0.00390625,-0.021484375,-0.013671875,1441.25,56.5,179.6,8.2,16.9,,,,,,,,
2026-09-07 15:01:09.100779,0.48797607421875,0.47125244140625,0.49322509765625,0.5445556640625,-0.0234375,-0.21484375,-0.19140625,-0.001953125,-0.01953125,-0.005859375,1441.25,56.5,179.6,8.2,16.9,,,,,,,,
2026-09-07 15:01:09.199364,0.4884033203125,0.47088623046875,0.492431640625,0.54522705078125,-0.25390625,-0.09375,-0.0390625,0.01171875,-0.0234375,0.001953125,1451.5,55.9,179.6,8.2,16.5,,,,,,,,
2026-09-07 15:01:09.300801,0.489013671875,0.47027587890625,0.491943359375,0.54559326171875,-0.17578125,0.3671875,-0.11328125,0.0,-0.0234375,0.01953125,1451.5,55.9,179.6,8.2,16.5,,,,,,,,
2026-09-07 15:01:09.400363,0.49005126953125,0.46954345703125,0.49163818359375,0.54559326171875,-0.15625,0.59765625,-0.06640625,0.013671875,-0.0234375,0.021484375,1453.0,55.9,179.6,7.8,16.9,,,,,,,,
2026-09-07 15:01:09.500649,0.4913330078125,0.4691162109375,0.49102783203125,0.5452880859375,-0.046875,0.09765625,-0.2734375,0.013671875,-0.021484375,0.015625,1453.0,55.9,179.6,7.8,16.9,,,,,,,,
2026-09-07 15:01:09.600891,0.49224853515625,0.46929931640625,0.49005126953125,0.54522705078125,0.08203125,-0.1015625,-0.296875,0.025390625,-0.013671875,-0.009765625,1449.0,55.9,179.6,7.8,16.9,,,,,,,,
2026-09-07 15:01:09.820421,0.4930419921875,0.46978759765625,0.48809814453125,0.5458984375,-0.1328125,0.28515625,-0.3046875,-0.001953125,-0.01171875,0.009765625,1446.0,55.9,179.6,7.8,16.9,,,,,,,,
2026-09-07 15:01:09.919275,0.49346923828125,0.46905517578125,0.4881591796875,0.54608154296875,0.08984375,-0.17578125,-0.2578125,-0.00390625,-0.01171875,0.001953125,1446.0,55.9,179.6,7.8,16.9,,,,,,,,
2026-09-07 15:01:10.026302,0.49365234375,0.4686279296875,0.48797607421875,0.54638671875,0.0234375,-0.1015625,-0.3671875,-0.013671875,-0.005859375,-0.021484375,1442.75,55.9,179.6,7.8,16.9,,,,,,,,
2026-09-07 15:01:10.118628,0.49322509765625,0.46917724609375,0.48681640625,0.54736328125,0.15234375,-0.703125,-0.2421875,0.0,-0.0078125,-0.025390625,1442.75,55.9,179.6,7.8,16.9,,,,,,,,
2026-09-07 15:01:10.211332,0.49298095703125,0.469482421875,0.48638916015625,0.54766845703125,-0.12890625,-0.390625,-0.1953125,-0.01171875,-0.005859375,-0.013671875,1439.0,55.9,179.6,7.8,16.9,,,,,,,,
2026-09-07 15:01:10.311416,0.49285888671875,0.469970703125,0.485595703125,0.548095703125,-0.1015625,0.18359375,-0.2109375,0.017578125,-0.013671875,0.005859375,1439.0,55.9,179.6,7.8,16.9,2.0,12.0,36.99969416666666,-122.178967,6.1,0.62,51.401,311.12
2026-09-07 15:01:10.427952,0.4940185546875,0.469970703125,0.48492431640625,0.54766845703125,0.046875,0.10546875,-0.33203125,-0.001953125,-0.005859375,-0.013671875,1436.5,55.9,179.6,8.6,17.3,2.0,12.0,36.99969416666666,-122.178967,6.1,0.62,51.401,311.12
2026-09-07 15:01:10.526786,0.4945068359375,0.469970703125,0.48431396484375,0.5477294921875,0.25390625,-0.3359375,-0.49609375,-0.02734375,-0.005859375,-0.021484375,1436.5,55.9,179.6,8.6,17.3,2.0,12.0,36.99969416666666,-122.178967,6.1,0.62,51.401,311.12
2026-09-07 15:01:10.615727,0.49420166015625,0.47021484375,0.47589111328125,0.54840087890625,-0.046875,0.0078125,-0.1875,0.009765625,-0.009765625,-0.00390625,1434.25,55.3,179.6,9.4,17.3,2.0,12.0,36.99969416666666,-122.178967,6.1,0.62,51.401,311.12
2026-09-07 15:01:10.728999,0.4945068359375,0.47015380859375,0.4835205078125,0.54827880859375,0.0546875,0.046875,-0.08203125,-0.00390625,-0.00390625,0.005859375,1434.25,55.3,179.6,9.4,17.3,2.0,12.0,36.99969416666666,-122.178967,6.1,0.62,51.401,311.12
2026-09-07 15:01:10.816086,0.49566650390625,0.47015380859375,0.48309326171875,0.547607421875,0.4375,-0.11328125,-0.2265625,-0.005859375,-0.001953125,0.0,1432.75,55.3,179.6,8.2,16.5,2.0,12.0,36.99969416666666,-122.178967,6.1,0.62,51.401,311.12
2026-09-07 15:01:10.916980,0.4954833984375,0.4703369140625,0.48291015625,0.54779052734375,-0.015625,0.12890625,-0.29296875,0.00390625,0.0,-0.009765625,1432.75,55.3,179.6,8.2,16.5,2.0,12.0,36.99969416666666,-122.178967,6.1,0.62,51.401,311.12
2026-09-07 15:01:11.016669,0.49530029296875,0.47064208984375,0.48272705078125,0.5478515625,0.015625,0.0546875,-0.70703125,-0.015625,0.009765625,0.0,1432.0,55.3,179.6,7.8,16.9,2.0,12.0,36.99969416666666,-122.178967,6.1,0.62,51.401,311.12
2026-09-07 15:01:11.116844,0.49493408203125,0.47027587890625,0.4835205078125,0.54779052734375,0.23828125,0.54296875,-0.5625,-0.044921875,0.0078125,0.017578125,1432.0,55.3,179.6,7.8,16.9,2.0,12.0,36.99969416666666,-122.178967,6.1,0.62,51.401,311.12
2026-09-07 15:01:11.217029,0.4945068359375,0.46978759765625,0.484619140625,0.54766845703125,0.0234375,0.65234375,-0.484375,-0.0390625,0.01171875,0.0078125,1444.5,55.3,179.6,11.0,18.0,2.0,12.0,36.99969416666666,-122.178967,6.1,0.62,51.401,311.12
2026-09-07 15:01:11.312893,0.49383544921875,0.4691162109375,0.4857177734375,0.54779052734375,0.234375,-0.0546875,-0.39453125,-0.03125,0.005859375,0.00390625,1444.5,55.3,179.6,11.0,18.0,,,,,,,,
2026-09-07 15:01:11.417309,0.4931640625,0.46868896484375,0.48651123046875,0.54815673828125,0.16796875,0.09765625,-0.35546875,-0.01953125,0.00390625,-0.00390625,1434.25,55.3,179.6,12.5,18.8,,,,,,,,
2026-09-07 15:01:11.516703,0.4927978515625,0.46905517578125,0.486328125,0.54833984375,0.05078125,-0.25390625,-0.2734375,-0.0234375,0.00390625,-0.013671875,1434.25,55.3,179.6,12.5,18.8,,,,,,,,
2026-09-07 15:01:11.616625,0.4923095703125,0.4696044921875,0.48602294921875,0.54852294921875,-0.09375,-0.13671875,-0.234375,-0.021484375,0.009765625,-0.00390625,1439.0,55.3,179.6,14.5,20.0,,,,,,,,
2026-09-07 15:01:11.725511,0.4923095703125,0.46966552734375,0.4862060546875,0.54827880859375,0.28125,-0.0703125,-0.265625,-0.013671875,-0.001953125,-0.00390625,1439.0,55.3,179.6,14.5,20.0,,,,,,,,
2026-09-07 15:01:11.814276,0.4925537109375,0.4696044921875,0.4864501953125,0.54791259765625,0.05078125,0.23828125,-0.07421875,-0.015625,0.001953125,-0.005859375,1463.25,55.3,179.6,18.8,20.4,,,,,,,,
2026-09-07 15:01:11.923479,0.4925537109375,0.46954345703125,0.4864501953125,0.5479736328125,-0.1171875,0.12109375,0.15625,-0.015625,-0.0078125,0.013671875,1463.25,55.3,179.6,18.8,20.4,,,,,,,,
2026-09-07 15:01:12.015326,0.49365234375,0.4693603515625,0.48626708984375,0.54730224609375,0.21875,-0.109375,0.01171875,-0.009765625,-0.005859375,-0.00390625,1461.5,55.3,179.6,18.8,20.0,,,,,,,,
2026-09-07 15:01:12.123428,0.49578857421875,0.4698486328125,0.4857177734375,0.54541015625,0.1484375,-0.1328125,0.19921875,0.009765625,-0.009765625,0.00390625,1461.5,55.3,179.6,18.8,20.0,,,,,,,,
2026-09-07 15:01:12.224124,0.49835205078125,0.46966552734375,0.48541259765625,0.5435791015625,-0.07421875,0.16015625,0.09765625,0.017578125,-0.01171875,0.017578125,1436.5,55.3,181.4,18.0,18.4,,,,,,,,
2026-09-07 15:01:12.314544,0.4996337890625,0.46881103515625,0.48565673828125,0.54290771484375,-0.00390625,0.33203125,0.38671875,0.009765625,-0.013671875,0.03125,1436.5,55.3,181.4,18.0,18.4,,,,,,,,
2026-09-07 15:01:12.424886,0.5001220703125,0.46832275390625,0.48583984375,0.54266357421875,0.06640625,0.20703125,0.04296875,-0.017578125,-0.01171875,0.021484375,1435.75,54.7,181.4,16.5,19.2,,,,,,,,
2026-09-07 15:01:12.522104,0.5009765625,0.46649169921875,0.486572265625,0.54278564453125,-0.140625,0.109375,0.21875,0.0,-0.01953125,0.02734375,1435.75,54.7,181.4,16.5,19.2,,,,,,,,
2026-09-07 15:01:12.622866,0.5015869140625,0.46533203125,0.48687744140625,0.54296875,-0.01171875,0.20703125,0.39453125,0.0078125,-0.015625,0.017578125,1442.75,54.7,181.4,18.0,20.4,,,,,,,,
2026-09-07 15:01:12.724132,0.5020751953125,0.46435546875,0.48699951171875,0.54327392578125,0.2109375,-0.3828125,0.04296875,0.02734375,-0.017578125,0.00390625,1442.75,54.7,181.4,18.0,20.4,,,,,,,,
2026-09-07 15:01:12.813592,0.50274658203125,0.46417236328125,0.48638916015625,0.5433349609375,0.1171875,-0.24609375,0.2265625,0.001953125,-0.01953125,0.00390625,1435.0,54.7,181.4,19.2,20.4,,,,,,,,
2026-09-07 15:01:12.932614,0.5029296875,0.46417236328125,0.48602294921875,0.54345703125,-0.37109375,-0.62890625,0.078125,0.04296875,-0.017578125,0.021484375,1435.0,54.7,181.4,19.2,20.4,,,,,,,,
2026-09-07 15:01:13.014000,0.50506591796875,0.464111328125,0.48504638671875,0.54248046875,-0.328125,0.0625,0.15625,0.03125,-0.021484375,0.025390625,1425.0,54.7,181.4,22.7,22.0,,,,,,,,
2026-09-07 15:01:13.132469,0.505859375,0.46392822265625,0.48486328125,0.54205322265625,-0.05859375,-0.12890625,-0.33984375,-0.01171875,-0.0078125,0.005859375,1425.0,54.7,181.4,22.7,22.0,,,,,,,,
2026-09-07 15:01:13.222993,0.50628662109375,0.46246337890625,0.4854736328125,0.542236328125,-0.04296875,-0.015625,-0.1640625,-0.001953125,-0.013671875,0.013671875,1423.25,54.7,181.4,28.2,22.7,,,,,,,,
2026-09-07 15:01:13.332093,0.50653076171875,0.46136474609375,0.48602294921875,0.5426025390625,-0.09765625,-0.16796875,0.25,-0.001953125,-0.013671875,0.029296875,1423.25,54.7,181.4,28.2,22.7,,,,,,,,
2026-09-07 15:01:13.422878,0.50701904296875,0.4603271484375,0.4864501953125,0.5426025390625,0.109375,-0.359375,-0.02734375,0.001953125,-0.005859375,-0.009765625,1427.25,54.7,181.4,28.6,22.7,,,,,,,,
2026-09-07 15:01:13.532135,0.50714111328125,0.4603271484375,0.486083984375,0.54278564453125,0.26171875,-0.78125,-0.06640625,0.0390625,-0.001953125,-0.03125,1427.25,54.7,181.4,28.6,22.7,,,,,,,,
2026-09-07 15:01:13.630537,0.50726318359375,0.461181640625,0.48504638671875,0.5428466796875,0.1640625,-0.8828125,-0.03515625,0.015625,-0.001953125,-0.005859375,1420.25,54.7,181.4,31.0,23.9,,,,,,,,
2026-09-07 15:01:13.861657,0.50836181640625,0.46112060546875,0.48492431640625,0.5419921875,0.3984375,0.1171875,-0.75390625,-0.0078125,-0.001953125,0.017578125,1423.25,54.7,181.4,39.6,27.8,,,,,,,,
2026-09-07 15:01:13.959928,0.5079345703125,0.46014404296875,0.48577880859375,0.54248046875,0.24609375,0.0859375,-0.6171875,-0.033203125,0.0,0.001953125,1460.75,54.7,181.4,44.3,30.6,,,,,,,,
2026-09-07 15:01:14.060942,0.50714111328125,0.459716796875,0.48614501953125,0.54327392578125,0.28515625,-0.24609375,0.06640625,-0.01953125,-0.005859375,0.013671875,1460.75,54.7,181.4,44.3,30.6,,,,,,,,
2026-09-07 15:01:14.161157,0.50689697265625,0.45989990234375,0.4859619140625,0.54351806640625,0.0546875,-0.765625,-0.01953125,0.009765625,0.001953125,0.013671875,1460.0,54.7,181.4,46.3,29.8,,,,,,,,
2026-09-07 15:01:14.268560,0.5074462890625,0.46044921875,0.48541259765625,0.54302978515625,0.23828125,-0.3984375,-0.2578125,0.015625,0.0,0.015625,1460.0,54.7,181.4,46.3,29.8,,,,,,,,
2026-09-07 15:01:14.360261,0.50885009765625,0.461181640625,0.48468017578125,0.541748046875,0.109375,0.1875,-0.109375,0.02734375,-0.001953125,0.01171875,1450.0,54.7,181.4,46.3,31.0,,,,,,,,
2026-09-07 15:01:14.468790,0.5093994140625,0.46124267578125,0.48455810546875,0.541259765625,0.3125,0.1640625,-0.515625,0.015625,-0.01171875,0.03515625,1450.0,54.7,181.4,46.3,31.0,,,,,,,,
2026-09-07 15:01:14.568224,0.51104736328125,0.460693359375,0.48455810546875,0.5401611328125,0.4140625,0.21875,-0.37890625,0.00390625,-0.0078125,0.015625,1453.75,54.7,181.4,47.5,35.3,,,,,,,,
2026-09-07 15:01:14.658859,0.51153564453125,0.4600830078125,0.48492431640625,0.53985595703125,0.046875,0.1484375,0.04296875,-0.013671875,-0.001953125,0.017578125,1453.75,54.7,181.4,47.5,35.3,,,,,,,,
2026-09-07 15:01:14.752691,0.51171875,0.459716796875,0.4852294921875,0.53973388671875,0.21484375,-0.03515625,-0.26171875,-0.0078125,-0.001953125,0.03125,1453.75,54.7,181.4,47.5,35.3,,,,,,,,
2026-09-07 15:01:14.869068,0.5120849609375,0.45928955078125,0.48565673828125,0.5394287109375,0.2734375,-0.02734375,-0.68359375,0.0078125,0.005859375,0.013671875,1487.5,54.7,181.4,52.2,41.6,,,,,,,,
2026-09-07 15:01:14.956523,0.512451171875,0.45880126953125,0.48651123046875,0.5386962890625,0.19140625,0.203125,-0.37109375,-0.01953125,0.00390625,0.0234375,1487.5,54.7,181.4,52.2,41.6,,,,,,,,
2026-09-07 15:01:15.068551,0.51251220703125,0.45855712890625,0.4869384765625,0.5384521484375,0.234375,-0.3359375,-0.33984375,-0.01953125,0.0078125,0.001953125,1457.75,54.7,181.4,54.9,39.6,,,,,,,,
2026-09-07 15:01:15.157699,0.51214599609375,0.4581298828125,0.48773193359375,0.5384521484375,0.46484375,-0.2109375,-0.1875,-0.015625,0.009765625,-0.02734375,1465.5,54.7,181.4,54.9,38.4,,,,,,,,
2026-09-07 15:01:15.253300,0.51190185546875,0.4578857421875,0.488037109375,0.53857421875,-0.09375,0.41015625,-0.01953125,-0.025390625,0.00390625,0.005859375,1465.5,54.7,181.4,54.9,38.4,,,,,,,,
2026-09-07 15:01:15.357953,0.51202392578125,0.45703125,0.48895263671875,0.53839111328125,0.08984375,-0.05078125,-0.28515625,0.0078125,-0.009765625,0.01953125,1464.75,54.7,181.4,57.6,50.6,,,,,,,,
2026-09-07 15:01:15.457637,0.51275634765625,0.456298828125,0.48944091796875,0.537841796875,0.140625,0.5703125,0.2265625,0.001953125,-0.001953125,0.01953125,1464.75,54.7,181.4,57.6,50.6,,,,,,,,
2026-09-07 15:01:15.558526,0.51361083984375,0.4560546875,0.48968505859375,0.53704833984375,-0.07421875,0.37109375,0.19140625,-0.001953125,-0.00390625,0.02734375,1468.75,54.7,181.4,60.8,56.5,,,,,,,,
2026-09-07 15:01:15.658586,0.51434326171875,0.4554443359375,0.4901123046875,0.5364990234375,0.2578125,-0.3203125,0.08203125,0.009765625,-0.001953125,-0.009765625,1468.75,54.7,181.4,60.8,56.5,,,,,,,,
2026-09-07 15:01:15.754115,0.51483154296875,0.45550537109375,0.48992919921875,0.5361328125,-0.07421875,-0.04296875,-0.1796875,-0.001953125,-0.001953125,0.005859375,1468.75,54.7,181.4,60.8,56.5,,,,,,,,
2026-09-07 15:01:15.867445,0.51544189453125,0.4552001953125,0.489990234375,0.5357666015625,0.33984375,-0.73046875,0.05859375,-0.00390625,-0.0078125,0.00390625,1467.0,54.7,181.4,62.0,58.0,,,,,,,,
2026-09-07 15:01:15.957138,0.51617431640625,0.4547119140625,0.48992919921875,0.5355224609375,-0.15625,-0.3125,0.09765625,-0.009765625,-0.009765625,-0.013671875,1467.0,54.7,181.4,62.0,58.0,,,,,,,,
2026-09-07 15:01:16.057725,0.51654052734375,0.45465087890625,0.48956298828125,0.5355224609375,-0.08984375,-0.265625,0.10546875,0.009765625,-0.017578125,0.0078125,1459.25,54.7,181.4,64.7,60.8,,,,,,,,
2026-09-07 15:01:16.157610,0.51800537109375,0.45477294921875,0.4886474609375,0.534912109375,-0.13671875,-0.1796875,0.58984375,0.025390625,-0.013671875,0.005859375,1471.75,54.7,181.4,67.5,73.7,,,,,,,,
2026-09-07 15:01:16.265608,0.51959228515625,0.4549560546875,0.4879150390625,0.5338134765625,0.125,-0.515625,0.23046875,0.04296875,-0.009765625,-0.001953125,1471.75,54.7,181.4,67.5,73.7,,,,,,,,
2026-09-07 15:01:16.351264,0.521728515625,0.45556640625,0.4866943359375,0.5323486328125,-0.02734375,0.32421875,-0.078125,0.033203125,-0.013671875,0.009765625,1471.75,54.7,181.4,67.5,73.7,,,,,,,,
2026-09-07 15:01:16.465546,0.5224609375,0.45556640625,0.4864501953125,0.5318603515625,-0.04296875,0.140625,-0.17578125,0.013671875,-0.005859375,0.0234375,1489.0,54.7,181.4,70.2,82.0,,,,,,,,
2026-09-07 15:01:16.563538,0.5242919921875,0.45501708984375,0.486328125,0.5306396484375,0.28515625,-0.04296875,-0.16015625,0.01171875,-0.0078125,0.015625,1497.5,54.7,181.4,73.3,82.0,,,,,,,,
2026-09-07 15:01:16.663299,0.52508544921875,0.455078125,0.486083984375,0.530029296875,0.0859375,0.2734375,-0.07421875,0.013671875,-0.005859375,0.01953125,1497.5,54.7,181.4,73.3,82.0,,,,,,,,
2026-09-07 15:01:16.764188,0.52593994140625,0.45465087890625,0.48638916015625,0.52923583984375,0.20703125,0.34765625,-0.2890625,-0.005859375,0.0,0.033203125,1499.0,55.3,181.4,84.3,82.0,,,,,,,,
2026-09-07 15:01:16.852477,0.52642822265625,0.45416259765625,0.48699951171875,0.5286865234375,0.3828125,0.1953125,-0.40625,0.005859375,0.001953125,0.00390625,1499.0,55.3,181.4,84.3,82.0,,,,,,,,
2026-09-07 15:01:16.953190,0.52642822265625,0.45391845703125,0.4873046875,0.528564453125,0.25390625,0.38671875,-0.44140625,-0.01953125,0.001953125,0.001953125,1499.0,55.3,181.4,84.3,82.0,,,,,,,,
2026-09-07 15:01:17.053466,-1.47235107421875,0.45294189453125,0.48828125,0.5272216796875,0.01953125,0.53515625,-0.25390625,-0.048828125,0.001953125,0.013671875,1522.5,55.3,181.4,92.2,81.6,,,,,,,,
2026-09-07 15:01:17.153260,0.52935791015625,0.45159912109375,0.48968505859375,0.525390625,0.5703125,-0.6171875,-0.02734375,-0.0390625,0.001953125,-0.005859375,1522.5,55.3,181.4,92.2,81.6,,,,,,,,
2026-09-07 15:01:17.273770,0.5291748046875,0.4505615234375,0.49078369140625,0.525390625,0.3046875,-1.13671875,0.6640625,-0.017578125,0.009765625,-0.029296875,1516.25,55.3,181.4,100.0,68.6,,,,,,,,
2026-09-07 15:01:17.362700,0.52734375,0.4512939453125,0.49078369140625,0.5267333984375,-0.28515625,-0.65234375,0.32421875,-0.013671875,0.009765625,0.0078125,1551.5,55.3,181.4,95.3,51.4,,,,,,,,
2026-09-07 15:01:17.472666,0.5272216796875,0.45111083984375,0.4913330078125,0.52642822265625,-0.21875,-0.4921875,0.203125,0.01953125,0.009765625,-0.01171875,1551.5,55.3,181.4,95.3,51.4,,,,,,,,
2026-09-07 15:01:17.564186,0.5277099609375,0.451416015625,0.4912109375,0.5257568359375,0.234375,-0.03125,0.09375,-0.02734375,0.00390625,0.009765625,1540.5,55.3,181.4,87.1,34.1,,,,,,,,
2026-09-07 15:01:17.652493,0.52789306640625,0.45098876953125,0.49176025390625,0.52545166015625,-0.234375,0.24609375,-0.06640625,-0.009765625,0.0,0.015625,1540.5,55.3,181.4,87.1,34.1,,,,,,,,
2026-09-07 15:01:17.753201,0.52838134765625,0.45025634765625,0.492431640625,0.52496337890625,-0.10546875,0.18359375,0.1328125,-0.01171875,0.0,0.00390625,1540.5,55.3,181.4,87.1,34.1,,,,,,,,
2026-09-07 15:01:17.874700,0.52935791015625,0.44940185546875,0.49310302734375,0.52410888671875,-0.3046875,-0.22265625,0.33984375,-0.01953125,0.0,0.001953125,1528.75,55.3,181.4,82.7,35.3,,,,,,,,
2026-09-07 15:01:17.971468,0.52972412109375,0.44927978515625,0.49322509765625,0.523681640625,-0.11328125,-0.62109375,0.22265625,-0.00390625,0.00390625,0.015625,1505.25,55.3,181.4,82.7,36.5,,,,,,,,
2026-09-07 15:01:18.072139,0.53045654296875,0.44903564453125,0.4935302734375,0.52288818359375,0.1484375,-0.2890625,-0.12890625,0.009765625,0.001953125,-0.005859375,1505.25,55.3,181.4,82.7,36.5,,,,,,,,
2026-09-07 15:01:18.172000,0.5308837890625,0.44927978515625,0.493408203125,0.52239990234375,0.1953125,-1.35546875,0.03125,0.0078125,0.001953125,-0.029296875,1490.5,55.3,181.4,83.9,40.8,,,,,,,,
2026-09-07 15:01:18.271854,0.5306396484375,0.4501953125,0.4927978515625,0.52239990234375,-0.5859375,-0.02734375,-0.203125,-0.01953125,0.00390625,0.001953125,1490.5,55.3,181.4,83.9,40.8,,,,,,,,
2026-09-07 15:01:18.371952,0.5308837890625,0.44976806640625,0.4932861328125,0.5220947265625,-0.44921875,0.1484375,0.20703125,0.001953125,-0.001953125,0.00390625,1497.5,55.3,181.4,84.3,45.1,,,,,,,,
2026-09-07 15:01:18.472242,0.53228759765625,0.4498291015625,0.49310302734375,0.52069091796875,-0.21875,-0.3359375,0.41796875,0.021484375,0.001953125,-0.005859375,1497.5,55.3,181.4,84.3,45.1,,,,,,,,
2026-09-07 15:01:18.572177,0.53271484375,0.45086669921875,0.4923095703125,0.5201416015625,-0.01953125,-0.734375,0.125,0.015625,0.001953125,-0.01171875,1500.0,55.3,179.6,84.7,49.4,,,,,,,,
2026-09-07 15:01:18.662246,0.53302001953125,0.451416015625,0.491943359375,0.51971435546875,-0.234375,-0.7109375,0.0703125,0.013671875,0.001953125,0.005859375,1500.0,55.3,179.6,84.7,49.4,,,,,,,,
2026-09-07 15:01:18.774036,0.53411865234375,0.45172119140625,0.49176025390625,0.5185546875,-0.33984375,-0.42578125,0.1875,0.0,-0.00390625,0.025390625,1500.0,55.9,179.6,84.3,52.5,,,,,,,,
2026-09-07 15:01:18.871527,0.5355224609375,0.45123291015625,0.491943359375,0.51727294921875,-0.296875,0.48046875,0.0859375,0.01171875,-0.005859375,0.037109375,1500.0,55.9,179.6,84.3,52.5,,,,,,,,
2026-09-07 15:01:18.971624,0.536376953125,0.451171875,0.4918212890625,0.5166015625,0.1484375,-0.5,-0.1953125,0.00390625,-0.001953125,0.005859375,1537.5,55.9,179.6,83.1,49.8,,,,,,,,
2026-09-07 15:01:19.072659,0.53662109375,0.45123291015625,0.49176025390625,0.51629638671875,0.08203125,0.921875,0.125,-0.048828125,0.0,0.025390625,1537.5,55.9,179.6,83.1,49.8,,,,,,,,
2026-09-07 15:01:19.168158,0.536865234375,0.45123291015625,0.49169921875,0.51611328125,-0.77734375,1.3984375,-0.41796875,-0.005859375,-0.00390625,0.0234375,1541.25,55.9,179.6,80.8,47.5,,,,,,,,
2026-09-07 15:01:19.273083,0.536865234375,0.45062255859375,0.4923095703125,0.51605224609375,-0.234375,-0.125,0.33984375,-0.01953125,0.001953125,0.033203125,1541.25,55.9,179.6,80.8,47.5,,,,,,,,
2026-09-07 15:01:19.373133,0.5367431640625,0.4500732421875,0.49273681640625,0.51629638671875,-0.05859375,0.10546875,0.74609375,0.017578125,-0.001953125,-0.025390625,1543.75,55.9,179.6,81.6,51.8,,,,,,,,
2026-09-07 15:01:19.472647,0.53680419921875,0.45037841796875,0.49237060546875,0.516357421875,-0.1953125,-0.234375,0.29296875,0.01953125,0.0,-0.02734375,1543.75,55.9,179.6,81.6,51.8,,,,,,,,
2026-09-07 15:01:19.573161,0.5364990234375,0.4505615234375,0.49224853515625,0.5166015625,-0.33984375,0.3515625,-0.1328125,-0.025390625,0.005859375,0.017578125,1539.75,55.9,179.6,78.0,47.1,,,,,,,,
2026-09-07 15:01:19.658519,-1.463623046875,0.45025634765625,0.49249267578125,0.5167236328125,0.125,0.3671875,-0.21875,-0.04296875,-0.001953125,0.015625,1539.75,55.9,179.6,78.0,47.1,,,,,,,,
2026-09-07 15:01:19.775650,0.53533935546875,0.44842529296875,0.49420166015625,0.517822265625,-0.06640625,0.17578125,-0.2734375,-0.033203125,0.001953125,0.0078125,1531.25,55.9,179.6,80.4,48.2,,,,,,,,
2026-09-07 15:01:19.872785,0.53460693359375,0.4482421875,0.494384765625,0.51849365234375,0.08203125,-0.62109375,0.1015625,0.001953125,0.0,-0.017578125,1531.25,55.9,179.6,80.4,48.2,,,,,,,,
2026-09-07 15:01:19.973533,0.5340576171875,0.44927978515625,0.49371337890625,0.518798828125,-0.08984375,-0.46875,0.0625,0.01953125,0.0078125,-0.021484375,1488.25,55.9,177.8,67.5,26.7,,,,,,,,
2026-09-07 15:01:20.072137,0.53399658203125,0.4495849609375,0.49365234375,0.5186767578125,-0.15625,-0.578125,-0.00390625,0.0078125,0.001953125,0.00390625,1488.25,55.9,177.8,67.5,26.7,,,,,,,,
2026-09-07 15:01:20.174458,0.533935546875,0.44976806640625,0.49371337890625,0.5185546875,0.11328125,-0.64453125,-0.49609375,0.001953125,0.005859375,-0.0078125,1482.0,55.9,177.8,56.5,28.2,,,,,,,,
2026-09-07 15:01:20.274333,0.5333251953125,0.44976806640625,0.493896484375,0.51898193359375,-0.03515625,-0.1328125,-0.00390625,-0.041015625,0.00390625,0.00390625,1482.0,55.9,177.8,56.5,28.2,,,,,,,,
2026-09-07 15:01:20.374500,0.53216552734375,0.44903564453125,0.4947509765625,0.51995849609375,-0.40234375,-0.1640625,0.078125,-0.05078125,0.00390625,0.005859375,1540.5,55.9,177.8,58.8,34.9,,,,,,,,
2026-09-07 15:01:20.469577,0.5311279296875,0.4483642578125,0.49542236328125,0.52099609375,0.02734375,-0.35546875,0.015625,-0.01171875,0.001953125,-0.013671875,1540.5,55.9,177.8,58.8,34.9,,,,,,,,
2026-09-07 15:01:20.564511,0.53076171875,0.4482421875,0.49560546875,0.521240234375,-0.15625,0.5,0.1171875,-0.021484375,0.005859375,-0.001953125,1507.75,55.9,177.8,62.7,40.8,,,,,,,,
2026-09-07 15:01:20.664969,0.53045654296875,0.44805908203125,0.49591064453125,0.52142333984375,-0.15625,-0.3828125,0.56640625,-0.001953125,0.00390625,-0.001953125,1507.75,55.9,177.8,62.7,40.8,,,,,,,,
2026-09-07 15:01:20.770526,0.53021240234375,0.44842529296875,0.49591064453125,0.5213623046875,-0.0703125,-0.9453125,0.15234375,-0.001953125,0.005859375,-0.0078125,1559.25,55.9,177.8,72.2,60.8,,,,,,,,
2026-09-07 15:01:20.871025,0.52984619140625,0.44940185546875,0.4951171875,0.52166748046875,-0.171875,0.47265625,-0.22265625,0.0078125,0.001953125,-0.015625,1559.25,55.9,177.8,72.2,60.8,,,,,,,,
2026-09-07 15:01:20.972384,0.529296875,0.44970703125,0.4951171875,0.52203369140625,0.00390625,-0.015625,-0.06640625,-0.0078125,0.001953125,-0.00390625,1517.75,55.9,177.8,75.7,70.2,,,,,,,,
2026-09-07 15:01:21.072199,0.5291748046875,0.449462890625,0.49542236328125,0.52203369140625,0.00390625,-0.27734375,0.30859375,-0.0234375,0.001953125,0.0234375,1517.75,55.9,177.8,75.7,70.2,,,,,,,,
2026-09-07 15:01:21.172706,0.52923583984375,0.448974609375,0.495849609375,0.52197265625,0.375,0.8359375,0.18359375,-0.01171875,-0.001953125,0.02734375,1543.75,55.9,176.0,79.2,76.9,,,,,,,,
2026-09-07 15:01:21.256733,0.52899169921875,0.4488525390625,0.49603271484375,0.522216796875,0.19140625,-0.65234375,-0.17578125,-0.0234375,0.00390625,-0.0078125,1543.75,55.9,176.0,79.2,76.9,,,,,,,,
2026-09-07 15:01:21.363047,0.5283203125,0.44940185546875,0.49560546875,0.5228271484375,0.234375,-0.18359375,0.28515625,0.01953125,0.00390625,-0.046875,1525.75,55.9,176.0,84.7,79.2,,,,,,,,
2026-09-07 15:01:21.468388,0.52880859375,0.45068359375,0.49444580078125,0.52227783203125,-0.31640625,0.046875,0.33984375,0.044921875,0.001953125,-0.005859375,1525.75,55.9,176.0,84.7,79.2,,,,,,,,
2026-09-07 15:01:21.571868,0.53033447265625,0.45147705078125,0.49371337890625,0.52069091796875,-0.24609375,0.24609375,0.1484375,0.056640625,0.001953125,0.00390625,1559.25,55.9,176.0,85.5,82.0,,,,,,,,
2026-09-07 15:01:21.670418,0.5321044921875,0.4521484375,0.49310302734375,0.51885986328125,-0.23046875,0.25390625,0.30859375,0.0546875,-0.001953125,0.01953125,1559.25,55.9,176.0,85.5,82.0,,,,,,,,
2026-09-07 15:01:21.772027,0.53338623046875,0.45245361328125,0.49267578125,0.51776123046875,0.17578125,0.0625,-0.11328125,0.037109375,-0.005859375,0.01953125,1622.5,56.5,176.0,82.4,68.2,,,,,,,,
2026-09-07 15:01:21.871161,0.53369140625,0.452880859375,0.49224853515625,0.5174560546875,0.09765625,0.40625,-0.06640625,0.0234375,0.0,-0.00390625,1622.5,56.5,176.0,82.4,68.2,,,,,,,,
2026-09-07 15:01:21.963177,0.5338134765625,0.453125,0.49200439453125,0.51739501953125,-0.2109375,0.13671875,-0.171875,0.01171875,0.001953125,-0.0078125,1589.0,56.5,176.0,88.6,63.1,,,,,,,,
2026-09-07 15:01:22.072008,0.53375244140625,0.45361328125,0.4915771484375,0.517333984375,0.05078125,-0.16796875,0.07421875,0.009765625,-0.001953125,-0.00390625,1589.0,56.5,176.0,88.6,63.1,,,,,,,,
2026-09-07 15:01:22.171258,0.5338134765625,0.45404052734375,0.49127197265625,0.5172119140625,-0.09375,0.14453125,-0.15625,0.01171875,0.00390625,-0.001953125,1585.75,56.5,176.0,92.9,62.4,,,,,,,,
2026-09-07 15:01:22.271745,0.533935546875,0.45440673828125,0.49114990234375,0.51690673828125,0.05078125,-0.0078125,-0.2578125,0.0078125,0.005859375,-0.0078125,1585.75,56.5,176.0,92.9,62.4,,,,,,,,
2026-09-07 15:01:22.372387,0.5343017578125,0.454345703125,0.49139404296875,0.516357421875,0.00390625,0.3359375,0.1328125,0.0078125,0.00390625,0.00390625,1560.0,56.5,176.0,84.7,28.6,,,,,,,,
2026-09-07 15:01:22.469176,0.5343017578125,0.45379638671875,0.49212646484375,0.51617431640625,0.21875,0.56640625,-0.09375,-0.03515625,0.00390625,0.037109375,1560.0,56.5,176.0,84.7,28.6,,,,,,,,
2026-09-07 15:01:22.572066,0.53399658203125,0.45355224609375,0.49249267578125,0.51629638671875,-0.06640625,0.18359375,-0.07421875,0.0,0.001953125,-0.00390625,1521.75,56.5,174.2,76.5,30.2,,,,,,,,
2026-09-07 15:01:22.671748,0.5338134765625,0.4534912109375,0.4927978515625,0.51629638671875,-0.03515625,0.10546875,-0.1875,0.001953125,0.009765625,-0.015625,1521.75,56.5,174.2,76.5,30.2,,,,,,,,
2026-09-07 15:01:22.772148,0.5335693359375,0.45355224609375,0.4930419921875,0.51629638671875,0.12109375,0.0625,0.1171875,-0.001953125,0.00390625,-0.001953125,1517.75,56.5,174.2,74.9,32.5,,,,,,,,
2026-09-07 15:01:22.871553,0.5330810546875,0.45343017578125,0.49346923828125,0.5164794921875,-0.07421875,-0.12890625,-0.1953125,-0.015625,0.005859375,-0.005859375,1517.75,56.5,174.2,74.9,32.5,,,,,,,,
2026-09-07 15:01:22.964509,0.5328369140625,0.45318603515625,0.49395751953125,0.51641845703125,0.37890625,-0.3203125,-0.28125,-0.001953125,0.005859375,0.001953125,1520.25,56.5,174.2,77.6,40.0,,,,,,,,
2026-09-07 15:01:23.072670,0.532470703125,0.45318603515625,0.49432373046875,0.5164794921875,0.08203125,0.015625,0.28515625,0.0,0.00390625,-0.0078125,1520.25,56.5,174.2,77.6,40.0,,,,,,,,
2026-09-07 15:01:23.173218,0.53240966796875,0.45330810546875,0.49444580078125,0.5162353515625,-0.1171875,-0.484375,0.06640625,0.015625,0.001953125,-0.00390625,1524.0,56.5,174.2,81.2,43.9,,,,,,,,
2026-09-07 15:01:23.280581,0.53204345703125,0.45391845703125,0.494384765625,0.51629638671875,0.1953125,-0.29296875,-0.08984375,0.015625,0.0078125,-0.02734375,1524.0,56.5,174.2,81.2,43.9,,,,,,,,
2026-09-07 15:01:23.368984,0.53179931640625,0.4541015625,0.494384765625,0.51629638671875,0.28125,-0.3984375,-0.35546875,-0.01171875,0.009765625,-0.005859375,1516.25,56.5,174.2,80.4,38.8,,,,,,,,
2026-09-07 15:01:23.468477,0.53125,0.45477294921875,0.4942626953125,0.516357421875,0.3359375,-0.51171875,-0.203125,0.01171875,0.0078125,-0.017578125,1516.25,56.5,174.2,80.4,38.8,,,,,,,,
2026-09-07 15:01:23.569964,0.53118896484375,0.45501708984375,0.49420166015625,0.5162353515625,-0.0859375,-0.0078125,-0.04296875,0.001953125,0.005859375,0.0,1517.0,56.5,174.2,73.7,36.1,,,,,,,,
2026-09-07 15:01:23.669693,0.5313720703125,0.455078125,0.494384765625,0.51593017578125,-0.05859375,0.4609375,0.04296875,-0.001953125,0.001953125,0.017578125,1517.0,56.5,174.2,73.7,36.1,,,,,,,,
2026-09-07 15:01:23.770730,0.5316162109375,0.455078125,0.49444580078125,0.51556396484375,-0.05859375,0.046875,0.05078125,-0.001953125,0.001953125,0.005859375,1534.25,56.5,174.2,72.2,42.0,,,,,,,,
2026-09-07 15:01:23.869566,0.5313720703125,0.4552001953125,0.49444580078125,0.5157470703125,-0.0859375,0.20703125,0.08203125,-0.0078125,0.00390625,-0.0078125,1534.25,56.5,174.2,72.2,42.0,,,,,,,,
2026-09-07 15:01:23.965210,0.53125,0.45477294921875,0.49481201171875,0.515869140625,-0.0859375,0.16796875,0.03515625,-0.025390625,-0.005859375,0.015625,1535.75,57.2,174.2,72.5,43.5,,,,,,,,
2026-09-07 15:01:24.070373,0.53125,0.45440673828125,0.4951171875,0.515869140625,-0.21875,0.4765625,0.171875,-0.021484375,-0.001953125,0.013671875,1535.75,57.2,174.2,72.5,43.5,,,,,,,,
2026-09-07 15:01:24.169803,0.53143310546875,0.45361328125,0.495849609375,0.5157470703125,-0.04296875,0.23828125,-0.02734375,-0.0078125,-0.001953125,0.009765625,1537.5,57.2,174.2,79.2,54.1,,,,,,,,
2026-09-07 15:01:24.269782,0.53143310546875,0.4532470703125,0.49627685546875,0.515625,-0.00390625,0.0078125,0.2421875,-0.009765625,0.00390625,-0.0078125,1537.5,57.2,174.2,79.2,54.1,,,,,,,,
2026-09-07 15:01:24.370622,0.53118896484375,0.45343017578125,0.4962158203125,0.5157470703125,-0.1484375,0.19140625,0.04296875,0.01171875,0.00390625,-0.01953125,1536.5,57.2,174.2,80.0,53.7,,,,,,,,
2026-09-07 15:01:24.467667,0.531005859375,0.45343017578125,0.496337890625,0.51580810546875,-0.1953125,-0.0078125,-0.08984375,-0.001953125,0.001953125,-0.005859375,1536.5,57.2,174.2,80.0,53.7,,,,,,,,
2026-09-07 15:01:24.569782,0.5313720703125,0.453125,0.49664306640625,0.51544189453125,0.140625,-0.58203125,0.41796875,0.01171875,0.0,0.0078125,1535.0,57.2,174.2,82.7,54.5,,,,,,,,
2026-09-07 15:01:24.669560,0.5318603515625,0.453369140625,0.49658203125,0.51470947265625,-0.125,0.63671875,0.0859375,0.025390625,0.00390625,0.009765625,1535.0,57.2,174.2,82.7,54.5,,,,,,,,
2026-09-07 15:01:24.770057,0.532470703125,0.45379638671875,0.49639892578125,0.513916015625,-0.171875,0.40625,-0.05078125,0.017578125,0.001953125,0.017578125,1552.25,57.2,174.2,83.1,56.1,,,,,,,,
2026-09-07 15:01:24.869285,0.53314208984375,0.4544677734375,0.49603271484375,0.51300048828125,0.09765625,-0.51953125,-0.02734375,0.02734375,0.005859375,-0.00390625,1552.25,57.2,174.2,83.1,56.1,,,,,,,,
2026-09-07 15:01:24.963643,0.5335693359375,0.455322265625,0.49542236328125,0.50457763671875,-0.05859375,0.12890625,0.07421875,0.025390625,0.0,-0.001953125,1545.25,57.2,174.2,85.5,58.4,,,,,,,,
2026-09-07 15:01:25.076465,0.53387451171875,0.4552001953125,0.49566650390625,0.51190185546875,0.00390625,0.51171875,-0.234375,0.0078125,0.001953125,0.009765625,1545.25,57.2,174.2,85.5,58.4,,,,,,,,
2026-09-07 15:01:25.169203,0.533935546875,0.45465087890625,0.49627685546875,0.51171875,0.07421875,0.12109375,-0.31640625,-0.021484375,0.00390625,0.00390625,1542.75,57.2,174.2,87.5,59.2,,,,,,,,
2026-09-07 15:01:25.277443,0.53326416015625,0.4544677734375,0.49676513671875,0.51214599609375,0.04296875,0.19921875,-0.05859375,-0.009765625,0.005859375,-0.015625,1542.75,57.2,174.2,87.5,59.2,,,,,,,,
2026-09-07 15:01:25.368653,0.5325927734375,0.4547119140625,0.49688720703125,0.51251220703125,-0.06640625,-0.375,-0.109375,0.0,0.009765625,-0.015625,1580.25,57.2,174.2,87.1,51.8,,,,,,,,
2026-09-07 15:01:25.476959,0.53228759765625,0.4549560546875,0.49700927734375,0.5125732421875,-0.09765625,-0.4921875,0.04296875,0.0,0.00390625,0.00390625,1580.25,57.2,174.2,87.1,51.8,,,,,,,,
2026-09-07 15:01:25.563982,0.53216552734375,0.45513916015625,0.49713134765625,0.5123291015625,0.09765625,-0.453125,0.1328125,-0.01171875,0.01171875,-0.251953125,1585.75,57.2,176.0,82.7,33.3,,,,,,,,
2026-09-07 15:01:25.677758,0.531982421875,0.45550537109375,0.4971923828125,0.51220703125,-0.06640625,-0.0703125,0.296875,0.013671875,0.013671875,-0.015625,1585.75,57.2,176.0,82.7,33.3,,,,,,,,
2026-09-07 15:01:25.775834,0.53228759765625,0.4559326171875,0.4970703125,0.5115966796875,0.08984375,-0.18359375,-0.15625,0.02734375,0.001953125,-0.001953125,1492.75,57.2,176.0,67.5,24.3,,,,,,,,
2026-09-07 15:01:25.876236,0.53240966796875,0.45648193359375,0.49688720703125,0.5111083984375,-0.01953125,0.12890625,-0.36328125,0.017578125,0.013671875,-0.009765625,1492.75,57.2,176.0,67.5,24.3,,,,,,,,
2026-09-07 15:01:25.977572,0.53192138671875,0.4569091796875,0.49700927734375,0.5111083984375,-0.31640625,0.3203125,-0.46875,-0.0390625,0.009765625,-0.005859375,1502.25,57.2,176.0,49.0,24.3,,,,,,,,
2026-09-07 15:01:26.076552,0.5308837890625,0.45684814453125,0.49761962890625,0.51171875,-0.43359375,0.015625,-0.2109375,-0.021484375,0.005859375,0.00390625,1502.25,57.2,176.0,49.0,24.3,,,,,,,,
2026-09-07 15:01:26.176636,0.53033447265625,0.45660400390625,0.49822998046875,0.51190185546875,0.1484375,-0.66796875,-0.171875,-0.00390625,0.009765625,-0.0078125,1532.75,57.2,176.0,50.6,31.0,,,,,,,,
2026-09-07 15:01:26.278099,0.52996826171875,0.45721435546875,0.49810791015625,0.5118408203125,-0.01171875,-0.015625,-0.171875,-0.01171875,0.013671875,-0.033203125,1532.75,57.2,176.0,50.6,31.0,,,,,,,,
2026-09-07 15:01:26.379196,0.529052734375,0.45806884765625,0.497802734375,0.5123291015625,-0.1875,-0.0859375,-0.01953125,-0.001953125,0.009765625,-0.0078125,1520.25,57.2,176.0,54.9,36.1,,,,,,,,
2026-09-07 15:01:26.474799,0.52862548828125,0.45806884765625,0.498046875,0.51251220703125,-0.109375,-0.078125,-0.30078125,-0.015625,0.0,0.0078125,1520.25,57.2,176.0,54.9,36.1,,,,,,,,
2026-09-07 15:01:26.578860,0.5284423828125,0.45745849609375,0.4986572265625,0.5126953125,-0.0703125,-0.078125,0.1875,-0.013671875,-0.001953125,0.001953125,1534.25,57.2,176.0,60.8,49.4,,,,,,,,
2026-09-07 15:01:26.678934,0.528076171875,0.456787109375,0.49920654296875,0.5130615234375,-0.03515625,0.5,-0.10546875,-0.0078125,0.0,0.0,1534.25,57.2,176.0,60.8,49.4,,,,,,,,
2026-09-07 15:01:26.778741,0.5277099609375,0.456787109375,0.49932861328125,0.51336669921875,-0.28515625,0.34375,-0.1875,-0.01171875,0.0078125,-0.009765625,1506.25,57.2,176.0,64.3,52.9,,,,,,,,
2026-09-07 15:01:26.878791,0.5269775390625,0.4569091796875,0.49951171875,0.51385498046875,-0.33984375,-0.26953125,0.02734375,-0.013671875,0.009765625,-0.009765625,1506.25,57.2,176.0,64.3,52.9,,,,,,,,
2026-09-07 15:01:26.979617,0.52630615234375,0.4571533203125,0.49969482421875,0.51416015625,-0.26171875,0.0390625,0.109375,-0.0078125,0.005859375,-0.00390625,1542.0,57.2,176.0,69.8,57.6,,,,,,,,
2026-09-07 15:01:27.079434,0.526123046875,-1.54217529296875,0.49932861328125,0.51409912109375,-0.37109375,0.3828125,0.2421875,0.013671875,0.001953125,0.017578125,1542.0,57.2,176.0,69.8,57.6,,,,,,,,
2026-09-07 15:01:27.179775,0.52679443359375,0.4581298828125,0.4991455078125,0.51324462890625,-0.15625,0.421875,0.33984375,0.025390625,0.00390625,0.033203125,1545.25,57.2,176.0,72.9,53.3,,,,,,,,
2026-09-07 15:01:27.278326,0.52813720703125,0.45867919921875,0.498779296875,0.50390625,0.05859375,0.15234375,0.41796875,0.046875,0.001953125,0.02734375,1545.25,57.2,176.0,72.9,53.3,,,,,,,,
2026-09-07 15:01:27.379478,0.52947998046875,0.45965576171875,0.49810791015625,0.51019287109375,-0.01953125,-0.0859375,-0.01953125,0.0390625,0.00390625,0.00390625,1533.5,57.2,176.0,75.3,54.5,,,,,,,,
2026-09-07 15:01:27.464271,0.53033447265625,0.4605712890625,-1.502685546875,0.50921630859375,-0.171875,-0.12109375,0.34375,0.029296875,-0.001953125,-0.0078125,1533.5,57.2,176.0,75.3,54.5,,,,,,,,
2026-09-07 15:01:27.571594,0.5308837890625,0.46185302734375,0.49609375,0.5086669921875,-0.00390625,-0.15234375,-0.046875,0.037109375,-0.001953125,-0.009765625,1552.25,57.2,176.0,76.9,53.7,,,,,,,,
2026-09-07 15:01:27.671267,0.53094482421875,0.46246337890625,0.49542236328125,0.50872802734375,0.00390625,0.19140625,-0.09375,-0.015625,-0.005859375,0.009765625,1552.25,57.2,176.0,76.9,53.7,,,,,,,,
2026-09-07 15:01:27.779066,0.53045654296875,0.46173095703125,0.49603271484375,0.50927734375,0.10546875,0.34375,-0.01171875,-0.02734375,-0.0078125,0.013671875,1553.75,57.2,176.0,78.0,46.7,,,,,,,,
2026-09-07 15:01:27.879984,0.5299072265625,0.460693359375,0.49676513671875,0.51007080078125,0.10546875,0.56640625,0.15625,-0.044921875,-0.005859375,0.015625,1553.75,57.2,176.0,78.0,46.7,,,,,,,,
2026-09-07 15:01:27.979263,0.529541015625,0.4599609375,0.49725341796875,0.51068115234375,0.09765625,0.63671875,0.05859375,0.001953125,-0.005859375,0.0,1507.75,57.2,176.0,76.1,39.2,,,,,,,,
2026-09-07 15:01:28.078867,0.5294189453125,0.4595947265625,0.49737548828125,0.510986328125,0.01953125,-0.21484375,0.203125,0.021484375,-0.0078125,-0.00390625,1507.75,57.2,176.0,76.1,39.2,,,,,,,,
2026-09-07 15:01:28.172454,0.529541015625,0.45977783203125,0.49700927734375,0.51104736328125,-0.00390625,-0.25390625,0.2421875,-0.001953125,-0.001953125,-0.021484375,1535.0,57.8,176.0,74.1,41.6,,,,,,,,
2026-09-07 15:01:28.278866,0.52911376953125,0.46014404296875,0.49639892578125,0.51171875,-0.03125,0.08984375,0.07421875,-0.013671875,-0.00390625,-0.0078125,1535.0,57.8,176.0,74.1,41.6,,,,,,,,
2026-09-07 15:01:28.380103,0.5286865234375,0.45977783203125,0.49639892578125,0.51251220703125,-0.1796875,-0.0234375,0.125,-0.01171875,-0.009765625,-0.005859375,1537.5,57.2,176.0,72.9,43.9,,,,,,,,
2026-09-07 15:01:28.479563,0.5281982421875,0.45904541015625,0.49664306640625,0.51348876953125,-0.1796875,0.12890625,0.0546875,-0.013671875,-0.009765625,-0.005859375,1537.5,57.2,176.0,72.9,43.9,,,,,,,,
2026-09-07 15:01:28.580133,0.52752685546875,0.45849609375,0.49676513671875,0.5145263671875,0.01171875,-0.16796875,0.5703125,-0.015625,-0.0078125,0.001953125,1523.25,57.8,177.8,73.3,43.1,,,,,,,,
2026-09-07 15:01:28.679151,0.527099609375,0.45794677734375,0.49688720703125,0.51531982421875,-0.32421875,0.25390625,0.27734375,-0.0234375,-0.0078125,0.0078125,1523.25,57.8,177.8,73.3,43.1,,,,,,,,
2026-09-07 15:01:28.772133,0.52667236328125,0.457275390625,0.4971923828125,0.51611328125,-0.171875,-0.12890625,0.1484375,-0.0078125,-0.00390625,0.005859375,1525.0,57.2,177.8,72.9,42.7,,,,,,,,
2026-09-07 15:01:28.872126,0.5263671875,0.4566650390625,0.49737548828125,0.51666259765625,-0.046875,-0.3203125,0.4296875,-0.005859375,-0.001953125,-0.009765625,1525.0,57.2,177.8,72.9,42.7,,,,,,,,
2026-09-07 15:01:28.973090,0.52618408203125,0.45654296875,0.49713134765625,0.51727294921875,-0.26953125,0.09765625,0.34765625,0.00390625,-0.009765625,0.0,1533.5,57.2,177.8,71.8,43.1,,,,,,,,
2026-09-07 15:01:29.072873,0.52618408203125,0.4561767578125,0.49713134765625,0.51763916015625,-0.23828125,-0.09375,0.26953125,0.00390625,-0.009765625,0.0078125,1533.5,57.2,177.8,71.8,43.1,,,,,,,,
2026-09-07 15:01:29.187986,0.52630615234375,0.45611572265625,0.49676513671875,0.51788330078125,-0.23046875,0.51953125,0.13671875,0.0234375,-0.01171875,0.0,1528.0,57.2,177.8,71.4,43.1,,,,,,,,
2026-09-07 15:01:29.287655,0.52618408203125,0.45562744140625,0.49658203125,0.51861572265625,0.12109375,0.17578125,0.09375,0.001953125,-0.0078125,-0.00390625,1528.0,57.2,177.8,71.4,43.1,,,,,,,,
2026-09-07 15:01:29.376465,0.52587890625,0.45550537109375,0.496337890625,0.51922607421875,0.19921875,-0.23828125,0.19921875,0.0078125,-0.009765625,-0.0078125,1535.75,57.8,177.8,71.0,38.4,,,,,,,,
2026-09-07 15:01:29.488765,0.525634765625,0.455322265625,0.49639892578125,0.51959228515625,0.25390625,-0.27734375,0.0390625,-0.00390625,-0.009765625,0.001953125,1535.75,57.8,177.8,71.0,38.4,,,,,,,,
2026-09-07 15:01:29.572907,0.525390625,0.45513916015625,0.49615478515625,0.520263671875,0.0234375,0.15234375,-0.046875,0.015625,-0.00390625,-0.005859375,1528.0,57.8,177.8,65.1,34.5,,,,,,,,
2026-09-07 15:01:29.689274,0.5255126953125,0.455078125,0.49603271484375,0.520263671875,0.0234375,0.33203125,-0.26171875,0.013671875,-0.005859375,0.005859375,1528.0,57.8,177.8,65.1,34.5,,,,,,,,
2026-09-07 15:01:29.776650,0.52447509765625,0.4539794921875,0.49676513671875,0.52154541015625,-0.046875,0.18359375,0.05078125,-0.01171875,-0.00390625,0.013671875,1536.5,57.8,177.8,61.6,35.3,,,,,,,,
2026-09-07 15:01:29.877574,0.52447509765625,0.4539794921875,0.4967041015625,0.52166748046875,-0.23046875,0.59765625,0.18359375,0.01171875,-0.005859375,0.015625,1536.5,57.8,177.8,61.6,35.3,,,,,,,,
2026-09-07 15:01:29.977666,0.52447509765625,0.4541015625,0.49639892578125,0.5218505859375,0.4609375,-0.7578125,-0.33984375,0.0078125,0.00390625,-0.01953125,1543.75,57.8,177.8,60.4,38.8,,,,,,,,
2026-09-07 15:01:30.073542,0.52398681640625,0.4547119140625,0.49578857421875,0.5223388671875,-0.359375,-0.03125,-0.4765625,-0.001953125,0.0,0.009765625,1543.75,57.8,177.8,60.4,38.8,,,,,,,,
2026-09-07 15:01:30.177784,0.52392578125,0.4549560546875,0.4954833984375,0.52252197265625,0.24609375,-0.26171875,-0.27734375,0.01171875,-0.001953125,-0.0078125,1542.75,57.2,177.8,62.7,44.7,,,,,,,,
2026-09-07 15:01:30.277986,0.5235595703125,0.45550537109375,0.494873046875,0.52294921875,0.19140625,-0.4921875,-0.23046875,0.01171875,0.0,-0.015625,1542.75,57.2,177.8,62.7,44.7,,,,,,,,
2026-09-07 15:01:30.377676,0.5230712890625,0.45599365234375,0.49444580078125,0.5234375,0.0078125,0.24609375,-0.29296875,0.001953125,0.0,0.001953125,1551.5,57.2,177.8,65.9,46.3,,,,,,,,
2026-09-07 15:01:30.477362,0.52288818359375,0.4559326171875,0.4945068359375,0.523681640625,0.0703125,0.17578125,-0.17578125,-0.0078125,0.0,-0.005859375,1551.5,57.2,177.8,65.9,46.3,,,,,,,,
2026-09-07 15:01:30.587666,0.52252197265625,0.45556640625,0.494873046875,0.52392578125,0.0703125,0.25390625,0.13671875,-0.01171875,0.001953125,-0.001953125,1560.75,57.2,177.8,71.4,54.1,,,,,,,,
2026-09-07 15:01:30.676376,0.522216796875,0.45526123046875,0.49530029296875,0.524169921875,0.0703125,0.26171875,-0.13671875,0.0,0.0,0.0078125,1560.75,57.2,177.8,71.4,54.1,,,,,,,,
2026-09-07 15:01:30.777202,0.5234375,0.4559326171875,0.49468994140625,0.52294921875,-0.0859375,0.1640625,0.2734375,-0.001953125,0.00390625,0.0078125,1550.75,57.8,177.8,76.1,58.0,,,,,,,,
2026-09-07 15:01:30.884037,0.5242919921875,0.456298828125,0.49444580078125,0.52191162109375,-0.0390625,-0.05078125,0.32421875,-0.00390625,0.001953125,0.0,1550.75,57.8,177.8,76.1,58.0,,,,,,,,
2026-09-07 15:01:30.976796,0.52508544921875,0.45654296875,0.4942626953125,0.5211181640625,-0.109375,-0.43359375,0.1484375,0.01171875,0.0,-0.013671875,1557.0,57.8,177.8,82.0,64.7,,,,,,,,
2026-09-07 15:01:31.084443,0.525390625,0.4564208984375,0.49420166015625,0.52093505859375,0.04296875,-0.1484375,-0.09765625,-0.005859375,-0.00390625,0.00390625,1557.0,57.8,177.8,82.0,64.7,,,,,,,,
2026-09-07 15:01:31.176170,0.52593994140625,0.45599365234375,0.4942626953125,0.52069091796875,0.16796875,-0.0625,0.1875,-0.0078125,-0.005859375,0.005859375,1550.75,57.8,177.8,86.3,63.1,,,,,,,,
2026-09-07 15:01:31.285157,0.52593994140625,0.4559326171875,0.4942626953125,0.520751953125,0.05859375,-0.453125,-0.07421875,0.0234375,-0.005859375,-0.013671875,1550.75,57.8,177.8,86.3,63.1,,,,,,,,
2026-09-07 15:01:31.383176,0.52606201171875,0.4556884765625,0.494140625,0.52093505859375,-0.05078125,-0.08203125,-0.07421875,-0.01171875,-0.009765625,0.033203125,1562.5,57.8,177.8,87.8,57.6,,,,,,,,
2026-09-07 15:01:31.483869,0.52642822265625,0.4547119140625,0.494873046875,0.52081298828125,0.2421875,0.1015625,-0.09765625,-0.01953125,-0.0078125,0.0390625,1562.5,57.8,177.8,87.8,57.6,,,,,,,,
2026-09-07 15:01:31.584607,0.52679443359375,0.453369140625,0.495849609375,0.52069091796875,0.38671875,0.078125,-0.12109375,0.0,-0.005859375,0.001953125,1565.5,57.8,179.6,88.6,51.8,,,,,,,,
2026-09-07 15:01:31.684897,0.52691650390625,0.4521484375,0.4967041015625,0.52081298828125,0.2734375,-0.140625,-0.14453125,0.013671875,0.0,-0.0234375,1565.5,57.8,179.6,88.6,51.8,,,,,,,,
2026-09-07 15:01:31.784163,0.527099609375,0.45159912109375,0.4970703125,0.520751953125,0.15625,-0.234375,0.09765625,0.01953125,0.0,-0.013671875,1563.25,57.8,179.6,82.4,29.8,,,,,,,,
2026-09-07 15:01:31.884369,0.527587890625,0.451171875,0.49737548828125,0.52032470703125,0.203125,-0.44140625,-0.26171875,-0.001953125,0.001953125,0.0,1563.25,57.8,179.6,82.4,29.8,,,,,,,,
2026-09-07 15:01:31.981692,-1.4722900390625,-1.54901123046875,0.49761962890625,0.52008056640625,-0.03515625,-0.4765625,0.09765625,-0.001953125,0.00390625,0.00390625,1526.5,57.8,179.6,69.0,29.8,,,,,,,,
2026-09-07 15:01:32.072018,0.5277099609375,0.45098876953125,0.497802734375,0.51995849609375,0.04296875,-0.70703125,-0.2890625,0.001953125,0.00390625,-0.021484375,1526.5,57.8,179.6,69.0,29.8,,,,,,,,
2026-09-07 15:01:32.194755,0.52740478515625,0.4512939453125,0.497802734375,0.51995849609375,0.01171875,-0.11328125,-0.3203125,-0.015625,0.005859375,-0.0078125,1551.5,57.8,179.6,66.3,33.3,,,,,,,,
2026-09-07 15:01:32.283548,0.52789306640625,0.451904296875,0.49725341796875,0.5194091796875,-0.15625,0.1328125,-0.05078125,-0.00390625,0.005859375,-0.01171875,1551.5,57.8,179.6,66.3,33.3,,,,,,,,
2026-09-07 15:01:32.393613,0.5284423828125,0.452880859375,0.49658203125,0.51873779296875,-0.0703125,0.28515625,-0.234375,0.0,0.005859375,-0.005859375,1560.75,57.8,179.6,71.0,45.9,,,,,,,,
2026-09-07 15:01:32.491243,0.52850341796875,0.45306396484375,0.49652099609375,0.5185546875,0.06640625,-0.0625,0.04296875,0.00390625,0.001953125,0.01171875,1560.75,57.8,179.6,71.0,45.9,,,,,,,,
2026-09-07 15:01:32.579688,0.52880859375,0.45330810546875,0.49627685546875,0.51824951171875,0.16796875,0.05078125,0.24609375,0.00390625,0.0,0.01171875,1577.25,57.8,179.6,75.7,51.4,,,,,,,,
2026-09-07 15:01:32.692935,0.52862548828125,0.45404052734375,0.4957275390625,0.518310546875,0.19921875,-0.71484375,-0.12890625,0.01953125,0.0,-0.02734375,1577.25,57.8,179.6,75.7,51.4,,,,,,,,
2026-09-07 15:01:32.791664,0.52838134765625,0.45428466796875,0.49560546875,0.51849365234375,-0.00390625,-0.58203125,-0.09765625,0.0078125,0.00390625,-0.029296875,1544.5,57.8,179.6,79.6,51.0,,,,,,,,
2026-09-07 15:01:32.891254,0.52801513671875,0.45440673828125,0.49560546875,0.5186767578125,-0.03515625,-0.328125,0.0078125,-0.00390625,0.0,0.001953125,1544.5,57.8,179.6,79.6,51.0,,,,,,,,
2026-09-07 15:01:32.991939,0.52783203125,0.4541015625,0.49603271484375,0.518798828125,-0.05078125,0.37109375,-0.07421875,-0.0078125,0.0,0.0078125,1559.25,57.8,179.6,78.8,50.6,,,,,,,,
2026-09-07 15:01:33.071160,0.52801513671875,0.45355224609375,0.49664306640625,0.51849365234375,-0.09375,0.421875,0.23046875,0.0,0.001953125,0.013671875,1559.25,57.8,179.6,78.8,50.6,,,,,,,,
2026-09-07 15:01:33.195005,0.5284423828125,0.45318603515625,0.4969482421875,0.51812744140625,0.08984375,0.6640625,0.2109375,-0.015625,0.001953125,0.009765625,1558.5,57.8,179.6,79.6,42.7,,,,,,,,
2026-09-07 15:01:33.291791,0.52813720703125,0.4537353515625,0.49652099609375,0.51824951171875,0.28125,-0.61328125,-0.04296875,-0.005859375,0.005859375,-0.015625,1558.5,57.8,179.6,79.6,42.7,,,,,,,,
2026-09-07 15:01:33.391406,0.52777099609375,0.45404052734375,0.49652099609375,0.51849365234375,-0.171875,-0.28125,-0.2265625,-0.01171875,0.001953125,-0.009765625,1523.25,58.4,179.6,68.2,27.5,,,,,,,,
2026-09-07 15:01:33.491710,0.52777099609375,0.45379638671875,0.496826171875,0.51837158203125,-0.25,0.29296875,-0.08984375,0.013671875,0.00390625,-0.0078125,1523.25,58.4,179.6,68.2,27.5,,,,,,,,
2026-09-07 15:01:33.711825,0.52801513671875,0.453857421875,0.49688720703125,0.51800537109375,-0.109375,0.3984375,0.21484375,-0.0078125,0.0,0.01953125,1518.75,58.4,179.6,55.7,28.6,,,,,,,,
2026-09-07 15:01:33.798961,0.52764892578125,0.454345703125,0.49652099609375,0.51824951171875,0.046875,-0.18359375,-0.05859375,0.00390625,0.001953125,0.005859375,1527.25,58.4,179.6,52.5,28.2,,,,,,,,
2026-09-07 15:01:33.908445,0.52752685546875,0.45477294921875,0.4962158203125,0.518310546875,-0.0703125,0.25,0.1875,0.0078125,0.0,0.001953125,1527.25,58.4,179.6,52.5,28.2,,,,,,,,
2026-09-07 15:01:34.000287,0.52679443359375,0.45526123046875,0.495849609375,0.51898193359375,0.30859375,-0.78515625,-0.2578125,-0.005859375,0.0,0.001953125,1550.75,57.8,179.6,54.5,35.7,,,,,,,,
2026-09-07 15:01:34.092702,0.52618408203125,0.4560546875,0.49517822265625,0.51959228515625,0.13671875,-0.4140625,-0.02734375,-0.001953125,0.00390625,-0.029296875,1550.75,57.8,179.6,54.5,35.7,,,,,,,,
2026-09-07 15:01:34.208989,0.52593994140625,0.4561767578125,0.4949951171875,0.5198974609375,0.20703125,-0.3359375,-0.11328125,0.001953125,0.001953125,-0.001953125,1536.5,57.8,179.6,56.5,36.9,,,,,,,,
2026-09-07 15:01:34.296939,0.52569580078125,0.45648193359375,0.4947509765625,0.52008056640625,0.0390625,-0.0390625,0.1171875,0.00390625,0.00390625,-0.013671875,1536.5,57.8,179.6,56.5,36.9,,,,,,,,
2026-09-07 15:01:34.397943,0.52508544921875,0.457275390625,0.49432373046875,0.52044677734375,-0.3203125,0.03125,-0.05859375,0.0,0.00390625,-0.0078125,1535.0,57.8,179.6,55.7,34.1,,,,,,,,
2026-09-07 15:01:34.498252,0.52484130859375,0.457275390625,0.494384765625,0.52056884765625,0.0625,0.375,0.24609375,-0.0078125,0.001953125,0.017578125,1535.0,57.8,179.6,55.7,34.1,,,,,,,,
2026-09-07 15:01:34.593750,0.52447509765625,0.45721435546875,0.4945068359375,0.5208740234375,-0.015625,-0.046875,0.15625,-0.0234375,0.0,0.029296875,1534.25,57.8,179.6,55.3,39.6,,,,,,,,
2026-09-07 15:01:34.698447,0.52447509765625,0.45745849609375,0.49432373046875,0.5208740234375,0.0390625,-0.1640625,-0.05078125,-0.001953125,0.001953125,0.009765625,1534.25,57.8,179.6,55.3,39.6,,,,,,,,
2026-09-07 15:01:34.797660,0.5245361328125,0.4578857421875,0.49395751953125,0.52081298828125,0.0078125,0.08984375,-0.09765625,0.021484375,0.00390625,-0.013671875,1548.25,57.8,179.6,60.0,44.7,,,,,,,,
2026-09-07 15:01:34.897964,0.52459716796875,0.45806884765625,0.4937744140625,0.52069091796875,0.0,0.16015625,0.0,0.009765625,0.0,0.001953125,1548.25,57.8,179.6,60.0,44.7,,,,,,,,
2026-09-07 15:01:34.998184,0.5244140625,0.4581298828125,0.49371337890625,0.5208740234375,-0.0546875,-0.046875,-0.14453125,0.001953125,-0.001953125,-0.0078125,1542.0,57.8,179.6,64.3,44.7,,,,,,,,
2026-09-07 15:01:35.096249,0.5245361328125,0.4578857421875,0.49383544921875,0.52081298828125,-0.0078125,0.30078125,0.015625,0.015625,-0.00390625,0.00390625,1542.0,57.8,179.6,64.3,44.7,,,,,,,,
2026-09-07 15:01:35.197770,0.5245361328125,0.45819091796875,0.4935302734375,0.52093505859375,0.046875,-0.12109375,0.0546875,0.009765625,0.0,-0.015625,1560.75,57.8,179.6,63.1,40.4,,,,,,,,
2026-09-07 15:01:35.297474,0.52435302734375,0.45831298828125,0.4932861328125,0.52117919921875,-0.14453125,0.05859375,0.35546875,-0.001953125,0.0,-0.01171875,1560.75,57.8,179.6,63.1,40.4,,,,,,,,
2026-09-07 15:01:35.398178,0.5245361328125,0.458251953125,0.4932861328125,0.5211181640625,0.09765625,-0.12109375,-0.3046875,0.0,0.0,0.001953125,1529.5,57.8,179.6,56.1,30.6,,,,,,,,
2026-09-07 15:01:35.497610,0.5245361328125,0.4580078125,0.4935302734375,0.5211181640625,0.15234375,0.36328125,-0.19921875,-0.00390625,0.001953125,-0.001953125,1529.5,57.8,179.6,56.1,30.6,,,,,,,,
2026-09-07 15:01:35.591730,0.52459716796875,0.45782470703125,0.49365234375,0.52105712890625,-0.0625,-0.12109375,0.0625,0.0078125,0.0,-0.001953125,1527.25,57.8,179.6,56.1,36.5,,,,,,,,
2026-09-07 15:01:35.709438,0.52459716796875,0.45770263671875,0.49365234375,0.52117919921875,-0.046875,0.08203125,0.37890625,0.01171875,-0.00390625,0.005859375,1527.25,57.8,179.6,56.1,36.5,,,,,,,,
2026-09-07 15:01:35.796790,0.5247802734375,0.457763671875,0.49346923828125,0.5211181640625,-0.046875,-0.29296875,0.1328125,0.0,0.0,0.00390625,1542.0,57.8,179.6,60.0,43.5,,,,,,,,
2026-09-07 15:01:35.904880,0.52471923828125,0.45806884765625,0.4930419921875,0.52130126953125,0.12890625,-0.48828125,0.0,0.015625,-0.00390625,-0.01171875,1542.0,57.8,179.6,60.0,43.5,,,,,,,,
2026-09-07 15:01:35.996636,0.5245361328125,0.4583740234375,0.49261474609375,0.52154541015625,-0.10546875,-0.28125,-0.07421875,0.00390625,0.0,-0.013671875,,57.8,179.6,62.4,39.2,,,,,,,,
2026-09-07 15:01:36.103968,0.5242919921875,0.45843505859375,0.492431640625,0.52191162109375,-0.08984375,0.44921875,-0.12109375,0.0,-0.001953125,0.0,,57.8,179.6,62.4,39.2,,,,,,,,
2026-09-07 15:01:36.204606,0.52435302734375,0.45782470703125,0.49285888671875,0.52203369140625,0.30078125,0.0,-0.18359375,0.0078125,-0.001953125,0.009765625,,57.8,179.6,62.4,39.2,,,,,,,,
2026-09-07 15:01:36.305505,0.5245361328125,0.45745849609375,0.49298095703125,0.52203369140625,-0.0859375,0.3828125,0.046875,0.00390625,-0.00390625,0.00390625,1542.75,57.8,179.6,62.0,38.8,,,,,,,,
2026-09-07 15:01:36.404461,0.5247802734375,0.45721435546875,0.49298095703125,0.52203369140625,0.0390625,0.13671875,-0.09765625,-0.00390625,-0.001953125,0.021484375,1542.75,57.8,179.6,62.0,38.8,,,,,,,,
2026-09-07 15:01:36.504747,0.52490234375,0.456298828125,0.49365234375,0.5220947265625,0.13671875,-0.39453125,0.0546875,-0.0078125,-0.005859375,0.005859375,1542.75,57.8,179.6,62.0,38.8,,,,,,,,
2026-09-07 15:01:36.592742,0.52459716796875,0.45587158203125,0.4940185546875,0.5224609375,0.07421875,-0.1796875,-0.48828125,-0.0078125,-0.001953125,-0.001953125,1530.25,57.8,179.6,60.0,38.0,,,,,,,,
2026-09-07 15:01:36.693617,0.52410888671875,0.45556640625,0.49420166015625,0.5230712890625,-0.09375,-0.03515625,0.03125,-0.029296875,-0.001953125,-0.001953125,1530.25,57.8,179.6,60.0,38.0,,,,,,,,
2026-09-07 15:01:36.806434,0.52392578125,0.455078125,0.49456787109375,0.52325439453125,-0.12109375,-0.29296875,0.19140625,-0.029296875,0.0,0.013671875,1526.5,57.8,179.6,57.6,34.1,,,,,,,,
2026-09-07 15:01:36.905092,0.52410888671875,0.4547119140625,0.49468994140625,0.5233154296875,0.09375,-0.21484375,0.015625,0.0,-0.005859375,-0.001953125,1526.5,57.8,179.6,57.6,34.1,,,,,,,,
2026-09-07 15:01:37.006095,0.52374267578125,0.454833984375,0.4945068359375,0.523681640625,0.0703125,-0.55859375,0.09375,-0.00390625,-0.00390625,-0.005859375,1510.75,57.8,179.6,51.8,24.7,,,,,,,,
2026-09-07 15:01:37.107628,0.5233154296875,0.45477294921875,0.4945068359375,0.52423095703125,0.1171875,-0.625,0.18359375,0.025390625,-0.001953125,-0.017578125,1507.0,57.8,179.6,39.6,23.5,,,,,,,,
2026-09-07 15:01:37.191962,0.5230712890625,0.45550537109375,0.49365234375,0.52459716796875,-0.17578125,0.15625,-0.0078125,0.001953125,0.0,-0.00390625,1507.0,57.8,179.6,39.6,23.5,,,,,,,,
2026-09-07 15:01:37.292314,0.52294921875,0.455810546875,0.49334716796875,0.5247802734375,-0.73828125,0.36328125,0.421875,0.001953125,-0.005859375,0.03125,1507.0,57.8,179.6,39.6,23.5,2.0,12.0,37.0044685,-122.18400116666666,15.6,0.78,51.401,311.12
2026-09-07 15:01:37.408632,0.5220947265625,0.456787109375,0.4921875,0.52587890625,0.08203125,-0.3359375,0.046875,0.005859375,-0.00390625,0.017578125,1517.75,57.8,179.6,35.3,24.3,2.0,12.0,37.0044685,-122.18400116666666,15.6,0.78,51.401,311.12
2026-09-07 15:01:37.507061,0.521728515625,0.4578857421875,0.490966796875,0.5263671875,0.04296875,-0.36328125,-0.11328125,0.00390625,-0.001953125,-0.025390625,1531.25,57.8,179.6,34.9,25.1,2.0,12.0,37.0044685,-122.18400116666666,15.6,0.78,51.401,311.12
2026-09-07 15:01:37.606813,0.52130126953125,0.45867919921875,0.489990234375,0.52703857421875,-0.21484375,0.24609375,0.0859375,0.013671875,-0.005859375,-0.009765625,1531.25,57.8,179.6,34.9,25.1,2.0,12.0,37.0044685,-122.18400116666666,15.6,0.78,51.401,311.12
2026-09-07 15:01:37.708608,0.52105712890625,0.45916748046875,0.4891357421875,0.527587890625,0.11328125,-0.11328125,-0.15234375,0.009765625,-0.0078125,0.00390625,1538.25,57.2,179.6,36.1,27.5,2.0,12.0,37.0044685,-122.18400116666666,15.6,0.78,51.401,311.12
2026-09-07 15:01:37.803566,0.52105712890625,0.45947265625,0.4884033203125,0.528076171875,-0.09375,0.484375,0.30078125,0.021484375,-0.009765625,0.001953125,1538.25,57.2,179.6,36.1,27.5,2.0,12.0,37.0044685,-122.18400116666666,15.6,0.78,51.401,311.12
2026-09-07 15:01:37.892811,0.52099609375,0.45977783203125,0.4876708984375,0.5284423828125,0.2890625,0.3984375,-0.55859375,-0.0078125,-0.009765625,0.017578125,1538.25,57.2,179.6,36.1,27.5,2.0,12.0,37.0044685,-122.18400116666666,15.6,0.78,51.401,311.12
2026-09-07 15:01:37.998043,0.52056884765625,0.45953369140625,0.4876708984375,0.5291748046875,0.3046875,0.0,0.0625,-0.0234375,-0.001953125,0.009765625,1539.0,57.2,177.8,40.4,29.8,2.0,12.0,37.0044685,-122.18400116666666,15.6,0.78,51.401,311.12
2026-09-07 15:01:38.098629,0.51995849609375,0.45916748046875,0.48773193359375,0.530029296875,-0.2109375,0.41015625,-0.16015625,-0.009765625,-0.005859375,-0.00390625,1539.0,57.2,177.8,40.4,29.8,2.0,12.0,37.0044685,-122.18400116666666,15.6,0.78,51.401,311.12
2026-09-07 15:01:38.192188,0.51959228515625,0.45855712890625,0.488037109375,0.53070068359375,0.2421875,-0.078125,-0.0546875,-0.01953125,-0.0078125,0.005859375,1513.25,57.2,177.8,42.7,29.8,2.0,12.0,37.0044685,-122.18400116666666,15.6,0.78,51.401,311.12
2026-09-07 15:01:38.307727,0.51910400390625,0.45794677734375,0.4884033203125,0.53131103515625,0.05859375,-0.03515625,-0.13671875,-0.025390625,-0.005859375,0.001953125,1514.0,57.2,177.8,42.4,29.8,,,,,,,,
2026-09-07 15:01:38.407477,0.5185546875,0.45758056640625,0.488525390625,0.53204345703125,-0.1328125,-0.0390625,0.0234375,-0.01953125,-0.0078125,0.00390625,1514.0,57.2,177.8,42.4,29.8,,,,,,,,
2026-09-07 15:01:38.507456,0.51849365234375,0.45703125,0.48883056640625,0.53228759765625,0.1171875,0.06640625,-0.26953125,-0.01953125,0.0,-0.001953125,1509.25,57.2,177.8,43.5,31.8,,,,,,,,
2026-09-07 15:01:38.607015,0.51806640625,0.45648193359375,0.4892578125,0.53277587890625,0.140625,0.18359375,-0.19140625,-0.015625,-0.001953125,0.001953125,1509.25,57.2,177.8,43.5,31.8,,,,,,,,
2026-09-07 15:01:38.701447,0.5177001953125,0.45611572265625,-1.5103759765625,0.533203125,0.02734375,-0.25390625,-0.046875,-0.009765625,-0.001953125,0.001953125,1509.25,57.2,177.8,43.5,31.8,,,,,,,,
2026-09-07 15:01:38.806858,0.517578125,0.45599365234375,0.48968505859375,0.53326416015625,0.234375,-0.25390625,-0.30859375,0.00390625,0.00390625,-0.021484375,1514.75,57.2,177.8,45.5,35.3,,,,,,,,
2026-09-07 15:01:38.907397,0.51727294921875,0.45654296875,0.48931884765625,0.53350830078125,-0.05859375,0.1015625,0.0234375,-0.001953125,0.00390625,-0.017578125,1500.75,57.2,177.8,46.3,34.1,,,,,,,,
2026-09-07 15:01:39.007388,0.5169677734375,0.45697021484375,0.48919677734375,0.533447265625,-0.1484375,0.5703125,-0.14453125,-0.017578125,0.00390625,-0.00390625,1500.75,57.2,177.8,46.3,34.1,,,,,,,,
2026-09-07 15:01:39.107731,0.5169677734375,0.456787109375,0.48956298828125,0.5333251953125,0.35546875,-0.83984375,0.0390625,-0.033203125,0.001953125,0.0,1501.5,57.2,177.8,45.9,33.7,,,,,,,,
2026-09-07 15:01:39.301638,0.51715087890625,0.45806884765625,0.48876953125,0.53271484375,-0.05859375,0.16796875,-0.09765625,-0.015625,0.005859375,-0.005859375,1501.5,57.2,177.8,45.9,33.7,,,,,,,,
2026-09-07 15:01:39.408002,0.51702880859375,0.4581298828125,0.48895263671875,0.53265380859375,0.03515625,-0.0625,-0.10546875,-0.021484375,0.009765625,-0.015625,1502.25,56.5,177.8,45.1,33.3,,,,,,,,
2026-09-07 15:01:39.508986,0.5164794921875,0.458251953125,0.48907470703125,0.532958984375,-0.15625,0.48828125,0.140625,-0.033203125,0.005859375,-0.021484375,1496.75,56.5,177.8,44.3,27.1,,,,,,,,
2026-09-07 15:01:39.616421,0.515625,0.45806884765625,0.48956298828125,0.53350830078125,0.08984375,-0.2109375,0.22265625,-0.03125,0.00390625,-0.017578125,1496.75,56.5,177.8,44.3,27.1,,,,,,,,
2026-09-07 15:01:39.708289,0.514892578125,0.45819091796875,0.4896240234375,0.5340576171875,-0.2265625,-0.31640625,0.046875,-0.021484375,0.00390625,-0.015625,1471.0,56.5,177.8,33.3,20.8,,,,,,,,
2026-09-07 15:01:39.807782,0.51470947265625,0.458251953125,0.48968505859375,0.53411865234375,-0.0546875,-0.01171875,0.3125,0.013671875,0.0078125,-0.009765625,1471.0,56.5,177.8,33.3,20.8,,,,,,,,
2026-09-07 15:01:39.915818,0.514404296875,0.45855712890625,0.48968505859375,0.5341796875,0.03515625,-0.32421875,-0.0859375,0.001953125,0.005859375,-0.0234375,1471.75,56.5,177.8,25.5,22.7,,,,,,,,
2026-09-07 15:01:40.015849,0.51361083984375,0.45947265625,0.48907470703125,0.53466796875,-0.19921875,0.3359375,0.01171875,0.005859375,-0.001953125,0.005859375,1471.75,56.5,177.8,25.5,22.7,,,,,,,,
2026-09-07 15:01:40.117444,0.51373291015625,0.45989990234375,0.48870849609375,0.53460693359375,-0.3125,0.79296875,0.05078125,0.00390625,-0.00390625,0.0390625,1470.25,56.5,177.8,26.7,23.5,,,,,,,,
2026-09-07 15:01:40.305955,0.51531982421875,0.4593505859375,0.48907470703125,0.53314208984375,-0.14453125,1.08984375,0.3828125,0.03515625,-0.001953125,0.044921875,1470.25,56.5,177.8,26.7,23.5,,,,,,,,
2026-09-07 15:01:40.406107,0.51666259765625,0.4595947265625,0.48883056640625,0.5318603515625,0.26953125,0.25390625,0.0234375,0.01171875,-0.001953125,0.015625,1459.25,56.5,179.6,30.6,24.3,,,,,,,,
2026-09-07 15:01:40.505835,0.5169677734375,0.46014404296875,0.48828125,0.53155517578125,-0.0390625,-0.05859375,-0.05078125,0.013671875,-0.0078125,0.03125,1459.25,56.5,179.6,30.6,24.3,,,,,,,,
2026-09-07 15:01:40.605466,0.5172119140625,0.4599609375,0.48828125,0.531494140625,0.11328125,-0.37109375,0.01171875,0.01953125,-0.005859375,-0.005859375,1465.5,55.9,177.8,32.5,24.7,,,,,,,,
2026-09-07 15:01:40.702740,0.51751708984375,0.460205078125,0.48779296875,0.53143310546875,-0.03125,-0.359375,0.0,0.021484375,0.0,-0.001953125,1465.5,55.9,177.8,32.5,24.7,,,,,,,,
2026-09-07 15:01:40.805999,0.51776123046875,0.46051025390625,0.4873046875,0.5313720703125,-0.0859375,-0.50390625,0.24609375,0.009765625,-0.001953125,0.013671875,1454.5,55.9,177.8,34.5,25.9,,,,,,,,
2026-09-07 15:01:40.906001,0.51812744140625,0.4609375,0.48681640625,0.5311279296875,0.01953125,-0.04296875,-0.0078125,-0.021484375,0.001953125,0.00390625,1454.5,55.9,177.8,34.5,25.9,,,,,,,,
2026-09-07 15:01:41.005234,0.51763916015625,0.46075439453125,0.4869384765625,0.53167724609375,0.28125,-0.1328125,-0.09765625,-0.02734375,0.001953125,0.0078125,1474.0,55.9,177.8,41.2,31.4,,,,,,,,
2026-09-07 15:01:41.105324,0.517333984375,0.46063232421875,0.48699951171875,0.531982421875,-0.125,0.328125,-0.046875,-0.025390625,-0.00390625,0.015625,1474.0,55.9,177.8,41.2,31.4,,,,,,,,
2026-09-07 15:01:41.205731,0.51708984375,0.45977783203125,0.4876708984375,0.5323486328125,0.171875,0.08203125,-0.15234375,-0.044921875,-0.00390625,0.015625,1500.0,55.9,177.8,45.5,37.3,,,,,,,,
2026-09-07 15:01:41.299730,0.51666259765625,0.4588623046875,0.4884033203125,0.53289794921875,0.171875,0.06640625,0.12109375,-0.041015625,0.001953125,0.001953125,1500.0,55.9,177.8,45.5,37.3,,,,,,,,
2026-09-07 15:01:41.412145,0.51629638671875,0.45843505859375,0.48876953125,0.53326416015625,-0.1484375,-0.33203125,0.3046875,-0.025390625,0.00390625,-0.00390625,1487.5,55.9,177.8,50.2,41.6,,,,,,,,
2026-09-07 15:01:41.504975,0.515625,0.457763671875,0.48956298828125,0.53375244140625,0.0546875,-0.41796875,-0.015625,-0.0078125,0.005859375,-0.029296875,1487.5,55.9,177.8,50.2,41.6,,,,,,,,
2026-09-07 15:01:41.612331,0.515380859375,0.45758056640625,0.48974609375,0.533935546875,0.0546875,-0.13671875,0.40234375,0.01171875,-0.001953125,0.009765625,1480.25,55.9,177.8,56.1,40.0,,,,,,,,
2026-09-07 15:01:41.704201,0.51568603515625,0.45684814453125,0.49041748046875,0.53375244140625,-0.2421875,0.21484375,0.04296875,0.009765625,-0.00390625,0.0078125,1480.25,55.9,177.8,56.1,40.0,,,,,,,,
2026-09-07 15:01:41.811229,0.51605224609375,0.45672607421875,0.490478515625,0.53338623046875,0.1875,-0.3359375,-0.15625,0.0078125,0.001953125,-0.0078125,1479.5,55.9,179.6,58.8,36.9,,,,,,,,
2026-09-07 15:01:41.911202,0.51617431640625,0.45654296875,0.49078369140625,0.53314208984375,0.0390625,-0.13671875,0.02734375,0.03125,-0.001953125,0.00390625,1460.75,55.9,179.6,54.5,26.3,,,,,,,,
2026-09-07 15:01:42.011586,0.51690673828125,0.45660400390625,0.4908447265625,0.53240966796875,0.22265625,-0.203125,-0.2109375,0.033203125,0.001953125,-0.001953125,1460.75,55.9,179.6,54.5,26.3,,,,,,,,
2026-09-07 15:01:42.112865,0.517822265625,0.456787109375,0.4906005859375,0.531494140625,-0.15234375,0.29296875,-0.1328125,0.025390625,0.0,0.005859375,1445.25,55.3,179.6,41.2,24.3,,,,,,,,
2026-09-07 15:01:42.211907,0.51885986328125,0.45709228515625,0.49029541015625,0.530517578125,-0.08984375,-0.13671875,0.05078125,0.0390625,-0.005859375,0.009765625,1445.25,55.3,179.6,41.2,24.3,,,,,,,,
2026-09-07 15:01:42.300726,0.51983642578125,0.45782470703125,0.489501953125,0.52972412109375,-0.1328125,-0.05078125,-0.0625,0.04296875,0.0,0.0,1445.25,55.3,179.6,41.2,24.3,,,,,,,,
2026-09-07 15:01:42.421481,0.520263671875,0.4581298828125,0.4891357421875,0.52935791015625,0.01171875,0.18359375,-0.359375,0.001953125,-0.005859375,0.01953125,1464.0,55.3,179.6,38.4,25.1,,,,,,,,
2026-09-07 15:01:42.510248,0.52056884765625,0.4581298828125,0.48907470703125,0.529052734375,-0.30078125,0.41015625,0.0390625,-0.013671875,0.0,0.029296875,1472.5,55.3,179.6,40.0,26.3,,,,,,,,
2026-09-07 15:01:42.620662,0.5208740234375,0.4576416015625,0.48944091796875,0.52886962890625,0.01171875,0.36328125,-0.17578125,-0.01171875,-0.001953125,0.013671875,1472.5,55.3,179.6,40.0,26.3,,,,,,,,
2026-09-07 15:01:42.712084,0.52117919921875,0.45745849609375,0.48944091796875,0.5286865234375,0.203125,-0.08984375,-0.12890625,-0.01953125,0.001953125,-0.0078125,1461.5,55.3,179.6,40.4,26.3,,,,,,,,
2026-09-07 15:01:42.800912,0.5208740234375,0.45770263671875,0.4893798828125,0.52886962890625,-0.140625,-0.0625,0.0234375,-0.013671875,0.005859375,-0.00390625,1461.5,55.3,179.6,40.4,26.3,,,,,,,,
2026-09-07 15:01:42.921827,0.5203857421875,0.4581298828125,0.48944091796875,0.5289306640625,-0.06640625,-0.57421875,0.23828125,-0.021484375,0.009765625,-0.01953125,1453.75,54.7,179.6,40.8,27.8,,,,,,,,
2026-09-07 15:01:43.011565,0.5201416015625,0.45843505859375,0.48931884765625,0.52899169921875,0.01953125,-0.4453125,0.125,-0.0078125,0.009765625,-0.015625,1453.75,54.7,179.6,40.8,27.8,,,,,,,,
2026-09-07 15:01:43.121594,0.519775390625,0.45977783203125,0.4886474609375,0.52886962890625,0.01953125,-0.55859375,-0.01953125,-0.00390625,0.0078125,-0.009765625,1483.5,54.7,179.6,46.3,32.9,,,,,,,,
2026-09-07 15:01:43.219147,0.51983642578125,0.46026611328125,0.4884033203125,0.52862548828125,0.04296875,-0.05078125,0.0859375,-0.00390625,0.005859375,-0.00390625,1483.5,54.7,179.6,46.3,32.9,,,,,,,,
2026-09-07 15:01:43.298765,0.5198974609375,0.461181640625,0.48785400390625,0.5281982421875,0.1953125,-0.26953125,-0.06640625,0.0,0.009765625,-0.01171875,1483.5,54.7,179.6,46.3,32.9,,,,,,,,
2026-09-07 15:01:43.407254,0.51971435546875,0.461669921875,0.4876708984375,0.52813720703125,0.1328125,-0.1484375,0.2578125,0.0,0.009765625,0.0,1475.75,54.7,179.6,52.5,41.6,,,,,,,,
2026-09-07 15:01:43.521920,0.5201416015625,0.46258544921875,0.4874267578125,0.52716064453125,-0.2578125,0.39453125,0.25,0.001953125,0.00390625,0.00390625,1463.25,54.7,179.6,56.5,47.1,,,,,,,,
2026-09-07 15:01:43.619420,0.52044677734375,0.4625244140625,0.4874267578125,0.52685546875,0.171875,0.1171875,0.078125,0.0,0.00390625,-0.001953125,1463.25,54.7,179.6,56.5,47.1,,,,,,,,
2026-09-07 15:01:43.719203,0.5206298828125,0.46246337890625,0.48760986328125,0.526611328125,0.171875,0.21484375,-0.19140625,0.00390625,0.00390625,-0.025390625,1467.0,54.7,179.6,56.9,44.7,,,,,,,,
2026-09-07 15:01:43.819846,0.52032470703125,0.46209716796875,0.4881591796875,0.5267333984375,0.25390625,0.03125,-0.13671875,-0.00390625,0.005859375,-0.01953125,1467.0,54.7,179.6,56.9,44.7,,,,,,,,
2026-09-07 15:01:44.042620,0.520263671875,0.4617919921875,0.4886474609375,0.52655029296875,-0.13671875,0.26953125,-0.08203125,0.013671875,0.001953125,-0.00390625,1478.0,54.7,179.6,58.8,42.7,,,,,,,,
2026-09-07 15:01:44.139412,0.5205078125,0.46124267578125,0.48931884765625,0.52618408203125,0.15625,-0.09375,0.13671875,0.009765625,0.001953125,0.021484375,1474.0,54.7,179.6,61.2,40.4,,,,,,,,
2026-09-07 15:01:44.238432,0.52105712890625,0.4608154296875,0.48992919921875,0.5255126953125,-0.05078125,-0.21484375,0.25390625,0.021484375,0.00390625,0.001953125,1474.0,54.7,179.6,61.2,40.4,,,,,,,,
2026-09-07 15:01:44.339494,0.52142333984375,0.46099853515625,0.489990234375,0.52484130859375,-0.11328125,-0.18359375,0.30078125,0.02734375,0.005859375,-0.00390625,1430.25,54.7,179.6,53.3,26.3,,,,,,,,
2026-09-07 15:01:44.438813,0.522216796875,0.46173095703125,0.48956298828125,0.52386474609375,-0.10546875,0.1171875,-0.48828125,0.029296875,0.01171875,0.0,1430.25,54.7,179.6,53.3,26.3,,,,,,,,
2026-09-07 15:01:44.540259,0.5228271484375,0.462158203125,0.4896240234375,0.5228271484375,-0.04296875,0.375,-0.34765625,0.013671875,0.015625,-0.00390625,1431.25,54.7,179.6,47.1,28.2,,,,,,,,
2026-09-07 15:01:44.640518,0.52288818359375,0.46246337890625,0.49005126953125,0.52203369140625,-0.25,0.12890625,-0.13671875,-0.005859375,0.015625,0.01171875,1431.25,54.7,179.6,47.1,28.2,,,,,,,,
2026-09-07 15:01:44.739854,0.5242919921875,0.46356201171875,0.4896240234375,0.52001953125,0.21484375,-0.06640625,-0.12890625,-0.029296875,0.013671875,0.015625,1596.75,54.7,179.6,44.7,30.6,,,,,,,,
2026-09-07 15:01:44.837312,0.525146484375,0.4652099609375,0.4888916015625,0.5184326171875,-0.05078125,-0.1484375,0.29296875,-0.013671875,0.017578125,-0.001953125,1596.75,54.7,179.6,44.7,30.6,,,,,,,,
2026-09-07 15:01:44.941019,0.52587890625,0.467041015625,0.48797607421875,0.516845703125,-0.3203125,-0.4296875,0.20703125,-0.001953125,0.0234375,-0.017578125,1783.5,54.1,179.6,36.9,30.6,,,,,,,,
2026-09-07 15:01:45.040971,0.52642822265625,0.46844482421875,0.4876708984375,0.515380859375,-0.12109375,0.4375,-0.16796875,0.0,0.017578125,0.001953125,1783.5,54.1,179.6,36.9,30.6,,,,,,,,
2026-09-07 15:01:45.141222,0.52618408203125,0.4691162109375,0.48797607421875,0.51470947265625,0.2265625,-0.8671875,-0.13671875,-0.01171875,0.021484375,-0.001953125,1942.75,54.1,179.6,39.6,40.0,,,,,,,,
2026-09-07 15:01:45.241191,0.52569580078125,0.4693603515625,0.48870849609375,0.514404296875,0.22265625,0.49609375,-0.18359375,-0.009765625,0.015625,-0.013671875,1942.75,54.1,179.6,39.6,40.0,,,,,,,,
2026-09-07 15:01:45.326504,0.52490234375,0.47027587890625,0.4886474609375,0.51434326171875,0.21484375,-0.0390625,-0.34375,-0.00390625,0.015625,-0.017578125,1880.25,54.1,179.6,42.4,40.0,,,,,,,,
2026-09-07 15:01:45.442426,0.52447509765625,0.4705810546875,0.48919677734375,0.51397705078125,0.23046875,-0.08203125,0.0703125,-0.013671875,0.015625,-0.00390625,1880.25,54.1,179.6,42.4,40.0,,,,,,,,
2026-09-07 15:01:45.542495,0.51654052734375,0.470947265625,0.48968505859375,0.5133056640625,-0.15234375,0.33203125,0.03515625,0.0078125,0.015625,0.001953125,1767.0,54.1,179.6,41.2,39.2,,,,,,,,
2026-09-07 15:01:45.641507,0.52459716796875,0.47088623046875,0.4906005859375,0.51220703125,-0.109375,0.21484375,0.34375,0.03125,0.013671875,0.0078125,1767.0,54.1,179.6,41.2,39.2,,,,,,,,
2026-09-07 15:01:45.741540,0.52508544921875,0.47088623046875,0.49139404296875,0.510986328125,0.10546875,0.0859375,-0.1328125,0.0078125,0.017578125,-0.001953125,1742.0,54.1,179.6,40.4,28.2,,,,,,,,
2026-09-07 15:01:45.839017,0.52496337890625,0.4710693359375,0.49212646484375,0.51019287109375,0.02734375,-0.390625,-0.0078125,0.009765625,0.01953125,-0.00390625,1742.0,54.1,179.6,40.4,28.2,,,,,,,,
2026-09-07 15:01:45.941588,0.52484130859375,0.47161865234375,0.49273681640625,0.50921630859375,-0.1171875,0.22265625,-0.0546875,0.015625,0.021484375,-0.001953125,1721.75,54.1,179.6,33.3,28.2,,,,,,,,
2026-09-07 15:01:46.041686,0.52508544921875,0.47222900390625,0.493408203125,0.50775146484375,-0.0390625,-0.3046875,0.21484375,0.00390625,0.0234375,0.00390625,1721.75,54.1,179.6,33.3,28.2,,,,,,,,
2026-09-07 15:01:46.141245,0.5252685546875,0.47283935546875,0.4940185546875,0.5064697265625,0.0,-0.09765625,-0.11328125,0.0078125,0.0234375,-0.015625,1732.75,54.1,179.6,34.5,29.0,,,,,,,,
2026-09-07 15:01:46.241463,0.52520751953125,0.47393798828125,0.49407958984375,0.50543212890625,-0.0703125,0.03125,-0.12109375,-0.0078125,0.0234375,0.005859375,1732.75,54.1,179.6,34.5,29.0,,,,,,,,
2026-09-07 15:01:46.342181,0.5250244140625,0.47509765625,0.494140625,0.50445556640625,0.19140625,-0.59375,0.06640625,-0.01953125,0.025390625,-0.0078125,1718.75,54.1,179.6,34.5,29.0,,,,,,,,
2026-09-07 15:01:46.441843,0.524658203125,0.47613525390625,0.494384765625,0.50360107421875,-0.26171875,0.00390625,0.1328125,-0.001953125,0.029296875,-0.013671875,1718.75,54.1,179.6,34.5,29.0,,,,,,,,
2026-09-07 15:01:46.540880,0.524658203125,0.4776611328125,0.49420166015625,0.50225830078125,0.03125,0.00390625,0.05078125,-0.00390625,0.029296875,-0.013671875,1705.25,54.1,179.6,34.1,28.6,,,,,,,,
2026-09-07 15:01:46.641742,0.52447509765625,0.47869873046875,0.49444580078125,0.50128173828125,-0.26953125,0.1328125,0.2421875,-0.0078125,0.021484375,0.001953125,1705.25,54.1,179.6,34.1,28.6,,,,,,,,
2026-09-07 15:01:46.742488,0.5238037109375,0.4793701171875,0.4949951171875,0.50079345703125,-0.13671875,0.42578125,0.09375,-0.02734375,0.0234375,0.0,1702.25,54.1,179.6,31.8,27.1,,,,,,,,
2026-09-07 15:01:46.840285,0.52294921875,0.47955322265625,0.49603271484375,0.50054931640625,0.046875,-0.0078125,0.32421875,-0.03125,0.021484375,0.015625,1702.25,54.1,179.6,31.8,27.1,,,,,,,,
2026-09-07 15:01:46.949751,0.5224609375,0.47967529296875,0.496826171875,0.50006103515625,-0.12109375,0.06640625,0.3671875,-0.009765625,0.025390625,-0.015625,1700.75,53.4,179.6,30.6,26.3,,,,,,,,
2026-09-07 15:01:47.041636,0.52105712890625,0.4805908203125,0.49749755859375,0.5,-0.2734375,-0.32421875,0.59765625,-0.00390625,0.015625,-0.00390625,1700.75,53.4,179.6,30.6,26.3,,,,,,,,
2026-09-07 15:01:47.150116,0.520751953125,0.48077392578125,0.49774169921875,0.4998779296875,-0.3046875,0.14453125,0.3125,0.025390625,0.005859375,0.01953125,1697.5,53.4,179.6,28.6,25.9,,,,,,,,
2026-09-07 15:01:47.241618,0.51922607421875,0.48052978515625,0.49884033203125,0.50067138671875,0.109375,-0.59765625,0.00390625,0.033203125,0.0078125,-0.001953125,1697.5,53.4,179.6,28.6,25.9,,,,,,,,
2026-09-07 15:01:47.334260,0.5181884765625,-1.5194091796875,0.4991455078125,0.50140380859375,-0.11328125,-0.203125,-0.06640625,0.0234375,0.01953125,-0.033203125,1688.25,53.4,179.6,24.7,22.7,,,,,,,,
2026-09-07 15:01:47.435355,0.516357421875,0.481201171875,0.49945068359375,0.5023193359375,-0.43359375,0.28515625,0.11328125,-0.001953125,0.013671875,-0.017578125,1688.25,53.4,179.6,24.7,22.7,,,,,,,,
2026-09-07 15:01:47.534719,0.51544189453125,0.48150634765625,0.5,0.50244140625,-0.171875,0.1015625,-0.125,-0.001953125,0.017578125,0.001953125,1694.5,53.4,179.6,20.8,23.5,,,,,,,,
2026-09-07 15:01:47.635517,0.5147705078125,0.48162841796875,0.500732421875,0.5023193359375,0.01171875,0.19140625,0.12890625,-0.013671875,0.015625,0.009765625,1694.5,53.4,179.6,20.8,23.5,,,,,,,,
2026-09-07 15:01:47.734895,0.51422119140625,0.4820556640625,0.5010986328125,0.5020751953125,-0.04296875,-0.0390625,0.19921875,-0.009765625,0.015625,-0.009765625,1682.0,53.4,179.6,23.1,23.9,,,,,,,,
2026-09-07 15:01:47.850911,0.51361083984375,0.483154296875,0.5009765625,0.5018310546875,-0.04296875,-0.23046875,0.18359375,0.01171875,0.021484375,-0.017578125,1682.0,53.4,179.6,23.1,23.9,,,,,,,,
2026-09-07 15:01:47.938368,0.5123291015625,0.485107421875,0.5006103515625,0.5015869140625,0.1640625,-0.50390625,-0.24609375,0.0,0.021484375,-0.02734375,1691.25,53.4,179.6,26.3,25.1,,,,,,,,
2026-09-07 15:01:48.039732,0.51177978515625,0.48583984375,0.50042724609375,0.50164794921875,0.00390625,0.03125,-0.23046875,-0.0078125,0.021484375,-0.0234375,1691.25,53.4,179.6,26.3,25.1,,,,,,,,
2026-09-07 15:01:48.140159,0.51080322265625,0.48675537109375,0.50054931640625,0.5015869140625,-0.2421875,-0.08203125,0.09375,-0.021484375,0.01953125,0.001953125,1680.25,53.4,179.6,26.7,25.5,,,,,,,,
2026-09-07 15:01:48.235363,0.51019287109375,0.48712158203125,0.50103759765625,0.50140380859375,0.00390625,0.02734375,0.3203125,-0.009765625,0.015625,-0.013671875,1680.25,53.4,179.6,26.7,25.5,,,,,,,,
2026-09-07 15:01:48.340249,0.50927734375,0.48773193359375,0.5010986328125,0.50164794921875,0.140625,-0.04296875,-0.046875,-0.015625,0.01171875,-0.017578125,1681.25,53.4,179.6,26.7,25.1,,,,,,,,
2026-09-07 15:01:48.439586,0.50830078125,0.48809814453125,0.5013427734375,0.50201416015625,-0.2109375,0.28515625,0.07421875,0.0,0.005859375,-0.0078125,1681.25,53.4,179.6,26.7,25.1,,,,,,,,
2026-09-07 15:01:48.539822,0.5074462890625,0.48785400390625,0.50201416015625,0.50244140625,-0.0625,0.1015625,0.1640625,-0.0078125,0.0078125,-0.001953125,1678.75,52.8,179.6,25.9,23.9,,,,,,,,
2026-09-07 15:01:48.639746,0.50677490234375,0.48760986328125,0.50262451171875,0.50274658203125,0.07421875,-0.13671875,0.078125,0.001953125,0.00390625,-0.001953125,1678.75,52.8,179.6,25.9,23.9,,,,,,,,
2026-09-07 15:01:48.750129,0.5047607421875,0.48699951171875,0.5035400390625,0.50445556640625,-0.046875,-0.18359375,0.15234375,-0.005859375,0.005859375,-0.005859375,1677.25,52.8,179.6,23.9,23.9,,,,,,,,
2026-09-07 15:01:48.838894,0.502685546875,0.48663330078125,0.50439453125,0.50604248046875,-0.078125,-0.265625,-0.18359375,-0.001953125,0.005859375,-0.01953125,1677.25,52.8,179.6,23.9,23.9,,,,,,,,
2026-09-07 15:01:48.946702,0.502197265625,0.48651123046875,0.504638671875,0.50634765625,0.09765625,-0.05859375,-0.0234375,-0.01171875,0.0078125,0.009765625,1673.25,52.8,179.6,25.5,26.7,,,,,,,,
2026-09-07 15:01:49.037803,0.50115966796875,0.48614501953125,0.5054931640625,0.50689697265625,0.18359375,-0.51171875,0.03125,-0.001953125,0.0078125,0.001953125,1673.25,52.8,179.6,25.5,26.7,,,,,,,,
2026-09-07 15:01:49.146814,0.50103759765625,0.48614501953125,0.50567626953125,0.5068359375,0.2890625,-0.10546875,-0.28125,0.0,0.01171875,-0.01171875,1673.25,52.8,179.6,35.3,34.1,,,,,,,,
2026-09-07 15:01:49.334273,0.49951171875,0.4862060546875,0.50677490234375,0.5072021484375,-0.04296875,0.4296875,-0.296875,-0.0078125,0.0078125,-0.001953125,1678.0,52.8,179.6,37.3,33.7,2.0,12.0,37.006511333333336,-122.18623316666668,22.5,0.62,51.401,311.12
2026-09-07 15:01:49.434714,0.49896240234375,0.48577880859375,0.5078125,0.50714111328125,-0.09765625,-0.13671875,0.22265625,-0.009765625,0.009765625,0.00390625,1678.0,52.8,179.6,37.3,33.7,2.0,12.0,37.006511333333336,-122.18623316666668,22.5,0.62,51.401,311.12
2026-09-07 15:01:49.535202,0.4989013671875,0.4852294921875,0.5087890625,0.5067138671875,0.0703125,0.26953125,0.31640625,-0.01171875,0.0078125,-0.00390625,1678.0,52.8,179.6,37.3,33.7,2.0,12.0,37.006511333333336,-122.18623316666668,22.5,0.62,51.401,311.12
2026-09-07 15:01:49.647463,0.49853515625,0.4847412109375,0.509765625,0.50653076171875,0.0,-0.56640625,0.16796875,-0.009765625,0.013671875,-0.033203125,1678.0,52.8,179.6,37.3,33.7,2.0,12.0,37.006511333333336,-122.18623316666668,22.5,0.62,51.401,311.12
2026-09-07 15:01:49.746576,0.49822998046875,0.48388671875,0.511474609375,0.5059814453125,0.15234375,-0.3046875,0.03125,-0.01171875,0.005859375,0.001953125,1675.0,52.8,179.6,36.9,33.7,2.0,12.0,37.006511333333336,-122.18623316666668,22.5,0.62,51.401,311.12
2026-09-07 15:01:49.845670,0.497802734375,0.48333740234375,0.51239013671875,0.5059814453125,-0.12109375,0.09765625,0.015625,-0.015625,0.009765625,-0.001953125,1675.0,52.8,179.6,36.9,33.7,2.0,12.0,37.006511333333336,-122.18623316666668,22.5,0.62,51.401,311.12
2026-09-07 15:01:49.946443,0.4974365234375,0.48272705078125,0.51336669921875,0.50592041015625,-0.08203125,0.36328125,0.11328125,-0.01171875,0.005859375,0.00390625,1671.75,52.8,179.6,36.1,30.6,2.0,12.0,37.006511333333336,-122.18623316666668,22.5,0.62,51.401,311.12
2026-09-07 15:01:50.045992,0.49676513671875,0.48193359375,0.5145263671875,0.50616455078125,0.078125,0.24609375,0.08203125,-0.013671875,0.013671875,-0.015625,1671.75,52.8,179.6,36.1,30.6,2.0,12.0,37.006511333333336,-122.18623316666668,22.5,0.62,51.401,311.12
2026-09-07 15:01:50.155005,0.495849609375,0.48114013671875,0.5157470703125,0.506591796875,0.15625,-0.09375,-0.078125,-0.0390625,0.01171875,0.001953125,1678.75,52.8,179.6,35.3,30.6,2.0,12.0,37.006511333333336,-122.18623316666668,22.5,0.62,51.401,311.12
2026-09-07 15:01:50.245217,0.49456787109375,0.48077392578125,0.51666259765625,0.5072021484375,-0.06640625,-0.03125,0.015625,-0.03125,0.015625,0.001953125,1678.75,52.8,179.6,35.3,30.6,2.0,12.0,37.006511333333336,-122.18623316666668,22.5,0.62,51.401,311.12
2026-09-07 15:01:50.355039,0.49365234375,0.48046875,0.51751708984375,0.50762939453125,-0.12890625,-0.0078125,0.23046875,-0.03515625,0.013671875,-0.015625,1679.5,52.8,179.6,35.7,31.8,,,,,,,,
2026-09-07 15:01:50.444979,0.49261474609375,0.4803466796875,0.51812744140625,0.508056640625,0.0703125,-0.41015625,0.18359375,-0.017578125,0.015625,-0.0234375,1679.5,52.8,179.6,35.7,31.8,,,,,,,,
2026-09-07 15:01:50.534465,0.49169921875,0.4803466796875,0.5185546875,0.508544921875,0.0625,0.23828125,-0.03515625,-0.015625,0.01171875,-0.015625,1678.0,52.8,179.6,36.5,32.2,,,,,,,,
2026-09-07 15:01:50.634947,0.4912109375,0.4803466796875,0.51885986328125,0.50872802734375,-0.140625,-0.37890625,0.12890625,0.001953125,0.015625,-0.015625,1678.0,52.8,179.6,36.5,32.2,,,,,,,,
2026-09-07 15:01:50.757285,0.48992919921875,0.48114013671875,0.5191650390625,0.50885009765625,-0.125,-0.21484375,0.2578125,0.01171875,0.01171875,-0.015625,1681.25,52.8,179.6,36.1,30.2,,,,,,,,
2026-09-07 15:01:50.853124,0.48980712890625,0.48138427734375,0.5191650390625,0.50872802734375,0.07421875,0.015625,-0.1484375,0.001953125,0.009765625,-0.0078125,1681.25,52.8,179.6,36.1,30.2,,,,,,,,
2026-09-07 15:01:50.952848,0.48931884765625,-1.5184326171875,0.51953125,0.50872802734375,0.01171875,0.05078125,0.2265625,-0.0078125,0.013671875,-0.001953125,1681.25,52.8,179.6,33.3,28.2,,,,,,,,
2026-09-07 15:01:51.052857,0.48895263671875,0.48193359375,0.51959228515625,0.50860595703125,-0.05859375,0.40234375,-0.2109375,-0.009765625,0.01171875,-0.0078125,1681.25,52.8,179.6,33.3,28.2,,,,,,,,
2026-09-07 15:01:51.150048,0.488525390625,0.4822998046875,0.51983642578125,0.50848388671875,0.10546875,-0.0625,-0.4609375,0.01171875,0.01171875,-0.009765625,1677.25,52.8,179.6,32.5,27.5,,,,,,,,
2026-09-07 15:01:51.233148,0.48822021484375,0.4825439453125,0.52001953125,0.50830078125,-0.01953125,0.1640625,-0.02734375,-0.005859375,0.009765625,0.00390625,1677.25,52.8,179.6,32.5,27.5,,,,,,,,
2026-09-07 15:01:51.340791,0.4881591796875,0.4827880859375,0.52001953125,0.508056640625,0.1796875,-0.39453125,0.05859375,0.009765625,0.005859375,-0.017578125,1683.5,52.8,179.6,32.2,30.2,,,,,,,,
2026-09-07 15:01:51.439386,0.4879150390625,0.4837646484375,0.519775390625,0.50762939453125,0.296875,-0.65625,-0.01171875,0.029296875,0.01171875,-0.013671875,1683.5,52.8,179.6,32.2,30.2,,,,,,,,
2026-09-07 15:01:51.542675,0.48797607421875,0.485107421875,0.51904296875,0.50714111328125,-0.125,0.04296875,0.6875,0.033203125,0.005859375,-0.001953125,1688.25,53.4,179.6,36.9,36.1,,,,,,,,
2026-09-07 15:01:51.656206,0.489013671875,0.48583984375,0.518798828125,0.505615234375,0.04296875,0.48828125,0.1796875,0.021484375,0.005859375,0.015625,1688.25,53.4,179.6,36.9,36.1,,,,,,,,
2026-09-07 15:01:51.754257,0.4893798828125,0.48614501953125,0.51898193359375,0.50482177734375,0.21875,0.1953125,-0.078125,0.0234375,0.013671875,-0.009765625,1721.0,53.4,179.6,41.6,41.2,,,,,,,,
2026-09-07 15:01:51.853570,0.4893798828125,0.48626708984375,0.51934814453125,0.5042724609375,0.1484375,0.65234375,-0.1875,-0.005859375,0.01171875,-0.00390625,1721.0,53.4,179.6,41.6,41.2,,,,,,,,
2026-09-07 15:01:51.953241,0.48956298828125,0.4862060546875,0.51995849609375,0.5035400390625,-0.10546875,0.1015625,-0.57421875,-0.013671875,0.015625,0.005859375,1732.75,53.4,179.6,45.1,42.0,,,,,,,,
2026-09-07 15:01:52.039510,0.48974609375,0.48614501953125,0.5203857421875,0.50299072265625,0.60546875,-0.4453125,-0.34375,0.001953125,0.015625,0.005859375,1732.75,53.4,179.6,45.1,42.0,,,,,,,,
2026-09-07 15:01:52.272799,0.49285888671875,0.48602294921875,0.5225830078125,0.497802734375,-0.14453125,-0.109375,0.30859375,0.0078125,0.013671875,0.0078125,1724.0,53.4,179.6,44.3,28.6,,,,,,,,
2026-09-07 15:01:52.361093,0.49359130859375,0.48626708984375,0.5228271484375,0.49652099609375,-0.29296875,-0.1015625,0.4296875,0.0234375,0.01171875,-0.00390625,1701.5,53.4,179.6,33.3,26.7,,,,,,,,
2026-09-07 15:01:52.470692,0.49359130859375,0.4869384765625,0.52276611328125,0.4959716796875,-0.15234375,-0.31640625,-0.22265625,0.01953125,0.013671875,-0.005859375,1701.5,53.4,179.6,33.3,26.7,,,,,,,,
2026-09-07 15:01:52.561688,0.49334716796875,0.48773193359375,0.52264404296875,0.49554443359375,-0.11328125,-0.609375,0.09765625,0.01171875,0.009765625,0.001953125,1714.0,53.4,179.6,32.5,26.7,,,,,,,,
2026-09-07 15:01:52.653355,0.4930419921875,0.4884033203125,0.52252197265625,0.4952392578125,-0.05078125,0.02734375,0.0546875,0.009765625,0.01171875,-0.01171875,1714.0,53.4,179.6,32.5,26.7,,,,,,,,
2026-09-07 15:01:52.770966,0.49298095703125,0.48907470703125,0.5223388671875,0.494873046875,0.2265625,-0.02734375,-0.22265625,0.025390625,0.009765625,0.0078125,1714.75,54.1,179.6,31.8,26.3,,,,,,,,
2026-09-07 15:01:52.858418,0.49267578125,0.48944091796875,0.52227783203125,0.49493408203125,-0.05078125,-0.05078125,-0.05859375,-0.0078125,0.009765625,-0.0078125,1714.75,54.1,179.6,31.8,26.3,,,,,,,,
2026-09-07 15:01:52.960010,0.49200439453125,0.49017333984375,0.52215576171875,0.4949951171875,-0.1875,0.1328125,0.0859375,0.009765625,0.01171875,-0.01171875,1707.75,54.1,179.6,30.2,26.3,,,,,,,,
2026-09-07 15:01:53.059099,0.49169921875,0.49102783203125,0.52191162109375,0.4947509765625,-0.1171875,0.05859375,0.19140625,0.015625,0.009765625,-0.00390625,1707.75,54.1,179.6,30.2,26.3,,,,,,,,
2026-09-07 15:01:53.159827,0.49163818359375,0.49188232421875,0.5216064453125,0.4942626953125,0.05078125,-0.10546875,-0.16015625,0.021484375,0.01171875,0.015625,1703.75,54.1,179.6,30.2,27.1,,,,,,,,
2026-09-07 15:01:53.255104,0.49139404296875,0.49310302734375,0.52130126953125,0.4935302734375,0.1171875,0.36328125,-0.3046875,0.0234375,0.009765625,0.0078125,1703.75,54.1,179.6,30.2,27.1,,,,,,,,
2026-09-07 15:01:53.353777,0.491455078125,0.49359130859375,0.52117919921875,0.49310302734375,-0.08203125,0.0390625,0.0078125,0.037109375,0.01171875,-0.005859375,1707.75,54.1,179.6,31.8,27.5,,,,,,,,
2026-09-07 15:01:53.460202,0.49188232421875,0.4945068359375,0.5208740234375,0.49212646484375,0.03515625,0.0,0.09375,0.048828125,0.01171875,0.0078125,1707.75,54.1,179.6,31.8,27.5,,,,,,,,
2026-09-07 15:01:53.559781,0.49176025390625,0.4957275390625,0.52044677734375,0.491455078125,0.0859375,-0.38671875,0.234375,0.03515625,0.015625,-0.01953125,1707.75,54.1,179.6,33.7,31.0,,,,,,,,
2026-09-07 15:01:53.659235,0.49139404296875,0.49664306640625,0.52044677734375,0.49090576171875,-0.42578125,0.8359375,-0.35546875,0.0234375,0.017578125,-0.013671875,1707.75,54.1,179.6,33.7,31.0,,,,,,,,
2026-09-07 15:01:53.759814,0.49163818359375,0.49737548828125,0.52044677734375,0.48992919921875,-0.12890625,-0.25,-0.125,0.02734375,0.013671875,-0.009765625,1717.75,54.1,179.6,35.7,32.5,,,,,,,,
2026-09-07 15:01:53.854690,0.49163818359375,0.4984130859375,0.52020263671875,0.4891357421875,0.1484375,-0.13671875,0.2578125,0.02734375,0.015625,-0.015625,1717.75,54.1,179.6,35.7,32.5,,,,,,,,
2026-09-07 15:01:53.953570,0.49169921875,0.49932861328125,0.5201416015625,0.4881591796875,-0.2734375,-0.12890625,0.3671875,0.0234375,0.015625,0.001953125,1715.5,54.1,179.6,38.4,34.9,,,,,,,,
2026-09-07 15:01:54.053816,0.4920654296875,0.5,0.52032470703125,0.4869384765625,-0.09765625,0.1328125,-0.28515625,0.0078125,0.013671875,0.0078125,1715.5,54.1,179.6,38.4,34.9,,,,,,,,
2026-09-07 15:01:54.167160,0.4923095703125,0.50048828125,0.520751953125,0.48577880859375,0.19140625,-0.02734375,-0.15625,0.015625,0.017578125,0.0078125,1718.75,54.1,179.6,38.4,34.9,,,,,,,,
2026-09-07 15:01:54.258188,0.4923095703125,0.50103759765625,0.52105712890625,0.48480224609375,-0.08984375,0.1796875,-0.0546875,0.00390625,0.017578125,0.0,1718.75,54.1,179.6,38.4,34.9,,,,,,,,
2026-09-07 15:01:54.366877,0.4925537109375,0.501708984375,0.52130126953125,0.48358154296875,-0.12109375,0.23046875,0.06640625,0.025390625,0.017578125,-0.017578125,1730.25,54.7,179.6,34.5,27.8,,,,,,,,
2026-09-07 15:01:54.465362,0.4927978515625,0.502197265625,0.521728515625,0.48248291015625,0.015625,0.1328125,0.19140625,0.0,0.015625,0.013671875,1730.25,54.7,179.6,34.5,27.8,,,,,,,,
2026-09-07 15:01:54.557758,0.49298095703125,0.502685546875,0.52203369140625,0.48138427734375,0.1328125,-0.3515625,-0.03125,0.0078125,0.013671875,-0.001953125,1723.25,54.7,179.6,30.2,26.3,,,,,,,,
2026-09-07 15:01:54.667759,0.492919921875,0.50360107421875,0.5220947265625,0.48052978515625,-0.08203125,-0.05859375,-0.12890625,0.01171875,0.015625,0.005859375,1723.25,54.7,179.6,30.2,26.3,,,,,,,,
2026-09-07 15:01:54.765599,0.49273681640625,0.50439453125,0.52215576171875,0.47979736328125,-0.10546875,-0.359375,-0.0078125,-0.001953125,0.015625,0.00390625,1728.0,54.7,179.6,28.6,25.9,,,,,,,,
2026-09-07 15:01:54.865724,0.49261474609375,0.50531005859375,0.5220947265625,0.47900390625,0.03515625,-0.07421875,0.0078125,0.0078125,0.015625,0.013671875,1728.0,54.7,179.6,28.6,25.9,,,,,,,,
2026-09-07 15:01:54.966446,0.49249267578125,0.506103515625,0.5220947265625,0.47821044921875,0.1953125,-0.18359375,0.078125,0.015625,0.017578125,-0.001953125,1734.25,54.7,179.6,28.2,26.3,,,,,,,,
2026-09-07 15:01:55.066436,0.4921875,0.5068359375,0.522216796875,0.4776611328125,0.0546875,-0.12890625,0.15234375,0.005859375,0.017578125,-0.015625,1734.25,54.7,179.6,28.2,26.3,,,,,,,,
2026-09-07 15:01:55.166774,0.49163818359375,0.5078125,0.5220947265625,0.47735595703125,-0.14453125,-0.2265625,-0.10546875,-0.005859375,0.015625,-0.00390625,1732.75,54.7,179.6,27.5,25.5,,,,,,,,
2026-09-07 15:01:55.265684,0.4910888671875,0.50860595703125,0.5220947265625,0.47711181640625,-0.08984375,-0.2734375,0.109375,-0.015625,0.017578125,-0.001953125,1732.75,54.7,179.6,27.5,25.5,,,,,,,,
2026-09-07 15:01:55.368235,0.490478515625,0.50909423828125,0.52239990234375,0.476806640625,-0.10546875,0.09375,0.18359375,-0.009765625,0.015625,-0.00390625,1736.5,54.7,179.6,25.9,24.3,,,,,,,,
2026-09-07 15:01:55.469228,0.48980712890625,0.50982666015625,0.5224609375,0.4765625,-0.125,0.02734375,0.046875,0.00390625,0.015625,-0.00390625,1736.5,54.7,179.6,25.9,24.3,,,,,,,,
2026-09-07 15:01:55.565477,0.4896240234375,0.5106201171875,0.5224609375,0.47607421875,-0.01171875,-0.3359375,0.13671875,0.01171875,0.015625,-0.00390625,1735.75,54.7,179.6,21.2,23.1,,,,,,,,
2026-09-07 15:01:55.668582,0.4891357421875,0.51123046875,0.52252197265625,0.47576904296875,0.10546875,-0.1796875,-0.046875,0.013671875,0.01953125,-0.029296875,1735.75,54.7,179.6,21.2,23.1,,,,,,,,
2026-09-07 15:01:55.772676,0.4881591796875,0.5123291015625,0.52239990234375,0.47576904296875,-0.1484375,0.0703125,-0.25390625,0.00390625,0.017578125,-0.015625,1737.5,54.7,179.6,20.4,23.1,,,,,,,,
2026-09-07 15:01:55.868839,0.4874267578125,0.51312255859375,0.5224609375,0.4755859375,0.02734375,-0.15234375,-0.0234375,-0.0078125,0.017578125,-0.005859375,1737.5,54.7,179.6,20.4,23.1,,,,,,,,
2026-09-07 15:01:55.969696,0.48681640625,0.51373291015625,0.5225830078125,0.475341796875,0.10546875,-0.3046875,0.0625,-0.01171875,0.017578125,-0.013671875,1739.0,55.3,179.6,20.4,23.1,,,,,,,,
2026-09-07 15:01:56.053325,0.486083984375,0.5145263671875,0.5225830078125,0.4752197265625,0.171875,0.01171875,-0.21484375,-0.01171875,0.017578125,0.0,1739.0,55.3,179.6,20.4,23.1,,,,,,,,
2026-09-07 15:01:56.170410,0.4854736328125,0.51531982421875,0.52264404296875,0.47491455078125,-0.01953125,0.1640625,0.0859375,0.0,0.021484375,-0.00390625,1744.5,55.3,179.6,20.8,22.7,,,,,,,,
2026-09-07 15:01:56.268627,0.4852294921875,0.5159912109375,0.5228271484375,0.474365234375,0.01953125,-0.16015625,-0.10546875,-0.00390625,0.021484375,0.0078125,1744.5,55.3,179.6,20.8,22.7,,,,,,,,
2026-09-07 15:01:56.369667,0.4849853515625,0.51678466796875,0.52294921875,0.47357177734375,0.1953125,-0.43359375,0.1015625,0.01953125,0.0234375,-0.015625,1747.5,55.3,179.6,20.4,22.7,,,,,,,,
2026-09-07 15:01:56.469608,0.484375,0.5179443359375,0.5228271484375,0.47308349609375,-0.125,-0.02734375,-0.2421875,0.001953125,0.0234375,-0.005859375,1747.5,55.3,179.6,20.4,22.7,,,,,,,,
2026-09-07 15:01:56.569010,0.483642578125,0.5191650390625,0.522705078125,0.4725341796875,-0.09375,0.203125,-0.1953125,-0.0078125,0.021484375,-0.001953125,1749.0,55.3,179.6,20.0,23.1,,,,,,,,
2026-09-07 15:01:56.653583,0.4832763671875,0.51971435546875,0.5230712890625,0.47186279296875,-0.15625,0.29296875,0.09375,0.0078125,0.017578125,0.001953125,1749.0,55.3,179.6,20.0,23.1,,,,,,,,
2026-09-07 15:01:56.770205,0.4830322265625,0.52032470703125,0.52337646484375,0.47119140625,-0.01171875,0.12890625,0.15625,-0.01171875,0.017578125,0.001953125,1749.0,55.3,179.6,20.0,23.1,,,,,,,,
2026-09-07 15:01:56.868324,0.4827880859375,0.520751953125,0.52374267578125,0.4705810546875,0.11328125,-0.29296875,0.09375,-0.013671875,0.01953125,-0.00390625,1749.0,55.3,179.6,20.0,23.1,,,,,,,,
2026-09-07 15:01:56.969031,0.482177734375,0.521240234375,0.52410888671875,0.47027587890625,-0.25,0.20703125,0.125,0.0078125,0.015625,-0.005859375,1753.0,55.3,179.6,20.4,22.7,,,,,,,,
2026-09-07 15:01:57.068879,0.48162841796875,0.52178955078125,0.52435302734375,0.46990966796875,-0.1171875,-0.18359375,0.0234375,0.00390625,0.013671875,0.001953125,1753.0,55.3,179.6,20.4,22.7,,,,,,,,
2026-09-07 15:01:57.165597,0.48101806640625,0.522216796875,0.52471923828125,0.4696044921875,-0.0703125,0.1640625,-0.0234375,-0.013671875,0.021484375,0.0,1753.0,55.3,179.6,18.8,21.6,,,,,,,,
2026-09-07 15:01:57.269253,0.480224609375,0.5225830078125,0.52532958984375,0.469482421875,-0.23046875,0.046875,0.33203125,-0.00390625,0.013671875,-0.005859375,1753.0,55.3,179.6,18.8,21.6,,,,,,,,
2026-09-07 15:01:57.369352,0.47930908203125,0.52288818359375,0.52581787109375,0.46942138671875,0.10546875,0.20703125,-0.55859375,0.0,0.015625,0.009765625,1758.5,55.3,179.6,16.5,21.2,,,,,,,,
2026-09-07 15:01:57.469501,0.4786376953125,0.52313232421875,0.5263671875,0.46923828125,0.19140625,-0.13671875,0.15625,-0.0078125,0.015625,0.0078125,1758.5,55.3,179.6,16.5,21.2,,,,,,,,
2026-09-07 15:01:57.570268,0.47784423828125,0.523681640625,0.5267333984375,0.46905517578125,-0.046875,-0.03515625,-0.015625,0.001953125,0.021484375,-0.005859375,1761.5,55.3,179.6,16.5,20.8,,,,,,,,
2026-09-07 15:01:57.661270,0.4769287109375,0.52435302734375,0.5269775390625,0.46893310546875,-0.1640625,-0.0078125,0.0078125,0.0,0.015625,-0.005859375,1761.5,55.3,179.6,16.5,20.8,,,,,,,,
2026-09-07 15:01:57.770058,0.476318359375,0.52484130859375,0.52740478515625,0.46856689453125,-0.0234375,-0.11328125,-0.19140625,-0.00390625,0.021484375,-0.005859375,1764.0,55.9,179.6,15.7,20.8,,,,,,,,
2026-09-07 15:01:57.869185,0.475341796875,0.52545166015625,0.5277099609375,0.46844482421875,-0.0703125,0.1796875,-0.21484375,-0.0078125,0.0234375,-0.0078125,1764.0,55.9,179.6,15.7,20.8,,,,,,,,
2026-09-07 15:01:57.977324,0.4744873046875,0.5260009765625,0.528076171875,0.46832275390625,0.14453125,0.1015625,-0.05859375,-0.02734375,0.015625,0.015625,1764.75,55.9,179.6,15.3,20.4,,,,,,,,
2026-09-07 15:01:58.069294,0.4735107421875,0.52679443359375,0.52862548828125,0.46771240234375,0.0390625,0.30078125,-0.05859375,0.001953125,0.0234375,-0.013671875,1764.75,55.9,179.6,15.3,20.4,,,,,,,,
2026-09-07 15:01:58.164994,0.47320556640625,0.5269775390625,0.5289306640625,0.467529296875,0.14453125,-0.06640625,-0.328125,-0.01171875,0.021484375,-0.005859375,1766.25,55.9,179.6,14.9,20.4,,,,,,,,
2026-09-07 15:01:58.278161,0.47259521484375,0.52764892578125,0.52923583984375,0.467041015625,0.08984375,-0.16796875,-0.21484375,-0.0078125,0.0234375,-0.013671875,1766.25,55.9,179.6,14.9,20.4,,,,,,,,
2026-09-07 15:01:58.379913,0.471435546875,0.52850341796875,0.52996826171875,0.4664306640625,0.08203125,0.1171875,-0.02734375,-0.00390625,0.021484375,-0.0078125,1766.25,55.9,179.6,14.9,20.4,,,,,,,,
2026-09-07 15:01:58.477648,0.470458984375,0.529052734375,0.53057861328125,0.466064453125,-0.18359375,0.55859375,-0.08984375,-0.009765625,0.0234375,0.005859375,1766.25,55.9,179.6,14.9,20.4,,,,,,,,
2026-09-07 15:01:58.577889,0.46990966796875,0.529296875,0.531494140625,0.46533203125,0.13671875,0.17578125,-0.06640625,0.0078125,0.017578125,0.0078125,1770.25,55.9,179.6,15.3,20.4,,,,,,,,
2026-09-07 15:01:58.661105,0.4693603515625,0.52972412109375,0.5321044921875,0.4647216796875,0.03515625,0.08984375,-0.02734375,-0.03515625,0.021484375,0.009765625,1770.25,55.9,179.6,15.3,20.4,,,,,,,,
2026-09-07 15:01:58.873326,0.468017578125,0.53082275390625,0.53265380859375,0.4642333984375,-0.21484375,-0.0078125,0.0234375,-0.01953125,0.021484375,0.0,1771.0,55.9,179.6,15.3,20.4,,,,,,,,
2026-09-07 15:01:58.976492,0.4666748046875,0.5313720703125,0.533447265625,0.46392822265625,-0.17578125,0.0546875,0.1015625,-0.013671875,0.021484375,-0.001953125,1772.5,55.9,179.6,15.3,20.0,,,,,,,,
2026-09-07 15:01:59.077291,0.46588134765625,0.53173828125,0.53399658203125,0.4637451171875,-0.0078125,0.0234375,-0.0703125,-0.001953125,0.017578125,0.005859375,1772.5,55.9,179.6,15.3,20.0,,,,,,,,
2026-09-07 15:01:59.177955,0.46484375,0.53167724609375,0.534912109375,0.4637451171875,0.0390625,0.30078125,-0.3828125,-0.03515625,0.021484375,0.005859375,1775.75,55.9,179.6,13.3,20.0,,,,,,,,
2026-09-07 15:01:59.277475,0.46356201171875,0.53167724609375,0.53582763671875,0.46405029296875,0.0078125,0.08203125,-0.22265625,-0.0234375,0.017578125,-0.009765625,1775.75,55.9,179.6,13.3,20.0,,,,,,,,
2026-09-07 15:01:59.373313,0.46221923828125,0.53216552734375,0.5361328125,0.4644775390625,-0.078125,-0.19921875,-0.1171875,0.01171875,0.013671875,-0.0234375,1779.5,55.9,179.6,13.7,20.0,,,,,,,,
2026-09-07 15:01:59.465417,0.4613037109375,0.53253173828125,0.536376953125,0.46466064453125,-0.015625,-0.01171875,0.2578125,-0.009765625,0.017578125,-0.00390625,1779.5,55.9,179.6,13.7,20.0,,,,,,,,
2026-09-07 15:01:59.587124,0.45947265625,0.53326416015625,0.5367431640625,0.46527099609375,0.22265625,-0.32421875,0.02734375,-0.021484375,0.01953125,-0.009765625,1780.25,55.9,179.6,12.9,18.0,,,,,,,,
2026-09-07 15:01:59.676506,0.45904541015625,0.53350830078125,0.53680419921875,0.46527099609375,-0.3515625,0.17578125,-0.08984375,-0.01171875,0.01171875,0.009765625,1780.25,55.9,179.6,12.9,18.0,,,,,,,,
2026-09-07 15:01:59.786589,0.45849609375,0.53411865234375,0.53704833984375,0.46484375,-0.01171875,0.359375,0.03515625,0.009765625,0.01171875,-0.001953125,1782.75,56.5,179.6,9.4,17.6,,,,,,,,
2026-09-07 15:01:59.876558,0.45831298828125,0.534423828125,0.53704833984375,0.46466064453125,-0.1953125,0.2265625,0.140625,0.0,0.013671875,-0.00390625,1782.75,56.5,179.6,9.4,17.6,,,,,,,,
2026-09-07 15:01:59.964724,0.4578857421875,0.53521728515625,0.536865234375,0.46441650390625,-0.03515625,0.09765625,0.33984375,0.03125,0.01171875,-0.00390625,1773.25,56.5,179.6,6.7,17.6,,,,,,,,
2026-09-07 15:02:00.065312,0.457763671875,0.53558349609375,0.5367431640625,0.46429443359375,0.05859375,-0.01953125,0.01171875,0.013671875,0.0078125,0.0078125,1773.25,56.5,179.6,6.7,17.6,,,,,,,,
2026-09-07 15:02:00.188690,0.4566650390625,0.53704833984375,0.53619384765625,0.4642333984375,-0.08203125,0.1796875,0.109375,0.01171875,0.0078125,-0.00390625,1782.0,56.5,179.6,6.3,17.6,,,,,,,,
2026-09-07 15:02:00.284703,0.45654296875,0.5372314453125,0.53619384765625,0.46417236328125,-0.2421875,0.6484375,-0.140625,-0.0078125,0.005859375,0.017578125,1782.0,56.5,179.6,6.3,17.6,,,,,,,,
2026-09-07 15:02:00.384641,0.45623779296875,0.53729248046875,0.5364990234375,0.46405029296875,-0.00390625,0.16015625,-0.21875,-0.001953125,0.009765625,0.00390625,1778.75,56.5,179.6,6.3,17.6,,,,,,,,
2026-09-07 15:02:00.484845,0.455078125,0.53765869140625,0.53680419921875,0.4644775390625,0.14453125,0.015625,-0.140625,-0.00390625,0.009765625,-0.005859375,1778.75,56.5,179.6,6.3,17.6,,,,,,,,
2026-09-07 15:02:00.583079,0.45452880859375,0.53802490234375,0.53668212890625,0.4647216796875,0.09765625,-0.3125,0.05859375,-0.015625,0.013671875,-0.00390625,1781.25,56.5,179.6,6.3,17.6,,,,,,,,
2026-09-07 15:02:00.684553,0.45281982421875,0.53887939453125,0.53656005859375,0.46551513671875,-0.0390625,0.16796875,-0.05078125,0.0,0.01171875,-0.00390625,1781.25,56.5,179.6,6.3,17.6,,,,,,,,
2026-09-07 15:02:00.784431,0.4521484375,0.53936767578125,0.53656005859375,0.46563720703125,-0.046875,-0.07421875,0.01953125,0.00390625,0.01171875,0.005859375,1781.25,56.5,179.6,6.3,17.6,,,,,,,,
2026-09-07 15:02:00.884490,0.45166015625,0.5396728515625,0.53662109375,0.46563720703125,0.13671875,0.16796875,-0.125,0.03125,0.005859375,0.001953125,1781.25,56.5,179.6,6.3,17.6,,,,,,,,
2026-09-07 15:02:00.984496,0.45123291015625,0.54046630859375,0.53619384765625,0.46551513671875,0.21484375,-0.78125,0.09765625,0.04296875,0.01171875,-0.015625,1780.25,56.5,179.6,5.9,17.6,,,,,,,,
2026-09-07 15:02:01.069162,0.4508056640625,0.5411376953125,0.53582763671875,-1.53436279296875,0.10546875,-0.83203125,0.1796875,0.02734375,0.01171875,-0.03125,1780.25,56.5,179.6,5.9,17.6,,,,,,,,
2026-09-07 15:02:01.186887,0.4490966796875,0.54290771484375,0.534912109375,0.46630859375,-0.0625,-0.1171875,-0.1875,0.00390625,0.009765625,-0.017578125,1778.0,56.5,179.6,5.9,17.6,,,,,,,,
2026-09-07 15:02:01.284007,0.44854736328125,0.54327392578125,0.534912109375,0.4664306640625,-0.0390625,0.078125,0.01953125,-0.001953125,0.0078125,0.0078125,1778.0,56.5,179.6,5.9,17.6,,,,,,,,
2026-09-07 15:02:01.385354,0.4482421875,0.54351806640625,0.534912109375,0.46636962890625,0.15234375,0.01953125,0.05078125,-0.00390625,0.005859375,0.005859375,1779.5,56.5,179.6,5.9,17.6,,,,,,,,
2026-09-07 15:02:01.484862,0.44775390625,0.5438232421875,0.53497314453125,0.4664306640625,-0.0546875,0.1640625,0.171875,0.0,0.009765625,-0.0078125,1779.5,56.5,179.6,5.9,17.6,,,,,,,,
2026-09-07 15:02:01.583149,0.447265625,0.5445556640625,0.53466796875,0.4664306640625,-0.0390625,-0.01171875,0.11328125,0.015625,0.01171875,-0.009765625,1780.25,56.5,179.6,6.3,17.6,,,,,,,,
2026-09-07 15:02:01.685465,0.447021484375,0.5452880859375,0.534423828125,0.466064453125,-0.24609375,0.1796875,0.1484375,0.025390625,0.01171875,-0.001953125,1780.25,56.5,179.6,6.3,17.6,,,,,,,,
2026-09-07 15:02:01.786498,0.447021484375,0.54583740234375,0.5345458984375,0.46527099609375,-0.23828125,0.1796875,0.01953125,0.0078125,0.017578125,0.005859375,1781.25,56.5,179.6,6.3,17.6,,,,,,,,
2026-09-07 15:02:01.885037,0.4471435546875,0.54644775390625,0.53460693359375,0.46435546875,-0.0625,0.37890625,-0.22265625,0.015625,0.015625,0.009765625,1781.25,56.5,179.6,6.3,17.6,,,,,,,,
2026-09-07 15:02:01.985412,0.4468994140625,0.54718017578125,0.5347900390625,0.463623046875,0.01171875,0.31640625,-0.03125,-0.00390625,0.017578125,-0.005859375,1782.0,56.5,179.6,6.7,17.6,,,,,,,,
2026-09-07 15:02:02.085870,0.4466552734375,0.54742431640625,0.53533935546875,0.46282958984375,-0.15625,0.3828125,-0.02734375,-0.021484375,0.01953125,0.00390625,1782.0,56.5,179.6,6.7,17.6,,,,,,,,
2026-09-07 15:02:02.186780,0.4466552734375,0.5477294921875,0.53582763671875,0.46197509765625,-0.0390625,0.48828125,-0.578125,-0.001953125,0.015625,0.01953125,1782.0,,179.6,6.7,17.6,,,,,,,,
2026-09-07 15:02:02.287151,0.4461669921875,0.54852294921875,0.53582763671875,0.46136474609375,-0.01953125,-0.33203125,0.25390625,0.001953125,0.017578125,-0.017578125,1782.0,,179.6,6.7,17.6,,,,,,,,
2026-09-07 15:02:02.387298,0.4459228515625,0.54925537109375,0.53607177734375,0.46051025390625,0.12109375,-0.63671875,0.1953125,-0.0078125,0.025390625,0.0078125,1782.0,,179.6,6.7,17.6,,,,,,,,
2026-09-07 15:02:02.480303,0.4459228515625,0.5498046875,0.5360107421875,0.4599609375,0.02734375,-0.0859375,-0.33984375,0.001953125,0.0234375,-0.009765625,1779.5,56.5,179.6,6.7,17.6,,,,,,,,
2026-09-07 15:02:02.583050,0.4451904296875,0.55126953125,0.53607177734375,0.45880126953125,0.09765625,0.0078125,-0.6484375,0.001953125,0.021484375,-0.0078125,1779.5,56.5,179.6,6.7,17.6,,,,,,,,
2026-09-07 15:02:02.684520,0.4447021484375,0.55224609375,0.5361328125,0.4580078125,0.01953125,0.4453125,-0.25390625,-0.01953125,0.0234375,-0.001953125,1781.25,56.5,179.6,7.1,17.6,,,,,,,,
2026-09-07 15:02:02.783651,0.44427490234375,0.5535888671875,0.53594970703125,0.4571533203125,0.3359375,-0.52734375,-0.24609375,0.013671875,0.021484375,-0.001953125,1781.25,56.5,179.6,7.1,17.6,,,,,,,,
2026-09-07 15:02:02.883893,0.44354248046875,0.55499267578125,0.5357666015625,0.456298828125,0.01171875,0.265625,-0.171875,-0.00390625,0.03125,-0.013671875,1780.25,56.5,179.6,7.1,17.6,,,,,,,,
2026-09-07 15:02:02.976376,0.4434814453125,0.55548095703125,0.535888671875,0.45562744140625,-0.00390625,0.125,0.08203125,0.013671875,0.0234375,0.015625,1780.25,56.5,179.6,7.1,17.6,,,,,,,,
2026-09-07 15:02:03.077653,0.44384765625,0.5572509765625,0.535888671875,0.4530029296875,0.16015625,-0.05859375,0.10546875,0.013671875,0.02734375,0.005859375,1782.75,56.5,179.6,7.1,17.6,,,,,,,,
2026-09-07 15:02:03.184341,0.44403076171875,0.55859375,0.5357666015625,0.451416015625,0.08984375,0.4453125,-0.13671875,0.013671875,0.025390625,0.013671875,1782.75,56.5,179.6,7.1,17.6,,,,,,,,
2026-09-07 15:02:03.285907,0.4439697265625,0.56005859375,0.5355224609375,0.449951171875,0.09765625,-0.27734375,0.359375,0.00390625,0.0234375,-0.005859375,1782.75,56.5,179.6,7.1,17.6,,,,,,,,
2026-09-07 15:02:03.383819,0.44384765625,0.56158447265625,0.53521728515625,0.44854736328125,-0.109375,-0.59765625,0.0234375,0.009765625,0.029296875,-0.0078125,1782.75,56.5,179.6,7.1,17.6,,,,,,,,
2026-09-07 15:02:03.484544,0.44354248046875,0.56298828125,0.53515625,0.4471435546875,0.01953125,0.2265625,-0.19921875,0.005859375,0.02734375,-0.015625,1781.25,56.5,179.6,7.1,17.6,,,,,,,,
2026-09-07 15:02:03.573772,0.44342041015625,0.56341552734375,0.5352783203125,0.44647216796875,-0.078125,0.1328125,0.09375,0.013671875,0.029296875,-0.00390625,1781.25,56.5,179.6,7.1,17.6,,,,,,,,
2026-09-07 15:02:03.683439,0.44293212890625,0.56451416015625,0.5360107421875,0.44476318359375,0.01171875,0.33203125,-0.12890625,-0.009765625,0.02734375,-0.0078125,1782.75,56.5,179.6,7.1,17.6,,,,,,,,
2026-09-07 15:02:03.784446,0.44256591796875,0.5657958984375,0.53594970703125,0.44366455078125,-0.04296875,-0.296875,0.3828125,-0.01953125,0.02734375,-0.009765625,1782.75,56.5,179.6,7.1,17.6,,,,,,,,
2026-09-07 15:02:03.884068,0.44189453125,0.5675048828125,0.53533935546875,0.44287109375,-0.05078125,-0.79296875,0.4296875,0.005859375,0.02734375,-0.01953125,1782.75,56.5,179.6,7.1,17.6,,,,,,,,
2026-09-07 15:02:03.983779,0.44091796875,0.56939697265625,0.53448486328125,0.4423828125,-0.1484375,-0.55078125,-0.0625,0.025390625,0.029296875,-0.041015625,1782.75,56.5,179.6,7.1,17.6,,,,,,,,
2026-09-07 15:02:04.084163,0.44049072265625,0.57080078125,0.533935546875,0.44171142578125,-0.33203125,0.0859375,0.3046875,0.0390625,0.021484375,-0.029296875,1782.0,56.5,179.6,7.1,17.6,,,,,,,,
2026-09-07 15:02:04.176470,0.44122314453125,0.57012939453125,0.53497314453125,0.4405517578125,-0.453125,2.0234375,0.21875,0.0078125,0.01171875,0.029296875,1782.0,56.5,179.6,7.1,17.6,,,,,,,,
2026-09-07 15:02:04.284316,0.442626953125,0.5682373046875,0.5369873046875,0.4390869140625,-0.0078125,2.40625,0.00390625,-0.01171875,0.00390625,0.068359375,1785.75,57.2,179.6,7.1,17.6,,,,,,,,
2026-09-07 15:02:04.384661,0.44293212890625,0.56658935546875,0.5389404296875,0.43853759765625,0.265625,2.16015625,0.1640625,-0.02734375,0.001953125,0.05859375,1785.75,57.2,179.6,7.1,17.6,,,,,,,,
2026-09-07 15:02:04.484032,0.439697265625,0.56512451171875,0.54095458984375,0.44122314453125,0.26171875,-0.76953125,0.15625,-0.017578125,0.01171875,0.005859375,1788.25,57.2,179.6,6.7,17.6,,,,,,,,
2026-09-07 15:02:04.583892,0.4366455078125,0.56439208984375,0.54229736328125,0.44354248046875,0.08984375,-1.68359375,0.0078125,-0.03125,0.013671875,-0.021484375,1788.25,57.2,179.6,6.7,17.6,,,,,,,,
2026-09-07 15:02:04.684400,0.4351806640625,0.56488037109375,0.54254150390625,0.444091796875,0.078125,-2.0234375,-0.015625,-0.017578125,0.015625,-0.015625,1783.5,56.5,179.6,7.1,17.6,,,,,,,,
2026-09-07 15:02:04.784191,0.43402099609375,0.5657958984375,0.54229736328125,0.4443359375,-0.17578125,-2.41796875,0.0234375,-0.0078125,0.015625,-0.021484375,1783.5,56.5,179.6,7.1,17.6,,,,,,,,
2026-09-07 15:02:04.884155,0.4327392578125,0.56671142578125,0.54193115234375,0.44488525390625,-0.296875,-1.50390625,-0.12890625,-0.00390625,0.015625,-0.025390625,1775.0,56.5,179.6,7.1,17.6,,,,,,,,
2026-09-07 15:02:04.984009,0.431884765625,0.567138671875,0.54180908203125,0.4453125,-0.61328125,-1.25,-0.12890625,-0.015625,0.005859375,-0.013671875,1775.0,56.5,179.6,7.1,17.6,,,,,,,,
2026-09-07 15:02:05.081019,0.43096923828125,0.56707763671875,0.54217529296875,0.44573974609375,-0.58984375,-0.76953125,0.0078125,-0.0078125,0.005859375,-0.021484375,1766.25,56.5,179.6,7.1,17.6,,,,,,,,
2026-09-07 15:02:05.178331,0.4307861328125,0.5667724609375,0.54278564453125,0.44561767578125,-0.58203125,-0.8203125,0.296875,-0.01171875,0.005859375,0.00390625,1766.25,56.5,179.6,7.1,17.6,,,,,,,,
2026-09-07 15:02:05.280161,0.430908203125,0.56695556640625,0.54278564453125,0.4453125,-0.44921875,-0.7265625,-0.046875,0.005859375,0.0078125,-0.00390625,1760.75,55.9,179.6,7.1,17.6,,,,,,,,
2026-09-07 15:02:05.385143,0.42266845703125,0.5701904296875,0.53961181640625,0.45281982421875,-0.0625,-0.00390625,-0.1796875,0.01171875,0.001953125,-0.017578125,1760.75,55.9,179.6,7.1,17.6,,,,,,,,
2026-09-07 15:02:05.493697,0.4144287109375,0.57318115234375,0.5364990234375,0.4603271484375,0.15234375,-0.4296875,-0.5078125,-0.01171875,0.01171875,0.005859375,1750.75,55.9,179.6,7.1,17.6,,,,,,,,
2026-09-07 15:02:05.580893,0.4119873046875,0.5740966796875,0.53558349609375,0.46240234375,0.15234375,-0.4140625,-0.0546875,0.0,0.009765625,-0.0390625,1750.75,55.9,179.6,7.1,17.6,,,,,,,,
2026-09-07 15:02:05.682038,0.4083251953125,0.5760498046875,0.53387451171875,0.46527099609375,-0.3984375,0.24609375,-0.14453125,-0.01953125,0.009765625,-0.021484375,1737.5,55.3,179.6,7.1,17.6,,,,,,,,
2026-09-07 15:02:05.776433,0.40509033203125,0.57818603515625,0.531982421875,0.467529296875,-0.10546875,-0.3203125,0.4453125,-0.01171875,0.005859375,0.009765625,1737.5,55.3,179.6,7.1,17.6,,,,,,,,
2026-09-07 15:02:05.876766,0.40277099609375,0.580078125,0.53009033203125,0.4693603515625,0.140625,0.0390625,0.12890625,0.009765625,0.005859375,-0.01953125,1725.75,55.3,179.6,7.1,17.6,,,,,,,,
2026-09-07 15:02:05.982642,0.401611328125,0.5806884765625,0.5294189453125,0.4703369140625,-0.40234375,0.515625,0.17578125,-0.001953125,0.00390625,-0.0078125,1725.75,55.3,179.6,7.1,17.6,,,,,,,,
2026-09-07 15:02:06.083123,0.40020751953125,0.58135986328125,0.528564453125,0.4716796875,-0.0703125,0.23828125,0.12890625,0.013671875,-0.001953125,0.033203125,1714.0,54.7,179.6,7.1,17.6,,,,,,,,
2026-09-07 15:02:06.182312,0.3988037109375,0.58184814453125,0.52789306640625,0.4730224609375,0.1484375,-0.0078125,-0.078125,0.013671875,0.00390625,0.013671875,1714.0,54.7,179.6,7.1,17.6,,,,,,,,
2026-09-07 15:02:06.282588,0.39764404296875,0.58197021484375,0.52783203125,0.47393798828125,-0.1640625,0.16015625,0.07421875,-0.005859375,0.0078125,0.00390625,1709.25,54.1,179.6,7.1,17.6,,,,,,,,
2026-09-07 15:02:06.381050,-1.60272216796875,0.5819091796875,0.5279541015625,0.47412109375,-0.2109375,0.51171875,-0.046875,-0.00390625,0.001953125,0.001953125,1709.25,54.1,179.6,7.1,17.6,,,,,,,,
2026-09-07 15:02:06.482934,0.3966064453125,0.58197021484375,0.52801513671875,0.47454833984375,-0.234375,0.34765625,0.05078125,-0.0078125,0.0078125,-0.015625,1707.0,54.1,179.6,7.1,17.6,,,,,,,,
2026-09-07 15:02:06.582000,0.39581298828125,0.5819091796875,0.5283203125,0.4749755859375,-0.44921875,0.36328125,0.06640625,-0.009765625,0.001953125,-0.01171875,1707.0,54.1,179.6,7.1,17.6,,,,,,,,
2026-09-07 15:02:06.682155,0.39556884765625,0.58160400390625,0.52880859375,0.4749755859375,-0.15625,-0.11328125,0.12109375,0.01171875,0.001953125,0.0078125,1800.0,53.4,179.6,6.7,17.6,,,,,,,,
2026-09-07 15:02:06.782787,0.39532470703125,0.581787109375,0.5286865234375,0.47509765625,0.14453125,-0.75390625,0.01171875,0.00390625,0.00390625,-0.009765625,1800.0,53.4,179.6,6.7,17.6,,,,,,,,
2026-09-07 15:02:07.010062,0.39215087890625,0.58331298828125,0.5274658203125,0.47723388671875,-0.05859375,-0.18359375,0.12109375,0.01953125,-0.00390625,-0.005859375,1895.25,52.8,179.6,6.7,18.0,,,,,,,,
2026-09-07 15:02:07.101225,0.38946533203125,0.5855712890625,0.52471923828125,0.47967529296875,0.27734375,0.15625,0.12890625,0.0234375,-0.001953125,-0.005859375,1984.25,52.2,179.6,6.7,18.0,,,,,,,,
2026-09-07 15:02:07.207731,0.38861083984375,0.5860595703125,0.52398681640625,0.48052978515625,0.1171875,-0.13671875,0.05859375,0.03125,0.0,-0.013671875,1984.25,52.2,179.6,6.7,18.0,,,,,,,,
2026-09-07 15:02:07.300883,0.38818359375,0.58660888671875,0.52301025390625,0.4813232421875,0.3671875,-0.91796875,-0.32421875,0.025390625,0.0,-0.015625,2052.25,52.2,179.6,6.7,18.0,,,,,,,,
2026-09-07 15:02:07.393761,0.38787841796875,0.58685302734375,0.52264404296875,0.48162841796875,0.18359375,-0.26953125,0.21875,0.0390625,0.0,-0.0390625,2052.25,52.2,179.6,6.7,18.0,,,,,,,,
2026-09-07 15:02:07.509227,0.38714599609375,0.5880126953125,0.52117919921875,0.482421875,-0.17578125,0.2890625,-0.30078125,0.015625,-0.005859375,0.009765625,2052.25,51.6,179.6,6.3,18.0,,,,,,,,
2026-09-07 15:02:07.598102,0.38739013671875,0.5880126953125,0.52069091796875,0.4827880859375,0.0234375,-0.37890625,0.296875,-0.005859375,-0.0078125,0.021484375,2052.25,51.6,179.6,6.3,18.0,,,,,,,,
2026-09-07 15:02:07.710220,0.38726806640625,0.587890625,0.52069091796875,0.4830322265625,0.234375,0.39453125,0.10546875,-0.0078125,0.0,-0.005859375,2035.0,51.0,179.6,6.3,18.0,,,,,,,,
2026-09-07 15:02:07.798080,0.3873291015625,0.5865478515625,0.52178955078125,0.4833984375,-0.078125,0.59375,-0.1328125,-0.01171875,-0.0078125,0.009765625,2035.0,51.0,179.6,6.3,18.0,,,,,,,,
2026-09-07 15:02:07.893576,0.38751220703125,0.5859375,0.5224609375,0.4832763671875,0.22265625,-0.3203125,0.125,-0.01171875,-0.001953125,-0.005859375,2028.75,51.0,179.6,6.3,18.0,,,,,,,,
2026-09-07 15:02:07.993814,0.38861083984375,0.583984375,0.52471923828125,0.4822998046875,0.23046875,-0.09765625,0.734375,-0.017578125,0.00390625,-0.017578125,2028.75,51.0,179.6,6.3,18.0,,,,,,,,
2026-09-07 15:02:08.096144,0.38958740234375,0.58233642578125,0.5267333984375,0.48138427734375,0.28125,-0.40234375,0.01953125,0.01171875,0.005859375,-0.029296875,2016.25,51.0,179.6,6.3,17.6,,,,,,,,
2026-09-07 15:02:08.198051,0.39068603515625,0.58099365234375,0.52838134765625,0.48028564453125,0.42578125,-0.4765625,0.05859375,-0.005859375,0.005859375,-0.029296875,2016.25,51.0,179.6,6.3,17.6,,,,,,,,
2026-09-07 15:02:08.298967,0.39227294921875,0.57977294921875,0.5299072265625,0.47869873046875,0.109375,-0.375,0.109375,0.021484375,0.009765625,-0.021484375,2014.0,51.0,179.6,6.3,17.6,,,,,,,,
2026-09-07 15:02:08.408678,0.394287109375,0.57843017578125,0.5316162109375,0.47686767578125,0.078125,0.29296875,-0.12109375,0.009765625,0.001953125,-0.00390625,2014.0,51.0,179.6,6.3,17.6,,,,,,,,
2026-09-07 15:02:08.497604,0.39703369140625,0.57568359375,0.53472900390625,0.474365234375,0.140625,0.55078125,-0.12890625,0.0,0.0,0.009765625,2016.25,51.0,179.6,6.3,17.6,,,,,,,,
2026-09-07 15:02:08.594127,0.39813232421875,0.57476806640625,0.53570556640625,0.47344970703125,0.46875,0.0546875,-0.03515625,0.00390625,0.0,0.0078125,2016.25,51.0,179.6,6.3,17.6,,,,,,,,
2026-09-07 15:02:08.707659,0.4002685546875,0.57275390625,0.53790283203125,0.47161865234375,0.14453125,0.58203125,0.22265625,-0.005859375,-0.005859375,0.033203125,2021.0,51.0,179.6,6.3,17.6,,,,,,,,
2026-09-07 15:02:08.797007,0.40411376953125,0.56890869140625,0.5418701171875,0.4683837890625,0.640625,0.14453125,-0.3203125,-0.00390625,-0.00390625,0.03125,2021.0,51.0,179.6,6.3,17.6,,,,,,,,
2026-09-07 15:02:08.905095,0.405517578125,0.5673828125,0.54351806640625,0.4671630859375,0.1875,0.72265625,0.0859375,-0.0078125,-0.001953125,0.029296875,2021.75,51.0,179.6,6.3,17.6,,,,,,,,
2026-09-07 15:02:08.997177,0.40948486328125,0.563232421875,0.5477294921875,0.46380615234375,-0.06640625,-0.0703125,0.0546875,-0.001953125,0.0,0.01171875,2021.75,51.0,179.6,6.3,17.6,,,,,,,,
2026-09-07 15:02:09.092817,0.41046142578125,0.55426025390625,0.5489501953125,0.462890625,0.21484375,-0.29296875,-0.25390625,-0.013671875,0.001953125,0.0078125,2024.0,51.0,179.6,6.3,18.0,,,,,,,,
2026-09-07 15:02:09.205724,0.412109375,0.5596923828125,0.5513916015625,0.46136474609375,-0.08984375,-0.078125,0.18359375,-0.00390625,-0.005859375,0.01171875,2024.0,51.0,179.6,6.3,18.0,,,,,,,,
2026-09-07 15:02:09.304503,0.4141845703125,0.5574951171875,0.553466796875,0.459716796875,0.078125,-0.3671875,0.12109375,0.00390625,-0.001953125,0.0,2028.75,51.0,179.6,6.3,18.0,,,,,,,,
2026-09-07 15:02:09.404337,0.4146728515625,0.55682373046875,0.5540771484375,0.45941162109375,0.0546875,-0.40625,0.08984375,0.009765625,-0.001953125,0.013671875,2028.75,51.0,179.6,6.3,18.0,,,,,,,,
2026-09-07 15:02:09.505004,0.41552734375,0.5560302734375,0.55462646484375,0.45880126953125,-0.24609375,0.19921875,0.20703125,0.01171875,-0.0078125,0.0078125,2029.5,51.0,179.6,6.3,18.0,,,,,,,,
2026-09-07 15:02:09.606223,0.4163818359375,0.55535888671875,0.5550537109375,0.4583740234375,0.27734375,-0.6328125,0.11328125,0.009765625,-0.001953125,-0.00390625,2029.5,51.0,179.6,6.3,18.0,,,,,,,,
2026-09-07 15:02:09.693303,0.41644287109375,0.55523681640625,0.55523681640625,0.458251953125,0.13671875,-0.2265625,-0.19140625,0.001953125,0.001953125,0.001953125,2028.75,51.0,179.6,6.3,18.0,,,,,,,,
2026-09-07 15:02:09.814807,0.41650390625,0.55499267578125,0.555419921875,0.458251953125,-0.19921875,0.3203125,0.08984375,-0.015625,-0.0078125,0.03125,2028.75,51.0,179.6,6.3,18.0,,,,,,,,
2026-09-07 15:02:09.901892,0.41717529296875,0.5540771484375,0.55615234375,0.4578857421875,-0.12890625,-0.1796875,0.0546875,0.001953125,-0.001953125,0.01171875,2031.25,51.0,179.6,6.3,18.0,,,,,,,,
2026-09-07 15:02:10.005466,0.41729736328125,0.55389404296875,0.55615234375,0.4580078125,0.16796875,-0.05859375,0.0546875,-0.017578125,0.001953125,0.001953125,2031.25,51.0,179.6,6.3,18.0,,,,,,,,
2026-09-07 15:02:10.113763,0.417236328125,0.55364990234375,0.55633544921875,0.45806884765625,-0.08984375,0.140625,0.0234375,-0.0078125,-0.00390625,0.029296875,2032.0,51.6,179.6,6.3,17.6,,,,,,,,
2026-09-07 15:02:10.192084,0.41778564453125,0.55322265625,0.556640625,0.457763671875,-0.07421875,-0.34765625,0.26171875,0.0,-0.001953125,0.015625,2032.0,51.6,179.6,6.3,17.6,,,,,,,,
2026-09-07 15:02:10.317344,0.41851806640625,0.5533447265625,0.556396484375,0.45721435546875,0.078125,-0.09765625,0.0234375,-0.00390625,0.0,0.01171875,2033.5,51.6,179.6,6.3,18.0,,,,,,,,
2026-09-07 15:02:10.412334,0.418701171875,0.5531005859375,0.55657958984375,0.45709228515625,-0.16796875,0.2109375,0.11328125,0.009765625,-0.005859375,0.041015625,2033.5,51.6,179.6,6.3,18.0,,,,,,,,
2026-09-07 15:02:10.512201,0.41973876953125,0.552490234375,0.55706787109375,0.45635986328125,0.078125,0.15234375,0.11328125,0.0234375,-0.005859375,0.04296875,2067.75,51.6,179.6,6.3,20.4,,,,,,,,
2026-09-07 15:02:10.612075,0.420654296875,0.552490234375,0.55694580078125,0.45562744140625,0.3359375,0.0234375,-0.296875,0.013671875,0.0078125,0.0078125,2067.75,51.6,179.6,6.3,20.4,,,,,,,,
2026-09-07 15:02:10.692193,0.42108154296875,0.552734375,0.556884765625,0.45501708984375,-0.234375,0.22265625,-0.13671875,0.017578125,0.00390625,-0.0078125,2053.0,51.6,179.6,9.8,21.2,,,,,,,,
2026-09-07 15:02:10.815608,0.42303466796875,0.5521240234375,0.5576171875,0.45306396484375,-0.1328125,-0.04296875,0.03125,0.015625,-0.001953125,0.033203125,2053.0,51.6,179.6,9.8,21.2,,,,,,,,
2026-09-07 15:02:10.912412,0.42388916015625,0.5521240234375,0.55755615234375,0.45233154296875,0.4765625,-0.10546875,-0.05859375,0.02734375,-0.001953125,0.00390625,2059.25,51.6,179.6,12.5,20.8,,,,,,,,
2026-09-07 15:02:11.011519,0.4326171875,0.55218505859375,0.5574951171875,0.451416015625,0.046875,0.1015625,-0.01171875,0.03125,0.001953125,-0.001953125,2059.25,51.6,179.6,12.5,20.8,,,,,,,,
2026-09-07 15:02:11.113049,0.4267578125,0.55169677734375,0.55810546875,0.449462890625,0.0859375,0.046875,-0.11328125,0.0234375,0.0,0.017578125,2067.0,51.6,179.6,12.9,22.0,,,,,,,,
2026-09-07 15:02:11.202130,0.42724609375,0.5516357421875,0.5582275390625,0.44891357421875,0.0234375,-0.17578125,-0.12109375,0.009765625,0.00390625,0.001953125,2067.0,51.6,179.6,12.9,22.0,,,,,,,,
2026-09-07 15:02:11.315313,0.42852783203125,0.55145263671875,0.55859375,0.44744873046875,0.15234375,-0.296875,0.05078125,-0.001953125,0.0,0.02734375,2103.0,51.6,179.6,16.1,22.7,,,,,,,,
2026-09-07 15:02:11.411983,0.43017578125,0.5509033203125,0.5592041015625,0.44580078125,-0.08984375,0.4765625,0.1171875,0.00390625,-0.001953125,0.052734375,2103.0,51.6,179.6,16.1,22.7,,,,,,,,
2026-09-07 15:02:11.512606,0.4317626953125,0.55047607421875,0.55963134765625,0.4442138671875,0.0859375,0.28125,0.1171875,-0.001953125,0.001953125,0.03515625,2096.0,52.2,179.6,16.9,22.4,,,,,,,,
2026-09-07 15:02:11.612173,0.43243408203125,0.55029296875,0.56005859375,0.44329833984375,0.16015625,0.015625,-0.2109375,-0.009765625,0.00390625,0.017578125,2096.0,52.2,179.6,16.9,22.4,,,,,,,,
2026-09-07 15:02:11.697941,0.43280029296875,0.55023193359375,0.560302734375,0.4427490234375,-0.25390625,0.265625,-0.0625,-0.01171875,0.0,0.03125,2092.75,52.2,179.6,16.9,23.1,,,,,,,,
2026-09-07 15:02:11.814421,0.4344482421875,0.5491943359375,0.56134033203125,0.44110107421875,-0.125,0.05078125,-0.0625,-0.005859375,0.0,0.01953125,2092.75,52.2,179.6,16.9,23.1,,,,,,,,
2026-09-07 15:02:11.913844,0.43475341796875,0.5489501953125,0.5616455078125,0.440673828125,-0.0390625,-0.109375,-0.171875,-0.013671875,0.00390625,-0.00390625,2112.5,52.2,179.6,20.0,24.3,,,,,,,,
2026-09-07 15:02:12.012880,0.43524169921875,0.54864501953125,0.55426025390625,0.44000244140625,-0.24609375,0.1015625,0.12890625,-0.015625,0.001953125,0.021484375,2112.5,52.2,179.6,20.0,24.3,,,,,,,,
2026-09-07 15:02:12.113587,0.4359130859375,0.5479736328125,0.56280517578125,0.43927001953125,0.16796875,-0.10546875,0.1953125,-0.005859375,-0.001953125,0.01953125,2123.25,52.2,179.6,22.0,24.7,,,,,,,,
2026-09-07 15:02:12.211015,0.43585205078125,0.54754638671875,0.5633544921875,0.43914794921875,0.203125,-0.17578125,-0.1015625,-0.015625,0.0,0.005859375,2123.25,52.2,179.6,22.0,24.7,,,,,,,,
2026-09-07 15:02:12.313655,0.43609619140625,0.5467529296875,0.564208984375,0.43878173828125,-0.21875,0.20703125,0.30859375,-0.033203125,0.0,0.033203125,2121.0,52.2,179.6,25.5,26.3,,,,,,,,
2026-09-07 15:02:12.413209,0.436767578125,0.54571533203125,0.565185546875,0.43817138671875,0.125,-0.26171875,0.1484375,-0.015625,-0.005859375,0.029296875,2121.0,52.2,179.6,25.5,26.3,,,,,,,,
2026-09-07 15:02:12.514208,0.43682861328125,0.5450439453125,0.56591796875,0.43804931640625,0.078125,-0.15234375,-0.01171875,-0.01953125,0.001953125,0.005859375,2114.75,52.8,179.6,27.8,24.7,,,,,,,,
2026-09-07 15:02:12.614052,0.43682861328125,0.54412841796875,0.56689453125,0.4378662109375,-0.34375,0.0078125,0.30859375,-0.01953125,0.001953125,0.01953125,2114.75,52.8,179.6,27.8,24.7,,,,,,,,
2026-09-07 15:02:12.706177,0.43701171875,0.5435791015625,0.5675048828125,0.4376220703125,-0.43359375,0.28125,0.125,-0.015625,-0.001953125,0.037109375,2103.0,52.8,179.6,20.0,21.6,,,,,,,,
2026-09-07 15:02:12.814526,0.43792724609375,0.54254150390625,0.568359375,0.43682861328125,-0.05859375,-0.0703125,0.0390625,0.00390625,0.005859375,0.0078125,2103.0,52.8,179.6,20.0,21.6,,,,,,,,
2026-09-07 15:02:12.915507,0.437744140625,0.54229736328125,0.56854248046875,0.43707275390625,-0.41796875,0.109375,-0.13671875,-0.001953125,0.0,0.00390625,2103.75,52.8,179.6,18.8,22.4,,,,,,,,
2026-09-07 15:02:13.014706,0.43798828125,0.54156494140625,0.56927490234375,0.43682861328125,-0.2109375,0.48828125,-0.15234375,-0.013671875,0.001953125,0.041015625,2103.75,52.8,179.6,18.8,22.4,,,,,,,,
2026-09-07 15:02:13.111429,0.4378662109375,0.54156494140625,0.5693359375,0.4368896484375,0.2109375,0.18359375,-0.16796875,0.0,0.0,0.029296875,2103.75,52.8,179.6,18.4,22.0,,,,,,,,
2026-09-07 15:02:13.205145,0.43756103515625,0.54168701171875,0.5693359375,0.43707275390625,-0.1015625,0.28125,-0.2734375,0.0,0.00390625,0.0078125,2103.75,52.8,179.6,18.4,22.0,,,,,,,,
2026-09-07 15:02:13.312558,0.4373779296875,0.5416259765625,0.56964111328125,0.4368896484375,-0.1640625,0.34375,-0.2109375,-0.02734375,0.005859375,0.03125,2103.75,52.8,179.6,18.0,22.4,,,,,,,,
2026-09-07 15:02:13.410936,0.43768310546875,0.5418701171875,0.56939697265625,0.43658447265625,0.12109375,-0.5,0.01953125,0.0078125,0.0,0.017578125,2103.75,52.8,179.6,18.0,22.4,,,,,,,,
2026-09-07 15:02:13.512446,0.43743896484375,0.54229736328125,0.56915283203125,0.4366455078125,0.05078125,-0.22265625,-0.02734375,-0.013671875,0.00390625,0.005859375,2096.75,52.8,179.6,16.5,20.4,,,,,,,,
2026-09-07 15:02:13.611530,0.4378662109375,0.542236328125,0.56927490234375,0.43603515625,-0.203125,-0.11328125,0.0859375,0.001953125,0.001953125,0.025390625,2096.75,52.8,179.6,16.5,20.4,,,,,,,,
2026-09-07 15:02:13.712374,0.43792724609375,0.54290771484375,0.5687255859375,0.43585205078125,-0.078125,-0.37890625,0.4765625,0.015625,-0.001953125,0.033203125,2083.5,52.8,179.6,9.8,19.2,,,,,,,,
2026-09-07 15:02:13.805754,0.43804931640625,0.5440673828125,0.5677490234375,0.43560791015625,-0.1171875,0.40625,-0.1640625,0.025390625,0.001953125,0.013671875,2083.5,52.8,179.6,9.8,19.2,,,,,,,,
2026-09-07 15:02:13.905712,0.438232421875,0.54510498046875,0.56683349609375,0.435302734375,-0.3984375,0.3515625,-0.171875,0.025390625,-0.001953125,0.052734375,2085.75,52.8,179.6,9.4,19.2,,,,,,,,
2026-09-07 15:02:14.004324,0.4381103515625,0.54632568359375,0.5657958984375,0.435302734375,-0.11328125,0.3046875,-0.05078125,0.0078125,0.001953125,0.048828125,2085.75,52.8,179.6,9.4,19.2,,,,,,,,
2026-09-07 15:02:14.112324,0.43792724609375,0.54730224609375,0.56500244140625,0.435302734375,0.2890625,-0.00390625,-0.27734375,-0.0078125,0.005859375,0.033203125,2081.25,52.2,179.6,9.4,18.8,,,,,,,,
2026-09-07 15:02:14.213162,0.4381103515625,0.54736328125,0.5650634765625,0.4349365234375,-0.20703125,0.25390625,-0.15625,0.0078125,0.001953125,0.01171875,2081.25,52.2,179.6,9.4,18.8,,,,,,,,
2026-09-07 15:02:14.443667,0.4381103515625,0.54852294921875,0.5640869140625,0.4346923828125,0.10546875,-0.42578125,-0.078125,-0.021484375,0.009765625,0.005859375,2077.25,52.2,179.6,9.4,18.0,,,,,,,,
2026-09-07 15:02:14.527821,0.4375,0.549072265625,0.56402587890625,0.43475341796875,-0.46875,0.1796875,0.11328125,-0.009765625,0.009765625,0.013671875,2063.25,52.2,179.6,6.7,18.0,,,,,,,,
2026-09-07 15:02:14.631957,0.4375,0.549072265625,0.56414794921875,0.43450927734375,-0.21484375,-0.4921875,0.21484375,0.0,0.005859375,0.03125,2063.25,52.2,179.6,6.7,18.0,,,,,,,,
2026-09-07 15:02:14.743115,0.437255859375,0.55010986328125,0.5633544921875,0.43450927734375,0.0390625,0.0234375,-0.1015625,-0.0078125,0.005859375,0.01953125,2078.75,51.6,179.6,6.3,18.0,,,,,,,,
2026-09-07 15:02:14.842694,0.4365234375,0.55133056640625,0.5625,0.434814453125,-0.0390625,-0.66015625,0.07421875,0.00390625,-0.001953125,0.029296875,2078.75,51.6,179.6,6.3,18.0,,,,,,,,
2026-09-07 15:02:14.942637,0.436279296875,0.55181884765625,0.56195068359375,0.4351806640625,0.0859375,-0.0390625,0.44921875,0.017578125,0.0,0.01171875,2045.25,51.6,179.6,6.3,18.0,,,,,,,,
2026-09-07 15:02:15.042184,0.43572998046875,0.55267333984375,0.56097412109375,0.43585205078125,-0.2265625,-0.0234375,-0.01953125,0.013671875,-0.001953125,0.005859375,2045.25,51.6,179.6,6.3,18.0,,,,,,,,
2026-09-07 15:02:15.127058,0.43536376953125,0.55291748046875,0.56060791015625,0.4364013671875,-0.203125,0.3984375,0.01171875,0.0,-0.005859375,0.025390625,2053.75,51.0,179.6,6.7,19.6,,,,,,,,
2026-09-07 15:02:15.233709,0.43505859375,0.552734375,0.5606689453125,0.4368896484375,-0.1875,0.53515625,0.04296875,0.001953125,-0.005859375,0.044921875,2053.75,51.0,179.6,6.7,19.6,,,,,,,,
2026-09-07 15:02:15.332857,0.434814453125,0.55224609375,0.56085205078125,0.43756103515625,0.4140625,-0.32421875,-0.05078125,0.0078125,-0.009765625,0.025390625,2037.5,51.0,179.6,9.8,20.4,,,,,,,,
2026-09-07 15:02:15.433080,0.43487548828125,0.55181884765625,0.56103515625,0.437744140625,-0.0703125,0.3046875,-0.109375,-0.001953125,-0.001953125,0.017578125,2037.5,51.0,179.6,9.8,20.4,,,,,,,,
2026-09-07 15:02:15.532957,0.43487548828125,0.55133056640625,0.5615234375,0.437744140625,-0.15234375,0.08203125,-0.0703125,-0.033203125,0.0,0.041015625,2026.5,51.0,179.6,12.9,22.7,,,,,,,,
2026-09-07 15:02:15.641137,0.43536376953125,0.55035400390625,0.5625,0.437255859375,0.42578125,-0.6171875,0.05078125,-0.01171875,0.001953125,-0.009765625,2026.5,51.0,179.6,12.9,22.7,,,,,,,,
2026-09-07 15:02:15.732065,0.43524169921875,0.54998779296875,0.5628662109375,0.4373779296875,0.07421875,-0.60546875,0.01171875,0.0,0.005859375,-0.021484375,2013.25,50.3,179.6,15.3,22.0,,,,,,,,
2026-09-07 15:02:15.832502,0.43505859375,0.54986572265625,0.56298828125,0.4375,-0.30859375,0.1484375,0.05078125,-0.015625,0.001953125,0.013671875,2013.25,50.3,179.6,15.3,22.0,,,,,,,,
2026-09-07 15:02:15.932919,0.4354248046875,0.5491943359375,0.563720703125,0.43707275390625,-0.2265625,0.27734375,0.15625,0.0,-0.005859375,0.033203125,2014.0,50.3,179.6,15.3,22.0,,,,,,,,
2026-09-07 15:02:16.032978,0.43609619140625,0.54852294921875,0.5643310546875,0.43646240234375,0.10546875,-0.21875,0.2109375,-0.001953125,0.0,0.013671875,2014.0,50.3,179.6,15.3,22.0,,,,,,,,
2026-09-07 15:02:16.140393,0.436279296875,0.54833984375,0.5645751953125,0.43621826171875,0.12109375,0.265625,-0.04296875,0.009765625,-0.005859375,0.01953125,2008.5,50.3,179.6,15.7,21.2,,,,,,,,
2026-09-07 15:02:16.231632,0.4368896484375,0.54766845703125,0.56512451171875,0.4356689453125,0.07421875,-0.13671875,0.1015625,0.009765625,-0.005859375,0.021484375,2008.5,50.3,179.6,15.7,21.2,,,,,,,,
2026-09-07 15:02:16.339494,0.4371337890625,0.54754638671875,0.565185546875,0.43560791015625,0.12890625,0.01953125,-0.02734375,-0.013671875,0.001953125,0.0,1993.75,50.3,179.6,15.7,21.6,,,,,,,,
2026-09-07 15:02:16.432032,0.4366455078125,0.54705810546875,0.56561279296875,0.43609619140625,0.02734375,0.21875,-0.31640625,-0.015625,0.0,0.015625,1993.75,50.3,179.6,15.7,21.6,,,,,,,,
2026-09-07 15:02:16.540367,0.43682861328125,0.5467529296875,0.56585693359375,0.43597412109375,-0.29296875,0.5390625,-0.08203125,-0.025390625,-0.001953125,0.048828125,1984.25,49.7,179.6,15.7,21.2,,,,,,,,
2026-09-07 15:02:16.631565,0.4376220703125,0.54522705078125,0.56707763671875,0.4354248046875,0.04296875,-0.0625,0.265625,0.0,-0.001953125,0.017578125,1984.25,49.7,179.6,15.7,21.2,,,,,,,,
2026-09-07 15:02:16.739270,0.4376220703125,0.54510498046875,0.56719970703125,0.43548583984375,0.2265625,-0.53125,-0.10546875,-0.009765625,0.001953125,-0.009765625,1971.75,49.7,179.6,13.3,18.4,,,,,,,,
2026-09-07 15:02:16.838689,0.43682861328125,0.54510498046875,0.56732177734375,0.4361572265625,-0.30078125,0.1015625,0.00390625,-0.009765625,-0.001953125,0.033203125,1971.75,49.7,179.6,13.3,18.4,,,,,,,,
2026-09-07 15:02:16.938325,0.43719482421875,0.54443359375,0.56787109375,0.4359130859375,-0.5390625,0.25390625,0.1953125,0.009765625,-0.0078125,0.01953125,1952.25,49.1,177.8,7.1,18.0,,,,,,,,
2026-09-07 15:02:17.026839,0.43682861328125,0.544677734375,0.56744384765625,0.4364013671875,-0.078125,-0.3515625,0.01953125,0.0078125,-0.001953125,0.015625,1952.25,49.1,177.8,7.1,18.0,,,,,,,,
2026-09-07 15:02:17.128856,0.4364013671875,0.54510498046875,0.5670166015625,0.43695068359375,-0.12890625,0.0234375,-0.06640625,-0.01171875,0.0,0.001953125,1957.75,48.5,177.8,7.1,17.6,,,,,,,,
2026-09-07 15:02:17.248134,0.435302734375,0.54571533203125,0.56634521484375,0.43804931640625,-0.046875,0.0546875,-0.12109375,0.001953125,0.0,0.01953125,1957.75,48.5,177.8,7.1,17.6,,,,,,,,
2026-09-07 15:02:17.337548,0.43408203125,0.547119140625,0.56494140625,0.43939208984375,-0.15234375,-0.51171875,-0.3046875,-0.00390625,-0.001953125,0.0,1917.0,48.5,177.8,6.7,18.0,,,,,,,,
2026-09-07 15:02:17.439871,0.4332275390625,0.547607421875,0.5643310546875,0.4404296875,0.0546875,0.0703125,-0.05859375,-0.02734375,-0.0078125,0.005859375,1917.0,48.5,177.8,6.7,18.0,,,,,,,,
2026-09-07 15:02:17.539779,0.43243408203125,0.54754638671875,0.5640869140625,0.441650390625,-0.41796875,0.4609375,0.21875,-0.015625,-0.01171875,0.037109375,1907.75,47.8,177.8,6.7,17.6,,,,,,,,
2026-09-07 15:02:17.627336,0.43182373046875,0.54766845703125,0.56341552734375,0.44287109375,-0.15625,0.33984375,0.1171875,-0.009765625,-0.015625,0.02734375,1907.75,47.8,177.8,6.7,17.6,,,,,,,,
2026-09-07 15:02:17.749184,0.43035888671875,0.547607421875,0.5628662109375,0.44512939453125,-0.1171875,-0.11328125,0.03125,0.00390625,-0.0078125,-0.00390625,1903.75,47.2,177.8,6.7,18.8,,,,,,,,
2026-09-07 15:02:17.837992,0.43011474609375,0.54736328125,0.56292724609375,0.44549560546875,-0.13671875,0.0078125,-0.0234375,-0.013671875,-0.01171875,0.01953125,1903.75,47.2,177.8,6.7,18.8,,,,,,,,
2026-09-07 15:02:17.948051,0.42974853515625,0.5465087890625,0.5633544921875,0.4464111328125,0.1328125,-0.328125,-0.03125,-0.00390625,-0.005859375,-0.009765625,1903.75,47.2,177.8,8.6,20.4,,,,,,,,
2026-09-07 15:02:18.038605,0.42926025390625,0.54644775390625,0.56298828125,0.44732666015625,0.28515625,-0.140625,0.21484375,0.009765625,-0.0078125,-0.03125,1903.75,47.2,177.8,8.6,20.4,,,,,,,,
2026-09-07 15:02:18.136068,0.428955078125,0.5465087890625,0.5626220703125,0.44805908203125,-0.046875,-0.12890625,-0.1015625,-0.009765625,-0.0078125,0.005859375,1875.75,46.6,177.8,11.8,22.0,,,,,,,,
2026-09-07 15:02:18.227082,0.4293212890625,0.545654296875,0.56304931640625,0.4482421875,-0.05859375,0.1328125,-0.0625,0.00390625,-0.009765625,0.021484375,1875.75,46.6,177.8,11.8,22.0,,,,,,,,
2026-09-07 15:02:18.349895,0.42999267578125,0.54461669921875,0.5634765625,0.44830322265625,0.23828125,0.16015625,-0.22265625,0.001953125,-0.0078125,-0.00390625,1907.75,46.6,177.8,16.5,23.1,,,,,,,,
2026-09-07 15:02:18.446823,0.43017578125,0.5445556640625,0.5633544921875,0.44842529296875,0.16015625,-0.09765625,-0.109375,0.015625,-0.00390625,-0.0234375,1907.75,46.6,177.8,16.5,23.1,,,,,,,,
2026-09-07 15:02:18.546678,0.43060302734375,0.5443115234375,0.56329345703125,0.4483642578125,-0.33984375,0.22265625,-0.0390625,0.0078125,-0.009765625,0.041015625,1853.75,46.0,177.8,14.5,19.6,,,,,,,,
2026-09-07 15:02:18.646269,0.43218994140625,0.54345703125,0.5638427734375,0.44720458984375,0.0078125,0.28125,0.20703125,0.03515625,-0.009765625,0.03125,1853.75,46.0,177.8,14.5,19.6,,,,,,,,
2026-09-07 15:02:18.746933,0.43463134765625,0.54327392578125,0.5635986328125,0.4453125,0.21875,-0.05859375,-0.0703125,0.02734375,-0.001953125,0.001953125,1823.25,46.0,176.0,9.4,16.9,,,,,,,,
2026-09-07 15:02:18.846597,0.43505859375,0.54364013671875,0.56317138671875,0.44500732421875,0.01953125,-0.171875,-0.2734375,0.009765625,0.0,-0.013671875,1823.25,46.0,176.0,9.4,16.9,,,,,,,,
2026-09-07 15:02:18.945902,0.43536376953125,0.5438232421875,0.56298828125,0.44476318359375,-0.37109375,0.1953125,-0.00390625,0.01171875,-0.005859375,0.015625,1800.0,45.4,176.0,6.7,17.6,,,,,,,,
2026-09-07 15:02:19.045671,0.43609619140625,0.5439453125,0.562744140625,0.4442138671875,-0.19140625,-0.1796875,-0.00390625,0.01171875,-0.001953125,-0.001953125,1800.0,45.4,176.0,6.7,17.6,,,,,,,,
2026-09-07 15:02:19.144421,0.43695068359375,0.545166015625,0.561279296875,0.44366455078125,0.23828125,-0.57421875,-0.23828125,0.021484375,-0.00390625,-0.013671875,1797.5,44.7,176.0,6.7,17.6,,,,,,,,
2026-09-07 15:02:19.232956,0.43701171875,0.5455322265625,0.56085205078125,0.4437255859375,0.0078125,0.06640625,0.08203125,-0.0078125,0.0,-0.005859375,1797.5,44.7,176.0,6.7,17.6,,,,,,,,
2026-09-07 15:02:19.348599,0.43719482421875,0.54595947265625,0.56024169921875,0.44378662109375,-0.20703125,0.05859375,0.04296875,-0.0078125,-0.005859375,0.00390625,1771.0,44.1,176.0,6.3,17.6,,,,,,,,
2026-09-07 15:02:19.447365,0.43731689453125,0.54638671875,0.55963134765625,0.44390869140625,0.0390625,-0.33203125,0.10546875,0.015625,-0.001953125,-0.0078125,1771.0,44.1,176.0,6.3,17.6,,,,,,,,
2026-09-07 15:02:19.547132,0.43695068359375,0.547119140625,0.5587158203125,0.4444580078125,0.03125,-0.18359375,0.08984375,0.0078125,-0.001953125,-0.017578125,1754.5,44.1,176.0,6.3,17.3,,,,,,,,
2026-09-07 15:02:19.648027,0.4368896484375,0.548095703125,0.55767822265625,0.4447021484375,-0.12890625,-0.61328125,0.34765625,0.0234375,0.0,0.0,1754.5,44.1,176.0,6.3,17.3,,,,,,,,
2026-09-07 15:02:19.742978,0.43682861328125,0.54833984375,0.55731201171875,0.44488525390625,0.1875,0.15625,-0.34765625,0.00390625,-0.005859375,0.0078125,1735.75,43.5,176.0,6.3,17.3,,,,,,,,
2026-09-07 15:02:19.847417,0.436767578125,0.5487060546875,0.5567626953125,0.44512939453125,-0.09765625,0.12109375,0.11328125,0.00390625,-0.001953125,0.0078125,1735.75,43.5,176.0,6.3,17.3,,,,,,,,
2026-09-07 15:02:19.947438,0.4359130859375,0.549072265625,0.55645751953125,0.4459228515625,0.26953125,-0.3984375,-0.29296875,-0.025390625,0.005859375,-0.029296875,1717.75,42.9,176.0,6.3,17.3,,,,,,,,
2026-09-07 15:02:20.047392,0.4349365234375,0.54962158203125,0.555908203125,0.4468994140625,-0.03515625,-0.21875,-0.109375,-0.021484375,0.0,-0.021484375,1717.75,42.9,176.0,6.3,17.3,,,,,,,,
2026-09-07 15:02:20.148388,0.434326171875,0.5498046875,0.5556640625,0.44757080078125,-0.16796875,-0.1640625,0.08984375,-0.013671875,-0.001953125,-0.021484375,1716.25,42.9,176.0,5.9,17.3,,,,,,,,
2026-09-07 15:02:20.233771,0.43408203125,0.550048828125,0.55535888671875,0.4478759765625,0.29296875,-1.20703125,0.234375,0.03125,-0.001953125,-0.021484375,1716.25,42.9,176.0,5.9,17.3,,,,,,,,
2026-09-07 15:02:20.347566,0.4339599609375,0.552001953125,0.55328369140625,0.44818115234375,0.0234375,-0.1796875,0.3125,0.033203125,-0.001953125,-0.03125,1681.25,42.3,176.0,5.9,17.3,,,,,,,,
2026-09-07 15:02:20.449562,0.43499755859375,0.55267333984375,0.55242919921875,0.4473876953125,-0.37890625,0.65625,0.11328125,0.021484375,-0.005859375,0.01953125,1681.25,42.3,176.0,5.9,17.3,,,,,,,,
2026-09-07 15:02:20.549827,0.43634033203125,0.5521240234375,0.55267333984375,0.44647216796875,-0.05859375,0.75,0.11328125,0.0,-0.009765625,0.033203125,1681.25,42.3,176.0,6.3,17.6,,,,,,,,
2026-09-07 15:02:20.645560,0.43707275390625,0.55096435546875,0.55340576171875,0.44622802734375,0.140625,0.7890625,-0.09375,0.001953125,-0.0078125,0.021484375,1681.25,42.3,176.0,6.3,17.6,,,,,,,,
2026-09-07 15:02:20.738971,0.43695068359375,0.5504150390625,0.5538330078125,0.44659423828125,0.4609375,-0.13671875,-0.01171875,-0.029296875,-0.005859375,-0.005859375,1677.25,41.6,176.0,9.0,20.0,,,,,,,,
2026-09-07 15:02:20.845605,0.435546875,0.54901123046875,0.554931640625,0.4482421875,0.25390625,0.0546875,0.09765625,-0.041015625,-0.001953125,-0.001953125,1677.25,41.6,176.0,9.0,20.0,,,,,,,,
2026-09-07 15:02:20.946349,0.435791015625,0.547607421875,0.55596923828125,0.44842529296875,-0.19921875,0.078125,0.29296875,-0.0234375,-0.00390625,0.013671875,1664.75,41.0,176.0,12.5,21.2,,,,,,,,
2026-09-07 15:02:21.045206,0.4364013671875,0.546630859375,0.556640625,0.44818115234375,0.16015625,-0.51953125,0.35546875,0.0,-0.009765625,0.017578125,1664.75,41.0,176.0,12.5,21.2,,,,,,,,
2026-09-07 15:02:21.145936,0.43670654296875,0.54559326171875,0.55743408203125,0.44818115234375,0.17578125,0.265625,-0.13671875,-0.021484375,-0.001953125,0.013671875,1690.5,41.0,176.0,14.5,22.7,,,,,,,,
2026-09-07 15:02:21.239873,0.4371337890625,0.54473876953125,0.55816650390625,0.44793701171875,0.10546875,-0.1953125,0.26953125,0.009765625,-0.001953125,0.009765625,1690.5,41.0,176.0,14.5,22.7,,,,,,,,
2026-09-07 15:02:21.346463,0.4383544921875,0.54217529296875,0.56024169921875,0.44720458984375,0.38671875,-0.26171875,-0.3515625,0.021484375,-0.005859375,0.00390625,1682.0,40.4,176.0,17.6,22.4,,,,,,,,
2026-09-07 15:02:21.446631,0.439453125,0.54052734375,0.5616455078125,0.4464111328125,-0.03515625,0.0234375,-0.05078125,-0.001953125,-0.005859375,-0.009765625,1682.0,40.4,176.0,17.6,22.4,,,,,,,,
2026-09-07 15:02:21.545953,0.43975830078125,0.53948974609375,0.5623779296875,0.44635009765625,0.03125,0.26953125,-0.14453125,-0.017578125,-0.001953125,-0.0078125,1625.0,40.4,176.0,18.8,22.4,,,,,,,,
2026-09-07 15:02:21.646319,0.4404296875,0.5382080078125,0.56341552734375,0.4459228515625,-0.15625,0.21484375,0.0234375,-0.01953125,-0.005859375,0.017578125,1625.0,40.4,176.0,18.8,22.4,,,,,,,,
2026-09-07 15:02:21.746720,0.441162109375,0.537109375,0.56427001953125,0.445556640625,-0.01953125,-0.171875,0.30078125,-0.02734375,-0.00390625,0.025390625,1638.25,40.4,176.0,21.6,25.1,,,,,,,,
2026-09-07 15:02:21.846263,0.44146728515625,0.5367431640625,0.564453125,0.4454345703125,0.27734375,-0.65234375,-0.11328125,-0.009765625,-0.001953125,-0.001953125,1638.25,40.4,176.0,21.6,25.1,,,,,,,,
2026-09-07 15:02:21.945491,0.44195556640625,0.5357666015625,0.5653076171875,0.44500732421875,0.16015625,0.0,-0.03515625,-0.01953125,0.0,-0.017578125,1633.5,39.8,176.0,26.7,25.9,,,,,,,,
2026-09-07 15:02:22.046371,0.44268798828125,0.53460693359375,0.56634521484375,0.44439697265625,-0.23828125,0.12890625,-0.09765625,-0.01171875,-0.001953125,-0.0078125,1633.5,39.8,176.0,26.7,25.9,,,,,,,,
2026-09-07 15:02:22.142911,0.44342041015625,0.53338623046875,0.56719970703125,0.44403076171875,0.16796875,0.03125,0.109375,-0.005859375,-0.005859375,0.013671875,1617.75,39.8,176.0,33.3,29.0,,,,,,,,
2026-09-07 15:02:22.246572,0.44366455078125,0.5325927734375,0.56768798828125,0.444091796875,0.27734375,-0.421875,0.40625,0.0,-0.009765625,-0.005859375,1617.75,39.8,176.0,33.3,29.0,,,,,,,,
2026-09-07 15:02:22.346190,0.44439697265625,0.53125,0.56884765625,0.44354248046875,0.28125,-0.13671875,0.08984375,0.013671875,-0.001953125,-0.029296875,1610.75,39.8,176.0,36.5,26.7,,,,,,,,
2026-09-07 15:02:22.446587,0.4453125,0.52972412109375,0.570068359375,0.44287109375,-0.1796875,0.01953125,0.04296875,-0.00390625,-0.00390625,-0.013671875,1610.75,39.8,176.0,36.5,26.7,,,,,,,,
2026-09-07 15:02:22.546571,0.44537353515625,0.52862548828125,0.57086181640625,0.44305419921875,-0.30859375,0.078125,-0.078125,-0.0078125,-0.0078125,0.01171875,1578.0,39.1,177.8,30.6,25.1,,,,,,,,
2026-09-07 15:02:22.638428,0.44512939453125,0.5279541015625,0.5712890625,0.443603515625,-0.09375,0.0859375,0.046875,-0.0234375,-0.001953125,-0.0078125,1578.0,39.1,177.8,30.6,25.1,,,,,,,,
2026-09-07 15:02:22.747101,0.44500732421875,0.527587890625,0.5714111328125,0.4439697265625,0.0390625,0.4453125,0.0,-0.009765625,-0.005859375,-0.00390625,1576.5,39.1,177.8,30.2,25.1,,,,,,,,
2026-09-07 15:02:22.846156,0.44525146484375,0.52691650390625,0.57171630859375,0.444091796875,-0.13671875,0.61328125,-0.0859375,-0.015625,-0.01171875,0.015625,1576.5,39.1,177.8,30.2,25.1,,,,,,,,
2026-09-07 15:02:22.946563,0.44549560546875,0.52630615234375,0.572021484375,0.4442138671875,0.11328125,0.03125,-0.26953125,-0.009765625,0.0,0.005859375,1569.5,39.1,177.8,29.4,22.7,,,,,,,,
2026-09-07 15:02:23.046437,0.4451904296875,0.5257568359375,0.57244873046875,0.44464111328125,0.3515625,-0.5234375,-0.4375,0.001953125,-0.00390625,0.001953125,1569.5,39.1,177.8,29.4,22.7,,,,,,,,
2026-09-07 15:02:23.139298,0.44464111328125,0.52532958984375,0.57275390625,0.4453125,0.25390625,-0.55859375,-0.140625,-0.017578125,0.0,-0.005859375,1548.25,38.5,177.8,23.5,22.0,,,,,,,,
2026-09-07 15:02:23.241258,0.44378662109375,0.5255126953125,0.572509765625,0.44622802734375,-0.0078125,-0.59765625,-0.0078125,-0.009765625,0.0,-0.0390625,1548.25,38.5,177.8,23.5,22.0,,,,,,,,
2026-09-07 15:02:23.347767,0.44305419921875,0.52618408203125,0.57183837890625,0.447021484375,0.0390625,-0.37890625,0.34375,0.00390625,0.0,-0.02734375,1534.25,38.5,177.8,22.0,21.6,,,,,,,,
2026-09-07 15:02:23.448055,0.44268798828125,0.52703857421875,0.5711669921875,0.447265625,-0.2265625,-0.1015625,-0.20703125,-0.00390625,0.0,-0.009765625,1534.25,38.5,177.8,22.0,21.6,2.0,12.0,37.01058866666666,-122.19367916666668,,"0.�e�YR�W�^R�Q�X:1�g[��DI���BU""K���I�Te�UM�T�EI���K�����IE�W:JYeIE�YM�T�EI�����g8",51.401,311.12
2026-09-07 15:02:23.547480,0.442626953125,0.52783203125,0.57061767578125,0.44708251953125,-0.2109375,0.328125,0.10546875,0.01171875,0.005859375,-0.001953125,1525.0,37.9,177.8,22.0,22.0,2.0,12.0,37.01058866666666,-122.19367916666668,,"0.�e�YR�W�^R�Q�X:1�g[��DI���BU""K���I�Te�UM�T�EI���K�����IE�W:JYeIE�YM�T�EI�����g8",51.401,311.12
2026-09-07 15:02:23.644543,0.44256591796875,0.52825927734375,0.57037353515625,0.44696044921875,0.0703125,0.3125,-0.17578125,0.013671875,0.00390625,0.005859375,1525.0,37.9,177.8,22.0,22.0,2.0,12.0,37.01058866666666,-122.19367916666668,,"0.�e�YR�W�^R�Q�X:1�g[��DI���BU""K���I�Te�UM�T�EI���K�����IE�W:JYeIE�YM�T�EI�����g8",51.401,311.12
2026-09-07 15:02:23.744956,0.44207763671875,0.52911376953125,0.57000732421875,0.4468994140625,0.1484375,-0.05859375,-0.6953125,-0.01953125,0.013671875,-0.017578125,1515.5,37.9,177.8,23.5,22.0,2.0,12.0,37.01058866666666,-122.19367916666668,,"0.�e�YR�W�^R�Q�X:1�g[��DI���BU""K���I�Te�UM�T�EI���K�����IE�W:JYeIE�YM�T�EI�����g8",51.401,311.12
2026-09-07 15:02:23.844971,0.44244384765625,0.5306396484375,0.569091796875,0.4459228515625,-0.06640625,0.42578125,0.01953125,0.0,0.009765625,0.0078125,1515.5,37.9,177.8,23.5,22.0,2.0,12.0,37.01058866666666,-122.19367916666668,,"0.�e�YR�W�^R�Q�X:1�g[��DI���BU""K���I�Te�UM�T�EI���K�����IE�W:JYeIE�YM�T�EI�����g8",51.401,311.12
2026-09-07 15:02:23.944176,0.44329833984375,0.5318603515625,0.568359375,0.44451904296875,0.0078125,-0.09765625,-0.00390625,-0.001953125,0.01171875,0.005859375,1513.25,37.9,177.8,24.7,22.7,2.0,12.0,37.01058866666666,-122.19367916666668,,"0.�e�YR�W�^R�Q�X:1�g[��DI���BU""K���I�Te�UM�T�EI���K�����IE�W:JYeIE�YM�T�EI�����g8",51.401,311.12
2026-09-07 15:02:24.044393,0.4434814453125,0.5321044921875,0.56854248046875,0.44384765625,0.26953125,-0.0546875,0.1875,-0.0234375,0.01171875,0.015625,1513.25,37.9,177.8,24.7,22.7,2.0,12.0,37.01058866666666,-122.19367916666668,,"0.�e�YR�W�^R�Q�X:1�g[��DI���BU""K���I�Te�UM�T�EI���K�����IE�W:JYeIE�YM�T�EI�����g8",51.401,311.12
2026-09-07 15:02:24.144908,0.443359375,0.5328369140625,0.5682373046875,0.443359375,0.0859375,-0.015625,0.26171875,0.00390625,0.0078125,-0.0078125,1500.75,37.3,177.8,26.7,23.5,2.0,12.0,37.01058866666666,-122.19367916666668,,"0.�e�YR�W�^R�Q�X:1�g[��DI���BU""K���I�Te�UM�T�EI���K�����IE�W:JYeIE�YM�T�EI�����g8",51.401,311.12
2026-09-07 15:02:24.240767,0.44342041015625,0.53369140625,0.56793212890625,0.44268798828125,-0.34375,0.19921875,0.16796875,0.009765625,0.00390625,-0.005859375,1500.75,37.3,177.8,26.7,23.5,2.0,12.0,37.01058866666666,-122.19367916666668,,"0.�e�YR�W�^R�Q�X:1�g[��DI���BU""K���I�Te�UM�T�EI���K�����IE�W:JYeIE�YM�T�EI�����g8",51.401,311.12
2026-09-07 15:02:24.344708,0.44354248046875,0.53387451171875,0.56793212890625,0.4423828125,0.1328125,-0.03125,0.0390625,0.009765625,0.0078125,0.005859375,1486.5,37.3,177.8,29.8,24.3,2.0,12.0,37.01058866666666,-122.19367916666668,,"0.�e�YR�W�^R�Q�X:1�g[��DI���BU""K���I�Te�UM�T�EI���K�����IE�W:JYeIE�YM�T�EI�����g8",51.401,311.12
2026-09-07 15:02:24.444808,0.44427490234375,0.5340576171875,0.56787109375,0.44146728515625,0.17578125,0.0234375,0.09375,0.0078125,0.001953125,0.013671875,1486.5,37.3,177.8,29.8,24.3,,,,,,,,
2026-09-07 15:02:24.544615,0.44464111328125,0.53411865234375,0.56805419921875,0.44085693359375,0.03125,-0.09375,-0.015625,0.013671875,0.005859375,0.013671875,1499.0,37.3,177.8,32.5,25.1,,,,,,,,
2026-09-07 15:02:24.644562,0.44451904296875,0.53387451171875,0.56854248046875,0.44061279296875,-0.0234375,0.18359375,-0.25,-0.025390625,0.01171875,0.015625,1499.0,37.3,177.8,32.5,25.1,,,,,,,,
2026-09-07 15:02:24.737154,0.4443359375,0.53369140625,0.56903076171875,0.44036865234375,0.25390625,0.484375,-0.08984375,-0.01171875,0.0078125,0.0078125,1507.0,36.7,177.8,32.2,24.7,,,,,,,,
2026-09-07 15:02:24.837316,0.44439697265625,0.53350830078125,0.56939697265625,0.4400634765625,0.24609375,-0.3203125,-0.015625,-0.001953125,0.001953125,0.005859375,1507.0,36.7,177.8,32.2,24.7,,,,,,,,
2026-09-07 15:02:24.938263,0.4443359375,0.53350830078125,0.56964111328125,0.43975830078125,0.08203125,-0.03515625,0.19140625,0.013671875,0.005859375,-0.015625,1488.25,36.7,177.8,32.2,24.3,,,,,,,,
2026-09-07 15:02:25.042861,0.444091796875,0.5335693359375,0.56982421875,0.439697265625,-0.21484375,0.01953125,-0.0625,-0.0078125,0.005859375,-0.015625,1488.25,36.7,177.8,32.2,24.3,,,,,,,,
2026-09-07 15:02:25.144860,0.4443359375,0.5333251953125,0.5701904296875,0.43927001953125,-0.0625,0.26171875,0.16796875,0.00390625,0.00390625,-0.005859375,1482.75,36.7,177.8,32.2,24.3,,,,,,,,
2026-09-07 15:02:25.244500,0.4447021484375,0.53314208984375,0.57049560546875,0.43878173828125,-0.0859375,0.046875,0.4140625,0.025390625,-0.001953125,0.013671875,1482.75,36.7,177.8,32.2,24.3,,,,,,,,
2026-09-07 15:02:25.351674,0.44488525390625,0.533203125,0.570556640625,0.43841552734375,0.12109375,-0.17578125,-0.046875,0.0078125,0.00390625,0.0078125,1481.25,36.7,177.8,32.5,24.3,,,,,,,,
2026-09-07 15:02:25.443913,0.44482421875,0.533447265625,0.570556640625,0.43829345703125,-0.0234375,0.27734375,-0.0625,0.01171875,0.009765625,-0.033203125,1481.25,36.7,177.8,32.5,24.3,,,,,,,,
2026-09-07 15:02:25.539822,0.444580078125,0.53350830078125,0.57073974609375,0.43817138671875,-0.3671875,0.5859375,0.1015625,0.0078125,0.00390625,0.0078125,1478.0,36.0,177.8,32.9,24.3,,,,,,,,
2026-09-07 15:02:25.652344,0.44476318359375,0.5333251953125,0.571044921875,0.437744140625,-0.1171875,0.015625,0.15234375,-0.0078125,0.00390625,0.001953125,1478.0,36.0,177.8,32.9,24.3,,,,,,,,
2026-09-07 15:02:25.751056,0.44488525390625,0.5333251953125,0.5711669921875,0.4375,0.22265625,-0.20703125,0.0390625,-0.0234375,0.001953125,-0.00390625,1474.0,36.0,179.6,33.3,24.3,,,,,,,,
2026-09-07 15:02:25.850377,0.444580078125,0.5333251953125,0.5712890625,0.437744140625,0.02734375,-0.02734375,0.26171875,-0.015625,-0.001953125,-0.009765625,1474.0,36.0,179.6,33.3,24.3,,,,,,,,
2026-09-07 15:02:25.950812,0.4444580078125,0.533203125,0.57135009765625,0.4378662109375,0.08203125,0.28515625,-0.17578125,0.005859375,-0.005859375,-0.005859375,1464.75,36.0,179.6,33.3,24.3,,,,,,,,
2026-09-07 15:02:26.039621,0.44451904296875,0.53277587890625,0.5716552734375,0.4378662109375,-0.31640625,0.21484375,-0.015625,-0.00390625,-0.00390625,0.009765625,1464.75,36.0,179.6,33.3,24.3,,,,,,,,
2026-09-07 15:02:26.152324,0.4447021484375,0.532470703125,0.5718994140625,0.43780517578125,-0.078125,0.03125,0.05859375,0.0,-0.001953125,0.00390625,1462.5,36.0,179.6,33.7,25.5,,,,,,,,
2026-09-07 15:02:26.251891,0.44488525390625,0.53265380859375,0.5716552734375,0.43768310546875,-0.125,-0.1953125,0.15234375,0.0390625,-0.001953125,0.001953125,1462.5,36.0,179.6,33.7,25.5,,,,,,,,
2026-09-07 15:02:26.351517,0.44549560546875,0.53314208984375,0.571044921875,0.43719482421875,0.20703125,-0.1875,-0.26171875,0.033203125,0.0,-0.021484375,1460.75,,179.6,35.3,25.5,,,,,,,,
2026-09-07 15:02:26.451399,0.446044921875,0.53375244140625,0.57037353515625,0.43682861328125,0.015625,0.25,-0.046875,0.03515625,0.0,-0.001953125,1460.75,,179.6,35.3,25.5,,,,,,,,
2026-09-07 15:02:26.541703,0.44659423828125,0.53399658203125,0.57012939453125,0.43634033203125,0.08203125,0.36328125,-0.50390625,0.0234375,0.001953125,0.029296875,1460.75,,179.6,35.3,25.5,,,,,,,,
2026-09-07 15:02:26.639684,0.447509765625,0.53424072265625,0.57012939453125,0.43511962890625,0.19921875,0.60546875,-0.3046875,0.056640625,0.001953125,0.01953125,1446.75,35.4,179.6,35.3,27.1,,,,,,,,
2026-09-07 15:02:26.754268,0.44866943359375,0.53466796875,0.57012939453125,0.433349609375,0.3203125,-0.27734375,0.28125,0.005859375,0.009765625,0.03125,1446.75,35.4,179.6,35.3,27.1,,,,,,,,
2026-09-07 15:02:26.854168,0.4495849609375,0.53485107421875,0.57012939453125,0.43218994140625,0.1328125,0.10546875,-0.24609375,0.03515625,0.005859375,0.001953125,1467.0,35.4,179.6,42.0,29.4,,,,,,,,
2026-09-07 15:02:26.953688,0.45050048828125,0.53570556640625,0.569580078125,0.43084716796875,0.05078125,0.05078125,-0.00390625,0.017578125,0.009765625,-0.01953125,1467.0,35.4,179.6,42.0,29.4,,,,,,,,
2026-09-07 15:02:27.053775,0.45123291015625,0.53643798828125,0.56915283203125,0.42974853515625,-0.2265625,-0.109375,0.265625,0.0078125,0.0078125,-0.00390625,1458.5,35.4,179.6,47.1,36.1,,,,,,,,
2026-09-07 15:02:27.138394,0.4521484375,0.53662109375,0.5692138671875,0.42852783203125,0.140625,-0.3515625,0.25,0.037109375,0.00390625,0.01171875,1458.5,35.4,179.6,47.1,36.1,,,,,,,,
2026-09-07 15:02:27.239662,0.4532470703125,0.5369873046875,0.56903076171875,0.4271240234375,0.1953125,-0.16796875,-0.078125,0.021484375,0.00390625,-0.01171875,1442.75,35.4,179.6,51.8,40.8,,,,,,,,
2026-09-07 15:02:27.354687,0.45391845703125,0.53668212890625,0.56939697265625,0.42633056640625,-0.0078125,-0.046875,0.1875,0.005859375,0.001953125,-0.013671875,1442.75,35.4,179.6,51.8,40.8,,,,,,,,
2026-09-07 15:02:27.454726,0.45465087890625,0.5360107421875,0.570068359375,0.42535400390625,-0.06640625,-0.359375,0.09765625,0.017578125,0.001953125,0.0,1439.75,35.4,179.6,54.9,42.7,,,,,,,,
2026-09-07 15:02:27.554657,0.45538330078125,-1.46453857421875,0.5706787109375,0.42449951171875,0.16015625,-0.2734375,-0.2109375,-0.005859375,0.0,-0.005859375,1439.75,35.4,179.6,54.9,42.7,,,,,,,,
2026-09-07 15:02:27.654257,0.45587158203125,0.53472900390625,0.57147216796875,0.423828125,0.09765625,-0.03515625,0.01953125,-0.001953125,0.0078125,-0.015625,1424.0,35.4,179.6,58.0,41.6,,,,,,,,
2026-09-07 15:02:27.750312,0.45654296875,0.534423828125,0.57196044921875,0.42291259765625,-0.28515625,0.33984375,0.25,-0.009765625,0.005859375,-0.009765625,1424.0,35.4,179.6,58.0,41.6,,,,,,,,
2026-09-07 15:02:27.854434,0.45654296875,0.53411865234375,0.57232666015625,0.42266845703125,-0.17578125,-0.09765625,0.28125,0.0078125,-0.001953125,0.015625,1425.75,34.8,179.6,59.2,41.6,,,,,,,,
2026-09-07 15:02:27.953695,0.45721435546875,0.53387451171875,0.5726318359375,0.42193603515625,-0.04296875,0.30078125,-0.2265625,0.021484375,0.001953125,0.015625,1425.75,34.8,179.6,59.2,41.6,,,,,,,,
2026-09-07 15:02:28.054168,0.457763671875,0.53369140625,0.57275390625,0.42144775390625,-0.08203125,0.21484375,0.01171875,0.001953125,0.00390625,0.001953125,1425.0,35.4,179.6,60.8,42.4,,,,,,,,
2026-09-07 15:02:28.154445,0.45794677734375,0.53369140625,0.57269287109375,0.42120361328125,-0.0390625,0.19921875,0.07421875,0.02734375,0.0,0.015625,1425.0,35.4,179.6,60.8,42.4,,,,,,,,
2026-09-07 15:02:28.255355,0.45831298828125,0.53369140625,0.57281494140625,0.4207763671875,0.0625,-0.0703125,-0.02734375,0.02734375,0.0,-0.001953125,1428.0,34.8,179.6,64.3,45.1,,,,,,,,
2026-09-07 15:02:28.353347,0.4586181640625,0.53375244140625,0.57275390625,0.42034912109375,0.0859375,0.14453125,-0.078125,0.00390625,-0.001953125,-0.017578125,1428.0,34.8,179.6,64.3,45.1,,,,,,,,
2026-09-07 15:02:28.454337,0.4588623046875,0.53350830078125,0.57293701171875,0.420166015625,0.0078125,-0.19140625,-0.0625,0.00390625,-0.00390625,0.015625,1431.25,35.4,179.6,67.5,44.7,,,,,,,,
2026-09-07 15:02:28.554126,0.459228515625,0.53302001953125,0.5733642578125,0.4197998046875,-0.0625,0.18359375,0.10546875,-0.0078125,-0.001953125,0.015625,1431.25,35.4,179.6,67.5,44.7,,,,,,,,
2026-09-07 15:02:28.653269,0.459228515625,0.532470703125,0.5738525390625,0.4197998046875,0.09765625,-0.13671875,-0.0390625,-0.01171875,0.001953125,-0.03125,1435.75,35.4,181.4,71.8,45.5,,,,,,,,
2026-09-07 15:02:28.748654,0.45880126953125,0.53204345703125,0.5743408203125,0.420166015625,-0.0234375,0.55859375,-0.20703125,-0.033203125,0.001953125,-0.001953125,1435.75,35.4,181.4,71.8,45.5,,,,,,,,
2026-09-07 15:02:28.854623,0.4581298828125,0.53082275390625,0.5755615234375,0.42071533203125,-0.17578125,-0.28515625,0.00390625,-0.056640625,0.001953125,0.015625,1438.25,35.4,181.4,74.9,47.8,,,,,,,,
2026-09-07 15:02:28.954608,0.45758056640625,0.52978515625,0.57659912109375,0.4212646484375,0.234375,-0.3203125,0.05859375,-0.046875,-0.001953125,-0.013671875,1438.25,35.4,181.4,74.9,47.8,,,,,,,,
2026-09-07 15:02:29.055533,0.45697021484375,0.5289306640625,0.57720947265625,0.42218017578125,0.05078125,-0.05859375,0.0546875,-0.025390625,-0.001953125,-0.03515625,1419.5,35.4,181.4,72.5,51.0,,,,,,,,
2026-09-07 15:02:29.162906,0.4561767578125,0.528076171875,0.57781982421875,0.42327880859375,-0.0234375,-0.12109375,0.09375,-0.013671875,-0.0078125,-0.0078125,1419.5,35.4,181.4,72.5,51.0,,,,,,,,
2026-09-07 15:02:29.364358,0.454833984375,0.5264892578125,0.57904052734375,0.42510986328125,0.0,-0.01953125,0.06640625,-0.01171875,-0.00390625,-0.009765625,1435.0,35.4,181.4,74.1,51.8,,,,,,,,
2026-09-07 15:02:29.585465,0.45379638671875,0.52459716796875,0.58038330078125,0.4266357421875,0.23828125,-0.140625,-0.0390625,-0.009765625,-0.001953125,-0.025390625,1449.0,35.4,181.4,76.5,43.1,,,,,,,,
2026-09-07 15:02:29.682420,0.45263671875,0.52392578125,0.580810546875,0.4281005859375,-0.14453125,0.1953125,-0.16796875,-0.0234375,0.0,-0.03125,1392.75,35.4,181.4,56.1,20.8,,,,,,,,
2026-09-07 15:02:29.782348,0.451904296875,0.52337646484375,0.5814208984375,0.42877197265625,-0.4140625,-0.39453125,0.19140625,-0.03125,0.00390625,0.001953125,1392.75,35.4,181.4,56.1,20.8,,,,,,,,
2026-09-07 15:02:29.883116,0.45123291015625,0.52337646484375,0.58154296875,0.42926025390625,-0.04296875,0.36328125,-0.234375,-0.02734375,0.0078125,-0.0078125,1383.5,34.8,181.4,29.0,17.6,,,,,,,,
2026-09-07 15:02:29.976829,0.44921875,0.5262451171875,0.5792236328125,0.4310302734375,-0.26171875,0.34765625,-0.08203125,-0.01953125,0.005859375,-0.017578125,1383.5,34.8,181.4,29.0,17.6,,,,,,,,
2026-09-07 15:02:30.078597,0.44720458984375,0.52880859375,0.57708740234375,0.432861328125,-0.3515625,0.0703125,0.0703125,-0.033203125,0.009765625,0.001953125,1379.5,34.8,181.4,16.9,16.9,,,,,,,,
2026-09-07 15:02:30.177340,0.44464111328125,0.53173828125,0.57470703125,0.43505859375,-0.09765625,-0.25,-0.01171875,-0.01171875,0.009765625,-0.013671875,1379.5,34.8,181.4,16.9,16.9,,,,,,,,
2026-09-07 15:02:30.283042,0.443359375,0.533203125,0.57354736328125,0.4361572265625,-0.1328125,-0.02734375,-0.08984375,-0.00390625,0.009765625,-0.01953125,1378.75,34.2,181.4,12.5,17.3,,,,,,,,
2026-09-07 15:02:30.382118,0.44085693359375,0.53570556640625,0.57147216796875,0.43829345703125,-0.21484375,-0.04296875,-0.07421875,-0.01171875,0.00390625,-0.015625,1378.75,34.2,181.4,12.5,17.3,,,,,,,,
2026-09-07 15:02:30.482594,0.43865966796875,0.53802490234375,0.56951904296875,0.440185546875,0.0078125,-0.1328125,0.0546875,-0.01953125,0.00390625,-0.015625,1362.5,34.2,181.4,12.5,18.4,,,,,,,,
2026-09-07 15:02:30.582735,0.43670654296875,0.5404052734375,0.5675048828125,0.4417724609375,-0.08203125,0.2578125,0.0703125,0.00390625,0.009765625,-0.013671875,1362.5,34.2,181.4,12.5,18.4,,,,,,,,
2026-09-07 15:02:30.674710,0.4351806640625,0.54229736328125,0.56597900390625,0.4429931640625,-0.0234375,-0.02734375,-0.06640625,0.00390625,0.005859375,-0.00390625,1382.75,34.2,181.4,16.5,19.6,,,,,,,,
2026-09-07 15:02:30.781966,0.43475341796875,0.5430908203125,0.5653076171875,0.4432373046875,0.09375,0.125,0.0703125,0.015625,0.001953125,0.013671875,1382.75,34.2,181.4,16.5,19.6,,,,,,,,
2026-09-07 15:02:30.881763,0.4346923828125,0.5438232421875,0.564697265625,0.443115234375,0.0859375,-0.1953125,0.16796875,0.025390625,0.0,0.001953125,1386.5,33.6,181.4,22.0,20.4,,,,,,,,
2026-09-07 15:02:30.982238,0.43450927734375,0.544677734375,0.5640869140625,0.44317626953125,0.2421875,-0.328125,-0.234375,0.0078125,0.00390625,-0.013671875,1386.5,33.6,181.4,22.0,20.4,,,,,,,,
2026-09-07 15:02:31.090356,0.4342041015625,0.54534912109375,0.56353759765625,0.4432373046875,0.12109375,-0.08984375,0.0859375,0.021484375,0.001953125,-0.013671875,1393.75,33.6,181.4,23.9,22.4,,,,,,,,
2026-09-07 15:02:31.175330,0.43438720703125,-1.4542236328125,0.563232421875,0.4429931640625,-0.0546875,0.1171875,0.0546875,0.025390625,0.0,0.009765625,1393.75,33.6,181.4,23.9,22.4,,,,,,,,
2026-09-07 15:02:31.277049,0.43505859375,0.54541015625,0.56353759765625,0.4422607421875,0.13671875,-0.19921875,0.1796875,0.0,-0.001953125,0.265625,1391.25,33.6,181.4,30.2,23.1,,,,,,,,
2026-09-07 15:02:31.381889,0.43572998046875,0.54522705078125,0.56378173828125,0.441650390625,0.33984375,-0.6796875,-0.05078125,0.013671875,0.001953125,0.005859375,1391.25,33.6,181.4,30.2,23.1,,,,,,,,
2026-09-07 15:02:31.490363,0.43609619140625,0.545166015625,0.56390380859375,0.441162109375,-0.03515625,0.171875,0.1015625,0.01953125,0.001953125,-0.033203125,1364.0,33.6,181.4,34.5,23.9,,,,,,,,
2026-09-07 15:02:31.588411,0.437255859375,0.5440673828125,0.56500244140625,0.43994140625,-0.17578125,0.5703125,-0.14453125,0.00390625,0.0,-0.01171875,1364.0,33.6,181.4,34.5,23.9,,,,,,,,
2026-09-07 15:02:31.688577,0.43804931640625,0.543212890625,0.5657958984375,0.439208984375,-0.12109375,0.01953125,0.015625,-0.005859375,0.001953125,0.005859375,1372.5,33.6,181.4,39.2,26.7,,,,,,,,
2026-09-07 15:02:31.788736,0.43853759765625,0.5426025390625,0.56640625,0.438720703125,0.17578125,0.21484375,0.0625,-0.00390625,0.0,0.009765625,1372.5,33.6,181.4,39.2,26.7,,,,,,,,
2026-09-07 15:02:31.888722,0.439208984375,0.54193115234375,0.56695556640625,0.4381103515625,0.25390625,-0.4296875,0.0546875,0.001953125,-0.001953125,0.00390625,1400.75,33.6,179.6,50.2,35.7,,,,,,,,
2026-09-07 15:02:31.988755,0.43975830078125,0.540771484375,0.56805419921875,0.4376220703125,0.3125,-0.2109375,0.0625,0.001953125,0.001953125,-0.015625,1400.75,33.6,179.6,50.2,35.7,,,,,,,,
2026-09-07 15:02:32.088559,0.44097900390625,0.53924560546875,0.5694580078125,0.4364013671875,-0.1328125,0.1484375,0.0,0.0,0.001953125,-0.01953125,1357.0,33.6,179.6,52.9,37.6,,,,,,,,
2026-09-07 15:02:32.189910,0.4420166015625,0.53753662109375,0.5711669921875,0.435302734375,0.05078125,0.17578125,0.03125,-0.013671875,-0.001953125,0.00390625,1357.0,33.6,179.6,52.9,37.6,,,,,,,,
2026-09-07 15:02:32.276654,0.4429931640625,0.53582763671875,0.57275390625,0.43426513671875,0.08984375,-0.21484375,0.0703125,0.0,0.001953125,-0.0078125,1365.5,33.6,179.6,55.7,44.7,,,,,,,,
2026-09-07 15:02:32.389842,0.44342041015625,0.5347900390625,0.57366943359375,0.433837890625,0.15625,-0.296875,0.359375,-0.01171875,0.001953125,-0.01953125,1365.5,33.6,179.6,55.7,44.7,,,,,,,,
2026-09-07 15:02:32.490717,0.444091796875,0.533935546875,0.57452392578125,0.43316650390625,0.05078125,0.2265625,0.14453125,0.001953125,0.0,-0.025390625,1360.75,33.6,179.6,59.2,47.1,,,,,,,,
2026-09-07 15:02:32.592338,0.44476318359375,0.53289794921875,0.57550048828125,0.43243408203125,-0.2734375,0.2421875,0.14453125,-0.009765625,0.001953125,-0.015625,1360.75,33.6,179.6,59.2,47.1,,,,,,,,
2026-09-07 15:02:32.690306,0.4451904296875,0.53204345703125,0.57635498046875,0.431884765625,-0.08984375,0.42578125,0.0703125,0.009765625,0.0,-0.01171875,1368.75,33.6,179.6,62.7,55.7,,,,,,,,
2026-09-07 15:02:32.791531,0.4456787109375,0.53143310546875,0.576904296875,0.431396484375,-0.03515625,0.25390625,-0.0234375,0.001953125,-0.001953125,0.029296875,1368.75,33.6,179.6,62.7,55.7,,,,,,,,
2026-09-07 15:02:32.892517,0.44647216796875,0.53082275390625,0.577392578125,0.43072509765625,0.33203125,-0.34375,-0.13671875,0.0,-0.001953125,-0.005859375,1374.0,33.6,179.6,67.1,64.3,,,,,,,,
2026-09-07 15:02:32.992591,0.44683837890625,0.53045654296875,0.57763671875,0.43048095703125,-0.03515625,0.19140625,-0.0078125,-0.0078125,0.00390625,-0.0234375,1374.0,33.6,179.6,67.1,64.3,,,,,,,,
2026-09-07 15:02:33.091124,0.4468994140625,0.53009033203125,0.57806396484375,0.4302978515625,-0.19921875,0.0078125,0.09375,0.001953125,-0.001953125,0.00390625,1376.5,34.2,179.6,71.8,64.7,,,,,,,,
2026-09-07 15:02:33.191930,0.4473876953125,0.529541015625,0.57855224609375,0.42974853515625,0.015625,0.18359375,-0.25390625,-0.0078125,0.0,-0.00390625,1376.5,34.2,179.6,71.8,64.7,,,,,,,,
2026-09-07 15:02:33.292487,0.44769287109375,0.52880859375,0.57916259765625,0.42950439453125,0.171875,-0.296875,-0.03125,-0.01953125,-0.00390625,0.009765625,1384.25,34.2,179.6,74.1,68.6,,,,,,,,
2026-09-07 15:02:33.377133,0.447998046875,0.5283203125,0.57958984375,0.42926025390625,0.23046875,-0.28125,0.0078125,0.0,0.0,-0.01953125,1384.25,34.2,179.6,74.1,68.6,,,,,,,,
2026-09-07 15:02:33.484362,0.447998046875,0.5281982421875,0.57965087890625,0.42926025390625,0.13671875,0.07421875,-0.09375,-0.005859375,0.001953125,-0.0078125,1395.25,34.2,179.6,76.1,73.3,,,,,,,,
2026-09-07 15:02:33.576549,0.44818115234375,0.5279541015625,0.5799560546875,0.42901611328125,-0.16796875,0.37890625,-0.015625,0.00390625,0.00390625,0.0,1395.25,34.2,179.6,76.1,73.3,,,,,,,,
2026-09-07 15:02:33.682647,0.448486328125,0.52777099609375,0.58013916015625,0.42864990234375,0.0546875,-0.08984375,-0.015625,-0.001953125,0.001953125,0.009765625,1410.75,34.2,179.6,77.6,71.8,,,,,,,,
2026-09-07 15:02:33.790203,0.44891357421875,0.52734375,0.58062744140625,0.4281005859375,0.125,-0.01953125,0.15234375,0.009765625,-0.001953125,0.009765625,1410.75,34.2,179.6,77.6,71.8,,,,,,,,
2026-09-07 15:02:33.891844,0.44921875,0.5269775390625,0.5809326171875,0.42779541015625,0.23828125,0.1015625,-0.16015625,0.015625,0.001953125,-0.013671875,1439.75,34.8,179.6,76.9,67.1,,,,,,,,
2026-09-07 15:02:33.991497,0.4495849609375,0.52679443359375,0.58111572265625,0.4273681640625,0.16015625,-0.14453125,-0.19140625,-0.0078125,0.00390625,-0.015625,1439.75,34.8,179.6,76.9,67.1,,,,,,,,
2026-09-07 15:02:34.091787,0.4505615234375,0.52520751953125,0.58258056640625,0.42633056640625,0.06640625,-0.2265625,0.296875,-0.009765625,0.001953125,-0.013671875,1433.5,34.8,179.6,79.6,63.5,,,,,,,,
2026-09-07 15:02:34.192274,0.4510498046875,0.52471923828125,0.5830078125,0.42584228515625,-0.24609375,0.44921875,0.20703125,0.013671875,0.0,-0.005859375,1433.5,34.8,179.6,79.6,63.5,,,,,,,,
2026-09-07 15:02:34.292077,0.45166015625,0.52423095703125,0.5833740234375,0.42529296875,0.01171875,-0.03515625,-0.1484375,0.0,-0.005859375,0.009765625,1448.25,34.8,179.6,80.0,63.1,,,,,,,,
2026-09-07 15:02:34.392309,0.45208740234375,0.52362060546875,0.58380126953125,0.4249267578125,0.3125,0.01171875,-0.1640625,0.01171875,-0.001953125,-0.005859375,1448.25,34.8,179.6,80.0,63.1,,,,,,,,
2026-09-07 15:02:34.491897,0.45263671875,0.5235595703125,0.5838623046875,0.4244384765625,0.08203125,-0.5078125,0.375,0.01953125,0.0,-0.02734375,1462.5,35.4,179.6,82.4,60.0,,,,,,,,
2026-09-07 15:02:34.591896,0.4532470703125,0.52276611328125,0.58453369140625,0.42376708984375,-0.125,0.1953125,-0.0703125,0.0078125,0.0,0.001953125,1462.5,35.4,179.6,82.4,60.0,,,,,,,,
2026-09-07 15:02:34.692441,0.4537353515625,0.5225830078125,0.584716796875,0.4232177734375,0.2734375,-0.00390625,0.25390625,0.0234375,-0.001953125,0.00390625,1466.25,35.4,179.6,84.3,55.3,,,,,,,,
2026-09-07 15:02:34.792587,0.45458984375,0.522705078125,0.5845947265625,0.42236328125,0.07421875,-0.29296875,-0.19921875,0.046875,0.0,-0.013671875,1466.25,35.4,179.6,84.3,55.3,,,,,,,,
2026-09-07 15:02:34.892849,0.455322265625,0.52313232421875,0.5841064453125,0.42169189453125,0.2734375,-0.20703125,0.078125,0.013671875,0.0,-0.0078125,1482.0,36.0,179.6,82.7,47.1,,,,,,,,
2026-09-07 15:02:34.993218,0.4556884765625,0.52362060546875,0.58367919921875,0.42132568359375,-0.00390625,0.3046875,0.0546875,0.025390625,0.0,-0.01171875,1482.0,36.0,179.6,82.7,47.1,,,,,,,,
2026-09-07 15:02:35.100429,0.4566650390625,0.523681640625,0.58355712890625,0.4202880859375,-0.05859375,-0.203125,0.1171875,0.013671875,0.0,0.017578125,1453.75,36.0,179.6,71.4,29.8,,,,,,,,
2026-09-07 15:02:35.193040,0.45794677734375,0.52349853515625,0.58355712890625,0.41912841796875,0.02734375,-0.02734375,-0.015625,0.025390625,-0.005859375,0.001953125,1453.75,36.0,179.6,71.4,29.8,,,,,,,,
2026-09-07 15:02:35.300915,0.4583740234375,0.52362060546875,0.58331298828125,0.41888427734375,-0.046875,0.00390625,-0.10546875,0.009765625,-0.005859375,-0.00390625,1470.25,36.0,179.6,65.5,29.8,,,,,,,,
2026-09-07 15:02:35.400061,0.4588623046875,0.5245361328125,0.582275390625,0.41864013671875,-0.078125,0.04296875,0.22265625,0.01171875,-0.00390625,0.001953125,1470.25,36.0,179.6,65.5,29.8,,,,,,,,
2026-09-07 15:02:35.501111,0.45928955078125,0.5252685546875,0.58148193359375,0.4183349609375,-0.046875,0.22265625,-0.16015625,0.03515625,-0.0078125,0.005859375,1480.25,36.7,179.6,62.4,32.2,,,,,,,,
2026-09-07 15:02:35.599755,0.4600830078125,0.525634765625,0.58087158203125,0.4178466796875,-0.0703125,0.23828125,-0.08984375,0.013671875,-0.009765625,0.0,1480.25,36.7,179.6,62.4,32.2,,,,,,,,
2026-09-07 15:02:35.689528,0.46051025390625,0.5257568359375,0.58038330078125,0.41790771484375,0.3125,0.09375,-0.13671875,0.01953125,-0.01171875,0.017578125,1489.75,36.7,179.6,61.2,33.7,,,,,,,,
2026-09-07 15:02:35.790773,0.46063232421875,0.52581787109375,0.58013916015625,0.4180908203125,0.3046875,-0.44921875,-0.05859375,0.01171875,-0.01171875,0.001953125,1489.75,36.7,179.6,61.2,33.7,,,,,,,,
2026-09-07 15:02:35.890207,0.46063232421875,0.52593994140625,0.57958984375,0.41864013671875,-0.32421875,0.21484375,0.21484375,-0.013671875,-0.009765625,-0.001953125,1501.5,37.3,177.8,57.6,27.8,,,,,,,,
2026-09-07 15:02:35.989883,0.4603271484375,0.52569580078125,0.57952880859375,0.41937255859375,-0.31640625,0.0703125,-0.3125,-0.01171875,-0.01171875,0.015625,1501.5,37.3,177.8,57.6,27.8,,,,,,,,
2026-09-07 15:02:36.099743,0.46038818359375,0.52484130859375,0.57989501953125,0.41986083984375,0.03125,-0.453125,-0.15234375,-0.005859375,-0.01171875,0.0,1503.75,37.3,177.8,51.0,28.6,,,,,,,,
2026-09-07 15:02:36.189928,0.4598388671875,0.52423095703125,0.579833984375,0.42132568359375,-0.0078125,-0.34765625,0.1171875,-0.01953125,-0.01171875,-0.005859375,1503.75,37.3,177.8,51.0,28.6,,,,,,,,
2026-09-07 15:02:36.289999,0.45941162109375,0.524169921875,0.5797119140625,0.4219970703125,-0.015625,-0.16796875,-0.04296875,-0.025390625,-0.009765625,-0.0078125,1517.75,37.3,177.8,49.4,29.4,,,,,,,,
2026-09-07 15:02:36.390273,0.45855712890625,0.52410888671875,0.57952880859375,0.42333984375,-0.17578125,-0.5,-0.09765625,-0.01953125,-0.005859375,-0.01171875,1517.75,37.3,177.8,49.4,29.4,,,,,,,,
2026-09-07 15:02:36.490771,0.4578857421875,0.52392578125,0.579345703125,0.42449951171875,0.1015625,0.03125,0.03125,-0.015625,-0.0078125,-0.013671875,1527.25,37.3,177.8,48.2,31.4,,,,,,,,
2026-09-07 15:02:36.590201,0.45703125,0.52386474609375,0.5791015625,0.4259033203125,0.0546875,-0.20703125,0.421875,-0.009765625,-0.0078125,-0.001953125,1527.25,37.3,177.8,48.2,31.4,,,,,,,,
2026-09-07 15:02:36.689747,0.45654296875,0.52362060546875,0.578857421875,0.427001953125,-0.00390625,-0.15234375,0.0,0.0,-0.005859375,-0.015625,1539.0,37.9,177.8,48.2,32.5,,,,,,,,
2026-09-07 15:02:36.796845,0.455810546875,0.52362060546875,0.57861328125,0.42816162109375,0.1796875,0.2109375,0.21484375,-0.009765625,-0.005859375,-0.0078125,1539.0,37.9,177.8,48.2,32.5,,,,,,,,
2026-09-07 15:02:36.888541,0.454833984375,0.523681640625,0.57818603515625,0.42962646484375,-0.25,0.01953125,0.0078125,-0.005859375,-0.0078125,-0.00390625,1540.5,37.9,177.8,47.5,33.3,,,,,,,,
2026-09-07 15:02:36.988342,0.4547119140625,0.52362060546875,0.578125,0.42999267578125,0.05078125,-0.09765625,-0.12890625,0.013671875,-0.009765625,0.001953125,1540.5,37.9,177.8,47.5,33.3,,,,,,,,
2026-09-07 15:02:37.097690,0.4544677734375,0.52386474609375,0.57763671875,0.4305419921875,0.32421875,-0.5703125,0.03125,-0.00390625,-0.0078125,-0.025390625,1558.5,37.9,177.8,46.3,34.9,,,,,,,,
2026-09-07 15:02:37.188745,0.45367431640625,0.5244140625,0.57666015625,0.43206787109375,0.0625,-0.00390625,-0.03125,-0.015625,-0.00390625,-0.03125,1558.5,37.9,177.8,46.3,34.9,,,,,,,,
2026-09-07 15:02:37.297009,0.45343017578125,0.5245361328125,0.57635498046875,0.4324951171875,-0.42578125,0.07421875,0.13671875,-0.017578125,-0.01171875,0.00390625,1561.5,38.5,177.8,46.3,35.7,,,,,,,,
2026-09-07 15:02:37.396217,0.4530029296875,0.5242919921875,0.576171875,0.43341064453125,0.06640625,0.25,-0.359375,-0.017578125,-0.005859375,0.001953125,1561.5,38.5,177.8,46.3,35.7,,,,,,,,
2026-09-07 15:02:37.496576,0.45281982421875,0.5244140625,0.575927734375,0.4339599609375,0.1796875,0.1875,0.12890625,-0.009765625,-0.0078125,-0.01171875,1566.25,38.5,177.8,45.9,36.1,,,,,,,,
2026-09-07 15:02:37.585207,0.45281982421875,0.5242919921875,0.57574462890625,0.434326171875,0.01171875,-0.79296875,0.23828125,-0.01171875,-0.0078125,0.001953125,1566.25,38.5,177.8,45.9,36.1,,,,,,,,
2026-09-07 15:02:37.706218,0.45281982421875,0.5242919921875,0.57550048828125,0.4345703125,-0.02734375,0.33203125,0.13671875,-0.013671875,-0.001953125,-0.01171875,1579.5,39.1,177.8,45.1,36.5,,,,,,,,
2026-09-07 15:02:37.795550,0.452880859375,0.524169921875,0.57513427734375,0.4351806640625,-0.01171875,0.1484375,-0.24609375,0.0078125,-0.0078125,0.001953125,1579.5,39.1,177.8,45.1,36.5,,,,,,,,
2026-09-07 15:02:37.896868,0.452880859375,0.52398681640625,0.57513427734375,0.43548583984375,-0.08203125,-0.01953125,0.22265625,-0.005859375,-0.0078125,-0.00390625,1590.5,39.1,177.8,44.7,36.9,,,,,,,,
2026-09-07 15:02:38.004871,0.4530029296875,0.52386474609375,0.57489013671875,0.43572998046875,0.1171875,-0.234375,-0.0546875,-0.00390625,-0.009765625,-0.005859375,1590.5,39.1,177.8,44.7,36.9,,,,,,,,
2026-09-07 15:02:38.083683,0.4530029296875,0.5238037109375,0.57464599609375,0.43609619140625,0.109375,-0.171875,0.0234375,0.00390625,-0.259765625,-0.017578125,1598.25,39.1,177.8,43.9,37.6,,,,,,,,
2026-09-07 15:02:38.185006,0.45306396484375,0.52392578125,0.57440185546875,0.436279296875,0.07421875,-0.234375,-0.0078125,0.013671875,-0.0078125,-0.015625,1598.25,39.1,177.8,43.9,37.6,,,,,,,,
2026-09-07 15:02:38.285703,0.45318603515625,0.524169921875,0.5738525390625,0.43658447265625,-0.04296875,-0.1171875,0.30078125,0.0078125,-0.00390625,-0.009765625,1618.75,39.8,177.8,45.5,41.2,2.0,12.0,37.011713666666665,-122.19605,18.1,0.64,51.401,311.12
2026-09-07 15:02:38.406637,0.453857421875,0.52447509765625,0.5728759765625,0.43670654296875,0.02734375,0.00390625,-0.19921875,0.013671875,-0.009765625,0.00390625,1618.75,39.8,177.8,45.5,41.2,2.0,12.0,37.011713666666665,-122.19605,18.1,0.64,51.401,311.12
2026-09-07 15:02:38.503908,0.45416259765625,0.52447509765625,0.57275390625,0.4365234375,0.1796875,-0.2734375,0.0390625,0.025390625,-0.009765625,0.013671875,1617.0,39.8,177.8,48.2,42.7,2.0,12.0,37.011713666666665,-122.19605,18.1,0.64,51.401,311.12
2026-09-07 15:02:38.595904,0.45550537109375,0.52496337890625,0.57183837890625,0.435791015625,0.04296875,0.40234375,0.15234375,0.0546875,-0.01171875,-0.001953125,1617.0,39.8,177.8,48.2,42.7,2.0,12.0,37.011713666666665,-122.19605,18.1,0.64,51.401,311.12
2026-09-07 15:02:38.707289,0.45721435546875,0.5245361328125,0.5714111328125,0.43511962890625,0.03515625,0.484375,-0.0859375,0.021484375,-0.013671875,0.009765625,1642.0,39.8,177.8,49.8,42.0,2.0,12.0,37.011713666666665,-122.19605,18.1,0.64,51.401,311.12
2026-09-07 15:02:38.784543,0.4576416015625,0.5242919921875,0.5714111328125,0.43487548828125,0.33203125,-0.12890625,-0.19140625,0.03125,-0.01171875,0.009765625,1642.0,39.8,177.8,49.8,42.0,2.0,12.0,37.011713666666665,-122.19605,18.1,0.64,51.401,311.12
2026-09-07 15:02:38.907634,0.45855712890625,0.52392578125,0.57122802734375,0.43463134765625,0.26953125,0.1015625,-0.12109375,0.01171875,-0.009765625,-0.013671875,1637.5,40.4,177.8,52.5,40.0,2.0,12.0,37.011713666666665,-122.19605,18.1,0.64,51.401,311.12
2026-09-07 15:02:39.003975,0.45892333984375,0.5238037109375,0.5711669921875,0.43450927734375,0.12109375,-0.3046875,-0.02734375,0.021484375,-0.0078125,-0.009765625,1637.5,40.4,177.8,52.5,40.0,2.0,12.0,37.011713666666665,-122.19605,18.1,0.64,51.401,311.12
2026-09-07 15:02:39.104498,0.46002197265625,0.52337646484375,0.57080078125,0.434326171875,0.078125,0.015625,-0.203125,-0.017578125,-0.015625,0.0,1641.25,40.4,177.8,51.8,38.4,2.0,12.0,37.011713666666665,-122.19605,18.1,0.64,51.401,311.12
2026-09-07 15:02:39.203508,0.460205078125,0.5230712890625,0.57086181640625,0.43438720703125,-0.18359375,0.20703125,0.29296875,0.005859375,-0.0078125,0.0,1641.25,40.4,177.8,51.8,38.4,2.0,12.0,37.011713666666665,-122.19605,18.1,0.64,51.401,311.12
2026-09-07 15:02:39.292496,0.4610595703125,0.5224609375,0.571044921875,0.4339599609375,-0.0390625,0.3984375,-0.203125,-0.01953125,-0.01171875,0.009765625,1654.5,41.0,177.8,49.4,38.8,,,,,,,,
2026-09-07 15:02:39.406793,0.46142578125,0.52056884765625,0.57208251953125,0.4345703125,0.125,0.4609375,-0.12109375,-0.01953125,-0.01171875,0.015625,1654.5,41.0,177.8,49.4,38.8,,,,,,,,
2026-09-07 15:02:39.504041,0.4617919921875,0.51953125,0.572509765625,0.434814453125,0.21484375,-0.53125,0.37890625,-0.0078125,-0.01171875,0.001953125,1678.0,41.0,177.8,47.5,38.8,,,,,,,,
2026-09-07 15:02:39.604489,0.46185302734375,0.518798828125,0.5726318359375,0.4354248046875,0.046875,0.08984375,-0.25390625,-0.017578125,-0.01171875,-0.01171875,1678.0,41.0,177.8,47.5,38.8,,,,,,,,
2026-09-07 15:02:39.704294,0.462158203125,0.51837158203125,0.572509765625,0.43572998046875,-0.34375,-0.609375,0.68359375,0.013671875,-0.009765625,-0.001953125,1680.25,41.6,177.8,46.7,38.4,,,,,,,,
2026-09-07 15:02:39.789352,0.46209716796875,0.518310546875,0.56463623046875,0.42822265625,-0.0078125,0.24609375,-0.421875,-0.01171875,-0.0078125,-0.00390625,1680.25,41.6,177.8,46.7,38.4,,,,,,,,
2026-09-07 15:02:39.905990,0.46185302734375,0.5177001953125,0.57257080078125,0.43682861328125,-0.12109375,0.03125,-0.16796875,0.001953125,-0.005859375,-0.001953125,1690.5,41.6,177.8,45.1,31.8,,,,,,,,
2026-09-07 15:02:40.004550,0.4617919921875,0.517578125,0.57244873046875,0.43719482421875,0.0625,-0.02734375,0.0,-0.00390625,-0.005859375,-0.01953125,1690.5,41.6,177.8,45.1,31.8,,,,,,,,
2026-09-07 15:02:40.104019,0.461669921875,0.51727294921875,0.57244873046875,0.43768310546875,-0.12890625,0.1640625,-0.296875,-0.013671875,-0.00390625,-0.0078125,1700.75,42.3,177.8,41.6,30.6,,,,,,,,
2026-09-07 15:02:40.205065,0.4619140625,0.51666259765625,0.57275390625,0.43780517578125,-0.03515625,0.078125,0.078125,-0.015625,-0.005859375,0.01953125,1700.75,42.3,177.8,41.6,30.6,,,,,,,,
2026-09-07 15:02:40.552291,0.4600830078125,0.515380859375,0.57293701171875,0.44097900390625,-0.05859375,-0.15234375,0.4375,-0.001953125,-0.0078125,-0.01953125,1735.75,42.9,177.8,41.2,34.9,,,,,,,,
2026-09-07 15:02:40.640217,0.4599609375,0.51531982421875,0.57275390625,0.44134521484375,-0.08984375,-0.14453125,0.07421875,-0.0078125,-0.009765625,-0.01171875,1741.25,42.9,177.8,42.0,37.3,,,,,,,,
2026-09-07 15:02:40.749287,0.4598388671875,0.515380859375,0.572265625,0.44207763671875,0.078125,-0.609375,0.16796875,0.0078125,-0.009765625,-0.01953125,1741.25,42.9,177.8,42.0,37.3,,,,,,,,
2026-09-07 15:02:40.839364,0.45953369140625,0.51544189453125,0.5718994140625,0.44281005859375,-0.234375,0.37109375,-0.03125,-0.00390625,-0.0078125,-0.013671875,1757.0,42.9,177.8,42.4,38.4,,,,,,,,
2026-09-07 15:02:40.951043,0.4593505859375,0.515380859375,0.57135009765625,0.44378662109375,0.1171875,0.1640625,-0.140625,0.01953125,-0.01171875,-0.013671875,1757.0,42.9,177.8,42.4,38.4,,,,,,,,
2026-09-07 15:02:41.048831,0.45965576171875,0.51568603515625,0.57080078125,0.44378662109375,-0.06640625,0.09765625,0.01953125,0.02734375,-0.01171875,-0.02734375,1760.75,43.5,177.8,42.0,38.4,,,,,,,,
2026-09-07 15:02:41.148320,0.4598388671875,0.51629638671875,0.56976318359375,0.44427490234375,-0.04296875,0.17578125,-0.26171875,0.013671875,-0.01171875,-0.009765625,1760.75,43.5,177.8,42.0,38.4,,,,,,,,
2026-09-07 15:02:41.248582,0.4600830078125,0.51654052734375,0.56915283203125,0.44451904296875,-0.1796875,0.2734375,0.03515625,0.009765625,-0.005859375,0.01953125,1771.75,43.5,177.8,42.0,38.4,,,,,,,,
2026-09-07 15:02:41.328424,0.46063232421875,0.5162353515625,0.5692138671875,0.44415283203125,-0.1953125,0.26953125,0.3671875,0.005859375,-0.0078125,0.01953125,1771.75,43.5,177.8,42.0,38.4,,,,,,,,
2026-09-07 15:02:41.452536,0.45428466796875,0.51611328125,0.56884765625,0.4432373046875,0.140625,0.31640625,0.0234375,0.00390625,-0.0078125,0.01171875,1780.25,44.1,177.8,41.6,38.8,,,,,,,,
2026-09-07 15:02:41.548822,0.4625244140625,0.51641845703125,0.568359375,0.44305419921875,-0.1953125,-0.390625,0.8046875,0.015625,-0.00390625,-0.001953125,1780.25,44.1,177.8,41.6,38.8,,,,,,,,
2026-09-07 15:02:41.648605,0.4632568359375,0.51715087890625,0.56744384765625,0.44268798828125,0.2109375,0.375,-0.15234375,0.0,0.0,0.01171875,1799.0,44.1,177.8,41.6,38.8,,,,,,,,
2026-09-07 15:02:41.748512,0.4637451171875,0.516845703125,0.56756591796875,0.4423828125,0.1875,0.08984375,-0.08203125,-0.0078125,-0.0078125,0.015625,1799.0,44.1,177.8,41.6,38.8,,,,,,,,
2026-09-07 15:02:41.847225,0.46441650390625,0.516357421875,0.5677490234375,0.4420166015625,0.234375,-0.05078125,-0.06640625,-0.01171875,-0.0078125,0.009765625,1812.5,44.7,177.8,41.6,39.2,,,,,,,,
2026-09-07 15:02:41.948484,0.4649658203125,0.51593017578125,0.56756591796875,0.44219970703125,0.03125,-0.29296875,0.0234375,-0.00390625,-0.0078125,0.005859375,1812.5,44.7,177.8,41.6,39.2,,,,,,,,
2026-09-07 15:02:42.048559,0.46527099609375,0.5157470703125,0.5673828125,0.4422607421875,-0.05859375,0.21875,0.0625,-0.001953125,-0.0078125,0.0078125,1825.0,44.7,177.8,42.0,38.8,,,,,,,,
2026-09-07 15:02:42.148155,0.4658203125,0.5152587890625,0.56744384765625,0.442138671875,0.015625,0.05078125,0.0234375,-0.005859375,-0.0078125,0.0078125,1825.0,44.7,177.8,42.0,38.8,,,,,,,,
2026-09-07 15:02:42.248672,0.4664306640625,0.51519775390625,0.567138671875,0.44195556640625,0.0546875,-0.1328125,-0.12890625,0.009765625,-0.01171875,0.001953125,1828.75,45.4,177.8,41.6,38.4,,,,,,,,
2026-09-07 15:02:42.334524,0.46649169921875,0.51513671875,0.56707763671875,0.44207763671875,-0.13671875,0.2734375,0.0,0.00390625,-0.0078125,0.009765625,1828.75,45.4,177.8,41.6,38.4,,,,,,,,
2026-09-07 15:02:42.450678,0.46746826171875,0.51446533203125,0.567138671875,0.4417724609375,-0.00390625,-0.25390625,-0.046875,-0.005859375,-0.0078125,0.015625,1837.5,45.4,177.8,41.6,38.4,,,,,,,,
2026-09-07 15:02:42.548935,0.4681396484375,0.51416015625,0.56689453125,0.441650390625,-0.01171875,-0.06640625,-0.15234375,0.0,-0.005859375,0.009765625,1837.5,45.4,177.8,41.6,38.4,,,,,,,,
2026-09-07 15:02:42.650104,0.468505859375,0.513916015625,0.56683349609375,0.44171142578125,-0.3046875,-0.109375,0.14453125,0.009765625,-0.005859375,-0.001953125,1846.75,45.4,177.8,41.2,36.5,,,,,,,,
2026-09-07 15:02:42.749913,0.46893310546875,0.51361083984375,0.5667724609375,0.44171142578125,-0.2578125,0.41015625,0.078125,0.0078125,-0.009765625,0.013671875,1846.75,45.4,177.8,41.2,36.5,,,,,,,,
2026-09-07 15:02:42.848097,0.4698486328125,0.513427734375,0.5665283203125,0.4412841796875,-0.265625,-0.05078125,0.125,-0.001953125,-0.0078125,0.025390625,1862.5,46.0,177.8,41.2,32.9,,,,,,,,
2026-09-07 15:02:42.948864,0.47021484375,0.513427734375,0.566162109375,0.44134521484375,0.078125,0.125,-0.12109375,-0.013671875,-0.009765625,0.0078125,1862.5,46.0,177.8,41.2,32.9,,,,,,,,
2026-09-07 15:02:43.049150,0.469970703125,0.51348876953125,0.56585693359375,0.44189453125,0.24609375,-0.5625,-0.28125,-0.025390625,0.0,-0.005859375,1853.75,46.0,177.8,37.3,30.2,,,,,,,,
2026-09-07 15:02:43.149506,0.46978759765625,0.51348876953125,0.56561279296875,0.44232177734375,-0.4453125,0.01953125,-0.2890625,-0.01171875,-0.005859375,0.005859375,1853.75,46.0,177.8,37.3,30.2,,,,,,,,
2026-09-07 15:02:43.250702,0.469970703125,0.51312255859375,0.565673828125,0.4425048828125,-0.06640625,-0.109375,-0.08984375,-0.021484375,-0.0078125,0.0234375,1865.5,46.0,177.8,36.5,30.6,,,,,,,,
2026-09-07 15:02:43.343143,0.46978759765625,0.51312255859375,0.56561279296875,0.44281005859375,0.1640625,-0.4609375,0.1640625,-0.02734375,0.0,-0.015625,1865.5,46.0,177.8,36.5,30.6,,,,,,,,
2026-09-07 15:02:43.452076,0.468505859375,0.513427734375,0.565185546875,0.4443359375,0.04296875,0.1015625,0.1640625,-0.025390625,-0.001953125,0.0,1866.25,46.6,177.8,32.9,24.7,,,,,,,,
2026-09-07 15:02:43.551528,0.46807861328125,0.51324462890625,0.56524658203125,0.4449462890625,-0.32421875,-0.0390625,-0.48046875,-0.015625,-0.0078125,0.00390625,1866.25,46.6,177.8,32.9,24.7,,,,,,,,
2026-09-07 15:02:43.651680,0.46722412109375,0.513427734375,0.56500244140625,0.44598388671875,0.00390625,0.26171875,0.109375,-0.013671875,0.0,-0.029296875,1847.5,46.6,177.8,19.6,22.4,,,,,,,,
2026-09-07 15:02:43.751376,0.466064453125,0.513671875,0.56463623046875,0.447265625,-0.69140625,0.2265625,-0.171875,-0.0078125,-0.001953125,-0.02734375,1847.5,46.6,177.8,19.6,22.4,,,,,,,,
2026-09-07 15:02:43.849110,0.46527099609375,0.51409912109375,0.56414794921875,0.44830322265625,-0.4296875,0.2265625,-0.01171875,0.0,-0.001953125,-0.017578125,1864.75,46.6,177.8,19.6,22.7,,,,,,,,
2026-09-07 15:02:43.947376,0.46441650390625,0.51446533203125,0.56365966796875,0.44940185546875,-0.1796875,0.06640625,0.171875,-0.013671875,-0.00390625,-0.0078125,1864.75,46.6,177.8,19.6,22.7,,,,,,,,
2026-09-07 15:02:44.048609,0.46343994140625,0.51556396484375,0.5625,0.4505615234375,-0.06640625,-0.4609375,0.0703125,-0.001953125,-0.001953125,-0.015625,1864.0,46.6,177.8,19.2,22.7,,,,,,,,
2026-09-07 15:02:44.147992,0.462890625,0.51678466796875,0.5611572265625,0.45135498046875,-0.09765625,0.234375,0.22265625,0.01171875,-0.001953125,-0.017578125,1864.0,46.6,177.8,19.2,22.7,,,,,,,,
2026-09-07 15:02:44.248995,0.46270751953125,0.517578125,0.5601806640625,0.45184326171875,0.01171875,0.05859375,-0.19921875,0.013671875,-0.005859375,-0.015625,1858.5,46.6,177.8,19.2,22.7,,,,,,,,
2026-09-07 15:02:44.332984,0.4627685546875,0.51806640625,0.5596923828125,0.45196533203125,-0.1171875,0.296875,0.0703125,0.021484375,-0.009765625,-0.001953125,1858.5,46.6,177.8,19.2,22.7,,,,,,,,
2026-09-07 15:02:44.438988,0.4627685546875,0.5189208984375,0.55865478515625,0.4521484375,0.02734375,0.203125,-0.19921875,0.02734375,-0.005859375,-0.015625,1857.0,46.6,177.8,19.2,23.1,,,,,,,,
2026-09-07 15:02:44.541696,0.462646484375,0.52032470703125,0.5570068359375,0.45281982421875,-0.46484375,0.40234375,0.140625,0.01171875,-0.005859375,0.01953125,1857.0,46.6,177.8,19.2,23.1,,,,,,,,
2026-09-07 15:02:44.645518,0.462890625,0.520263671875,0.5567626953125,0.45281982421875,-0.1875,0.546875,-0.11328125,0.009765625,-0.005859375,0.021484375,1864.75,46.6,177.8,19.2,23.1,,,,,,,,
2026-09-07 15:02:44.747528,0.4627685546875,0.51983642578125,0.55731201171875,0.45281982421875,0.171875,0.58984375,-0.265625,-0.009765625,0.0,0.029296875,1864.75,46.6,177.8,19.2,23.1,,,,,,,,
2026-09-07 15:02:44.848720,0.46185302734375,0.51983642578125,0.55755615234375,0.45343017578125,0.5859375,0.0234375,-0.3125,-0.013671875,0.01171875,-0.021484375,1870.25,46.6,177.8,19.2,22.7,,,,,,,,
2026-09-07 15:02:44.948507,0.46173095703125,0.5223388671875,0.55523681640625,0.4534912109375,-0.11328125,-0.23828125,-0.23828125,-0.02734375,0.005859375,-0.01953125,1870.25,46.6,177.8,19.2,22.7,,,,,,,,
2026-09-07 15:02:45.049026,0.46197509765625,0.52471923828125,0.55303955078125,0.45318603515625,0.140625,-0.6953125,0.0078125,-0.046875,0.005859375,-0.001953125,1868.75,46.6,177.8,19.2,22.7,,,,,,,,
2026-09-07 15:02:45.148845,0.46099853515625,0.52532958984375,0.552734375,0.453857421875,0.171875,-0.43359375,-0.1328125,-0.037109375,0.009765625,-0.00390625,1868.75,46.6,177.8,19.2,22.7,,,,,,,,
2026-09-07 15:02:45.248478,0.46026611328125,0.526123046875,0.5523681640625,0.45416259765625,-0.13671875,-0.32421875,0.13671875,-0.013671875,0.0078125,-0.009765625,1873.25,46.6,177.8,19.6,22.7,,,,,,,,
2026-09-07 15:02:45.349643,0.45989990234375,0.52630615234375,0.5523681640625,0.45428466796875,-0.44921875,0.0078125,0.35546875,-0.013671875,0.005859375,-0.005859375,1873.25,46.6,177.8,19.6,22.7,,,,,,,,
2026-09-07 15:02:45.449014,0.4595947265625,0.5264892578125,0.55224609375,0.4544677734375,0.02734375,-0.10546875,-0.12890625,0.009765625,0.0,0.001953125,1877.25,46.6,177.8,19.2,22.7,,,,,,,,
2026-09-07 15:02:45.541521,0.45880126953125,0.52691650390625,0.5521240234375,0.455078125,-0.01171875,0.6015625,0.125,-0.001953125,0.005859375,-0.009765625,1877.25,46.6,177.8,19.2,22.7,,,,,,,,
2026-09-07 15:02:45.648814,0.458251953125,0.52703857421875,0.552001953125,0.45550537109375,-0.1796875,0.3515625,-0.21875,-0.005859375,0.00390625,-0.00390625,1861.5,46.6,177.8,19.2,22.7,,,,,,,,
2026-09-07 15:02:45.748146,0.45782470703125,0.52691650390625,0.5521240234375,0.4559326171875,0.16796875,0.04296875,-0.13671875,-0.01171875,0.0,0.009765625,1861.5,46.6,177.8,19.2,22.7,,,,,,,,
2026-09-07 15:02:45.848534,0.45745849609375,0.52703857421875,0.552001953125,0.45635986328125,0.265625,-0.5,-0.06640625,-0.01953125,0.001953125,0.013671875,1656.25,47.2,177.8,20.4,22.0,,,,,,,,
2026-09-07 15:02:45.948403,0.45697021484375,0.5277099609375,0.55145263671875,0.456787109375,-0.15625,-0.25390625,0.23828125,0.001953125,0.001953125,-0.0078125,1656.25,47.2,177.8,20.4,22.0,,,,,,,,
2026-09-07 15:02:46.041483,0.456787109375,0.52838134765625,0.55084228515625,0.45697021484375,-0.1640625,-0.20703125,-0.01171875,0.00390625,0.001953125,-0.009765625,1532.0,46.6,177.8,24.7,23.1,,,,,,,,
2026-09-07 15:02:46.150114,0.456787109375,0.52862548828125,0.550537109375,0.45697021484375,0.09765625,-0.11328125,-0.05078125,0.015625,-0.001953125,0.001953125,1532.0,46.6,177.8,24.7,23.1,,,,,,,,
2026-09-07 15:02:46.250308,0.45635986328125,0.52880859375,0.55029296875,0.45745849609375,0.00390625,-0.12109375,-0.07421875,0.0078125,0.001953125,-0.013671875,1567.0,46.6,177.8,31.8,27.8,,,,,,,,
2026-09-07 15:02:46.349768,0.4561767578125,0.52880859375,0.55023193359375,0.45770263671875,-0.27734375,0.32421875,0.32421875,0.005859375,0.0,-0.017578125,1567.0,46.6,177.8,31.8,27.8,,,,,,,,
2026-09-07 15:02:46.449984,0.45648193359375,0.52838134765625,0.5504150390625,0.4576416015625,0.203125,0.375,0.125,-0.009765625,-0.001953125,0.00390625,1548.25,47.2,177.8,35.3,26.7,,,,,,,,
2026-09-07 15:02:46.540610,0.4564208984375,0.52801513671875,0.55072021484375,0.45782470703125,0.26171875,-0.078125,-0.08984375,-0.0078125,-0.001953125,0.0078125,1548.25,47.2,177.8,35.3,26.7,,,,,,,,
2026-09-07 15:02:46.647210,0.456298828125,0.52777099609375,0.55096435546875,0.45794677734375,-0.203125,0.0234375,0.1015625,-0.01953125,0.0,0.0078125,1513.25,47.2,177.8,34.1,25.5,,,,,,,,
2026-09-07 15:02:46.746588,0.4564208984375,0.52728271484375,0.55145263671875,0.45782470703125,-0.2265625,0.53515625,-0.06640625,-0.00390625,-0.00390625,0.01953125,1513.25,47.2,177.8,34.1,25.5,,,,,,,,
2026-09-07 15:02:46.846783,0.456787109375,0.52630615234375,0.55218505859375,0.4576416015625,0.0703125,-0.1171875,0.17578125,-0.0234375,-0.0078125,0.017578125,1507.75,47.2,177.8,34.5,25.1,,,,,,,,
2026-09-07 15:02:46.947128,0.45654296875,0.52587890625,0.55242919921875,0.45806884765625,-0.203125,-0.28515625,0.24609375,0.00390625,-0.00390625,-0.015625,1507.75,47.2,177.8,34.5,25.1,,,,,,,,
2026-09-07 15:02:47.040763,0.456298828125,0.52545166015625,0.5526123046875,0.45855712890625,-0.39453125,-0.0625,0.0078125,-0.001953125,-0.001953125,-0.013671875,1504.5,47.2,177.8,34.1,25.1,,,,,,,,
2026-09-07 15:02:47.141652,0.456787109375,0.52490234375,0.5528564453125,0.45843505859375,-0.00390625,0.19921875,0.25390625,0.009765625,-0.0078125,0.005859375,1504.5,47.2,177.8,34.1,25.1,,,,,,,,
2026-09-07 15:02:47.242238,0.457275390625,0.5244140625,0.5528564453125,0.45855712890625,0.28515625,0.09765625,0.0390625,0.001953125,-0.009765625,0.021484375,1502.25,47.2,177.8,35.7,25.9,,,,,,,,
2026-09-07 15:02:47.344229,0.45703125,0.52362060546875,0.55328369140625,0.45916748046875,0.5234375,-1.47265625,-0.0625,0.015625,-0.0078125,-0.00390625,1502.25,47.2,177.8,35.7,25.9,2.0,12.0,37.012625166666666,-122.197763,16.6,0.69,51.401,311.12
2026-09-07 15:02:47.446307,0.45697021484375,0.52325439453125,0.553466796875,0.45947265625,-0.14453125,0.58203125,0.08984375,0.0078125,-0.009765625,0.00390625,1500.0,47.8,177.8,35.3,25.1,2.0,12.0,37.012625166666666,-122.197763,16.6,0.69,51.401,311.12
2026-09-07 15:02:47.546863,0.456787109375,0.5220947265625,0.55413818359375,0.4600830078125,-0.53515625,0.34375,-0.15625,-0.01171875,-0.01171875,0.005859375,1500.0,47.8,177.8,35.3,25.1,2.0,12.0,37.012625166666666,-122.197763,16.6,0.69,51.401,311.12
2026-09-07 15:02:47.647479,0.457275390625,0.52105712890625,0.5546875,0.46014404296875,0.140625,0.34375,-0.23046875,-0.015625,-0.009765625,0.00390625,1499.0,47.2,177.8,34.9,25.1,2.0,12.0,37.012625166666666,-122.197763,16.6,0.69,51.401,311.12
2026-09-07 15:02:47.746432,0.4561767578125,0.52044677734375,0.55523681640625,0.46124267578125,-0.45703125,-0.53515625,1.1328125,0.00390625,0.001953125,-0.048828125,1499.0,47.2,177.8,34.9,25.1,2.0,12.0,37.012625166666666,-122.197763,16.6,0.69,51.401,311.12
2026-09-07 15:02:47.839034,0.45538330078125,0.52069091796875,0.55517578125,0.46185302734375,-0.77734375,-0.19140625,1.015625,0.005859375,-0.001953125,-0.015625,1508.5,47.2,177.8,34.1,25.1,2.0,12.0,37.012625166666666,-122.197763,16.6,0.69,51.401,311.12
2026-09-07 15:02:47.940332,0.454833984375,0.52008056640625,0.5560302734375,0.4620361328125,-0.36328125,0.23828125,-0.1484375,-0.01171875,0.0078125,0.009765625,1508.5,47.2,177.8,34.1,25.1,2.0,12.0,37.012625166666666,-122.197763,16.6,0.69,51.401,311.12
2026-09-07 15:02:48.040756,0.45367431640625,0.5186767578125,0.5574951171875,0.46295166015625,0.6328125,-0.67578125,-0.25390625,-0.041015625,-0.001953125,0.009765625,1506.25,47.8,177.8,33.7,25.1,2.0,12.0,37.012625166666666,-122.197763,16.6,0.69,51.401,311.12
2026-09-07 15:02:48.153570,0.4522705078125,0.51806640625,0.55816650390625,0.4642333984375,0.0703125,0.3203125,-0.1328125,-0.03515625,0.0078125,-0.029296875,1506.25,47.8,177.8,33.7,25.1,2.0,12.0,37.012625166666666,-122.197763,16.6,0.69,51.401,311.12
2026-09-07 15:02:48.245778,0.451416015625,0.51763916015625,0.55853271484375,0.465087890625,-0.53125,-0.484375,0.2109375,-0.015625,0.00390625,0.001953125,1508.5,47.8,177.8,33.7,24.7,2.0,12.0,37.012625166666666,-122.197763,16.6,0.69,51.401,311.12
2026-09-07 15:02:48.353577,0.45135498046875,0.51763916015625,0.5584716796875,0.4652099609375,0.125,-0.51171875,0.14453125,0.015625,-0.001953125,-0.009765625,1508.5,47.8,177.8,33.7,24.7,,,,,,,,
2026-09-07 15:02:48.446161,0.4515380859375,0.51861572265625,0.55755615234375,0.465087890625,0.0859375,-0.26953125,0.19140625,0.06640625,-0.0078125,0.00390625,1508.5,47.8,177.8,32.5,25.1,,,,,,,,
2026-09-07 15:02:48.541896,0.45263671875,0.51983642578125,0.55633544921875,0.464111328125,-0.32421875,0.6171875,0.12109375,0.03515625,-0.005859375,0.005859375,1508.5,47.8,177.8,32.5,25.1,,,,,,,,
2026-09-07 15:02:48.642919,0.453857421875,0.5206298828125,0.55548095703125,0.46307373046875,-0.26953125,0.05859375,-0.19921875,0.0390625,-0.00390625,0.265625,1513.25,47.8,177.8,32.9,25.1,,,,,,,,
2026-09-07 15:02:48.754009,0.4542236328125,0.520751953125,0.55523681640625,0.46282958984375,0.01953125,0.55859375,-0.359375,0.001953125,-0.005859375,0.0078125,1513.25,47.8,177.8,32.9,25.1,,,,,,,,
2026-09-07 15:02:48.853475,0.45452880859375,0.52069091796875,0.55511474609375,0.46270751953125,0.04296875,0.30078125,0.109375,-0.03125,-0.00390625,0.017578125,1515.5,47.8,177.8,32.9,25.1,,,,,,,,
2026-09-07 15:02:48.952899,0.4552001953125,0.5203857421875,0.55511474609375,0.46246337890625,0.140625,-0.28125,0.37890625,-0.033203125,-0.001953125,0.0234375,1515.5,47.8,177.8,32.9,25.1,,,,,,,,
2026-09-07 15:02:49.053103,0.45538330078125,0.52008056640625,0.55517578125,0.4625244140625,-0.04296875,-0.3359375,0.23046875,-0.009765625,0.0,-0.021484375,1523.25,47.8,177.8,32.9,25.1,,,,,,,,
2026-09-07 15:02:49.141437,0.4549560546875,0.520263671875,0.55499267578125,0.46295166015625,-0.3125,0.32421875,-0.14453125,-0.029296875,0.0,0.005859375,1523.25,47.8,177.8,32.9,25.1,,,,,,,,
2026-09-07 15:02:49.241773,0.45489501953125,0.51971435546875,0.555419921875,0.463134765625,-0.1875,-0.37890625,0.03125,-0.01953125,-0.005859375,0.0078125,1514.75,47.8,177.8,32.9,25.5,,,,,,,,
2026-09-07 15:02:49.341781,0.45458984375,0.5194091796875,0.5556640625,0.4635009765625,0.0859375,-0.5,-0.23828125,-0.0234375,0.001953125,-0.013671875,1514.75,47.8,177.8,32.9,25.5,,,,,,,,
2026-09-07 15:02:49.455074,0.4537353515625,0.5196533203125,0.55548095703125,0.4642333984375,-0.1328125,0.171875,-0.13671875,0.0,0.001953125,-0.029296875,1519.5,47.8,177.8,32.9,25.1,,,,,,,,
2026-09-07 15:02:49.554879,0.45355224609375,0.519775390625,0.55535888671875,0.46441650390625,-0.171875,-0.03515625,0.15234375,-0.00390625,-0.001953125,-0.00390625,1519.5,47.8,177.8,32.9,25.1,,,,,,,,
2026-09-07 15:02:49.656321,0.45343017578125,0.51995849609375,0.55511474609375,0.46466064453125,-0.05078125,0.32421875,-0.0625,0.0078125,0.0,-0.0078125,1522.5,47.8,177.8,32.5,25.1,,,,,,,,
2026-09-07 15:02:49.754517,0.4532470703125,0.5203857421875,0.5546875,0.46478271484375,-0.0625,0.26953125,0.11328125,0.0,0.0,0.015625,1522.5,47.8,177.8,32.5,25.1,,,,,,,,
2026-09-07 15:02:49.855207,0.4534912109375,0.52032470703125,0.55462646484375,0.4647216796875,0.06640625,-0.0234375,-0.1640625,0.0,-0.001953125,0.0,1525.0,47.8,179.6,32.5,25.1,,,,,,,,
2026-09-07 15:02:49.941007,0.45379638671875,0.520263671875,0.5545654296875,0.46466064453125,0.296875,-0.03125,0.04296875,0.00390625,-0.00390625,0.01171875,1525.0,47.8,179.6,32.5,25.1,,,,,,,,
2026-09-07 15:02:50.041276,0.4539794921875,0.5203857421875,0.55426025390625,0.46466064453125,0.2265625,-0.078125,-0.33203125,0.005859375,-0.001953125,0.001953125,1519.5,47.8,179.6,32.5,25.1,,,,,,,,
2026-09-07 15:02:50.141605,0.4537353515625,0.52044677734375,0.5540771484375,0.46502685546875,-0.01953125,0.015625,0.0390625,-0.00390625,-0.001953125,-0.001953125,1519.5,47.8,179.6,32.5,25.1,,,,,,,,
2026-09-07 15:02:50.241513,0.45379638671875,0.52020263671875,0.55419921875,0.46514892578125,0.08203125,-0.23828125,-0.03125,-0.0234375,-0.005859375,0.025390625,1521.75,48.5,179.6,32.5,24.7,,,,,,,,
2026-09-07 15:02:50.341515,0.45379638671875,0.51971435546875,0.55450439453125,0.46527099609375,-0.1171875,-0.29296875,-0.0703125,-0.01953125,-0.005859375,0.0078125,1521.75,48.5,179.6,32.5,24.7,2.0,12.0,37.0129585,-122.19836366666668,15.4,0.80,51.401,311.12
2026-09-07 15:02:50.455846,0.45306396484375,0.51971435546875,0.55450439453125,0.466064453125,-0.33203125,0.19140625,0.0546875,-0.0234375,-0.001953125,-0.025390625,,48.5,179.6,32.2,24.7,2.0,12.0,37.0129585,-122.19836366666668,15.4,0.80,51.401,311.12
2026-09-07 15:02:50.556379,0.45233154296875,0.51953125,0.5546875,0.4666748046875,-0.109375,0.21484375,0.0390625,-0.025390625,-0.001953125,0.01171875,,48.5,179.6,32.2,24.7,2.0,12.0,37.0129585,-122.19836366666668,15.4,0.80,51.401,311.12
2026-09-07 15:02:50.656418,0.45208740234375,0.51904296875,0.55511474609375,0.46697998046875,0.1953125,-0.23046875,-0.0234375,-0.025390625,-0.001953125,0.017578125,,48.5,179.6,32.2,24.7,2.0,12.0,37.0129585,-122.19836366666668,15.4,0.80,51.401,311.12
2026-09-07 15:02:50.755950,0.451904296875,0.51885986328125,0.55517578125,0.46722412109375,0.11328125,-0.23828125,-0.0546875,-0.01171875,0.005859375,-0.009765625,,48.5,179.6,32.2,24.7,2.0,12.0,37.0129585,-122.19836366666668,15.4,0.80,51.401,311.12
2026-09-07 15:02:50.856007,0.45135498046875,0.51904296875,0.55511474609375,0.46771240234375,-0.03515625,-0.03125,0.2265625,-0.01171875,0.00390625,0.00390625,1528.75,47.8,179.6,32.2,24.7,2.0,12.0,37.0129585,-122.19836366666668,15.4,0.80,51.401,311.12
2026-09-07 15:02:50.947540,0.4512939453125,0.518798828125,0.555419921875,0.4676513671875,-0.09375,-0.09375,0.10546875,-0.015625,0.001953125,0.021484375,1528.75,47.8,179.6,32.2,24.7,2.0,12.0,37.0129585,-122.19836366666668,15.4,0.80,51.401,311.12
2026-09-07 15:02:51.055557,0.4512939453125,0.5186767578125,0.55560302734375,0.46759033203125,0.3125,-0.2421875,-0.078125,0.0,0.00390625,-0.009765625,1534.25,48.5,179.6,32.2,24.7,2.0,12.0,37.0129585,-122.19836366666668,15.4,0.80,51.401,311.12
2026-09-07 15:02:51.156341,0.45068359375,0.519287109375,0.55517578125,0.468017578125,-0.06640625,-0.5,-0.23828125,-0.00390625,0.009765625,-0.033203125,1534.25,48.5,179.6,32.2,24.7,2.0,12.0,37.0129585,-122.19836366666668,15.4,0.80,51.401,311.12
2026-09-07 15:02:51.255690,0.4500732421875,0.51995849609375,0.55474853515625,0.46832275390625,0.05078125,0.08984375,0.04296875,0.001953125,0.001953125,-0.021484375,1533.5,48.5,179.6,32.2,24.7,2.0,12.0,37.0129585,-122.19836366666668,15.4,0.80,51.401,311.12
2026-09-07 15:02:51.355568,0.45001220703125,0.520263671875,0.554443359375,0.4683837890625,-0.046875,0.01953125,0.19140625,-0.00390625,-0.0078125,-0.009765625,1533.5,48.5,179.6,32.2,24.7,,,,,,,,
2026-09-07 15:02:51.455660,0.44989013671875,0.52008056640625,0.55426025390625,0.4688720703125,0.03515625,0.07421875,0.234375,0.013671875,-0.0078125,-0.015625,1530.25,48.5,179.6,32.2,24.7,,,,,,,,
2026-09-07 15:02:51.556334,0.44989013671875,0.52008056640625,0.55389404296875,0.4693603515625,0.0078125,0.37109375,-0.05078125,0.03125,-0.001953125,0.0,1530.25,48.5,179.6,32.2,24.7,,,,,,,,
2026-09-07 15:02:51.658064,0.45037841796875,0.52008056640625,0.55377197265625,0.46905517578125,0.08984375,0.26953125,-0.05859375,0.02734375,-0.0078125,0.017578125,1532.75,48.5,179.6,31.4,24.7,,,,,,,,
2026-09-07 15:02:51.766210,0.451171875,0.51983642578125,0.5538330078125,0.46856689453125,0.328125,-0.484375,0.265625,0.025390625,-0.0078125,0.009765625,1536.5,48.5,179.6,31.4,24.7,,,,,,,,
2026-09-07 15:02:51.853844,0.451904296875,0.52008056640625,0.5533447265625,0.4681396484375,-0.140625,-0.15625,0.12109375,0.0234375,-0.005859375,0.009765625,1536.5,48.5,179.6,31.4,24.7,,,,,,,,
2026-09-07 15:02:51.956010,0.4522705078125,0.52020263671875,0.5531005859375,0.46795654296875,-0.1640625,0.265625,-0.03515625,0.02734375,-0.01171875,0.0234375,1536.5,48.5,179.6,31.4,24.7,,,,,,,,
2026-09-07 15:02:52.057663,0.45355224609375,0.5201416015625,0.552734375,0.4671630859375,-0.1640625,0.16015625,-0.41015625,0.05859375,-0.005859375,0.0,1536.5,48.5,179.6,31.4,24.7,,,,,,,,
2026-09-07 15:02:52.163859,0.45458984375,0.52069091796875,0.55181884765625,0.46661376953125,-0.15625,0.54296875,-0.23046875,0.01953125,-0.005859375,0.00390625,1542.75,48.5,179.6,31.4,24.7,,,,,,,,
2026-09-07 15:02:52.257156,0.45526123046875,0.5208740234375,0.5513916015625,0.46624755859375,-0.1171875,0.71875,-0.58203125,-0.001953125,-0.001953125,0.017578125,1542.75,48.5,179.6,31.4,24.7,,,,,,,,
2026-09-07 15:02:52.354379,0.45556640625,0.52056884765625,0.551513671875,0.46612548828125,0.34765625,-0.33984375,0.0078125,0.01171875,-0.009765625,0.015625,1542.75,48.5,179.6,31.4,24.7,,,,,,,,
2026-09-07 15:02:52.465266,0.4564208984375,0.5206298828125,0.55108642578125,0.46575927734375,-0.02734375,0.26171875,0.03125,0.00390625,-0.001953125,-0.005859375,1538.25,48.5,179.6,31.8,25.1,,,,,,,,
2026-09-07 15:02:52.564411,0.45684814453125,0.5211181640625,0.55023193359375,0.46575927734375,-0.25,0.21484375,-0.0703125,0.009765625,0.0,0.005859375,1545.25,48.5,179.6,32.2,25.1,,,,,,,,
2026-09-07 15:02:52.664324,0.457275390625,0.52081298828125,0.5504150390625,0.46551513671875,0.01171875,0.12890625,-0.23828125,0.0078125,0.0,-0.001953125,1545.25,48.5,179.6,32.2,25.1,,,,,,,,
2026-09-07 15:02:52.753121,0.45751953125,0.52081298828125,0.55023193359375,0.4654541015625,0.12109375,0.12890625,-0.07421875,0.001953125,-0.00390625,0.0,1545.25,48.5,179.6,32.2,25.1,,,,,,,,
2026-09-07 15:02:52.854387,0.45745849609375,0.52099609375,0.550048828125,0.46551513671875,0.125,-0.14453125,-0.55078125,-0.00390625,0.001953125,-0.009765625,1543.75,48.5,181.4,32.2,25.1,,,,,,,,
2026-09-07 15:02:52.954492,0.45733642578125,0.521240234375,0.5498046875,0.46563720703125,-0.33984375,0.4765625,0.1015625,0.00390625,-0.00390625,0.01171875,1543.75,48.5,181.4,32.2,25.1,,,,,,,,
