timestamp,fused_x_m,fused_y_m,fused_heading_deg,fused_speed_mph
2026-09-04 08:44:58.407604,0.0,0.0,0.0,0.0
2026-09-04 08:44:58.592776,0.0,0.0,0.0,0.0
2026-09-04 08:44:58.636553,0.0,0.0,0.0,0.0
2026-09-04 08:44:58.743664,0.0,0.0,0.0,0.0
2026-09-04 08:44:58.858318,0.0,0.0,0.0,0.0
2026-09-04 08:44:58.935810,0.0,0.0,0.0,0.0
2026-09-04 08:44:59.039610,0.0,0.0,0.0,0.0
2026-09-04 08:44:59.140430,0.0,0.0,0.0,0.0
2026-09-04 08:44:59.240612,0.0,0.0,0.0,0.0
2026-09-04 08:44:59.340353,0.0,0.0,0.0,0.0
2026-09-04 08:44:59.440664,0.0,0.0,0.0,0.0
2026-09-04 08:44:59.542310,0.0,0.0,0.0,0.0
2026-09-04 08:44:59.639397,0.0,0.0,0.0,0.0
2026-09-04 08:44:59.738653,0.0,0.0,0.0,0.0
2026-09-04 08:44:59.851046,0.0,0.0,0.0,0.0
2026-09-04 08:44:59.938050,0.0,0.0,0.0,0.0
2026-09-04 08:45:00.039184,0.0,0.0,0.0,0.0
2026-09-04 08:45:00.159410,0.0,0.0,0.0,0.0
2026-09-04 08:45:00.238728,0.0,0.0,0.0,0.0
2026-09-04 08:45:00.338837,0.0,0.0,0.0,0.0
2026-09-04 08:45:00.450481,0.0,0.0,0.0,0.0
2026-09-04 08:45:00.537169,0.0,0.0,0.0,0.0
2026-09-04 08:45:00.640318,0.0,0.0,0.0,0.0
2026-09-04 08:45:00.736510,0.0,0.0,0.0,0.0
2026-09-04 08:45:00.838634,0.0,0.0,0.0,0.0
2026-09-04 08:45:00.930465,0.0,0.0,0.0,0.0
2026-09-04 08:45:01.036840,0.0,0.0,0.0,0.0
2026-09-04 08:45:01.136560,0.0,0.0,0.0,0.0
2026-09-04 08:45:01.237626,0.0,0.0,0.0,0.0
2026-09-04 08:45:01.336594,0.0,0.0,0.0,0.0
2026-09-04 08:45:01.445760,0.0,0.0,0.0,0.0
2026-09-04 08:45:01.535680,0.0,0.0,0.0,0.0
2026-09-04 08:45:01.646192,0.0,0.0,0.0,0.0
2026-09-04 08:45:01.737779,0.0,0.0,0.0,0.0
2026-09-04 08:45:01.847284,0.0,0.0,0.0,0.0
2026-09-04 08:45:01.935933,0.0,0.0,0.0,0.0
2026-09-04 08:45:02.054708,0.0,0.0,0.0,0.0
2026-09-04 08:45:02.144741,0.0,0.0,0.0,0.0
2026-09-04 08:45:02.236218,0.0,0.0,0.0,0.0
2026-09-04 08:45:02.336529,0.0,0.0,0.0,0.0
2026-09-04 08:45:02.443237,0.0,0.0,0.0,0.0
2026-09-04 08:45:02.535492,0.0,0.0,0.0,0.0
2026-09-04 08:45:02.644233,0.0,0.0,0.0,0.0
2026-09-04 08:45:02.735043,0.0,0.0,0.0,0.0
2026-09-04 08:45:02.848721,0.0,0.0,0.0,0.0
2026-09-04 08:45:02.942019,0.0,0.0,0.0,0.0
2026-09-04 08:45:03.034234,0.0,0.0,0.0,0.0
2026-09-04 08:45:03.142700,0.0,0.0,0.0,0.0
2026-09-04 08:45:03.241854,0.0,0.0,0.0,0.0
2026-09-04 08:45:03.343506,0.0,0.0,0.0,0.0
2026-09-04 08:45:03.474768,0.0,0.0,0.0,0.0
2026-09-04 08:45:03.540217,0.0,0.0,0.0,0.0
2026-09-04 08:45:03.653616,0.0,0.0,0.0,0.0
2026-09-04 08:45:03.753667,0.0,0.0,0.0,0.0
2026-09-04 08:45:03.862980,0.0,0.0,0.0,0.0
2026-09-04 08:45:03.948335,0.0,0.0,0.0,0.0
2026-09-04 08:45:04.049353,0.0,0.0,0.0,0.0
2026-09-04 08:45:04.148840,0.0,0.0,0.0,0.0
2026-09-04 08:45:04.260010,0.0,0.0,0.0,0.0
2026-09-04 08:45:04.346091,0.0,0.0,0.0,0.0
2026-09-04 08:45:04.449118,0.0,0.0,0.0,0.0
2026-09-04 08:45:04.548226,0.0,0.0,0.0,0.0
2026-09-04 08:45:04.657025,0.0,0.0,0.0,0.0
2026-09-04 08:45:04.774932,0.0,0.0,0.0,0.0
2026-09-04 08:45:04.858967,0.0,0.0,0.0,0.0
2026-09-04 08:45:04.956606,0.0,0.0,0.0,0.0
2026-09-04 08:45:05.047840,0.0,0.0,0.0,0.0
2026-09-04 08:45:05.157723,0.0,0.0,0.0,0.0
2026-09-04 08:45:05.246276,0.0,0.0,0.0,0.0
2026-09-04 08:45:05.347464,0.0,0.0,0.0,0.0
2026-09-04 08:45:05.446835,0.0,0.0,0.0,0.0
2026-09-04 08:45:05.546991,0.0,0.0,0.0,0.0
2026-09-04 08:45:05.666429,0.0,0.0,0.0,0.0
2026-09-04 08:45:05.746089,0.0,0.0,0.0,0.0
2026-09-04 08:45:05.868664,0.0,0.0,0.0,0.0
2026-09-04 08:45:05.945925,0.0,0.0,0.0,0.0
2026-09-04 08:45:06.056532,0.0,0.0,0.0,0.0
2026-09-04 08:45:06.170230,0.0,0.0,0.0,0.0
2026-09-04 08:45:06.243709,0.0,0.0,0.0,0.0
2026-09-04 08:45:06.373215,0.0,0.0,0.0,0.0
2026-09-04 08:45:06.455429,0.0,0.0,0.0,0.0
2026-09-04 08:45:06.567151,0.0,0.0,0.0,0.0
2026-09-04 08:45:06.668474,0.0,0.0,0.0,0.0
2026-09-04 08:45:06.764543,0.0,0.0,0.0,0.0
2026-09-04 08:45:06.873075,0.0,0.0,0.0,0.0
2026-09-04 08:45:06.987619,0.0,0.0,0.0,0.0
2026-09-04 08:45:07.069657,0.0,0.0,0.0,0.0
2026-09-04 08:45:07.168301,0.0,0.0,0.0,0.0
2026-09-04 08:45:07.267795,0.0,0.0,0.0,0.0
2026-09-04 08:45:07.374950,0.0,0.0,0.0,0.0
2026-09-04 08:45:07.469575,0.0,0.0,0.0,0.0
2026-09-04 08:45:07.570954,0.0,0.0,0.0,0.0
2026-09-04 08:45:07.672329,0.0,0.0,0.0,0.0
2026-09-04 08:45:07.770907,0.0,0.0,0.0,0.0
2026-09-04 08:45:07.866023,0.0,0.0,0.0,0.0
2026-09-04 08:45:07.967956,0.0,0.0,0.0,0.0
2026-09-04 08:45:08.070606,0.0,0.0,0.0,0.0
2026-09-04 08:45:08.167488,0.0,0.0,0.0,0.0
2026-09-04 08:45:08.271117,0.0,0.0,0.0,0.0
2026-09-04 08:45:08.362621,0.0,0.0,0.0,0.0
2026-09-04 08:45:08.468403,0.0,0.0,0.0,0.0
2026-09-04 08:45:08.569454,0.0,0.0,0.0,0.0
2026-09-04 08:45:08.667315,0.0,0.0,0.0,0.0
2026-09-04 08:45:08.884991,0.0,0.0,0.0,0.0
2026-09-04 08:45:08.967950,0.0,0.0,0.0,0.0
2026-09-04 08:45:09.069742,0.0,0.0,0.0,0.0
2026-09-04 08:45:09.181897,0.0,0.0,0.0,0.0
2026-09-04 08:45:09.268867,0.0,0.0,0.0,0.0
2026-09-04 08:45:09.377563,0.0,0.0,0.0,0.0
2026-09-04 08:45:09.468294,0.0,0.0,0.0,0.0
2026-09-04 08:45:09.577464,0.0,0.0,0.0,0.0
2026-09-04 08:45:09.676319,0.0,0.0,0.0,0.0
2026-09-04 08:45:09.776501,0.0,0.0,0.0,0.0
2026-09-04 08:45:09.876859,0.0,0.0,0.0,0.0
2026-09-04 08:45:09.967600,0.0,0.0,0.0,0.0
2026-09-04 08:45:10.081939,0.0,0.0,0.0,0.0
2026-09-04 08:45:10.178413,0.0,0.0,0.0,0.0
2026-09-04 08:45:10.276603,0.0,0.0,0.0,0.0
2026-09-04 08:45:10.379495,0.0,0.0,0.0,0.0
2026-09-04 08:45:10.475201,0.0,0.0,0.0,0.0
2026-09-04 08:45:10.581084,0.0,0.0,0.0,0.0
2026-09-04 08:45:10.679208,0.0,0.0,0.0,0.0
2026-09-04 08:45:10.782726,0.0,0.0,0.0,0.0
2026-09-04 08:45:10.880963,0.0,0.0,0.0,0.0
2026-09-04 08:45:10.982475,0.0,0.0,0.0,0.0
2026-09-04 08:45:11.092132,0.0,0.0,0.0,0.0
2026-09-04 08:45:11.181391,0.0,0.0,0.0,0.0
2026-09-04 08:45:11.279798,0.0,0.0,0.0,0.0
2026-09-04 08:45:11.378967,0.0,0.0,0.0,0.0
2026-09-04 08:45:11.478248,0.0,0.0,0.0,0.0
2026-09-04 08:45:11.579129,0.0,0.0,0.0,0.0
2026-09-04 08:45:11.679217,0.0,0.0,0.0,0.0
2026-09-04 08:45:11.779301,0.0,0.0,0.0,0.0
2026-09-04 08:45:11.877263,0.0,0.0,0.0,0.0
2026-09-04 08:45:11.979908,0.0,0.0,0.0,0.0
2026-09-04 08:45:12.078994,0.0,0.0,0.0,0.0
2026-09-04 08:45:12.192900,0.0,0.0,0.0,0.0
2026-09-04 08:45:12.279538,0.0,0.0,0.0,0.0
2026-09-04 08:45:12.380673,0.0,0.0,0.0,0.0
2026-09-04 08:45:12.489256,0.0,0.0,0.0,0.0
2026-09-04 08:45:12.579591,0.0,0.0,0.0,0.0
2026-09-04 08:45:12.719872,0.0,0.0,0.0,0.0
2026-09-04 08:45:12.777493,0.0,0.0,0.0,0.0
2026-09-04 08:45:12.904395,0.0,0.0,0.0,0.0
2026-09-04 08:45:12.994585,0.0,0.0,0.0,0.0
2026-09-04 08:45:13.086608,0.0,0.0,0.0,0.0
2026-09-04 08:45:13.188304,0.0,0.0,0.0,0.0
2026-09-04 08:45:13.279239,0.0,0.0,0.0,0.0
2026-09-04 08:45:13.385237,0.015259889171800047,0.0,0.0,0.12765854006155292
2026-09-04 08:45:13.486093,0.017611737875231764,0.0,0.0,0.09718070475181981
2026-09-04 08:45:13.597566,0.01967913660084365,0.0,0.0,0.07197408592647468
2026-09-04 08:45:13.677926,0.020229892168347995,0.0,0.0,0.05372247454543713
2026-09-04 08:45:13.796407,0.021442472402169087,0.0,0.0,0.039154414132442826
2026-09-04 08:45:13.885305,0.02181324831188045,0.0,0.0,0.028788516987893354
2026-09-04 08:45:13.997490,0.022346522179707503,0.0,0.0,0.020907771200673848
2026-09-04 08:45:14.095301,0.022596138438956505,0.0,0.0,0.015243820608574231
2026-09-04 08:45:14.195931,0.022793153545555805,0.0,0.0,0.011114450142575963
2026-09-04 08:45:14.296802,0.022935597514796534,0.0,0.0,0.008102333480439016
2026-09-04 08:45:14.396563,0.023034715241859655,0.0,0.0,0.00591078965708788
2026-09-04 08:45:14.502333,0.02312027134607828,0.0,0.0,0.004294842204219438
2026-09-04 08:45:14.603743,0.023173762658653046,0.0,0.0,0.0031239772803160664
2026-09-04 08:45:14.699479,0.02320576038041337,0.0,0.0,0.002283013046338226
2026-09-04 08:45:14.804311,0.061964666595371795,0.0,359.9648060674341,0.3443174253709817
2026-09-04 08:45:14.905084,0.07747601284351713,-9.527845631218416e-06,359.9535289822996,0.3531230027522004
2026-09-04 08:45:15.004039,0.09309705460851882,-2.2197642145206672e-05,359.92030806123483,0.3496643147712591
2026-09-04 08:45:15.114645,0.11038629700998091,-4.624503528574029e-05,359.85842078595334,0.34773135715001713
2026-09-04 08:45:15.206364,0.12464395606329846,-8.147611667688853e-05,359.7865735570312,0.3493342443357276
2026-09-04 08:45:15.300848,0.1393990779982211,-0.0001364391136434297,359.75485362872155,0.36089270386955
2026-09-04 08:45:15.399838,0.15536933244195877,-0.000204770042187007,359.7105434004872,0.3643526151750261
2026-09-04 08:45:15.499379,0.17158238284187208,-0.0002866785946513416,359.66598653182695,0.36609220013945876
2026-09-04 08:45:15.612440,0.19008538941567235,-0.00039454558698567887,359.5521168772415,0.3502853092572111
2026-09-04 08:45:15.722085,0.20725434475207907,-0.0005287586482004275,359.45395756873035,0.36561461424110514
2026-09-04 08:45:15.820078,0.22327002029938436,-0.0006813964735620534,359.39912763394693,0.39215886049144066
2026-09-04 08:45:15.902057,0.2376410256204878,-0.0008321136228075083,359.3532579981197,0.417230590999337
2026-09-04 08:45:16.002114,0.2563023446110395,-0.001042767383329825,359.2860762347126,0.45482554719732826
2026-09-04 08:45:16.118343,0.2799327962028431,-0.0013372256186046638,359.2210427273198,0.5137310876690981
2026-09-04 08:45:16.215327,0.3022039227862592,-0.0016400284620068655,359.1450712094251,0.5476290610048175
2026-09-04 08:45:16.311864,0.3258347171496289,-0.001992657330936255,359.0802528969229,0.5594386690656173
2026-09-04 08:45:16.421654,0.35328872118824584,-0.0024334037531893622,359.1785420161845,0.7033409554941248
2026-09-04 08:45:16.502755,0.3787860018086027,-0.0027989870497481047,359.1422393207603,0.8068057775738045
2026-09-04 08:45:16.616605,0.41984418701070686,-0.003413704720540648,359.0657964555545,0.9421019759005761
2026-09-04 08:45:16.714897,0.4612350746217203,-0.0040886399636217725,359.0327981151645,1.040014145393239
2026-09-04 08:45:16.812312,0.506519575317346,-0.004853153784137509,358.91288375584037,1.0604433156017212
2026-09-04 08:45:16.912969,0.5542285021206138,-0.005758480049608183,358.8115068193052,1.1483977282381745
2026-09-04 08:45:17.017971,0.6081228027075166,-0.006876576315982509,358.7762558147714,1.2924469359433015
2026-09-04 08:45:17.115164,0.6642657266970642,-0.008075879763411837,358.73274996556654,1.4240846511785155
2026-09-04 08:45:17.214155,0.17282540216342085,-0.0016996338560358506,358.73274996556654,0.4766286087328856
2026-09-04 08:45:17.314659,0.11107169243807627,-0.0009597264984550552,358.73274996556654,0.3131720615292641
2026-09-04 08:45:17.414656,0.08387231266636971,-0.0006431711338347332,358.73274996556654,0.21703744783135398
2026-09-04 08:45:17.514339,0.0711353022863416,-0.0005018897461779974,358.73274996556654,0.15429345844896442
2026-09-04 08:45:17.610380,0.05759912018576868,-0.0003152784705058291,358.73274996556654,0.08715825655957891
2026-09-04 08:45:17.714051,0.05666306115460625,-0.00031869093439727456,358.73274996556654,0.0659676191663773
2026-09-04 08:45:17.815368,0.05630958227740204,-0.0003244497758789292,358.73274996556654,0.04906679351643617
2026-09-04 08:45:17.914004,0.05622960360657696,-0.0003301349729068103,358.73274996556654,0.03621607083598427
2026-09-04 08:45:18.014883,0.07544888775641322,-0.0007088416262558932,358.73274996556654,0.14713169739621246
2026-09-04 08:45:18.114818,0.07722238153968135,-0.000757960791630786,358.73274996556654,0.1122993099988711
2026-09-04 08:45:18.215263,0.07863250906431886,-0.000794798171300033,358.73274996556654,0.08398169656834543
2026-09-04 08:45:18.314086,0.07963934730797731,-0.0008201947155073209,358.73274996556654,0.06216331005473917
2026-09-04 08:45:18.414423,0.08042384806236325,-0.0008392489900008096,358.73274996556654,0.04570373554844122
2026-09-04 08:45:18.515221,0.08100509268613848,-0.0008530222001659725,358.73274996556654,0.03346842870912032
2026-09-04 08:45:18.615276,0.08141764302147715,-0.0008626384066475241,358.73274996556654,0.024469444849250933
2026-09-04 08:45:18.714619,0.08171128417600312,-0.000869395995734503,358.73274996556654,0.017884108602261677
2026-09-04 08:45:18.823194,0.08198901607505801,-0.000875678705927594,358.73274996556654,0.012981135403787028
2026-09-04 08:45:18.914010,0.08209627767745481,-0.0008781253453584622,358.73274996556654,0.009510208728399572
2026-09-04 08:45:19.010970,0.1210161247444699,-0.0017340922259356153,358.6784980243401,0.32307900133144807
2026-09-04 08:45:19.123378,0.13724680828207858,-0.002108512205352937,358.5527069309122,0.3201323270964803
2026-09-04 08:45:19.212158,0.14994823442058083,-0.0024294188581647225,358.40368195126854,0.3178050395495046
2026-09-04 08:45:19.323937,0.16582268871932812,-0.0028718115953247562,358.2785947454445,0.30120065466504237
2026-09-04 08:45:19.422743,0.17912078814419308,-0.0032714624697782494,358.1459111487905,0.2847966241252697
2026-09-04 08:45:19.511778,0.1904503875807196,-0.0036382158248345984,358.3850359798349,0.20777554344736612
2026-09-04 08:45:19.612599,0.1998113234738599,-0.00390213717431719,357.96758508512266,0.279134693705173
2026-09-04 08:45:19.712774,0.21230373444883072,-0.0043454580814390855,357.7994326033046,0.33515596696931044
2026-09-04 08:45:19.812106,0.2271754861373601,-0.004916920644494073,357.7883167744558,0.44191581368325106
2026-09-04 08:45:19.920310,0.24853570029003674,-0.0057418593405805796,357.7640994598994,0.52039148839916
2026-09-04 08:45:20.020342,0.2717890087365556,-0.006649753318955545,357.752905296977,0.6279036797019518
2026-09-04 08:45:20.121477,0.30015557718447167,-0.007762838227603274,357.68499972673027,0.7533920483322758
2026-09-04 08:45:20.220043,0.33332515597787454,-0.0091037641652873,357.64087929076555,0.8558835235078753
2026-09-04 08:45:20.311178,0.36816514482217205,-0.010539091843363328,357.5796880696805,0.8487164582704244
2026-09-04 08:45:20.420429,0.4095791117072421,-0.012289559013837478,357.5185589563252,0.8515803746006186
2026-09-04 08:45:20.519379,0.4472131131629785,-0.013920481723600785,357.4742666330219,0.8559035161259855
2026-09-04 08:45:20.611042,0.482251423329347,-0.015466054518064744,357.4127208943011,0.8518987448107788
2026-09-04 08:45:20.720876,0.5240371755563986,-0.0173542380518055,357.32668344795485,0.8864491345969276
2026-09-04 08:45:20.819609,0.5631203328096963,-0.01917911130603665,357.19409788079867,0.9106056348541753
2026-09-04 08:45:20.920077,0.603969526327803,-0.021181188194649345,357.11539720378136,0.9527444814898232
2026-09-04 08:45:21.030816,0.6510751532040656,-0.02355476521221858,357.05343551113003,0.954679763427681
2026-09-04 08:45:21.110011,0.6848293134808109,-0.02529218087114623,357.0179859856727,0.9560637803780658
2026-09-04 08:45:21.230026,0.7360541179361547,-0.027960634998521784,356.96426447803003,0.9686481198667022
2026-09-04 08:45:21.317373,0.7738244274335221,-0.029963715956760104,356.89584201480363,0.9701746016971872
2026-09-04 08:45:21.427057,0.8213253315630573,-0.032539730257141235,356.80992206956773,0.9538814218363246
2026-09-04 08:45:21.518029,0.8600577860973746,-0.03469848234819336,356.748840292374,0.9419576775964356
2026-09-04 08:45:21.629460,0.9069050523043459,-0.037359614186710056,356.6989611829449,0.931247113035658
2026-09-04 08:45:21.718379,0.9438610304849773,-0.03949115475039751,356.6492084151859,0.9289161817291753
2026-09-04 08:45:21.830042,0.6256098678339805,-0.0248898322772944,356.6492084151859,0.38768759936029173
2026-09-04 08:45:21.926747,0.5640450158256536,-0.02209911235997413,356.6492084151859,0.2538897822218236
2026-09-04 08:45:22.026657,0.5371779959069172,-0.020894905565499926,356.6492084151859,0.17569891448953218
2026-09-04 08:45:22.126775,0.5245435198329407,-0.02033643729103053,356.6492084151859,0.12477821160411863
2026-09-04 08:45:22.228975,0.5185987584697149,-0.020080856950380643,356.6492084151859,0.08963836258816021
2026-09-04 08:45:22.326739,0.5156512676058754,-0.01995644758619236,356.6492084151859,0.06498441480219183
2026-09-04 08:45:22.416674,0.5140913105886382,-0.019890694061961405,356.6492084151859,0.04760857478398996
2026-09-04 08:45:22.530227,0.5138254852748737,-0.019888701234637818,356.6492084151859,0.034475540677471016
2026-09-04 08:45:22.626835,0.5135998981984967,-0.019882653716730397,356.6492084151859,0.025119479455463705
2026-09-04 08:45:22.727655,0.5135975653828413,-0.019886319191782558,356.6492084151859,0.018305955547034784
2026-09-04 08:45:22.833057,0.5136894498078225,-0.019893711639129615,356.6492084151859,0.013297497810481443
2026-09-04 08:45:22.913257,0.5136564741011694,-0.01989286088699113,356.6492084151859,0.009822370772338112
2026-09-04 08:45:23.035579,0.5138197165783067,-0.019902995115564308,356.6492084151859,0.007098838214288236
2026-09-04 08:45:23.127595,0.5138553494208349,-0.01990538568090119,356.6492084151859,0.005184303335299484
2026-09-04 08:45:23.228232,0.5138013267316297,-0.01990247803573253,356.6492084151859,0.002978341502922275
2026-09-04 08:45:23.328502,0.51385025142662,-0.01990539839198315,356.6492084151859,0.0022683070975956887
2026-09-04 08:45:23.424930,0.5138823038917447,-0.019907306906217923,356.6492084151859,0.001699326323652542
2026-09-04 08:45:23.529646,0.5139107893670419,-0.019908992319222458,356.6492084151859,0.0012536015372646005
2026-09-04 08:45:23.632584,0.5139297951007837,-0.01991011460564227,356.6492084151859,0.0009182326705939052
2026-09-04 08:45:23.729422,0.5139409830006336,-0.01991077475688261,356.6492084151859,0.0006730123475170862
2026-09-04 08:45:23.831374,0.5139503751760914,-0.019911327396020823,356.6492084151859,0.0004916055497520455
2026-09-04 08:45:23.930322,0.5139564764242742,-0.01991168607885693,356.6492084151859,0.00035923144519321205
2026-09-04 08:45:23.930322,0.5139555779067728,-0.019911633555520603,356.6492084151859,0.0003516105331076498
2026-09-04 08:45:24.029963,0.513961980277404,-0.01991200903586875,356.6492084151859,0.00026803957241501266
2026-09-04 08:45:24.112666,0.5139647618240385,-0.019912172255086666,356.6492084151859,0.0002030013069975549
2026-09-04 08:45:24.215697,0.5273346524961389,-0.02069448850398921,356.6492084151859,0.12274697475443332
2026-09-04 08:45:24.324330,0.5302760820614405,-0.020866781264896588,356.6492084151859,0.09348508972225694
2026-09-04 08:45:24.426508,0.5651621211643518,-0.022908801356175762,356.63777410237515,0.33463297425816163
2026-09-04 08:45:24.515042,0.5783835080442186,-0.023685549418390954,356.62786663256384,0.27506477636200016
2026-09-04 08:45:24.624320,0.5917976066172618,-0.024475946738102095,356.5667224119229,0.26360627991872887
2026-09-04 08:45:24.727964,0.6039893590844835,-0.025207376550401145,356.5203289449553,0.2826248171301641
2026-09-04 08:45:24.831273,0.7141763279098907,-0.031781542037165204,356.48564631007804,0.9249807541760711
2026-09-04 08:45:24.927300,0.753809147553458,-0.034215555205915134,356.3996784691514,0.9300152763944407
2026-09-04 08:45:25.023923,0.8909200975853863,-0.04261527135281966,356.30236438529397,1.5135320472323086
2026-09-04 08:45:25.128351,0.9614299725169857,-0.04717201858544834,356.24393388077254,1.504407094767205
2026-09-04 08:45:25.223214,1.0250911608848972,-0.05135136236884994,356.1271609416096,1.5201564981343534
2026-09-04 08:45:25.325869,1.0946931910041808,-0.05606320578286692,355.97782094708435,1.5246415117097605
2026-09-04 08:45:25.426410,1.3035320670277983,-0.06996840424183443,355.8540585942557,2.196852708318793
2026-09-04 08:45:25.528137,1.403174788613243,-0.07719119489206433,355.78575553453857,2.180852619540384
2026-09-04 08:45:25.627962,1.6257172693543513,-0.09281986872047035,355.71872954403204,2.745219671626372
2026-09-04 08:45:25.726850,1.7467362600623335,-0.10187954949457106,355.5859358320518,2.6994230846319196
2026-09-04 08:45:25.826615,1.9897170824904087,-0.11979625166006395,355.4296358550914,3.267949473224373
2026-09-04 08:45:25.927677,2.136889508292693,-0.13156085033341947,355.2486850404304,3.2547032277821306
2026-09-04 08:45:26.026619,2.280353689821859,-0.14348511983203954,355.03831351442443,3.2650779285919014
2026-09-04 08:45:26.125564,2.4242346489877122,-0.15597612911315487,354.85008065238014,3.2633487593620787
2026-09-04 08:45:26.226844,2.7380557559118897,-0.1823907635084333,354.6914071529911,4.006633423882995
2026-09-04 08:45:26.327388,2.9173702460232787,-0.19905239003940872,354.54513818986663,4.005754867154291
2026-09-04 08:45:26.427959,3.2313879588663292,-0.2274586079538531,354.41008442795857,4.625169709297773
2026-09-04 08:45:26.528515,3.4383124323378964,-0.24771096041701632,354.2412924043829,4.648014910510192
2026-09-04 08:45:26.628446,3.644906011015588,-0.2685455560607967,354.11828093960213,4.682942923104144
2026-09-04 08:45:26.728450,3.8531585310677037,-0.2899992075684902,353.92803343709187,4.71090574522297
2026-09-04 08:45:26.836646,4.228241547505376,-0.3280593779261161,353.89171015099697,5.388430780040374
2026-09-04 08:45:26.926663,4.443847387649174,-0.35113254695987794,353.89171015099697,5.371912779344128
2026-09-04 08:45:27.026056,4.809157959225351,-0.3890409166603275,353.7137476693362,5.905858425287352
2026-09-04 08:45:27.127695,5.075887192413674,-0.4184233202451772,353.69099967818806,5.850794683088668
2026-09-04 08:45:27.227309,5.334853586610285,-0.44705465267043165,353.6352627467387,5.822940911614079
2026-09-04 08:45:27.335419,5.614538799370609,-0.47825208954944814,353.5021832272958,5.772873471480087
2026-09-04 08:45:27.427436,6.026886560957378,-0.5236613268979055,353.34772466059303,6.539105278125424
2026-09-04 08:45:27.522826,6.303857231285171,-0.5559640385823175,353.20895361117744,6.559943300869474
2026-09-04 08:45:27.636980,6.636271650758771,-0.5955493742627005,353.06843414524013,6.576900483811716
2026-09-04 08:45:27.725400,6.894338519287353,-0.6269231647913626,352.9496975946648,6.610123007243624
2026-09-04 08:45:27.836274,7.387040994547726,-0.6860913798947553,352.9496975946648,7.30351264280272
2026-09-04 08:45:27.935222,7.707659742745592,-0.7257441715221566,352.77253188243793,7.2991895886576765
2026-09-04 08:45:28.025946,8.001342703962779,-0.7629880073805937,352.6507013597689,7.285712851397029
2026-09-04 08:45:28.124890,8.320956357058959,-0.8042110075358156,352.5399772658599,7.26669218210569
2026-09-04 08:45:28.224716,8.642496477390004,-0.8463143500945675,352.45060838327123,7.2352900005335705
2026-09-04 08:45:28.331343,8.984388235379067,-0.8916251228941884,352.3670831106638,7.154231214896379
2026-09-04 08:45:28.424541,9.515675202507927,-0.9604061485152843,352.2732185236882,7.906937265657287
2026-09-04 08:45:28.524500,9.865793958861424,-1.007910718091383,352.3179624988784,7.827453772499516
2026-09-04 08:45:28.632423,10.240047211818236,-1.0583922732102606,352.34211692236426,7.801048801747458
2026-09-04 08:45:28.732021,10.58428562586354,-1.1046774902596284,352.163787389616,7.734036429392636
2026-09-04 08:45:28.831909,10.92641578657525,-1.1517638055102197,352.09671909870974,7.747128798084476
2026-09-04 08:45:28.923329,11.240021203176786,-1.19529845688523,352.0557973786856,7.7702948947984165
2026-09-04 08:45:29.031636,11.61262941114669,-1.247295145037743,352.0800377458408,7.802472157319667
2026-09-04 08:45:29.123206,11.928980571872358,-1.2913048427888465,352.10053217759867,7.7672659257743915
2026-09-04 08:45:29.231400,12.30109535585356,-1.3429365132054876,352.16106986869863,7.798464214098702
2026-09-04 08:45:29.331636,12.647275222313427,-1.390596907236773,352.28445677750335,7.7502916162886635
2026-09-04 08:45:29.421477,12.955728473266102,-1.4323866331141433,352.3146179696551,7.76049705267299
2026-09-04 08:45:29.532125,13.33614620314305,-1.4837223007191032,352.2898536594537,7.7566296694410655
2026-09-04 08:45:29.630515,13.674231503692935,-1.5294941932272919,352.2568224187528,7.74803231937172
2026-09-04 08:45:29.740331,14.051130815966081,-1.5807422291689524,352.02333047903176,7.751870622431849
2026-09-04 08:45:29.840844,14.396078098508804,-1.629078181688253,352.13581037524654,7.746600907333648
2026-09-04 08:45:29.918979,14.664117963846637,-1.6661010483476704,352.1095790916591,7.735676968759918
2026-09-04 08:45:30.041820,15.084899574534399,-1.7244176198906003,352.027099355122,7.716355973295307
2026-09-04 08:45:30.130364,15.387381459438977,-1.7667827946118868,352.1559110104261,7.6552336464341755
2026-09-04 08:45:30.241505,15.764168849738393,-1.818691655695468,351.9196018417026,7.661060568381876
2026-09-04 08:45:30.330908,16.067316401525687,-1.8617301339640089,351.90959712573425,7.6321559349178685
2026-09-04 08:45:30.446196,16.456750203132025,-1.917088221118808,351.9483013200419,7.61402290990892
2026-09-04 08:45:30.548672,16.802116735563303,-1.9659441458846958,351.82215705184814,7.533433435253408
2026-09-04 08:45:30.642916,17.11627915937498,-2.0110916359734663,351.6534138192097,7.575432298610155
2026-09-04 08:45:30.744747,17.45747935445545,-2.0611507230468593,351.60783189324405,7.5932283501379825
2026-09-04 08:45:30.845513,17.795864655407833,-2.1110718545930953,351.66421340221297,7.641655661592215
2026-09-04 08:45:30.945810,18.134872111493756,-2.160743962038533,351.68666103814195,7.677587997415072
2026-09-04 08:45:31.045438,18.473221156205614,-2.2101841993544773,351.6755120851706,7.656694732830247
2026-09-04 08:45:31.140966,18.79675401900659,-2.257523767581543,351.7075825025065,7.594924952721085
2026-09-04 08:45:31.240640,19.13163251192479,-2.3063319963602216,351.6406578986723,7.472120348407153
2026-09-04 08:45:31.341774,19.46586501934489,-2.355444836493466,351.5274830673192,7.422632467009516
2026-09-04 08:45:31.437622,19.780438230989873,-2.4023038674319594,351.4524014245001,7.400856870865994
2026-09-04 08:45:31.543340,20.126319076434015,-2.454289901769292,351.4642318839114,7.313098976578011
2026-09-04 08:45:31.643058,20.448710921231246,-2.502677460295499,351.4307548104261,7.297414872526918
2026-09-04 08:45:31.742458,20.769357268778688,-2.550994624497185,351.4196313719816,7.289597828750075
2026-09-04 08:45:31.844011,21.096588305478374,-2.6003689875325686,351.53327508871774,7.2798367213128214
2026-09-04 08:45:31.942293,21.412949266430793,-2.647461632754278,351.8192316099184,7.044527905267278
2026-09-04 08:45:32.043013,22.53185869639116,-2.8079717695719126,352.4278739327272,7.887054366283697
2026-09-04 08:45:32.139359,22.868595936804542,-2.852735384579153,352.7728876310377,8.004916791905565
2026-09-04 08:45:32.238038,23.218915039788435,-2.897159405793197,353.17042678759344,8.44984310582602
2026-09-04 08:45:32.339554,23.599662400377753,-2.942760109140124,352.72737777241974,8.68402433121972
2026-09-04 08:45:32.439382,23.984087536574897,-2.991819411098559,352.48160842144495,8.8288261806068
2026-09-04 08:45:32.539921,24.377487307436713,-3.0437399464376274,352.3465976313715,8.902621275844362
2026-09-04 08:45:32.640149,24.77282411234174,-3.096864217620086,352.4251103066122,8.962175370556245
2026-09-04 08:45:32.740208,25.17020725146033,-3.149709202476181,352.6378568098226,9.078459768694556
2026-09-04 08:45:32.840797,25.575075673007373,-3.2020204334012905,352.78419123785136,9.222607558881116
2026-09-04 08:45:32.940524,25.982981208122347,-3.2536652334950147,352.8399913960887,9.456147517553717
2026-09-04 08:45:33.040111,26.400680120676018,-3.3061367046175616,352.34963934344756,9.307344269731933
2026-09-04 08:45:33.139893,26.812153142080415,-3.361407077615205,351.98115519001914,9.291650099467526
2026-09-04 08:45:33.239567,26.988572521328233,-3.387130806176225,352.19308310216087,8.860549550601277
2026-09-04 08:45:33.340602,27.385064894813063,-3.4414922699462465,353.0749826499775,8.899394823116042
2026-09-04 08:45:33.440115,27.778077786330513,-3.4892261810609506,353.6874672590941,9.055913430231735
2026-09-04 08:45:33.540875,28.183516889124135,-3.534076842593145,353.51833280371113,9.275144022013231
2026-09-04 08:45:33.640413,28.59359921087526,-3.5806669097639103,353.2509996489687,9.369078778970104
2026-09-04 08:45:33.740570,29.010185207336455,-3.6299657416187445,352.93717141677456,9.345449050995539
2026-09-04 08:45:33.840713,29.42538691101143,-3.6814083228960883,352.8699319099647,9.33319831210752
2026-09-04 08:45:33.940821,29.83983885756082,-3.733251929620495,352.9819585876111,9.307830650656642
2026-09-04 08:45:34.040821,30.25281860509342,-3.784091472087723,352.8924339321219,9.30258783122214
2026-09-04 08:45:34.140292,30.66330282811631,-3.8352750323028175,353.02601053721435,9.314756362701427
2026-09-04 08:45:34.241424,31.08130770866691,-3.8864069664136474,353.1165486118037,9.368661738898187
2026-09-04 08:45:34.334232,31.467201352857703,-3.9329921434517794,353.1580916329369,9.4083987450945
2026-09-04 08:45:34.438975,31.904605881194318,-3.985473987881423,353.4628467651088,9.456906874610315
2026-09-04 08:45:34.539757,32.32790325278449,-4.033980700779845,353.4628467651088,9.449861783567007
2026-09-04 08:45:34.650143,32.716192663292844,-4.077591526941693,353.38872975045257,9.357159769638333
2026-09-04 08:45:34.739206,33.08626796818134,-4.120484471777774,353.40866308643217,9.364942123426584
2026-09-04 08:45:34.834735,33.48355698184289,-4.166391506058265,353.4941850945744,9.360768445945263
2026-09-04 08:45:34.938505,33.915000511663315,-4.215592642879077,353.5174100283247,9.345353770384913
2026-09-04 08:45:35.039083,34.33250334051717,-4.263032575865771,353.55117581882394,9.346232624206717
2026-09-04 08:45:35.139425,34.74909351781175,-4.310120146388765,353.56240467255026,9.324312833052682
2026-09-04 08:45:35.238676,35.16019687674117,-4.356505941029075,353.6956858462797,9.404967869165223
2026-09-04 08:45:35.335395,35.56438282564672,-4.4011592900710585,353.7173326841653,9.328060697477564
2026-09-04 08:45:35.446390,36.02445394599701,-4.451810745758709,353.5558598607049,9.320301674235797
2026-09-04 08:45:35.538222,36.40465884660176,-4.494754175712906,353.4633710438725,9.299438468482396
2026-09-04 08:45:35.638536,36.818975333459875,-4.542227905452969,353.2949852384211,9.263500042250964
2026-09-04 08:45:35.746947,37.26485149365065,-4.594645880098284,353.23432612950705,9.35444072988518
2026-09-04 08:45:35.846214,37.67707639100519,-4.643550263846546,353.412063009036,9.398678041213584
2026-09-04 08:45:35.937797,38.05932933756037,-4.687696884111577,353.3710683264176,9.329856092254877
2026-09-04 08:45:36.046929,38.51145615049709,-4.740241113910527,353.40770584405334,9.475756731739041
2026-09-04 08:45:36.146971,39.08278665128031,-4.806695029745409,353.5532445098006,9.78774547057292
2026-09-04 08:45:36.244817,39.50820596390564,-4.8547650094085375,353.7722352458255,9.788600452090233
2026-09-04 08:45:36.351705,39.97317642239936,-4.905504955066468,353.70046691050607,9.818488157888371
2026-09-04 08:45:36.447522,40.39120241789334,-4.951652006559172,353.5289072322059,9.85281549192168
2026-09-04 08:45:36.548263,41.03378791540825,-5.025178113487024,353.59654825709566,10.24687750342254
2026-09-04 08:45:36.647870,41.487217472151784,-5.076066047756924,353.7414540954345,10.282562640309061
2026-09-04 08:45:36.749672,41.95238346626678,-5.1270802242697195,353.7072773867666,10.301243172951555
2026-09-04 08:45:36.848304,42.4038538588515,-5.176864978308686,353.641052418115,10.290039128011504
2026-09-04 08:45:36.950860,43.06571160570148,-5.251282707950717,353.4229967671167,10.710079975921829
2026-09-04 08:45:37.050042,43.537453386591885,-5.305673225706328,353.3231053803335,10.707480009336065
2026-09-04 08:45:37.149239,44.00905644113986,-5.36088105564675,353.2676017725175,10.688410704156437
2026-09-04 08:45:37.248939,44.48215283096162,-5.416728333306459,353.12256064004305,10.638753339882546
2026-09-04 08:45:37.350087,44.95974609366689,-5.474332667784017,353.17915588912695,10.521203351346845
2026-09-04 08:45:37.449435,45.42371216377435,-5.529828469656167,353.468213992017,10.430920322982491
2026-09-04 08:45:37.550655,46.17478341106768,-5.616300774767784,354.3290741267355,11.093256290020312
2026-09-04 08:45:37.649072,46.660457382284854,-5.664528588981871,354.8907593129646,11.062297336403185
2026-09-04 08:45:37.745238,47.134136513122996,-5.706880329946794,355.407312994151,11.148848403561605
2026-09-04 08:45:37.849098,47.650110724611146,-5.748328346854918,355.90708214530304,11.152478531738055
2026-09-04 08:45:37.948496,48.1444059238225,-5.78369845568338,356.38538037451747,11.140318930527872
2026-09-04 08:45:38.048607,48.64198372259591,-5.815130864173774,356.83350051380137,11.150816208456023
2026-09-04 08:45:38.149017,49.14174941034714,-5.842778990021085,356.5975347840375,11.242064335021878
2026-09-04 08:45:38.248328,49.63997219940936,-5.872400390089211,356.00852040622726,11.18739402273159
2026-09-04 08:45:38.350004,50.14724207500255,-5.907796351541791,355.43961360175734,10.994600767374129
2026-09-04 08:45:38.449415,50.63430286865217,-5.946645423504504,355.4841122793915,10.747033654042546
2026-09-04 08:45:38.550298,51.11747584293535,-5.984806774587936,355.6760319905605,10.590123285982642
2026-09-04 08:45:38.660392,51.637200292973695,-6.024103699817453,355.4296288050248,10.477568708232328
2026-09-04 08:45:38.744127,52.257765065446236,-6.07479296349277,355.5795557455725,10.897538551719054
2026-09-04 08:45:38.857530,52.808579771851626,-6.1173735558486975,355.4653416448751,10.937175315207778
2026-09-04 08:45:38.949021,53.25451144953574,-6.15274056890151,355.3731962670023,10.993936359032158
2026-09-04 08:45:39.058075,53.78873574523619,-6.19597477976641,355.3243811581037,11.047299732555778
2026-09-04 08:45:39.157037,54.27584156065203,-6.235813495068206,355.1804136500602,11.058541263654785
2026-09-04 08:45:39.258444,54.77538569145623,-6.277933364141586,355.25984988402814,11.039047115340315
2026-09-04 08:45:39.346626,55.209066259078156,-6.31389437140719,355.2302456471393,11.083738271333068
2026-09-04 08:45:39.467407,55.80544842604488,-6.363656953411654,355.52759977604194,11.19033248864304
2026-09-04 08:45:39.545127,56.19306088503895,-6.393974850498668,355.6058756585689,11.241266479449232
2026-09-04 08:45:39.647126,56.70412937202594,-6.433246707650581,355.41183287019504,11.304546689623377
2026-09-04 08:45:39.747820,56.98186440835364,-6.4551120548265875,355.0625172883767,10.900431891108328
2026-09-04 08:45:39.846622,57.46153296455179,-6.496550277808953,354.7418782442046,10.873668503743662
2026-09-04 08:45:39.955187,57.98704288612456,-6.544912977831889,354.69328202308867,10.801571522768805
2026-09-04 08:45:40.046016,58.42375216101892,-6.5854769181180055,354.63229626108796,10.788872854864367
2026-09-04 08:45:40.146798,58.90769804341651,-6.6309480611937985,354.55334961507975,10.796798582288089
2026-09-04 08:45:40.571552,60.94855979633177,-6.825542949148427,354.9811416146534,10.815356153338778
2026-09-04 08:45:40.642684,61.291157088498096,-6.855629957546761,355.0607424620816,10.830894996339403
2026-09-04 08:45:40.763828,61.87553918324954,-6.906132545413806,355.04718574350085,10.917696932407765
2026-09-04 08:45:40.853492,62.31152353013057,-6.943914457515099,354.8264394289818,10.913779497726305
2026-09-04 08:45:40.964789,62.85231787102052,-6.99287898938422,354.66452726327464,10.882658960414206
2026-09-04 08:45:41.053475,63.28190446884558,-7.032998801381664,354.61490486579515,10.867160137601932
2026-09-04 08:45:41.163094,63.81208923854941,-7.082976867076965,354.7130408978959,10.840340215167696
2026-09-04 08:45:41.253856,64.25005664575184,-7.123505335022128,354.59115934617324,10.844305621646983
2026-09-04 08:45:41.364682,64.40755957510264,-7.140260234604044,354.66557179219257,10.201561153141581
2026-09-04 08:45:41.462817,64.85316650931959,-7.181868018190143,354.6545899146095,10.175835948881335
2026-09-04 08:45:41.564083,65.31182279352096,-7.224782941117959,354.58659638638875,10.127168341536356
2026-09-04 08:45:41.653181,65.71339259819297,-7.262837247450547,354.60653755577573,10.127168341536356
2026-09-04 08:45:41.766379,66.22359928334878,-7.311007243760613,354.5938700408356,10.133103108279824
2026-09-04 08:45:41.863283,66.66061237946825,-7.352364317336295,354.86497307882075,10.053508580944463
2026-09-04 08:45:41.963131,67.10756025234878,-7.392528778650978,354.8202787898143,9.965388600070268
2026-09-04 08:45:42.062710,67.54936591089671,-7.432578584299488,354.78684838105573,9.9714794717624
2026-09-04 08:45:42.162690,67.79058320631566,-7.454606462574674,354.8092250686953,9.56801149656122
2026-09-04 08:45:42.262410,68.21536474091407,-7.493195652010751,354.8092250686953,9.547098938400877
2026-09-04 08:45:42.368356,68.66568103233925,-7.534104541076249,354.64324143356225,9.521177670169847
2026-09-04 08:45:42.465353,69.07673089764322,-7.572647222081638,354.67580501984406,9.545756995076454
2026-09-04 08:45:42.566749,69.31629139333465,-7.595296527602384,354.4829093780245,9.1361078778454
2026-09-04 08:45:42.670196,69.7368330182796,-7.635916689447365,354.3208408798876,9.088199946298449
2026-09-04 08:45:42.766149,70.12475633915939,-7.674494079806832,354.31010318080246,9.047116365620544
2026-09-04 08:45:42.869371,70.5401728965625,-7.7158841841409345,354.1252849010243,9.05793985177391
2026-09-04 08:45:43.038112,71.05050531510756,-7.769726808931332,353.5021426054834,8.570083375766487
2026-09-04 08:45:43.409892,72.29851110457088,-7.914054685492386,352.54524265847243,8.133109204094884
2026-09-04 08:45:43.478431,72.54560062601328,-7.946386166859096,352.6986409175368,8.159460628184451
2026-09-04 08:45:43.584214,72.77490635314055,-7.979015133913212,352.8998823834586,7.649121052353725
2026-09-04 08:45:43.710140,73.20220368886332,-8.032238721322528,353.0971683143834,7.689833834627123
2026-09-04 08:45:43.795957,73.35464748426268,-8.052064643963888,353.2124093747851,7.125733576539785
2026-09-04 08:45:43.895530,73.66961294089283,-8.089552816035631,353.37955134705436,7.159666388410646
2026-09-04 08:45:43.995721,73.80587718833031,-8.105921620649816,353.6037904660073,6.375997824314911
2026-09-04 08:45:44.096959,74.09264228865122,-8.138068270603494,353.87568937817974,6.404305693856786
2026-09-04 08:45:44.186382,74.34719747734991,-8.165381618866117,354.07582845987497,6.405868455997759
2026-09-04 08:45:44.294564,74.65534152430746,-8.197356600107485,354.29373997617796,6.463531623024199
2026-09-04 08:45:44.385235,74.91603326036046,-8.223405861349606,354.3140332012726,6.458777906214741
2026-09-04 08:45:44.494996,74.99310779077322,-8.229255509620822,354.12978978168854,5.437797028302191
2026-09-04 08:45:44.594062,75.23266576300189,-8.253885541173883,354.00784310077904,5.378933377957702
2026-09-04 08:45:44.693427,75.3106736651425,-8.261861538649729,353.8855283616296,4.712750847987094
2026-09-04 08:45:44.793822,75.52098138964384,-8.284390677901886,353.81811965322083,4.729418688462778
2026-09-04 08:45:44.882927,75.708275214394,-8.304677370233854,353.76826281304983,4.742654928857933
2026-09-04 08:45:44.983411,75.92005814963143,-8.327803061560255,353.73452857999166,4.745289026198216
2026-09-04 08:45:45.080141,75.94754348213158,-8.331218067365102,353.75617787980536,4.037799240488073
2026-09-04 08:45:45.177502,76.12224322147743,-8.350331737927794,353.77796840476304,4.06672452192262
2026-09-04 08:45:45.279337,76.16190248512497,-8.354800311322196,353.7893643338777,3.4705670954948817
2026-09-04 08:45:45.378375,76.31465636975264,-8.371423384102862,353.8226131194915,3.519894738854536
2026-09-04 08:45:45.479822,9.282849460314722,-1.0052676263230662,359.0684273070054,3.206279606050021
2026-09-04 08:45:45.579368,9.425513390557297,-1.0075874051124176,0.5165982772460331,3.210628786911913
2026-09-04 08:45:45.682746,9.51876023026955,-1.0049041899244684,0.4984769184996839,2.6462084420885725
2026-09-04 08:45:45.783638,9.638107016808762,-1.0038658391081714,0.5097673204267033,2.6691299787519585
2026-09-04 08:45:45.883278,9.756993542939918,-1.00280806372663,0.5320679121090607,2.6848018146055734
2026-09-04 08:45:45.989940,9.885005227807403,-1.001619269919976,0.555940109118531,2.682005766572959
2026-09-04 08:45:46.083074,9.878605059869754,-1.0005447530681284,0.5728554003336671,2.0021320944522283
2026-09-04 08:45:46.177629,9.963230687673764,-0.9996986198322284,0.5834366550833926,2.012046790284816
2026-09-04 08:45:46.279961,10.055270008649954,-0.9987613610996868,0.6292428403109922,2.020988593591008
2026-09-04 08:45:46.390342,10.154989115477399,-0.9976661660019893,0.6292428403109922,2.018095055331009
2026-09-04 08:45:46.490145,10.004704721611866,-0.9981915704774814,0.6258949360390529,0.9296464188310476
2026-09-04 08:45:46.589198,9.990736190842416,-0.9981323098856753,0.6252551899221424,0.6566165283420561
2026-09-04 08:45:46.689429,9.986021745860691,-0.9980768885230975,0.6249310273827023,0.4710564643438296
2026-09-04 08:45:46.778089,9.982985536501312,-0.998054250893144,0.6247614358898278,0.3435208074320188
2026-09-04 08:45:46.905893,9.979081715018834,-0.9980516691269065,0.6246237964434608,0.19115331158710963
2026-09-04 08:45:47.004257,9.981115833970735,-0.9980199930802497,0.6245947881224287,0.14479805210197846
2026-09-04 08:45:47.102058,9.982700184049353,-0.9979973557148724,0.6245783935475674,0.10803373533185986
2026-09-04 08:45:47.200660,9.983949928047208,-0.9979807735425705,0.6245693495858898,0.0798769132644167
2026-09-04 08:45:47.305994,9.985092391730669,-0.9979667186754849,0.624564454262672,0.058476591534356304
2026-09-04 08:45:47.401826,9.985699586433627,-0.9979592405591922,0.6245618263680409,0.042879316068859676
2026-09-04 08:45:47.499762,9.986190120680183,-0.9979534317258265,0.6245604143235318,0.03142117990896576
2026-09-04 08:45:47.603267,9.986619201065569,-0.9979485076271739,0.624559659451658,0.022923066138380396
2026-09-04 08:45:47.698657,9.986855770305342,-0.997945797036019,0.6245592562511713,0.016783026987199513
2026-09-04 08:45:47.786153,9.986982242617005,-0.9979443471977377,0.6245590384465378,0.012382797596030216
2026-09-04 08:45:47.905671,9.987235287885243,-0.9979415507451387,0.6245589221407226,0.008961993160515241
2026-09-04 08:45:47.999916,9.987321005779535,-0.997940596266857,0.624558860720928,0.006539216320304778
2026-09-04 08:45:48.100955,9.987402855138331,-0.9979396933487182,0.6245588280416647,0.004768354178348465
2026-09-04 08:45:48.199390,9.987457474275166,-0.997939092258475,0.6245588106382283,0.0034824786235525466
2026-09-04 08:45:48.299655,9.987500095770212,-0.9979386246092459,0.6245588013602055,0.0025420783450175364
2026-09-04 08:45:48.401634,9.987532804868351,-0.9979382664336977,0.6245587964239625,0.0018528043225107245
2026-09-04 08:45:48.500076,9.987553933075732,-0.9979380352562254,0.6245587937970399,0.0013528188842661022
2026-09-04 08:45:48.599790,9.987570148887023,-0.9979378580295865,0.6245587923965695,0.0009877709864398064
2026-09-04 08:45:48.702975,9.9875833124413,-0.9979377142899044,0.624558791651818,0.0007194109780100771
2026-09-04 08:45:48.800964,9.987591346563468,-0.9979376265802714,0.6245587912557993,0.0005252434776725411
2026-09-04 08:45:48.903380,9.9875981729021,-0.9979375520972686,0.6245587910451083,0.0003827429598903238
2026-09-04 08:45:49.000796,9.98760236843313,-0.9979375063249825,0.624558790932938,0.0002796357426827947
2026-09-04 08:45:49.101827,9.987605865964833,-0.9979374681787199,0.6245587908731369,0.00020405094057868455
2026-09-04 08:45:49.199588,9.987608150689685,-0.9979374432624264,0.6245587908412398,0.00014915368161723188
2026-09-04 08:45:49.302832,9.987610151969049,-0.9979374214408523,0.6245587908242494,0.00010869033265692011
2026-09-04 08:45:49.399396,9.98761131207455,-0.9979374087915405,0.6245587908151978,7.94606934933819e-05
2026-09-04 08:45:49.497591,9.987612225343677,-0.997937398834377,0.6245587908103575,5.8122655354361365e-05
2026-09-04 08:45:49.596819,9.987612920407205,-0.997937391256617,0.6245587908077689,4.2494659405852956e-05
2026-09-04 08:45:49.699544,9.987613485477913,-0.9979373850963084,0.6245587908063892,3.098171266359759e-05
2026-09-04 08:45:49.798634,9.987613848699107,-0.9979373811365801,0.6245587908056548,2.261410968667897e-05
2026-09-04 08:45:49.899041,9.987614126226056,-0.9979373781111203,0.6245587908052638,1.6500759696835555e-05
2026-09-04 08:45:49.998596,9.987614322828442,-0.9979373759678819,0.6245587908050554,1.2045331031779436e-05
2026-09-04 08:45:50.098434,9.987614467888545,-0.9979373743865397,0.6245587908049444,8.793165253734046e-06
2026-09-04 08:45:50.198544,9.987614574710411,-0.997937373222051,0.6245587908048853,6.417882118145187e-06
2026-09-04 08:45:50.299168,9.987614653855857,-0.9979373723592732,0.6245587908048538,4.682014343266475e-06
2026-09-04 08:45:50.398461,9.987614709038507,-0.9979373717577195,0.6245587908048369,3.4181110075237643e-06
2026-09-04 08:45:50.499572,9.987614751841004,-0.9979373712911248,0.624558790804828,2.493043296129214e-06
2026-09-04 08:45:50.599130,9.987614781423503,-0.9979373709686433,0.6245587908048232,1.8194804986119115e-06
2026-09-04 08:45:50.699272,9.987614803477793,-0.9979373707282277,0.6245587908048208,1.3277788488762612e-06
2026-09-04 08:45:50.798852,9.987614819280061,-0.9979373705559661,0.6245587908048194,9.693069581689604e-07
2026-09-04 08:45:50.913079,9.98761483628329,-0.9979373703706129,0.6245587908048187,7.002622657661715e-07
2026-09-04 08:45:50.998448,9.987614840341978,-0.9979373703263689,0.6245587908048182,5.137906841780618e-07
2026-09-04 08:45:51.099522,9.987614846873683,-0.9979373702551664,0.624558790804818,3.757531708879472e-07
2026-09-04 08:45:51.192568,9.987614850459327,-0.9979373702160791,0.6245587908048179,2.75941960946124e-07
2026-09-04 08:45:51.300197,9.987614854727193,-0.9979373701695549,0.6245587908048179,2.0093952925956812e-07
2026-09-04 08:45:51.400251,9.987614857152098,-0.9979373701431208,0.6245587908048179,1.4647242532373353e-07
2026-09-04 08:45:51.644084,9.98761486710285,-0.9979373700346472,0.6245587908048179,9.668815945775378e-08
2026-09-04 08:45:51.740889,9.987614867533672,-0.9979373700299508,0.6245587908048179,6.729909468852237e-08
2026-09-04 08:45:51.838290,9.987614867964114,-0.9979373700252585,0.6245587908048179,4.802419069107419e-08
2026-09-04 08:45:51.938318,9.987614868381263,-0.9979373700207111,0.6245587908048179,3.4638627131721915e-08
2026-09-04 08:45:52.037359,9.987614868698792,-0.9979373700172498,0.6245587908048179,2.5141145980746068e-08
2026-09-04 08:45:52.135592,9.98761486893912,-0.9979373700146299,0.6245587908048179,1.831883494841016e-08
2026-09-04 08:45:52.237354,9.987614869149452,-0.9979373700123371,0.6245587908048179,1.3341006715292717e-08
2026-09-04 08:45:52.340211,9.987614869311537,-0.9979373700105703,0.6245587908048179,9.705445768445068e-09
2026-09-04 08:45:52.438532,9.987614869413793,-0.9979373700094556,0.6245587908048179,7.0799712485251886e-09
2026-09-04 08:45:52.537886,9.98761486949344,-0.9979373700085874,0.6245587908048179,5.1683541485256415e-09
2026-09-04 08:45:52.638119,9.987614869554292,-0.997937370007924,0.6245587908048179,3.7718701146174955e-09
2026-09-04 08:45:52.738417,9.987614869599154,-0.997937370007435,0.6245587908048179,2.752191476402102e-09
2026-09-04 08:45:52.838132,9.98761486963145,-0.9979373700070829,0.6245587908048179,2.0088216349430296e-09
2026-09-04 08:45:52.938561,9.987614869655726,-0.9979373700068183,0.6245587908048179,1.4657260648160884e-09
2026-09-04 08:45:53.041471,9.98761486967486,-0.9979373700066098,0.6245587908048179,1.0673291372103083e-09
2026-09-04 08:45:53.139196,9.987614869686556,-0.9979373700064823,0.6245587908048179,7.79337687616665e-10
2026-09-04 08:45:53.241975,9.987614869696742,-0.9979373700063713,0.6245587908048179,5.677806747876338e-10
2026-09-04 08:45:53.340275,9.987614869703119,-0.9979373700063017,0.6245587908048179,4.145118388149782e-10
2026-09-04 08:45:53.440671,9.987614869708162,-0.9979373700062466,0.6245587908048179,3.024883744150269e-10
2026-09-04 08:45:53.540923,9.987614869711825,-0.9979373700062066,0.6245587908048179,2.2071292212204605e-10
2026-09-04 08:45:53.640458,9.987614869714438,-0.9979373700061782,0.6245587908048179,1.6111873362179352e-10
2026-09-04 08:45:53.741377,9.987614869716438,-0.9979373700061563,0.6245587908048179,1.1752541809979036e-10
2026-09-04 08:45:54.083145,9.987614869728997,-0.9979373700060195,0.6245587908048179,7.289146605893911e-11
2026-09-04 08:45:54.157963,9.987614869728496,-0.9979373700060249,0.6245587908048179,5.011102904866792e-11
2026-09-04 08:45:54.260953,9.987614869728867,-0.9979373700060208,0.6245587908048179,3.540125940812009e-11
2026-09-04 08:45:54.362052,9.98761486972915,-0.9979373700060177,0.6245587908048179,2.5383751031090576e-11
2026-09-04 08:45:54.460780,9.987614869729358,-0.9979373700060155,0.6245587908048179,1.8371412395920088e-11
2026-09-04 08:45:54.557748,9.987614869729512,-0.9979373700060138,0.6245587908048179,1.3378335847626514e-11
2026-09-04 08:45:54.670839,9.987614869729718,-0.9979373700060116,0.6245587908048179,9.660312313070382e-12
2026-09-04 08:45:54.761291,9.987614869729782,-0.9979373700060109,0.6245587908048179,7.059744287288236e-12
2026-09-04 08:45:54.871330,9.987614869729887,-0.9979373700060098,0.6245587908048179,5.1185747756000755e-12
2026-09-04 08:45:54.961052,9.987614869729924,-0.9979373700060095,0.6245587908048179,3.750736779074671e-12
2026-09-04 08:45:55.057353,9.987614869729963,-0.997937370006009,0.6245587908048179,2.7507523498554e-12
2026-09-04 08:45:55.169845,9.98761486973001,-0.9979373700060085,0.6245587908048179,1.9945965460103835e-12
2026-09-04 08:45:55.269329,9.987614869730033,-0.9979373700060082,0.6245587908048179,1.4512758242591443e-12
2026-09-04 08:45:55.358469,9.987614869730045,-0.9979373700060081,0.6245587908048179,1.0659104886562506e-12
2026-09-04 08:45:55.470480,9.987614869730063,-0.9979373700060079,0.6245587908048179,7.737745650589038e-13
2026-09-04 08:45:55.558014,9.987614869730068,-0.9979373700060078,0.6245587908048179,5.682809291297022e-13
2026-09-04 08:45:55.666109,9.987614869730077,-0.9979373700060077,0.6245587908048179,4.1369597845460875e-13
2026-09-04 08:45:55.757924,9.98761486973008,-0.9979373700060076,0.6245587908048179,3.033324065565413e-13
2026-09-04 08:45:55.859000,9.987614869730084,-0.9979373700060076,0.6245587908048179,2.2175843652564075e-13
2026-09-04 08:45:55.966705,9.987614869730088,-0.9979373700060076,0.6245587908048179,1.6108778381121987e-13
2026-09-04 08:45:56.057895,9.98761486973009,-0.9979373700060076,0.6245587908048179,1.180321447070091e-13
2026-09-04 08:45:56.158428,9.987614869730091,-0.9979373700060075,0.6245587908048179,8.629256568602768e-14
2026-09-04 08:45:56.258589,9.987614869730091,-0.9979373700060075,0.6245587908048179,6.303018859240332e-14
2026-09-04 08:45:56.358346,9.987614869730093,-0.9979373700060075,0.6245587908048179,4.6029857829585264e-14
2026-09-04 08:45:56.466503,9.987614869730093,-0.9979373700060075,0.6245587908048179,3.3406428029529234e-14
2026-09-04 08:45:56.563750,9.987614869730093,-0.9979373700060075,0.6245587908048179,2.4357738246318157e-14
2026-09-04 08:45:56.664033,9.987614869730095,-0.9979373700060075,0.6245587908048179,1.7764462762042843e-14
2026-09-04 08:45:56.756973,9.987614869730095,-0.9979373700060075,0.6245587908048179,1.3027380819464474e-14
2026-09-04 08:45:56.865910,9.987614869730095,-0.9979373700060075,0.6245587908048179,9.470342932679238e-15
2026-09-04 08:45:56.966105,9.987614869730095,-0.9979373700060075,0.6245587908048179,6.896358445643574e-15
2026-09-04 08:45:57.064632,9.987614869730095,-0.9979373700060075,0.6245587908048179,5.032658282024545e-15
2026-09-04 08:45:57.166012,9.987614869730095,-0.9979373700060075,0.6245587908048179,3.669123553235554e-15
2026-09-04 08:45:57.265815,9.987614869730095,-0.9979373700060075,0.6245587908048179,2.6767460006672386e-15
2026-09-04 08:45:57.365423,9.987614869730095,-0.9979373700060075,0.6245587908048179,1.953721965060471e-15
2026-09-04 08:45:57.462834,9.987614869730095,-0.9979373700060075,0.6245587908048179,1.428656380925418e-15
2026-09-04 08:45:57.574536,9.987614869730095,-0.9979373700060075,0.6245587908048179,1.0349181967416903e-15
2026-09-04 08:45:57.664642,9.987614869730095,-0.9979373700060075,0.6245587908048179,7.577896993707069e-16
2026-09-04 08:45:57.774898,9.987614869730095,-0.9979373700060075,0.6245587908048179,5.499063214122224e-16
2026-09-04 08:45:57.871950,9.987614869730095,-0.9979373700060075,0.6245587908048179,4.0098738918093185e-16
2026-09-04 08:45:57.970367,9.987614869730095,-0.9979373700060075,0.6245587908048179,2.9285723078999873e-16
2026-09-04 08:45:58.075023,9.987614869730095,-0.9979373700060075,0.6245587908048179,2.1309312010523898e-16
2026-09-04 08:45:58.173815,9.987614869730095,-0.9979373700060075,0.6245587908048179,1.554111549808002e-16
2026-09-04 08:45:58.275690,9.987614869730095,-0.9979373700060075,0.6245587908048179,1.132268908149297e-16
2026-09-04 08:45:58.373871,9.987614869730095,-0.9979373700060075,0.6245587908048179,8.267044527569904e-17
2026-09-04 08:45:58.461942,9.987614869730095,-0.9979373700060075,0.6245587908048179,6.087929933304863e-17
2026-09-04 08:45:58.577554,9.987614869730095,-0.9979373700060075,0.6245587908048179,4.414094253650164e-17
2026-09-04 08:45:58.672668,9.987614869730095,-0.9979373700060075,0.6245587908048179,3.221831804359315e-17
2026-09-04 08:45:58.774190,9.987614869730095,-0.9979373700060075,0.6245587908048179,2.3489150127121696e-17
2026-09-04 08:45:58.876863,9.987614869730095,-0.9979373700060075,0.6245587908048179,1.7100292191238248e-17
2026-09-04 08:45:58.970385,9.987614869730095,-0.9979373700060075,0.6245587908048179,1.252297214303153e-17
2026-09-04 08:45:59.073199,9.987614869730095,-0.9979373700060075,0.6245587908048179,9.137594316981991e-18
2026-09-04 08:45:59.174296,9.987614869730095,-0.9979373700060075,0.6245587908048179,6.662820232569668e-18
2026-09-04 08:45:59.274276,9.987614869730095,-0.9979373700060075,0.6245587908048179,4.860483412429159e-18
2026-09-04 08:45:59.374143,9.987614869730095,-0.9979373700060075,0.6245587908048179,3.54683089852728e-18
2026-09-04 08:45:59.475408,9.987614869730095,-0.9979373700060075,0.6245587908048179,2.586026428661815e-18
2026-09-04 08:45:59.575841,9.987614869730095,-0.9979373700060075,0.6245587908048179,1.8857881006489133e-18
2026-09-04 08:45:59.679012,9.987614869730095,-0.9979373700060075,0.6245587908048179,1.3725316525088318e-18
2026-09-04 08:45:59.775653,9.987614869730095,-0.9979373700060075,0.6245587908048179,1.0027175808096313e-18
2026-09-04 08:45:59.879201,9.987614869730095,-0.9979373700060075,0.6245587908048179,7.303181358351763e-19
2026-09-04 08:45:59.976400,9.987614869730095,-0.9979373700060075,0.6245587908048179,5.335228129960839e-19
2026-09-04 08:46:00.072282,9.987614869730095,-0.9979373700060075,0.6245587908048179,3.9075981027694292e-19
2026-09-04 08:46:00.176746,9.987614869730095,-0.9979373700060075,0.6245587908048179,2.8480006887861694e-19
2026-09-04 08:46:00.264864,9.987614869730095,-0.9979373700060075,0.6245587908048179,2.0952253019577077e-19
2026-09-04 08:46:00.373859,9.987614869730095,-0.9979373700060075,0.6245587908048179,1.525673039843416e-19
2026-09-04 08:46:00.474799,9.987614869730095,-0.9979373700060075,0.6245587908048179,1.1113800837268578e-19
2026-09-04 08:46:00.574050,9.987614869730095,-0.9979373700060075,0.6245587908048179,8.107536939319761e-20
2026-09-04 08:46:00.674372,9.987614869730095,-0.9979373700060075,0.6245587908048179,5.91436902242589e-20
2026-09-04 08:46:00.769938,9.987614869730095,-0.9979373700060075,0.6245587908048179,4.3294590032573424e-20
2026-09-04 08:46:00.877391,9.987614869730095,-0.9979373700060075,0.6245587908048179,3.1477149572303395e-20
2026-09-04 08:46:00.975049,9.987614869730095,-0.9979373700060075,0.6245587908048179,2.2965758970459222e-20
2026-09-04 08:46:01.075174,9.987614869730095,-0.9979373700060075,0.6245587908048179,1.67569181759207e-20
2026-09-04 08:46:01.173208,9.987614869730095,-0.9979373700060075,0.6245587908048179,1.2245753134923898e-20
2026-09-04 08:46:01.267961,9.987614869730095,-0.9979373700060075,0.6245587908048179,8.978054631679194e-21
2026-09-04 08:46:01.373514,9.987614869730095,-0.9979373700060075,0.6245587908048179,6.5418814692587056e-21
2026-09-04 08:46:01.473617,9.987614869730095,-0.9979373700060075,0.6245587908048179,4.770045446414015e-21
2026-09-04 08:46:01.573970,9.987614869730095,-0.9979373700060075,0.6245587908048179,3.4787429488175266e-21
2026-09-04 08:46:01.674008,9.987614869730095,-0.9979373700060075,0.6245587908048179,2.5378414482131254e-21
2026-09-04 08:46:01.773334,9.987614869730095,-0.9979373700060075,0.6245587908048179,1.8527125999208503e-21
2026-09-04 08:46:01.874598,9.987614869730095,-0.9979373700060075,0.6245587908048179,1.3511327017244466e-21
2026-09-04 08:46:01.973597,9.987614869730095,-0.9979373700060075,0.6245587908048179,9.864253113616732e-22
2026-09-04 08:46:02.074005,9.987614869730095,-0.9979373700060075,0.6245587908048179,7.198423803126956e-22
2026-09-04 08:46:02.179619,9.987614869730095,-0.9979373700060075,0.6245587908048179,5.231924010523917e-22
2026-09-04 08:46:02.270518,9.987614869730095,-0.9979373700060075,0.6245587908048179,3.835485842902001e-22
2026-09-04 08:46:02.371701,9.987614869730095,-0.9979373700060075,0.6245587908048179,2.8035328766786426e-22
2026-09-04 08:46:02.470888,9.987614869730095,-0.9979373700060075,0.6245587908048179,2.0490051037348922e-22
2026-09-04 08:46:02.571763,9.987614869730095,-0.9979373700060075,0.6245587908048179,1.4956136544411297e-22
2026-09-04 08:46:02.672101,9.987614869730095,-0.9979373700060075,0.6245587908048179,1.0913573118504402e-22
2026-09-04 08:46:02.765410,9.987614869730095,-0.9979373700060075,0.6245587908048179,8.003479061699993e-23
2026-09-04 08:46:02.872191,9.987614869730095,-0.9979373700060075,0.6245587908048179,5.827365565644799e-23
2026-09-04 08:46:02.971112,9.987614869730095,-0.9979373700060075,0.6245587908048179,4.251016585741589e-23
2026-09-04 08:46:03.070934,9.987614869730095,-0.9979373700060075,0.6245587908048179,3.10218458239923e-23
2026-09-04 08:46:03.171346,9.987614869730095,-0.9979373700060075,0.6245587908048179,2.263276698659575e-23
2026-09-04 08:46:03.518337,9.987614869730095,-0.9979373700060075,0.6245587908048179,1.3993164844109663e-23
2026-09-04 08:46:03.589266,9.987614869730095,-0.9979373700060075,0.6245587908048179,9.632795133796661e-24
2026-09-04 08:46:03.698256,9.987614869730095,-0.9979373700060075,0.6245587908048179,6.780807197248366e-24
2026-09-04 08:46:03.784759,9.987614869730095,-0.9979373700060075,0.6245587908048179,4.904481715734732e-24
2026-09-04 08:46:03.899006,9.987614869730095,-0.9979373700060075,0.6245587908048179,3.525973404189218e-24
2026-09-04 08:46:03.997393,9.987614869730095,-0.9979373700060075,0.6245587908048179,2.556056815865291e-24
2026-09-04 08:46:04.097973,9.987614869730095,-0.9979373700060075,0.6245587908048179,1.8580616752442835e-24
2026-09-04 08:46:04.197096,9.987614869730095,-0.9979373700060075,0.6245587908048179,1.354076973325065e-24
2026-09-04 08:46:04.286024,9.987614869730095,-0.9979373700060075,0.6245587908048179,9.955202605294634e-25
2026-09-04 08:46:04.408014,9.987614869730095,-0.9979373700060075,0.6245587908048179,7.178605137875213e-25
2026-09-04 08:46:04.496448,9.987614869730095,-0.9979373700060075,0.6245587908048179,5.250039057409308e-25
2026-09-04 08:46:04.606795,9.987614869730095,-0.9979373700060075,0.6245587908048179,3.8071302014328476e-25
2026-09-04 08:46:04.697554,9.987614869730095,-0.9979373700060075,0.6245587908048179,2.787887593073525e-25
2026-09-04 08:46:04.797059,9.987614869730095,-0.9979373700060075,0.6245587908048179,2.0390856070829899e-25
2026-09-04 08:46:04.907383,9.987614869730095,-0.9979373700060075,0.6245587908048179,1.478760734389128e-25
2026-09-04 08:46:04.997857,9.987614869730095,-0.9979373700060075,0.6245587908048179,1.0831299466558465e-25
2026-09-04 08:46:05.106146,9.987614869730095,-0.9979373700060075,0.6245587908048179,7.872550110106443e-26
2026-09-04 08:46:05.203943,9.987614869730095,-0.9979373700060075,0.6245587908048179,5.742347975588877e-26
2026-09-04 08:46:05.286584,9.987614869730095,-0.9979373700060075,0.6245587908048179,4.2434475657409296e-26
2026-09-04 08:46:05.409390,9.987614869730095,-0.9979373700060075,0.6245587908048179,3.066447719377247e-26
2026-09-04 08:46:05.504519,9.987614869730095,-0.9979373700060075,0.6245587908048179,2.2342096131389037e-26
2026-09-04 08:46:05.605153,9.987614869730095,-0.9979373700060075,0.6245587908048179,1.628390685173787e-26
2026-09-04 08:46:05.705907,9.987614869730095,-0.9979373700060075,0.6245587908048179,1.1869516987708794e-26
2026-09-04 08:46:05.784669,9.987614869730095,-0.9979373700060075,0.6245587908048179,8.793204579165835e-27
2026-09-04 08:46:05.908564,9.987614869730095,-0.9979373700060075,0.6245587908048179,6.357731948671438e-27
2026-09-04 08:46:06.005659,9.987614869730095,-0.9979373700060075,0.6245587908048179,4.626944197101701e-27
2026-09-04 08:46:06.104569,9.987614869730095,-0.9979373700060075,0.6245587908048179,3.3745148684336214e-27
2026-09-04 08:46:06.205235,9.987614869730095,-0.9979373700060075,0.6245587908048179,2.460728783831488e-27
2026-09-04 08:46:06.290128,9.987614869730095,-0.9979373700060075,0.6245587908048179,1.8151205971786654e-27
2026-09-04 08:46:06.407618,9.987614869730095,-0.9979373700060075,0.6245587908048179,1.315443354099342e-27
2026-09-04 08:46:06.505880,9.987614869730095,-0.9979373700060075,0.6245587908048179,9.576974216974481e-28
2026-09-04 08:46:06.606123,9.987614869730095,-0.9979373700060075,0.6245587908048179,6.979277156553169e-28
2026-09-04 08:46:06.706209,9.987614869730095,-0.9979373700060075,0.6245587908048179,5.0894219591501175e-28
2026-09-04 08:46:06.791873,9.987614869730095,-0.9979373700060075,0.6245587908048179,3.7520299026080983e-28
2026-09-04 08:46:06.908484,9.987614869730095,-0.9979373700060075,0.6245587908048179,2.720065043739824e-28
2026-09-04 08:46:07.007205,9.987614869730095,-0.9979373700060075,0.6245587908048179,1.9800107768681054e-28
2026-09-04 08:46:07.106692,9.987614869730095,-0.9979373700060075,0.6245587908048179,1.443620281213233e-28
2026-09-04 08:46:07.207202,9.987614869730095,-0.9979373700060075,0.6245587908048179,1.0526518814100263e-28
2026-09-04 08:46:07.296221,9.987614869730095,-0.9979373700060075,0.6245587908048179,7.740975546568908e-29
2026-09-04 08:46:07.396840,9.987614869730095,-0.9979373700060075,0.6245587908048179,5.67004532118195e-29
2026-09-04 08:46:07.496572,2.474971305597488,-5.513310317734855,353.500933216439,-0.030193232530562056
2026-09-04 08:46:07.596704,2.4741117281023977,-5.513185951067703,353.50092907353354,-0.0220605454773045
2026-09-04 08:46:07.697375,2.4735769696307313,-5.513110928776254,353.50092686408965,-0.01610228666781581
2026-09-04 08:46:07.797079,2.4732451601315395,-5.51306561425535,353.5009256867546,-0.011755290252678163
2026-09-04 08:46:07.897560,2.4730269770677253,-5.513036755712334,353.50092505958486,-0.00857773369586132
2026-09-04 08:46:07.997915,2.472883180515665,-5.513018243304788,353.5009247257026,-0.0062580879994725055
2026-09-04 08:46:08.096767,2.4727897778862027,-5.513006467400883,353.5009245478047,-0.004570354700190062
2026-09-04 08:46:08.197979,2.4727213564979165,-5.5129980679536486,353.5009244530342,-0.003333834416254838
2026-09-04 08:46:08.288907,2.472686890763172,-5.512993817533991,353.50092440225853,-0.0024486834302671436
2026-09-04 08:46:08.396782,2.472645821601376,-5.51298896562938,353.5009243751033,-0.0017829608310063346
2026-09-04 08:46:08.495623,1.1830117233198651,-6.852620631344704,351.6161167506419,-0.014540483103500213
2026-09-04 08:46:08.593421,1.182697805504818,-6.852567721458173,351.6161418552246,-0.010628303994613614
2026-09-04 08:46:08.694667,1.1824833649470534,-6.85253257310043,351.616155246514,-0.00775618614757739
2026-09-04 08:46:08.795207,1.182345673221387,-6.852510393421139,351.6161623757194,-0.005658257407335921
2026-09-04 08:46:08.895126,1.182255277900128,-6.852496066673108,351.61616617085343,-0.004128898593418131
2026-09-04 08:46:08.995522,1.1821930906421378,-6.8524863668944125,351.6161681912718,-0.0030122907497778274
2026-09-04 08:46:09.205302,1.182024384640409,-6.852461239673168,351.61616918708654,-0.002035032909895181
2026-09-04 08:46:09.305095,1.1820075709221711,-6.852458636684155,351.6161696594508,-0.001428878925525256
2026-09-04 08:46:09.405356,1.1819943719395993,-6.852456628657514,351.6161698966736,-0.00102199980304551
2026-09-04 08:46:09.504915,0.6818565359091322,-7.839147346449065,350.4292129563964,-0.007665484607669785
2026-09-04 08:46:09.604426,0.6817165448610227,-7.839120905840079,350.429226006974,-0.0055671829693189415
2026-09-04 08:46:09.704546,0.6816235470370565,-7.83910372591093,350.4292329059577,-0.00405223851500704
2026-09-04 08:46:09.804939,0.6815607552749177,-7.839092343326278,350.42923656466786,-0.002952421669638134
2026-09-04 08:46:09.904393,0.6815188835380783,-7.839084860652244,350.4292385092089,-0.0021536945406155526
2026-09-04 08:46:10.004431,0.6814892611513303,-7.8390796410418435,350.4292395441636,-0.0015713850165856886
2026-09-04 08:46:10.104652,0.6814683231882398,-7.839075990915261,350.42924009511046,-0.001146495899737877
2026-09-04 08:46:10.203405,0.6814541075283416,-7.83907353017777,350.4292403887066,-0.000837381239392083
2026-09-04 08:46:10.304919,0.6814430174154472,-7.83907162626139,350.4292405451014,-0.0006107230496528155
2026-09-04 08:46:10.404990,0.6814354333593687,-7.839070329412874,350.42924062831344,-0.0004455406308239504
2026-09-04 08:46:10.504833,0.4300948409120283,-8.770583235863047,349.4970910755883,-0.002470872222749117
2026-09-04 08:46:10.611548,0.43004275150596627,-8.770572865087976,349.49709425885163,-0.0017947181049958506
2026-09-04 08:46:10.704298,0.4300181577669393,-8.770567926159943,349.49709595100876,-0.0013134646809727514
2026-09-04 08:46:10.811115,0.429994369858953,-8.770563314113419,349.4970968516889,-0.0009552700584800992
2026-09-04 08:46:10.909268,0.42998145243812497,-8.770560812181895,349.497097329531,-0.0006968385855510548
2026-09-04 08:46:11.120807,0.42994241329072286,-8.77055352191859,349.49709756472237,-0.0004701788319020062
2026-09-04 08:46:11.220173,0.42993876392794406,-8.770552820379825,349.49709767611296,-0.0003300346711871691
2026-09-04 08:46:11.342020,0.429933146243385,-8.770551766561276,349.497097731179,-0.00023243307988851544
2026-09-04 08:46:11.431583,0.4299320796397403,-8.770551562544554,349.4970977591739,-0.0001677860620243566
2026-09-04 08:46:11.540909,0.42992983888412684,-8.770551143861567,349.4970977737392,-0.00012093057446569139
2026-09-04 08:46:11.631916,0.4299290496163371,-8.770550995820157,349.4970977814003,-8.825346459678735e-05
2026-09-04 08:46:11.839683,0.42992446237029414,-8.770550144535754,349.4970977851832,-5.97121861748191e-05
2026-09-04 08:46:11.929563,0.42992430554800476,-8.770550115056146,349.49709778699423,-4.225074612551026e-05
2026-09-04 08:46:12.048213,0.4299236629862464,-8.770549995727063,349.49709778790236,-2.9942202910514924e-05
2026-09-04 08:46:12.145335,0.4299234496666686,-8.7705499560755,349.49709778836586,-2.1565304421854357e-05
2026-09-04 08:46:12.245900,0.4299232452667265,-8.77054991812727,349.49709778860773,-1.562325154425995e-05
2026-09-04 08:46:12.347664,0.4299230801395096,-8.77054988748557,349.49709778873495,-1.1343376933776444e-05
2026-09-04 08:46:12.447250,0.4299229647577085,-8.770549866079692,349.4970977888022,-8.258566068127393e-06
2026-09-04 08:46:12.546393,0.4299228786388351,-8.770549850105985,349.4970977888379,-6.023352864572253e-06
2026-09-04 08:46:12.645542,0.429922813773075,-8.770549838076166,349.4970977888569,-4.3972405207248176e-06
2026-09-04 08:46:12.741981,0.4299227697948051,-8.770549829920693,349.49709778886705,-3.218104575079037e-06
2026-09-04 08:46:12.844262,0.4299227294814624,-8.770549822445728,349.49709778887245,-2.3482364920772554e-06
2026-09-04 08:46:12.943886,0.4299227025324644,-8.770549817448966,349.49709778887535,-1.7141307205154628e-06
2026-09-04 08:46:13.044956,0.42992268177703097,-8.770549813600741,349.4970977888769,-1.2501820531875324e-06
2026-09-04 08:46:13.145461,0.42992266691516806,-8.770549810845296,349.49709778887774,-9.117655166402348e-07
2026-09-04 08:46:13.245543,0.42992265620330233,-8.770549808859311,349.49709778887814,-6.65145615725652e-07
2026-09-04 08:46:13.342383,0.4299226491761554,-8.770549807556486,349.4970977888784,-4.864571915578163e-07
2026-09-04 08:46:13.442045,0.4299226434270569,-8.770549806490624,349.49709778887853,-3.5551743017165656e-07
2026-09-04 08:46:13.542593,0.4299226391050603,-8.770549805689349,349.4970977888786,-2.595551697126387e-07
2026-09-04 08:46:13.642978,0.4299226359769517,-8.770549805109416,349.49709778887865,-1.8941377227439807e-07
2026-09-04 08:46:13.741990,0.42992263379716933,-8.7705498047053,349.49709778887865,-1.383340642799911e-07
2026-09-04 08:46:13.842447,0.42992263212328724,-8.770549804394975,349.49709778887865,-1.0096421709891967e-07
2026-09-04 08:46:13.939686,0.4299226310273925,-8.770549804191804,349.49709778887865,-7.383766023445868e-08
2026-09-04 08:46:14.042055,0.42992263007332804,-8.770549804014928,349.49709778887865,-5.385506406496263e-08
2026-09-04 08:46:14.142539,0.4299226294240288,-8.770549803894554,349.49709778887865,-3.927836186129721e-08
2026-09-04 08:46:14.242283,0.4299226289624546,-8.770549803808981,349.49709778887865,-2.8661772165465424e-08
2026-09-04 08:46:14.342488,0.42992262862015324,-8.77054980374552,349.49709778887865,-2.091342922994126e-08
2026-09-04 08:46:14.442543,0.4299226283717486,-8.770549803699469,349.49709778887865,-1.5260908073613675e-08
2026-09-04 08:46:14.542465,0.4299226281912295,-8.770549803666002,349.49709778887865,-1.1137691402628856e-08
2026-09-04 08:46:14.643537,0.4299226280545757,-8.770549803640668,349.49709778887865,-8.12226953787093e-09
2026-09-04 08:46:14.742514,0.4299226279617453,-8.770549803623458,349.49709778887865,-5.929887548941507e-09
2026-09-04 08:46:14.843578,0.42992262788892505,-8.770549803609958,349.49709778887865,-4.325271070691953e-09
2026-09-04 08:46:14.944128,0.4299226278368815,-8.770549803600309,349.49709778887865,-3.1544885472070138e-09
2026-09-04 08:46:15.051275,0.42992262779114176,-8.77054980359183,349.49709778887865,-2.289459373334262e-09
2026-09-04 08:46:15.143197,0.42992262777183293,-8.770549803588251,349.49709778887865,-1.6758554708512817e-09
2026-09-04 08:46:15.242472,0.42992262775222473,-8.770549803584617,349.49709778887865,-1.2256788558877232e-09
2026-09-04 08:46:15.340422,0.4299226277384707,-8.770549803582067,349.49709778887865,-8.9689836889846e-10
2026-09-04 08:46:15.444800,0.42992262772616296,-8.770549803579785,349.49709778887865,-6.534199815140649e-10
2026-09-04 08:46:15.541807,0.42992262771918277,-8.77054980357849,349.49709778887865,-4.774807121333965e-10
2026-09-04 08:46:15.640993,0.42992262771361234,-8.770549803577456,349.49709778887865,-3.489220837176704e-10
2026-09-04 08:46:15.740167,0.4299226277095367,-8.770549803576701,349.49709778887865,-2.549821650611149e-10
2026-09-04 08:46:16.194584,0.42992262767128264,-8.77054980356961,349.49709778887865,-1.4793186980916215e-10
2026-09-04 08:46:16.294687,0.4299226276714099,-8.770549803569635,349.49709778887865,-9.732760416369652e-11
2026-09-04 08:46:16.394872,0.4299226276711678,-8.77054980356959,349.49709778887865,-6.748255458666527e-11
2026-09-04 08:46:16.494945,0.42992262767083966,-8.77054980356953,349.49709778887865,-4.7971620165007586e-11
2026-09-04 08:46:16.595584,0.42992262767050954,-8.77054980356947,349.49709778887865,-3.451780250590575e-11
2026-09-04 08:46:16.695251,0.4299226276702389,-8.77054980356942,349.49709778887865,-2.5010713104067125e-11
2026-09-04 08:46:16.795263,0.42992262767001366,-8.770549803569377,349.49709778887865,-1.8183821321601597e-11
2026-09-04 08:46:16.894537,0.4299226276698412,-8.770549803569345,349.49709778887865,-1.3251266564651594e-11
2026-09-04 08:46:16.995153,0.4299226276697009,-8.77054980356932,349.49709778887865,-9.659226137652316e-12
2026-09-04 08:46:17.095285,0.445614618769055,-8.773458964372047,349.49709778888104,0.12782437902111793
2026-09-04 08:46:17.195803,0.44780126103021617,-8.773864349126475,349.49709778888064,0.09731151387936748
2026-09-04 08:46:17.296250,0.4828984656859646,-8.78037107038532,349.49709778888314,0.38116761971425067
2026-09-04 08:46:17.395207,0.4994779474037613,-8.78344476435101,349.49709778888314,0.3872204460133514
2026-09-04 08:46:17.495317,0.5165169501001715,-8.78660364957196,349.49709778888314,0.3933437969718786
2026-09-04 08:46:17.595481,0.5338347371384987,-8.789814219023096,349.49709778888314,0.39947045090664957
2026-09-04 08:46:17.696936,0.6412358425887683,-8.809725464461433,349.4970977888852,0.9965104797489189
2026-09-04 08:46:17.797674,0.6853607314023105,-8.81790584107341,349.4970977888852,1.0026722430978363
2026-09-04 08:46:17.897272,0.8219403118973735,-8.843226525974487,349.49709778888644,1.565478859647385
2026-09-04 08:46:17.997128,0.8906518708200419,-8.855965060726577,349.49709778888644,1.5715866743843214
2026-09-04 08:46:18.097060,0.9596840123612942,-8.868763028751493,349.49709778888644,1.5776991377544896
2026-09-04 08:46:20.093865,1.3567043500199427,-8.942367200273896,349.6761470998671,3.5683917328512886
2026-09-04 08:46:20.193168,1.5125493014876232,-8.97075605586772,349.7094848506073,3.748876001596815
2026-09-04 08:46:20.292916,1.6770277771250108,-9.000618734373331,349.8322710489736,3.950215891483626
2026-09-04 08:46:20.832046,2.9092847031022977,-9.222250468985186,350.4959206772902,6.350003898764637
2026-09-04 08:46:20.932887,3.1916134091334527,-9.269516755550049,350.6200523193227,6.553549993283584
2026-09-04 08:46:21.032886,3.480663193699972,-9.317264709272989,350.74314748965634,6.755396523026449
2026-09-04 08:46:21.131758,3.7753615009136854,-9.36529555743548,350.86485536354735,6.954968219630779
2026-09-04 08:46:21.232342,4.0841256580406995,-9.414945833450926,350.98867064782854,7.157995563380779
2026-09-04 08:46:21.331981,4.399026256942267,-9.464885019277137,351.11132267111753,7.359115438350022
2026-09-04 08:46:21.431971,4.724024716002781,-9.51571262137002,351.23440676277505,7.560943801723544
2026-09-04 08:46:21.533014,5.061565490588933,-9.567759158531485,351.3587870595382,7.764897630309912
2026-09-04 08:46:21.632921,5.429142267529929,-9.623937071341823,351.48176898118265,8.042819577310686
2026-09-04 08:46:21.733798,5.7878406775651206,-9.677661597439421,351.6059449379197,8.246438337306994
2026-09-04 08:46:21.833565,6.151690551303734,-9.731351697039665,351.72875452460227,8.447816578417969
2026-09-04 08:46:21.932607,6.521833192479251,-9.785159968974975,351.8506716623755,8.647731417554288
2026-09-04 08:46:22.032642,6.904651543263181,-9.839979389934488,351.9738111474136,8.849650612774514
2026-09-04 08:46:22.133864,7.30117807746587,-9.89589239684593,352.0984117867351,9.05396575026221
2026-09-04 08:46:22.233452,7.597315118764864,-9.935499950666177,352.2210010308593,8.955513878939236
2026-09-04 08:46:22.333999,7.996147969921173,-9.989984332735427,352.34477076947206,9.158466538726392
2026-09-04 08:46:22.434588,8.404309132051337,-10.04484515490126,352.46859220857334,9.361503974903805
2026-09-04 08:46:22.534899,8.820485799332815,-10.099867958790098,352.59207143967905,9.563980272117142
2026-09-04 08:46:22.634339,9.168244600942865,-10.143963030290042,352.7144785011294,9.539475144426541
2026-09-04 08:46:24.613175,13.320429205175216,-19.83937193988578,295.1054159242908,10.48478969937699
2026-09-04 08:46:24.711329,13.604606702926949,-20.288283928852422,295.0859165971822,11.010383949210892
2026-09-04 08:46:24.811901,13.814485249287426,-20.736613489531926,294.9846252685988,10.999838332487556
2026-09-04 08:46:24.911246,14.020822174801046,-21.179414635359205,294.90680428322753,10.92518346729093
2026-09-04 08:46:25.012448,14.228980770781655,-21.627714529157153,294.6010267794899,10.90307580844049
2026-09-04 08:46:25.112028,14.431036379096986,-22.069021359732776,294.5230217090458,10.755153153308958
2026-09-04 08:46:25.326489,14.859013914918357,-23.00713327382337,293.9470352948198,10.562134535358105
2026-09-04 08:46:25.425207,15.0482068426904,-23.43312691043062,293.7481871586567,10.476737028283795
2026-09-04 08:46:25.526049,19.798575752145133,-20.502355481659244,326.17110088600566,10.53244917037562
2026-09-04 08:46:25.641685,20.250863685871355,-20.80546633734925,326.0546378140565,10.299039583146289
2026-09-04 08:46:25.739053,20.622752087147088,-21.0557925804423,326.0546378140565,10.299890387884119
2026-09-04 08:46:25.840307,21.306210477948696,-21.56617856120197,326.2995984577984,11.836163537067163
2026-09-04 08:46:25.939076,21.740996272500173,-21.856149043225614,326.2774928060534,11.769708939533944
2026-09-04 08:46:26.027750,22.129051876327974,-22.11517025633407,326.2774928060534,11.697649165101007
2026-09-04 08:46:26.126394,22.558095254254706,-22.401550185216756,326.001521864926,11.661447077480213
2026-09-04 08:46:26.226657,22.991428010647777,-22.69382007373376,325.67614148309343,11.526527470873424
2026-09-04 08:46:26.325874,23.413648468149752,-22.982097045213695,325.49849412822005,11.39821718963461
2026-09-04 08:46:26.547548,27.272170614636636,-20.24127332362777,348.09538618317424,11.448864214844825
2026-09-04 08:46:26.644858,27.759501244032123,-20.344010981112596,348.2369504018411,11.495630601102206
2026-09-04 08:46:26.744781,28.26222212696961,-20.44869653343159,348.28167826259335,11.431892081129162
2026-09-04 08:46:26.844939,28.763412687396325,-20.55265526126511,348.1023460537036,11.507157892074492
2026-09-04 08:46:26.941550,29.249718655016085,-20.655115205742696,348.1023460537036,11.565407005338965
2026-09-04 08:46:27.039807,29.74681362694829,-20.759848288648403,348.31126112547065,11.565407005338965
2026-09-04 08:46:27.139666,30.252398076419627,-20.86444616793451,348.0095414386489,11.541847583573016
2026-09-04 08:46:27.240182,30.759711877835727,-20.97219074869802,347.8408165585648,11.552387328338586
2026-09-04 08:46:27.334938,31.23808967883214,-21.075263026365043,347.8726278020231,11.506848373491145
2026-09-04 08:46:27.538253,33.98995568841093,-19.65896828701526,358.30779540399664,11.916815857462826
2026-09-04 08:46:27.635832,34.5095609418648,-19.67431905379746,358.25319711425925,11.88356256741887
2026-09-04 08:46:27.736774,35.04555883227987,-19.690665333830268,358.2757891086952,11.813881844636793
2026-09-04 08:46:27.837863,35.57919619602084,-19.706729016199013,358.24185176657494,11.83154822376394
2026-09-04 08:46:27.938051,36.10885863025375,-19.722987062971637,358.42123769025795,11.806160290077916
2026-09-04 08:46:28.038726,36.64000205161658,-19.73762621285012,358.4550360453506,11.807919692899812
2026-09-04 08:46:28.138533,37.16665300058972,-19.751830644645512,358.4326980771246,11.766930203354692
2026-09-04 08:46:28.238686,37.69328957712518,-19.766240160707387,358.3990749665451,11.718797494662518
2026-09-04 08:46:28.339057,38.21890503776439,-19.78093042253096,358.4889317585061,11.660035476372768
2026-09-04 08:46:28.439972,38.74474177968272,-19.794801592081104,358.47763878274526,11.514538717483742
2026-09-04 08:46:28.539187,40.301937046684,-18.71182498466723,4.240244773349711,12.095609559328965
2026-09-04 08:46:28.639816,40.84457093809808,-18.67159321921393,4.397898363101093,12.074506372253984
2026-09-04 08:46:28.739715,41.38221675663566,-18.630243465918557,4.342001965859125,12.064031323880238
2026-09-04 08:46:28.839267,41.917570162029875,-18.58959534765795,4.408844654633575,11.97704246382297
2026-09-04 08:46:28.939797,42.45423683844101,-18.548217761598696,4.633842495041784,11.775002552685264
2026-09-04 08:46:29.039183,43.28394815236688,-18.53178901391007,4.637239340439852,12.211655128384143
2026-09-04 08:46:29.139188,43.828098176848584,-18.48765176450818,4.659621623370344,12.106793496874658
2026-09-04 08:46:29.238917,44.36606960745976,-18.44380412997794,4.726583156124955,11.806148341729147
2026-09-04 08:46:29.339186,44.893471720586916,-18.40019742453903,5.2539553323981405,11.770226037167474
2026-09-04 08:46:29.439059,45.41677179701079,-18.352076471927212,5.45512999054576,11.660266655037239
2026-09-04 08:46:29.538922,46.38083891205354,-18.811718514193885,2.9143378947779213,11.76468617604179
2026-09-04 08:46:29.639805,46.96606908212904,-18.785806610340583,2.7429827539821083,11.679601321887551
2026-09-04 08:46:29.738900,47.482875941254534,-18.761046037854054,2.820607904169495,11.523740164328943
2026-09-04 08:46:29.838760,47.96921556717572,-18.7356649207478,2.7834580712188273,11.307514337804538
2026-09-04 08:46:29.945461,48.507943305966386,-18.709472645152335,2.6998748313969956,11.118245908595183
2026-09-04 08:46:30.038626,48.93187354760576,-18.688080134835452,2.883607249980556,10.80530529560886
2026-09-04 08:46:30.146011,49.44992964794013,-18.66198514285954,3.1119303718110918,10.626083576425454
2026-09-04 08:46:30.245138,49.92011672250729,-18.636422528510682,4.687120489941268,10.402610442729365
2026-09-04 08:46:30.344500,50.38064280741242,-18.5986646116115,4.7315972340348535,10.274112643315442
2026-09-04 08:46:30.445813,50.82022803860536,-18.561245195748807,4.707593651299049,10.013266521486706
2026-09-04 08:46:30.655823,51.9363902337885,-19.787246769038195,358.8474482269436,9.482649826065096
2026-09-04 08:46:30.754593,52.35500377986288,-19.795668661129962,358.92481879139194,9.285873181357688
2026-09-04 08:46:30.855152,52.74499857278833,-19.804040932729208,358.9569769725577,8.952038910300015
2026-09-04 08:46:30.954669,53.14319160494668,-19.811290513588045,358.8901577840053,9.013779286930182
2026-09-04 08:46:31.054631,53.44305395200676,-19.819763398106204,358.8750928856376,8.472163932403497
2026-09-04 08:46:31.154249,53.8202740683304,-19.827170437985377,358.8750928856376,8.434733924042947
2026-09-04 08:46:31.254203,54.08979839526951,-19.83431045739956,358.9284063406522,7.829533801060894
2026-09-04 08:46:31.354540,54.440927992156745,-19.840878343051248,359.0070044000331,7.800601118512912
2026-09-04 08:46:31.454660,54.686829773663426,-19.846130213734895,359.038996464038,7.1975010954499785
2026-09-04 08:46:31.578205,55.41880013802036,-20.44276362284486,356.1163986040883,7.189828308171866
2026-09-04 08:46:31.673282,55.640094572033135,-20.462127358262503,356.06551986200867,6.592720028248088
2026-09-04 08:46:31.772820,55.93276251840998,-20.482256408248066,355.9541310475326,6.60141769092928
2026-09-04 08:46:31.872886,56.09459965472147,-20.498125955781664,355.8455439788962,5.768094940646345
2026-09-04 08:46:31.972894,56.35179959495265,-20.516808001890517,355.6776718211557,5.759356209212917
2026-09-04 08:46:32.072870,56.48450152078935,-20.529835360671957,355.59489663594934,5.013010862815805
2026-09-04 08:46:32.160991,56.68139875035269,-20.545003418486765,355.64420289948913,5.088471269742478
2026-09-04 08:46:32.279306,56.94975845594972,-20.565444323202538,355.8825253658087,5.352100546834573
2026-09-04 08:46:32.377295,57.1836021055245,-20.582278132401218,355.9044564444755,5.799053158038269
2026-09-04 08:46:32.477989,57.443975502389264,-20.60092157386824,356.01713889022335,6.242506344554017
2026-09-04 08:46:32.579600,57.72685140770787,-20.620617155435806,355.83520509484515,6.684670688768181
2026-09-04 08:46:32.681835,58.03155504617558,-20.64280496717692,355.5949505745543,6.758817306310794
2026-09-04 08:46:32.781355,58.33136265397843,-20.665900483738266,355.1940233574115,6.725772164936421
2026-09-04 08:46:32.877366,58.61902294368481,-20.690086211462038,355.00062794420256,6.7433900567218314
2026-09-04 08:46:32.977362,58.919320595297926,-20.716355535303002,354.6761140491293,6.740768751860969
2026-09-04 08:46:33.078317,58.787653817910765,-20.7117250221367,354.3914483189903,5.324631769848161
2026-09-04 08:46:33.178983,59.02612436017743,-20.735143198876436,354.1098205386942,5.307039314475039
2026-09-04 08:46:33.275220,59.25323725844793,-20.758573691503194,353.8513530105848,5.325539598985374
2026-09-04 08:46:33.377597,59.49556707261602,-20.78467939671554,353.3930897278339,5.325539598985374
2026-09-04 08:46:33.474379,59.65233219672371,-20.804794501153552,353.2304166257099,5.234839132650507
2026-09-04 08:46:33.574211,59.88432851311193,-20.832333483784428,352.917606736472,5.143243931438088
2026-09-04 08:46:33.674434,60.11300656116547,-20.860745481138583,352.9512533472736,4.794694706955937
2026-09-04 08:46:33.774176,60.32517979634678,-20.886980334072643,353.2414578133772,4.602953965076017
2026-09-04 08:46:33.872522,60.682948566275535,-20.926852957110267,353.8580368871213,5.017408388992931
2026-09-04 08:46:33.974750,60.910927964320685,-20.951385817362297,354.36139284359547,5.1272807927487465
2026-09-04 08:46:34.073525,61.13623463812747,-20.973630616183627,354.5603557951292,5.156626163828515
2026-09-04 08:46:34.173978,61.36675788577313,-20.99558241870706,354.41421921658906,5.0653389607818085
2026-09-04 08:46:34.274193,61.75656836303572,-21.034227853839457,354.5601690543356,5.553041144651678
2026-09-04 08:46:34.373425,62.001795581043766,-21.057580662875747,354.76005254313935,5.471534456212164
2026-09-04 08:46:34.474449,62.24786709931372,-21.080147921969406,355.0765974010043,5.416803895188542
2026-09-04 08:46:34.574571,62.66093743341612,-21.117628386220407,355.3792187111015,5.987251503294516
2026-09-04 08:46:34.673749,62.92552860946342,-21.13901347857056,355.73437376238576,5.9855182621416
2026-09-04 08:46:34.773854,63.3286543812675,-21.171443761284404,356.070506118147,6.662658570510607
2026-09-04 08:46:34.874074,63.626455394725554,-21.191899813154123,356.00321491084856,6.927127703585947
2026-09-04 08:46:34.973632,63.934007167882896,-21.213388586874473,355.9363681934646,7.01325186543388
2026-09-04 08:46:35.074064,64.24809038101525,-21.23570197360599,355.6216782864614,6.857920547207323
2026-09-04 08:46:35.174320,64.72990669700474,-21.273581611608957,355.3412384644844,7.203055069373024
2026-09-04 08:46:35.265912,65.0238634370086,-21.29753626291696,354.93125135220606,6.919736881962501
2026-09-04 08:46:35.374004,65.35692754794938,-21.327078338660108,354.786097866289,6.829063787832221
2026-09-04 08:46:35.473914,65.66067723465892,-21.354796038938918,354.18235030401905,6.623904836032606
2026-09-04 08:46:35.583586,65.98375988147414,-21.38771413155197,353.6546140981155,6.342159494452435
2026-09-04 08:46:35.675193,66.24189281192344,-21.4164192584821,353.4188329010478,6.087611645686105
2026-09-04 08:46:35.771411,66.89949342524967,-21.483807143227832,353.2142878605353,7.340508553575388
2026-09-04 08:46:35.871814,67.22665801057562,-21.522736415434274,353.00080994088967,7.333489956246289
2026-09-04 08:46:35.972294,67.7714794993674,-21.584882246786115,352.67473944387524,8.173212442625461
2026-09-04 08:46:36.072735,68.13547086847062,-21.63167373573402,352.19142235056825,8.193398546986929
2026-09-04 08:46:36.172233,68.65920766778702,-21.699021812210326,351.91306994001906,8.845566322439709
2026-09-04 08:46:36.273052,69.05391398172898,-21.755104980802255,351.6648608183705,8.871114153380452
2026-09-04 08:46:36.372556,69.59033440285812,-21.829768024837335,351.24173285429123,9.508252343741727
2026-09-04 08:46:36.472460,70.01003166441454,-21.894427605413288,351.1299344645163,9.536187204156905
2026-09-04 08:46:36.573081,70.60642383507766,-21.98307813167842,351.1186784584285,10.380440411491877
2026-09-04 08:46:36.672261,71.06114766887039,-22.05413411608239,351.2518642883998,10.465370940639156
2026-09-04 08:46:36.772137,71.66145160259791,-22.14434274229555,350.972448873352,11.182716777291896
2026-09-04 08:46:36.872408,72.15650934373357,-22.222996228266048,350.6470425293693,11.258067504436
2026-09-04 08:46:36.972951,72.7777293644484,-22.32305658191759,350.7933113454961,11.88305580483954
2026-09-04 08:46:37.071913,73.29666306729233,-22.407167671849646,350.67149268484394,11.896891535422933
2026-09-04 08:46:37.166921,73.91632043948037,-22.507457056073317,350.53327822609975,12.545428238851509
2026-09-04 08:46:37.266618,74.46783730027784,-22.599420059074436,350.3993981324252,12.547170550082047
2026-09-04 08:46:37.479282,75.82445147514021,-22.82716333889345,350.7087772342497,13.46644840059852
2026-09-04 08:46:37.571385,76.49719905001375,-22.936809822726357,350.6675501838891,14.131249752888381
2026-09-04 08:46:37.679425,77.17067926720762,-23.04748813229126,350.4499246988604,14.12936163884937
2026-09-04 08:46:37.779190,77.92174680015123,-23.17311006942974,350.2936249826489,14.85586348654315
2026-09-04 08:46:37.866674,78.49442537924048,-23.271065393743545,350.38173470095813,14.836752535901148
2026-09-04 08:46:37.967491,79.27566279059218,-23.402931657123123,350.25763276292656,15.52470555359633
2026-09-04 08:46:38.067771,79.96158576803118,-23.52070070870457,350.28007659405773,15.522953053820023
2026-09-04 08:46:38.167719,80.76387820367515,-23.65766881001723,350.3024462195914,16.182287981262732
2026-09-04 08:46:38.267259,81.47367396334792,-23.77896523147726,350.3470026406283,16.231865654681222
2026-09-04 08:46:38.382462,82.41466994743595,-23.93884055816176,350.269651384905,16.848505523037694
2026-09-04 08:46:38.480326,83.14117331693883,-24.063420149514418,350.13823277163306,16.848505523037694
2026-09-04 08:46:38.580940,83.99989109551059,-24.212279513669703,350.1157142249236,17.487245590494414
2026-09-04 08:46:38.681245,84.77238591938531,-24.346883131758563,349.790197541803,17.487245590494414
2026-09-04 08:46:38.765931,85.57391235765996,-24.49010531427817,349.9039198496214,18.362305891279416
2026-09-04 08:46:38.867071,86.39128287071436,-24.635643484644977,349.9831469316129,18.362305891279416
2026-09-04 08:46:38.966602,87.32989137004122,-24.80110860122009,350.228185108943,19.14218388479278
2026-09-04 08:46:39.067295,88.17905236131799,-24.94735402482452,350.1718444455982,19.105229819580497
2026-09-04 08:46:39.167552,89.14713445112969,-25.11511983914754,350.2615991906968,19.850448816728218
2026-09-04 08:46:39.267076,90.01757871593358,-25.264508106206215,350.361835023592,19.9269774830668
2026-09-04 08:46:39.372319,91.05632888019913,-25.44122557267186,350.73870876285906,20.564720003445895
2026-09-04 08:46:39.474012,91.97903170747955,-25.59168393579005,350.6818085704174,20.59670948565107
2026-09-04 08:46:39.572634,93.03059747732944,-25.765046695594087,350.3727900560464,21.45700262413616
2026-09-04 08:46:39.673307,93.98266704656405,-25.926542322579127,350.5530443688877,21.373432650322293
2026-09-04 08:46:39.773367,95.06720913087867,-26.107341119747957,350.7322011127791,22.196675405058905
2026-09-04 08:46:39.873214,96.04503809335446,-26.26690251316877,350.76572149381644,22.221976928342617
2026-09-04 08:46:39.973319,97.15364395809975,-26.447657357831257,350.7657214957336,22.938406621957586
2026-09-04 08:46:40.072944,98.16199769147764,-26.611594181491807,350.67653255770244,22.873117136187297
2026-09-04 08:46:40.173175,99.31098774530219,-26.800417233823044,350.65409969467527,23.531909558426666
2026-09-04 08:46:40.273541,100.35279341181048,-26.971876550222202,350.7664150893356,23.45034843204536
2026-09-04 08:46:40.373844,101.51199911878633,-27.160592782284876,351.43988445405404,24.295443635955177
2026-09-04 08:46:40.473665,102.58408122530732,-27.321966675246756,350.8925274651244,24.362606049064183
2026-09-04 08:46:40.575082,103.67469506876377,-27.496800600713673,350.72229017789164,24.416663335954055
2026-09-04 08:46:40.673450,104.73435822890193,-27.669903821841938,350.8213617426422,24.447606875682045
2026-09-04 08:46:40.774046,105.97084564254313,-27.86974554928467,350.86639085425276,25.12149070328533
2026-09-04 08:46:40.998574,108.57867948771343,-28.289111147553605,351.017146793317,25.79415255574652
2026-09-04 08:46:41.091535,109.63746728613089,-28.456481865841614,350.97553528582233,25.78846648214293
2026-09-04 08:46:41.197786,110.97047844656284,-28.668403858945698,350.7971837077715,26.25591784324802
2026-09-04 08:46:41.290686,112.04685183583207,-28.84279260288021,350.8907481633397,26.22182378846545
2026-09-04 08:46:41.399200,113.30283265967418,-29.04417615475806,351.0243249922438,26.227512981546607
2026-09-04 08:46:41.495556,114.41874825733072,-29.220434206803574,350.93806261520064,26.253613798867203
2026-09-04 08:46:41.601315,115.8140780486725,-29.443076840744414,350.6540214740917,26.986892884454193
2026-09-04 08:46:41.706467,117.06581552152512,-29.64908827536233,350.4775146633292,26.874796651454908
2026-09-04 08:46:41.802748,118.34447120051624,-29.86278818166508,351.15630212759635,27.597458708832033
2026-09-04 08:46:41.903395,119.57140810021113,-30.053686338226793,351.30272093261294,27.659020681054876
2026-09-04 08:46:42.003428,120.79406223333055,-30.240719289251256,351.425857955723,27.677376604532082
2026-09-04 08:46:42.095666,121.92255838249945,-30.41086737477739,351.8387367143736,27.73540706601204
2026-09-04 08:46:42.196118,123.29070882810787,-30.608722112370984,351.77128973419724,28.437200244347096
2026-09-04 08:46:42.297009,124.5600876613461,-30.79229172316514,351.66967712400645,28.381660148312623
2026-09-04 08:46:42.396831,125.93402848742178,-30.994209875430723,351.133485314406,28.954780029296078
2026-09-04 08:46:42.504517,127.31125340768843,-31.209052990011497,351.1937387647248,29.02064749221886
2026-09-04 08:46:42.603886,128.58520924884306,-31.406414329718206,350.84901971443674,28.98504762105241
2026-09-04 08:46:42.703831,129.86376184708632,-31.612372251774147,350.7707287246241,28.97456774928478
2026-09-04 08:46:42.804112,131.28355403636584,-31.84218640214914,350.6585084499178,29.65475872717775
2026-09-04 08:46:42.888262,132.3843249424987,-32.02326316319661,350.72442657281266,29.652552810900684
2026-09-04 08:46:42.996259,133.93005881328907,-32.27504080801733,350.5552296739877,30.179961379866523
2026-09-04 08:46:43.093813,135.22838162108727,-32.49101918978616,350.5770633945917,30.177404089830958
2026-09-04 08:46:43.194425,136.69450135557256,-32.733662418309315,350.4306955067264,30.695615396939754
2026-09-04 08:46:43.295198,138.05808371743365,-32.96354375874079,350.5998517837441,30.72115157134529
2026-09-04 08:46:43.395186,139.41283767293115,-33.18782542231788,350.454391675882,30.778815664603165
2026-09-04 08:46:43.504062,140.89015960857944,-33.43625339320079,350.1863468001284,30.769302044457316
2026-09-04 08:46:43.603506,142.3796470651432,-33.69280733591734,350.15296171322836,31.486419677502983
2026-09-04 08:46:43.703421,143.7653006171207,-33.93332295501473,349.89579710457383,31.31879206028752
2026-09-04 08:46:43.803936,145.15075972542618,-34.18021566541536,349.32213821948466,31.080771859005196
2026-09-04 08:46:43.897100,146.4227986347443,-34.42006090533063,349.8851202822543,31.026229165677975
2026-09-04 08:46:43.996314,147.978255475578,-34.696420680188986,350.1848911292331,31.891132984179993
2026-09-04 08:46:44.214857,151.04833394046904,-35.22754908176135,349.7446789265802,31.591320161571836
2026-09-04 08:46:44.313048,152.4128907066446,-35.474432014264,350.0303706786122,31.500372570892033
2026-09-04 08:46:44.413633,154.0557734248991,-35.762876644543915,349.9515783507297,32.45013138832035
2026-09-04 08:46:44.520641,155.58427423375605,-36.03372470079035,350.1072509836667,32.43143060091878
2026-09-04 08:46:44.622062,157.21212567287716,-36.31768600541835,349.93700698208517,33.09796193991359
2026-09-04 08:46:44.721744,158.66434220189362,-36.57539754048113,350.14895190391144,33.118866528988384
2026-09-04 08:46:44.821914,160.12553845147121,-36.829130870288445,350.21620953946405,33.1442499014215
2026-09-04 08:46:44.913535,161.46332507952053,-37.05981699891421,350.16494492408543,33.16426458306353
2026-09-04 08:46:45.014717,163.10785093926452,-37.345080295590755,350.2102363425442,33.93417404693356
2026-09-04 08:46:45.113903,164.59058572929706,-37.600920267760166,350.03264449295716,33.91077340395419
2026-09-04 08:46:45.213495,166.07756032902998,-37.862240546657475,349.85432570316755,33.95515554816947
2026-09-04 08:46:45.313105,167.56592845613616,-38.1285835877108,350.13299916983254,33.88726470646627
2026-09-04 08:46:45.429886,169.4718013581686,-38.460233982592044,349.5971917567076,34.6473989788927
2026-09-04 08:46:45.528517,170.9743636095571,-38.73608188723719,349.19984597340766,34.714622566966476
2026-09-04 08:46:45.640795,172.81602199885404,-39.08582133673647,349.1998459734077,35.2075263606272
2026-09-04 08:46:45.720282,174.04492127463902,-39.32024983492445,349.7157593294957,35.198497080878745
2026-09-04 08:46:45.819829,175.58614160345178,-39.59989914392536,349.2701637854966,35.0158296496925
2026-09-04 08:46:45.914983,177.04959021523243,-39.87720999233158,349.216922353819,34.91356022539601
2026-09-04 08:46:46.015648,178.7828501931559,-40.205927827078156,349.3408373461853,35.687280668629896
2026-09-04 08:46:46.113988,180.32466011020412,-40.496117834746435,349.15375543549317,35.63056699367911
2026-09-04 08:46:46.214730,181.90064184666755,-40.79807092663112,349.3566805244672,35.57863006899117
2026-09-04 08:46:46.315521,183.47615029219511,-41.09415240267797,349.00702844185,35.66494014121624
2026-09-04 08:46:46.415014,185.03332499163085,-41.39663827173621,348.9958945961643,35.71884127072926
2026-09-04 08:46:46.515030,102.04128773942317,-146.6961277807533,251.25326225712922,32.478555874307936
2026-09-04 08:46:46.626933,101.7177746890661,-148.37441298751475,250.45882728651017,34.98789539947945
2026-09-04 08:46:46.717918,101.24177183988611,-149.71554001270437,250.3162827728657,34.915547680665135
2026-09-04 08:46:46.825780,100.6746955372704,-151.30074204504888,250.09901583408225,34.852400070132525
2026-09-04 08:46:46.918192,100.18458785313813,-152.65457691675417,250.2024302398706,34.87016504921717
2026-09-04 08:46:47.013987,99.67922096928874,-154.27414848690486,250.1136039258718,36.310917817919865
2026-09-04 08:46:47.113411,99.13024498988091,-155.79180366669917,249.90220756637206,36.29614872566861
2026-09-04 08:46:47.214556,98.56630327477532,-157.33303082928916,249.8682514240741,36.31736012453673
2026-09-04 08:46:47.314294,98.00898028892347,-158.8533765413446,249.8682514240741,36.37226549863636
2026-09-04 08:46:47.414597,97.40166395738493,-160.58522948209242,249.81306412823662,37.355417733578534
2026-09-04 08:46:47.527151,96.75305044250588,-162.34935054306402,249.8886368137911,37.253133681815825
2026-09-04 08:46:47.624911,96.19324865487383,-163.87814127514613,249.92145655249345,37.18137835790745
2026-09-04 08:46:47.725909,95.61692219805335,-165.45485667215408,249.96666560826893,37.221091928700886
2026-09-04 08:46:47.826177,95.04538683196493,-167.0222991610601,249.6861512908755,37.385807194672616
2026-09-04 08:46:47.913869,94.53658844998087,-168.3967388546212,249.50951287886943,37.44021133775824
2026-09-04 08:46:48.134854,93.12499085150935,-172.2095272238596,250.90823614640954,38.01766498482946
2026-09-04 08:46:48.231021,92.59040849905149,-173.7540269448794,250.1011126266193,38.08068826189918
2026-09-04 08:46:48.329920,92.01737074528397,-175.33712231590494,250.09004525299028,38.02192384065053
2026-09-04 08:46:48.432466,91.3386399177752,-177.2225309189384,250.37195630765777,38.71547043837237
2026-09-04 08:46:48.540540,90.71032340070491,-178.98431949747047,251.18226164560988,38.57287296736866
2026-09-04 08:46:48.640654,60.35858118506499,-171.99553134954107,197.33840783473713,38.647904511937455
2026-09-04 08:46:48.741295,58.698799087553944,-172.51371671996415,197.04558768201179,38.71473924009377
2026-09-04 08:46:48.840194,57.06234003188986,-173.0154565709316,196.9459813193505,38.6758510201498
2026-09-04 08:46:48.932852,55.52987535685063,-173.48239863302695,196.6038053288074,38.54063970306968
2026-09-04 08:46:49.033548,53.867302670829496,-173.9781533132531,195.9615026307812,38.43329374409509
2026-09-04 08:46:49.132990,52.22463751617713,-174.4479857295101,196.33985933940534,38.362041695900295
2026-09-04 08:46:49.234350,50.30871455583633,-175.0792554528454,196.59328249040595,39.43903200002734
2026-09-04 08:46:49.334213,48.621368601038,-175.58205972629509,196.63798349376154,39.36660569134971
2026-09-04 08:46:49.441307,46.81558676770298,-176.1216904384243,196.72187458649245,39.40497311582515
2026-09-04 08:46:49.542013,45.11660773248986,-176.63211568328197,196.85710963582787,39.47889078818109
2026-09-04 08:46:49.640976,43.44509321767695,-177.13859417162297,196.6134698525955,39.48580872337705
2026-09-04 08:46:49.742239,41.73224263524652,-177.64965560458688,196.6134698525955,39.430063842815464
2026-09-04 08:46:49.834117,40.180332155334646,-178.11269750785092,196.54149807249647,39.32328706179475
2026-09-04 08:46:49.934214,38.49354251135262,-178.61367654892297,196.3958793940883,39.22707547068993
2026-09-04 08:46:50.034231,36.810961042254746,-179.1087557182456,196.36230194108308,39.25329402425896
2026-09-04 08:46:50.133216,35.14434081745253,-179.59807740795154,196.26260896331758,39.180639556817574
2026-09-04 08:46:50.233531,33.457594774214385,-180.09012180552753,196.34118978920233,39.04740308748597
2026-09-04 08:46:50.334496,31.766370861967665,-180.5859903452489,196.3298912181505,39.05534320644904
2026-09-04 08:46:50.439179,30.01241029587045,-181.0998777461225,195.86130574262174,38.89801077394859
2026-09-04 08:46:50.539456,28.33508683750741,-181.5764514530468,196.0184078604953,38.79549260408404
2026-09-04 08:46:50.638613,26.68216378263989,-182.05099427672295,196.52883514569496,38.550290911072786
2026-09-04 08:46:50.738289,25.03537914232407,-182.5396957380456,195.88188432755575,38.51196813794286
2026-09-04 08:46:50.834899,23.43559442975625,-182.99485958955952,196.69272591819427,38.70444147645843
2026-09-04 08:46:50.931378,21.8366198740141,-183.47435368217836,196.78989497210986,38.67409215788515
2026-09-04 08:46:51.031182,20.184679065287213,-183.97278613072947,197.05794253360315,38.60868536403001
2026-09-04 08:46:51.132142,18.518803580188084,-184.48393809737806,196.8206842916257,38.416367562491
2026-09-04 08:46:51.237991,16.77876459279907,-185.00997234588107,196.87990988699366,38.34144969125744
2026-09-04 08:46:51.337991,15.138596029646697,-185.5076655296571,197.26038967282273,38.37727562405988
2026-09-04 08:46:51.438499,13.491916308992439,-186.01930058072384,197.26038967282273,38.43611784874894
2026-09-04 08:46:51.545995,11.728047887186094,-186.56734699117416,196.99574225774492,38.32715863928223
2026-09-04 08:46:51.637344,10.231250599820914,-187.02484222242188,196.7401801404236,38.24254832406995
2026-09-04 08:46:51.732814,8.668269686052994,-187.4949539577318,196.5051398717859,38.32263343949586
2026-09-04 08:46:51.833196,7.019412672633526,-187.9835285542274,196.59500651145905,38.23491932275015
2026-09-04 08:46:51.933866,5.370378591002739,-188.4749704786546,196.3471642170864,38.040514966456534
2026-09-04 08:46:52.033973,3.736816452656729,-188.95411751483317,196.36956932880403,38.02651915511974
2026-09-04 08:46:52.133446,2.114383475795763,-189.4306893125747,196.32504289852668,37.95524489484662
2026-09-04 08:46:52.233674,0.4823283117966002,-189.90871007798987,195.8876151364711,38.008668420985224
2026-09-04 08:46:52.333640,-1.1513492909751368,-190.37369362376293,195.93236224502425,38.008668420985224
2026-09-04 08:46:52.433249,-2.7788303366531424,-190.83828779251314,195.5979574422009,38.015631514332576
2026-09-04 08:46:52.533341,47.439421839609665,-249.59855364734182,261.943426790665,24.218774601636966
2026-09-04 08:46:52.633211,47.28788116383227,-250.66915032865808,262.37929212367067,24.270261972034472
2026-09-04 08:46:52.733048,47.14423176916863,-251.7427923500294,261.91005378959176,24.230132540803485
2026-09-04 08:46:52.833041,46.9918086756498,-252.81512167835712,261.9771925811642,24.293915712122047
2026-09-04 08:46:52.933388,46.83970772991787,-253.894259072846,261.8312102088431,24.287777864767783
2026-09-04 08:46:53.032937,46.686128017000385,-254.96415642564457,262.42163616665886,24.260812130787045
2026-09-04 08:46:53.132996,46.54301021711429,-256.0398729261242,262.25367840096646,24.290538969408868
2026-09-04 08:46:53.233248,46.39627795697361,-257.11855945797765,262.76974238228735,24.418435732002816
2026-09-04 08:46:53.333809,46.258121340216995,-258.20755639227286,262.35336802155734,24.42722278475537
2026-09-04 08:46:53.433300,46.11355677963805,-259.28433164942857,262.35336802155734,24.3915792059509
2026-09-04 08:46:53.540268,56.8925435012255,-263.3583674376018,298.82313191130385,22.829503605951963
2026-09-04 08:46:53.639330,57.379952748406374,-264.2441143125826,299.0448441968556,22.7862232577169
2026-09-04 08:46:53.737988,57.86785736003624,-265.1226951116326,299.05588460118213,22.725877881743838
2026-09-04 08:46:53.839704,58.369726935293215,-266.0260127920149,298.47537137275134,22.724100286338505
2026-09-04 08:46:53.938571,58.84858117624982,-266.90885736354653,298.35366965368036,22.732739316822357
2026-09-04 08:46:54.039010,59.33332732790171,-267.80711193580845,298.3424299450895,22.651118867939147
2026-09-04 08:46:54.138835,59.813205823007436,-268.69676407614463,298.48765292452043,22.65199114202256
2026-09-04 08:46:54.239365,60.298761389676045,-269.5915059379737,298.53265249260204,22.623002806946282
2026-09-04 08:46:54.347899,60.82306261927271,-270.5558377067323,298.39905104441766,22.676111728966685
2026-09-04 08:46:54.447206,62.54183934136683,-278.6364726494698,303.111248505374,37.46657859731138
2026-09-04 08:46:54.548302,63.466811993490566,-280.0547691052955,302.81710450680566,37.402975228485325
2026-09-04 08:46:54.647889,64.36925900907453,-281.45417511224224,303.0177030737952,37.40384542291703
2026-09-04 08:46:54.748324,65.28434740131753,-282.8623349468749,303.1638134663736,37.32310582886504
2026-09-04 08:46:54.840221,66.1231124387074,-284.1458708189756,303.3900572661746,37.285364877621866
2026-09-04 08:46:54.940044,67.03879134594423,-285.53509528749487,302.79800621205015,37.17982182813245
2026-09-04 08:46:55.041002,67.94773381138619,-286.9456057026917,302.75281506120575,37.127773545959705
2026-09-04 08:46:55.139590,68.83301103345012,-288.32177468002,302.7086847775289,36.9244677735456
2026-09-04 08:46:55.239991,69.72855762272306,-289.7162668593703,303.11316119963857,36.73409211329987
2026-09-04 08:46:55.341089,70.63551105496484,-291.1068322904634,302.8755786545966,36.70847358293906
2026-09-04 08:46:55.455923,71.65841832512322,-292.68948492737877,302.8884292474571,36.76767555242166
2026-09-04 08:46:55.545980,72.46219197932295,-293.9324801683638,303.0194419783222,36.736985634083815
2026-09-04 08:46:55.657313,73.4585362350192,-295.4655766244951,303.1938653265398,36.73309430864313
2026-09-04 08:46:55.744048,74.2382971897607,-296.65745476932335,303.2715145364784,36.69747332639043
2026-09-04 08:46:55.845958,76.13284294182911,-299.72152321894356,303.89424264710107,40.09005719985967
2026-09-04 08:46:55.940673,77.0794563338454,-301.1305383796647,304.35000651337646,40.24565027458453
2026-09-04 08:46:56.041578,78.17365418855847,-302.7433644294656,305.151320045483,40.711393184432595
2026-09-04 08:46:56.140907,79.21444437155469,-304.22144307774533,305.5292468119491,40.92924612928932
2026-09-04 08:46:56.241825,80.34144743716173,-305.80848328570823,305.4302907805848,41.257357884537136
2026-09-04 08:46:56.363895,81.64662335762449,-307.64298948819066,305.1844045999346,41.14855941991428
2026-09-04 08:46:56.443591,82.49135398641438,-308.84116374006726,305.3270997388119,41.094937680248925
2026-09-04 08:46:56.553456,83.65844543650776,-310.487854084099,305.4377505344093,40.979737208814605
2026-09-04 08:46:56.645192,84.63286754606519,-311.85708772810574,305.4685479111441,40.909998692686294
2026-09-04 08:46:56.752459,85.778927121533,-313.4660393259356,305.661675349216,40.95635056350785
2026-09-04 08:46:56.854159,86.86449146097756,-314.97889634684003,305.67305617104506,40.94746398456636
2026-09-04 08:46:56.963409,88.03071556700037,-316.60348053662284,305.67305617104506,40.85868339096736
2026-09-04 08:46:57.043630,88.88520362647559,-317.7938073225403,305.798736925335,40.86359020684234
2026-09-04 08:46:57.164264,90.17423593255943,-319.5811777424006,305.93373339146353,40.76555855349476
2026-09-04 08:46:57.251567,91.10791032365103,-320.8694008556888,305.884884822725,40.59162728476042
2026-09-04 08:46:57.374565,92.41617635985489,-322.67770364988706,305.8986490146948,40.52606689377192
2026-09-04 08:46:57.452518,93.24425773430275,-323.821709991724,305.74162791663446,40.43615432302881
2026-09-04 08:46:57.566999,94.45307304632409,-325.5013779473452,305.62632810567754,40.29710724565598
2026-09-04 08:46:57.660718,95.43649805959093,-326.87367877799807,305.4899879863759,40.18491525255972
2026-09-04 08:46:57.750787,96.37585880044213,-328.19110085506156,305.3891955339352,40.0235749554806
2026-09-04 08:46:57.860468,97.51235454655398,-329.79094455532294,305.0455251530804,39.970863168294336
2026-09-04 08:46:57.961233,98.5462659449901,-331.26502882494606,304.8087251654332,39.972624143962065
2026-09-04 08:46:58.051368,99.4656899658666,-332.5874768535029,304.6372524379547,40.03405714282682
2026-09-04 08:46:58.160841,100.57926859355742,-334.19945767598955,304.6495031037177,39.99962031250962
2026-09-04 08:46:58.258582,101.5729594597656,-335.6372353341016,304.5838763835764,39.98937154422267
2026-09-04 08:46:58.349439,102.49489591580078,-336.97446324204816,304.33985813486294,39.99731065831201
2026-09-04 08:46:58.461020,103.62034015061434,-338.62183988652095,304.05266718056896,39.95148573387851
2026-09-04 08:46:58.560567,104.61588404737103,-340.09487185174277,303.8744289629693,39.98888906502617
2026-09-04 08:46:58.659452,105.60117235865414,-341.56255005395207,303.89656057686443,40.12109029597026
2026-09-04 08:46:58.760335,106.68033099304547,-343.1639158173611,303.51379600529833,40.31591542913549
2026-09-04 08:46:58.859250,107.66464238624084,-344.6502703862749,303.2813435587334,40.295171689760934
2026-09-04 08:46:58.960381,108.6643171610451,-346.1732102221754,302.862609104273,40.26070793756594
2026-09-04 08:46:59.058587,109.62342344364518,-347.6578863963915,302.8516192813768,40.26414044640184
2026-09-04 08:46:59.159530,110.60905130255762,-349.18425966396524,302.7725465175102,40.293247872121576
2026-09-04 08:46:59.257820,111.56741497832667,-350.67291501488825,302.7725465175102,40.31901370823244
2026-09-04 08:46:59.359447,112.5589492715453,-352.21309529148226,302.69293794858044,40.235539826560775
2026-09-04 08:46:59.460176,113.53756984525715,-353.7378668580362,302.6140328196312,39.976768886739954
2026-09-04 08:46:59.561340,114.51435884810621,-355.2641994803086,302.3536728776164,39.79471544360561
2026-09-04 08:46:59.660677,115.46005894015694,-356.75705105740093,302.27585815897106,39.60982932987697
2026-09-04 08:46:59.753889,116.3071427291329,-358.1014556663881,302.1817384800797,39.26516375189015
2026-09-04 08:46:59.860676,117.30548321656302,-359.6879145971409,302.19368856681183,39.05334817575322
2026-09-04 08:46:59.961932,118.24732040135464,-361.1838920955568,302.1710262955213,38.920631444588224
2026-09-04 08:47:00.060540,119.1608357670259,-362.636158024485,301.97239973288055,38.88788912846439
2026-09-04 08:47:00.160490,120.03105627356473,-364.03422693979974,302.10638571866275,38.78765317491534
2026-09-04 08:47:00.250687,120.86230218359823,-365.35901844443856,301.70264295110485,38.879077914591875
2026-09-04 08:47:00.361635,121.87566168652246,-366.99961802899344,301.80196876587695,39.03516213664136
2026-09-04 08:47:00.462132,122.79983563543459,-368.4900436647843,301.9369231554174,39.23186684986612
2026-09-04 08:47:00.559878,123.70667002185168,-369.9448434547591,301.9259848091981,39.41635411610628
2026-09-04 08:47:00.657409,124.6154863052466,-371.40344295375553,301.7622705121759,39.60640119138198
2026-09-04 08:47:00.757997,125.55298471546894,-372.91769867381294,301.36829712264824,39.77340001978659
2026-09-04 08:47:00.852241,126.42524206945198,-374.34846521742156,301.6530513277257,39.81210485464477
2026-09-04 08:47:00.959398,127.42605898824404,-375.9718998533055,302.1207195112531,39.9291475217579
2026-09-04 08:47:01.059410,128.3752621682481,-377.48384452070445,301.9864164135813,40.0812075303701
2026-09-04 08:47:01.159431,129.0263014236043,-378.5315962122686,301.90763990224826,38.869079612521965
2026-09-04 08:47:01.258693,129.9379364430536,-379.99576390315076,301.19672819399483,38.949743587641635
2026-09-04 08:47:01.348692,130.74964499807987,-381.3362267762446,300.93487148624024,38.876607069167335
2026-09-04 08:47:01.450826,131.66212164874526,-382.8587604908069,300.9805890420589,38.93372388198051
2026-09-04 08:47:01.550594,37.6047804070182,-419.15294963475094,246.06686396482326,37.4945257512617
2026-09-04 08:47:01.650108,36.92811869197298,-420.67754253003153,245.88868483349626,37.624959234562965
2026-09-04 08:47:01.750176,36.2405420643563,-422.213825295812,245.88868483349626,37.61534086288482
2026-09-04 08:47:01.850843,35.5490264743824,-423.75890905880703,245.94501094908458,37.52122029166915
2026-09-04 08:47:01.950804,34.865583641262404,-425.2899904498546,246.15754908365926,37.483661406068876
2026-09-04 08:47:02.050514,34.19020360203679,-426.81821438159693,246.16870721290778,37.57950101913482
2026-09-04 08:47:02.149460,33.52932443029039,-428.25843803726707,246.1034938864703,37.49194504727904
2026-09-04 08:47:02.252309,32.831041401950905,-429.83446271059984,245.6776460266964,37.37062083167473
2026-09-04 08:47:02.351951,32.14542815546086,-431.3513495168143,245.24277576023653,37.302708179842675
2026-09-04 08:47:02.451685,31.448946081804802,-432.86163503909523,245.23161494524834,37.18157260961965
2026-09-04 08:47:02.553206,20.36568323384651,-425.8649898442885,204.55942720640033,36.66650050583167
2026-09-04 08:47:02.652803,18.880843952885407,-426.54353089887803,204.61515462585507,36.69173867838055
2026-09-04 08:47:02.752648,17.386859946257438,-427.23216714024466,204.4079468552036,36.662954283380266
2026-09-04 08:47:02.853604,15.880092627308162,-427.91591911563745,204.26107852451065,36.581795857959726
2026-09-04 08:47:02.952970,14.39862254556634,-428.5836173359372,204.10540365345722,36.55487969483674
2026-09-04 08:47:03.067808,12.685647912984708,-429.35006180651095,203.97689324861886,36.46256154377643
2026-09-04 08:47:03.155587,11.378296655797351,-429.93150044704174,203.9277783440302,36.3751217488196
2026-09-04 08:47:03.257276,9.866830950235542,-430.60216673685545,203.8367416171098,36.40266716386915
2026-09-04 08:47:03.357914,8.36880064668786,-431.2640246488368,203.67907392722518,36.34199007471046
2026-09-04 08:47:03.455520,6.916566409396489,-431.9008784087171,203.52615641556082,36.174824734360605
2026-09-04 08:47:03.558342,5.391985796902529,-432.56461267083813,203.48013089492727,36.10923701080679
2026-09-04 08:47:03.656819,3.933968264802478,-433.1979756219545,203.46911074555402,36.05846779307739
2026-09-04 08:47:03.757250,2.4489870607760373,-433.84271210773557,203.61521531902983,36.04091640645651
2026-09-04 08:47:03.857204,0.973418475194296,-434.48783886680843,203.53691727915063,35.956196481365915
2026-09-04 08:47:03.957810,-0.5460321632123725,-435.1512860864979,203.3185254394166,35.939975795727726
2026-09-04 08:47:04.057822,-2.0216353443942547,-435.787346892591,203.04991924407304,35.869189239994455
2026-09-04 08:47:04.157256,-3.4887637644120693,-436.4116150731635,202.86075610895242,35.86397609491795
2026-09-04 08:47:04.255579,-4.941318558982375,-437.0240261475764,203.00379401535446,35.88545483388705
2026-09-04 08:47:04.350727,-6.346325202932745,-437.620525887709,203.0357368600563,35.93035077440692
2026-09-04 08:47:04.457134,-7.919181485766835,-438.2893218682948,203.13099736022266,35.93871886472042
2026-09-04 08:47:04.565337,-9.517824671811775,-438.97222343298716,203.31262554080823,35.91697279438835
2026-09-04 08:47:04.656255,-10.858453530054632,-439.54993967829824,202.95652667584346,35.93445057182437
2026-09-04 08:47:04.764479,-12.459289315448599,-440.2280211247932,202.71430876795193,35.985516471967536
2026-09-04 08:47:04.855681,-13.812662003561723,-440.79454635128303,202.40812773182972,35.92016853749858
2026-09-04 08:47:04.964286,-15.424931777481982,-441.45934357792504,202.37166713729448,35.82811611874131
2026-09-04 08:47:05.062556,-16.880418703319943,-442.058410156331,202.30568522808255,35.876202559551984
2026-09-04 08:47:05.163274,-18.374872369078894,-442.6715035118129,202.27187243713922,35.8700420195276
2026-09-04 08:47:05.263835,-19.867101174220817,-443.28265553421363,202.21560563163516,35.83752992434317
2026-09-04 08:47:05.351686,-21.17006739722625,-443.81480023785355,202.25492978418205,35.79300652109626
2026-09-04 08:47:05.452181,-22.658294326191232,-444.42379943489806,202.3786355126661,35.785103364010205
2026-09-04 08:47:05.567600,-24.365639058519314,-445.12677147629944,202.3011391660768,35.81939355266782
2026-09-04 08:47:05.665569,-25.817048462628303,-445.7220715662243,202.34499237094488,35.838226791164374
2026-09-04 08:47:05.765326,-27.295259491773816,-446.32968656876983,202.25568526036852,35.884425825716654
2026-09-04 08:47:05.866281,-28.794108952517252,-446.9430556979768,202.3008750683431,35.89148301019679
2026-09-04 08:47:05.967445,-30.295871420732816,-447.5590001673935,202.64050027763966,35.92595800823947
2026-09-04 08:47:06.067652,-31.781210102753853,-448.1785192039787,202.58443154543588,36.00476308930045
2026-09-04 08:47:06.166145,-33.24494158129753,-448.78734522345246,202.46319020690578,35.908371966582116
2026-09-04 08:47:06.265926,-34.7251428219908,-449.3993508315991,202.27336693935675,35.90662818736214
2026-09-04 08:47:06.366912,-36.225190646919216,-450.01375087523684,202.20556141291252,35.81838629346002
2026-09-04 08:47:06.451046,-37.472450716165014,-450.5228895141973,202.28088208656177,35.759573044086366
2026-09-04 08:47:06.568390,-39.20824873242818,-451.2341156479947,202.43845980416765,35.759573044086366
2026-09-04 08:47:06.666402,-40.65644101881691,-451.8321549936887,201.9229584853065,35.86320131979995
2026-09-04 08:47:06.766917,-41.870976364889195,-452.3189222684124,201.53226569474907,35.51031811847785
2026-09-04 08:47:06.866309,-43.338664762367515,-452.8980150799603,201.43216280596727,35.49815925126238
2026-09-04 08:47:06.965766,-44.999875263880476,-453.55297189225485,201.75309546953235,35.69997426776619
2026-09-04 08:47:07.066224,-46.488948736959166,-454.1471452248368,202.337670879206,35.56567006330462
2026-09-04 08:47:07.165891,-47.95467116541441,-454.7494078886924,202.69457703275165,35.593538654482145
2026-09-04 08:47:07.266153,-49.426493583840646,-455.3649208675148,202.3691998961878,35.85373815774248
2026-09-04 08:47:07.366787,-50.858844299511226,-455.9546383611893,201.42365638642286,35.537395000483826
2026-09-04 08:47:07.596697,-54.2589720772119,-457.2887535862916,201.24355851791708,35.46708136453962
2026-09-04 08:47:07.694323,-55.70167162110006,-457.84960203962737,201.30910802304297,35.36300814821669
2026-09-04 08:47:07.793902,-57.1682606423942,-458.42166979713164,201.53197741476694,35.25685295586813
2026-09-04 08:47:07.894128,-58.6377034008513,-459.00144626696965,201.84602184900402,35.36807676623745
2026-09-04 08:47:07.994595,-60.11210859931006,-459.5925404646866,201.77856479728126,35.412848845148176
2026-09-04 08:47:08.084357,-61.4317015898415,-460.1197674339646,201.39685897129527,35.34774835428047
2026-09-04 08:47:08.184182,-62.900399594464425,-460.6952510083484,201.4750559602196,35.395723428868315
2026-09-04 08:47:08.284375,-64.37572183735965,-461.27565407086854,201.27323672455248,35.32305778548349
2026-09-04 08:47:08.384481,-65.8487662088476,-461.8491775539225,201.21722450478745,35.351923858010565
2026-09-04 08:47:08.494822,-67.47436160757181,-462.4802667363716,201.35305030494328,35.3451747153863
2026-09-04 08:47:08.593616,-60.099002091163726,-479.5756524503721,214.4566899776024,35.11607949312987
2026-09-04 08:47:08.694171,-61.40059518109599,-480.46876473183704,214.68174377092026,35.07214685077683
2026-09-04 08:47:08.794549,-62.69476412254465,-481.3642798510372,214.535716300554,35.083549231576086
2026-09-04 08:47:08.893659,-63.97525034430553,-482.245509405743,214.4802613717694,35.1658217386504
2026-09-04 08:47:09.006179,-65.43337073657081,-483.24690835597596,214.4802613717694,35.23759558718744
2026-09-04 08:47:09.092980,-66.5605004154418,-484.02099154086596,214.36369892745265,35.17615952127332
2026-09-04 08:47:09.186546,-67.77504884894135,-484.8514804241551,214.5521693655514,35.13037488790717
2026-09-04 08:47:09.287315,-69.07844907266826,-485.7490310376038,214.7889787532874,35.095153976467486
2026-09-04 08:47:09.387006,-70.36293578982789,-486.64140617917855,214.80013475632538,35.1674555409947
2026-09-04 08:47:09.488811,-73.17496707698461,-486.0617792224668,208.580357939368,35.38270279823903
2026-09-04 08:47:09.587100,-74.54020876628068,-486.8055261107522,208.56935882828878,35.376690830979385
2026-09-04 08:47:09.687297,-75.9318617447833,-487.5633147512968,208.4684451818457,35.29001389246437
2026-09-04 08:47:09.788264,-77.33211293621116,-488.32259090598245,208.53623795102655,35.247665752476905
2026-09-04 08:47:09.887658,-78.70801071224477,-489.0707695895435,208.46950134896886,35.23463813260508
2026-09-04 08:47:09.987428,-80.08947644221097,-489.8198924158552,208.45833650537116,35.297407264002715
2026-09-04 08:47:10.086667,-81.46618303960719,-490.5660874047787,208.2584389164341,35.45002629697516
2026-09-04 08:47:10.187324,-82.87124215299264,-491.3213196153712,208.10074145960152,35.3101787808832
2026-09-04 08:47:10.287105,-84.26062585842539,-492.0632045308134,208.45805584557618,35.21950226144422
2026-09-04 08:47:10.382243,-85.57753130189501,-492.7769780791163,208.73486473747894,35.279357224087384
2026-09-04 08:47:10.483778,-88.51290228088686,-492.5699044389214,204.39082682170965,35.92593755754413
2026-09-04 08:47:10.586005,-90.00817080019615,-493.24789968582235,204.33362784073032,35.87323505014826
2026-09-04 08:47:10.683629,-91.434661458887,-493.8929930979335,204.2790043721836,35.90479759209081
2026-09-04 08:47:10.782237,-92.87741923737444,-494.54378684796944,204.3010739902548,35.82294180178122
2026-09-04 08:47:10.885244,-94.38084255122614,-495.22264242976235,204.42787190033945,35.767136934627274
2026-09-04 08:47:10.984995,-95.83301926536613,-495.8822309722362,204.50601092204934,35.84035364202482
2026-09-04 08:47:11.085603,-97.29975991491561,-496.5508490395209,204.24706264653997,35.87024358475926
2026-09-04 08:47:11.185676,-98.36705816331946,-497.0066060851244,203.9815009265066,35.02252739905058
2026-09-04 08:47:11.285856,-99.8001283500581,-497.64409570561384,203.83576150171936,34.93761591881391
2026-09-04 08:47:11.386243,-101.31987546980088,-498.32086173281954,204.37646367223502,35.21545331701454
2026-09-04 08:47:11.926708,-107.37620867084833,-500.9658905478528,203.94998941622566,34.22957384150339
2026-09-04 08:47:12.026581,-108.77288158510306,-501.5862692178098,203.9388130463286,34.01140046426086
2026-09-04 08:47:12.127096,-110.16969415462566,-502.20638372238676,203.92756483289546,33.791824632819605
2026-09-04 08:47:12.226840,-111.54696389856666,-502.8174985502987,203.91640289884907,33.57393305712168
2026-09-04 08:47:12.326939,-112.92034185912601,-503.4265663369946,203.9052012382368,33.355265981049065
2026-09-04 08:47:12.427324,-114.28879203897878,-504.03312861291664,203.8939675725602,33.13597413566051
2026-09-04 08:47:12.527488,-116.47299144249656,-505.105925337033,204.2262487635815,33.12047747702408
2026-09-04 08:47:12.628520,-117.83714885038346,-505.7197533241825,204.21494269483978,32.89977225489631
2026-09-04 08:47:12.738141,-119.3075442964709,-506.38103622507026,204.20267546701555,32.66030429271731
2026-09-04 08:47:12.832113,-120.55897844153276,-506.94352327083345,204.1921594533585,32.45502169775937
2026-09-04 08:47:12.930510,-121.86121200284123,-507.5285560571591,204.1811482564508,32.24007265446906
2026-09-04 08:47:13.030772,-123.1794535173238,-508.12047602287896,204.16992835519,32.02104950357652
2026-09-04 08:47:13.130746,-124.4850934280415,-508.7064303876897,204.15874068280516,31.80265549101612
2026-09-04 08:47:13.235579,-125.84497232044673,-509.31640752328303,204.147009260044,31.573646953608954
2026-09-04 08:47:13.333269,-127.10318358112639,-509.8804719580792,204.1360771805506,31.360242357543722
2026-09-04 08:47:13.431364,-128.35817897046772,-510.44280714176125,204.1250997792003,31.145953035698923
2026-09-04 08:47:13.532662,-129.64540738358392,-511.0192891056074,204.11376394351063,30.92466673441716
2026-09-04 08:47:13.631436,-130.89175521526627,-511.577166787187,204.102710558109,30.708894131574013
2026-09-04 08:47:13.732081,-132.15295958492766,-512.1414023710204,204.09144779691937,30.48903431408005
2026-09-04 08:47:13.832076,-133.39715679141884,-512.6977358176832,204.08025777451232,30.270594426849602
2026-09-04 08:47:15.850345,-134.6326095220868,-513.2498697334496,204.4271658145329,30.322148817955544
2026-09-04 08:47:15.936253,-135.69287359890757,-513.7314331282339,204.62905152225676,30.29137147560363
2026-09-04 08:47:16.041923,-136.99362055285238,-514.3277595502883,204.87737836882727,30.4252569186009
2026-09-04 08:47:16.148123,-138.30404826649215,-514.9354110926308,205.0794131351025,30.56538175362685
2026-09-04 08:47:16.241840,-139.463864278846,-515.4782005228234,204.8486886262943,30.671020135049652
2026-09-04 08:47:16.350177,-142.31590899764132,-516.7754639905827,203.9235377710646,33.34051706071532
2026-09-04 08:47:16.436163,-143.4873871774839,-517.2951675311108,203.8176920994448,33.27815513910316
2026-09-04 08:47:16.552125,-145.50692881017713,-518.1887743035974,204.06020023565245,33.92602077351813
2026-09-04 08:47:16.650238,-146.86565697030707,-518.7954304546532,204.14803556089257,33.94402437952934
2026-09-04 08:47:16.749987,-148.24682686411003,-519.4146477708165,204.44942288743076,34.03380020880356
2026-09-04 08:47:16.859403,-149.76225406577507,-520.1036528332402,204.4739114616933,34.17816837216702
2026-09-04 08:47:16.948222,-150.99738790856563,-520.665856699046,204.48385082466316,34.05787236083414
2026-09-04 08:47:17.063767,-152.59839673962202,-521.394933554871,204.65194287733877,34.05686272488154
2026-09-04 08:47:17.162803,-154.00559839286655,-522.0403638086549,204.8179860856725,34.11693132556328
2026-09-04 08:47:17.249253,-155.20233266069113,-522.5937886210041,204.63417518208027,33.9847358180304
2026-09-04 08:47:17.360761,-156.8582732694509,-523.3521857394977,204.7210132654311,34.34902238534314
2026-09-04 08:47:17.437463,-157.92812353679093,-523.844737338417,205.0643492716977,34.436821802761045
2026-09-04 08:47:17.566457,-159.7269401502701,-524.6860001453247,205.5840157251555,34.41315157400635
2026-09-04 08:47:17.666224,-161.11127664645733,-525.3487882710618,205.6175092487962,34.52996838919626
2026-09-04 08:47:17.763815,-162.46963580628884,-526.0001154045635,205.48645723898852,34.64764834722575
2026-09-04 08:47:17.857808,-163.78380975865232,-526.6265629736752,205.3602368748376,34.71088951587117
2026-09-04 08:47:17.956758,-165.07354855175788,-527.2390213929211,205.2829327422054,34.515324046465
2026-09-04 08:47:18.056752,-166.46863620768946,-527.8979679538473,205.1822235476943,34.489985272949205
2026-09-04 08:47:18.160175,-167.94643629622115,-528.5926008546404,205.32105030901042,34.62581367483916
2026-09-04 08:47:18.256600,-169.29561242187296,-529.230960033558,205.1484020108995,34.603064425960426
2026-09-04 08:47:18.345039,-170.53399311093486,-529.8123361532042,204.91087788069524,34.60460999165365
2026-09-04 08:47:18.459292,-172.1370097658003,-530.5568016587807,205.20494611902393,34.44786960453785
2026-09-04 08:47:18.558001,-173.5123604185982,-531.2041375747903,204.96193166551018,34.44786960453785
2026-09-04 08:47:18.657575,-174.9025206353683,-531.8512557904352,204.77250219453947,34.44786960453785
2026-09-04 08:47:18.758513,-176.31388484341247,-532.5025758221877,204.84027549210774,34.537833554911415
2026-09-04 08:47:18.843503,-177.50470867939316,-533.053829810171,204.99244950150828,34.639575970998344
2026-09-04 08:47:18.960115,-179.14139174921172,-533.816765093003,205.16209379980424,34.759813184111266
2026-09-04 08:47:19.057252,-180.50757566986545,-534.4585387997938,205.35775732015995,34.706339650213295
2026-09-04 08:47:19.158161,-181.9223460942013,-535.1290433823746,205.54972649370106,34.688704728002755
2026-09-04 08:47:19.257618,-183.31382968476896,-535.7942300282607,205.4384283229387,34.65307333001544
2026-09-04 08:47:19.344476,-184.52891987550834,-536.372196299074,205.467588069913,34.600704536814604
2026-09-04 08:47:19.459213,-186.1312063344236,-537.1353354187578,205.8912994237836,34.470369705899024
2026-09-04 08:47:19.560903,-187.5409224147405,-537.8195922433438,205.98233704595057,34.401949776334554
2026-09-04 08:47:19.659375,-188.90226572345387,-538.4830443143908,206.13661130376886,34.47766951058652
2026-09-04 08:47:19.755222,-190.22848832062317,-539.1338052130817,206.1473371408372,34.44081888620168
2026-09-04 08:47:19.856099,-191.62269038559185,-539.8182466565357,206.29409054425366,34.565105661783846
2026-09-04 08:47:19.954410,-192.98461240748762,-540.4911756741357,206.01905121907248,34.505831577319924
2026-09-04 08:47:20.055876,-194.3911428890503,-541.1777654545396,205.81466777346049,34.401211220360814
2026-09-04 08:47:20.156757,-195.78774288997536,-541.8533494123365,206.2097887571657,34.31129807290757
2026-09-04 08:47:20.256436,-197.1594715295091,-542.5286147034427,206.52211924187347,34.32436304786786
2026-09-04 08:47:20.357271,-198.54389108183764,-543.2195282767552,206.70266361459852,34.46798226573707
2026-09-04 08:47:20.440443,-199.6887745241375,-543.7954113494089,206.20006235097011,34.41492881274629
2026-09-04 08:47:20.547104,-201.16114193633427,-544.5199079243764,206.22393432416794,34.449413081841335
2026-09-04 08:47:20.640833,-202.45602454209126,-545.157741178904,206.39175545285485,34.37078840619709
2026-09-04 08:47:20.749137,-203.94668821415107,-545.8974457166698,206.1372386477922,34.3130602107336
2026-09-04 08:47:20.855947,-205.41754040293353,-546.6191945357174,206.72291901552623,34.39519142382415
2026-09-04 08:47:20.956814,-206.80282128808716,-547.3166126764287,206.50845453417705,34.38814039091882
2026-09-04 08:47:21.056222,-208.17034743296296,-547.9986880327932,206.54182753525032,34.48890150849219
2026-09-04 08:47:21.156429,-209.5525025052505,-548.6890654263516,206.50818629592803,34.467011208197476
2026-09-04 08:47:21.246298,-210.79164188599648,-549.3070986033052,206.1561960531211,34.34686363855886
2026-09-04 08:47:21.356914,-212.31615849012113,-550.0558065853083,206.51517470244133,34.30723442473011
2026-09-04 08:47:21.456474,-213.68247337270924,-550.7374779368109,206.37033723855814,34.29853483968179
2026-09-04 08:47:21.556931,-215.06248254332908,-551.421630166117,206.46027102172292,34.30204602576134
2026-09-04 08:47:21.655946,-216.42176151319828,-552.0981652446408,206.40486924820252,34.28820288532648
2026-09-04 08:47:21.747862,-217.6836825412638,-552.7247219590323,206.37401144232524,34.211099046743804
2026-09-04 08:47:21.848007,-219.05585497048116,-553.4050986752161,206.44125229200498,34.20759876572868
2026-09-04 08:47:21.957098,-220.5495805342324,-554.1479314420565,206.40462853878506,34.20759876572868
2026-09-04 08:47:22.056283,-221.90809988998097,-554.8224431010999,206.18264096491768,34.12613068191627
2026-09-04 08:47:22.156547,-223.2807526858802,-555.497355519455,206.4294837165118,33.98069640869687
2026-09-04 08:47:22.256024,-224.63394214435627,-556.1699527459641,206.21797466785196,33.863349920197514
2026-09-04 08:47:22.348855,-225.89466545224198,-556.7907968695562,206.77894444017787,33.84144859250593
2026-09-04 08:47:22.448891,-227.24574901912945,-557.4726552056221,206.89089054563433,33.91574860620716
2026-09-04 08:47:22.554489,-225.9705433201202,-556.8662713864368,206.89100220505276,31.108067947572245
2026-09-04 08:47:22.664817,-226.00124857686112,-556.9009239856937,206.8910550466113,29.602285646930742
2026-09-04 08:47:22.752252,-226.19139646426413,-557.0089101472022,206.89108704424896,28.52577269031654
2026-09-04 08:47:22.854580,-226.77298931389606,-557.3114522690558,206.89110807719217,27.61903654870401
2026-09-04 08:47:22.954011,-227.86789615319228,-557.8667165718698,206.81321972451767,27.45222093936256
2026-09-04 08:47:23.053430,-228.95680772177138,-558.417080771476,206.82434528917275,27.38446027686592
2026-09-04 08:47:23.155708,-230.07415844788827,-558.9820912763912,206.64121723489026,27.259341090104108
2026-09-04 08:47:23.254049,-231.14531317269203,-559.5194497460894,206.81729611779954,27.214657134250047
2026-09-04 08:47:23.353605,-232.22625027449,-560.0658799971005,207.26293194789363,27.27816155359731
2026-09-04 08:47:23.445589,-233.2233380892387,-560.5796987434379,206.93353851147293,27.299059292054718
2026-09-04 08:47:23.548366,-234.3415579523886,-561.1478273336343,207.1290613662137,27.336778179766107
2026-09-04 08:47:23.646450,-235.40833318595608,-561.6944067544711,206.82172859539867,27.283640387286688
2026-09-04 08:47:23.747375,-236.5068689653547,-562.2498401121005,206.91208135395112,27.289813588720005
2026-09-04 08:47:23.847262,-237.59348401923472,-562.8013995186575,207.15799595867946,27.31076116891417
2026-09-04 08:47:23.948005,-238.6878527326346,-563.3628148269562,207.4285654297179,27.32484589846857
2026-09-04 08:47:24.047903,-239.77095948453385,-563.9249293027756,207.16026540869612,27.306514747313194
2026-09-04 08:47:24.147901,-240.85704431119896,-564.4821492874202,207.18264612494517,27.31787396223244
2026-09-04 08:47:24.247989,-241.9443408107434,-565.0405275454814,207.2946504214277,27.270647064191998
2026-09-04 08:47:24.348149,-243.0294459009525,-565.600463748042,205.77029620748215,27.219885387384554
2026-09-04 08:47:24.448263,-244.12651142099503,-566.1301044535652,206.0391763482715,27.361602886098314
2026-09-04 08:47:24.662481,-247.09743650589536,-624.7791006616337,223.91320277364255,31.439554764037396
2026-09-04 08:47:24.750783,-247.9914864441367,-625.6398610321589,223.91320277364255,31.48430673673559
2026-09-04 08:47:24.856786,-249.06628516645264,-626.6746400829584,223.8420286582239,31.47226538731775
2026-09-04 08:47:25.068348,-251.82191002676723,-629.193247101121,223.5648930580542,34.39412750089495
2026-09-04 08:47:25.164482,-252.8929423901198,-630.2119267850867,223.1776067126683,34.33028582844953
2026-09-04 08:47:25.264340,-254.01051265412053,-631.2605734559363,222.86471535599392,34.238666772408685
2026-09-04 08:47:25.364853,-255.13814339562225,-632.307139256255,223.04468318993761,34.31156449793381
2026-09-04 08:47:25.466371,-256.3433934317707,-633.4278425062683,222.92689548565457,34.562428015076954
2026-09-04 08:47:25.562797,-263.35938925922125,-636.6650512886023,212.0775447869185,35.05681510455947
2026-09-04 08:47:25.665847,-264.74630020022965,-637.5387602335649,213.6384277625371,35.2264516288302
2026-09-04 08:47:25.765441,-266.05204628055407,-638.4075587493306,215.26561939586637,35.235154184809524
2026-09-04 08:47:25.862815,-267.30436061200476,-639.293119022663,215.09127191979428,35.15262103970506
2026-09-04 08:47:25.963155,-268.5945618879054,-640.1995940764702,215.2484727386005,35.18593845816873
2026-09-04 08:47:26.062968,-269.87672207951726,-641.1056840653646,215.3936782607236,35.22256956570385
2026-09-04 08:47:26.285168,-272.7288646238658,-643.1321226821735,215.6671984644069,35.33324024114676
2026-09-04 08:47:26.383163,-273.98637917972445,-644.0346473572113,215.7439619397852,35.34522820992472
2026-09-04 08:47:26.483415,-275.9941355671945,-648.6869371787698,223.18171842084422,35.99601172893084
2026-09-04 08:47:26.585936,-277.1970992794864,-649.8158731993574,223.08993684879013,36.138448988110675
2026-09-04 08:47:26.683749,-278.3510924302266,-650.8953807845376,222.92574919015206,36.20084158895456
2026-09-04 08:47:26.783308,-279.5308619996588,-651.9926787690338,222.93689042162188,36.1408150550454
2026-09-04 08:47:26.884336,-280.7258378658705,-653.1045535128119,223.18561408622784,36.26881901582072
2026-09-04 08:47:26.980230,-281.859496876173,-654.1685946618995,222.74563912391196,36.2378157953315
2026-09-04 08:47:27.074890,-282.9856366354852,-655.2094286055042,222.7668251336335,36.13773159565139
2026-09-04 08:47:27.181775,-284.25326792508247,-656.3819054314719,222.80270829414084,36.055542711547055
2026-09-04 08:47:27.282269,-285.4417037640313,-657.4825134355524,223.00513383553726,35.92733721679267
2026-09-04 08:47:27.493959,-287.78518237934844,-662.7090467403021,228.43499532408728,36.760207558028924
2026-09-04 08:47:27.592898,-288.8639122828096,-663.9255452232708,226.98458299219064,36.768852879896095
2026-09-04 08:47:27.693300,-289.9897542712826,-665.1322118212652,227.2991788983055,36.64515133403331
2026-09-04 08:47:27.794325,-291.11210984188097,-666.3484619303223,227.63833746033535,36.733427306261746
2026-09-04 08:47:27.904487,-292.3310317726066,-667.6851468626901,227.55204307822783,36.72957690976479
2026-09-04 08:47:28.009667,-293.4966274570855,-668.9594932895712,227.5991240945496,36.60826016517817
2026-09-04 08:47:28.110243,-294.60652221755436,-670.1749458312723,227.91426520581643,36.559924166162425
2026-09-04 08:47:28.210936,-295.7095399701725,-671.3962909264118,228.25230918588542,36.693662687883084
2026-09-04 08:47:28.312032,-296.8137428286409,-672.6335460781366,228.3315018008846,36.69101254751533
2026-09-04 08:47:28.401925,-297.79399060349874,-673.7349706940897,228.48239504818255,36.60460887348728
2026-09-04 08:47:28.508756,-298.9527540958255,-675.0439039263628,228.58999014347643,36.64661604671283
2026-09-04 08:47:28.632073,-300.28902826870194,-676.5590757470133,228.92118750170522,36.61213451262192
2026-09-04 08:47:28.712124,-301.14995734430073,-677.546714299866,229.0107692291623,36.55407698945565
2026-09-04 08:47:28.821445,-302.32170690000805,-678.8951697753333,229.13310578994646,36.57604774955262
2026-09-04 08:47:28.918216,-303.3570110227661,-680.0917539142011,229.13310578994646,36.56082716316774
2026-09-04 08:47:29.009130,-304.3292493053412,-681.2154477955994,229.25519145788363,36.57750976218013
2026-09-04 08:47:29.131360,-305.633755144414,-682.7296787761128,229.43300868579084,36.399145462425075
2026-09-04 08:47:29.218184,-306.5525437813915,-683.8028985708087,229.09294480568238,36.305070267811615
2026-09-04 08:47:29.308699,-307.51452227755385,-684.913160640709,229.1233322714009,36.24891473467979
2026-09-04 08:47:29.407027,-308.55728083093805,-686.1179450630315,229.0243009927453,36.28242327138791
2026-09-04 08:47:29.519404,-309.75250958917275,-687.4940768274417,228.70990998618566,36.30500821030557
2026-09-04 08:47:29.609652,-310.7190277636428,-688.5946252236981,229.05328538330068,36.360209506610154
2026-09-04 08:47:29.728095,-311.98073911711055,-690.0487872363938,228.89423185174908,36.34675504259407
2026-09-04 08:47:29.808196,-312.8364231474834,-691.0294769366842,228.89423185174908,36.35165451852183
2026-09-04 08:47:29.908918,-313.9125373614116,-692.2627991543206,229.30000145750728,36.26100297237943
2026-09-04 08:47:30.015584,-315.0400601556722,-693.5736654041657,229.45517655717143,36.18457479341334
2026-09-04 08:47:30.108840,-316.020652606682,-694.7199745251463,229.17340755173132,36.301916642017495
2026-09-04 08:47:30.215669,-317.1540738178224,-696.0318242114386,228.82671873521082,36.34112260303329
2026-09-04 08:47:30.307903,-318.14054642543675,-697.1597236295146,228.73382504312394,36.21055972694838
2026-09-04 08:47:30.416420,-319.2991434765784,-698.4800982452792,228.58810083752815,36.19443990091212
2026-09-04 08:47:30.515399,-320.6657271646346,-700.0271427737046,228.82298943474382,36.594187989674786
2026-09-04 08:47:30.615162,-321.7402349864134,-701.2555373230068,228.7448410129451,36.575881610841236
2026-09-04 08:47:30.714988,-322.8165581749115,-702.4826257961331,228.51024769614992,36.561052802876624
2026-09-04 08:47:30.815579,-323.90574144534725,-703.7141673078384,228.39768051339598,36.47667193091886
2026-09-04 08:47:30.903780,-324.86067843860565,-704.7896510320679,228.0818339478439,36.428888332834795
2026-09-04 08:47:31.016273,-326.08455834337815,-706.1528177389494,227.9559477344696,36.344353129748946
2026-09-04 08:47:31.115948,-327.1691119576893,-707.355475736499,228.156723560277,36.206740915936976
2026-09-04 08:47:31.223978,-328.3355672784066,-708.6581035457153,228.44686401625194,36.123671587688946
2026-09-04 08:47:31.315406,-329.314914910671,-709.7629882550864,228.13992425867448,35.99105405066766
2026-09-04 08:47:31.404388,-330.2702884016335,-710.8292632014661,228.58801642150357,35.83321594823275
2026-09-04 08:47:31.525647,-331.5551474217471,-712.2860353521326,227.81454991975613,35.71560422549821
2026-09-04 08:47:31.625047,-332.62090338381347,-713.4620004033071,227.91466086575693,35.92405872621403
2026-09-04 08:47:31.723710,-333.6828784725979,-714.6379162664622,227.95882472117958,35.81629366499188
2026-09-04 08:47:31.824147,-334.75978504959824,-715.8322150632923,227.81271141904983,35.61619590388549
2026-09-04 08:47:31.924216,-335.82976552315785,-717.0127653477094,227.85750463280058,35.53837375535012
2026-09-04 08:47:32.023967,-336.89309698098367,-718.1878244003757,227.95796908928475,35.48084634239491
2026-09-04 08:47:32.126398,-337.9811153579342,-719.3944100494969,227.76310446457347,35.32063321654208
2026-09-04 08:47:32.226808,-339.0468491067674,-720.5682307207411,228.2462723874232,35.30659504322425
2026-09-04 08:47:32.323570,-340.06388380340445,-721.7075726098942,227.93225369152458,35.12396499334057
2026-09-04 08:47:32.402520,-340.89446592894024,-722.6278369586165,228.44468162896277,35.21295792112667
2026-09-04 08:47:32.526227,-342.1862241002578,-724.0850665373946,228.3477768965925,35.03460021858608
2026-09-04 08:47:32.622935,-343.1928572055208,-725.2167853479348,228.434354400423,35.065866611134844
2026-09-04 08:47:32.723237,-344.2360555624514,-726.3931879097427,228.31088624799344,35.06674305325971
2026-09-04 08:47:32.822915,-345.27530681590804,-727.5600642438932,228.64552269586287,35.18258466908267
2026-09-04 08:47:32.908378,-346.16341704397774,-728.5690424800777,228.81767122258452,35.08176957668323
2026-09-04 08:47:33.025952,-347.3775516326644,-729.9568006288682,228.84398565219573,34.93485632157742
2026-09-04 08:47:33.124417,-348.3895662938135,-731.1146078982127,228.97621133023688,34.963249203436426
2026-09-04 08:47:33.223418,-349.4052255014897,-732.2820108934585,229.3085749709151,34.96497935132587
2026-09-04 08:47:33.323559,-350.4257634159427,-733.4688549213881,229.0732413971248,34.94922871589616
2026-09-04 08:47:33.409764,-351.3080707503007,-734.4864576674854,229.5941708196599,34.77371865073141
2026-09-04 08:47:33.526749,-352.4868567469411,-735.8712410601322,228.83487528753568,34.90660708423289
2026-09-04 08:47:33.624652,-353.49246443716373,-737.0213492424754,229.11972908879233,34.98531120606763
2026-09-04 08:47:33.725596,-354.52572380517745,-738.215006768457,229.05195176261458,34.86799829782675
2026-09-04 08:47:33.923842,-356.5509210827512,-740.5490005672027,229.27380057326596,34.80736849889936
2026-09-04 08:47:34.009246,-357.4179622092036,-741.556097010031,229.09221368592773,34.77527919341215
2026-09-04 08:47:34.123688,-358.5829999301829,-742.9006840733077,228.7464320898848,34.67527940312493
2026-09-04 08:47:34.221278,-359.5805064933067,-744.0379794387943,229.16142586852132,34.549925949714726
2026-09-04 08:47:34.321960,-360.59740279323125,-745.214462906871,228.98115544124207,34.659016509284335
2026-09-04 08:47:34.422685,-361.62165539426,-746.3919483554762,229.40948056013912,34.72854743597714
2026-09-04 08:47:34.521069,-362.6154667645402,-747.5518363401869,228.70485706368723,34.641719495524384
2026-09-04 08:47:34.622753,-363.6546725838237,-748.7349417587512,229.02346994109396,34.612398398698595
2026-09-04 08:47:34.722722,-364.66900804544633,-749.9027670340487,229.06821839251694,34.72246347606863
2026-09-04 08:47:34.822267,-365.68134181930304,-751.0701280457822,228.9791010742102,34.84597897174575
2026-09-04 08:47:34.922438,-366.7054978928395,-752.2474172769442,228.78853587107878,34.84685426918838
2026-09-04 08:47:35.022572,-367.73321002633037,-753.4208895525144,228.51960201549616,34.72610783849984
2026-09-04 08:47:35.122451,-368.7602166708746,-754.5825099507939,228.5978413048202,34.60566889917115
2026-09-04 08:47:35.221848,-369.7771483659283,-755.7359049331546,228.65345681845557,34.572664599360174
2026-09-04 08:47:35.322176,-370.8014967115924,-756.8999876975445,228.41768379051268,34.56126789828197
2026-09-04 08:47:35.421522,-371.8202176469232,-758.048114243366,228.36209681286124,34.48574419304866
2026-09-04 08:47:35.519404,-372.82282761136946,-759.1758774597533,228.49353959779015,34.33777797008762
2026-09-04 08:47:35.622565,-373.87225895386064,-760.3617743474969,228.83986908472465,34.1601974106718
2026-09-04 08:47:35.722141,-376.4159888735937,-763.2638038780888,229.3200832083468,35.72921329125275
2026-09-04 08:47:35.822327,-377.45905770585995,-764.4773434214287,229.17433505490564,35.85002242606171
2026-09-04 08:47:35.922380,-378.50735394355974,-765.690707066136,228.4353652005637,35.75560165974327
2026-09-04 08:47:36.013644,-379.4752030973744,-766.7821780034075,228.33323547358162,35.71652573812552
2026-09-04 08:47:36.121613,-380.6212537528211,-768.069980278388,228.38156491122422,35.63067300577774
2026-09-04 08:47:36.221551,-381.6785050248399,-769.2600196021982,228.41511584255025,35.75554939757154
2026-09-04 08:47:36.323360,-382.7586119303188,-770.4772199335172,228.529046038184,35.79202342149837
2026-09-04 08:47:36.422677,-383.810990077211,-771.667932827839,228.8068997947221,35.76772403693547
2026-09-04 08:47:36.520481,-384.84093801698003,-772.8447187901828,227.87658867039147,35.80703630485333
2026-09-04 08:47:36.623530,-385.9473225724145,-774.068173504742,227.40378557643683,35.76741670286022
2026-09-04 08:47:36.730664,-387.10673824963453,-775.3291957913173,227.12804046125294,35.75431073778998
2026-09-04 08:47:36.821950,-388.0994409456463,-776.398520113363,226.97480894185944,35.6857119756546
2026-09-04 08:47:36.920330,-389.08662086020206,-777.4513507735262,226.88669912732638,35.46367757707711
2026-09-04 08:47:37.014767,-390.10985447819576,-778.544293392951,227.06635597499806,35.411690382488814
2026-09-04 08:47:37.113916,-391.3345369864128,-779.8683491968758,227.54351600631563,35.67085368260556
2026-09-04 08:47:37.214955,-392.4221440886649,-781.0570753798538,227.78095990004738,35.67526809287926
2026-09-04 08:47:37.320347,-393.5225207508462,-782.269251112238,227.45071856103596,35.50192797214906
2026-09-04 08:47:37.420436,-394.5966964477421,-783.4394858053498,227.148303939076,35.32876094920369
2026-09-04 08:47:37.520103,-395.6672315139654,-784.5934682123532,227.37137028504202,35.195514247636154
2026-09-04 08:47:37.619814,-396.72971391531337,-785.7477510009663,227.79538344890744,35.19202913584527
2026-09-04 08:47:37.720460,-397.7934024086386,-786.9206460372433,227.67149184485743,35.2914067607502
2026-09-04 08:47:37.819787,-398.848622791479,-788.0791595695716,228.0716415403673,35.54484014338933
2026-09-04 08:47:37.920344,-399.91630570960876,-789.2679274203198,227.82407744386157,35.561534879528715
2026-09-04 08:47:38.019587,-400.9755937461238,-790.4371463786312,228.0350889592485,35.64651935728798
2026-09-04 08:47:38.119357,-402.03870523344506,-791.6193064265011,227.7782975565015,35.72672435851829
2026-09-04 08:47:38.212132,-403.0344328629333,-792.7166054613267,227.69524105737142,35.8377862793615
2026-09-04 08:47:38.313928,-404.1321262590092,-793.9227534804845,227.25097003065028,35.81821735096583
2026-09-04 08:47:38.414211,-405.2220899373589,-795.1019095943296,228.70986269744395,35.800691828920826
2026-09-04 08:47:38.514313,-372.1453292677014,-826.358210678855,249.57015033188725,35.80502360628985
2026-09-04 08:47:38.614290,-372.70391637529633,-827.8578144030236,249.7044064291149,35.785804356474394
2026-09-04 08:47:38.714299,-373.2588676844629,-829.3583973893656,249.78274755273458,35.781434947067524
2026-09-04 08:47:38.815179,-373.81651393339007,-830.8726283528159,249.63598978499112,35.82198361161655
2026-09-04 08:47:39.031551,-375.02225872535473,-834.1210223679012,249.80548278661934,35.88059424349513
2026-09-04 08:47:39.131521,-375.4721787139699,-835.4153590327176,249.62800734153967,35.15773533572249
2026-09-04 08:47:39.230557,-376.01403193829293,-836.8745412606563,249.45068406591912,35.12658166379156
2026-09-04 08:47:39.332276,-376.5747029938776,-838.3701983579281,249.5531305982758,35.14702461387713
2026-09-04 08:47:39.432019,-377.12217764483785,-839.8386355018459,249.36337962188605,35.122621002063866
2026-09-04 08:47:39.532260,-379.7153397972571,-840.7271715149619,242.9590560275161,35.15689902793386
2026-09-04 08:47:39.631607,-380.42519051640187,-842.1178742745893,242.94793852008002,35.19249101739509
2026-09-04 08:47:39.735698,-381.16997385652365,-843.5763162771427,242.90134496550738,35.13882753614901
2026-09-04 08:47:39.835455,-381.88379318614255,-844.9713223059077,242.86785479904125,35.0908851418023
2026-09-04 08:47:39.943010,-382.6532395030945,-846.4728743080288,243.02432319425975,35.121899171237594
2026-09-04 08:47:40.034037,-383.30154445826474,-847.7465808525493,243.05488254731682,35.113945202493184
2026-09-04 08:47:40.156602,-384.1733544199029,-849.4616635993528,242.65712618156562,35.39882506852866
2026-09-04 08:47:40.241453,-384.7900945792198,-850.6543850787305,242.38176188188504,35.433672315489225
2026-09-04 08:47:40.342014,-385.52853429604244,-852.0657955420398,242.61808246500203,35.29571558727419
2026-09-04 08:47:40.432753,-386.18701681907606,-853.3371189701094,242.72977890857553,35.30760879209087
2026-09-04 08:47:40.543815,-386.99021654648556,-854.8952764186323,242.95349162255417,35.3813640069486
2026-09-04 08:47:40.641606,-387.69354435423094,-856.2728694124692,242.47198281538232,35.34120246344858
2026-09-04 08:47:40.742115,-388.4274596978057,-857.6810260461709,242.179546723429,35.34471546703886
2026-09-04 08:47:40.842806,-389.1699684021779,-859.0881013736922,242.76547798401003,35.243533726800294
2026-09-04 08:47:40.930241,-389.80038723673346,-860.3129479280858,243.1275039406973,35.199985164661
2026-09-04 08:47:41.051503,-390.6628857063969,-862.0150498411789,243.8331399610028,35.37269854391677
2026-09-04 08:47:41.141142,-391.2879679664042,-863.2872417006416,244.40491412828223,35.3272689717588
2026-09-04 08:47:41.250088,-392.0312607722191,-864.8389549857553,244.51463935084766,35.60238936436908
2026-09-04 08:47:41.341148,-392.65485890779445,-866.1472158030475,244.11722373831643,35.72174214879553
2026-09-04 08:47:41.429413,-393.27015333476135,-867.4153346990686,244.07771426973267,35.654642317474504
2026-09-04 08:47:41.530312,-393.97319562365306,-868.8617610620881,243.55831974741594,35.63171919048923
2026-09-04 08:47:41.652900,-394.8426980531413,-870.6101676120895,243.4622915733287,35.57066204934973
2026-09-04 08:47:41.748881,-395.5246030059115,-871.9756061690965,242.67821080461488,35.66543346416999
2026-09-04 08:47:41.848822,-396.2559751220164,-873.3912924649139,242.62229090715084,35.75712867216312
2026-09-04 08:47:41.949586,-396.65580789425087,-874.104756804684,243.32206839916012,34.50635871410989
2026-09-04 08:47:42.027652,-397.19647441340163,-875.1807848090743,243.0861953274147,34.3856193612276
2026-09-04 08:47:42.152067,-398.06215581123234,-876.8861176006171,242.98873598980367,34.49542073351811
2026-09-04 08:47:42.248747,-398.73926508776475,-878.2143737732978,243.0644693721148,34.52414369455068
2026-09-04 08:47:42.349671,-399.4448513495894,-879.6030253201824,243.38070089368546,34.471231063689906
2026-09-04 08:47:42.449237,-400.1323164377216,-880.9747071697033,243.13557656785343,34.303318953615864
2026-09-04 08:47:42.528254,-400.6798705293107,-882.0556582298831,242.8968300903843,34.247392252076295
2026-09-04 08:47:42.648836,-401.52094513715264,-883.6990379213887,243.18020046809949,34.1725831431319
2026-09-04 08:47:42.748904,-402.2106685871599,-885.0632866359363,243.18020046809949,34.2818828212927
2026-09-04 08:47:42.848985,-402.90268798050806,-886.432076645624,243.74018278347535,34.38420061059846
2026-09-04 08:47:42.950305,-403.5917482254398,-887.8287492606211,242.82178067644116,34.46830766757323
2026-09-04 08:47:43.049786,-404.2919034752529,-889.1923788458892,242.26515553564616,34.624775943622346
2026-09-04 08:47:43.236450,-405.6365310845051,-891.749736964564,242.53670977789494,34.52691137893015
2026-09-04 08:47:43.352363,-406.461631714269,-893.3372230301425,242.71830852725,34.54818126144905
2026-09-04 08:47:43.450592,-407.1570134717402,-894.6855574697696,242.68533133705984,34.50698150863051
2026-09-04 08:47:43.551618,-407.8721399225667,-896.0702196775696,242.38008560977585,34.419587431059156
2026-09-04 08:47:43.651584,-408.58524176531284,-897.4331037369799,242.33533850122268,34.423954961789065
2026-09-04 08:47:43.749130,-409.2822075132372,-898.7626196216912,242.17159902539117,34.39838415856117
2026-09-04 08:47:43.852071,-410.0211777938847,-900.1625190433841,242.4711111461143,34.47843981807989
2026-09-04 08:47:43.951673,-410.7307360122189,-901.52389135112,242.52684136321454,34.472347539564545
2026-09-04 08:47:44.047209,-411.4099378345,-902.8301196028275,242.6230606724412,34.367163160090676
2026-09-04 08:47:44.147340,-412.1173420611469,-904.1961861328851,242.95921792039576,34.44678342093143
2026-09-04 08:47:44.239970,-412.76582662406565,-905.4666723632824,243.17690047739234,34.549577721357565
2026-09-04 08:47:44.342537,-413.4806550790257,-906.8803756709037,243.34906814000908,34.39811421452652
2026-09-04 08:47:44.448916,-414.21441065412836,-908.3424041193987,243.2895459942198,34.309807615494556
2026-09-04 08:47:44.549328,-414.9066600452102,-909.7181634326112,243.9525105351096,34.48090126063817
2026-09-04 08:47:44.649472,-415.584503097522,-911.1050289931137,244.08699089159927,34.67078960955549
2026-09-04 08:47:44.748585,-416.25582089610424,-912.4867549215443,243.73206860441923,34.72621697623409
2026-09-04 08:47:44.840610,-416.8880740787438,-913.7678266772184,243.69087607231228,34.697268748726486
2026-09-04 08:47:44.932454,-417.5194759717622,-915.0448593171164,243.79365485304663,34.65714195638128
2026-09-04 08:47:45.039862,-418.25434501641763,-916.5378930101389,243.81769401353858,34.64869514513396
2026-09-04 08:47:45.148625,-418.99766916319123,-918.0497055152931,243.67163946196405,34.73707998450796
2026-09-04 08:47:45.248261,-419.68389043389504,-919.4364402273737,243.3594437118628,34.88334458051726
2026-09-04 08:47:45.349301,-420.3903960089437,-920.8448084015142,243.5064342437105,35.008715073090634
2026-09-04 08:47:45.448898,-421.08573793678454,-922.2398408480452,243.5287252114924,35.00436366403048
2026-09-04 08:47:45.546606,-421.69109234302044,-923.4553367281407,243.48440066439173,34.836915779462274
2026-09-04 08:47:45.639400,-422.33625688415185,-924.7484548248456,243.650547682021,34.86124088879254
2026-09-04 08:47:45.739809,-423.03079005553116,-926.150687647225,243.36963889661433,34.99284745294227
2026-09-04 08:47:45.840216,-423.73482356385546,-927.5547512441117,243.38087502421894,34.972668181722135
2026-09-04 08:47:45.940546,-424.4376364902495,-928.9570668899258,243.38087502421894,34.932340589392595
2026-09-04 08:47:46.040143,-425.1345102373837,-930.3475321504006,243.69294857316544,34.980206089054256
2026-09-04 08:47:46.140342,-425.82891673643064,-931.7521217088463,243.446265846893,35.03711632604368
2026-09-04 08:47:46.355807,-427.33758885925266,-934.7709565028671,243.27748333531196,35.32705830900382
2026-09-04 08:47:46.448264,-427.99416881393813,-936.0751433462298,243.51545229114816,35.20425868536835
2026-09-04 08:47:46.549234,-431.08815019946655,-937.4851617926776,242.48726604891647,35.44175191934803
2026-09-04 08:47:46.649208,-431.81986122726914,-938.8900031979856,242.64389346230433,35.55706395797991
2026-09-04 08:47:46.749356,-432.55136826817613,-940.3038733357296,242.06112197443878,35.60519426371318
2026-09-04 08:47:46.855623,-433.343860472061,-941.7981778674927,242.20382472291186,35.69990784149705
2026-09-04 08:47:46.948020,-434.03150257676504,-943.1026182304109,241.82125352922472,35.711210993200474
2026-09-04 08:47:47.056662,-434.8505265281749,-944.6314529164646,241.2498429439524,35.58210383835974
2026-09-04 08:47:47.155760,-435.6087199331041,-946.0134480193622,241.36073937282325,35.645316110332054
2026-09-04 08:47:47.255434,-436.3699784378452,-947.4074213117739,241.6730541907163,35.652283747456245
2026-09-04 08:47:47.465603,-437.8507826214529,-950.1500073237547,242.1933877306717,35.58240830840378
2026-09-04 08:47:47.564898,-439.29799367787604,-951.4975804564841,239.89930149662888,35.554902243039365
2026-09-04 08:47:47.664905,-440.09519065253926,-952.8727787631472,240.2350424549354,35.447416921186175
2026-09-04 08:47:47.995133,-442.69304252072027,-957.4153237919384,240.12417915018708,35.57726635440244
2026-09-04 08:47:48.090317,-443.4471244130561,-958.7279939786719,240.6993678997327,35.831772942179825
2026-09-04 08:47:48.189969,-444.2283161328558,-960.1200252664536,240.8108842868428,36.00592542294217
2026-09-04 08:47:48.405757,-445.9222439814586,-963.152304750742,240.06229836544313,35.85885154532496
2026-09-04 08:47:48.505074,-446.7295273436979,-965.0794219434642,240.93199608508513,35.98745478182834
2026-09-04 08:47:48.605422,-447.5138704485941,-966.4904620950026,240.8646189341174,36.175099413740476
2026-09-04 08:47:48.706210,-448.3074350585703,-967.9141467426772,240.24428692941808,36.02890507151159
2026-09-04 08:47:48.805190,-449.0986452275611,-969.2981570772365,240.0781403594121,35.874954572115556
2026-09-04 08:47:48.905243,-449.8990512779339,-970.6888777605906,240.49241133836136,35.82424712353713
2026-09-04 08:47:49.004893,-450.6850851037268,-972.0777585999891,240.96077076413502,35.8312130829591
2026-09-04 08:47:49.105630,-451.4683418490803,-973.4885123383422,241.16368578158534,35.83825502831075
2026-09-04 08:47:49.204837,-452.23492789129216,-974.8808361218935,240.76401951921514,35.736830772721206
2026-09-04 08:47:49.305071,-453.0170238081357,-976.2781707603423,240.93227103768334,35.73858246859853
2026-09-04 08:47:49.506876,-454.37715564356756,-979.521161334779,241.4187064057928,35.94682109141156
2026-09-04 08:47:49.606076,-455.13978658458893,-980.9210126803115,241.152281031057,35.83153498725981
2026-09-04 08:47:49.706518,-455.9160506331025,-982.3302502976255,241.32088169568158,35.62001761395429
2026-09-04 08:47:49.806327,-456.6787693336087,-983.7245906802958,241.499589022476,35.53716485783906
2026-09-04 08:47:49.905884,-457.43346108216923,-985.1145361950139,241.3324739076034,35.488448649557924
2026-09-04 08:47:50.006127,-458.196384525143,-986.5099213375378,241.44465165810595,35.44114861418637
2026-09-04 08:47:50.106354,-458.95544014623624,-987.9047130520488,241.60167544190597,35.45691277609023
2026-09-04 08:47:50.206119,-459.70752349588275,-989.2957593320997,241.51236116935718,35.48655226934027
2026-09-04 08:47:50.308442,-460.3546772721544,-990.4932526267462,241.2389686835232,34.94596891110651
2026-09-04 08:47:50.408236,-461.10480499105716,-991.8599308612075,241.33947644755943,34.843072532985985
2026-09-04 08:47:50.504179,-462.3135169153311,-992.9655841225117,239.91398245237843,35.14017415568318
2026-09-04 08:47:50.604217,-463.10131087151495,-994.3253647197637,240.2834119861688,35.326364971242185
2026-09-04 08:47:50.804179,-464.6666938303843,-997.0679279398252,238.78415891894096,35.49235604237116
2026-09-04 08:47:50.904742,-465.45273471924264,-998.3598138575275,238.76107790350892,35.095026228071816
2026-09-04 08:47:51.003878,-466.2593427126088,-999.689642361351,238.91639243782402,35.10975253891648
2026-09-04 08:47:51.105220,-467.0805559298904,-1001.0518640897494,239.3473413005618,35.23195563455669
2026-09-04 08:47:51.327526,-468.85111529492167,-1004.0387711402561,238.00385065752067,35.510491030036775
2026-09-04 08:47:51.417573,-469.56645479094107,-1005.1788108437878,238.44693931263356,35.32827831734908
2026-09-04 08:47:51.523453,-470.35142744158867,-1006.6867910623855,238.8161985245591,35.13707536002517
2026-09-04 08:47:51.616854,-471.1110767058284,-1007.9419217751149,239.09840564128203,35.41456328755962
2026-09-04 08:47:51.725427,-471.9938427931216,-1009.4168232849477,238.61240762026063,35.3576404241134
2026-09-04 08:47:51.821478,-472.7845636403363,-1010.7128630167525,238.30069631045143,35.13438748883355
2026-09-04 08:47:51.923408,-473.6258067896591,-1012.0749887794784,238.026938866431,34.91528324900043
2026-09-04 08:47:52.023464,-474.45277316309415,-1013.3997972664741,237.9261672284727,34.85670564688429
2026-09-04 08:47:52.234263,-476.1970094237889,-1016.1831711505129,238.53949773367788,34.79407871822578
2026-09-04 08:47:52.333466,-477.00233723869724,-1017.499382531294,238.39517962470234,34.77327458157134
2026-09-04 08:47:52.433286,-477.8155206886805,-1018.8209442214098,238.81965630247157,34.93202051314346
2026-09-04 08:47:52.533905,-478.40532688631424,-1020.2568859744874,239.23330266682837,35.072237213566346
2026-09-04 08:47:52.633600,-479.20491405426776,-1021.5999802527482,239.60146553864942,35.29699085348112
2026-09-04 08:47:52.733341,-480.00129038820194,-1022.9574504034052,239.66843512862303,35.31877935569848
2026-09-04 08:47:52.832737,-480.7938192894088,-1024.3119874404683,239.39036035809167,35.246691741894345
2026-09-04 08:47:52.932965,-481.597957044862,-1025.6711881653846,239.31184768285092,35.17575230554637
2026-09-04 08:47:53.033143,-482.4019330910238,-1027.0258761782989,239.28942668050692,35.221270953206535
2026-09-04 08:47:53.132841,-483.2036204954408,-1028.3755042433381,238.60886271140612,35.035712945953264
2026-09-04 08:47:53.233085,-484.02142859809754,-1029.7157551282426,238.9117456592201,34.98666056808999
2026-09-04 08:47:53.333895,-484.83557633158,-1031.0660090110478,239.7352751316578,35.17252646865258
2026-09-04 08:47:53.432679,-485.61839940154,-1032.407545525585,239.70211161827837,35.510028985205906
2026-09-04 08:47:53.539638,-486.63793595347676,-1033.8305588216817,239.63130169221634,35.17219998701774
2026-09-04 08:47:53.632598,-487.3768890457428,-1035.0916518767297,239.82895422660536,35.1575788121788
2026-09-04 08:47:53.748179,-488.2898657427835,-1036.662127870758,239.73841492105203,35.09496187982935
2026-09-04 08:47:53.847680,-489.07655800017864,-1038.0104648084052,240.0390529262238,35.15930065893748
2026-09-04 08:47:53.947683,-489.86153426780044,-1039.372226282627,240.26287127929595,35.24056679808331
2026-09-04 08:47:54.047762,-490.64358096674255,-1040.7412379898053,240.21807358931244,35.22744939492867
2026-09-04 08:47:54.151206,-491.4527275957872,-1042.1551216500143,240.3685614018268,35.14157917777808
2026-09-04 08:47:54.254222,-492.25287020170526,-1043.5618295764937,240.72593218833447,35.056064249024494
2026-09-04 08:47:54.347630,-492.9686699643842,-1044.8387235742425,240.55868580793577,35.13197104707388
2026-09-04 08:47:54.447957,-493.7431645287083,-1046.2109155489586,239.6492846216703,34.9662821982712
2026-09-04 08:47:54.547874,-494.53234687106556,-1047.558699162925,239.66046591542346,34.726185753112496
2026-09-04 08:47:54.646130,-495.30282427109944,-1048.8751271506399,239.91336053372865,34.70042882979467
2026-09-04 08:47:54.748718,-496.1006045129715,-1050.252110230247,240.1888851944484,34.948736412729076
2026-09-04 08:47:54.858299,-496.9517304592677,-1051.737591628869,239.8087398951134,35.29535949525525
2026-09-04 08:47:54.947575,-497.6601166399234,-1052.9551481160856,239.57895830473913,35.36790847716962
2026-09-04 08:47:55.057233,-498.53802121822,-1054.4502419702137,239.76302882983228,35.5058885796213
2026-09-04 08:47:55.149073,-499.2721039191982,-1055.7096523663295,239.4341510554272,35.50508607872653
2026-09-04 08:47:55.257921,-500.15066612933197,-1057.1972428863833,239.36106670767202,35.455627976543276
2026-09-04 08:47:55.346645,-500.86734469088987,-1058.407202920524,239.5497126140956,35.43547087371132
2026-09-04 08:47:55.467522,-501.83775812398676,-1060.057911448249,238.90042430720158,35.75973260609265
2026-09-04 08:47:55.566179,-502.65239031919003,-1061.408365282263,239.143310740458,36.05628401927714
2026-09-04 08:47:55.656469,-503.39882762400754,-1062.657713358405,238.52696817821894,35.94425213314839
2026-09-04 08:47:55.746376,-504.15308695746603,-1063.8898541314331,238.58733487722694,35.934039199532265
2026-09-04 08:47:55.854815,-504.7790654140029,-1064.8978335725417,238.92751979838422,35.5330990582921
2026-09-04 08:47:55.947269,-505.5370450599634,-1066.1557164096173,239.17582717334216,35.747991426704324
2026-09-04 08:47:56.055351,-506.4220892171899,-1067.6389686482828,239.39353725917027,35.73760276251879
2026-09-04 08:47:56.138503,-507.0984531497042,-1068.7823432353298,239.34701129571255,35.65549867228078
2026-09-04 08:47:56.361534,-508.9109183702981,-1071.8405958451513,240.22055763364295,35.29690988548318
2026-09-04 08:47:56.464122,-509.71489064210044,-1073.2455792494777,239.85319141934997,35.39730861937724
2026-09-04 08:47:56.564931,-510.5160292480969,-1074.625017273082,239.00710788854906,35.41844955475215
2026-09-04 08:47:56.664740,-511.32978728738686,-1075.9797187301033,238.89541580930253,35.48385962536943
2026-09-04 08:47:56.764537,-512.1475939959547,-1077.3351671946277,238.30351896139717,35.54054153757248
2026-09-04 08:47:56.843793,-512.8092140732992,-1078.4065685711673,238.66715647378902,35.60910314559413
2026-09-04 08:47:56.967975,-513.8371754206662,-1080.0950867895133,238.7783299814686,35.663358462512086
2026-09-04 08:47:57.064695,-514.6364728534718,-1081.4137579002474,238.5293887719498,35.50278138887214
2026-09-04 08:47:57.163881,-515.4583000613017,-1082.7564033871095,239.1398607549052,35.5253153413708
2026-09-04 08:47:57.264040,-516.2742140981735,-1084.1218512744188,238.89327650575376,35.28376218757025
2026-09-04 08:47:57.348696,-516.9640754825447,-1085.2651442038637,239.30063696464003,35.2260634917041
2026-09-04 08:47:57.467052,-517.9156107768514,-1086.8677528696317,239.47281839167255,34.98923202108626
2026-09-04 08:47:57.565431,-518.6972415654899,-1088.1932602749887,239.80309386976148,35.42592857648399
2026-09-04 08:47:57.665054,-519.6211439689305,-1089.7762555791044,239.334794012109,35.8789559602322
2026-09-04 08:47:57.764940,-520.4382502959558,-1091.1543251139406,238.7423693044537,36.02995158911888
2026-09-04 08:47:57.850779,-521.1556605767404,-1092.33622572389,238.8096104898509,35.95794544872875
2026-09-04 08:47:57.966955,-522.1228015235199,-1093.9337699211108,239.39464516100725,36.01174838023377
2026-09-04 08:47:58.065809,-522.9330282811305,-1095.3034963650991,239.4278321746087,36.0419810111225
2026-09-04 08:47:58.165156,-523.7471812189591,-1096.6816813004739,239.70576986051134,36.15656985524159
2026-09-04 08:47:58.266138,-524.5705372532918,-1098.0910120728133,239.4571594445946,36.18304137484834
2026-09-04 08:47:58.364919,-525.3825157913413,-1099.4671241883336,239.4129427696252,36.25468295578908
2026-09-04 08:47:58.467035,-526.2246697227216,-1100.8918631572994,239.4815070175247,36.160099906733066
2026-09-04 08:47:58.566500,-527.0411638187545,-1102.2769725750018,239.72638268862607,36.227022792898175
2026-09-04 08:47:58.667030,-527.8619258542227,-1103.6830243504508,239.49013495619747,36.42379209765838
2026-09-04 08:47:58.762722,-528.6529740931393,-1105.0254291864517,239.9077661311847,36.51409735557713
2026-09-04 08:47:58.857399,-529.4278463497661,-1106.362571663243,239.98193048200255,36.554634599517826
2026-09-04 08:47:58.963595,-530.2960150771158,-1107.8651894199713,239.91062677964507,36.71702481487887
2026-09-04 08:47:59.064255,-531.1243615817697,-1109.2947731660277,240.079593376299,36.5692569976813
2026-09-04 08:47:59.163549,-531.9340331586393,-1110.701675403337,240.39071751627404,36.622182683162464
2026-09-04 08:47:59.264211,-532.7482795364775,-1112.1344677076493,240.81877473263955,36.822728705330505
2026-09-04 08:47:59.348263,-533.4228861286726,-1113.3424634004477,240.88461608814234,37.04453233308194
2026-09-04 08:47:59.456571,-534.2956089635633,-1114.9094466279453,239.61198506238492,37.25652566701179
2026-09-04 08:47:59.548559,-535.0706140089599,-1116.231044059383,239.65316103243063,37.03628607715406
2026-09-04 08:47:59.656086,-535.9700769824291,-1117.7674058244634,240.12244401693147,36.8079694957939
2026-09-04 08:47:59.752806,-536.7628758614201,-1119.1473759589408,240.31726757220704,36.72345524650972
2026-09-04 08:47:59.954307,-538.4009932108099,-1122.0213135853048,239.0770651743133,36.6759157453605
2026-09-04 08:48:00.055312,-539.2520056299326,-1123.441960896276,238.77188289762887,36.62913874239376
2026-09-04 08:48:00.489791,-545.2361726098982,-1130.1697665762417,237.44472531960105,36.808047341895154
2026-09-04 08:48:00.589494,-546.118989986427,-1131.5525666072774,237.40009593596986,36.71134324907069
2026-09-04 08:48:00.689572,-547.0038777270918,-1132.9362321084943,237.3552986936096,36.61427543564795
2026-09-04 08:48:00.790032,-547.890877276552,-1134.3208135165712,237.3103304591574,36.51683711217577
2026-09-04 08:48:00.889004,-548.7634806448649,-1135.6805721657881,237.26602828814202,36.420842032037534
2026-09-04 08:48:00.989983,-549.6525082867375,-1137.0635706254664,237.22082773720882,36.322900319257364
2026-09-04 08:48:01.090105,-550.532698977763,-1138.4304501922225,237.17601079942438,36.22578982928443
2026-09-04 08:48:01.190215,-551.4114971599314,-1139.7928249911756,237.13119923311928,36.128690978370635
2026-09-04 08:48:01.290526,-552.2907640788804,-1141.1535888751418,237.0862976945354,36.03139717321618
2026-09-04 08:48:01.390006,-553.1614531651423,-1142.4987637908346,237.04176813089504,35.934909372907484
2026-09-04 08:48:01.490990,-553.7342462107057,-1144.68723433295,238.98612380069306,36.133637922992705
2026-09-04 08:48:01.590677,-554.5639268117451,-1146.0672975436657,238.94150157903428,36.03694934891376
2026-09-04 08:48:01.690865,-555.3966229552752,-1147.4499370759968,238.8966550981135,35.93977484411553
2026-09-04 08:48:01.790892,-556.2268165078615,-1148.8259830197449,238.85188068454045,35.84275649669416
2026-09-04 08:48:01.891026,-557.0567279651298,-1150.1991342427611,238.80705837527665,35.745634367662085
2026-09-04 08:48:01.991152,-557.8853954720074,-1151.5678074228117,238.7622396469991,35.64851999800277
2026-09-04 08:48:02.091232,-558.7124989385034,-1152.9314885069007,238.7174415093923,35.55145024473684
2026-09-04 08:48:02.191437,-559.5394448696367,-1154.2925087806595,238.67258741887582,35.454259251271495
2026-09-04 08:48:02.291592,-560.3647803678917,-1155.648485319423,238.62775570952323,35.35711675388591
2026-09-04 08:48:02.391587,-561.1875957665322,-1156.9979428882577,238.58299561989503,35.26012944395559
2026-09-04 08:48:04.465943,-565.2540986434291,-1164.6253902521075,237.90824816097256,36.90919312088231
2026-09-04 08:48:04.565681,-569.832622163682,-1172.362819256947,238.0122453757343,38.67136151650677
2026-09-04 08:48:04.665435,-570.4474597066079,-1173.3440193211636,237.84855326548404,36.796515828592845
2026-09-04 08:48:04.765257,-571.3212772672259,-1174.734229310888,237.70333465038007,36.599387810126935
2026-09-04 08:48:04.865299,-572.1958386738772,-1176.117826937079,237.6361629584967,36.444659678276324
2026-09-04 08:48:04.964797,-573.0635731077425,-1177.487067078369,238.03700154623056,36.44118201128902
2026-09-04 08:48:05.065089,-573.9284726675053,-1178.8731868060013,238.02577828779516,36.59016231786114
2026-09-04 08:48:05.164582,-574.7902599858713,-1180.2537165439126,237.9033059852521,36.72317639553037
2026-09-04 08:48:05.264443,-575.6613498756021,-1181.6425308217936,237.8474308501158,36.620210934525765
2026-09-04 08:48:05.364652,-576.5343793534614,-1183.031426612498,238.25113377920206,36.465224515175706
2026-09-04 08:48:05.464789,-577.3933301761765,-1184.4195370598854,238.6209289093043,36.508099532302246
2026-09-04 08:48:05.569848,-580.6595132180195,-1190.4894287682928,239.8454249219977,38.31189989581668
2026-09-04 08:48:05.669488,-581.5167619811484,-1191.9650192911631,239.7339219635859,38.2109036203156
2026-09-04 08:48:05.764335,-582.3333479751584,-1193.3643399523726,239.57471299485124,38.336048820199835
2026-09-04 08:48:05.871278,-582.8382804759756,-1194.2501373566683,239.37192363478482,35.67467149212545
2026-09-04 08:48:05.969944,-583.6399339089836,-1195.6041445406538,239.51546052923544,35.484999217273085
2026-09-04 08:48:06.069067,-584.4376263711367,-1196.9591935991796,239.75949422095195,35.21649582202322
2026-09-04 08:48:06.170524,-585.2420537558787,-1198.339093399386,239.6913724486622,35.334404917476085
2026-09-04 08:48:06.271337,-586.0456863566276,-1199.7138705019172,239.77034337823324,35.57136897025939
2026-09-04 08:48:06.370174,-586.8369800951772,-1201.071832007789,239.95837078119317,35.62059650198195
2026-09-04 08:48:06.471150,-587.6419540328112,-1202.463751236756,240.2860650396527,35.683242042649454
2026-09-04 08:48:06.570945,-590.5214356334586,-1206.9146788588575,239.44343152533963,36.93507801968041
2026-09-04 08:48:06.678040,-591.4204167738463,-1208.4374061518129,239.28763232692086,37.11849473714417
2026-09-04 08:48:06.779128,-592.2771121978998,-1209.87953648595,239.38944334612938,37.19269279548347
2026-09-04 08:48:06.880179,-593.1326378102774,-1211.3255431654263,239.10673847232195,37.348981478752854
2026-09-04 08:48:06.979776,-593.9864481024285,-1212.7525370407946,239.2627752467952,37.2810994974145
2026-09-04 08:48:07.079695,-594.8375671105002,-1214.1838656790956,239.3634089048782,37.407698338891215
2026-09-04 08:48:07.180149,-595.6936116588278,-1215.629250427282,239.57699526126285,37.515664086503286
2026-09-04 08:48:07.280109,-596.5425220320764,-1217.07485297833,239.2973426186785,37.53051279970568
2026-09-04 08:48:07.380394,-597.4016009078259,-1218.521553853659,238.94944589074382,37.83108149706777
2026-09-04 08:48:07.488917,-598.348259481668,-1220.0939140861597,238.40294990518834,37.825391832132865
2026-09-04 08:48:07.579935,-599.154640630021,-1221.4048191602437,238.32146635425516,37.809485467489885
2026-09-04 08:48:07.680402,-600.0464177242643,-1222.8499400830901,238.00666677954905,37.91044211601407
2026-09-04 08:48:07.780638,-600.9464493874709,-1224.2906648342846,237.6252890614254,38.17320174043247
2026-09-04 08:48:07.888021,-600.9368049195314,-1224.1861014685614,237.530894539965,34.91951661306797
2026-09-04 08:48:07.979054,-601.6996953801844,-1225.385025741397,237.68370137677402,34.78985837673845
2026-09-04 08:48:08.089595,-602.5492520261959,-1226.722910842627,237.78205053455858,34.482136176762594
2026-09-04 08:48:08.278886,-604.1049055400157,-1229.1915312698566,237.5914056544838,34.630998956799054
2026-09-04 08:48:08.386625,-604.9988517860131,-1230.5996982257268,237.54317917019506,34.70254739905254
2026-09-04 08:48:08.478942,-605.7674365547163,-1231.8081433956065,237.68781050355898,34.72432746033061
2026-09-04 08:48:08.587600,-606.669040445882,-1233.2336681739166,237.88236190388187,34.61419043400188
2026-09-04 08:48:08.677980,-607.2852947144288,-1234.211381523287,238.22560857761835,34.159067154479004
2026-09-04 08:48:08.918225,-609.2171193786374,-1237.3302074281576,237.28464010258082,34.45506402591389
2026-09-04 08:48:09.006635,-609.9531046602393,-1238.4759465824848,237.5418735333143,34.518411440295154
2026-09-04 08:48:09.097917,-610.7090671428435,-1239.664485931982,237.91982805242367,34.52399481580406
2026-09-04 08:48:09.197825,-611.5280001960258,-1240.9709812439146,238.15461407103976,34.600818757733194
2026-09-04 08:48:09.298864,-612.3526135067162,-1242.298597021391,238.2789894439469,34.591989937185815
2026-09-04 08:48:09.415121,-613.2978665559539,-1243.8278375333239,238.69530415887516,34.46399190079645
2026-09-04 08:48:09.502689,-613.9988656550961,-1244.980565669251,238.7638997404041,34.562699091428165
2026-09-04 08:48:09.614856,-614.8975828430529,-1246.462416206958,237.98566705790424,34.68325371356769
2026-09-04 08:48:09.820175,-616.5852192289193,-1249.1616961975087,238.92769908584899,34.164763416628375
2026-09-04 08:48:09.917968,-617.3560919599372,-1250.4409844302356,239.08090956694843,33.98360551548977
2026-09-04 08:48:10.023803,-618.1822481812354,-1251.8203476980736,239.613869424594,33.94846350848257
2026-09-04 08:48:10.123738,-618.9494054120881,-1253.1286610459779,239.0099707894679,34.03316732937947
2026-09-04 08:48:10.223024,-619.7271738177216,-1254.4235954380638,238.9544173835623,34.15983171483714
2026-09-04 08:48:10.323068,-620.515066375909,-1255.7325089743947,238.56257468083527,34.13010933261184
2026-09-04 08:48:10.416500,-621.2585815927148,-1256.9487952215616,238.33255182151444,34.19705510368378
2026-09-04 08:48:10.521810,-624.522425740852,-1263.2452095063704,238.9822465808015,36.40765186628195
2026-09-04 08:48:10.623386,-625.3743350774837,-1264.6620301321684,239.11864992689107,36.3978885481225
2026-09-04 08:48:10.722875,-626.2052119819117,-1266.0513503451934,239.25225070364053,36.41092861969049
2026-09-04 08:48:10.823137,-627.0395763454076,-1267.453916135232,239.1961511973364,36.42932656436546
2026-09-04 08:48:10.930338,-627.9336053689362,-1268.9534347443532,239.30411893900873,36.3403376123841
2026-09-04 08:48:11.015367,-628.6387562994468,-1270.1412387697872,239.6656980557593,36.39086067100301
2026-09-04 08:48:11.116298,-629.4680204206928,-1271.5584058495956,239.39462366566391,36.3194236648766
2026-09-04 08:48:11.217199,-630.3020910369863,-1272.9684402510152,239.2139611203936,36.37232423725268
2026-09-04 08:48:11.317967,-631.1407180095189,-1274.3760297922581,239.10119586433945,36.38024886368432
2026-09-04 08:48:11.418379,-631.9793238003518,-1275.7773043353802,239.07872249007198,36.3705974272916
2026-09-04 08:48:11.530373,-632.9150230434124,-1277.3394270604456,239.27924697540908,36.337324782505895
2026-09-04 08:48:11.629084,-633.7341702710085,-1278.7178906208867,239.24610796940414,36.31144858504594
2026-09-04 08:48:11.728875,-634.5624954002242,-1280.1099647760022,239.35777990560314,36.3463276646585
2026-09-04 08:48:11.830677,-635.4055525667285,-1281.5331021383142,239.17550412604092,36.3036293043328
2026-09-04 08:48:11.917878,-636.1307153961217,-1282.7483924707742,239.2438122215199,36.2236229622689
2026-09-04 08:48:12.018379,-636.9629722852095,-1284.1469467748977,239.40126527604298,36.184982998563186
2026-09-04 08:48:12.117931,-637.7826849546884,-1285.5330750641806,239.56837199797909,36.2067302135775
2026-09-04 08:48:12.217649,-638.6002025471747,-1286.924739391677,239.6464851694447,36.157935223196326
2026-09-04 08:48:12.318023,-639.4200812519932,-1288.3247900696485,239.72511221243286,36.174599577197085
2026-09-04 08:48:12.418022,-640.2353575553152,-1289.721373079332,239.92654067297877,36.21479412424545
2026-09-04 08:48:12.517962,-642.2489757668297,-1293.5452064946226,240.19871496374384,37.925254873612765
2026-09-04 08:48:12.618434,-643.0955607910408,-1295.0233504027906,240.06379414594915,37.95334855650468
2026-09-04 08:48:12.723824,-643.9878944577763,-1296.572899492568,239.78074404268898,37.923879717027226
2026-09-04 08:48:12.817069,-644.7835417487022,-1297.9389022224018,240.01030652146898,37.838328044847444
2026-09-04 08:48:12.923812,-645.6860525156726,-1299.502746311986,240.32088075624765,37.93066770020547
2026-09-04 08:48:13.017351,-646.4713956034691,-1300.8807659792765,240.0277891200045,37.95191871731244
2026-09-04 08:48:13.125101,-647.3846722761879,-1302.464380866878,240.03984697204072,38.11856828656239
2026-09-04 08:48:13.223697,-648.2237239444539,-1303.9199979122418,239.81917764872543,38.10392219085508
2026-09-04 08:48:13.323258,-649.0763147921473,-1305.3860241355958,239.9751580226657,38.1422007495411
2026-09-04 08:48:13.423595,-649.9323846942133,-1306.8672971352044,240.109897553033,38.1465844893211
2026-09-04 08:48:13.522390,-650.8978973878895,-1308.3722230078836,239.96951195947204,38.14525947909174
2026-09-04 08:48:13.739074,-652.7470971522778,-1311.5711986167985,240.3089867673474,37.97106743251873
2026-09-04 08:48:13.837658,-653.5759808743499,-1313.0249162380821,240.06628005483685,37.861665798996
2026-09-04 08:48:13.937651,-654.4205094883642,-1314.4915983736762,239.95438206888275,37.861665798996
2026-09-04 08:48:14.037312,-655.2650873665523,-1315.9517641187035,239.95438206888275,37.848603183304455
2026-09-04 08:48:14.133060,-656.0762245512155,-1317.3541152365235,240.01867061923608,37.809280674412626
2026-09-04 08:48:14.259155,-657.1412683208445,-1319.2002141785858,239.90578450489699,37.79936427466372
2026-09-04 08:48:14.340398,-657.8296375059609,-1320.3879897002985,239.80577729559076,37.77451763587022
2026-09-04 08:48:14.437957,-658.6581949225921,-1321.8119241171469,239.98045601288817,37.84015811092558
2026-09-04 08:48:14.537965,-659.5045655045245,-1323.276726837454,240.06998783034976,37.79646445375843
2026-09-04 08:48:14.631232,-659.2316899709816,-1322.789526276246,240.0990864535412,34.92774097763052
2026-09-04 08:48:14.738757,-660.0686271419537,-1324.2449509248088,240.01485774095326,34.9192849652351
2026-09-04 08:48:14.837403,-660.6197849308345,-1325.1962352341648,239.99770169191848,34.253107521529024
2026-09-04 08:48:14.937935,-661.3895369939668,-1326.5293614169302,240.1664534293992,34.2741903664646
2026-09-04 08:48:15.038359,-662.1550074502453,-1327.8641354082706,240.34626190945616,34.402306558527954
2026-09-04 08:48:15.135709,-662.8957409475904,-1329.1652193252667,240.16106337370385,34.39124814163573
2026-09-04 08:48:15.238072,-663.6609525295697,-1330.4990631144433,240.2981521899448,34.27941479860261
2026-09-04 08:48:15.338033,-664.41995355287,-1331.8296338527734,240.27577975472641,34.32046753402617
2026-09-04 08:48:15.437926,-665.1798663708715,-1333.1605952224957,240.21988671465903,34.25587528207445
2026-09-04 08:48:15.537375,-665.936267550738,-1334.4824097607725,239.89714798159827,34.1950460812479
2026-09-04 08:48:15.636370,-666.6952650832541,-1335.7915990113593,240.01900726406285,34.04107225130539
2026-09-04 08:48:15.738318,-667.4705274340854,-1337.1354221237566,240.1330930087855,34.01167502874141
2026-09-04 08:48:15.838448,-668.2286799592969,-1338.4556537713693,240.2339391760195,33.972302765493154
2026-09-04 08:48:15.937287,-668.9738988359952,-1339.7586684239857,240.4219703837773,34.06385055414182
2026-09-04 08:48:16.032073,-669.6863693191043,-1341.0139638162223,240.4431845937653,33.966946106972664
2026-09-04 08:48:16.129354,-670.4150378838356,-1342.298906496755,240.35609411365886,34.03409962476469
2026-09-04 08:48:16.339070,-671.9932063730939,-1345.0720353129022,240.52037319935135,33.999282025948034
2026-09-04 08:48:16.454226,-672.8545341728883,-1346.5956909094334,240.54614645242012,34.00733192081203
2026-09-04 08:48:16.554300,-673.6026351203152,-1347.9204432393792,240.53494758945334,33.960986078577555
2026-09-04 08:48:16.651721,-674.3301628377194,-1349.2081761667525,240.58945747359343,33.88266943605116
2026-09-04 08:48:16.752906,-675.0827872147087,-1350.5432947892727,240.7706285189069,33.8013269177642
2026-09-04 08:48:16.837508,-675.7070303644161,-1351.658903101765,240.72329123825878,33.74957906662112
2026-09-04 08:48:16.937362,-676.4437696957381,-1352.97300856558,240.54450333927446,33.67454170279463
2026-09-04 08:48:17.054138,-677.3082273585813,-1354.5037052027883,240.5575712532362,33.68882719738124
2026-09-04 08:48:17.152970,-678.0398657320512,-1355.7999088543122,240.65711013668843,33.66723726694996
2026-09-04 08:48:17.252682,-678.7752739805856,-1357.10809540023,240.52320989996636,33.67943528055053
2026-09-04 08:48:17.352660,-679.5159757037001,-1358.4185195680975,240.61271486003136,33.681182502555274
2026-09-04 08:48:17.445684,-680.2032878075115,-1359.6389352182473,240.47738580980766,33.70719359775928
2026-09-04 08:48:17.552867,-680.9991475616009,-1361.0443180343877,240.32145859113155,33.756831729623876
2026-09-04 08:48:17.652722,-681.7452526892416,-1362.3535186369056,240.34380730231624,33.783007816355486
2026-09-04 08:48:17.752834,-682.4933457001872,-1363.6673984781407,240.1869636868854,33.775134779267084
2026-09-04 08:48:17.853051,-683.2456455935755,-1364.9802953803523,240.3664015348686,33.760247889601175
2026-09-04 08:48:17.944405,-683.9273614815476,-1366.1786955460836,240.57086241930762,33.901538884953936
2026-09-04 08:48:18.052458,-684.7319812672825,-1367.6049691868604,240.60713769780602,33.97046333977062
2026-09-04 08:48:18.152126,-685.4748360439688,-1368.9237081286635,240.78559256507194,33.851149736681414
2026-09-04 08:48:18.252168,-686.1902870934101,-1370.2035764741809,240.86391819840344,33.61680899848468
2026-09-04 08:48:18.353333,-686.9305057593466,-1371.5315183094028,241.11297914714893,33.672499930434284
2026-09-04 08:48:18.454134,-687.663514725391,-1372.8600729892096,240.966336306682,33.81695152453101
2026-09-04 08:48:18.545560,-688.3342973452072,-1374.0685218547928,240.60824775624897,33.64519160441759
2026-09-04 08:48:18.644879,-689.0674376792433,-1375.3700743844845,240.76384899327326,33.605270383022415
2026-09-04 08:48:18.744537,-689.7986622758923,-1376.6765104623294,240.67463051210586,33.72370120017524
2026-09-04 08:48:18.851204,-690.5862566087874,-1378.0785320925997,240.56720058980136,33.84020866280443
2026-09-04 08:48:18.951288,-691.330271023365,-1379.3971793664507,240.52240066170148,33.667924827744926
2026-09-04 08:48:19.050503,-692.0650870953712,-1380.6971479801994,240.4335787747579,33.6401826234679
2026-09-04 08:48:19.151221,-692.8124633821213,-1382.014565293508,240.6815392416758,33.65162362637033
2026-09-04 08:48:19.352197,-694.3689811442392,-1384.7857098911443,240.79405881136012,34.07654699241371
2026-09-04 08:48:19.569902,-697.3972426779642,-1388.3964128620516,240.43744413415817,34.251742711971815
2026-09-04 08:48:19.669519,-698.1497978727185,-1389.723167701415,240.32596691408486,34.419740830498675
2026-09-04 08:48:19.761939,-698.8538132115723,-1390.9587387815868,240.2845975707833,34.43427707166278
2026-09-04 08:48:19.861653,-699.6146745926368,-1392.291837961159,240.2845975707833,34.35847360958444
2026-09-04 08:48:20.079130,-701.2704660159857,-1395.1929369562488,240.79567335020613,34.41548324169231
2026-09-04 08:48:20.178687,-702.0178187732431,-1396.5299301761456,240.75110931957346,34.50160653847503
2026-09-04 08:48:20.278626,-702.770962789755,-1397.8748266628131,240.2031052911962,34.45270340620499
2026-09-04 08:48:20.378805,-703.5376865373587,-1399.2137700596406,240.12463099965152,34.53061110007746
2026-09-04 08:48:20.478397,-704.3034678104437,-1400.5468303159444,240.0689063778423,34.69334562886683
2026-09-04 08:48:20.578669,-705.2462200987744,-1402.0459251312443,239.79902644683023,34.033630384906495
2026-09-04 08:48:20.678407,-706.0095516317676,-1403.3574087608686,239.74322013377284,34.0327588710319
2026-09-04 08:48:20.777995,-706.7729907167956,-1404.6661434924126,239.84352042441998,33.939647131869854
2026-09-04 08:48:20.994532,-708.423445934107,-1407.5068705016636,239.6981299219775,33.92640238063115
2026-09-04 08:48:21.087854,-709.1375761959303,-1408.7288664150858,239.78167612097312,34.0601362886707
2026-09-04 08:48:21.188686,-709.9102833048562,-1410.0555340412818,241.4178108197625,33.974672180313505
2026-09-04 08:48:21.288877,-710.6382955856254,-1411.3917911992548,241.496294511396,33.9098872372715
2026-09-04 08:48:21.389541,-711.3665138063624,-1412.732795490064,241.56388383579724,33.832481971523464
2026-09-04 08:48:21.487946,-712.5571719649638,-1414.751799791535,241.2664771513262,34.11497301206759
2026-09-04 08:48:21.588617,-713.2952512291685,-1416.0980585933933,241.18761745613963,33.99181970783306
2026-09-04 08:48:21.688472,-714.0265356712677,-1417.4275793600086,241.3328840788401,33.91416398386261
2026-09-04 08:48:21.788886,-714.7568496047857,-1418.7633445061956,241.53514847585666,33.90802203837116
2026-09-04 08:48:21.888689,-715.477897798841,-1420.093295049523,241.4569687204285,34.03011349690954
2026-09-04 08:48:21.989370,-716.2097449719023,-1421.4387790947294,241.27670008364237,34.0565061120838
2026-09-04 08:48:22.088511,-716.9351250215896,-1422.7624346940254,241.46530581587677,33.940422278002956
2026-09-04 08:48:22.189654,-717.6681965511523,-1424.1106370254547,241.52189826731515,33.90683822721891
2026-09-04 08:48:22.290206,-718.3949405360104,-1425.4503537498344,241.5331506212636,33.89190157445854
2026-09-04 08:48:22.389887,-719.1148112301449,-1426.7780219415886,241.36582736156703,33.809155072817184
2026-09-04 08:48:22.486011,-720.482757757761,-1428.4826449207642,240.06854429779804,34.18451543621736
2026-09-04 08:48:22.586807,-721.2513357972396,-1429.8175466456382,240.00086634398792,34.341290487107656
2026-09-04 08:48:22.685944,-722.0122880345764,-1431.135600608125,240.04524237284406,34.239071533686264
2026-09-04 08:48:22.787574,-722.7890103402588,-1432.4833797532146,239.99975041915724,34.14760277180254
2026-09-04 08:48:22.887275,-723.5500011299275,-1433.8014412055868,240.3121498378497,34.317484932445325
2026-09-04 08:48:22.987833,-724.3140557325722,-1435.1416317873375,240.27839076169963,34.373720392359424
2026-09-04 08:48:23.087724,-725.0750716737074,-1436.4746663163694,240.27839076169963,34.440929903463015
2026-09-04 08:48:23.188068,-725.8410335096772,-1437.8163643282999,240.2110162964716,34.4435603308297
2026-09-04 08:48:23.287470,-726.6014251664407,-1439.1446751528918,240.11090333616605,34.46006331084826
2026-09-04 08:48:23.388223,-727.3748732470813,-1440.4903351096839,240.24620150038356,34.525211651181344
2026-09-04 08:48:23.488132,-728.5409222887558,-1442.177806479132,239.74865566337672,34.86935321614275
2026-09-04 08:48:23.589441,-729.3365163031048,-1443.5419605156808,239.85068926326,34.97115596834334
2026-09-04 08:48:23.689151,-730.1194400586812,-1444.8898998069633,241.4016692288062,35.05044146642516
2026-09-04 08:48:24.020899,-732.6076156394555,-1449.4538530136942,241.77291454642156,34.946083774719725
2026-09-04 08:48:24.114867,-733.3019298044451,-1450.7472749053052,241.80446124452283,34.97235882840619
2026-09-04 08:48:24.215938,-734.0485217003951,-1452.1399232720935,241.63480474849257,34.989138900169905
2026-09-04 08:48:24.315215,-734.7862627764529,-1453.5063301115763,241.6459144225213,34.993476328378236
2026-09-04 08:48:24.416500,-735.5387485278701,-1454.900692963989,241.98594584994214,35.10056515327366
2026-09-04 08:48:24.515271,-736.5420011429686,-1456.0317712675048,241.30353361981537,35.141452137619126
2026-09-04 08:48:24.614032,-736.8773234504469,-1456.6518394858492,239.752648567197,33.4991898469464
2026-09-04 08:48:24.716546,-737.6506540084622,-1457.9780321635708,239.4658507380464,33.51979257195423
2026-09-04 08:48:24.816698,-738.4266071356485,-1459.2948798745745,239.14123285634895,33.5370543695988
2026-09-04 08:48:24.917265,-739.199963185827,-1460.5891765413216,239.1637409214204,33.575719708550565
2026-09-04 08:48:25.131263,-740.8464128724719,-1463.3471517803537,239.0679504352935,33.71409389626308
2026-09-04 08:48:25.230928,-741.6185270635198,-1464.6356244285191,239.26870611805344,33.645294692402686
2026-09-04 08:48:25.330163,-742.381250513618,-1465.9186003601724,239.57964538961488,33.6123441839191
2026-09-04 08:48:25.430548,-743.1450095663462,-1467.219337200568,239.96159002261936,33.75093663020467
2026-09-04 08:48:25.530804,-744.0132699312624,-1468.7305764928003,239.57891821312165,33.99533111475429
2026-09-04 08:48:25.632192,-744.7934663713278,-1470.059268769946,239.2498869039324,34.19732352594793
2026-09-04 08:48:25.732160,-745.5748617996517,-1471.3726705010854,239.29463490773213,34.116085829097536
2026-09-04 08:48:25.827282,-746.315638467864,-1472.6200145232253,239.464950193321,34.18341133758111
2026-09-04 08:48:25.927730,-747.0955092717568,-1473.9421223164445,239.768449518388,34.24924017840073
2026-09-04 08:48:26.029895,-747.8830904157808,-1475.293609838141,239.83704666659838,34.317979701499894
2026-09-04 08:48:26.128471,-748.6429645450175,-1476.601148241695,239.83704666659838,34.2292595925611
2026-09-04 08:48:26.229295,-749.418158152269,-1477.935047334547,240.31092394451312,34.167589356116935
2026-09-04 08:48:26.329248,-750.1743270119573,-1479.2613399686813,240.44514781286478,34.10994544771388
2026-09-04 08:48:26.429013,-750.9247022517757,-1480.584666124496,240.60144778982516,34.161378686000724
2026-09-04 08:48:26.653257,-752.1725180470958,-1483.258079802416,240.43738217839893,33.90743628112264
2026-09-04 08:48:26.745559,-752.8628041337222,-1484.4750511351353,240.6542939281117,33.87920745582178
2026-09-04 08:48:26.852014,-753.6529565389641,-1485.880458020955,240.678119796112,33.85967310382027
2026-09-04 08:48:26.951572,-754.3909442138099,-1487.1943606493376,240.64469643742,33.850103752503834
2026-09-04 08:48:27.051090,-755.1291927102867,-1488.506933767929,240.58901322076395,33.82488559878716
2026-09-04 08:48:27.151247,-755.8729104547473,-1489.826228549502,240.57780506961416,33.706736958914334
2026-09-04 08:48:27.250944,-756.6108826048509,-1491.1347326853538,240.5331783717226,33.55341357062694
2026-09-04 08:48:27.351041,-757.3494636808982,-1492.4419359398282,240.7796099813364,33.57090658719145
2026-09-04 08:48:27.451291,-758.0839186425075,-1493.754990884762,240.75717286455443,33.647117521196236
2026-09-04 08:48:27.550911,-759.0203353274305,-1495.4418575988338,240.71956331516475,34.04985984288206
2026-09-04 08:48:27.650958,-759.7651527468488,-1496.7701691504067,240.10379203213353,33.983419584459995
2026-09-04 08:48:27.750634,-760.5199121897369,-1498.0829370980598,240.04802040988014,33.91548375936605
2026-09-04 08:48:27.851203,-761.2811975521774,-1499.4040779122085,240.17181722970116,33.77839483136184
2026-09-04 08:48:27.949182,-762.0171077500734,-1500.6875852007379,240.4349633163064,33.69363660747528
2026-09-04 08:48:28.042563,-762.7111114478586,-1501.9109903104409,240.37226405239966,33.52799546832945
2026-09-04 08:48:28.148905,-763.4990720581224,-1503.2964897482886,240.6340704025355,33.62742199126364
2026-09-04 08:48:28.242105,-764.1861303514552,-1504.5175189121073,240.47762606706817,33.554127375569294
2026-09-04 08:48:28.349634,-764.9809276445159,-1505.9210392884881,240.4415267045178,33.490235127392395
2026-09-04 08:48:28.448203,-765.7089189830982,-1507.2047011762245,240.50770937276963,33.4824834353598
2026-09-04 08:48:28.549415,-766.584973651865,-1509.009992003192,240.80189645671555,33.93973586286866
2026-09-04 08:48:28.649074,-767.3226070186073,-1510.329934095692,241.0695545859575,34.106063164746004
2026-09-04 08:48:28.748846,-768.0584843076741,-1511.661300932822,240.70110736144943,34.08426789055354
2026-09-04 08:48:28.849093,-768.8059739410207,-1512.9933721173925,240.53283402134647,34.02119866017147
2026-09-04 08:48:28.949524,-769.5573587701083,-1514.323217875336,240.75761028823234,33.916767909777214
2026-09-04 08:48:29.048645,-770.2915274303957,-1515.6345788859371,241.0681923564184,34.094323024042716
2026-09-04 08:48:29.149495,-771.0351315453657,-1516.9798497354614,241.10204946206625,33.90485845222028
2026-09-04 08:48:29.249405,-771.7669276632214,-1518.3056081974855,241.2138545661903,33.684858214545805
2026-09-04 08:48:29.350961,-772.5033393172508,-1519.6459036180618,241.56616049531362,33.778035174381614
2026-09-04 08:48:29.449911,-773.214773239045,-1520.9598177465489,241.53294125283617,33.88697834082086
2026-09-04 08:48:29.550759,-774.168679540046,-1522.6985047117828,241.39301283084603,34.035299939296344
2026-09-04 08:48:29.649510,-774.8880798726195,-1524.01759548855,241.59192743906584,34.00509880901438
2026-09-04 08:48:29.750029,-775.6150485256466,-1525.361643235206,241.37820287899427,33.91814331950282
2026-09-04 08:48:29.849513,-776.3376363367038,-1526.6857642180382,241.46726558726115,33.85033835518195
2026-09-04 08:48:29.950436,-777.0671259717025,-1528.0274883901525,241.37691461920178,33.72687677316468
2026-09-04 08:48:30.049801,-777.7848091677158,-1529.342551489851,241.13228514090298,33.5384655274568
2026-09-04 08:48:30.150945,-778.5169372453469,-1530.6705673224646,241.00778051677452,33.420036388006196
2026-09-04 08:48:30.251345,-779.2439664110341,-1531.9825828041583,240.9740744839828,33.41740449265007
2026-09-04 08:48:30.350503,-779.9627074044591,-1533.2778433314172,240.85201455438408,33.358486177174946
2026-09-04 08:48:30.450873,-780.5854920852552,-1534.391984065345,240.88340366179239,32.98585722922642
2026-09-04 08:48:30.551570,-781.4660194330671,-1536.0556568235024,241.00382414601805,33.04100350055198
2026-09-04 08:48:30.650314,-782.1730354642642,-1537.3313483016184,240.92647394842885,32.903813805558244
2026-09-04 08:48:30.752693,-782.9048122775965,-1538.647522495384,240.9837579778309,32.69090114324055
2026-09-04 08:48:30.851011,-783.601758980301,-1539.9040074882369,241.22580981748652,32.56547168642461
2026-09-04 08:48:30.951154,-784.3035266260372,-1541.1818813033578,241.68527978068755,32.66785286141734
2026-09-04 08:48:31.050715,-784.9931667755732,-1542.4618941214515,241.83011869934637,32.80356775130414
2026-09-04 08:48:31.266831,-786.489322565367,-1545.2557383673543,241.03202564346117,32.813009894345036
2026-09-04 08:48:31.365560,-787.1907297327749,-1546.5227801037252,240.83315534994586,32.729328265953285
2026-09-04 08:48:31.465823,-787.8534612790947,-1547.708370875005,240.9446833510605,32.42522083025404
2026-09-04 08:48:31.567136,-788.3373756231867,-1549.5486352515604,242.49410163432003,32.34166761086933
2026-09-04 08:48:31.665416,-788.9936197286538,-1550.808951654761,242.73605992071066,32.228309466184285
2026-09-04 08:48:31.872559,-790.3607351177957,-1553.46178439902,242.64333789215067,32.20115913253126
2026-09-04 08:48:31.970432,-791.0081652109836,-1554.7131193503365,242.52285975130866,32.18319956620331
2026-09-04 08:48:32.070259,-791.670833523711,-1555.9873343211907,242.60105830691447,32.154413944740455
2026-09-04 08:48:32.169766,-792.3290542465438,-1557.2572282317813,242.4785687708752,32.17875981563568
2026-09-04 08:48:32.270153,-792.9544983629811,-1558.4590712021231,242.3547850969627,31.863631806882978
2026-09-04 08:48:32.369385,-793.6103519933588,-1559.7111958373662,242.2104247994933,31.76565036226952
2026-09-04 08:48:32.469994,-794.2764485131435,-1560.9751176691916,242.22168353207343,31.76301298816709
2026-09-04 08:48:32.569620,-794.3898501212304,-1562.9643566131633,244.24272585027487,31.80807324512422
2026-09-04 08:48:32.670011,-795.0101874000443,-1564.2500317400963,244.35506922139007,31.748422298061318
2026-09-04 08:48:32.769801,-795.623152300438,-1565.5268177421035,244.12056050539434,31.685640583897037
2026-09-04 08:48:32.869550,-796.23986193848,-1566.7980418787872,244.29916040260215,31.628114324362095
2026-09-04 08:48:32.969995,-796.8557611944541,-1568.0777380169811,244.61389104332358,31.680775824171956
2026-09-04 08:48:33.076063,-797.4542943858028,-1569.3443326426768,244.2688167639689,31.319001834123963
2026-09-04 08:48:33.168675,-798.0172326848924,-1570.512404715378,244.10299561608562,31.28501347458119
2026-09-04 08:48:33.275999,-798.6727998966201,-1571.8626717650388,243.71866985105675,31.285951275169506
2026-09-04 08:48:33.368133,-799.2433617557058,-1573.0180636374462,243.61556654344622,31.18129219125084
2026-09-04 08:48:33.475033,-799.2555352435348,-1575.5018222158194,246.88286546911147,31.205179085151954
2026-09-04 08:48:33.568519,-799.7675510934101,-1576.7012325229923,247.18625266454748,31.13492708728823
2026-09-04 08:48:33.676450,-800.3500262669277,-1578.0859560674378,247.2345650925055,30.989688982896006
2026-09-04 08:48:33.773967,-800.8727946480287,-1579.3316760509392,247.30004141122555,30.983724235963404
2026-09-04 08:48:33.873583,-801.4052582556088,-1580.6045738618532,247.5006983930528,30.995910505648443
2026-09-04 08:48:33.974750,-801.9416925498828,-1581.8996854610086,247.85165484990046,31.0966865652572
2026-09-04 08:48:34.074309,-802.4634746702139,-1583.1815758474818,248.1190444051759,31.194120939138735
2026-09-04 08:48:34.174354,-802.983410643531,-1584.476200475988,248.48849978921055,31.40829906952136
2026-09-04 08:48:34.274381,-803.4984076533086,-1585.7828273927491,248.01836844669316,31.497451064449105
2026-09-04 08:48:34.375945,-804.03370148841,-1587.1089499986315,247.90471242031686,31.526737558666625
2026-09-04 08:48:34.475900,-804.5635951964946,-1588.4142288036473,248.31857762876513,31.70840684441287
2026-09-04 08:48:34.576366,-802.3751796869077,-1591.0151023383899,255.74637063167012,31.81852558421794
2026-09-04 08:48:34.675952,-802.7022472594265,-1592.3347992571632,255.56432470906972,31.78009516901643
2026-09-04 08:48:34.776363,-803.0578727062856,-1593.7162972694794,255.60927100998134,31.816068346402684
2026-09-04 08:48:34.876564,-803.4120733034449,-1595.0967447952191,255.73261483504558,31.91675769851603
2026-09-04 08:48:34.975958,-803.761575181953,-1596.4711635951082,255.6658782329879,31.926311286422035
2026-09-04 08:48:35.082121,-804.1367009926242,-1597.939187508836,255.47579411297392,31.955996269868706
2026-09-04 08:48:35.175650,-804.471784857811,-1599.232606211923,255.3815961585624,31.91349877943161
2026-09-04 08:48:35.282523,-804.8565928221257,-1600.7079638210537,255.4533544223581,31.90509404181026
2026-09-04 08:48:35.375231,-805.1887075386156,-1601.9878567054423,255.65047115168403,31.93749746208585
2026-09-04 08:48:35.481300,-801.5586425761641,-1605.1726118241188,267.2340837242824,32.028344885574214
2026-09-04 08:48:35.581908,-801.6423799265385,-1606.6636214226453,267.00619722747126,32.187849120331386
2026-09-04 08:48:35.680920,-801.7167895469177,-1608.0863859871406,267.538038138829,32.35223143231689
2026-09-04 08:48:35.781120,-801.7790401241067,-1609.5342150504534,268.31173259273044,32.25066753423171
2026-09-04 08:48:35.880499,-801.8212520796575,-1610.966373774702,267.7890414368812,32.23329999581233
2026-09-04 08:48:35.980760,-801.9001930116029,-1612.55002204059,267.8809197247758,32.46216626933657
2026-09-04 08:48:36.081007,-801.9539854248727,-1614.0038002898646,267.589245935264,32.497204730659945
2026-09-04 08:48:36.180609,-802.0321388566192,-1615.580011249797,267.2755258556337,32.97571894701624
2026-09-04 08:48:36.280540,-802.1021613018825,-1617.051475494532,266.8505771591184,33.01064695961019
2026-09-04 08:48:36.371441,-802.1758598104585,-1618.3908827562539,266.8098877555753,33.04877316196345
2026-09-04 08:48:36.479090,-800.6971583391644,-1620.5028209521636,270.9237040910607,33.04157179682484
2026-09-04 08:48:36.572366,-800.6749473234916,-1621.880412774255,270.63143652927135,32.85574069110723
2026-09-04 08:48:36.677899,-800.657865107464,-1623.4303694417786,270.14723649904965,32.70266366290506
2026-09-04 08:48:36.772157,-800.654323991863,-1624.8083601805488,270.2316206488207,32.55358673117076
2026-09-04 08:48:36.998720,-800.6471129970181,-1628.3274539739305,270.0011923525822,32.25416068280596
2026-09-04 08:48:37.096397,-800.6470836876466,-1629.735848868109,270.15422109863107,31.873497546537397
2026-09-04 08:48:37.196995,-800.6432254756338,-1631.1692372494667,270.1654786002472,31.506063599071847
2026-09-04 08:48:37.298101,-800.6391126901196,-1632.5932558019947,270.1654786002472,31.165928610452262
2026-09-04 08:48:37.397605,-800.6369685001946,-1634.1971547535688,270.02212442313714,31.52135315846603
2026-09-04 08:48:37.497619,-799.2359306163179,-1635.715764009236,273.7008209332786,31.017673974230746
2026-09-04 08:48:37.596873,-799.1469870959027,-1637.1892859979985,273.8377113434377,31.016366182857173
2026-09-04 08:48:37.698168,-799.0529822599377,-1638.5906480949393,273.89438884329877,30.597704900100037
2026-09-04 08:48:37.797472,-798.9587358705189,-1640.0193241370275,273.835075166278,30.52504215607847
2026-09-04 08:48:37.897387,-798.8675431320369,-1641.379702600049,273.79035088651193,30.1312918677234
2026-09-04 08:48:37.997576,-798.7759595204377,-1642.7812960294684,273.80528964440737,29.932690159030624
2026-09-04 08:48:38.097466,-798.6872521074579,-1644.1149882609695,273.72704173833523,29.459609764938374
2026-09-04 08:48:38.197876,-798.600488070698,-1645.449840316591,273.59289561489663,29.063257859543395
2026-09-04 08:48:38.297902,-798.5190474858332,-1646.7468676799517,273.5593151404343,28.57117872862111
2026-09-04 08:48:38.399291,-798.436513257725,-1648.0766182589086,273.6058091193971,28.2561978306379
2026-09-04 08:48:38.497971,-797.219650925426,-1649.3709206690016,276.6794629940614,27.836539023266905
2026-09-04 08:48:38.598927,-797.0742525087123,-1650.6078661444626,276.5091380053492,27.428624481251966
2026-09-04 08:48:38.697422,-796.937343869619,-1651.8077963375401,276.3768720412131,27.03358498359795
2026-09-04 08:48:38.798629,-796.801538580703,-1653.0228533386553,276.2522673977484,26.70522737996586
2026-09-04 08:48:38.897395,-796.6731274154833,-1654.1949387111185,276.37384478945404,26.322046274807484
2026-09-04 08:48:38.998861,-796.5410699643163,-1655.376501309016,276.5099537506054,26.153163027147787
2026-09-04 08:48:39.097801,-796.409921576387,-1656.5258007345099,276.6871051388874,25.939621418734667
2026-09-04 08:48:39.197735,-796.2803730347613,-1657.625491200964,276.80917960341594,25.431362539423848
2026-09-04 08:48:39.299768,-796.1428403099609,-1658.777305670416,276.84343386281665,25.31635031142132
2026-09-04 08:48:39.399192,-796.0151843747548,-1659.8366981145,276.8761446098675,24.787238907727556
2026-09-04 08:48:39.610959,-795.3232171698896,-1661.8900984611662,278.15274032086427,23.713495159561987
2026-09-04 08:48:39.701041,-795.1877935464254,-1662.8353958627413,278.15274032086427,23.586765710715127
2026-09-04 08:48:39.802130,-795.0429336917125,-1663.8387252512266,277.94732551305106,23.03822838580176
2026-09-04 08:48:39.902422,-794.9001210608407,-1664.8617130576063,278.0483348389697,22.832285020834416
2026-09-04 08:48:40.101548,-794.6214198956008,-1666.8299183673917,278.64924771235815,22.1085231367951
2026-09-04 08:48:40.201451,-794.4836011312963,-1667.7281132601995,278.73765972837157,21.440454166583077
2026-09-04 08:48:40.301831,-794.3374455579416,-1668.6790634454342,278.4905313931264,21.243978459711208
2026-09-04 08:48:40.401650,-794.2123778226451,-1669.5121545793615,278.21041883950465,20.471768302728478
2026-09-04 08:48:40.502347,-794.0303743990486,-1670.6287316261275,278.06310674112314,20.35300129616843
2026-09-04 08:48:40.601524,-793.9144736678816,-1671.4445794207452,277.96034940514176,19.62077053843244
2026-09-04 08:48:40.706889,-793.7864853786868,-1672.3598588950144,277.96034940514176,19.475302658740468
2026-09-04 08:48:40.800165,-793.6888442431956,-1673.057577840463,277.9893718964182,18.6596647402434
2026-09-04 08:48:40.907871,-793.5639703003609,-1673.9472995915664,278.1099011782197,18.621078061059208
2026-09-04 08:48:41.001042,-793.4704284340673,-1674.6021213358092,278.1292906716217,18.047965440146843
2026-09-04 08:48:41.219732,-793.242719165287,-1676.1949023155732,278.03015018957166,17.158958602199487
2026-09-04 08:48:41.310202,-793.1457753258569,-1676.8820696348707,277.96940547270583,17.21745780668902
2026-09-04 08:48:41.528251,-792.7938793532594,-1678.527883838871,278.25819350696554,16.181192046916102
2026-09-04 08:48:41.627969,-792.6902725801184,-1679.2417284484561,278.39210180090663,16.20297552476484
2026-09-04 08:48:41.727873,-792.6122134827318,-1679.766298463842,278.3876493654497,15.041784509659683
2026-09-04 08:48:41.827530,-792.514463007032,-1680.4292522167657,278.43225815841015,15.104482548425791
2026-09-04 08:48:41.928602,-792.4395758048481,-1680.931662620471,278.38457391946577,14.193147718138539
2026-09-04 08:48:42.027418,-792.3481519413829,-1681.5519393535124,278.3624577485737,14.273449257150709
2026-09-04 08:48:42.127471,-792.2786512768344,-1682.0242637191332,278.39463727120636,13.431907093956298
2026-09-04 08:48:42.227064,-792.1913466460364,-1682.6158726781994,278.3612021624034,13.505878077047855
2026-09-04 08:48:42.327457,-792.1302383070184,-1683.031584097557,278.2927655918957,12.463501992028501
2026-09-04 08:48:42.427282,-792.0500178406214,-1683.5819618928351,278.22573960138914,12.37191321326989
2026-09-04 08:48:42.863757,-791.724932994709,-1685.6332589851856,278.2334479480868,10.422421961425163
2026-09-04 08:48:42.963893,-791.6762485906255,-1685.970684949835,278.2092009423915,9.519898624927746
2026-09-04 08:48:43.064391,-791.6151786548869,-1686.3939993979943,278.18670832032313,9.427692373110235
2026-09-04 08:48:43.173218,-791.5718631280081,-1686.6965214054849,278.161029030259,8.407270962905752
2026-09-04 08:48:43.269754,-791.5203588252376,-1687.05566672721,278.1394231499032,8.318699819943154
2026-09-04 08:48:43.375099,-791.488352534063,-1687.281151347678,278.1149697365373,7.274301147658939
2026-09-04 08:48:43.468544,-791.4454576946845,-1687.581982728928,278.09405565795686,7.188565976798949
2026-09-04 08:48:43.568488,-791.4253183732083,-1687.7255172198682,278.07108607827763,6.098812267699208
2026-09-04 08:48:43.667448,-791.3874372009666,-1687.9926505290625,278.0489376785096,6.008017120732494
2026-09-04 08:48:43.769797,-791.3689922846652,-1688.1246531028473,278.02572546168557,5.120982032874674
2026-09-04 08:48:43.869655,-791.3370752147645,-1688.3510173459633,278.00337607906596,5.029362976833828
2026-09-04 08:48:43.971605,-791.3273231979908,-1688.422142008625,277.98034316990294,4.06140195541853
2026-09-04 08:48:44.070137,-791.3024865217832,-1688.5993051390706,277.9582905615163,3.97099949562746
2026-09-04 08:48:44.170225,-791.2958392954441,-1688.6483073384231,277.9357773842376,3.1706497514353913
2026-09-04 08:48:44.270606,-791.2761955833414,-1688.7892255375975,277.91331094813097,3.0785508463458022
2026-09-04 08:48:44.371466,-791.2732753122723,-1688.8115588488565,277.89067230214255,2.34544561440561
2026-09-04 08:48:44.471127,-791.258929845914,-1688.9150648251655,277.86836701041574,2.254007304564768
2026-09-04 08:48:44.570877,-791.2711291629323,-1688.8289424864433,277.86829979503096,1.2233840808943364
2026-09-04 08:48:44.669601,-791.2711330608979,-1688.8294090714567,277.86828435114654,0.8979332073471168
2026-09-04 08:48:46.668122,-791.2735935357341,-1688.8120245024616,277.86827126212233,0.5184221602955008
2026-09-04 08:48:46.767978,-791.2726876196318,-1688.8186721398488,277.86826838038604,0.3953857273956988
2026-09-04 08:48:46.866725,-791.2720139880432,-1688.8235993145965,277.8682667354061,0.2959306432674029
2026-09-04 08:48:46.974607,-791.2713663581875,-1688.828314638339,277.8682658297247,0.21768867677833112
2026-09-04 08:48:47.066318,-791.2710912906934,-1688.8303207955114,277.86826533844544,0.1605250702293707
2026-09-04 08:48:47.167148,-791.270803562514,-1688.8324113324563,277.8682650727374,0.1177367734594433
2026-09-04 08:48:47.266711,-791.2706034851905,-1688.8338636771944,277.86826493008255,0.08618364022150171
2026-09-04 08:48:47.366223,-791.270458391294,-1688.834916032966,277.868264853722,0.06302234467306415
2026-09-04 08:48:47.474481,-791.2703240166466,-1688.8358896752,277.86826481317075,0.04576781026109846
2026-09-04 08:48:47.573866,-791.2702509024898,-1688.8364194207245,277.86826479172476,0.03333005416406003
2026-09-04 08:48:47.665779,-791.2702103974075,-1688.8367128848517,277.86826478027194,0.024441423797123038
2026-09-04 08:48:47.774597,-791.270157543462,-1688.8370955344496,277.86826477416616,0.017769078802180142
2026-09-04 08:48:47.861953,-791.2701403530314,-1688.8372200299189,277.86826477090307,0.01306214423922072
2026-09-04 08:48:47.974510,-791.2701092018688,-1688.8374454971213,277.86826476916167,0.009482832947946121
2026-09-04 08:48:48.073019,-791.2700945616663,-1688.8375514638922,277.8682647682406,0.006909013239597106
2026-09-04 08:48:48.174214,-791.2700828088387,-1688.837636523613,277.86826476775167,0.005033471860448895
2026-09-04 08:48:48.274107,-791.2700746161469,-1688.837695814665,277.8682647674919,0.0036704341571154224
2026-09-04 08:48:48.361652,-791.2700709925701,-1688.837722039517,277.86826476735246,0.002702147370979316
2026-09-04 08:48:48.462571,-791.4678311619152,-1689.8532352378961,276.5189538395086,0.020146585136956774
2026-09-04 08:48:48.562182,-791.4677939395808,-1689.853635727701,276.518945937909,0.014741372188779111
2026-09-04 08:48:48.662010,-791.467768463786,-1689.8538986502588,276.5189417119373,0.010774893975609759
2026-09-04 08:48:48.762357,-791.4677506376942,-1689.8540759889288,276.5189394563191,0.007868227717324228
2026-09-04 08:48:48.862006,-791.4677384398267,-1689.8541941139554,276.51893825351357,0.0057456985178095405
2026-09-04 08:48:48.962050,-791.4677297223386,-1689.8542764685842,276.5189376122995,0.004194542140309633
2026-09-04 08:48:49.061800,-791.4677235753209,-1689.8543334954763,276.5189372705455,0.003062339303564614
2026-09-04 08:48:49.166997,-791.46771844532,-1689.8543801056132,276.5189370891019,0.0022269617208819483
2026-09-04 08:48:49.266329,-791.467715396836,-1689.854407693212,276.51893699293885,0.0016230048330627838
2026-09-04 08:48:49.366922,-791.4677130939231,-1689.8544283297467,276.51893694185003,0.0011831247471248822
2026-09-04 08:48:49.466186,-791.4139323148958,-1690.4187812172354,276.41898767105044,0.014041503746528607
2026-09-04 08:48:49.567505,-791.4139036668629,-1690.4190521135547,276.41897331551445,0.010239266069690021
2026-09-04 08:48:49.667789,-791.4138850629836,-1690.4192261229693,276.4189656804078,0.007468086024735432
2026-09-04 08:48:49.768200,-791.4138723870683,-1690.4193433946414,276.4189616187699,0.005446969284997857
2026-09-04 08:48:49.866952,-791.4138640267562,-1690.419420156726,276.41895945544877,0.003977673170771637
2026-09-04 08:48:50.082707,-791.4138380295026,-1690.4196524417541,276.41895839198594,0.0026776651006523875
2026-09-04 08:48:50.180178,-791.4138359633786,-1690.4196713761637,276.41895788935545,0.0018799903393819414
2026-09-04 08:48:50.280417,-791.4138340645811,-1690.4196885398298,276.4189576369504,0.001344638250642159
2026-09-04 08:48:50.380710,-791.4138325933873,-1690.4197017644083,276.41895750660956,0.0009708185403516294
2026-09-04 08:48:50.706287,-791.3208838967529,-1690.8262953290891,276.5248387598798,0.01582794205951354
2026-09-04 08:48:50.923633,-791.320789865515,-1690.827120561767,276.5248236279904,0.009934125625202041
2026-09-04 08:48:51.017071,-791.3207892560021,-1690.8271272193613,276.5248171487825,0.006777245269115889
2026-09-04 08:48:51.123234,-791.3207831624654,-1690.8271811333043,276.52481404456296,0.004759487284544369
2026-09-04 08:48:51.217199,-791.3207806727771,-1690.82720322267,276.5248124781121,0.0034199325668436307
2026-09-04 08:48:51.322805,-791.32077652813,-1690.8272396268187,276.52481166662733,0.002465606370503075
2026-09-04 08:48:51.648215,-791.3207492408259,-1690.827478280686,276.52481130199254,0.0015367220500763286
2026-09-04 08:48:51.734765,-791.3207499613295,-1690.8274720130587,276.5248111466822,0.0010501852351786402
2026-09-04 08:48:51.834945,-791.320749417741,-1690.827476781162,276.52481107176766,0.000741244311429299
2026-09-04 08:48:51.935704,-791.3207488530136,-1690.8274817264858,276.52481103386174,0.0005313820971246888
2026-09-04 08:48:52.034889,-791.3207483987683,-1690.8274857020922,276.5248110142033,0.00038441698016313273
2026-09-04 08:48:52.135004,-791.3207480047038,-1690.8274891496078,276.5248110038731,0.00027923350319816054
2026-09-04 08:48:52.234499,-791.3207477003846,-1690.827491811461,276.5248109984084,0.000203357964913041
2026-09-04 08:48:52.452373,-791.3207464014531,-1690.8275031688593,276.52481099573663,0.00013651832918657887
2026-09-04 08:48:52.548658,-791.2928138242692,-1691.1163560081955,276.49373583032104,0.008365609453973636
2026-09-04 08:48:52.647635,-791.2928002817569,-1691.116477797104,276.49373104037596,0.005988690837997744
2026-09-04 08:48:52.748234,-791.2927907131872,-1691.1165633151497,276.4937285640938,0.004324811476475052
2026-09-04 08:48:52.847429,-791.2927843556504,-1691.1166199314978,276.4937272654459,0.003140676292896982
2026-09-04 08:48:52.947712,-791.2927797078622,-1691.1166611674219,276.4937265791138,0.002285651842650244
2026-09-04 08:48:53.047343,-791.292776461075,-1691.1166899057066,276.49372621502505,0.0016660810449103409
2026-09-04 08:48:53.147208,-791.2927741076064,-1691.1167106956632,276.4937260214379,0.0012152884676476028
2026-09-04 08:48:53.247968,-791.2927723607801,-1691.1167261027824,276.4937259184662,0.0008862111383399503
2026-09-04 08:48:53.349984,-791.2927710522191,-1691.1167376311942,276.49372586376853,0.0006455513652213975
2026-09-04 08:48:53.448829,-791.292770199483,-1691.1167451399347,276.493725834694,0.0004710660120954278
2026-09-04 08:48:53.549603,-791.2772830513818,-1691.2942987573226,276.4743803263724,0.005147761599483119
2026-09-04 08:48:53.645950,-791.2772734560305,-1691.2943842311622,276.4743783496831,0.0037663836849844215
2026-09-04 08:48:53.745942,-791.277266432368,-1691.2944466153028,276.4743772927406,0.0027525256625384915
2026-09-04 08:48:53.846206,-791.2772616380734,-1691.2944891249313,276.47437672869796,0.002009949630690987
2026-09-04 08:48:53.945764,-791.2772584003096,-1691.2945177959386,276.4743764279136,0.001467825922265723
2026-09-04 08:48:54.046207,-791.2772560820295,-1691.2945382991118,276.4743762675993,0.0010712782874344707
2026-09-04 08:48:54.147389,-791.2772544159762,-1691.2945530199834,276.47437618227866,0.0007811898144781949
2026-09-04 08:48:54.247016,-791.2772532889285,-1691.2945629725878,276.47437613687856,0.0005700391904376503
2026-09-04 08:48:54.347262,-791.2772524651948,-1691.2945702425247,276.4743761127065,0.0004159231747057415
2026-09-04 08:48:54.447229,-791.2772518779641,-1691.2945754231516,276.474376099836,0.0003035210263361057
2026-09-04 08:48:54.547895,-791.2624215975345,-1691.4158392049728,276.4704996442034,0.003738313809576563
2026-09-04 08:48:54.646989,-791.262414232826,-1691.4159044514802,276.47049856906625,0.002729828135200249
2026-09-04 08:48:54.747540,-791.2624091473643,-1691.4159494565038,276.47049799613694,0.0019921082222980357
2026-09-04 08:48:54.847229,-791.262405773491,-1691.4159792928187,276.47049769094065,0.00145416461632741
2026-09-04 08:48:54.946924,-791.2624034435813,-1691.415999883132,276.47049752829435,0.0010616414415623196
2026-09-04 08:48:55.046592,-791.2624018147558,-1691.4160142699043,276.4704974415951,0.0007751480101740703
2026-09-04 08:48:55.146638,-791.2624006505189,-1691.4160245486037,276.47049739538556,0.0005658407302398515
2026-09-04 08:48:55.246472,-791.2623998271221,-1691.4160318158038,276.4704973707611,0.0004130657453007052
2026-09-04 08:48:55.347010,-791.2623992243862,-1691.4160371340606,276.4704973576452,0.00030139026943844287
2026-09-04 08:48:55.446775,-791.2623988016755,-1691.4160408632217,276.47049735066037,0.0002199732074175556
2026-09-04 08:48:55.554026,-791.2581455628746,-1691.488357756413,276.46251591886687,0.0023601919773226484
2026-09-04 08:48:55.646017,-791.2581417475365,-1691.4883915940152,276.4625153925655,0.0017281282633357508
2026-09-04 08:48:55.751829,-791.2581381301598,-1691.4884236116425,276.4625151120231,0.0012580888707512754
2026-09-04 08:48:55.851274,-791.2581360473524,-1691.4884420429928,276.4625149631015,0.0009173499285173234
2026-09-04 08:48:55.952218,-791.2581345469546,-1691.4884553121597,276.4625148839433,0.0006687283935035749
2026-09-04 08:48:56.051947,-791.2581335347131,-1691.488464260858,276.4625148418462,0.0004878556698796736
2026-09-04 08:48:56.151779,-791.2581328154348,-1691.488470617414,276.46251481943443,0.0003560198668098855
2026-09-04 08:48:56.253537,-791.2581322725072,-1691.4884754140157,276.46251480751357,0.0002594909738800376
2026-09-04 08:48:56.352361,-791.2581319185355,-1691.4884785408276,276.4625148011712,0.00018941535363159717
2026-09-04 08:48:56.452510,-791.2581316509835,-1691.4884809038338,276.46251479779244,0.00013823927002343923
2026-09-04 08:48:56.553200,-791.254775809312,-1691.6015129595742,276.4489298413481,0.003583835200501261
2026-09-04 08:48:56.652407,-791.2547688759558,-1691.6015745306318,276.448929231123,0.002616860374893154
2026-09-04 08:48:56.753164,-791.2547640603107,-1691.6016172580653,276.4489289060203,0.001909318979988613
2026-09-04 08:48:56.852693,-791.2547608881666,-1691.6016453877592,276.44892873286835,0.0013937581327427904
2026-09-04 08:48:56.952543,-791.2547586720724,-1691.601665028572,276.4489286405993,0.0010174357053611758
2026-09-04 08:48:57.053225,-791.2547570830227,-1691.6016791055465,276.4489285914591,0.0007422812787595466
2026-09-04 08:48:57.159331,-791.2547557891538,-1691.601690562287,276.4489285654151,0.0005392349751473471
2026-09-04 08:48:57.252381,-791.2547551884846,-1691.6016958816615,276.44892855157053,0.00039458326865777604
2026-09-04 08:48:57.359697,-791.2547544976073,-1691.6017019966457,276.44892854420584,0.0002868508271887942
2026-09-04 08:48:57.452331,-791.2547541941817,-1691.601704682539,276.44892854028546,0.00021004519536659574
2026-09-04 08:48:57.559836,-791.2455389117292,-1691.7626295840978,276.43729363353407,0.005240121743798986
2026-09-04 08:48:57.657290,-791.2455293078659,-1691.762714967096,276.43729293303693,0.003824658640166823
2026-09-04 08:48:57.758102,-791.245522304201,-1691.762777181358,276.43729256009465,0.002789823189715766
2026-09-04 08:48:57.856861,-791.2455177870972,-1691.7628172915443,276.43729236143116,0.0020373661029037178
2026-09-04 08:48:57.958154,-791.2455144280817,-1691.7628471026176,276.4372922556105,0.0014860351965473868
2026-09-04 08:48:58.057585,-791.2455122035469,-1691.762866840082,276.4372921992731,0.0010846650485045232
2026-09-04 08:48:58.157565,-791.2455106000106,-1691.762881063683,276.43729216925936,0.0007916831779224929
2026-09-04 08:48:58.257412,-791.2455094607776,-1691.7628911668442,276.4372921532687,0.0005778879064108817
2026-09-04 08:48:58.358177,-791.245508620215,-1691.7628986200486,276.43729214475377,0.0004215647274151224
2026-09-04 08:48:58.457474,-791.1947661167978,-1691.9493434580797,276.45514123990756,0.006461869734214429
2026-09-04 08:48:58.558721,-791.1947530216263,-1691.949458940402,276.45514055576854,0.004713284902478388
2026-09-04 08:48:58.657257,-791.1947448344241,-1691.9495311647354,276.4551401912974,0.003442523874393701
2026-09-04 08:48:58.749212,-791.1947402043306,-1691.9495720136415,276.4551399957837,0.002528353243549159
2026-09-04 08:48:58.855647,-791.1947353354285,-1691.9496150075072,276.45513989112203,0.0018428399277875761
2026-09-04 08:48:58.956025,-791.1947324765289,-1691.9496402546504,276.455139835501,0.0013436592779985982
2026-09-04 08:48:59.048810,-791.1947308976115,-1691.9496541985502,276.4551398057614,0.0009853325152988626
2026-09-04 08:48:59.157534,-791.194729056289,-1691.9496704669298,276.4551397899053,0.0007163950895982539
2026-09-04 08:48:59.254489,-791.1947281412818,-1691.9496785509625,276.4551397814897,0.0005229559064542058
2026-09-04 08:48:59.356164,-791.1947273658136,-1691.949685403178,276.4551397770112,0.0003812486554637324
2026-09-04 08:48:59.455931,-791.194726840918,-1691.949690041522,276.4551397746293,0.00027813333323020213
2026-09-04 08:48:59.556533,-791.1255484127314,-1692.1517337953817,276.47892231162933,0.006826357730919454
2026-09-04 08:48:59.656313,-791.125535000774,-1692.1518514650907,276.47892176935704,0.004982037142494343
2026-09-04 08:48:59.756104,-791.1255260270439,-1692.1519302549457,276.47892148047197,0.003636610062560979
2026-09-04 08:48:59.856524,-791.1255198134621,-1692.1519848473079,276.47892132660564,0.002653538695490953
2026-09-04 08:48:59.956730,-791.1255155455686,-1692.1520223638313,276.47892124468694,0.0019361372822410147
2026-09-04 08:49:00.056627,-791.1255125837106,-1692.1520484103041,276.4789212010662,0.0014129774479427076
2026-09-04 08:49:00.156544,-791.1255104857046,-1692.1520668661951,276.4789211778318,0.001031276285368783
2026-09-04 08:49:00.256298,-791.1255089962297,-1692.1520799721925,276.47892116545285,0.0007528148794772713
2026-09-04 08:49:00.357544,-791.1255078781255,-1692.1520898126234,276.478921158863,0.0005489940764718217
2026-09-04 08:49:00.456497,-791.1255071312137,-1692.1520963869038,276.4789211553544,0.00040081398179470166
2026-09-04 08:49:00.557761,-791.0463909118607,-1692.3494256169124,276.50379095182655,0.006829313174053412
2026-09-04 08:49:00.656645,-791.046377683873,-1692.349541178431,276.50379053104854,0.004987245631279304
2026-09-04 08:49:00.757233,-791.0463684557664,-1692.3496218739947,276.5037903068073,0.0036394816992506495
2026-09-04 08:49:00.856909,-791.0463623260804,-1692.349675508297,276.50379018735356,0.0026567147284362732
2026-09-04 08:49:00.956904,-791.0463580469475,-1692.3497129724874,276.5037901237067,0.0019391733283882736
2026-09-04 08:49:01.163924,-791.0463459688953,-1692.349818882698,276.50379009225554,0.001312819361047959
2026-09-04 08:49:01.260073,-791.0463449674768,-1692.3498276500848,276.5037900772519,0.0009250747401855792
2026-09-04 08:49:01.478525,-790.9447716976707,-1692.5904059173422,276.5319043742398,0.011402194125638643
2026-09-04 08:49:01.577670,-790.9447579910521,-1692.590524463355,276.5319036698777,0.007928346977423447
2026-09-04 08:49:01.678093,-790.9447479475544,-1692.5906116043548,276.5319033213103,0.005642598988839911
2026-09-04 08:49:01.779722,-790.944740423632,-1692.5906770210484,276.53190314282995,0.004059629049011024
2026-09-04 08:49:01.878384,-790.944735485822,-1692.5907199924723,276.53190304972554,0.0029434640776049817
2026-09-04 08:49:01.979819,-790.9447314641042,-1692.590755035791,276.53190300067945,0.00213855854282743
2026-09-04 08:49:02.075327,-790.9447290758724,-1692.5907758508067,276.53190297464937,0.0015621738810585933
2026-09-04 08:49:02.176076,-790.9447269104,-1692.5907947403787,276.5319029607729,0.0011400489154925046
2026-09-04 08:49:02.276004,-790.9447253692117,-1692.5908081883767,276.53190295338186,0.0008320648065017613
2026-09-04 08:49:02.375942,-790.9447242394517,-1692.5908180488054,276.53190294944466,0.0006073076055827689
2026-09-04 08:49:02.476146,-790.8239071298746,-1692.8723549364304,276.56172666711944,0.010038750849436158
2026-09-04 08:49:02.575990,-790.8238873633405,-1692.8725259151265,276.56172629546467,0.007328322794625366
2026-09-04 08:49:02.677070,-790.8238737117954,-1692.8726441364142,276.56172609758414,0.0053449406718927
2026-09-04 08:49:02.776899,-790.8238647102816,-1692.872722147303,276.56172599227403,0.003900063998251924
2026-09-04 08:49:02.877213,-790.8238583850093,-1692.8727770064509,276.56172593621113,0.0028454326954191742
2026-09-04 08:49:02.977293,-790.823853980226,-1692.8728152305516,276.5617259063659,0.0020762097583275187
2026-09-04 08:49:03.077214,-790.8238508741655,-1692.8728421964897,276.56172589047327,0.0015151973205959908
2026-09-04 08:49:03.176969,-790.8238486666846,-1692.8728613677872,276.5617258820072,0.0011060117796479227
2026-09-04 08:49:03.277274,-790.8238470533322,-1692.8728753831606,276.56172587749757,0.0008070962012775068
2026-09-04 08:49:03.397520,-790.8238451866434,-1692.8728916059204,276.5617258751309,0.0005804316299157767
2026-09-04 08:49:03.487002,-790.8238446994033,-1692.8728958389092,276.56172587388886,0.00042357329219116417
2026-09-04 08:49:03.597942,-790.823843912981,-1692.872902674231,276.5617258732326,0.0003066739848853744
2026-09-04 08:49:03.687310,-790.8238436518402,-1692.872904943678,276.5617258728846,0.00022461172015248175
2026-09-04 08:49:03.776149,-790.8238434485474,-1692.872906710589,276.56172587269674,0.00016559072287752305
2026-09-04 08:49:03.876460,-790.8238432049549,-1692.8729088280509,276.5617258725951,0.00012148276167134203
2026-09-04 08:49:03.976540,-790.8238430297322,-1692.872910351241,276.56172587254053,8.890409287826077e-05
2026-09-04 08:49:04.076281,-790.8238429040855,-1692.8729114434964,276.5617258725114,6.499235133311058e-05
2026-09-04 08:49:04.176117,-790.8238428125741,-1692.872912239024,276.5617258724958,4.748136294598407e-05
2026-09-04 08:49:04.281114,-790.823842735368,-1692.8729129102037,276.5617258724875,3.454625835652084e-05
2026-09-04 08:49:04.381936,-790.8238426867646,-1692.8729133327322,276.56172587248307,2.5156626144007626e-05
2026-09-04 08:49:04.482119,-790.615520572792,-1693.2758764387524,276.6027974791387,0.011372401802613683
2026-09-04 08:49:04.581796,-790.6154969958191,-1693.2760788776595,276.602797194157,0.00829749908507898
2026-09-04 08:49:04.682948,-790.6154808130092,-1693.2762180201626,276.6027970425549,0.006049790803252865
2026-09-04 08:49:04.782105,-790.6154704219612,-1693.2763074368706,276.6027969618755,0.004415754690161595
2026-09-04 08:49:04.882363,-790.6154630399946,-1693.2763710225306,276.6027969189027,0.003222341377751477
2026-09-04 08:49:05.094670,-790.6154418520692,-1693.2765539738475,276.602796897751,0.0021734840597478207
2026-09-04 08:49:05.190378,-790.615432067498,-1693.2766384989047,276.6027968967471,0.002109068305718332
2026-09-04 08:49:05.290579,-790.6154220660627,-1693.2767248987984,276.60279689604965,0.002049178993610505
2026-09-04 08:49:05.393519,-790.615412048582,-1693.276811438221,276.602796895561,0.0019920134580073004
2026-09-04 08:49:05.499537,-790.6154091744047,-1693.2768362534264,276.6027968921313,0.0014382914084657783
2026-09-04 08:49:05.599867,-790.6154074339105,-1693.2768512818084,276.6027968903347,0.0010435248674531266
2026-09-04 08:49:05.699253,-790.6154061659574,-1693.2768622315828,276.60279688938584,0.0007595596299526675
2026-09-04 08:49:05.799797,-790.6154051731252,-1693.276870806518,276.6027968888827,0.0005533466069026124
2026-09-04 08:49:05.900216,-790.6154044394332,-1693.2768771437568,276.60279688861556,0.0004033405362816193
2026-09-04 08:49:06.000419,-790.6154039008968,-1693.2768817955816,276.60279688847356,0.000294131806740195
2026-09-04 08:49:06.098831,-790.6154035268953,-1693.2768850262705,276.6027968883979,0.00021482448936325892
2026-09-04 08:49:06.199283,-790.6154032297508,-1693.276887593142,276.6027968883576,0.00015679659445896004
2026-09-04 08:49:06.299512,-790.6154030137096,-1693.2768894594387,276.6027968883361,0.00011442111369295142
2026-09-04 08:49:06.399529,-790.615402856629,-1693.2768908164162,276.6027968883247,8.350232037823165e-05
2026-09-04 08:49:06.501042,-790.6154027361338,-1693.2768918573543,276.6027968883186,6.08736269769103e-05
2026-09-04 08:49:06.599705,-790.6154026562718,-1693.276892547272,276.6027968883153,4.444440620165506e-05
2026-09-04 08:49:06.698204,-790.615402597737,-1693.2768930529498,276.6027968883136,3.2479350641613325e-05
2026-09-04 08:49:06.798057,-790.615402552682,-1693.2768934421786,276.6027968883127,2.372371189619052e-05
2026-09-04 08:49:06.889223,-790.6154025288339,-1693.2768936482012,276.6027968883122,1.7434399598062877e-05
2026-09-04 08:49:06.998166,-790.6154024967436,-1693.27689392543,276.6027968883119,1.268833363774576e-05
2026-09-04 08:49:07.098097,-790.6154024792602,-1693.2768940764693,276.6027968883118,9.247010385279677e-06
2026-09-04 08:49:07.197930,-790.6154024665456,-1693.276894186311,276.6027968883117,6.744461294915332e-06
2026-09-04 08:49:07.298580,-790.6154024570151,-1693.2768942686448,276.6027968883117,4.918357288135014e-06
2026-09-04 08:49:07.398284,-790.6154024502844,-1693.276894326791,276.6027968883117,3.5888365550485392e-06
2026-09-04 08:49:07.498362,-790.6154024453019,-1693.2768943698345,276.6027968883116,2.618831661667102e-06
2026-09-04 08:49:07.598745,-790.6154024416298,-1693.2768944015584,276.6027968883116,1.9106258276964006e-06
2026-09-04 08:49:07.707137,-790.6154024382795,-1693.2768944305024,276.6027968883116,1.3856961768916212e-06
2026-09-04 08:49:07.798495,-790.6154024369538,-1693.2768944419554,276.6027968883116,1.0143444234955148e-06
2026-09-04 08:49:07.907008,-790.6154024351529,-1693.276894457513,276.6027968883116,7.368999099161721e-07
2026-09-04 08:49:07.994858,-790.6154024345522,-1693.2768944627035,276.6027968883116,5.412924935486358e-07
2026-09-04 08:49:08.096315,-790.6154024337428,-1693.2768944696957,276.6027968883116,3.959990881087801e-07
2026-09-04 08:49:08.195970,-790.615402433189,-1693.2768944744796,276.6027968883116,2.894572755631176e-07
2026-09-04 08:49:08.295977,-790.6154024327808,-1693.276894478006,276.6027968883116,2.1142889280545373e-07
2026-09-04 08:49:08.390807,-790.6154024325319,-1693.2768944801564,276.6027968883116,1.549613178356673e-07
2026-09-04 08:49:08.490952,-790.6154024323091,-1693.2768944820816,276.6027968883116,1.133403613073243e-07
2026-09-04 08:49:08.591279,-790.6154024321465,-1693.2768944834868,276.6027968883116,8.279568212180337e-08
2026-09-04 08:49:08.696383,-790.615402432011,-1693.2768944846569,276.6027968883116,6.023260040372023e-08
2026-09-04 08:49:08.795647,-790.6154024319302,-1693.2768944853556,276.6027968883116,4.390837861198256e-08
2026-09-04 08:49:08.895697,-790.6154024318695,-1693.2768944858806,276.6027968883116,3.202490606136577e-08
2026-09-04 08:49:08.996245,-790.6154024318245,-1693.2768944862698,276.6027968883116,2.3355548693699336e-08
2026-09-04 08:49:09.548430,-790.6154024313082,-1693.27689449073,276.6027968883116,1.2812362029873191e-08
2026-09-04 08:49:09.647870,-790.6154024313137,-1693.276894490683,276.6027968883116,8.261450570543202e-09
2026-09-04 08:49:09.748297,-790.6154024313129,-1693.27689449069,276.6027968883116,5.675539188901717e-09
2026-09-04 08:49:09.846322,-790.6154024313109,-1693.2768944907064,276.6027968883116,4.0222544093819996e-09
2026-09-04 08:49:09.948453,-790.6154024313078,-1693.2768944907332,276.6027968883116,2.8865830461981368e-09
2026-09-04 08:49:10.048848,-790.6154024313053,-1693.276894490755,276.6027968883116,2.0875789550170084e-09
2026-09-04 08:49:10.148801,-790.6154024313032,-1693.276894490773,276.6027968883116,1.5163068873198055e-09
2026-09-04 08:49:10.248682,-790.6154024313016,-1693.2768944907873,276.6027968883116,1.1039457198975852e-09
2026-09-04 08:49:10.348361,-790.6154024313003,-1693.2768944907984,276.6027968883116,8.048422122259061e-10
2026-09-04 08:49:10.448288,-790.6154024312993,-1693.276894490807,276.6027968883116,5.871043438980066e-10
2026-09-04 08:49:10.548566,-790.4637494361166,-1692.8237693096764,276.63129143577726,-0.0064230637490522696
2026-09-04 08:49:10.648148,-790.4637648139004,-1692.8236374434834,276.6312915323432,-0.004688727444997192
2026-09-04 08:49:10.748404,-790.4637749006371,-1692.823550898421,276.6312915837866,-0.003421746979189783
2026-09-04 08:49:10.848440,-790.4637815344189,-1692.823493952862,276.6312916111848,-0.0024971618111008327
2026-09-04 08:49:10.948520,-790.4637860138761,-1692.823455483919,276.63129162577656,-0.001822362068103142
2026-09-04 08:49:11.048737,-790.4637890980897,-1692.8234289875259,276.63129163354677,-0.0013297606432891617
2026-09-04 08:49:11.148787,-790.4637912334571,-1692.8234106374045,276.6312916376843,-0.0009703737100557215
2026-09-04 08:49:11.248908,-790.4637927395804,-1692.823397691629,276.63129163988754,-0.0007081027903450954
2026-09-04 08:49:11.349063,-790.4637938100295,-1692.8233884890033,276.63129164106067,-0.0005166999444999617
2026-09-04 08:49:11.449206,-790.4637945749533,-1692.8233819120699,276.6312916416854,-0.0003770302940870297
2026-09-04 08:49:13.542135,-790.3688767526068,-1692.2740968259518,276.6475580430007,-0.01095491347976105
2026-09-04 08:49:13.630730,-790.3688963197825,-1692.2739293744928,276.64755815522796,-0.008063174814760472
2026-09-04 08:49:13.731596,-790.3689137341349,-1692.273780191405,276.6475582157503,-0.005907809370771351
2026-09-04 08:49:13.832013,-790.3689252166193,-1692.2736817952223,276.64755824817206,-0.004319436805345176
2026-09-04 08:49:13.932215,-790.3689329530115,-1692.2736154823701,276.64755826548674,-0.0031550341565979557
2026-09-04 08:49:14.031751,-790.3689381825067,-1692.2735706477897,276.64755827472425,-0.0023044437155701363
2026-09-04 08:49:14.131815,-790.3689418890273,-1692.2735388639014,276.6475582796503,-0.0016824909792007895
2026-09-04 08:49:14.231404,-790.3689444654383,-1692.2735167677051,276.6475582822765,-0.0012285603178108985
2026-09-04 08:49:14.331487,-790.3689463265856,-1692.2735008039,276.6475582836764,-0.000896838050252837
2026-09-04 08:49:14.431705,-790.3689476628801,-1692.2734893409463,276.6475582844222,-0.000654517894017359
2026-09-04 08:49:14.531367,-790.3565347191268,-1691.7520856024137,276.65107964253883,-0.012962065283174833
2026-09-04 08:49:14.631012,-790.3565627312954,-1691.7518454942945,276.65107973632075,-0.0094652858524362
2026-09-04 08:49:14.731497,-790.3565815712345,-1691.7516839900586,276.6510797862986,-0.006907680841472896
2026-09-04 08:49:14.836731,-790.3565956820116,-1691.7515630125401,276.65107981281614,-0.005022149999020307
2026-09-04 08:49:14.930700,-790.3566027240239,-1691.751502639558,276.6510798269202,-0.0036740346655507626
2026-09-04 08:49:15.035825,-790.356609550253,-1691.7514441087856,276.65107983443215,-0.0026748286173836643
2026-09-04 08:49:15.135802,-790.3566136620054,-1691.7514088523258,276.6510798384184,-0.0019496670396721666
2026-09-04 08:49:15.235393,-790.3566165505451,-1691.7513840835177,276.65107984053816,-0.001422391170749512
2026-09-04 08:49:15.337336,-790.3566187699956,-1691.7513650514204,276.651079841665,-0.0010364358661661174
2026-09-04 08:49:15.437113,-790.3566202543531,-1691.7513523226535,276.6510798422639,-0.0007559047901843067
2026-09-04 08:49:15.537908,-790.4263101557497,-1691.238586119146,276.6517858464453,-0.014634128551093122
2026-09-04 08:49:15.635222,-790.4263391452043,-1691.2383375589418,276.651785926187,-0.010697877614941233
2026-09-04 08:49:15.737268,-790.4263607217746,-1691.2381525537091,276.65178596870487,-0.0078028405899161985
2026-09-04 08:49:15.837275,-790.4263745510868,-1691.2380339750628,276.6517859913309,-0.005692907424576602
2026-09-04 08:49:15.937017,-790.4263839985525,-1691.2379529674408,276.6517860033791,-0.0041549587015108835
2026-09-04 08:49:16.037804,-790.4263907863171,-1691.2378947649463,276.65178600979317,-0.0030307399199871717
2026-09-04 08:49:16.137498,-790.4263954127578,-1691.2378550947367,276.6517860132076,-0.0022117881970240257
2026-09-04 08:49:16.238116,-790.426398798773,-1691.237826060594,276.65178601502527,-0.0016134627765919428
2026-09-04 08:49:16.337946,-790.4264011608495,-1691.2378058063653,276.6517860159929,-0.001177412180208856
2026-09-04 08:49:16.443501,-790.4264031611771,-1691.2377886539682,276.65178601650615,-0.0008557940015191444
2026-09-04 08:49:16.537426,-790.5679884990851,-1690.6960634793707,276.6595554803801,-0.016652260353640667
2026-09-04 08:49:16.754696,-790.5681102864447,-1690.6950207146472,276.65955554375614,-0.011209377893935979
2026-09-04 08:49:16.854499,-790.5681239585896,-1690.6949037647778,276.659555573659,-0.007857085696501056
2026-09-04 08:49:16.954251,-790.5681336923653,-1690.6948204718597,276.65955558864323,-0.005616964865279137
2026-09-04 08:49:17.054421,-790.568140912743,-1690.694758669511,276.659555596376,-0.00405475536201917
2026-09-04 08:49:17.154248,-790.5681461632671,-1690.69471372017,276.65955560042704,-0.0029425988701176032
2026-09-04 08:49:17.253876,-790.5681500166663,-1690.6946807273616,276.6595556025668,-0.0021417658688386004
2026-09-04 08:49:17.473413,-790.7832112430968,-1690.1526852356833,276.6885054734389,-0.022797552653714057
2026-09-04 08:49:17.571868,-790.7832436641127,-1690.1524109392678,276.68850556469357,-0.01596772698902419
2026-09-04 08:49:17.671087,-790.7832662033182,-1690.152219825572,276.6885056103869,-0.011415263716346038
2026-09-04 08:49:17.770133,-790.7832819827727,-1690.1520858295194,276.68850563398695,-0.0082471289170524
2026-09-04 08:49:17.869264,-790.7832933554402,-1690.151989145127,276.6885056463721,-0.005990653604783692
2026-09-04 08:49:17.968906,-790.7833017423342,-1690.1519177828143,276.68850565292337,-0.004362393097953597
2026-09-04 08:49:18.068970,-790.7833079218682,-1690.1518651703823,276.6885056564008,-0.0031799016834194497
2026-09-04 08:49:18.169449,-790.7833124749731,-1690.1518263883627,276.68850565824897,-0.002318483431668064
2026-09-04 08:49:18.269301,-790.7833157196334,-1690.1517987433522,276.688505659232,-0.0016914018982448402
2026-09-04 08:49:18.369754,-790.7833181330938,-1690.1517781753487,276.68850565975515,-0.0012337681955843292
2026-09-04 08:49:18.470231,-791.0723879733034,-1689.648411080022,276.75205670879444,-0.01771014418590573
2026-09-04 08:49:18.570049,-791.072424365244,-1689.6481068333565,276.7520567609655,-0.012925083521617559
2026-09-04 08:49:18.670589,-791.0724491088537,-1689.6478995078985,276.75205678874283,-0.009429359916905583
2026-09-04 08:49:18.770231,-791.0724655507082,-1689.6477615222284,276.75205680353343,-0.006882229921631045
2026-09-04 08:49:18.870703,-791.0724771895632,-1689.6476636892305,276.7520568114097,-0.0050213279778618825
2026-09-04 08:49:18.970397,-791.0724851522323,-1689.647596685526,276.7520568156041,-0.0036649720502265346
2026-09-04 08:49:19.069935,-791.0724907669935,-1689.647549395449,276.75205681783916,-0.002675832079011831
2026-09-04 08:49:19.170097,-791.0724948530616,-1689.6475149545731,276.7520568190303,-0.0019530877111622598
2026-09-04 08:49:19.269932,-791.0724977524715,-1689.6474905032235,276.7520568196649,-0.0014256782839094627
2026-09-04 08:49:19.369677,-791.0724998369102,-1689.647472917612,276.75205682000313,-0.0010408053463099906
2026-09-04 08:49:19.469823,-791.4101931690798,-1689.1907082651737,276.84461997216135,-0.016314660667058747
2026-09-04 08:49:19.569833,-791.4102277759089,-1689.1904240806261,276.8446200285259,-0.011909271790694308
2026-09-04 08:49:19.669516,-791.4102506707893,-1689.1902355414502,276.8446200585649,-0.008694743500357904
2026-09-04 08:49:19.769687,-791.4102664284117,-1689.190105435766,276.8446200745718,-0.00634611526591528
2026-09-04 08:49:19.874576,-791.4102786581653,-1689.1900041710676,276.84462008306855,-0.004615324757059061
2026-09-04 08:49:19.974115,-791.4102859563415,-1689.1899436992258,276.8446200875716,-0.003363274311725225
2026-09-04 08:49:20.073565,-791.410291117504,-1689.1899008765438,276.8446200899656,-0.0024536353449423065
2026-09-04 08:49:20.173599,-791.4102948750599,-1689.189869665418,276.8446200912399,-0.0017903261121702762
2026-09-04 08:49:20.274574,-791.410297649064,-1689.189846604664,276.844620091918,-0.0013055567797614965
2026-09-04 08:49:20.375580,-791.4102996425835,-1689.189830022919,276.84462009227843,-0.0009517263226430545
2026-09-04 08:49:20.475526,-791.7653572031174,-1688.7502384789577,276.95387178038425,-0.015953529373164313
2026-09-04 08:49:20.574733,-791.7653908645794,-1688.749967219338,276.9538718572161,-0.011648604761253996
2026-09-04 08:49:20.676392,-791.7654146630497,-1688.7497746147408,276.9538718981197,-0.008493328725184959
2026-09-04 08:49:20.775896,-791.7654299237515,-1688.7496508327831,276.9538719198831,-0.00619781089026544
2026-09-04 08:49:20.875575,-791.7654405283585,-1688.7495645998904,276.9538719314757,-0.004524107908158739
2026-09-04 08:49:20.976058,-791.7654481239803,-1688.749502703991,276.95387193765,-0.0033009904535882617
2026-09-04 08:49:21.076008,-791.7654534014124,-1688.7494596370946,276.95387194093763,-0.0024089449061668318
2026-09-04 08:49:21.176181,-791.7654571876332,-1688.7494287019351,276.95387194268835,-0.0017578295166729193
2026-09-04 08:49:21.276531,-791.7654599146395,-1688.7494064008063,276.95387194362036,-0.0012824874709332118
2026-09-04 08:49:21.381634,-791.7654621583595,-1688.7493880351656,276.9538719441148,-0.0009323674613566283
2026-09-04 08:49:21.476167,-792.1252128245984,-1688.3022817914812,277.0730095420738,-0.016201865935750594
2026-09-04 08:49:21.581867,-792.1252527687348,-1688.3019649732757,277.07300964726585,-0.011789768374638021
2026-09-04 08:49:21.681068,-792.1252755429451,-1688.3017841366554,277.07300970307693,-0.008596124663018175
2026-09-04 08:49:21.779973,-792.1252909422368,-1688.3016614699181,277.0730097327844,-0.006275516250233307
2026-09-04 08:49:21.875396,-792.1253005986537,-1688.3015844161225,277.07300974866826,-0.004596158733078843
2026-09-04 08:49:21.981475,-792.1253097821473,-1688.3015108136858,277.07300975713696,-0.0033458639717683604
2026-09-04 08:49:22.079662,-792.1253148962048,-1688.3014698158063,277.0730097616362,-0.0024418490414147218
2026-09-04 08:49:22.179423,-792.1253187515156,-1688.3014388606036,277.0730097640331,-0.0017824368917255726
2026-09-04 08:49:22.281786,-792.1253217371922,-1688.301414859664,277.0730097653079,-0.0012987648590186303
2026-09-04 08:49:22.375491,-792.1253233373183,-1688.3014019966079,277.0730097659884,-0.0009514347077921603
2026-09-04 08:49:22.482883,-792.4614308122909,-1687.8921843114608,277.1924256920408,-0.015101369611914552
2026-09-04 08:49:22.580151,-792.4614621912722,-1687.8919404119456,277.1924258195945,-0.011025538793802402
2026-09-04 08:49:22.672715,-792.4614807564865,-1687.8917958448378,277.1924258879466,-0.008092363723633339
2026-09-04 08:49:22.779733,-792.4614992264824,-1687.8916508462573,277.19242592448427,-0.0058937025287362065
2026-09-04 08:49:22.879222,-792.4615096067494,-1687.891569314012,277.19242594389124,-0.004298255457946298
2026-09-04 08:49:22.972665,-792.4615156298382,-1687.891521972397,277.1924259542665,-0.003150874802194525
2026-09-04 08:49:23.080741,-792.4615222157909,-1687.8914699899365,277.1924259597979,-0.0022915169615426167
2026-09-04 08:49:23.176734,-792.4615254464074,-1687.8914444993234,277.19242596273693,-0.0016741929991857885
2026-09-04 08:49:23.276409,-792.4615281024409,-1687.891423510749,277.19242596430536,-0.0012228685156202433
2026-09-04 08:49:23.379035,-792.4615301887709,-1687.8914070092949,277.1924259651402,-0.0008911715095389691
2026-09-04 08:49:23.578731,-792.7554513674611,-1687.5342052311498,277.29889678672464,-0.015176823296745445
2026-09-04 08:49:23.678539,-792.7554780702114,-1687.534001479485,277.2988969611465,-0.010690520559575391
2026-09-04 08:49:23.778899,-792.7554961652054,-1687.5338625900038,277.29889704915917,-0.007658173242084006
2026-09-04 08:49:23.879941,-792.7555089475165,-1687.5337640273888,277.29889709469137,-0.005530603909258894
2026-09-04 08:49:23.978889,-792.7555174084849,-1687.5336986164984,277.2988971185754,-0.004017101418609996
2026-09-04 08:49:24.079861,-792.7555239072263,-1687.5336482202108,277.2988971311954,-0.002922311410832979
2026-09-04 08:49:24.180091,-792.7555284759906,-1687.5336127312553,277.29889713788316,-0.002128781762043899
2026-09-04 08:49:24.279752,-792.7555317287597,-1687.5335874318448,277.29889714143604,-0.0015524923006280213
2026-09-04 08:49:24.381095,-792.7555342257999,-1687.5335679876075,277.2988971433245,-0.0011315077523831214
2026-09-04 08:49:24.481004,-793.0025865589054,-1687.2427355054904,277.3932892447917,-0.011278566795109898
2026-09-04 08:49:24.581017,-793.002611927593,-1687.2425427901394,277.3932893742275,-0.008229967545980372
2026-09-04 08:49:24.680738,-793.0026287749106,-1687.2424144410031,277.3932894431675,-0.00600718247203206
2026-09-04 08:49:24.780596,-793.0026403011482,-1687.2423264047668,277.39328947989924,-0.004384989386230425
2026-09-04 08:49:24.880933,-793.0026483821093,-1687.2422645497566,277.3932894994651,-0.003199836379817564
2026-09-04 08:49:24.980710,-793.0026539485413,-1687.242221876063,277.39328950988636,-0.0023355583436185158
2026-09-04 08:49:25.080577,-793.002657901176,-1687.242191534297,277.39328951543865,-0.001704827310074428
2026-09-04 08:49:25.180250,-793.0026607049964,-1687.2421699900872,277.3932895183975,-0.0012446458986601224
2026-09-04 08:49:25.280850,-793.0026627757007,-1687.242154065913,277.39328951997373,-0.0009081503481555834
2026-09-04 08:49:25.380274,-793.0026642108642,-1687.2421430237353,277.3932895208133,-0.0006629906842353758
2026-09-04 08:49:25.481193,-793.2105128658076,-1687.0064394577812,277.4709697697069,-0.008902081551242003
2026-09-04 08:49:25.580933,-793.2105331309757,-1687.0062866707294,277.47096987520024,-0.006497629867057415
2026-09-04 08:49:25.683962,-793.2105477274242,-1687.0061762926678,277.4709699312763,-0.004731988149395407
2026-09-04 08:49:25.785939,-793.2105573371805,-1687.0061035047959,277.4709699610045,-0.0034446694557354147
2026-09-04 08:49:25.885365,-793.21056350866,-1687.0060567048504,277.47096997678375,-0.0025116585139115344
2026-09-04 08:49:25.985336,-793.2105679136905,-1687.0060232528203,277.4709699851768,-0.001832220760570472
2026-09-04 08:49:26.085763,-793.2105710765425,-1687.005999208117,277.47096998964275,-0.0013364698501533902
2026-09-04 08:49:26.200508,-793.210574283134,-1687.0059747948526,277.47096999199425,-0.000964738125530423
2026-09-04 08:49:26.284818,-793.210575021959,-1687.0059691814972,277.47096999324015,-0.0007080883308344413
2026-09-04 08:49:26.385124,-793.210576203767,-1687.0059601805774,277.4709699939094,-0.0005182386003505763
2026-09-04 08:49:26.481118,-793.2105769461084,-1687.0059545257197,277.47096999426844,-0.0003799097165928776
2026-09-04 08:49:26.592390,-793.2105777841526,-1687.0059481382862,277.47096999445944,-0.00027565780239805854
2026-09-04 08:49:26.684185,-793.2105780996328,-1687.0059457342386,277.4709699945609,-0.00020176864403612734
2026-09-04 08:49:26.792194,-793.2105785050612,-1687.0059426434943,277.47096999461485,-0.00014662825579991206
2026-09-04 08:49:26.891888,-793.210578729734,-1687.005940930701,277.4709699946434,-0.00010679568465732779
2026-09-04 08:49:26.991589,-793.2105788940876,-1687.005939677656,277.47096999465856,-7.78758688690466e-05
2026-09-04 08:49:27.091179,-793.2105790139374,-1687.0059387638619,277.47096999466663,-5.682769964034443e-05
2026-09-04 08:49:27.192525,-793.2105791066625,-1687.005938056847,277.47096999467095,-4.14309467784777e-05
2026-09-04 08:49:27.292667,-793.210579171468,-1687.0059375627034,277.4709699946732,-3.0217757502014865e-05
2026-09-04 08:49:27.392202,-793.2105792178861,-1687.0059372087574,277.4709699946744,-2.2053816712941712e-05
2026-09-04 08:49:27.480232,-793.2105792392842,-1687.005937045595,277.4709699946751,-1.6237528895058226e-05
2026-09-04 08:49:27.598752,-793.2105792810926,-1687.0059367267868,277.47096999467544,-1.1747158902172273e-05
2026-09-04 08:49:27.697042,-793.2105792978437,-1687.0059365990533,277.4709699946756,-8.544427950432266e-06
2026-09-04 08:49:27.795133,-793.2105793101465,-1687.005936505238,277.4709699946757,-6.233488276595495e-06
2026-09-04 08:49:27.896886,-793.2105793203881,-1687.0059364271403,277.4709699946758,-4.54264826095442e-06
2026-09-04 08:49:27.990037,-793.2105793258728,-1687.0059363853163,277.4709699946758,-3.3294060067479252e-06
2026-09-04 08:49:28.096702,-793.2105793323057,-1687.0059363362627,277.4709699946758,-2.423601472429767e-06
2026-09-04 08:49:28.443933,-793.2105793666152,-1687.0059360746316,277.4709699946758,-1.4967035721712652e-06
2026-09-04 08:49:28.525440,-793.2105793656922,-1687.0059360816704,277.4709699946758,-1.0223709785071336e-06
2026-09-04 08:49:28.627267,-793.2105793665332,-1687.0059360752573,277.4709699946758,-7.206163464258104e-07
2026-09-04 08:49:28.729401,-793.2105793672794,-1687.0059360695673,277.4709699946758,-5.157258076216694e-07
2026-09-04 08:49:28.827617,-793.2105793677898,-1687.0059360656746,277.4709699946758,-3.7302701091117696e-07
2026-09-04 08:49:28.926456,-793.210579368222,-1687.0059360623786,277.4709699946758,-2.7118703542008e-07
2026-09-04 08:49:29.026178,-793.2105793685753,-1687.005936059685,277.4709699946758,-1.9755283887125043e-07
2026-09-04 08:49:29.125930,-793.2105793688464,-1687.0059360576165,277.4709699946758,-1.4406481419952375e-07
2026-09-04 08:49:29.226535,-793.2105793690577,-1687.0059360560056,277.4709699946758,-1.0505266584427733e-07
2026-09-04 08:49:29.325775,-793.2105793692078,-1687.00593605486,277.4709699946758,-7.66787735889598e-08
2026-09-04 08:49:29.426191,-793.2105793693245,-1687.0059360539706,277.4709699946758,-5.5949158650834644e-08
2026-09-04 08:49:29.524234,-793.210579369404,-1687.0059360533653,277.4709699946758,-4.088695333230484e-08
2026-09-04 08:49:29.634985,-793.210579369489,-1687.0059360527168,277.4709699946758,-2.9629013617447437e-08
2026-09-04 08:49:29.724944,-793.2105793695181,-1687.0059360524947,277.4709699946758,-2.17014344470707e-08
2026-09-04 08:49:29.834720,-793.2105793695628,-1687.005936052154,277.4709699946758,-1.5756077691543867e-08
2026-09-04 08:49:29.926373,-793.2105793695799,-1687.0059360520227,277.4709699946758,-1.1537720275405036e-08
2026-09-04 08:49:30.018782,-793.2105793695938,-1687.0059360519172,277.4709699946758,-8.482757696173318e-09
2026-09-04 08:49:30.123886,-793.2105793696098,-1687.0059360517953,277.4709699946758,-6.192316291113708e-09
2026-09-04 08:49:30.224036,-793.2105793696197,-1687.0059360517203,277.4709699946758,-4.519406418275466e-09
2026-09-04 08:49:30.323886,-793.2105793696269,-1687.0059360516661,277.4709699946758,-3.298815171073469e-09
2026-09-04 08:49:30.423523,-793.210579369632,-1687.0059360516268,277.4709699946758,-2.4083956908351035e-09
2026-09-04 08:49:30.523794,-793.2105793696358,-1687.0059360515975,277.4709699946758,-1.7577067271777985e-09
2026-09-04 08:49:30.624065,-793.2105793696385,-1687.005936051576,277.4709699946758,-1.28257981476376e-09
2026-09-04 08:49:30.724431,-793.2105793696405,-1687.0059360515606,277.4709699946758,-9.35727460183059e-10
2026-09-04 08:49:30.824031,-793.210579369642,-1687.0059360515495,277.4709699946758,-6.829961189716088e-10
2026-09-04 08:49:30.923860,-793.2105793696431,-1687.0059360515413,277.4709699946758,-4.985665136997936e-10
2026-09-04 08:49:31.019193,-793.2105793696438,-1687.005936051536,277.4709699946758,-3.651530226117657e-10
2026-09-04 08:49:31.123303,-793.2105793696444,-1687.005936051531,277.4709699946758,-2.662039172227009e-10
2026-09-04 08:49:31.223183,-793.2105793696448,-1687.005936051528,277.4709699946758,-1.9418755342724182e-10
2026-09-04 08:49:31.323636,-793.2105793696452,-1687.0059360515256,277.4709699946758,-1.4164102501460605e-10
2026-09-04 08:49:31.431887,-793.2105793696455,-1687.0059360515233,277.4709699946758,-1.0272419200225777e-10
2026-09-04 08:49:31.516917,-793.2105793696455,-1687.0059360515227,277.4709699946758,-7.554433749905529e-11
2026-09-04 08:49:31.618092,-793.2105793696456,-1687.0059360515218,277.4709699946758,-5.531281362460282e-11
2026-09-04 08:49:31.718627,-793.2105793696458,-1687.005936051521,277.4709699946758,-4.0423150872733905e-11
2026-09-04 08:49:31.818836,-793.2105793696459,-1687.0059360515206,277.4709699946758,-2.9518896559251676e-11
2026-09-04 08:49:31.919152,-793.210579369646,-1687.0059360515202,277.4709699946758,-2.1545559314188627e-11
2026-09-04 08:49:32.018755,-793.210579369646,-1687.00593605152,277.4709699946758,-1.5729985520960138e-11
2026-09-04 08:49:32.118907,-793.210579369646,-1687.0059360515197,277.4709699946758,-1.1481139259094533e-11
2026-09-04 08:49:32.219193,-793.2105793696461,-1687.0059360515197,277.4709699946758,-8.377964234149835e-12
2026-09-04 08:49:32.318876,-793.2105793696461,-1687.0059360515195,277.4709699946758,-6.1154470304797735e-12
2026-09-04 08:49:32.418638,-793.2105793696461,-1687.0059360515195,277.4709699946758,-4.464423930078937e-12
2026-09-04 08:49:32.518675,-793.2769030601532,-1686.8786615857884,277.48014999477675,-0.0018805170231312141
2026-09-04 08:49:32.618499,-793.276908304579,-1686.878621671891,277.4801500113997,-0.0013729159123660295
2026-09-04 08:49:32.718044,-793.2769116622724,-1686.878596114358,277.4801500202615,-0.0010025152439906634
2026-09-04 08:49:32.818179,-793.2769139041803,-1686.8785790477364,277.48015002498505,-0.0007318023586475751
2026-09-04 08:49:32.918581,-793.2769154199068,-1686.8785675080458,277.48015002750105,-0.0005339924863283676
2026-09-04 08:49:33.134178,-793.2769195456206,-1686.8785360881316,277.4801500287366,-0.00035937260247644043
2026-09-04 08:49:33.233606,-793.2769199338112,-1686.8785331326121,277.4801500293196,-0.00025193739500239395
2026-09-04 08:49:33.335020,-793.2769202566227,-1686.8785306745322,277.4801500296114,-0.00017990823139289608
2026-09-04 08:49:33.665524,-793.3012503358701,-1686.8223494482318,277.4830282218745,-0.00180021042799063
2026-09-04 08:49:33.759405,-793.301252420122,-1686.822333593177,277.4830282380848,-0.001220659110515516
2026-09-04 08:49:33.858708,-793.3012541787019,-1686.8223202108652,277.48302824581856,-0.0008588701097059757
2026-09-04 08:49:33.959921,-793.301255498888,-1686.822310163109,277.4830282497121,-0.0006145315898688362
2026-09-04 08:49:34.059449,-793.3012563939129,-1686.8223033507045,277.483028251725,-0.0004440204774216152
2026-09-04 08:49:34.159514,-793.3012570613462,-1686.8222982702443,277.4830282527808,-0.0003223308548044447
2026-09-04 08:49:34.258945,-793.3012575405223,-1686.822294622628,277.48302825333883,-0.00023467946306918912
2026-09-04 08:49:34.359610,-793.3012579078452,-1686.8222918263662,277.4830282536348,-0.00017097503853627513
2026-09-04 08:49:34.460033,-793.2925988318804,-1686.7801746075029,277.48083657657094,-0.0011396224386904183
2026-09-04 08:49:34.559624,-793.292601522339,-1686.7801541120193,277.48083658262686,-0.0008315731876899652
2026-09-04 08:49:34.659999,-793.2926033380623,-1686.7801402810517,277.4808365858508,-0.0006066851979328867
2026-09-04 08:49:34.756766,-793.2926044556181,-1686.7801317685407,277.48083658757116,-0.0004437415980315904
2026-09-04 08:49:34.855530,-793.2926052753829,-1686.7801255246904,277.4808365884914,-0.0003245280998695866
2026-09-04 08:49:34.956149,-793.2926058784736,-1686.780120931367,277.4808365889829,-0.00023700738268329552
2026-09-04 08:49:35.055896,-793.2926062915374,-1686.7801177854262,277.48083658924503,-0.00017306970519469176
2026-09-04 08:49:35.156542,-793.2926065927032,-1686.7801154917672,277.4808365893847,-0.0001262898279275696
2026-09-04 08:49:35.257941,-793.2926068120463,-1686.780113821295,277.480836589459,-9.206851326549051e-05
2026-09-04 08:49:35.357568,-793.2926069605928,-1686.7801126900058,277.4808365894985,-6.717380485036455e-05
2026-09-04 08:49:35.458274,-793.2926070716348,-1686.7801118443494,277.4808365895195,-4.899266247869966e-05
2026-09-04 08:49:35.558346,-793.2723282289664,-1686.728064874769,277.47719449640493,-0.0013526818852147946
2026-09-04 08:49:35.658842,-793.2723314584365,-1686.728040256316,277.47719450122804,-0.0009868266869698691
2026-09-04 08:49:35.758559,-793.2723335618904,-1686.7280242230431,277.477194503796,-0.0007202149590571454
2026-09-04 08:49:35.858718,-793.2723350024139,-1686.7280132438755,277.4771945051637,-0.0005255778380790574
2026-09-04 08:49:35.958999,-793.2723359965,-1686.728005667857,277.47719450589193,-0.0003834852006073609
2026-09-04 08:49:36.058928,-793.272336682671,-1686.7280004387849,277.4771945062797,-0.000279858174469675
2026-09-04 08:49:36.159392,-793.2723371742343,-1686.7279966929364,277.47719450648617,-0.00020417345879854485
2026-09-04 08:49:36.259428,-793.2723375189344,-1686.7279940663173,277.47719450659605,-0.00014898000949146211
2026-09-04 08:49:36.359372,-793.2723377650842,-1686.7279921907036,277.4771945066546,-0.00010872308396563358
2026-09-04 08:49:36.460108,-793.2479813596249,-1686.674267992982,277.47333960881684,-0.0015457303358382415
2026-09-04 08:49:36.559065,-793.2479848745829,-1686.6742411825069,277.4733396130849,-0.0011288334247259195
2026-09-04 08:49:36.658700,-793.2479872574853,-1686.674223009053,277.47333961536106,-0.000824360917687496
2026-09-04 08:49:36.758889,-793.2479888983673,-1686.6742104959708,277.47333961657444,-0.0006017618850543843
2026-09-04 08:49:36.858470,-793.2438706310911,-1686.7056006680252,277.48448443381113,0.43648437473931123
2026-09-04 08:49:36.958667,-793.2413239578133,-1686.7249851338402,277.48448443381113,0.49164242652159024
2026-09-04 08:49:37.058481,-793.2314024132158,-1686.8005428927909,277.46214588909487,0.9786407900008836
2026-09-04 08:49:37.158529,-793.2257179330935,-1686.8439423555856,277.5293216095877,1.0686857244586503
2026-09-04 08:49:37.258221,-793.2112698867026,-1686.953594435889,277.57394669943966,1.6382452964803347
2026-09-04 08:49:37.359197,-793.201522739583,-1687.026900159169,277.619145907503,1.7864769983414654
2026-09-04 08:49:37.464334,-793.1775235873567,-1687.2073753487002,277.70150456213764,2.5368427616903166
2026-09-04 08:49:37.558638,-793.1846649813325,-1687.2358132467725,277.4236011349521,2.587819523255034
2026-09-04 08:49:37.666182,-793.1534794899893,-1687.4734895641275,277.36360326355435,3.457031223333406
2026-09-04 08:49:37.763600,-793.13418379464,-1687.6228007420636,277.36360326355435,3.4408576321838447
2026-09-04 08:49:37.864482,-793.0991020278029,-1687.8927398637263,277.44273042320447,4.208203410183349
2026-09-04 08:49:37.963087,-793.0750733634845,-1688.0766762039648,278.987556687744,4.2099266375511455
2026-09-04 08:49:38.064754,-793.0245823649361,-1688.415928736909,278.9535044127333,5.124204437802182
2026-09-04 08:49:38.165306,-792.9887343620762,-1688.6434589879009,279.0435232443208,5.100481518712167
2026-09-04 08:49:38.264969,-792.9318833120751,-1689.0132922779326,279.12164040986073,5.947069990713403
2026-09-04 08:49:38.364635,-792.8898773768751,-1689.2749113211,279.266632079963,5.873044788130859
2026-09-04 08:49:38.465337,-792.8206375599462,-1689.7117537284441,279.4131664757709,6.87147412438873
2026-09-04 08:49:38.680100,-792.9307559565833,-1690.2919725382035,275.80256170322366,7.83455495497872
2026-09-04 08:49:38.774466,-792.8973417801596,-1690.620782751736,275.9081627487223,7.818888064851437
2026-09-04 08:49:38.995063,-792.801284890816,-1691.5219147732373,276.07604482279135,8.642898590595705
2026-09-04 08:49:39.083238,-792.7523028038919,-1691.9677986357367,276.40838807914577,9.251449861173867
2026-09-04 08:49:39.184630,-792.705499105328,-1692.3845122698485,276.6466615307165,9.311695588625549
2026-09-04 08:49:39.290351,-792.6380840569693,-1692.9612450250322,276.6441920152364,10.219583115392295
2026-09-04 08:49:39.383971,-792.5885967352477,-1693.3860812706973,277.9851997347401,10.162319293922181
2026-09-04 08:49:39.489041,-793.1351792162029,-1694.0352827002127,271.67528408475226,10.92255698114848
2026-09-04 08:49:39.583380,-793.1217123694419,-1694.495726150101,271.4641424228974,10.91101625982041
2026-09-04 08:49:39.689790,-793.1084504173455,-1695.014588568237,271.41651082994434,10.88312183901914
2026-09-04 08:49:39.788985,-793.0965203558558,-1695.4970436887031,271.2389028659194,10.920392911308532
2026-09-04 08:49:39.889607,-793.0721570422731,-1696.2176357506564,271.1071173788787,12.01886420860875
2026-09-04 08:49:39.987922,-793.0619506182684,-1696.745775086104,270.9310850487903,11.977628385192503
2026-09-04 08:49:40.088232,-793.0532227324675,-1697.28281195611,270.75148068494786,12.00742979418275
2026-09-04 08:49:40.188875,-793.0461373588988,-1697.8229971280584,270.03067829275597,12.0751452723139
2026-09-04 08:49:40.396080,-793.0376223811144,-1699.232993733707,268.8032694632636,12.95180154244761
2026-09-04 08:49:40.491459,-793.7420471959111,-1699.9864799370278,265.00013319337336,13.585451897542455
2026-09-04 08:49:40.591355,-793.7949225198099,-1700.59086383673,265.27960678664675,13.641317144500222
2026-09-04 08:49:40.692835,-793.8455571006962,-1701.328983478207,265.2269238626335,14.307843369935743
2026-09-04 08:49:40.792573,-793.8986399841456,-1701.9647131713766,265.0483436608499,14.279954925948626
2026-09-04 08:49:40.892824,-793.9574643179736,-1702.7331255121262,264.91314881685304,14.913274439790037
2026-09-04 08:49:40.991139,-794.0155802073397,-1703.3859933966546,264.9241508374835,14.781835252650742
2026-09-04 08:49:41.091879,-794.0803514848342,-1704.170928893229,265.2348997025675,15.598409380654726
2026-09-04 08:49:41.308203,-794.2123974536258,-1705.7874059689104,264.85143791764784,16.26316358192438
2026-09-04 08:49:41.399637,-794.2720512148758,-1706.4494751460195,264.9025979010853,16.11775408976484
2026-09-04 08:49:41.506785,-794.8280364941842,-1707.3057448154375,262.849760393165,16.84136098783998
2026-09-04 08:49:41.599392,-794.914820059719,-1707.997538753453,262.92230322866027,16.82274931963076
2026-09-04 08:49:41.706688,-795.0209153490334,-1708.8892746639972,263.1445470915592,17.536697041571465
2026-09-04 08:49:41.805923,-795.1137768807555,-1709.6616757818656,262.9113426378881,17.508949244953712
2026-09-04 08:49:41.906191,-795.2211718860613,-1710.5553825185395,262.51205696392026,18.038153909642396
2026-09-04 08:49:42.006337,-795.3264104725843,-1711.3560508812423,262.32153932076204,17.78175576504124
2026-09-04 08:49:42.105619,-795.43185943658,-1712.138182561836,262.8437202979809,17.59263437070293
2026-09-04 08:49:42.316042,-795.6557700500199,-1713.9371562229876,263.69396788887633,18.828989712643256
2026-09-04 08:49:42.622975,-796.6260600377616,-1716.315941474914,261.4089449252171,19.861720355899013
2026-09-04 08:49:42.711905,-796.7515944167681,-1717.1676639058564,261.98554631733293,20.202617927219368
2026-09-04 08:49:42.934702,-797.0426095711933,-1719.2472593942803,262.2842832012791,20.684010729142187
2026-09-04 08:49:43.024902,-797.1545863330056,-1720.0737498532399,262.3751283454368,20.7313009604414
2026-09-04 08:49:43.129299,-797.2829636252413,-1721.0327173021863,261.6157572768845,20.900062468430058
2026-09-04 08:49:43.233059,-797.4391814720371,-1722.105508460609,262.21926791306146,21.41557553290181
2026-09-04 08:49:43.432137,-797.697206345038,-1723.9938585766504,262.93216348768055,21.83306753585456
2026-09-04 08:49:43.529566,-798.8939249771881,-1724.7823323565633,259.3723399954141,22.08057765208347
2026-09-04 08:49:43.630015,-799.0767872968959,-1725.7568463901719,259.091319304188,21.91205414188304
2026-09-04 08:49:43.730400,-799.2793884178286,-1726.8311539136757,258.90828309559737,22.342878483860254
2026-09-04 08:49:43.831093,-799.4880209049311,-1727.912334635238,258.9510468881336,22.730202209121355
2026-09-04 08:49:43.931010,-799.6825983525235,-1728.90880263193,259.7113748633472,22.769490718329145
2026-09-04 08:49:44.140634,-800.0636983046917,-1731.0082293574499,259.4298771176132,23.176128407350262
2026-09-04 08:49:44.240944,-800.271744141364,-1732.1289855777743,259.0696041920791,23.569842358806156
2026-09-04 08:49:44.340438,-800.470525539645,-1733.1583016422023,258.7912552522903,23.270775021431426
2026-09-04 08:49:44.440086,-800.672030843898,-1734.1751632311632,259.10348860274684,23.13755372132405
2026-09-04 08:49:44.540768,-801.9920923467386,-1734.9829382810503,256.20234744286444,23.212457064453552
2026-09-04 08:49:44.640407,-802.2654676476717,-1736.1284237675955,256.1753000453408,23.978834735206735
2026-09-04 08:49:44.740475,-802.5217864746486,-1737.1700284757142,255.9401380231716,23.8660374673448
2026-09-04 08:49:44.955023,-803.077872762764,-1739.3904831277698,256.1082022112982,23.404854533491005
2026-09-04 08:49:45.050515,-803.3680140589958,-1740.5855077773047,255.78422635112491,24.295213322170802
2026-09-04 08:49:45.150702,-803.6352293643571,-1741.6403112084824,256.68114701707447,24.716298639969544
2026-09-04 08:49:45.385643,-804.2332476337349,-1744.1663935198644,256.7863120775009,24.500741822836293
2026-09-04 08:49:45.482164,-804.4749006476674,-1745.1955803907847,255.94381367343487,24.438329954630987
2026-09-04 08:49:45.582295,-804.7405851434177,-1746.2567484604003,256.0110451230258,24.53544917389828
2026-09-04 08:49:45.690470,-805.078668301002,-1747.623941348027,255.44099269333157,25.373250793764136
2026-09-04 08:49:45.784014,-805.3453933888591,-1748.6509263648443,255.06414044654292,25.284155229049567
2026-09-04 08:49:45.884576,-805.6383521276019,-1749.7491796006577,254.51272026921805,25.176073405415217
2026-09-04 08:49:45.985934,-805.9429616075427,-1750.848513593079,254.58077556945113,25.18050175285057
2026-09-04 08:49:46.086033,-806.2925273400007,-1752.1324652731168,254.50180923743287,25.92778368856242
2026-09-04 08:49:46.186212,-806.6027959514599,-1753.251394945139,254.08701655355372,25.961047647743925
2026-09-04 08:49:46.286098,-806.9206329654291,-1754.3662115929933,254.44470694308148,26.054438007806784
2026-09-04 08:49:46.382249,-807.220956367651,-1755.4450986117067,254.42318723020662,26.04519613173026
2026-09-04 08:49:46.482147,-807.5732714346857,-1756.7164025802144,254.56828158747498,26.67231201489628
2026-09-04 08:49:46.582215,-807.8907617482189,-1757.866556556425,253.76201179718066,26.62072256680439
2026-09-04 08:49:46.683145,-808.226628292888,-1759.0197623373556,253.6490652536991,26.53164767627446
2026-09-04 08:49:46.784653,-808.5655660031243,-1760.1750255213826,253.38780052772893,26.434079855162253
2026-09-04 08:49:46.883460,-808.899377213794,-1761.29390275387,253.33251513626067,26.26313085940684
2026-09-04 08:49:46.981889,-809.2308292658284,-1762.4009721691134,253.74006191833615,26.321616013140282
2026-09-04 08:49:47.080755,-809.6175525392725,-1763.73445389429,253.79524182502848,27.30573928364963
2026-09-04 08:49:47.180444,-809.9571481307603,-1764.9029873649986,253.1482066299015,27.486925111539747
2026-09-04 08:49:47.281187,-810.3160132407654,-1766.0877343295099,253.01292189438226,27.471960086388197
2026-09-04 08:49:47.380149,-810.671087621175,-1767.2500677995151,252.76928457307793,27.15373828297016
2026-09-04 08:49:47.481463,-811.035388337649,-1768.4247037193559,252.95068659200257,27.164361703133903
2026-09-04 08:49:47.581186,-811.3904446965406,-1769.5824758334584,252.81677158371235,27.39004984939878
2026-09-04 08:49:47.680847,-811.8088361943068,-1770.9444952947092,252.08064244037496,28.035575445609908
2026-09-04 08:49:47.781497,-812.1969563728643,-1772.1447518830832,252.2270656097185,28.02238320120784
2026-09-04 08:49:47.881274,-812.5784885444118,-1773.3350169301807,251.9702561901346,28.0232550558657
2026-09-04 08:49:47.980217,-812.9621301207326,-1774.513662001857,252.03668997504508,28.121815709694214
2026-09-04 08:49:48.080605,-813.3513518294446,-1775.7141785014294,252.23890200013818,27.98146473438999
2026-09-04 08:49:48.179802,-813.7298681798916,-1776.89587487292,252.03908901200057,27.949393630224254
2026-09-04 08:49:48.280942,-814.1881624480793,-1778.319048301815,252.28806059306712,28.590566217295663
2026-09-04 08:49:48.381337,-814.5785406020598,-1779.5413852464853,251.82743441894047,28.46336427682333
2026-09-04 08:49:48.481599,-814.9764246494796,-1780.753512238799,252.107931950461,28.617556575051676
2026-09-04 08:49:48.581129,-815.367616067073,-1781.9652376973913,252.2193118124715,28.550589955034454
2026-09-04 08:49:48.690052,-815.7921512096672,-1783.2890426707665,252.40214857590615,28.562963000161844
2026-09-04 08:49:48.780562,-816.1415596620221,-1784.39066100236,252.40214857590615,28.596970810564716
2026-09-04 08:49:48.889651,-816.5631926451347,-1785.7199895296774,252.3289024123362,28.572187006962128
2026-09-04 08:49:48.981557,-816.9195350358282,-1786.8385055129181,252.43175057467857,28.617962430442127
2026-09-04 08:49:49.077518,-817.3679575964045,-1788.2551651830336,252.21696740785825,29.27427263066967
2026-09-04 08:49:49.178473,-817.7714620382626,-1789.5132142335324,252.21696740785825,29.295444184110078
2026-09-04 08:49:49.278445,-818.1713265311786,-1790.7599146250438,252.3176544450171,29.270110985458953
2026-09-04 08:49:49.379296,-818.5721491699237,-1792.0171953353865,252.41922676911292,29.218117866484697
2026-09-04 08:49:49.479469,-818.9673593815008,-1793.264507869563,252.18381799461207,29.1209579105104
2026-09-04 08:49:49.579245,-819.3647784919741,-1794.5011234170195,252.41829381029692,29.116598680911256
2026-09-04 08:49:49.678759,-819.7560447370041,-1795.7359186738918,252.217842287554,29.14703316034822
2026-09-04 08:49:49.779130,-820.1554523178293,-1796.9812598878923,252.1841459905686,29.179483827164947
2026-09-04 08:49:49.879426,-820.5557383935344,-1798.2268208077928,251.85865851486687,29.069058725384345
2026-09-04 08:49:49.978139,-820.9551471443853,-1799.4458341685424,251.81447227828036,28.99746646189842
2026-09-04 08:49:50.079252,-821.364219550463,-1800.691094963202,251.91630847629824,28.87023833354301
2026-09-04 08:49:50.178913,-821.763475975091,-1801.9137999620468,252.13936139356593,28.883300949234563
2026-09-04 08:49:50.278791,-822.159007229717,-1803.1412707889174,252.08347674643503,28.923446860394638
2026-09-04 08:49:50.378303,-822.5548311422124,-1804.365557944889,252.10574869022764,28.813015397326456
2026-09-04 08:49:50.485330,-822.9784117650496,-1805.6774388144238,252.35726451693247,28.850423613034224
2026-09-04 08:49:50.705780,-823.8401335261682,-1808.3869164724292,253.12202329115792,29.010306450000716
2026-09-04 08:49:50.796116,-824.1802737890179,-1809.5079989719009,253.23322365623414,29.127131566321403
2026-09-04 08:49:50.904190,-824.5862269908863,-1810.8554040644624,253.28160009432082,29.18945893775349
2026-09-04 08:49:51.114033,-825.3739229533443,-1813.4778713615449,253.9156317213322,29.46450117740207
2026-09-04 08:49:51.211817,-825.7307644715977,-1814.7154449426664,253.6092389593998,29.51747644247902
2026-09-04 08:49:51.311663,-826.102550375178,-1815.9794175339296,253.64275900471966,29.5419052547777
2026-09-04 08:49:51.411594,-826.4742199639059,-1817.2457307760778,253.59802756298123,29.494752437775862
2026-09-04 08:49:51.512405,-830.3265625503329,-1818.419532823732,251.4848574801057,27.62473118741986
2026-09-04 08:49:51.611875,-830.5859024626153,-1819.1651428619482,251.60289759363593,26.38632905657217
2026-09-04 08:49:51.703924,-830.8362150728591,-1819.9059432968716,251.6760945272561,25.46071179833143
2026-09-04 08:49:51.811758,-831.222083611703,-1821.0710710686487,251.7122962836312,25.576609407465963
2026-09-04 08:49:51.909980,-831.5744832203399,-1822.1373966389765,251.9870866183643,25.531979522556334
2026-09-04 08:49:52.010863,-831.9305507389806,-1823.2324199637967,251.70485174899818,25.532861041478018
2026-09-04 08:49:52.109206,-832.2829194334533,-1824.2981871901009,251.50675897711574,25.56981198721274
2026-09-04 08:49:52.209333,-832.6459543704334,-1825.3836097545088,251.22663912773555,25.497194210769358
2026-09-04 08:49:52.310087,-833.0155455171971,-1826.470933469546,251.0011399492566,25.476064809597204
2026-09-04 08:49:52.410173,-833.3866266594324,-1827.5487010176519,251.4043473593747,25.326515954209544
2026-09-04 08:49:52.509922,-834.6146114251584,-1830.4675410868406,251.64834024353257,25.8280160867907
2026-09-04 08:49:52.611306,-834.9831715038255,-1831.57860243524,251.3533582941888,25.886485267400936
2026-09-04 08:49:52.711178,-835.3526997208519,-1832.673683601629,251.48747339008406,25.972881059723772
2026-09-04 08:49:52.811335,-835.7219390361221,-1833.776422314542,251.3641837274364,25.960628608181402
2026-09-04 08:49:52.911266,-836.092536945925,-1834.875358800554,251.50956091308635,25.96674101038534
2026-09-04 08:49:53.011625,-836.4620076004464,-1835.9802028511947,251.58817620596344,25.997433917130266
2026-09-04 08:49:53.111536,-836.8287524007345,-1837.0819192575505,251.69998242914568,26.02275165820209
2026-09-04 08:49:53.211625,-837.1943518798172,-1838.187388820225,253.16725337272914,26.09621645581528
2026-09-04 08:49:53.431238,-837.9362578709367,-1840.639633840242,252.65115794587302,26.21135558626222
2026-09-04 08:49:53.530621,-839.1987217916178,-1843.5023635348625,251.65501091672888,27.18749290888758
2026-09-04 08:49:53.631270,-839.5837335478387,-1844.663472462296,251.91406471942594,27.316775619537076
2026-09-04 08:49:53.732051,-839.9657978689355,-1845.8333721441309,251.45166752380203,27.27450549270279
2026-09-04 08:49:53.838929,-840.3803330718195,-1847.0688228438014,251.23638266089114,27.24275277622328
2026-09-04 08:49:53.946837,-840.8030544040571,-1848.3131480560576,251.55034652293827,27.253124715814813
2026-09-04 08:49:54.039141,-841.1589457640916,-1849.379909462775,251.33343007318106,27.28780659551238
2026-09-04 08:49:54.146327,-841.5774355349637,-1850.618663736606,251.69327218780347,27.240976858520163
2026-09-04 08:49:54.229842,-841.8968885033729,-1851.5842199441997,252.02037569544262,27.271626643075237
2026-09-04 08:49:54.331923,-842.2810457995712,-1852.7679667505392,252.00895223749637,27.3073061264548
2026-09-04 08:49:54.430919,-842.6543100157103,-1853.917366923351,251.66552715419755,27.204367526161764
2026-09-04 08:49:54.531736,-844.2297966548816,-1856.84678966346,249.8316603440354,28.496032918664657
2026-09-04 08:49:54.631401,-844.6675353771705,-1858.0385604298947,249.9654974658754,28.446392986765385
2026-09-04 08:49:54.731074,-845.1017662178127,-1859.2293682007182,249.94318948840896,28.407200421153245
2026-09-04 08:49:54.831845,-845.5406437612626,-1860.4314644199249,250.1912804375122,28.493493366834844
2026-09-04 08:49:54.931761,-845.9719388129477,-1861.6288607231122,250.02356270980238,28.498731782301018
2026-09-04 08:49:55.031775,-846.407243536927,-1862.8263827105086,249.74375899436188,28.514462442588687
2026-09-04 08:49:55.135972,-846.8670954500229,-1864.0724478642182,249.52221423182172,28.509910058783547
2026-09-04 08:49:55.236814,-847.4271941630042,-1865.5924484534648,249.41931436254993,29.02299328412516
2026-09-04 08:49:55.336531,-847.881988811219,-1866.8036495684044,249.15150046040745,28.907977674504096
2026-09-04 08:49:55.435902,-848.3390238298371,-1868.0037416326159,249.2849427785167,28.98178377092444
2026-09-04 08:49:55.530232,-848.7713203732342,-1869.1468726130795,249.35883531009927,29.01475411474155
2026-09-04 08:49:55.630448,-849.2295454043183,-1870.3633062072402,249.4036943244718,28.988483395119143
2026-09-04 08:49:55.730207,-849.6843205338615,-1871.573452744642,249.16925845916444,29.025966382170076
2026-09-04 08:49:55.844885,-850.1661500468108,-1872.8330407146425,248.84877432514793,28.792717062810457
2026-09-04 08:49:55.942825,-850.6210257163067,-1874.008747764822,248.8049341013549,28.670337249203175
2026-09-04 08:49:56.045574,-851.0971477558724,-1875.2365772712244,248.7014502020527,28.59671567381283
2026-09-04 08:49:56.158818,-851.6229914158356,-1876.5853973889352,248.7014502020527,28.55317636524984
2026-09-04 08:49:56.243547,-851.9722827639918,-1877.4751183605274,248.6827046807516,28.289169704418683
2026-09-04 08:49:56.358044,-852.4986682206072,-1878.8240239812462,248.93896229274029,28.25115152162184
2026-09-04 08:49:56.452339,-852.8821216688932,-1879.8159629284125,248.8336199506121,27.770466875091707
2026-09-04 08:49:56.552772,-853.3323225657182,-1880.978673257139,248.8336199506121,27.839796232853317
2026-09-04 08:49:56.652652,-853.7242320521676,-1881.9863755471706,248.73320617010856,27.507219033733964
2026-09-04 08:49:56.754015,-854.1763309971356,-1883.147938043118,248.61977507442919,27.562133250722376
2026-09-04 08:49:56.853605,-854.5703575147394,-1884.1500213948398,248.54189012997566,27.02259606668313
2026-09-04 08:49:56.956455,-855.0248704437157,-1885.3063481994104,248.58792818406096,27.020798653420332
2026-09-04 08:49:57.054182,-855.4069459603013,-1886.2776637053494,248.57707733009062,26.473116285360287
2026-09-04 08:49:57.151265,-855.8265928133897,-1887.3472164952666,248.0555980023592,26.547767952437056
2026-09-04 08:49:57.251802,-856.2724863858349,-1888.453932546737,247.94309124874775,26.707654144807986
2026-09-04 08:49:57.351502,-856.7194980287658,-1889.5571690332204,247.66416599398923,26.715494781272287
2026-09-04 08:49:57.452239,-857.1141392827802,-1890.5110326847775,247.7205841899284,25.84582819607827
2026-09-04 08:49:57.552136,-857.5517321823752,-1891.5790872179014,247.87709096884294,25.810912067208367
2026-09-04 08:49:57.651255,-857.9311826584039,-1892.5097443989594,247.9769491980174,25.153200886839514
2026-09-04 08:49:57.752442,-858.3578328872516,-1893.5645188244628,247.9769491980174,25.161158464391303
2026-09-04 08:49:57.854763,-858.7894010634224,-1894.6314515114923,247.86244604458855,25.13612410644794
2026-09-04 08:49:57.955531,-859.2160930587784,-1895.6802945131603,247.76095731413977,25.1458097609755
2026-09-04 08:49:58.055918,-859.6431863920099,-1896.7248196229266,247.80589287209273,25.0396703932036
2026-09-04 08:49:58.155310,-860.0634538751679,-1897.754956499597,247.8281379584887,25.04748680784211
