timestamp,imu_quat_i,imu_quat_j,imu_quat_k,imu_quat_real,imu_accel_x,imu_accel_y,imu_accel_z,imu_gyro_x,imu_gyro_y,imu_gyro_z,obd_rpm,obd_speed,obd_coolant_temp,obd_engine_load,obd_throttle_pos,gnss_fix_quality,gnss_num_satellites,gnss_latitude,gnss_longitude,gnss_altitude_m,gnss_hdop,gnss_speed_knots,gnss_course_deg
2026-09-07 15:36:04.376742,0.5,0.50006103515625,0.49993896484375,0.5,0.48828125,9.3671875,0.3046875,0.0,0.0,0.0,,,,,,,,,,,,,
2026-09-07 15:36:04.506480,0.5001220703125,0.50030517578125,0.4996337890625,0.5,0.453125,9.265625,0.296875,-0.001953125,-0.001953125,-0.00390625,,,,,,,,,,,,,
2026-09-07 15:36:04.605246,0.5001220703125,0.5003662109375,0.49951171875,0.5,0.4375,9.140625,0.25390625,-0.001953125,-0.001953125,-0.005859375,,,,,,,,,,,,,
2026-09-07 15:36:04.702994,0.5029296875,0.4879150390625,0.511474609375,0.4974365234375,0.4296875,8.859375,0.3203125,0.009765625,-0.001953125,-0.001953125,,,,,,,,,,,,,
2026-09-07 15:36:04.789997,0.50439453125,0.48223876953125,0.51690673828125,0.495849609375,-0.015625,-0.046875,-0.01953125,0.00390625,-0.001953125,-0.0078125,840.5,1.2,199.4,30.2,17.6,,,,,,,,
2026-09-07 15:36:04.877648,0.50439453125,0.482177734375,0.516845703125,0.4959716796875,0.0,0.03125,-0.05078125,0.001953125,0.0,-0.005859375,840.5,1.2,199.4,30.2,17.6,,,,,,,,
2026-09-07 15:36:04.999160,0.50433349609375,0.48211669921875,0.51690673828125,0.4959716796875,-0.046875,0.16796875,-0.02734375,0.001953125,0.009765625,0.0,832.75,1.2,199.4,30.2,17.6,,,,,,,,
2026-09-07 15:36:05.089897,0.50408935546875,0.4825439453125,0.51702880859375,0.49566650390625,-0.09375,0.046875,0.00390625,0.0078125,0.009765625,0.0,832.75,1.2,199.4,30.2,17.6,,,,,,,,
2026-09-07 15:36:05.198830,0.50439453125,0.48394775390625,0.51666259765625,0.49444580078125,-0.10546875,-0.0703125,0.05078125,0.03515625,0.017578125,0.009765625,830.0,1.2,199.4,29.4,17.6,,,,,,,,
2026-09-07 15:36:05.297060,0.50457763671875,0.48468017578125,0.51641845703125,0.49371337890625,0.015625,-0.0078125,-0.04296875,0.044921875,0.029296875,0.009765625,830.0,1.2,199.4,29.4,17.6,,,,,,,,
2026-09-07 15:36:05.396924,0.50494384765625,0.4864501953125,0.51611328125,0.49200439453125,-0.0234375,0.078125,-0.21875,0.033203125,0.033203125,0.01171875,811.0,1.9,199.4,30.2,20.4,,,,,,,,
2026-09-07 15:36:05.476373,0.50494384765625,0.4881591796875,0.51605224609375,0.4903564453125,0.0625,0.12109375,-0.55859375,0.025390625,0.03515625,0.009765625,811.0,1.9,199.4,30.2,20.4,,,,,,,,
2026-09-07 15:36:05.583872,0.5047607421875,0.48919677734375,0.51617431640625,0.4893798828125,-0.0234375,0.17578125,-0.54296875,0.00390625,0.078125,0.0,941.0,1.9,199.4,55.3,22.0,,,,,,,,
2026-09-07 15:36:05.677068,0.504150390625,0.49505615234375,0.515625,0.484619140625,0.375,0.06640625,-0.2421875,-0.01171875,0.083984375,0.00390625,941.0,1.9,199.4,55.3,22.0,,,,,,,,
2026-09-07 15:36:05.801102,0.50079345703125,0.498046875,0.51953125,0.4808349609375,0.859375,0.13671875,0.03515625,-0.001953125,0.109375,0.015625,1328.0,2.5,199.4,34.1,17.3,,,,,,,,
2026-09-07 15:36:05.897258,0.49957275390625,0.49945068359375,0.52117919921875,0.4788818359375,0.96484375,-0.36328125,-0.36328125,0.009765625,0.14453125,0.01953125,1328.0,2.5,199.4,34.1,17.3,,,,,,,,
2026-09-07 15:36:05.997943,0.49493408203125,0.5050048828125,0.5269775390625,0.4715576171875,0.83984375,-0.1328125,-0.39453125,0.0,0.17578125,0.01953125,1371.0,2.5,197.6,26.7,21.6,,,,,,,,
2026-09-07 15:36:06.096237,0.4930419921875,0.507080078125,0.529296875,0.4686279296875,0.78515625,-0.24609375,-0.1796875,0.029296875,0.19921875,0.03515625,1371.0,2.5,197.6,26.7,21.6,,,,,,,,
2026-09-07 15:36:06.197066,0.4874267578125,0.5147705078125,0.5364990234375,0.457763671875,0.609375,-0.23828125,-0.17578125,0.02734375,0.220703125,0.0234375,1370.25,3.1,197.6,25.5,21.6,,,,,,,,
2026-09-07 15:36:06.282197,0.486328125,0.51812744140625,-1.46160888671875,0.45294189453125,0.70703125,0.375,-0.890625,0.015625,0.24609375,0.015625,1370.25,3.1,197.6,25.5,21.6,,,,,,,,
2026-09-07 15:36:06.384668,0.482666015625,0.52447509765625,0.5435791015625,0.44317626953125,0.53125,0.18359375,-0.65234375,0.01953125,0.287109375,0.048828125,1375.0,3.7,197.6,25.5,22.0,,,,,,,,
2026-09-07 15:36:06.584185,0.4710693359375,0.5361328125,-1.4410400390625,0.422119140625,-0.046875,0.18359375,-0.98828125,-0.0078125,0.318359375,0.060546875,1373.0,4.3,197.6,25.9,22.0,2.0,12.0,36.964688,-122.04186116666666,18.9,0.58,,
2026-09-07 15:36:06.684660,0.4688720703125,0.5452880859375,0.5635986328125,0.40643310546875,0.1796875,0.10546875,-0.4296875,-0.005859375,0.373046875,0.046875,1373.0,4.3,197.6,25.9,22.0,2.0,12.0,36.964688,-122.04186116666666,18.9,0.58,,
2026-09-07 15:36:06.784600,0.4677734375,0.5574951171875,0.56640625,0.38677978515625,-0.2890625,-0.27734375,-0.09765625,0.021484375,0.15625,0.0390625,1390.0,5.0,195.8,26.3,21.6,2.0,12.0,36.964688,-122.04186116666666,18.9,0.58,,
2026-09-07 15:36:06.885067,0.4627685546875,0.5682373046875,0.57177734375,0.3687744140625,-0.46875,-0.1484375,0.23828125,0.017578125,0.38671875,0.03125,1390.0,5.0,195.8,26.3,21.6,2.0,12.0,36.964688,-122.04186116666666,18.9,0.58,,
2026-09-07 15:36:06.990301,0.45501708984375,0.57684326171875,0.5784912109375,0.3543701171875,-0.4765625,0.48828125,0.046875,-0.009765625,0.376953125,0.04296875,1399.0,5.0,195.8,23.5,21.6,2.0,12.0,36.964688,-122.04186116666666,18.9,0.58,,
2026-09-07 15:36:07.083442,0.44525146484375,0.582275390625,0.5880126953125,0.34197998046875,-0.9296875,0.14453125,0.34375,-0.025390625,0.40625,0.060546875,1399.0,5.0,195.8,23.5,21.6,2.0,12.0,36.964688,-122.04186116666666,18.9,0.58,,
2026-09-07 15:36:07.188547,0.434814453125,0.58770751953125,0.59796142578125,0.32861328125,-0.25,-0.078125,0.53515625,0.009765625,0.40234375,0.029296875,1296.75,5.6,195.8,21.2,21.6,2.0,12.0,36.964688,-122.04186116666666,18.9,0.58,,
2026-09-07 15:36:07.283806,0.423583984375,0.5938720703125,0.60662841796875,0.3160400390625,-1.109375,0.10546875,-0.40234375,-0.2890625,0.376953125,0.0,1296.75,5.6,195.8,21.2,21.6,2.0,12.0,36.964688,-122.04186116666666,18.9,0.58,,
2026-09-07 15:36:07.483231,0.40032958984375,0.6033935546875,0.6239013671875,0.29400634765625,-1.5234375,0.453125,0.66015625,0.01953125,0.3984375,0.02734375,1174.0,5.6,194.0,14.1,15.3,2.0,12.0,36.964688,-122.04186116666666,18.9,0.58,5.824,170.92
2026-09-07 15:36:07.589989,0.3905029296875,0.61083984375,0.62939453125,0.27972412109375,-1.8671875,0.48046875,0.59765625,0.0703125,0.36328125,0.052734375,1056.0,5.6,194.0,10.2,16.1,2.0,12.0,36.96466483333333,-122.04185616666666,18.8,0.6,5.824,170.92
2026-09-07 15:36:07.683467,0.38287353515625,0.61834716796875,0.63323974609375,0.26483154296875,-1.68359375,0.23046875,0.671875,0.076171875,0.333984375,0.0546875,1056.0,5.6,194.0,10.2,16.1,2.0,12.0,36.96466483333333,-122.04185616666666,18.8,0.6,5.824,170.92
2026-09-07 15:36:07.789013,0.375,0.6246337890625,0.63714599609375,0.25146484375,-1.1953125,-0.0703125,-0.62109375,0.03515625,0.349609375,0.025390625,1003.0,5.6,194.0,11.8,16.5,2.0,12.0,36.96466483333333,-122.04185616666666,18.8,0.6,5.824,170.92
2026-09-07 15:36:07.888968,0.365234375,0.6302490234375,0.64202880859375,0.23907470703125,-1.90625,0.54296875,-1.15234375,0.009765625,0.36328125,0.021484375,1003.0,5.6,194.0,11.8,16.5,2.0,12.0,36.96466483333333,-122.04185616666666,18.8,0.6,5.824,170.92
2026-09-07 15:36:07.988648,0.35430908203125,0.634765625,0.6480712890625,0.22698974609375,-1.859375,0.3046875,-0.4921875,-0.005859375,0.353515625,0.041015625,1022.5,5.6,192.2,16.1,20.0,2.0,12.0,36.96466483333333,-122.04185616666666,18.8,0.6,5.824,170.92
2026-09-07 15:36:08.199507,0.3338623046875,0.6412353515625,0.660400390625,0.202880859375,-1.0390625,-0.765625,0.42578125,0.017578125,0.3359375,0.052734375,1167.0,5.6,192.2,21.2,20.0,2.0,12.0,36.96466483333333,-122.04185616666666,18.8,0.6,5.824,170.92
2026-09-07 15:36:08.298307,0.3240966796875,0.645751953125,0.66448974609375,0.19073486328125,-1.29296875,0.4296875,-0.7265625,0.03515625,0.333984375,0.03515625,1167.0,5.6,192.2,21.2,20.0,2.0,12.0,36.96466483333333,-122.04185616666666,18.8,0.6,5.824,170.92
2026-09-07 15:36:08.398633,0.31414794921875,0.6495361328125,0.6688232421875,0.1790771484375,-1.15234375,0.51171875,0.609375,0.033203125,0.07421875,0.044921875,1345.0,5.6,192.2,22.4,20.0,2.0,12.0,36.96466483333333,-122.04185616666666,18.8,0.6,5.824,161.6
2026-09-07 15:36:08.509472,0.30560302734375,0.65435791015625,0.67144775390625,0.166259765625,-0.86328125,0.62890625,-0.1953125,0.083984375,0.3203125,0.060546875,1345.0,5.6,192.2,22.4,20.0,2.0,12.0,36.964640333333335,-122.04184283333332,18.8,0.58,5.824,161.6
2026-09-07 15:36:08.611865,0.29638671875,0.65863037109375,0.67437744140625,0.1534423828125,-0.546875,-0.828125,-0.67578125,-0.03515625,0.3203125,-0.0078125,1332.0,6.2,192.2,20.8,20.0,2.0,12.0,36.964640333333335,-122.04184283333332,18.8,0.58,5.824,161.6
2026-09-07 15:36:08.709440,0.284912109375,0.66058349609375,0.67950439453125,0.14385986328125,-1.328125,-0.67578125,0.53125,0.068359375,0.306640625,0.01171875,1332.0,6.2,192.2,20.8,20.0,2.0,12.0,36.964640333333335,-122.04184283333332,18.8,0.58,5.824,161.6
2026-09-07 15:36:08.811439,0.27508544921875,0.665771484375,0.6807861328125,0.1326904296875,-0.08984375,0.26171875,-0.76171875,0.09375,0.30859375,0.02734375,1299.0,6.2,192.2,18.4,20.4,2.0,12.0,36.964640333333335,-122.04184283333332,18.8,0.58,5.824,161.6
2026-09-07 15:36:08.911438,0.263916015625,0.67120361328125,0.6817626953125,0.12249755859375,-0.09375,-1.01171875,-1.52734375,-0.091796875,0.318359375,-0.05078125,1299.0,6.2,192.2,18.4,20.4,2.0,12.0,36.964640333333335,-122.04184283333332,18.8,0.58,5.824,161.6
2026-09-07 15:36:08.998432,0.249267578125,0.67230224609375,0.68719482421875,0.11676025390625,-0.9375,-1.05078125,-1.0859375,-0.044921875,0.306640625,-0.052734375,1321.0,6.2,192.2,17.3,17.3,2.0,12.0,36.964640333333335,-122.04184283333332,18.8,0.58,5.824,161.6
2026-09-07 15:36:09.098800,0.23553466796875,0.67449951171875,0.69097900390625,0.11029052734375,-0.8984375,0.4453125,-0.6640625,-0.021484375,0.3046875,-0.060546875,1321.0,6.2,192.2,17.3,17.3,2.0,12.0,36.964640333333335,-122.04184283333332,18.8,0.58,5.824,161.6
2026-09-07 15:36:09.198369,0.22235107421875,0.67535400390625,0.69561767578125,0.10272216796875,-1.76171875,1.05078125,0.58984375,-0.078125,0.31640625,-0.029296875,1257.0,6.2,190.4,11.8,20.8,2.0,12.0,36.964640333333335,-122.04184283333332,18.8,0.58,5.824,161.6
2026-09-07 15:36:09.297509,0.21075439453125,0.67547607421875,0.7003173828125,0.093994140625,-1.73828125,0.0078125,1.45703125,-0.0234375,0.28515625,0.015625,1257.0,6.2,190.4,11.8,20.8,2.0,12.0,36.964640333333335,-122.04184283333332,18.8,0.58,5.824,161.6
2026-09-07 15:36:09.400202,0.2017822265625,0.67852783203125,0.701171875,0.08489990234375,-1.109375,-0.03125,0.63671875,0.060546875,0.244140625,0.0234375,1152.0,6.8,190.4,8.6,15.3,2.0,12.0,36.964640333333335,-122.04184283333332,18.8,0.58,5.824,161.6
2026-09-07 15:36:09.498071,0.1932373046875,0.68316650390625,0.70001220703125,0.07684326171875,-1.58203125,0.12109375,0.5234375,0.068359375,0.232421875,0.021484375,1152.0,6.8,190.4,8.6,15.3,2.0,12.0,36.9646185,-122.04181983333334,18.6,0.58,5.824,161.6
2026-09-07 15:36:09.598620,0.18377685546875,0.68963623046875,0.6968994140625,0.070068359375,-1.18359375,-0.3359375,-0.765625,0.072265625,0.232421875,0.01953125,1085.0,6.8,190.4,9.0,16.1,2.0,12.0,36.9646185,-122.04181983333334,18.6,0.58,5.824,161.6
2026-09-07 15:36:09.698318,0.17413330078125,0.69342041015625,0.6962890625,0.0638427734375,-1.12890625,0.0546875,-0.57421875,0.013671875,0.2265625,-0.01171875,1085.0,6.8,190.4,9.0,16.1,2.0,12.0,36.9646185,-122.04181983333334,18.6,0.58,5.824,161.6
2026-09-07 15:36:09.798446,0.164794921875,0.6954345703125,0.697021484375,0.057861328125,-1.46484375,0.51171875,0.26171875,0.00390625,0.21875,-0.0078125,1064.0,6.2,190.4,9.8,16.1,2.0,12.0,36.9646185,-122.04181983333334,18.6,0.58,5.824,161.6
2026-09-07 15:36:09.898944,0.15716552734375,0.6968994140625,0.6978759765625,0.0511474609375,-1.14453125,0.3515625,0.171875,-0.009765625,0.19921875,0.0234375,1064.0,6.2,190.4,9.8,16.1,2.0,12.0,36.9646185,-122.04181983333334,18.6,0.58,5.824,161.6
2026-09-07 15:36:09.998127,0.14996337890625,0.69549560546875,0.701171875,0.0458984375,-1.3671875,-0.3828125,-0.22265625,-0.10546875,0.177734375,-0.005859375,1054.0,6.2,190.4,10.2,16.1,2.0,12.0,36.9646185,-122.04181983333334,18.6,0.58,5.824,161.6
2026-09-07 15:36:10.106045,0.1435546875,0.6944580078125,0.703857421875,0.04107666015625,-0.8984375,0.0390625,0.7890625,-0.013671875,0.15625,0.01953125,1054.0,6.2,190.4,10.2,16.1,2.0,12.0,36.9646185,-122.04181983333334,18.6,0.58,5.824,161.6
2026-09-07 15:36:10.198672,0.137939453125,0.69512939453125,0.70452880859375,0.03692626953125,-1.1875,0.3046875,1.0234375,-0.037109375,0.109375,0.017578125,1050.75,6.2,190.4,10.2,16.1,2.0,12.0,36.9646185,-122.04181983333334,18.6,0.58,5.824,161.6
2026-09-07 15:36:10.305601,0.1336669921875,0.6949462890625,0.7056884765625,0.0340576171875,-1.05859375,-0.26953125,1.26171875,-0.015625,0.087890625,0.0234375,1050.75,6.2,190.4,10.2,16.1,2.0,12.0,36.9646185,-122.04181983333334,18.6,0.58,5.824,161.6
2026-09-07 15:36:10.404167,0.13104248046875,0.6966552734375,0.70458984375,0.03192138671875,-0.95703125,-0.1171875,0.88671875,0.029296875,0.048828125,0.005859375,1040.0,6.2,190.4,10.6,16.1,2.0,12.0,36.9646185,-122.04181983333334,18.6,0.58,6.064,135.74
2026-09-07 15:36:10.614445,0.126708984375,0.69903564453125,0.703125,0.03125,-0.7265625,-0.03125,1.0859375,-0.01953125,0.021484375,-0.0234375,1035.75,6.2,190.4,11.0,16.1,2.0,12.0,36.964599166666666,-122.04179333333332,18.6,0.58,6.064,135.74
2026-09-07 15:36:10.726702,0.12493896484375,0.70001220703125,0.70233154296875,0.0323486328125,-1.11328125,0.27734375,1.078125,0.0390625,-0.01953125,0.0,1035.75,6.2,190.4,11.0,16.1,2.0,12.0,36.964599166666666,-122.04179333333332,18.6,0.58,6.064,135.74
2026-09-07 15:36:10.824549,0.12353515625,0.7030029296875,0.699462890625,0.03533935546875,-1.48046875,0.3203125,1.16796875,0.029296875,-0.048828125,-0.00390625,1046.0,6.2,190.4,11.0,16.1,2.0,12.0,36.964599166666666,-122.04179333333332,18.6,0.58,6.064,135.74
2026-09-07 15:36:10.925644,0.12384033203125,0.7044677734375,0.69781494140625,0.038330078125,-0.5078125,-0.4453125,0.40234375,0.080078125,-0.060546875,0.015625,1046.0,6.2,190.4,11.0,16.1,2.0,12.0,36.964599166666666,-122.04179333333332,18.6,0.58,6.064,135.74
2026-09-07 15:36:11.025281,0.1251220703125,0.70703125,0.69482421875,0.04083251953125,-0.8515625,0.08984375,1.1171875,0.025390625,-0.060546875,-0.01171875,1039.75,6.2,190.4,11.4,16.1,2.0,12.0,36.964599166666666,-122.04179333333332,18.6,0.58,6.064,135.74
2026-09-07 15:36:11.113294,0.1260986328125,0.70758056640625,0.69384765625,0.04443359375,-0.53515625,0.17578125,-0.4453125,-0.029296875,-0.072265625,-0.0078125,1039.75,6.2,190.4,11.4,16.1,2.0,12.0,36.964599166666666,-122.04179333333332,18.6,0.58,6.064,135.74
2026-09-07 15:36:11.213885,0.126708984375,0.706787109375,0.69439697265625,0.04644775390625,-0.48828125,-0.55859375,-0.6171875,-0.04296875,-0.076171875,-0.005859375,1031.25,6.2,190.4,11.4,16.1,2.0,12.0,36.964599166666666,-122.04179333333332,18.6,0.58,6.064,135.74
2026-09-07 15:36:11.313020,0.1279296875,0.7052001953125,0.695556640625,0.0506591796875,0.0625,0.21484375,0.0859375,-0.06640625,-0.06640625,-0.03125,1031.25,6.2,190.4,11.4,16.1,2.0,12.0,36.964599166666666,-122.04179333333332,18.6,0.58,6.064,135.74
2026-09-07 15:36:11.413392,0.12774658203125,0.70306396484375,0.69732666015625,0.05560302734375,-0.71484375,-0.29296875,1.6171875,-0.009765625,-0.078125,-0.03125,1029.5,6.2,190.4,11.4,16.1,2.0,12.0,36.964599166666666,-122.04179333333332,18.6,0.58,6.064,135.74
2026-09-07 15:36:11.513247,0.12652587890625,0.70306396484375,0.69696044921875,0.06256103515625,-0.6171875,0.0234375,1.02734375,0.05859375,-0.107421875,-0.017578125,1029.5,6.2,190.4,11.4,16.1,2.0,12.0,36.964579666666666,-122.0417695,18.4,0.58,6.064,135.74
2026-09-07 15:36:11.613135,0.12762451171875,0.70465087890625,0.694580078125,0.06890869140625,-0.33984375,-0.0625,0.32421875,0.052734375,-0.109375,-0.015625,1032.0,6.2,190.4,11.4,16.1,2.0,12.0,36.964579666666666,-122.0417695,18.4,0.58,6.064,135.74
2026-09-07 15:36:11.713262,0.12969970703125,0.70587158203125,0.6923828125,0.074462890625,-0.22265625,-0.12890625,0.1015625,0.037109375,-0.10546875,-0.0078125,1032.0,6.2,190.4,11.4,16.1,2.0,12.0,36.964579666666666,-122.0417695,18.4,0.58,6.064,135.74
2026-09-07 15:36:11.834458,0.1351318359375,0.7042236328125,0.6917724609375,0.08526611328125,-0.31640625,0.0625,-0.10546875,-0.048828125,-0.1328125,0.001953125,1014.0,6.2,190.4,11.4,16.1,2.0,12.0,36.964579666666666,-122.0417695,18.4,0.58,6.064,135.74
2026-09-07 15:36:11.932325,0.13665771484375,0.70306396484375,0.69219970703125,0.08856201171875,-0.4296875,-0.23828125,0.68359375,-0.046875,-0.140625,-0.017578125,1014.0,6.2,190.4,11.8,16.1,2.0,12.0,36.964579666666666,-122.0417695,18.4,0.58,6.064,135.74
2026-09-07 15:36:12.154781,0.1414794921875,0.6981201171875,0.69281005859375,0.11260986328125,-0.3046875,-0.23828125,1.25390625,-0.00390625,-0.189453125,-0.03125,1015.5,6.2,190.4,11.8,16.1,2.0,12.0,36.964579666666666,-122.0417695,18.4,0.58,6.064,135.74
2026-09-07 15:36:12.235292,0.14556884765625,0.69696044921875,0.69122314453125,0.1234130859375,-0.42578125,-0.12109375,1.0078125,0.01171875,-0.21484375,-0.044921875,1015.5,6.2,190.4,11.8,16.1,2.0,12.0,36.964579666666666,-122.0417695,18.4,0.58,6.064,135.74
2026-09-07 15:36:12.336181,0.150146484375,0.69537353515625,0.68988037109375,0.13397216796875,-0.33203125,0.26953125,0.47265625,0.00390625,-0.21484375,-0.04296875,1012.5,6.2,190.4,12.2,16.1,2.0,12.0,36.964579666666666,-122.0417695,18.4,0.58,6.064,135.74
2026-09-07 15:36:12.434851,0.15606689453125,0.69317626953125,0.68865966796875,0.14459228515625,-0.66796875,-0.22265625,0.85546875,-0.009765625,-0.234375,-0.021484375,1012.5,6.2,190.4,12.2,16.1,2.0,12.0,36.964579666666666,-122.0417695,18.4,0.58,5.62,142.23
2026-09-07 15:36:12.536404,0.162109375,0.68951416015625,0.68817138671875,0.1572265625,-0.31640625,-0.03125,0.23828125,-0.044921875,-0.271484375,-0.046875,1010.0,5.6,190.4,12.2,16.1,2.0,12.0,36.964558,-122.0417505,18.2,0.57,5.62,142.23
2026-09-07 15:36:12.636800,0.16766357421875,0.68505859375,0.68804931640625,0.1707763671875,-0.8984375,0.3671875,-0.0390625,-0.048828125,-0.27734375,-0.0546875,1010.0,5.6,190.4,12.2,16.1,2.0,12.0,36.964558,-122.0417505,18.2,0.57,5.62,142.23
2026-09-07 15:36:12.736484,0.17364501953125,0.6798095703125,0.6884765625,0.1837158203125,-1.43359375,0.75,0.83203125,-0.037109375,-0.275390625,-0.025390625,1000.0,5.6,190.4,12.5,16.1,2.0,12.0,36.964558,-122.0417505,18.2,0.57,5.62,142.23
2026-09-07 15:36:12.836138,0.181640625,0.676025390625,0.686767578125,0.19580078125,-0.98828125,-0.6640625,0.93359375,-0.01171875,-0.29296875,-0.015625,1000.0,5.6,190.4,12.5,16.1,2.0,12.0,36.964558,-122.0417505,18.2,0.57,5.62,142.23
2026-09-07 15:36:12.936358,0.1900634765625,0.67144775390625,0.68505859375,-1.79083251953125,-0.56640625,0.21484375,-0.32421875,-0.025390625,-0.3203125,-0.033203125,996.0,5.6,190.4,12.5,16.1,2.0,12.0,36.964558,-122.0417505,18.2,0.57,5.62,142.23
2026-09-07 15:36:13.034473,0.19403076171875,0.6690673828125,0.68414306640625,0.2159423828125,-0.47265625,-0.3515625,-0.08984375,-0.03125,-0.314453125,-0.048828125,996.0,5.6,190.4,12.5,16.1,2.0,12.0,36.964558,-122.0417505,18.2,0.57,5.62,142.23
2026-09-07 15:36:13.135929,0.2054443359375,0.66192626953125,0.681640625,0.23455810546875,-0.76953125,0.26171875,-0.12109375,-0.03125,-0.2890625,-0.037109375,968.75,5.0,190.4,13.3,16.1,2.0,12.0,36.964558,-122.0417505,18.2,0.57,5.62,142.23
2026-09-07 15:36:13.233116,0.20941162109375,0.65924072265625,0.680908203125,0.24072265625,-1.0,0.0859375,0.22265625,-0.048828125,-0.30859375,-0.03515625,968.75,5.0,190.4,13.3,16.1,2.0,12.0,36.964558,-122.0417505,18.2,0.57,5.62,142.23
2026-09-07 15:36:13.332817,0.2176513671875,0.654052734375,0.678466796875,0.25408935546875,-1.11328125,-0.10546875,0.51953125,-0.009765625,-0.333984375,-0.0390625,953.75,5.0,190.4,14.1,16.5,2.0,12.0,36.964558,-122.0417505,18.2,0.57,5.62,142.23
2026-09-07 15:36:13.434258,0.2261962890625,0.649169921875,0.67510986328125,0.2677001953125,-0.8046875,0.046875,-0.74609375,0.021484375,-0.330078125,-0.03125,953.75,5.0,190.4,14.1,16.5,2.0,12.0,36.964558,-122.0417505,18.2,0.57,4.921,162.96
2026-09-07 15:36:13.532696,0.23492431640625,0.64404296875,0.67193603515625,0.2802734375,-0.62109375,-0.14453125,-0.71484375,-0.013671875,-0.322265625,-0.021484375,921.0,4.3,190.4,15.3,16.5,2.0,12.0,36.96453433333333,-122.041745,18.1,0.57,4.921,162.96
2026-09-07 15:36:13.633459,0.24371337890625,0.638427734375,0.66888427734375,0.2926025390625,-0.3671875,0.16015625,-0.83203125,-0.01953125,-0.322265625,-0.029296875,921.0,4.3,190.4,15.3,16.5,2.0,12.0,36.96453433333333,-122.041745,18.1,0.57,4.921,162.96
2026-09-07 15:36:13.735134,0.2515869140625,0.63214111328125,0.6585693359375,0.30499267578125,-0.68359375,0.28515625,-0.86328125,-0.064453125,-0.3046875,-0.029296875,881.0,4.3,192.2,16.9,16.5,2.0,12.0,36.96453433333333,-122.041745,18.1,0.57,4.921,162.96
2026-09-07 15:36:13.835290,0.25384521484375,0.6322021484375,0.65789794921875,0.321044921875,0.03125,-0.23828125,0.359375,-0.080078125,-0.296875,-0.01953125,881.0,4.3,192.2,16.9,16.5,2.0,12.0,36.96453433333333,-122.041745,18.1,0.57,4.921,162.96
2026-09-07 15:36:13.934714,0.26409912109375,0.63250732421875,0.6409912109375,0.336669921875,0.109375,-0.51171875,0.73828125,-0.033203125,-0.3046875,-0.01953125,841.0,3.7,192.2,19.6,16.5,2.0,12.0,36.96453433333333,-122.041745,18.1,0.57,4.921,162.96
2026-09-07 15:36:14.035107,0.26483154296875,0.62762451171875,0.64434814453125,0.3475341796875,0.00390625,-0.10546875,0.66796875,0.005859375,-0.310546875,-0.021484375,841.0,3.7,192.2,19.6,16.5,2.0,12.0,36.96453433333333,-122.041745,18.1,0.57,4.921,162.96
2026-09-07 15:36:14.135270,0.274169921875,0.62261962890625,0.6395263671875,0.3580322265625,0.23046875,0.0625,0.26171875,0.005859375,-0.3125,-0.021484375,814.0,3.7,192.2,22.4,16.5,2.0,12.0,36.96453433333333,-122.041745,18.1,0.57,4.921,162.96
2026-09-07 15:36:14.234924,0.2838134765625,0.6175537109375,0.63433837890625,0.36834716796875,0.33984375,0.31640625,0.1015625,0.025390625,-0.3203125,-0.015625,814.0,3.7,192.2,22.4,16.5,2.0,12.0,36.96453433333333,-122.041745,18.1,0.57,4.921,162.96
2026-09-07 15:36:14.435912,0.30206298828125,0.60626220703125,0.62432861328125,0.38916015625,0.26171875,-0.30859375,0.0625,-0.03125,-0.3125,-0.03515625,795.25,3.7,192.2,23.9,16.5,2.0,12.0,36.96453433333333,-122.041745,18.1,0.57,3.468,183.74
2026-09-07 15:36:14.535805,0.3111572265625,0.60076904296875,0.6187744140625,0.39923095703125,0.32421875,-0.6875,0.3828125,0.02734375,-0.31640625,-0.0234375,797.5,3.7,192.2,24.7,16.5,2.0,12.0,36.9645165,-122.04174983333333,18.0,0.57,3.468,183.74
2026-09-07 15:36:14.753702,0.3306884765625,0.5902099609375,0.60565185546875,0.4188232421875,0.16796875,0.046875,-0.0703125,0.041015625,-0.330078125,-0.021484375,803.0,3.7,192.2,25.1,16.5,2.0,12.0,36.9645165,-122.04174983333333,18.0,0.57,3.468,183.74
2026-09-07 15:36:14.852836,0.34136962890625,0.58447265625,0.598388671875,0.42864990234375,0.93359375,-0.3515625,-0.67578125,-0.005859375,-0.357421875,-0.0546875,803.0,3.7,192.2,25.1,16.5,2.0,12.0,36.9645165,-122.04174983333333,18.0,0.57,3.468,183.74
2026-09-07 15:36:14.953070,0.35028076171875,0.5771484375,0.591552734375,0.44073486328125,0.95703125,-0.01953125,-0.5859375,-0.046875,-0.345703125,-0.087890625,807.0,3.7,192.2,24.7,16.5,2.0,12.0,36.9645165,-122.04174983333333,18.0,0.57,3.468,183.74
2026-09-07 15:36:15.053152,0.356689453125,0.56927490234375,0.5853271484375,0.45391845703125,0.60546875,0.1953125,-0.3046875,-0.083984375,-0.31640625,-0.09765625,807.0,3.7,192.2,24.7,16.5,2.0,12.0,36.9645165,-122.04174983333333,18.0,0.57,3.468,183.74
2026-09-07 15:36:15.153062,0.3614501953125,0.56109619140625,0.58001708984375,0.46697998046875,-0.0234375,0.1796875,0.4375,-0.0703125,-0.3203125,-0.087890625,828.0,4.3,192.2,23.5,16.9,2.0,12.0,36.9645165,-122.04174983333333,18.0,0.57,3.468,183.74
2026-09-07 15:36:15.253474,0.3673095703125,0.55181884765625,0.5750732421875,0.4793701171875,-0.12109375,0.35546875,0.49609375,-0.072265625,-0.349609375,-0.0859375,828.0,4.3,192.2,23.5,16.9,2.0,12.0,36.9645165,-122.04174983333333,18.0,0.57,3.468,183.74
2026-09-07 15:36:15.351558,0.373779296875,0.542236328125,0.56915283203125,0.49224853515625,-0.12109375,0.78515625,0.41015625,-0.056640625,-0.35546875,-0.068359375,845.0,4.3,192.2,22.7,16.5,2.0,12.0,36.9645165,-122.04174983333333,18.0,0.57,3.468,183.74
2026-09-07 15:36:15.451157,0.381103515625,0.5325927734375,0.56280517578125,0.50433349609375,0.1484375,0.265625,0.05859375,-0.044921875,-0.34765625,-0.072265625,845.0,4.3,192.2,22.7,16.5,2.0,12.0,36.9645165,-122.04174983333333,18.0,0.57,4.135,206.84
2026-09-07 15:36:15.551117,0.38848876953125,0.523681640625,0.55548095703125,0.51605224609375,0.24609375,-2.44921875,1.99609375,0.138671875,-0.37109375,-0.125,853.0,4.3,192.2,22.0,16.5,2.0,12.0,36.9645015,-122.041764,17.9,0.57,4.135,206.84
2026-09-07 15:36:15.651290,0.39813232421875,0.517822265625,0.54351806640625,0.52716064453125,-0.47265625,0.82421875,-2.50390625,0.015625,-0.35546875,-0.111328125,853.0,4.3,192.2,22.0,16.5,2.0,12.0,36.9645015,-122.041764,17.9,0.57,4.135,206.84
2026-09-07 15:36:15.751304,0.40557861328125,0.50970458984375,0.5347900390625,0.5382080078125,-0.88671875,3.3125,0.0625,0.00390625,-0.33203125,0.029296875,879.5,4.3,192.2,21.2,19.2,2.0,12.0,36.9645015,-122.041764,17.9,0.57,4.135,206.84
2026-09-07 15:36:15.852257,0.416015625,0.4998779296875,0.52886962890625,0.5452880859375,-0.98046875,1.08984375,0.31640625,0.048828125,-0.3671875,0.08984375,879.5,4.3,192.2,21.2,19.2,2.0,12.0,36.9645015,-122.041764,17.9,0.57,4.135,206.84
2026-09-07 15:36:16.073891,0.44708251953125,0.46661376953125,0.51007080078125,0.567626953125,1.125,-1.8046875,-0.7265625,0.009765625,-0.3125,-0.02734375,985.0,4.3,192.2,27.5,20.0,2.0,12.0,36.9645015,-122.041764,17.9,0.57,4.135,206.84
2026-09-07 15:36:16.172341,0.451171875,0.462890625,0.50592041015625,0.5711669921875,0.78515625,-0.3515625,-0.65625,0.0390625,-0.298828125,-0.0390625,1127.0,4.3,192.2,29.8,20.0,2.0,12.0,36.9645015,-122.041764,17.9,0.57,4.135,206.84
2026-09-07 15:36:16.271419,0.4627685546875,0.45159912109375,0.49359130859375,0.58160400390625,0.5703125,0.38671875,-0.7578125,-0.01171875,-0.310546875,-0.01953125,1127.0,4.3,192.2,29.8,20.0,2.0,12.0,36.9645015,-122.041764,17.9,0.57,4.135,206.84
2026-09-07 15:36:16.369381,0.46624755859375,0.4466552734375,0.4903564453125,0.58544921875,0.6328125,0.546875,-0.88671875,-0.044921875,-0.310546875,0.001953125,1255.0,5.0,192.2,24.3,20.0,2.0,12.0,36.9645015,-122.041764,17.9,0.57,4.003,223.65
2026-09-07 15:36:16.463628,0.4730224609375,0.435791015625,0.4847412109375,0.5927734375,1.00390625,0.203125,-0.27734375,-0.056640625,-0.30859375,0.017578125,1255.0,5.0,192.2,24.3,20.0,2.0,12.0,36.9645015,-122.041764,17.9,0.57,4.003,223.65
2026-09-07 15:36:16.571504,0.4808349609375,0.419677734375,0.476318359375,0.6048583984375,0.66796875,0.01953125,0.10546875,-0.0859375,-0.298828125,-0.013671875,1277.0,5.0,192.2,23.1,20.4,2.0,12.0,36.964492166666666,-122.04178433333334,17.6,0.59,4.003,223.65
2026-09-07 15:36:16.669002,0.4835205078125,0.4141845703125,0.4727783203125,0.60919189453125,0.015625,-0.234375,0.91796875,-0.068359375,-0.326171875,-0.033203125,1277.0,5.0,192.2,23.1,20.4,2.0,12.0,36.964492166666666,-122.04178433333334,17.6,0.59,4.003,223.65
2026-09-07 15:36:16.770506,0.4932861328125,0.396728515625,0.460205078125,0.62249755859375,-0.22265625,-0.265625,1.16015625,-0.05859375,-0.361328125,-0.029296875,1278.0,5.6,192.2,23.5,20.0,2.0,12.0,36.964492166666666,-122.04178433333334,17.6,0.59,4.003,223.65
2026-09-07 15:36:16.868831,0.4970703125,0.39044189453125,0.4554443359375,0.62689208984375,-0.27734375,-0.1328125,1.06640625,-0.044921875,-0.388671875,-0.029296875,1278.0,5.6,192.2,23.5,20.0,2.0,12.0,36.964492166666666,-122.04178433333334,17.6,0.59,4.003,223.65
2026-09-07 15:36:16.968380,0.5048828125,0.377685546875,0.4451904296875,0.63580322265625,-0.33203125,-0.08984375,1.08203125,-0.025390625,-0.412109375,-0.033203125,1314.0,5.6,192.2,22.0,19.2,2.0,12.0,36.964492166666666,-122.04178433333334,17.6,0.59,4.003,223.65
2026-09-07 15:36:17.067731,0.5135498046875,0.3641357421875,0.43402099609375,0.64447021484375,-1.359375,-0.6171875,0.578125,-0.021484375,-0.447265625,-0.017578125,1314.0,5.6,192.2,22.0,19.2,2.0,12.0,36.964492166666666,-122.04178433333334,17.6,0.59,4.003,223.65
2026-09-07 15:36:17.270251,0.5377197265625,0.337646484375,0.40167236328125,0.65997314453125,-0.2265625,-0.78515625,1.14453125,0.099609375,-0.37109375,-0.080078125,1251.5,5.6,192.2,27.8,16.1,2.0,12.0,36.964492166666666,-122.04178433333334,17.6,0.59,4.003,223.65
2026-09-07 15:36:17.371101,0.54931640625,0.32586669921875,0.39044189453125,0.66302490234375,-2.421875,-1.25390625,0.984375,0.123046875,-0.376953125,0.009765625,1089.0,5.6,192.2,12.5,15.3,2.0,12.0,36.964492166666666,-122.04178433333334,17.6,0.59,5.294,246.3
2026-09-07 15:36:17.470108,0.560546875,0.31048583984375,0.37640380859375,0.66912841796875,0.08984375,-0.41796875,0.84765625,0.115234375,-0.484375,-0.017578125,1089.0,5.6,192.2,12.5,15.3,2.0,12.0,36.964492166666666,-122.04178433333334,17.6,0.59,5.294,246.3
2026-09-07 15:36:17.570070,0.5675048828125,0.29498291015625,0.3604736328125,0.678955078125,1.21484375,1.359375,-2.80078125,0.017578125,-0.525390625,-0.05078125,1025.0,5.6,192.2,11.0,15.7,2.0,12.0,36.964487,-122.0418125,17.6,0.59,5.294,246.3
2026-09-07 15:36:17.670694,0.56951904296875,0.28277587890625,0.3466796875,0.6895751953125,0.90234375,0.640625,-0.93359375,-0.115234375,-0.404296875,-0.12109375,1025.0,5.6,192.2,11.0,15.7,2.0,12.0,36.964487,-122.0418125,17.6,0.59,5.294,246.3
2026-09-07 15:36:17.771800,0.57232666015625,0.27178955078125,0.3336181640625,0.69805908203125,-1.2734375,-0.04296875,0.5078125,-0.068359375,-0.357421875,-0.087890625,1098.25,5.6,192.2,21.2,15.7,2.0,12.0,36.964487,-122.0418125,17.6,0.59,5.294,246.3
2026-09-07 15:36:17.871361,0.5775146484375,0.25897216796875,0.31866455078125,0.70556640625,-1.625,-0.46484375,0.61328125,-0.01171875,-0.42578125,-0.07421875,1098.25,5.6,192.2,21.2,15.7,2.0,12.0,36.964487,-122.0418125,17.6,0.59,5.294,246.3
2026-09-07 15:36:17.971516,0.58355712890625,0.24505615234375,0.303466796875,0.7122802734375,-1.125,-0.2421875,0.0234375,-0.005859375,-0.453125,-0.05859375,1312.5,5.6,192.2,22.4,15.7,2.0,12.0,36.964487,-122.0418125,17.6,0.59,5.294,246.3
2026-09-07 15:36:18.071256,0.58209228515625,0.232177734375,0.289794921875,0.717041015625,0.0546875,-0.125,-0.02734375,0.02734375,-0.408203125,-0.033203125,1312.5,5.6,192.2,22.4,15.7,2.0,12.0,36.964487,-122.0418125,17.6,0.59,5.294,246.3
2026-09-07 15:36:18.172139,0.595703125,0.21917724609375,0.2760009765625,0.72174072265625,-0.046875,-0.2109375,-0.01171875,0.029296875,-0.40234375,-0.03125,1358.5,5.6,192.2,24.3,20.4,2.0,12.0,36.964487,-122.0418125,17.6,0.59,5.294,246.3
2026-09-07 15:36:18.272365,0.60009765625,0.204833984375,0.260498046875,0.72802734375,-0.09375,0.01171875,-0.25,-0.01171875,-0.4453125,-0.052734375,1358.5,5.6,192.2,24.3,20.4,2.0,12.0,36.964487,-122.0418125,17.6,0.59,5.294,246.3
2026-09-07 15:36:18.491354,0.60467529296875,0.18658447265625,0.234619140625,0.7379150390625,-0.2421875,-0.00390625,0.09375,-0.02734375,-0.423828125,-0.048828125,1364.0,6.2,192.2,23.1,20.4,2.0,12.0,36.964489,-122.04184533333331,17.8,0.6,5.773,271.68
2026-09-07 15:36:18.590337,0.6075439453125,0.17291259765625,0.2196044921875,0.74346923828125,-0.2265625,0.04296875,0.22265625,-0.01953125,-0.435546875,-0.056640625,1388.25,6.2,192.2,22.7,20.8,2.0,12.0,36.964489,-122.04184533333331,17.8,0.6,5.773,271.68
2026-09-07 15:36:18.809087,0.611572265625,-1.85400390625,-1.8134765625,0.7548828125,-0.00390625,-0.140625,-0.109375,0.013671875,-0.427734375,-0.037109375,1411.5,6.2,192.2,23.1,20.4,2.0,12.0,36.964489,-122.04184533333331,17.8,0.6,5.773,271.68
2026-09-07 15:36:18.907599,0.61614990234375,0.12457275390625,0.16363525390625,0.76031494140625,0.140625,-0.2109375,-0.0234375,0.01953125,-0.416015625,-0.04296875,1411.5,6.2,192.2,23.1,20.4,2.0,12.0,36.964489,-122.04184533333331,17.8,0.6,5.773,271.68
2026-09-07 15:36:19.008329,0.61968994140625,0.1104736328125,0.1488037109375,0.76263427734375,0.20703125,0.05859375,-0.4140625,0.009765625,-0.408203125,-0.056640625,1451.5,6.8,192.2,21.6,21.2,2.0,12.0,36.964489,-122.04184533333331,17.8,0.6,5.773,271.68
2026-09-07 15:36:19.113093,0.6219482421875,0.09710693359375,0.13385009765625,0.76544189453125,0.21484375,0.33203125,-0.66796875,-0.01953125,-0.392578125,-0.05078125,1451.5,6.8,192.2,21.6,21.2,2.0,12.0,36.964489,-122.04184533333331,17.8,0.6,5.773,271.68
2026-09-07 15:36:19.207133,0.6229248046875,0.08380126953125,0.11968994140625,0.76849365234375,0.11328125,0.140625,-0.484375,-0.04296875,-0.384765625,-0.041015625,1498.25,6.8,192.2,20.4,20.4,2.0,12.0,36.964489,-122.04184533333331,17.8,0.6,5.773,271.68
2026-09-07 15:36:19.313636,0.62310791015625,0.07049560546875,0.1058349609375,0.771728515625,0.16015625,0.2578125,-0.4609375,-0.013671875,-0.37890625,-0.046875,1498.25,6.8,192.2,20.4,20.4,2.0,12.0,36.964489,-122.04184533333331,17.8,0.6,5.773,271.68
2026-09-07 15:36:19.413496,0.62432861328125,0.05743408203125,0.0921630859375,0.7735595703125,0.01953125,-0.05078125,0.16796875,0.013671875,-0.37109375,-0.03125,1540.5,7.5,194.0,19.2,21.2,2.0,12.0,36.964489,-122.04184533333331,17.8,0.6,6.555,284.38
2026-09-07 15:36:19.511879,0.6259765625,0.044677734375,0.07916259765625,0.7745361328125,0.625,-0.9375,-0.22265625,0.01171875,-0.34375,-0.041015625,1540.5,7.5,194.0,19.2,21.2,2.0,12.0,36.96450133333333,-122.04187833333332,17.8,0.57,6.555,284.38
2026-09-07 15:36:19.607702,0.6275634765625,0.03326416015625,0.06646728515625,0.7750244140625,0.83203125,-0.73828125,-1.41796875,-0.013671875,-0.314453125,-0.05859375,1571.0,7.5,192.2,18.4,21.2,2.0,12.0,36.96450133333333,-122.04187833333332,17.8,0.57,6.555,284.38
2026-09-07 15:36:19.714083,0.62835693359375,0.0234375,0.05401611328125,0.77569580078125,0.4765625,-0.09375,-1.29296875,0.001953125,-0.28515625,-0.05859375,1571.0,7.5,192.2,18.4,21.2,2.0,12.0,36.96450133333333,-122.04187833333332,17.8,0.57,6.555,284.38
2026-09-07 15:36:19.919673,0.6292724609375,0.00384521484375,0.0269775390625,0.7689208984375,0.4765625,0.140625,-1.0625,-0.013671875,-0.2578125,-0.0703125,1599.0,8.1,194.0,20.0,19.6,2.0,12.0,36.96450133333333,-122.04187833333332,17.8,0.57,6.555,284.38
2026-09-07 15:36:20.014967,0.6295166015625,-0.00360107421875,0.01824951171875,0.77679443359375,-0.37890625,0.71875,-0.71875,0.0,-0.224609375,-0.052734375,1564.0,8.1,192.2,11.0,21.2,2.0,12.0,36.96450133333333,-122.04187833333332,17.8,0.57,6.555,284.38
2026-09-07 15:36:20.114620,0.6295166015625,-0.010986328125,0.0106201171875,0.77685546875,-0.28125,-0.01953125,-1.30078125,-0.009765625,-0.212890625,-0.029296875,1564.0,8.1,192.2,11.0,21.2,2.0,12.0,36.96450133333333,-122.04187833333332,17.8,0.57,6.555,284.38
2026-09-07 15:36:20.315899,0.6319580078125,-0.02996826171875,-0.00238037109375,0.77471923828125,-0.10546875,-0.04296875,-0.8515625,0.013671875,-0.158203125,-0.03515625,1491.25,8.1,192.2,7.8,16.9,2.0,12.0,36.96450133333333,-122.04187833333332,17.8,0.57,6.555,284.38
2026-09-07 15:36:20.415718,0.6331787109375,-0.02679443359375,-0.008056640625,0.77349853515625,-0.5859375,-0.125,-1.2109375,0.013671875,-0.142578125,-0.03515625,1396.0,8.1,192.2,8.6,16.5,2.0,12.0,36.96450133333333,-122.04187833333332,17.8,0.57,7.401,297.04
2026-09-07 15:36:20.516047,0.6258544921875,-0.0400390625,-0.01275634765625,0.7728271484375,-0.55078125,0.05859375,-1.42578125,0.009765625,-0.14453125,-0.00390625,1396.0,8.1,192.2,8.6,16.5,2.0,12.0,36.964521833333336,-122.04191083333332,17.8,0.57,7.401,297.04
2026-09-07 15:36:20.616788,0.6331787109375,-0.03704833984375,-0.01654052734375,-1.22705078125,-0.25,0.171875,-1.42578125,-0.00390625,-0.130859375,0.01171875,1317.75,8.1,192.2,8.6,16.5,2.0,12.0,36.964521833333336,-122.04191083333332,17.8,0.57,7.401,297.04
2026-09-07 15:36:20.716863,0.632080078125,-0.04022216796875,-0.01947021484375,0.77362060546875,-0.296875,0.09375,-1.1484375,-0.052734375,-0.087890625,-0.005859375,1317.75,8.1,192.2,8.6,16.5,2.0,12.0,36.964521833333336,-122.04191083333332,17.8,0.57,7.401,297.04
2026-09-07 15:36:20.816795,0.6328125,-0.04339599609375,-0.02142333984375,0.7728271484375,-0.640625,0.30859375,-0.91015625,0.01171875,-0.0703125,0.00390625,1252.0,8.1,192.2,8.6,16.9,2.0,12.0,36.964521833333336,-122.04191083333332,17.8,0.57,7.401,297.04
2026-09-07 15:36:20.918776,0.6341552734375,-0.04638671875,-0.0230712890625,0.771484375,-0.41015625,0.1875,-0.87109375,0.001953125,-0.06640625,0.013671875,1252.0,8.1,192.2,8.6,16.9,2.0,12.0,36.964521833333336,-122.04191083333332,17.8,0.57,7.401,297.04
2026-09-07 15:36:21.017627,0.6361083984375,-0.0479736328125,-0.0244140625,0.76971435546875,-0.3671875,0.171875,-1.64453125,0.00390625,-0.044921875,0.01171875,1206.0,7.5,192.2,8.6,16.1,2.0,12.0,36.964521833333336,-122.04191083333332,17.8,0.57,7.401,297.04
2026-09-07 15:36:21.116259,0.636962890625,-0.04937744140625,-0.02587890625,0.7689208984375,-0.17578125,0.27734375,-1.20703125,0.005859375,-0.04296875,0.00390625,1206.0,7.5,192.2,8.6,16.1,2.0,12.0,36.964521833333336,-122.04191083333332,17.8,0.57,7.401,297.04
2026-09-07 15:36:21.215833,0.636962890625,-0.05035400390625,-0.02801513671875,0.76873779296875,-0.3046875,0.078125,-0.79296875,-0.01953125,-0.044921875,-0.009765625,1153.0,7.5,192.2,8.6,16.9,2.0,12.0,36.964521833333336,-122.04191083333332,17.8,0.57,7.401,297.04
2026-09-07 15:36:21.316658,0.63690185546875,-0.05120849609375,-0.0302734375,0.7764892578125,-0.34765625,-0.2734375,-0.19140625,-0.02734375,-0.041015625,-0.01953125,1153.0,7.5,192.2,8.6,16.9,2.0,12.0,36.964521833333336,-122.04191083333332,17.8,0.57,7.401,297.04
2026-09-07 15:36:21.419051,0.6380615234375,-0.052734375,-0.0318603515625,0.76751708984375,-0.5546875,0.4921875,0.16015625,0.005859375,-0.046875,0.00390625,1092.75,7.5,192.2,9.4,16.1,2.0,12.0,36.964521833333336,-122.04191083333332,17.8,0.57,6.967,305.35
2026-09-07 15:36:21.516733,0.6396484375,-0.0548095703125,-0.03326416015625,0.7738037109375,-0.1640625,0.140625,-0.4296875,0.029296875,-0.052734375,0.01171875,1092.75,7.5,192.2,9.4,16.1,2.0,12.0,36.96454333333333,-122.041942,17.7,0.57,6.967,305.35
2026-09-07 15:36:21.616934,0.6417236328125,-0.0557861328125,-0.03533935546875,0.76409912109375,-0.109375,0.0546875,-1.15625,0.005859375,-0.046875,0.0,1017.0,6.8,192.2,10.6,16.5,2.0,12.0,36.96454333333333,-122.041942,17.7,0.57,6.967,305.35
2026-09-07 15:36:21.716863,0.64306640625,-0.05633544921875,-0.0372314453125,0.7628173828125,-0.9296875,0.24609375,-0.78125,-0.0078125,-0.037109375,-0.001953125,1017.0,6.8,192.2,10.6,16.5,2.0,12.0,36.96454333333333,-122.041942,17.7,0.57,6.967,305.35
2026-09-07 15:36:21.817231,0.64349365234375,-0.056396484375,-0.0396728515625,-1.2376708984375,-1.16796875,0.125,-0.7734375,-0.02734375,-0.033203125,-0.015625,975.0,6.8,192.2,12.5,16.1,2.0,12.0,36.96454333333333,-122.041942,17.7,0.57,6.967,305.35
2026-09-07 15:36:21.916594,0.6439208984375,-0.05645751953125,-0.04205322265625,0.76190185546875,-1.37890625,-0.15234375,-0.13671875,-0.015625,-0.03515625,-0.021484375,975.0,6.8,192.2,12.5,16.1,2.0,12.0,36.96454333333333,-122.041942,17.7,0.57,6.967,305.35
2026-09-07 15:36:22.016613,0.64556884765625,-0.05731201171875,-0.04388427734375,0.76025390625,-1.41015625,-0.07421875,0.5390625,0.0,-0.037109375,-0.005859375,958.0,6.2,192.2,13.7,16.1,2.0,12.0,36.96454333333333,-122.041942,17.7,0.57,6.967,305.35
2026-09-07 15:36:22.113456,0.6468505859375,-0.0579833984375,-0.0447998046875,0.75909423828125,-1.06640625,0.37109375,-0.65625,0.0390625,-0.046875,0.0,958.0,6.2,192.2,13.7,16.1,2.0,12.0,36.96454333333333,-122.041942,17.7,0.57,6.967,305.35
2026-09-07 15:36:22.213369,0.64837646484375,-0.05926513671875,-0.046630859375,0.757568359375,-0.90234375,-0.43359375,-0.22265625,0.0234375,-0.044921875,0.00390625,905.0,5.6,192.2,15.7,16.5,2.0,12.0,36.96454333333333,-122.041942,17.7,0.57,6.967,305.35
2026-09-07 15:36:22.314189,0.65289306640625,-0.05902099609375,-0.0494384765625,0.7535400390625,-0.6171875,-0.2890625,-1.1484375,0.0390625,-0.033203125,-0.01171875,905.0,5.6,192.2,15.7,16.5,2.0,12.0,36.96454333333333,-122.041942,17.7,0.57,6.967,305.35
2026-09-07 15:36:22.414012,0.656005859375,-0.05841064453125,-0.05230712890625,0.75067138671875,-0.83984375,0.1328125,-0.53515625,0.015625,-0.03515625,-0.009765625,821.0,5.0,192.2,20.0,16.5,2.0,12.0,36.96454333333333,-122.041942,17.7,0.57,5.372,309.43
2026-09-07 15:36:22.633145,0.65863037109375,-0.0577392578125,-0.057373046875,0.748046875,0.07421875,-0.26953125,0.55859375,-0.0390625,-0.025390625,-0.021484375,746.75,4.3,192.2,25.5,16.5,2.0,12.0,36.96456066666666,-122.04196733333332,17.8,0.61,5.372,309.43
2026-09-07 15:36:22.730700,0.669677734375,-0.04974365234375,-0.0653076171875,0.73809814453125,-0.11328125,0.30078125,0.28515625,0.00390625,-0.0234375,-0.021484375,746.75,4.3,192.2,25.5,16.5,2.0,12.0,36.96456066666666,-122.04196733333332,17.8,0.61,5.372,309.43
2026-09-07 15:36:23.067384,0.6878662109375,-0.03497314453125,-0.0843505859375,0.7200927734375,0.13671875,-0.29296875,-0.08984375,0.005859375,-0.021484375,-0.0078125,713.25,3.7,192.2,28.6,16.5,2.0,12.0,36.96456066666666,-122.04196733333332,17.8,0.61,5.372,309.43
2026-09-07 15:36:23.166157,0.68951416015625,-0.03387451171875,-0.0869140625,0.71826171875,0.03125,0.11328125,0.1015625,0.0,-0.025390625,-0.017578125,717.0,3.1,192.2,28.6,16.5,2.0,12.0,36.96456066666666,-122.04196733333332,17.8,0.61,5.372,309.43
2026-09-07 15:36:23.384341,0.69085693359375,-0.03350830078125,-0.09088134765625,0.71649169921875,0.0625,0.08984375,-0.19921875,0.009765625,-0.0234375,-0.015625,713.0,3.1,192.2,28.6,16.5,2.0,12.0,36.96456066666666,-122.04196733333332,17.8,0.61,3.436,312.7
2026-09-07 15:36:23.483858,0.69110107421875,-0.03338623046875,-0.09234619140625,0.716064453125,-0.0234375,-0.0703125,-0.11328125,-0.001953125,-0.015625,-0.009765625,713.0,3.1,192.2,28.6,16.5,2.0,12.0,36.96456066666666,-122.04196733333332,17.8,0.61,3.436,312.7
2026-09-07 15:36:23.584789,0.69134521484375,-0.03326416015625,-0.09356689453125,0.7156982421875,-0.15234375,-0.015625,-0.04296875,-0.013671875,-0.015625,-0.0078125,711.0,2.5,192.2,28.6,16.5,2.0,12.0,36.96457433333333,-122.04198316666668,17.7,0.61,3.436,312.7
2026-09-07 15:36:23.685423,0.6912841796875,-0.03302001953125,-0.09478759765625,0.715576171875,-0.13671875,-0.14453125,0.109375,-0.259765625,-0.015625,-0.0078125,711.0,2.5,192.2,28.6,16.5,2.0,12.0,36.96457433333333,-122.04198316666668,17.7,0.61,3.436,312.7
2026-09-07 15:36:23.904862,0.69317626953125,-0.031005859375,-0.0985107421875,0.71331787109375,-0.32421875,0.09375,-0.01953125,0.017578125,-0.0078125,-0.015625,709.0,1.9,192.2,28.6,16.5,2.0,12.0,36.96457433333333,-122.04198316666668,17.7,0.61,3.436,312.7
2026-09-07 15:36:23.996526,0.695068359375,-0.02703857421875,-0.10296630859375,0.7110595703125,-0.1875,0.08984375,-0.07421875,0.017578125,-0.013671875,-0.005859375,705.25,1.2,192.2,29.0,16.5,2.0,12.0,36.96457433333333,-122.04198316666668,17.7,0.61,3.436,312.7
2026-09-07 15:36:24.097601,0.696044921875,-0.024658203125,-0.1063232421875,0.70965576171875,-0.05859375,0.0078125,-0.2109375,0.001953125,-0.013671875,0.001953125,705.25,1.2,192.2,29.0,16.5,2.0,12.0,36.96457433333333,-122.04198316666668,17.7,0.61,3.436,312.7
2026-09-07 15:36:24.203267,0.69677734375,-0.02264404296875,-0.10888671875,0.7086181640625,0.33984375,-0.015625,-0.08984375,-0.005859375,-0.001953125,0.0078125,701.5,0.6,192.2,29.0,16.5,2.0,12.0,36.96457433333333,-122.04198316666668,17.7,0.61,3.436,312.7
2026-09-07 15:36:24.297356,0.69708251953125,-0.02178955078125,-0.1097412109375,0.708251953125,0.359375,-0.0390625,0.09765625,-0.009765625,0.0,-0.001953125,701.5,0.6,192.2,29.0,16.5,2.0,12.0,36.96457433333333,-122.04198316666668,17.7,0.61,3.436,312.7
2026-09-07 15:36:24.402831,0.69720458984375,-0.0218505859375,-0.1097412109375,0.7081298828125,0.2890625,-0.0234375,0.125,-0.009765625,-0.009765625,-0.001953125,707.0,0.0,192.2,29.0,16.5,2.0,12.0,36.96457433333333,-122.04198316666668,17.7,0.61,1.202,313.31
2026-09-07 15:36:24.497159,0.69708251953125,-0.02252197265625,-0.109619140625,0.70819091796875,0.21875,0.0078125,0.1328125,0.001953125,-0.00390625,0.001953125,707.0,0.0,192.2,29.0,16.5,2.0,12.0,36.964581333333335,-122.04198916666668,17.6,0.61,1.202,313.31
2026-09-07 15:36:24.603259,0.69696044921875,-0.02471923828125,-0.1077880859375,0.70855712890625,0.28515625,-0.0390625,0.0703125,0.005859375,0.001953125,0.0,712.0,0.0,192.2,29.0,16.5,2.0,12.0,36.964581333333335,-122.04198916666668,17.6,0.61,1.202,313.31
2026-09-07 15:36:24.701730,0.69677734375,-0.02703857421875,-0.10540771484375,0.708984375,0.29296875,-0.0234375,-0.02734375,0.00390625,0.0,0.0,712.0,0.0,192.2,29.0,16.5,2.0,12.0,36.964581333333335,-122.04198916666668,17.6,0.61,1.202,313.31
2026-09-07 15:36:24.802363,0.6966552734375,-0.0274658203125,-0.10516357421875,0.7091064453125,0.359375,0.0234375,-0.02734375,-0.0078125,-0.001953125,0.001953125,710.0,0.0,192.2,29.0,16.5,2.0,12.0,36.964581333333335,-122.04198916666668,17.6,0.61,1.202,313.31
2026-09-07 15:36:24.901571,0.69647216796875,-0.02777099609375,-0.1051025390625,0.70928955078125,0.61328125,0.015625,0.078125,0.0,0.001953125,0.00390625,710.0,0.0,192.2,29.0,16.5,2.0,12.0,36.964581333333335,-122.04198916666668,17.6,0.61,1.202,313.31
2026-09-07 15:36:25.002169,0.69635009765625,-0.02801513671875,-0.104736328125,0.70947265625,0.89453125,-0.0234375,0.23046875,-0.00390625,0.00390625,0.005859375,703.0,0.0,192.2,29.4,16.5,2.0,12.0,36.964581333333335,-122.04198916666668,17.6,0.61,1.202,313.31
2026-09-07 15:36:25.101602,0.69512939453125,-0.0360107421875,-0.09686279296875,0.71142578125,0.48046875,-0.12890625,0.23828125,-0.001953125,-0.00390625,0.00390625,703.0,0.0,192.2,29.4,16.5,2.0,12.0,36.964581333333335,-122.04198916666668,17.6,0.61,1.202,313.31
2026-09-07 15:36:25.201578,0.693603515625,-0.04290771484375,-0.09051513671875,0.71331787109375,0.375,-0.0234375,0.12890625,0.00390625,-0.005859375,0.0,707.0,0.0,192.2,29.4,16.5,2.0,12.0,36.964581333333335,-122.04198916666668,17.6,0.61,1.202,313.31
2026-09-07 15:36:25.302396,0.691162109375,-0.05133056640625,-0.08258056640625,0.71612548828125,0.2578125,0.0625,0.00390625,0.0,0.0,-0.001953125,707.0,0.0,192.2,29.4,16.5,2.0,12.0,36.964581333333335,-122.04198916666668,17.6,0.61,1.202,313.31
2026-09-07 15:36:25.402467,0.6895751953125,-0.0562744140625,-0.0777587890625,0.71783447265625,0.1171875,0.015625,0.01953125,0.001953125,-0.001953125,-0.00390625,711.0,0.0,192.2,29.4,16.5,2.0,12.0,36.964581333333335,-122.04198916666668,17.6,0.61,0.163,
2026-09-07 15:36:25.493972,0.68890380859375,-0.05859375,-0.0755615234375,0.71856689453125,0.015625,0.015625,0.05078125,0.0,-0.001953125,0.0,711.0,0.0,192.2,29.4,16.5,2.0,12.0,36.96458333333333,-122.04199016666666,17.7,0.6,0.163,
2026-09-07 15:36:25.602492,0.68695068359375,-0.06463623046875,-0.07037353515625,0.72039794921875,0.0078125,-0.015625,0.04296875,0.001953125,-0.005859375,0.0,706.0,0.0,192.2,29.4,16.5,2.0,12.0,36.96458333333333,-122.04199016666666,17.7,0.6,0.163,
2026-09-07 15:36:25.694327,0.68646240234375,-0.066162109375,-0.06903076171875,0.7208251953125,-0.14453125,-0.015625,-0.05078125,0.001953125,-0.001953125,0.0,706.0,0.0,192.2,29.4,16.5,2.0,12.0,36.96458333333333,-122.04199016666666,17.7,0.6,0.163,
2026-09-07 15:36:25.800843,0.6854248046875,-0.0694580078125,-0.0660400390625,0.7218017578125,-0.08984375,0.03125,-0.04296875,0.00390625,-0.001953125,-0.00390625,707.0,0.0,192.2,29.4,16.5,2.0,12.0,36.96458333333333,-122.04199016666666,17.7,0.6,0.163,
2026-09-07 15:36:25.899436,0.68524169921875,-0.07000732421875,-0.06573486328125,0.721923828125,-0.12109375,-0.015625,-0.01953125,0.005859375,-0.005859375,-0.001953125,707.0,0.0,192.2,29.4,16.5,2.0,12.0,36.96458333333333,-122.04199016666666,17.7,0.6,0.163,
2026-09-07 15:36:25.999043,0.6851806640625,-0.07061767578125,-0.06549072265625,0.72198486328125,-0.21875,0.0234375,-0.078125,0.001953125,-0.00390625,-0.00390625,707.0,0.0,192.2,29.0,16.5,2.0,12.0,36.96458333333333,-122.04199016666666,17.7,0.6,0.163,
2026-09-07 15:36:26.100265,0.68548583984375,-0.07073974609375,-0.06561279296875,0.7216796875,-0.27734375,0.0859375,-0.0390625,0.00390625,-0.001953125,-0.001953125,707.0,0.0,192.2,29.0,16.5,2.0,12.0,36.96458333333333,-122.04199016666666,17.7,0.6,0.163,
2026-09-07 15:36:26.199705,0.68572998046875,-0.07037353515625,-0.06622314453125,0.72137451171875,-0.20703125,0.0,-0.0546875,0.001953125,-0.00390625,0.0,705.0,0.0,192.2,29.0,16.5,2.0,12.0,36.96458333333333,-122.04199016666666,17.7,0.6,0.163,
2026-09-07 15:36:26.300457,0.68658447265625,-0.068603515625,-0.06829833984375,0.7205810546875,-0.04296875,0.0,-0.0625,0.001953125,-0.005859375,-0.005859375,705.0,0.0,192.2,29.0,16.5,2.0,12.0,36.96458333333333,-122.04199016666666,17.7,0.6,0.163,
2026-09-07 15:36:26.400402,0.68731689453125,-0.06695556640625,-0.0699462890625,0.7198486328125,-0.00390625,0.0,0.0,-0.001953125,0.0,0.001953125,705.0,0.0,192.2,29.0,16.5,2.0,12.0,36.96458333333333,-122.04199016666666,17.7,0.6,0.484,
2026-09-07 15:36:26.500923,0.6876220703125,-0.06634521484375,-0.070556640625,0.71954345703125,-0.03515625,-0.0078125,0.0390625,-0.001953125,0.0,0.0,705.0,0.0,192.2,29.0,16.5,2.0,12.0,36.964584333333335,-122.041991,17.7,0.63,0.484,
2026-09-07 15:36:26.600618,0.68792724609375,-0.0657958984375,-0.07122802734375,0.71929931640625,-0.02734375,-0.0078125,0.53125,-0.001953125,-0.00390625,0.0,706.25,0.0,192.2,29.4,16.5,2.0,12.0,36.964584333333335,-122.041991,17.7,0.63,0.484,
2026-09-07 15:36:26.701313,0.6881103515625,-0.06536865234375,-0.0718994140625,0.71905517578125,0.05078125,-0.046875,-0.015625,0.00390625,-0.00390625,0.0,706.25,0.0,192.2,29.4,16.5,2.0,12.0,36.964584333333335,-122.041991,17.7,0.63,0.484,
2026-09-07 15:36:26.911422,0.68829345703125,-0.06463623046875,-0.0726318359375,0.7188720703125,0.00390625,0.0,-0.0078125,-0.001953125,0.0,0.0,708.0,0.0,192.2,29.4,16.5,2.0,12.0,36.964584333333335,-122.041991,17.7,0.63,0.484,
2026-09-07 15:36:27.010256,0.6883544921875,-0.064453125,-0.072998046875,0.71881103515625,0.34765625,0.0,0.08984375,-0.001953125,-0.00390625,0.001953125,704.5,0.0,192.2,29.4,16.5,2.0,12.0,36.964584333333335,-122.041991,17.7,0.63,0.484,
2026-09-07 15:36:27.110096,0.68817138671875,-0.06463623046875,-0.0731201171875,0.718994140625,0.3515625,-0.03125,0.12890625,-0.0078125,-0.00390625,0.00390625,704.5,0.0,192.2,29.4,16.5,2.0,12.0,36.964584333333335,-122.041991,17.7,0.63,0.484,
2026-09-07 15:36:27.209986,0.68792724609375,-0.065185546875,-0.07275390625,0.71917724609375,0.2265625,0.0546875,0.01171875,-0.001953125,-0.001953125,0.0,709.25,0.0,192.2,29.0,16.5,2.0,12.0,36.964584333333335,-122.041991,17.7,0.63,0.484,
2026-09-07 15:36:27.309799,0.6868896484375,-0.0675048828125,-0.07061767578125,0.72015380859375,-0.109375,-0.0234375,-0.03125,-0.001953125,-0.001953125,-0.00390625,709.25,0.0,192.2,29.0,16.5,2.0,12.0,36.964584333333335,-122.041991,17.7,0.63,0.484,
2026-09-07 15:36:27.410705,0.686279296875,-0.06903076171875,-0.0693359375,0.720703125,-0.140625,0.0078125,-0.0703125,-0.00390625,-0.001953125,-0.001953125,709.25,0.0,192.2,29.0,16.5,2.0,12.0,36.964584333333335,-122.041991,17.7,0.63,0.266,
2026-09-07 15:36:27.510321,0.68603515625,-0.06951904296875,-0.06903076171875,0.720947265625,-0.1640625,0.0078125,-0.0546875,-0.005859375,-0.00390625,-0.00390625,709.25,0.0,192.2,29.0,16.5,2.0,12.0,36.96458533333333,-122.0419915,17.6,0.6,0.266,
2026-09-07 15:36:27.615991,0.685791015625,-0.06976318359375,-0.06890869140625,0.72113037109375,-0.23828125,0.015625,-0.0078125,-0.0078125,0.0,-0.00390625,707.0,0.0,192.2,29.0,16.5,2.0,12.0,36.96458533333333,-122.0419915,17.6,0.6,0.266,
2026-09-07 15:36:27.710661,0.685791015625,-0.069580078125,-0.06915283203125,0.72113037109375,-0.15234375,0.046875,-0.03125,-0.001953125,-0.001953125,0.001953125,707.0,0.0,192.2,29.0,16.5,2.0,12.0,36.96458533333333,-122.0419915,17.6,0.6,0.266,
2026-09-07 15:36:28.152764,0.68585205078125,-0.06915283203125,-0.06964111328125,0.72113037109375,-0.55859375,0.0,-0.03125,0.0,-0.00390625,0.00390625,708.5,0.0,192.2,29.0,16.5,2.0,12.0,36.96458533333333,-122.0419915,17.6,0.6,0.266,
2026-09-07 15:36:28.252961,0.68585205078125,-0.06915283203125,-0.06964111328125,0.72113037109375,-0.55859375,0.0,-0.03125,0.0,-0.00390625,0.00390625,708.5,0.0,192.2,29.0,16.5,2.0,12.0,36.96458533333333,-122.0419915,17.6,0.6,0.266,
2026-09-07 15:36:28.353223,0.68585205078125,-0.06915283203125,-0.06964111328125,0.72113037109375,-0.55859375,0.0,-0.03125,0.0,-0.00390625,0.00390625,711.5,0.0,192.2,29.0,16.5,2.0,12.0,36.96458533333333,-122.0419915,17.6,0.6,0.266,
2026-09-07 15:36:28.453117,0.68585205078125,-0.06915283203125,-0.06964111328125,0.72113037109375,-0.55859375,0.0,-0.03125,0.0,-0.00390625,0.00390625,711.5,0.0,192.2,29.0,16.5,2.0,12.0,36.96458533333333,-122.0419915,17.6,0.6,0.101,
2026-09-07 15:36:28.552915,0.68585205078125,-0.06915283203125,-0.06964111328125,0.72113037109375,-0.55859375,0.0,-0.03125,0.0,-0.00390625,0.00390625,714.75,0.0,192.2,29.0,16.5,2.0,12.0,36.964586,-122.04199183333331,17.6,0.6,0.101,
2026-09-07 15:36:28.653434,0.68585205078125,-0.06915283203125,-0.06964111328125,0.72113037109375,-0.55859375,0.0,-0.03125,0.0,-0.00390625,0.00390625,714.75,0.0,192.2,29.0,16.5,2.0,12.0,36.964586,-122.04199183333331,17.6,0.6,0.101,
2026-09-07 15:36:28.753604,0.68585205078125,-0.06915283203125,-0.06964111328125,0.72113037109375,-0.55859375,0.0,-0.03125,0.0,-0.00390625,0.00390625,717.75,0.0,192.2,28.6,16.5,2.0,12.0,36.964586,-122.04199183333331,17.6,0.6,0.101,
2026-09-07 15:36:28.853599,0.68585205078125,-0.06915283203125,-0.06964111328125,0.72113037109375,-0.55859375,0.0,-0.03125,0.0,-0.00390625,0.00390625,717.75,0.0,192.2,28.6,16.5,2.0,12.0,36.964586,-122.04199183333331,17.6,0.6,0.101,
2026-09-07 15:36:28.954083,0.68585205078125,-0.06915283203125,-0.06964111328125,0.72113037109375,-0.55859375,0.0,-0.03125,0.0,-0.00390625,0.00390625,714.75,0.0,192.2,28.6,16.5,2.0,12.0,36.964586,-122.04199183333331,17.6,0.6,0.101,
2026-09-07 15:36:29.054149,0.68585205078125,-0.06915283203125,-0.06964111328125,0.72113037109375,-0.55859375,0.0,-0.03125,0.0,-0.00390625,0.00390625,714.75,0.0,192.2,28.6,16.5,2.0,12.0,36.964586,-122.04199183333331,17.6,0.6,0.101,
2026-09-07 15:36:29.154168,0.68585205078125,-0.06915283203125,-0.06964111328125,0.72113037109375,-0.55859375,0.0,-0.03125,0.0,-0.00390625,0.00390625,711.0,0.0,192.2,28.6,16.5,2.0,12.0,36.964586,-122.04199183333331,17.6,0.6,0.101,
2026-09-07 15:36:29.254074,0.68585205078125,-0.06915283203125,-0.06964111328125,0.72113037109375,-0.55859375,0.0,-0.03125,0.0,-0.00390625,0.00390625,711.0,0.0,192.2,28.6,16.5,2.0,12.0,36.964586,-122.04199183333331,17.6,0.6,0.101,
2026-09-07 15:36:29.354707,0.68585205078125,-0.06915283203125,-0.06964111328125,0.72113037109375,-0.55859375,0.0,-0.03125,0.0,-0.00390625,0.00390625,714.0,0.0,192.2,28.6,16.5,2.0,12.0,36.964586,-122.04199183333331,17.6,0.6,0.101,
2026-09-07 15:36:29.454894,0.68585205078125,-0.06915283203125,-0.06964111328125,0.72113037109375,-0.55859375,0.0,-0.03125,0.0,-0.00390625,0.00390625,714.0,0.0,192.2,28.6,16.5,2.0,12.0,36.964586,-122.04199183333331,17.6,0.6,0.068,
2026-09-07 15:36:29.554876,0.68585205078125,-0.06915283203125,-0.06964111328125,0.72113037109375,-0.55859375,0.0,-0.03125,0.0,-0.00390625,0.00390625,717.75,0.0,192.2,28.6,16.5,2.0,12.0,36.96458666666667,-122.04199216666666,17.5,0.57,0.068,
2026-09-07 15:36:29.655047,0.68585205078125,-0.06915283203125,-0.06964111328125,0.72113037109375,-0.55859375,0.0,-0.03125,0.0,-0.00390625,0.00390625,717.75,0.0,192.2,28.6,16.5,2.0,12.0,36.96458666666667,-122.04199216666666,17.5,0.57,0.068,
2026-09-07 15:36:29.755178,0.68585205078125,-0.06915283203125,-0.06964111328125,0.72113037109375,-0.55859375,0.0,-0.03125,0.0,-0.00390625,0.00390625,716.25,0.0,192.2,28.2,16.5,2.0,12.0,36.96458666666667,-122.04199216666666,17.5,0.57,0.068,
2026-09-07 15:36:29.855260,0.68585205078125,-0.06915283203125,-0.06964111328125,0.72113037109375,-0.55859375,0.0,-0.03125,0.0,-0.00390625,0.00390625,716.25,0.0,192.2,28.2,16.5,2.0,12.0,36.96458666666667,-122.04199216666666,17.5,0.57,0.068,
2026-09-07 15:36:29.955506,0.68585205078125,-0.06915283203125,-0.06964111328125,0.72113037109375,-0.55859375,0.0,-0.03125,0.0,-0.00390625,0.00390625,713.25,0.0,192.2,28.6,16.5,2.0,12.0,36.96458666666667,-122.04199216666666,17.5,0.57,0.068,
2026-09-07 15:36:30.055481,0.68585205078125,-0.06915283203125,-0.06964111328125,0.72113037109375,-0.55859375,0.0,-0.03125,0.0,-0.00390625,0.00390625,713.25,0.0,192.2,28.6,16.5,2.0,12.0,36.96458666666667,-122.04199216666666,17.5,0.57,0.068,
2026-09-07 15:36:32.010400,0.4915771484375,0.482421875,0.5169677734375,0.50830078125,0.296875,6.13671875,0.41015625,0.0,0.0,0.005859375,716.0,0.0,192.2,28.6,16.5,2.0,12.0,36.9645875,-122.04199266666669,17.6,0.57,0.032,
2026-09-07 15:36:32.101847,0.49237060546875,0.47955322265625,0.51953125,0.50762939453125,0.25,5.1171875,0.25390625,-0.001953125,0.0,0.00390625,716.0,0.0,192.2,28.6,16.5,2.0,12.0,36.9645875,-122.04199266666669,17.6,0.57,0.032,
2026-09-07 15:36:32.207999,0.49273681640625,0.478515625,0.52044677734375,0.50732421875,0.140625,3.1484375,0.17578125,-0.005859375,-0.00390625,0.001953125,721.75,0.0,192.2,28.6,16.5,2.0,12.0,36.9645875,-122.04199266666669,17.6,0.57,0.032,
2026-09-07 15:36:32.301957,0.49298095703125,0.47772216796875,0.52105712890625,0.50714111328125,0.0,1.7109375,0.12109375,-0.005859375,-0.001953125,-0.001953125,721.75,0.0,192.2,28.6,16.5,2.0,12.0,36.9645875,-122.04199266666669,17.6,0.57,0.032,
2026-09-07 15:36:32.409398,0.49322509765625,0.47705078125,0.5216064453125,0.507080078125,0.0390625,0.6875,0.01953125,-0.00390625,-0.00390625,-0.00390625,737.5,0.0,192.2,29.0,16.9,2.0,12.0,36.9645875,-122.04199266666669,17.6,0.57,0.178,
2026-09-07 15:36:32.507503,0.493408203125,0.47650146484375,0.52197265625,0.50701904296875,-0.0078125,0.359375,-0.00390625,-0.00390625,-0.00390625,-0.005859375,737.5,0.0,192.2,29.0,16.9,2.0,12.0,36.9645885,-122.041993,17.6,0.6,0.178,
2026-09-07 15:36:32.718385,0.49371337890625,0.47540283203125,0.5224609375,0.50726318359375,0.17578125,0.1640625,0.125,-0.00390625,-0.005859375,-0.00390625,821.0,0.0,192.2,49.8,18.8,2.0,12.0,36.9645885,-122.041993,17.6,0.6,0.178,
2026-09-07 15:36:32.818397,0.49383544921875,0.474609375,0.522705078125,0.507568359375,0.375,0.046875,0.2265625,-0.009765625,-0.015625,-0.005859375,1089.0,0.6,192.2,34.5,19.6,2.0,12.0,36.9645885,-122.041993,17.6,0.6,0.178,
2026-09-07 15:36:32.918268,0.49468994140625,0.47161865234375,0.524658203125,0.507568359375,0.36328125,-0.0234375,0.21484375,-0.01171875,-0.025390625,-0.00390625,1089.0,0.6,192.2,34.5,19.6,2.0,12.0,36.9645885,-122.041993,17.6,0.6,0.178,
2026-09-07 15:36:33.017747,0.4957275390625,0.4676513671875,0.5269775390625,0.5078125,0.375,-0.08984375,0.3046875,-0.021484375,-0.03515625,-0.005859375,1223.0,1.2,192.2,26.3,22.0,2.0,12.0,36.9645885,-122.041993,17.6,0.6,0.178,
2026-09-07 15:36:33.117805,0.496826171875,0.4627685546875,0.529541015625,0.50848388671875,0.390625,-0.05859375,0.12109375,-0.033203125,-0.046875,-0.009765625,1223.0,1.2,192.2,26.3,22.0,2.0,12.0,36.9645885,-122.041993,17.6,0.6,0.178,
2026-09-07 15:36:33.217374,0.49798583984375,0.456787109375,0.53253173828125,0.5096435546875,0.36328125,-0.15234375,0.0703125,-0.041015625,-0.056640625,-0.015625,1318.0,1.9,192.2,27.8,22.0,2.0,12.0,36.9645885,-122.041993,17.6,0.6,0.178,
2026-09-07 15:36:33.317531,0.4993896484375,0.45013427734375,0.5355224609375,0.51104736328125,0.3671875,-0.1484375,0.18359375,-0.037109375,-0.06640625,-0.03125,1318.0,1.9,192.2,27.8,22.0,2.0,12.0,36.9645885,-122.041993,17.6,0.6,0.178,
2026-09-07 15:36:33.537488,0.5029296875,0.43603515625,0.540283203125,0.51483154296875,-0.109375,0.03515625,0.72265625,-0.029296875,-0.087890625,-0.037109375,1378.0,2.5,192.2,27.5,22.0,2.0,12.0,36.96459333333333,-122.041996,17.6,0.6,1.475,322.52
2026-09-07 15:36:33.755691,0.51275634765625,0.4288330078125,0.53057861328125,0.52117919921875,-0.0859375,0.44921875,-0.5078125,0.048828125,-0.126953125,-0.021484375,1481.25,3.7,192.2,26.3,23.9,2.0,12.0,36.96459333333333,-122.041996,17.6,0.6,1.475,322.52
2026-09-07 15:36:33.848773,0.5152587890625,0.42535400390625,0.52679443359375,0.525390625,0.1875,0.671875,-0.89453125,-0.037109375,-0.138671875,-0.041015625,1481.25,3.7,192.2,26.3,23.9,2.0,12.0,36.96459333333333,-122.041996,17.6,0.6,1.475,322.52
2026-09-07 15:36:33.953786,0.517578125,0.42120361328125,0.52374267578125,0.52947998046875,-0.1015625,0.3203125,0.00390625,-0.029296875,-0.1328125,-0.0390625,1546.0,4.3,192.2,27.5,25.1,2.0,12.0,36.96459333333333,-122.041996,17.6,0.6,1.475,322.52
2026-09-07 15:36:34.053878,0.5223388671875,0.417236328125,0.51995849609375,0.53173828125,-0.80078125,0.50390625,1.0234375,0.0390625,-0.162109375,0.01171875,1546.0,4.3,192.2,27.5,25.1,2.0,12.0,36.96459333333333,-122.041996,17.6,0.6,1.475,322.52
2026-09-07 15:36:34.153799,0.5303955078125,0.41302490234375,0.51416015625,0.53271484375,-1.08984375,0.2109375,1.95703125,0.130859375,-0.212890625,0.029296875,1628.0,5.0,192.2,25.9,25.1,2.0,12.0,36.96459333333333,-122.041996,17.6,0.6,1.475,322.52
2026-09-07 15:36:34.361248,0.54144287109375,0.40802001953125,0.5069580078125,0.53228759765625,0.109375,0.30859375,-0.84765625,0.10546875,-0.25390625,0.060546875,1662.0,5.6,192.2,25.5,25.5,2.0,12.0,36.96459333333333,-122.041996,17.6,0.6,1.475,322.52
2026-09-07 15:36:34.456609,0.55401611328125,0.396728515625,0.498046875,0.5362548828125,-0.3828125,0.65625,-0.7265625,-0.08203125,-0.251953125,0.021484375,1662.0,5.6,192.2,25.5,25.5,2.0,12.0,36.96459333333333,-122.041996,17.6,0.6,4.282,333.78
2026-09-07 15:36:34.556246,0.555908203125,0.38134765625,0.49853515625,0.54498291015625,-0.59765625,-0.609375,0.57421875,-0.162109375,-0.27734375,0.0,1689.75,6.2,190.4,25.1,25.5,2.0,12.0,36.964608166666665,-122.04200366666667,17.6,0.6,4.282,333.78
2026-09-07 15:36:34.656591,0.55731201171875,0.3665771484375,0.4962158203125,0.5556640625,-1.01953125,-0.984375,2.1484375,-0.15234375,-0.3125,-0.0234375,1689.75,6.2,190.4,25.1,25.5,2.0,12.0,36.964608166666665,-122.04200366666667,17.6,0.6,4.282,333.78
2026-09-07 15:36:34.756118,0.560302734375,0.35357666015625,0.49053955078125,0.5660400390625,-1.53125,-0.7109375,2.74609375,-0.052734375,-0.341796875,-0.01953125,1725.75,6.8,190.4,25.1,25.5,2.0,12.0,36.964608166666665,-122.04200366666667,17.6,0.6,4.282,333.78
2026-09-07 15:36:34.856346,0.56689453125,0.34161376953125,0.4820556640625,0.5740966796875,-1.59375,-0.01171875,2.2109375,0.0,-0.40234375,0.017578125,1725.75,6.8,190.4,25.1,25.5,2.0,12.0,36.964608166666665,-122.04200366666667,17.6,0.6,4.282,333.78
2026-09-07 15:36:34.957678,0.576904296875,0.3284912109375,0.471435546875,0.58056640625,-1.46484375,0.37890625,1.28515625,0.015625,-0.455078125,0.041015625,1777.25,6.8,190.4,25.9,26.3,2.0,12.0,36.964608166666665,-122.04200366666667,17.6,0.6,4.282,333.78
2026-09-07 15:36:35.056678,0.5877685546875,0.3138427734375,0.45953369140625,0.58721923828125,-0.8984375,0.01171875,0.9296875,-0.025390625,-0.4609375,0.021484375,1777.25,6.8,190.4,25.9,26.3,2.0,12.0,36.964608166666665,-122.04200366666667,17.6,0.6,4.282,333.78
2026-09-07 15:36:35.156480,0.5968017578125,0.298583984375,0.447265625,0.59552001953125,-0.62109375,-0.59375,1.21484375,-0.044921875,-0.478515625,0.00390625,1823.25,7.5,190.4,25.9,26.7,2.0,12.0,36.964608166666665,-122.04200366666667,17.6,0.6,4.282,333.78
2026-09-07 15:36:35.256265,0.60516357421875,0.28326416015625,0.43377685546875,0.6044921875,-0.4609375,0.09765625,1.6953125,-0.025390625,-0.47265625,-0.041015625,1823.25,7.5,190.4,25.9,26.7,2.0,12.0,36.964608166666665,-122.04200366666667,17.6,0.6,4.282,333.78
2026-09-07 15:36:35.357166,0.6131591796875,0.27001953125,0.41864013671875,0.61309814453125,-1.48046875,0.05078125,2.484375,0.025390625,-0.447265625,-0.05078125,1844.5,8.1,190.4,26.3,27.1,2.0,12.0,36.964608166666665,-122.04200366666667,17.6,0.6,4.282,333.78
2026-09-07 15:36:35.457608,0.62274169921875,0.2589111328125,0.40264892578125,0.61895751953125,-1.953125,0.07421875,1.30859375,0.095703125,-0.466796875,-0.0546875,1844.5,8.1,190.4,26.3,27.1,2.0,12.0,36.964608166666665,-122.04200366666667,17.6,0.6,6.503,356.99
2026-09-07 15:36:35.556614,0.6337890625,0.2469482421875,0.38519287109375,0.6236572265625,-1.3359375,0.09375,1.02734375,0.0625,-0.537109375,-0.041015625,1902.25,8.7,190.4,27.1,26.7,2.0,12.0,36.964634833333335,-122.04200233333331,18.0,0.63,6.503,356.99
2026-09-07 15:36:35.657698,0.6444091796875,0.23162841796875,0.3665771484375,0.62982177734375,-0.7578125,0.25,0.3125,-0.009765625,-0.546875,-0.0390625,1902.25,8.7,190.4,27.1,26.7,2.0,12.0,36.964634833333335,-122.04200233333331,18.0,0.63,6.503,356.99
2026-09-07 15:36:35.757809,0.652099609375,0.2152099609375,0.3485107421875,0.637939453125,-0.4609375,-0.40234375,0.7734375,-0.0703125,-0.51171875,-0.06640625,1943.0,9.3,190.4,27.1,26.7,2.0,12.0,36.964634833333335,-122.04200233333331,18.0,0.63,6.503,356.99
2026-09-07 15:36:35.856787,0.65692138671875,0.1998291015625,0.33087158203125,0.64739990234375,-0.63671875,-0.91015625,0.21875,-0.0234375,-0.509765625,-0.115234375,1943.0,9.3,190.4,27.1,26.7,2.0,12.0,36.964634833333335,-122.04200233333331,18.0,0.63,6.503,356.99
2026-09-07 15:36:35.957537,0.6619873046875,0.18585205078125,0.311279296875,0.656005859375,-1.33984375,0.30859375,1.26171875,-0.041015625,-0.51171875,-0.10546875,2022.0,9.9,190.4,27.8,27.5,2.0,12.0,36.964634833333335,-122.04200233333331,18.0,0.63,6.503,356.99
2026-09-07 15:36:36.056531,0.66650390625,0.17144775390625,0.29205322265625,0.6641845703125,-1.4609375,0.01171875,1.59765625,-0.001953125,-0.4921875,-0.06640625,2022.0,9.9,190.4,27.8,27.5,2.0,12.0,36.964634833333335,-122.04200233333331,18.0,0.63,6.503,356.99
2026-09-07 15:36:36.157108,0.671875,0.15679931640625,0.2740478515625,0.66998291015625,-0.86328125,-0.1484375,1.1484375,0.02734375,-0.49609375,-0.048828125,2110.0,10.6,190.4,28.6,28.2,2.0,12.0,36.964634833333335,-122.04200233333331,18.0,0.63,6.503,356.99
2026-09-07 15:36:36.257393,0.67791748046875,0.14215087890625,0.25592041015625,0.67431640625,-0.625,0.03515625,0.7109375,0.029296875,-0.4765625,-0.05078125,2110.0,10.6,190.4,28.6,28.2,2.0,12.0,36.964634833333335,-122.04200233333331,18.0,0.63,6.503,356.99
2026-09-07 15:36:36.357358,0.6837158203125,0.1280517578125,0.2384033203125,0.677734375,-0.71484375,0.04296875,0.16796875,0.033203125,-0.439453125,-0.046875,2171.75,10.6,190.4,28.6,30.2,2.0,12.0,36.964634833333335,-122.04200233333331,18.0,0.63,6.503,356.99
2026-09-07 15:36:36.457134,0.68731689453125,0.1151123046875,0.22259521484375,0.6817626953125,-0.39453125,0.1484375,-0.1171875,0.015625,-0.390625,-0.041015625,2171.75,10.6,190.4,28.6,30.2,2.0,12.0,36.964634833333335,-122.04200233333331,18.0,0.63,8.292,20.32
2026-09-07 15:36:36.556655,0.689697265625,0.103515625,0.2083740234375,0.6856689453125,-0.02734375,0.29296875,-0.15234375,-0.001953125,-0.359375,-0.044921875,2147.5,11.2,188.6,34.1,32.5,2.0,12.0,36.96466816666667,-122.04198383333332,17.4,0.57,8.292,20.32
2026-09-07 15:36:36.656644,0.68572998046875,0.0938720703125,0.1943359375,0.695068359375,0.265625,0.1328125,-0.0859375,-0.021484375,-0.341796875,-0.046875,2147.5,11.2,188.6,34.1,32.5,2.0,12.0,36.96466816666667,-122.04198383333332,17.4,0.57,8.292,20.32
2026-09-07 15:36:36.755410,0.67071533203125,0.08709716796875,0.18011474609375,0.7142333984375,0.02734375,-0.09765625,0.25,0.001953125,-0.3203125,-0.041015625,1775.0,11.8,188.6,39.6,28.2,2.0,12.0,36.96466816666667,-122.04198383333332,17.4,0.57,8.292,20.32
2026-09-07 15:36:36.973740,0.66510009765625,0.0665283203125,0.15960693359375,0.7264404296875,0.4296875,-0.16796875,0.2109375,0.015625,-0.275390625,-0.02734375,1595.25,13.0,188.6,42.4,31.0,2.0,12.0,36.96466816666667,-122.04198383333332,17.4,0.57,8.292,20.32
2026-09-07 15:36:37.073055,0.66326904296875,0.050048828125,0.14776611328125,0.73193359375,0.203125,-0.234375,-0.10546875,0.0,-0.24609375,-0.025390625,1595.25,13.0,188.6,42.4,31.0,2.0,12.0,36.96466816666667,-122.04198383333332,17.4,0.57,8.292,20.32
2026-09-07 15:36:37.171528,0.66314697265625,0.0396728515625,0.1414794921875,0.73394775390625,0.36328125,0.26171875,-0.36328125,0.021484375,-0.212890625,-0.0078125,1555.25,13.7,188.6,46.3,28.2,2.0,12.0,36.96466816666667,-122.04198383333332,17.4,0.57,8.292,20.32
2026-09-07 15:36:37.272953,0.66558837890625,0.0323486328125,0.1343994140625,0.7333984375,0.18359375,-0.02734375,-0.21484375,0.033203125,-0.177734375,-0.021484375,1555.25,13.7,188.6,46.3,28.2,2.0,12.0,36.96466816666667,-122.04198383333332,17.4,0.57,8.292,20.32
2026-09-07 15:36:37.374487,0.66754150390625,0.02642822265625,0.1282958984375,0.73297119140625,0.19921875,-0.06640625,-0.8359375,0.0390625,-0.1484375,-0.013671875,1637.5,14.3,188.6,42.4,32.9,2.0,12.0,36.96466816666667,-122.04198383333332,17.4,0.57,11.316,35.0
2026-09-07 15:36:37.472156,0.66925048828125,0.02154541015625,0.12322998046875,0.732421875,0.421875,0.2109375,-0.85546875,0.0234375,-0.119140625,-0.01171875,1637.5,14.3,188.6,42.4,32.9,2.0,12.0,36.96466816666667,-122.04198383333332,17.4,0.57,11.316,35.0
2026-09-07 15:36:37.574068,0.6751708984375,0.0126953125,0.12286376953125,0.72723388671875,0.12109375,0.42578125,-0.4765625,-0.015625,-0.091796875,-0.013671875,1701.5,14.9,188.6,45.1,35.3,2.0,12.0,36.9647085,-122.041948,17.2,0.57,11.316,35.0
2026-09-07 15:36:37.672559,0.67974853515625,0.00628662109375,0.1219482421875,0.72320556640625,-0.0859375,0.09375,-0.27734375,-0.00390625,-0.07421875,-0.005859375,1701.5,14.9,188.6,45.1,35.3,2.0,12.0,36.9647085,-122.041948,17.2,0.57,11.316,35.0
2026-09-07 15:36:37.769139,0.6837158203125,0.0018310546875,0.120849609375,0.71966552734375,-0.05078125,-0.09375,-0.19140625,0.005859375,-0.064453125,-0.001953125,1791.25,15.5,188.6,40.4,36.1,2.0,12.0,36.9647085,-122.041948,17.2,0.57,11.316,35.0
2026-09-07 15:36:37.868657,0.6871337890625,-0.00164794921875,0.1199951171875,0.716552734375,0.13671875,-0.20703125,-0.14453125,0.021484375,-0.05078125,0.0,1791.25,15.5,188.6,40.4,36.1,2.0,12.0,36.9647085,-122.041948,17.2,0.57,11.316,35.0
2026-09-07 15:36:37.970382,0.68988037109375,-0.00439453125,0.11944580078125,0.7139892578125,-0.03515625,0.0234375,-0.08984375,0.009765625,-0.0390625,0.001953125,1872.5,16.2,188.6,45.1,36.9,2.0,12.0,36.9647085,-122.041948,17.2,0.57,11.316,35.0
2026-09-07 15:36:38.069768,0.69256591796875,-0.0064697265625,0.119384765625,0.71142578125,-0.01171875,-0.12109375,-0.15625,0.02734375,-0.021484375,0.001953125,1872.5,16.2,188.6,45.1,36.9,2.0,12.0,36.9647085,-122.041948,17.2,0.57,11.316,35.0
2026-09-07 15:36:38.171184,0.6954345703125,-0.00738525390625,0.11993408203125,0.70849609375,0.109375,0.09375,-0.69921875,0.029296875,0.005859375,0.001953125,1949.0,16.8,188.6,41.2,37.3,2.0,12.0,36.9647085,-122.041948,17.2,0.57,11.316,35.0
2026-09-07 15:36:38.271058,0.6961669921875,-0.01422119140625,-1.87890625,0.70758056640625,0.1640625,0.23046875,-0.70703125,0.021484375,0.033203125,0.013671875,1949.0,16.8,188.6,41.2,37.3,2.0,12.0,36.9647085,-122.041948,17.2,0.57,11.316,35.0
2026-09-07 15:36:38.371704,0.6973876953125,-0.005126953125,0.12335205078125,0.7059326171875,0.1875,0.22265625,-0.70703125,0.02734375,0.0546875,0.01953125,2028.75,17.4,188.6,41.6,37.6,2.0,12.0,36.9647085,-122.041948,17.2,0.57,14.617,36.41
2026-09-07 15:36:38.471527,0.69775390625,-0.0037841796875,0.1259765625,0.7052001953125,0.046875,0.375,-0.75,-0.0078125,0.060546875,0.0078125,2028.75,17.4,188.6,41.6,37.6,2.0,12.0,36.9647085,-122.041948,17.2,0.57,14.617,36.41
2026-09-07 15:36:38.571038,0.70751953125,-0.00421142578125,0.12933349609375,0.6947021484375,0.12890625,-0.30078125,-0.08203125,-0.0078125,0.076171875,-0.005859375,2106.25,18.0,188.6,42.0,33.7,2.0,12.0,36.96475933333333,-122.04190083333332,17.3,0.57,14.617,36.41
2026-09-07 15:36:38.671512,0.71282958984375,-0.00347900390625,0.13330078125,0.68853759765625,0.015625,0.11328125,-0.06640625,-0.013671875,0.087890625,0.0078125,2106.25,18.0,188.6,42.0,33.7,2.0,12.0,36.96475933333333,-122.04190083333332,17.3,0.57,14.617,36.41
2026-09-07 15:36:38.771880,0.70855712890625,-0.00189208984375,0.1373291015625,0.68408203125,-0.21484375,-0.078125,0.11328125,-0.00390625,0.1015625,0.00390625,2158.5,18.6,188.6,39.2,33.3,2.0,12.0,36.96475933333333,-122.04190083333332,17.3,0.57,14.617,36.41
2026-09-07 15:36:38.871430,0.71929931640625,0.00054931640625,0.14111328125,0.68023681640625,-0.4140625,0.3984375,0.171875,0.013671875,0.09765625,0.0078125,2158.5,18.6,188.6,39.2,33.3,2.0,12.0,36.96475933333333,-122.04190083333332,17.3,0.57,14.617,36.41
2026-09-07 15:36:38.984337,0.72064208984375,0.00384521484375,0.14385986328125,0.67822265625,-0.23046875,-0.31640625,-0.28125,-0.009765625,0.08984375,0.0,2264.75,19.9,188.6,39.6,33.3,2.0,12.0,36.96475933333333,-122.04190083333332,17.3,0.57,14.617,36.41
2026-09-07 15:36:39.076202,0.72186279296875,0.00714111328125,0.14642333984375,0.67633056640625,0.0234375,0.17578125,-0.1875,-0.001953125,0.091796875,0.0,2264.75,19.9,188.6,39.6,33.3,2.0,12.0,36.96475933333333,-122.04190083333332,17.3,0.57,14.617,36.41
2026-09-07 15:36:39.184893,0.72265625,0.01068115234375,0.14898681640625,0.67486572265625,-0.3046875,0.05078125,-0.04296875,-0.0078125,0.08984375,0.01171875,2316.25,20.5,188.6,38.8,32.9,2.0,12.0,36.96475933333333,-122.04190083333332,17.3,0.57,14.617,36.41
2026-09-07 15:36:39.275879,0.72247314453125,0.01385498046875,0.15167236328125,0.6744384765625,-0.14453125,-0.015625,0.34765625,-0.013671875,0.08203125,0.005859375,2316.25,20.5,188.6,38.8,32.9,2.0,12.0,36.96475933333333,-122.04190083333332,17.3,0.57,14.617,36.41
2026-09-07 15:36:39.375761,0.72149658203125,0.01666259765625,0.154296875,0.6748046875,-0.3203125,-0.4140625,0.1640625,-0.017578125,0.078125,0.005859375,2350.75,20.5,188.6,38.8,32.9,2.0,12.0,36.96475933333333,-122.04190083333332,17.3,0.57,14.617,36.41
2026-09-07 15:36:39.499096,0.72052001953125,0.02252197265625,0.15521240234375,0.67547607421875,-0.09375,-0.41796875,0.3828125,0.01171875,0.06640625,-0.015625,2350.75,20.5,188.6,38.8,32.9,,,,,,,,
2026-09-07 15:36:39.575205,0.71954345703125,0.02471923828125,0.1549072265625,0.676513671875,-0.21484375,0.1484375,0.5859375,-0.02734375,0.041015625,-0.017578125,2391.25,21.1,188.6,37.3,30.6,,,,,,,,
2026-09-07 15:36:39.699258,0.71563720703125,0.03082275390625,0.15234375,0.680908203125,-0.31640625,0.8671875,0.3984375,-0.01953125,0.029296875,-0.021484375,2391.25,21.1,188.6,37.3,30.6,,,,,,,,
2026-09-07 15:36:39.784995,0.714111328125,0.03253173828125,0.15240478515625,0.6824951171875,-0.2578125,0.30859375,0.453125,-0.01953125,0.025390625,0.0,2092.0,21.7,188.6,35.3,29.8,,,,,,,,
2026-09-07 15:36:39.872284,0.7138671875,0.03277587890625,0.15289306640625,0.6826171875,-0.25,0.328125,0.45703125,-0.001953125,0.01953125,0.0078125,2092.0,21.7,188.6,35.3,29.8,,,,,,,,
2026-09-07 15:36:39.999836,0.71380615234375,0.032958984375,0.1534423828125,0.68255615234375,0.10546875,-0.5625,0.51171875,-0.01171875,0.005859375,0.01171875,1842.75,21.7,188.6,36.1,28.6,,,,,,,,
2026-09-07 15:36:40.096438,0.71307373046875,0.032958984375,0.15264892578125,0.6834716796875,0.00390625,0.4296875,0.17578125,-0.0234375,-0.01171875,-0.00390625,1842.75,21.7,188.6,36.1,28.6,,,,,,,,
2026-09-07 15:36:40.199398,0.71234130859375,0.0333251953125,0.15118408203125,0.68450927734375,-0.1171875,-0.22265625,0.57421875,-0.037109375,-0.013671875,-0.001953125,1787.5,22.4,188.6,33.7,26.7,,,,,,,,
2026-09-07 15:36:40.285094,0.710205078125,0.03472900390625,0.14898681640625,0.6871337890625,-0.26171875,0.16015625,0.296875,-0.009765625,-0.015625,-0.005859375,1787.5,22.4,188.6,33.7,26.7,,,,,,,,
2026-09-07 15:36:40.383435,0.703369140625,0.039306640625,0.1444091796875,0.69488525390625,-0.18359375,0.046875,0.23828125,-0.005859375,-0.01171875,-0.0078125,1782.75,22.4,188.6,30.6,25.5,,,,,,,,
2026-09-07 15:36:40.495453,0.699951171875,0.04144287109375,0.1414794921875,0.69879150390625,-0.3125,0.23828125,-0.640625,-0.0234375,-0.013671875,0.0,1782.75,22.4,188.6,30.6,25.5,,,,,,,,
2026-09-07 15:36:40.594508,0.69805908203125,0.0433349609375,0.13848876953125,0.701171875,0.234375,-0.78125,-0.25,-0.0390625,-0.009765625,0.015625,1809.25,23.0,188.6,27.8,23.5,,,,,,,,
2026-09-07 15:36:40.697194,0.69781494140625,0.04266357421875,0.137939453125,0.7015380859375,-0.671875,-0.51953125,0.0859375,0.00390625,-0.0234375,0.005859375,1809.25,23.0,188.6,27.8,23.5,,,,,,,,
2026-09-07 15:36:40.799009,0.697509765625,0.0419921875,0.13720703125,0.70208740234375,0.1796875,-0.14453125,-0.15234375,-0.01953125,-0.025390625,-0.00390625,1810.0,23.0,186.8,22.0,22.7,,,,,,,,
2026-09-07 15:36:40.883190,0.6968994140625,0.04217529296875,0.1358642578125,0.702880859375,-0.42578125,-0.109375,0.34765625,0.0078125,-0.01953125,-0.017578125,1810.0,23.0,186.8,22.0,22.7,,,,,,,,
2026-09-07 15:36:40.977086,0.69659423828125,0.0423583984375,0.1351318359375,0.703369140625,0.05078125,0.0078125,0.33203125,-0.041015625,-0.01171875,-0.005859375,1835.75,23.0,186.8,20.0,22.7,,,,,,,,
2026-09-07 15:36:41.078109,0.69622802734375,0.04290771484375,0.13372802734375,0.70391845703125,-0.4609375,-0.453125,0.375,-0.005859375,-0.01171875,-0.009765625,1835.75,23.0,186.8,20.0,22.7,,,,,,,,
2026-09-07 15:36:41.178671,0.69561767578125,0.04364013671875,0.13153076171875,0.70489501953125,-0.20703125,0.07421875,-0.16796875,-0.013671875,-0.015625,-0.01171875,1796.0,23.0,186.8,20.0,23.1,,,,,,,,
2026-09-07 15:36:41.278198,0.69488525390625,0.044189453125,0.1300048828125,0.70587158203125,-0.21484375,0.07421875,-0.28125,-0.015625,-0.015625,-0.0078125,1796.0,23.0,186.8,20.0,23.1,,,,,,,,
2026-09-07 15:36:41.378949,0.6943359375,0.04718017578125,0.12615966796875,0.7069091796875,-0.26953125,0.0,0.078125,-0.0078125,-0.01171875,-0.009765625,1655.25,23.6,186.8,21.2,22.7,2.0,12.0,36.96475933333333,-122.04190083333332,17.3,0.57,20.779,31.06
2026-09-07 15:36:41.479066,0.69378662109375,0.05352783203125,0.1190185546875,0.708251953125,0.00390625,0.015625,-0.01953125,-0.00390625,-0.015625,-0.005859375,1655.25,23.6,186.8,21.2,22.7,2.0,12.0,36.96475933333333,-122.04190083333332,17.3,0.57,20.779,31.06
2026-09-07 15:36:41.578724,0.693359375,0.05633544921875,0.115234375,0.7091064453125,-0.125,-0.21484375,0.046875,-0.001953125,-0.013671875,-0.001953125,1545.25,23.6,186.8,24.3,23.1,2.0,12.0,36.96498416666667,-122.04172833333334,17.4,0.57,20.779,31.06
2026-09-07 15:36:41.679490,0.692626953125,0.0582275390625,0.112548828125,0.7100830078125,0.08203125,-0.25390625,0.1484375,-0.0234375,-0.013671875,0.0,1545.25,23.6,186.8,24.3,23.1,2.0,12.0,36.96498416666667,-122.04172833333334,17.4,0.57,20.779,31.06
2026-09-07 15:36:41.779488,0.692626953125,0.05908203125,0.11053466796875,0.7103271484375,0.07421875,-0.0703125,0.375,0.0078125,-0.017578125,0.001953125,1516.25,23.6,186.8,26.7,23.5,2.0,12.0,36.96498416666667,-122.04172833333334,17.4,0.57,20.779,31.06
2026-09-07 15:36:41.894212,0.6922607421875,0.0589599609375,0.10943603515625,0.71087646484375,0.02734375,0.08984375,0.03125,-0.001953125,-0.021484375,0.013671875,1516.25,23.6,186.8,26.7,23.5,2.0,12.0,36.96498416666667,-122.04172833333334,17.4,0.57,20.779,31.06
2026-09-07 15:36:41.993846,0.69171142578125,0.05865478515625,0.10858154296875,0.7115478515625,-0.0859375,0.44921875,-0.48046875,-0.0234375,-0.01171875,0.0,1507.75,23.6,186.8,30.2,24.7,2.0,12.0,36.96498416666667,-122.04172833333334,17.4,0.57,20.779,31.06
2026-09-07 15:36:42.093177,0.69049072265625,0.05816650390625,0.1080322265625,0.71282958984375,0.46484375,-0.59765625,0.69921875,-0.044921875,-0.013671875,0.015625,1507.75,23.6,186.8,30.2,24.7,2.0,12.0,36.96498416666667,-122.04172833333334,17.4,0.57,20.779,31.06
2026-09-07 15:36:42.194330,0.69091796875,0.05780029296875,0.10736083984375,0.71258544921875,0.39453125,-0.4765625,0.30078125,0.017578125,-0.01953125,0.001953125,1517.75,24.2,188.6,31.0,24.7,2.0,12.0,36.96498416666667,-122.04172833333334,17.4,0.57,20.779,31.06
2026-09-07 15:36:42.279201,0.69049072265625,0.05767822265625,0.10650634765625,0.713134765625,-0.11328125,-0.0078125,-0.28515625,-0.03515625,-0.005859375,-0.015625,1517.75,24.2,188.6,31.0,24.7,2.0,12.0,36.96498416666667,-122.04172833333334,17.4,0.57,20.779,31.06
2026-09-07 15:36:42.384646,0.69000244140625,0.0574951171875,0.105224609375,0.71380615234375,-0.01953125,0.26171875,-0.078125,-0.025390625,-0.01953125,-0.013671875,1498.25,24.2,188.6,31.4,24.7,2.0,12.0,36.96498416666667,-122.04172833333334,17.4,0.57,20.779,31.06
2026-09-07 15:36:42.479086,0.6904296875,0.05718994140625,0.104248046875,0.713623046875,-0.203125,0.015625,0.3828125,0.029296875,-0.0234375,0.0,1498.25,24.2,188.6,31.4,24.7,2.0,12.0,36.96498416666667,-122.04172833333334,17.4,0.57,20.779,31.06
2026-09-07 15:36:42.584311,0.68975830078125,0.05657958984375,0.1036376953125,0.71435546875,-0.01953125,1.78515625,-0.484375,-0.05859375,-0.009765625,0.009765625,1514.75,24.2,188.6,30.6,24.7,2.0,12.0,36.9650675,-122.04166316666668,17.4,0.57,20.779,31.06
2026-09-07 15:36:42.678257,0.68963623046875,0.05548095703125,0.10302734375,0.71466064453125,-0.515625,-0.78125,0.3125,0.00390625,-0.017578125,0.0,1514.75,24.2,188.6,30.6,24.7,2.0,12.0,36.9650675,-122.04166316666668,17.4,0.57,20.779,31.06
2026-09-07 15:36:42.792898,0.68951416015625,0.05487060546875,0.10284423828125,0.71478271484375,-0.37109375,0.0703125,-0.078125,-0.013671875,-0.015625,0.013671875,1517.0,24.2,188.6,30.2,24.3,2.0,12.0,36.9650675,-122.04166316666668,17.4,0.57,20.779,31.06
2026-09-07 15:36:42.889776,0.6895751953125,0.0543212890625,0.10205078125,0.71490478515625,1.17578125,0.30859375,-0.078125,0.00390625,-0.0078125,-0.017578125,1517.0,24.2,188.6,30.2,24.3,2.0,12.0,36.9650675,-122.04166316666668,17.4,0.57,20.779,31.06
2026-09-07 15:36:42.990995,0.6895751953125,0.05389404296875,0.10089111328125,0.715087890625,-0.203125,-0.421875,0.328125,-0.0390625,-0.001953125,-0.033203125,1525.0,24.9,188.6,29.8,24.3,2.0,12.0,36.9650675,-122.04166316666668,17.4,0.57,20.779,31.06
2026-09-07 15:36:43.090993,0.6888427734375,0.053466796875,0.10009765625,0.7159423828125,0.3046875,-0.296875,-0.015625,0.01171875,-0.02734375,0.001953125,1525.0,24.9,188.6,29.8,24.3,2.0,12.0,36.9650675,-122.04166316666668,17.4,0.57,20.779,31.06
2026-09-07 15:36:43.186657,0.688720703125,0.0531005859375,0.099365234375,0.71624755859375,0.1484375,-0.18359375,-0.20703125,0.01171875,-0.017578125,-0.01171875,1543.75,24.9,188.6,29.0,24.7,2.0,12.0,36.9650675,-122.04166316666668,17.4,0.57,20.779,31.06
2026-09-07 15:36:43.283470,0.6884765625,0.052978515625,0.09808349609375,0.71661376953125,-0.109375,0.046875,0.20703125,-0.0078125,-0.01171875,-0.00390625,1543.75,24.9,188.6,29.0,24.7,2.0,12.0,36.9650675,-122.04166316666668,17.4,0.57,20.779,31.06
2026-09-07 15:36:43.389847,0.6884765625,0.0528564453125,0.09771728515625,0.7166748046875,0.15625,-0.2890625,0.21484375,0.0234375,-0.01171875,-0.015625,1553.75,24.9,188.6,28.6,24.7,2.0,12.0,36.9650675,-122.04166316666668,17.4,0.57,20.779,31.06
2026-09-07 15:36:43.491427,0.6888427734375,0.05224609375,0.09722900390625,0.71649169921875,-0.12109375,0.390625,-0.125,0.001953125,-0.015625,0.0,1553.75,24.9,188.6,28.6,24.7,2.0,12.0,36.9650675,-122.04166316666668,17.4,0.57,20.779,31.06
2026-09-07 15:36:43.591898,0.688720703125,0.0513916015625,0.0970458984375,0.7166748046875,0.07421875,-0.60546875,-0.0625,0.001953125,-0.015625,0.001953125,1567.75,25.5,188.6,28.2,24.7,,,,,,,,
2026-09-07 15:36:43.690870,0.6881103515625,0.050537109375,0.0970458984375,0.71728515625,0.27734375,-0.3828125,0.61328125,-0.021484375,0.0,-0.00390625,1567.75,25.5,188.6,28.2,24.7,,,,,,,,
2026-09-07 15:36:43.792012,0.68841552734375,0.050048828125,0.09686279296875,0.71710205078125,-0.265625,0.21484375,0.2734375,0.009765625,-0.015625,0.0234375,1560.0,25.5,188.6,26.7,23.5,,,,,,,,
2026-09-07 15:36:43.876753,0.68914794921875,0.04962158203125,0.09649658203125,0.71649169921875,-0.265625,-0.09765625,0.08203125,0.005859375,-0.017578125,-0.009765625,1560.0,25.5,188.6,26.7,23.5,,,,,,,,
2026-09-07 15:36:43.980901,0.6890869140625,0.04931640625,0.095703125,0.71661376953125,-0.265625,0.3984375,-0.22265625,-0.00390625,-0.01953125,-0.00390625,1567.75,25.5,188.6,24.7,23.5,,,,,,,,
2026-09-07 15:36:44.082818,0.68878173828125,0.04888916015625,0.094970703125,0.717041015625,0.2421875,-0.796875,0.55859375,0.0,-0.0078125,-0.009765625,1567.75,25.5,188.6,24.7,23.5,,,,,,,,
2026-09-07 15:36:44.184764,0.68914794921875,0.04864501953125,0.0946044921875,0.716796875,-0.2109375,-0.05078125,-0.0703125,0.01171875,-0.009765625,-0.01171875,1585.75,25.5,188.6,,23.1,,,,,,,,
2026-09-07 15:36:44.290777,0.689208984375,0.0484619140625,0.0938720703125,0.71685791015625,0.15234375,0.1015625,-0.26953125,0.01171875,-0.017578125,-0.017578125,1585.75,25.5,188.6,,23.1,,,,,,,,
2026-09-07 15:36:44.391220,0.68988037109375,0.04803466796875,0.0928955078125,0.71636962890625,-0.04296875,-0.16015625,0.55078125,-0.001953125,-0.013671875,-0.005859375,1585.75,25.5,188.6,,23.1,,,,,,,,
2026-09-07 15:36:44.491802,0.69049072265625,0.0474853515625,0.09222412109375,0.7158203125,-0.234375,1.56640625,-0.1015625,-0.009765625,-0.01171875,-0.01171875,1603.75,26.1,188.6,22.4,23.1,,,,,,,,
2026-09-07 15:36:44.591832,0.6900634765625,0.0469970703125,0.0916748046875,0.71636962890625,-0.69140625,0.60546875,-0.5,-0.001953125,-0.015625,-0.00390625,1603.75,26.1,188.6,22.4,23.1,,,,,,,,
2026-09-07 15:36:44.683467,0.69000244140625,0.04638671875,0.09124755859375,0.716552734375,-0.2421875,0.5703125,-0.23046875,0.013671875,-0.015625,0.00390625,1603.75,26.1,188.6,22.4,23.1,,,,,,,,
2026-09-07 15:36:44.783983,0.69049072265625,0.04571533203125,0.09100341796875,0.71612548828125,-0.1328125,0.40625,-0.375,0.001953125,-0.017578125,0.275390625,1608.5,26.1,188.6,22.0,23.1,,,,,,,,
2026-09-07 15:36:44.884008,0.6905517578125,0.04461669921875,0.09075927734375,0.7161865234375,-0.171875,0.26171875,-0.60546875,-0.001953125,-0.015625,0.001953125,1608.5,26.1,188.6,22.0,23.1,,,,,,,,
2026-09-07 15:36:44.983957,0.6905517578125,0.04425048828125,0.08984375,0.71630859375,-0.203125,-0.015625,-0.3671875,0.02734375,-0.015625,-0.021484375,1613.25,26.1,188.6,21.6,22.7,,,,,,,,
2026-09-07 15:36:45.084729,0.69085693359375,0.04437255859375,0.0888671875,0.71612548828125,0.01171875,0.5234375,-0.12890625,0.01171875,-0.005859375,-0.01953125,1613.25,26.1,188.6,21.6,22.7,,,,,,,,
2026-09-07 15:36:45.183948,0.6912841796875,0.04473876953125,0.08770751953125,0.7158203125,-0.24609375,-0.05078125,-0.16796875,0.00390625,-0.013671875,-0.005859375,1617.75,26.1,188.6,20.8,22.7,,,,,,,,
2026-09-07 15:36:45.284150,0.69122314453125,0.04425048828125,0.087158203125,0.71600341796875,-0.0625,-1.01953125,0.40625,0.015625,-0.013671875,0.00390625,1617.75,26.1,188.6,20.8,22.7,,,,,,,,
2026-09-07 15:36:45.384130,0.69122314453125,0.04339599609375,0.08709716796875,0.716064453125,-0.25390625,0.78125,-0.23046875,0.02734375,-0.009765625,0.009765625,1628.0,26.7,188.6,20.4,22.7,,,,,,,,
2026-09-07 15:36:45.597600,0.69134521484375,0.04327392578125,0.08673095703125,0.71600341796875,0.00390625,0.28515625,-0.27734375,-0.013671875,-0.001953125,-0.01953125,1631.25,26.7,188.6,20.4,22.7,2.0,12.0,36.96532833333333,-122.04144133333334,17.6,0.6,20.779,31.06
2026-09-07 15:36:45.697175,0.68994140625,0.04345703125,0.08599853515625,0.7174072265625,0.671875,-0.60546875,-0.62890625,-0.03515625,0.0,0.001953125,1631.25,26.7,188.6,20.4,22.7,2.0,12.0,36.96532833333333,-122.04144133333334,17.6,0.6,20.779,31.06
2026-09-07 15:36:45.798304,0.68939208984375,-1.95660400390625,0.08563232421875,0.718017578125,-0.1640625,0.62109375,0.296875,-0.009765625,-0.001953125,-0.001953125,1631.25,26.7,188.6,20.4,22.7,2.0,12.0,36.96532833333333,-122.04144133333334,17.6,0.6,20.779,31.06
2026-09-07 15:36:45.897456,0.68914794921875,-1.95654296875,0.08526611328125,0.71044921875,-0.4296875,0.23828125,-0.30859375,0.01171875,-0.01171875,-0.01171875,1632.0,26.7,188.6,20.0,22.7,2.0,12.0,36.96532833333333,-122.04144133333334,17.6,0.6,20.779,31.06
2026-09-07 15:36:45.998059,0.68878173828125,0.04345703125,0.084716796875,0.71868896484375,-0.1484375,0.3828125,0.06640625,0.021484375,-0.0078125,0.01953125,1632.0,26.7,188.6,20.0,22.7,2.0,12.0,36.96532833333333,-122.04144133333334,17.6,0.6,20.779,31.06
2026-09-07 15:36:46.098488,0.6890869140625,0.04339599609375,0.08441162109375,0.71844482421875,0.3046875,0.5390625,-0.26953125,-0.01953125,-0.009765625,0.017578125,1532.0,26.7,188.6,22.0,22.4,2.0,12.0,36.96532833333333,-122.04144133333334,17.6,0.6,20.779,31.06
2026-09-07 15:36:46.199039,0.68890380859375,0.04351806640625,0.08392333984375,0.71868896484375,0.12890625,0.57421875,0.06640625,0.009765625,-0.00390625,0.0,1532.0,26.7,188.6,22.0,22.4,2.0,12.0,36.96532833333333,-122.04144133333334,17.6,0.6,20.779,31.06
2026-09-07 15:36:46.298657,0.68963623046875,0.04339599609375,0.08355712890625,0.718017578125,-0.1015625,-0.12109375,-0.18359375,0.005859375,-0.0078125,-0.00390625,1410.75,26.7,188.6,25.5,21.2,2.0,12.0,36.96532833333333,-122.04144133333334,17.6,0.6,20.779,31.06
2026-09-07 15:36:46.398325,0.68988037109375,0.04327392578125,0.083251953125,0.71783447265625,-0.36328125,-0.2734375,-0.13671875,-0.001953125,-0.00390625,0.0,1410.75,26.7,188.6,25.5,21.2,2.0,12.0,36.96532833333333,-122.04144133333334,17.6,0.6,23.838,35.58
2026-09-07 15:36:46.499114,0.6898193359375,0.0430908203125,0.0830078125,0.71795654296875,-0.1015625,0.375,-0.12890625,-0.001953125,-0.00390625,-0.005859375,1396.75,26.7,188.6,25.5,21.6,2.0,12.0,36.965418166666666,-122.041361,17.9,0.6,23.838,35.58
2026-09-07 15:36:46.598447,0.68963623046875,0.043212890625,0.08258056640625,0.7181396484375,0.10546875,0.25390625,-0.62890625,-0.001953125,-0.001953125,-0.013671875,1396.75,26.7,188.6,25.5,21.6,2.0,12.0,36.965418166666666,-122.041361,17.9,0.6,23.838,35.58
2026-09-07 15:36:46.698986,0.68951416015625,0.0435791015625,0.08203125,0.71832275390625,0.15234375,-0.24609375,0.015625,-0.005859375,-0.001953125,-0.009765625,1402.25,27.3,188.6,25.5,21.2,2.0,12.0,36.965418166666666,-122.041361,17.9,0.6,23.838,35.58
2026-09-07 15:36:46.908503,0.68951416015625,0.04339599609375,0.08160400390625,0.71832275390625,-0.22265625,0.55859375,-0.17578125,0.001953125,-0.009765625,-0.00390625,1416.25,27.3,188.6,25.1,21.6,2.0,12.0,36.965418166666666,-122.041361,17.9,0.6,23.838,35.58
2026-09-07 15:36:47.007618,0.6903076171875,0.04296875,0.08111572265625,0.7176513671875,0.3125,-0.48046875,0.21484375,0.017578125,-0.009765625,-0.001953125,1416.25,27.3,188.6,25.1,21.6,2.0,12.0,36.965418166666666,-122.041361,17.9,0.6,23.838,35.58
2026-09-07 15:36:47.108245,0.6907958984375,0.0433349609375,0.08056640625,0.71722412109375,0.28125,0.4765625,-0.296875,-0.013671875,0.001953125,-0.021484375,1418.75,27.3,188.6,24.7,21.6,2.0,12.0,36.965418166666666,-122.041361,17.9,0.6,23.838,35.58
2026-09-07 15:36:47.213418,0.69134521484375,0.04388427734375,0.07952880859375,0.716796875,-0.16015625,0.359375,-1.6015625,0.015625,-0.001953125,-0.005859375,1418.75,27.3,188.6,24.7,21.6,2.0,12.0,36.965418166666666,-122.041361,17.9,0.6,23.838,35.58
2026-09-07 15:36:47.306882,0.6922607421875,0.04278564453125,0.07977294921875,0.7159423828125,-0.4765625,0.859375,-0.18359375,0.025390625,-0.009765625,0.015625,1423.25,27.3,188.6,24.7,21.6,2.0,12.0,36.965418166666666,-122.041361,17.9,0.6,23.838,35.58
2026-09-07 15:36:47.412782,0.6923828125,0.04132080078125,0.080078125,0.71588134765625,-0.17578125,0.92578125,-0.2578125,-0.005859375,-0.017578125,0.041015625,1423.25,27.3,188.6,24.7,21.6,2.0,12.0,36.965418166666666,-122.041361,17.9,0.6,24.109,35.22
2026-09-07 15:36:47.507614,0.6934814453125,0.03973388671875,0.0802001953125,0.71490478515625,-0.140625,-0.8359375,1.14453125,0.041015625,-0.015625,-0.00390625,1423.25,27.3,188.6,24.3,20.8,2.0,12.0,36.965509,-122.04127983333332,18.0,0.6,24.109,35.22
2026-09-07 15:36:47.613468,0.69439697265625,0.03961181640625,0.07940673828125,0.714111328125,0.359375,0.0078125,0.69140625,0.0390625,-0.0234375,-0.009765625,1423.25,27.3,188.6,24.3,20.8,2.0,12.0,36.965509,-122.04127983333332,18.0,0.6,24.109,35.22
2026-09-07 15:36:47.714977,0.6953125,0.04034423828125,0.07763671875,0.71337890625,-0.0625,0.26953125,0.109375,0.03125,-0.0234375,-0.029296875,1411.5,27.3,188.6,23.5,19.6,2.0,12.0,36.965509,-122.04127983333332,18.0,0.6,24.109,35.22
2026-09-07 15:36:47.811916,0.69598388671875,0.04034423828125,0.075927734375,0.712890625,-0.23046875,0.23046875,-0.2578125,0.0,-0.02734375,0.001953125,1411.5,27.3,188.6,23.5,19.6,2.0,12.0,36.965509,-122.04127983333332,18.0,0.6,24.109,35.22
2026-09-07 15:36:47.914394,0.69610595703125,0.03961181640625,0.07440185546875,0.7130126953125,0.19921875,-0.15234375,0.1171875,-0.009765625,-0.029296875,-0.01171875,1400.75,27.3,188.6,20.4,17.3,2.0,12.0,36.965509,-122.04127983333332,18.0,0.6,24.109,35.22
2026-09-07 15:36:48.012514,0.69683837890625,0.03875732421875,0.07293701171875,0.71246337890625,0.0546875,-0.3828125,-0.02734375,0.017578125,-0.03515625,-0.009765625,1400.75,27.3,188.6,20.4,17.3,2.0,12.0,36.965509,-122.04127983333332,18.0,0.6,24.109,35.22
2026-09-07 15:36:48.114330,0.69683837890625,0.0379638671875,0.07080078125,0.71270751953125,0.7578125,-2.3359375,-2.37109375,0.12109375,-0.03125,-0.015625,1393.75,27.3,188.6,14.1,16.1,2.0,12.0,36.965509,-122.04127983333332,18.0,0.6,24.109,35.22
2026-09-07 15:36:48.213809,0.69744873046875,0.0369873046875,0.06976318359375,0.7122802734375,0.95703125,-1.1328125,-0.87109375,0.015625,-0.033203125,0.013671875,1393.75,27.3,188.6,14.1,16.1,2.0,12.0,36.965509,-122.04127983333332,18.0,0.6,24.109,35.22
2026-09-07 15:36:48.313802,0.6964111328125,0.035888671875,0.0684814453125,0.71343994140625,-0.4140625,-0.21484375,-0.34375,-0.009765625,-0.03515625,-0.017578125,1389.75,27.3,188.6,9.0,16.5,2.0,12.0,36.965509,-122.04127983333332,18.0,0.6,24.109,35.22
2026-09-07 15:36:48.414050,0.6956787109375,0.03533935546875,0.06732177734375,0.71429443359375,0.4765625,-0.55859375,0.32421875,0.0390625,-0.029296875,-0.013671875,1389.75,27.3,188.6,9.0,16.5,2.0,12.0,36.965509,-122.04127983333332,18.0,0.6,24.387,35.68
2026-09-07 15:36:48.514025,0.69482421875,0.034912109375,0.0660400390625,0.71533203125,0.30078125,0.46875,-0.51953125,-0.0546875,-0.02734375,0.0,1404.5,27.3,188.6,9.0,16.5,2.0,12.0,36.96560066666667,-122.04119816666666,18.1,0.6,24.387,35.68
2026-09-07 15:36:48.614362,0.694580078125,0.03436279296875,0.06494140625,0.71563720703125,-0.06640625,-0.375,0.69140625,-0.03515625,-0.015625,-0.005859375,1404.5,27.3,188.6,9.0,16.5,2.0,12.0,36.96560066666667,-122.04119816666666,18.1,0.6,24.387,35.68
2026-09-07 15:36:48.829215,0.6939697265625,0.03497314453125,0.0621337890625,0.7164306640625,-0.3203125,0.5234375,0.18359375,0.0,-0.021484375,-0.03125,1382.75,26.7,188.6,8.6,16.5,2.0,12.0,36.96560066666667,-122.04119816666666,18.1,0.6,24.387,35.68
2026-09-07 15:36:49.356791,0.6939697265625,0.03497314453125,0.0621337890625,0.7164306640625,-0.3203125,0.5234375,0.18359375,0.0,-0.021484375,-0.03125,1352.25,26.7,188.6,8.6,16.5,2.0,12.0,36.96560066666667,-122.04119816666666,18.1,0.6,24.387,35.68
2026-09-07 15:36:49.456658,0.6939697265625,0.03497314453125,0.0621337890625,0.7164306640625,-0.3203125,0.5234375,0.18359375,0.0,-0.021484375,-0.03125,1352.25,26.7,188.6,8.6,16.5,2.0,12.0,36.96560066666667,-122.04119816666666,18.1,0.6,23.963,37.09
2026-09-07 15:36:49.556993,0.6939697265625,0.03497314453125,0.0621337890625,0.7164306640625,-0.3203125,0.5234375,0.18359375,0.0,-0.021484375,-0.03125,1358.5,26.7,188.6,8.2,16.5,2.0,12.0,36.96569,-122.041115,18.3,0.6,23.963,37.09
2026-09-07 15:36:49.657843,0.6939697265625,0.03497314453125,0.0621337890625,0.7164306640625,-0.3203125,0.5234375,0.18359375,0.0,-0.021484375,-0.03125,1358.5,26.7,188.6,8.2,16.5,2.0,12.0,36.96569,-122.041115,18.3,0.6,23.963,37.09
2026-09-07 15:36:49.756523,0.6939697265625,0.03497314453125,0.0621337890625,0.7164306640625,-0.3203125,0.5234375,0.18359375,0.0,-0.021484375,-0.03125,1335.0,26.1,188.6,8.2,16.5,2.0,12.0,36.96569,-122.041115,18.3,0.6,23.963,37.09
2026-09-07 15:36:49.857133,0.6939697265625,0.03497314453125,0.0621337890625,0.7164306640625,-0.3203125,0.5234375,0.18359375,0.0,-0.021484375,-0.03125,1335.0,26.1,188.6,8.2,16.5,2.0,12.0,36.96569,-122.041115,18.3,0.6,23.963,37.09
2026-09-07 15:36:49.957686,0.6939697265625,0.03497314453125,0.0621337890625,0.7164306640625,-0.3203125,0.5234375,0.18359375,0.0,-0.021484375,-0.03125,1350.75,26.1,188.6,8.2,16.5,2.0,12.0,36.96569,-122.041115,18.3,0.6,23.963,37.09
2026-09-07 15:36:50.057376,0.6939697265625,0.03497314453125,0.0621337890625,0.7164306640625,-0.3203125,0.5234375,0.18359375,0.0,-0.021484375,-0.03125,1350.75,26.1,188.6,8.2,16.5,2.0,12.0,36.96569,-122.041115,18.3,0.6,23.963,37.09
2026-09-07 15:36:50.157532,0.6939697265625,0.03497314453125,0.0621337890625,0.7164306640625,-0.3203125,0.5234375,0.18359375,0.0,-0.021484375,-0.03125,1335.75,26.1,190.4,8.2,16.5,2.0,12.0,36.96569,-122.041115,18.3,0.6,23.963,37.09
2026-09-07 15:36:50.257170,0.6939697265625,0.03497314453125,0.0621337890625,0.7164306640625,-0.3203125,0.5234375,0.18359375,0.0,-0.021484375,-0.03125,1335.75,26.1,190.4,8.2,16.5,2.0,12.0,36.96569,-122.041115,18.3,0.6,23.963,37.09
2026-09-07 15:36:50.357823,0.6939697265625,0.03497314453125,0.0621337890625,0.7164306640625,-0.3203125,0.5234375,0.18359375,0.0,-0.021484375,-0.03125,1340.5,26.1,190.4,8.6,16.5,2.0,12.0,36.96569,-122.041115,18.3,0.6,23.963,37.09
2026-09-07 15:36:50.457985,0.6939697265625,0.03497314453125,0.0621337890625,0.7164306640625,-0.3203125,0.5234375,0.18359375,0.0,-0.021484375,-0.03125,1340.5,26.1,190.4,8.6,16.5,2.0,12.0,36.96569,-122.041115,18.3,0.6,23.43,39.07
2026-09-07 15:36:50.558046,0.6939697265625,0.03497314453125,0.0621337890625,0.7164306640625,-0.3203125,0.5234375,0.18359375,0.0,-0.021484375,-0.03125,1330.25,26.1,190.4,8.6,16.5,2.0,12.0,36.9657755,-122.04102966666666,18.4,0.57,23.43,39.07
2026-09-07 15:36:50.658670,0.6939697265625,0.03497314453125,0.0621337890625,0.7164306640625,-0.3203125,0.5234375,0.18359375,0.0,-0.021484375,-0.03125,1330.25,26.1,190.4,8.6,16.5,2.0,12.0,36.9657755,-122.04102966666666,18.4,0.57,23.43,39.07
2026-09-07 15:36:50.758246,0.6939697265625,0.03497314453125,0.0621337890625,0.7164306640625,-0.3203125,0.5234375,0.18359375,0.0,-0.021484375,-0.03125,1325.0,26.1,190.4,8.6,16.5,2.0,12.0,36.9657755,-122.04102966666666,18.4,0.57,23.43,39.07
2026-09-07 15:36:50.858854,0.6939697265625,0.03497314453125,0.0621337890625,0.7164306640625,-0.3203125,0.5234375,0.18359375,0.0,-0.021484375,-0.03125,1325.0,26.1,190.4,8.6,16.5,2.0,12.0,36.9657755,-122.04102966666666,18.4,0.57,23.43,39.07
2026-09-07 15:36:50.959078,0.6939697265625,0.03497314453125,0.0621337890625,0.7164306640625,-0.3203125,0.5234375,0.18359375,0.0,-0.021484375,-0.03125,1314.75,26.1,190.4,8.6,16.5,2.0,12.0,36.9657755,-122.04102966666666,18.4,0.57,23.43,39.07
2026-09-07 15:36:51.059098,0.6939697265625,0.03497314453125,0.0621337890625,0.7164306640625,-0.3203125,0.5234375,0.18359375,0.0,-0.021484375,-0.03125,1314.75,26.1,190.4,8.6,16.5,2.0,12.0,36.9657755,-122.04102966666666,18.4,0.57,23.43,39.07
2026-09-07 15:36:51.159204,0.6939697265625,0.03497314453125,0.0621337890625,0.7164306640625,-0.3203125,0.5234375,0.18359375,0.0,-0.021484375,-0.03125,1310.75,25.5,190.4,8.6,16.5,2.0,12.0,36.9657755,-122.04102966666666,18.4,0.57,23.43,39.07
2026-09-07 15:36:53.249172,0.4638671875,0.5340576171875,0.46295166015625,0.53411865234375,-1.1171875,9.890625,-0.375,0.0,-0.001953125,0.00390625,1156.25,21.7,190.4,12.5,16.9,2.0,12.0,36.96594916666667,-122.04087916666668,18.7,0.57,22.023,31.33
2026-09-07 15:36:53.348901,0.470458984375,0.53118896484375,0.46636962890625,0.5281982421875,-1.0546875,9.17578125,-0.296875,0.0,-0.00390625,0.005859375,1236.5,21.1,190.4,11.4,16.9,2.0,12.0,36.96594916666667,-122.04087916666668,18.7,0.57,22.023,31.33
2026-09-07 15:36:53.444101,0.47235107421875,0.52972412109375,0.4677734375,0.5267333984375,-0.71875,8.91015625,-0.03125,-0.013671875,-0.00390625,0.0,1236.5,21.1,190.4,11.4,16.9,2.0,12.0,36.96594916666667,-122.04087916666668,18.7,0.57,19.587,30.63
2026-09-07 15:36:53.550485,0.472412109375,0.5291748046875,0.46820068359375,0.52685546875,-0.54296875,8.34375,-0.0703125,-0.015625,-0.0078125,0.005859375,1271.75,20.5,190.4,11.0,16.9,2.0,12.0,36.96602983333333,-122.0408175,18.8,0.57,19.587,30.63
2026-09-07 15:36:53.649123,0.47296142578125,0.5281982421875,0.46875,0.52685546875,-0.08984375,8.0234375,-0.09765625,-0.005859375,-0.015625,-0.005859375,1271.75,20.5,190.4,11.0,16.9,2.0,12.0,36.96602983333333,-122.0408175,18.8,0.57,19.587,30.63
2026-09-07 15:36:53.749639,0.47283935546875,0.527587890625,0.4686279296875,0.52764892578125,-0.6328125,7.421875,0.390625,-0.0078125,-0.0234375,-0.01171875,1236.5,20.5,190.4,11.4,15.7,2.0,12.0,36.96602983333333,-122.0408175,18.8,0.57,19.587,30.63
2026-09-07 15:36:53.851102,0.47283935546875,0.52703857421875,0.468017578125,0.52874755859375,-0.29296875,7.734375,0.19921875,0.0078125,-0.02734375,0.013671875,1236.5,20.5,190.4,11.4,15.7,2.0,12.0,36.96602983333333,-122.0408175,18.8,0.57,19.587,30.63
2026-09-07 15:36:53.950531,0.4737548828125,0.526611328125,0.46722412109375,0.52911376953125,0.04296875,7.0,0.49609375,-0.005859375,-0.013671875,0.001953125,1242.75,19.9,190.4,8.6,16.5,2.0,12.0,36.96602983333333,-122.0408175,18.8,0.57,19.587,30.63
2026-09-07 15:36:54.050728,0.47430419921875,0.5260009765625,0.46697998046875,0.5294189453125,0.328125,6.6953125,0.0390625,0.017578125,-0.01953125,0.00390625,1242.75,19.9,190.4,8.6,16.5,2.0,12.0,36.96602983333333,-122.0408175,18.8,0.57,19.587,30.63
2026-09-07 15:36:54.149549,0.47515869140625,0.52545166015625,0.4666748046875,0.52947998046875,0.2265625,6.23828125,0.48828125,0.015625,-0.021484375,0.013671875,1223.25,19.9,190.4,9.0,16.1,2.0,12.0,36.96602983333333,-122.0408175,18.8,0.57,19.587,30.63
2026-09-07 15:36:54.251460,0.476318359375,0.52508544921875,0.46588134765625,0.52947998046875,-0.03125,6.46875,0.17578125,0.005859375,-0.017578125,0.001953125,1223.25,19.9,190.4,9.0,16.1,2.0,12.0,36.96602983333333,-122.0408175,18.8,0.57,19.587,30.63
2026-09-07 15:36:54.351330,0.4766845703125,0.52471923828125,0.46533203125,0.530029296875,0.43359375,5.71875,0.20703125,-0.025390625,-0.017578125,-0.005859375,1194.5,19.9,190.4,9.0,16.1,2.0,12.0,36.96602983333333,-122.0408175,18.8,0.57,19.587,30.63
2026-09-07 15:36:54.451500,0.4764404296875,0.52423095703125,0.4649658203125,0.53106689453125,0.44140625,5.08203125,0.19140625,-0.01171875,-0.0234375,-0.005859375,1194.5,19.9,190.4,9.0,16.1,2.0,12.0,36.96602983333333,-122.0408175,18.8,0.57,17.93,31.5
2026-09-07 15:36:54.667702,0.4779052734375,0.523193359375,0.46356201171875,0.531982421875,-0.0625,5.05078125,0.51171875,0.037109375,-0.025390625,0.017578125,1139.75,19.9,190.4,9.4,16.1,2.0,12.0,36.966103,-122.04076283333332,18.9,0.57,17.93,31.5
2026-09-07 15:36:54.765037,0.4783935546875,0.523193359375,0.462646484375,0.53240966796875,0.2734375,4.12109375,-0.1484375,-0.0078125,-0.017578125,-0.021484375,1121.0,19.9,190.4,9.8,16.1,2.0,12.0,36.966103,-122.04076283333332,18.9,0.57,17.93,31.5
2026-09-07 15:36:54.965612,0.479736328125,0.522705078125,0.460693359375,0.5333251953125,-0.0390625,4.01953125,0.3046875,0.009765625,-0.0234375,0.00390625,1139.75,19.3,190.4,9.8,15.7,2.0,12.0,36.966103,-122.04076283333332,18.9,0.57,17.93,31.5
2026-09-07 15:36:55.066137,0.48028564453125,0.5225830078125,0.45989990234375,0.5335693359375,0.41015625,3.578125,0.2265625,0.00390625,-0.015625,0.0,1139.75,19.3,190.4,9.8,15.7,2.0,12.0,36.966103,-122.04076283333332,18.9,0.57,17.93,31.5
2026-09-07 15:36:55.166201,0.48114013671875,0.52203369140625,0.45953369140625,0.53369140625,-0.02734375,3.34375,0.07421875,0.001953125,-0.02734375,0.029296875,1183.5,19.3,190.4,9.0,16.1,2.0,12.0,36.966103,-122.04076283333332,18.9,0.57,17.93,31.5
2026-09-07 15:36:55.266141,0.48248291015625,0.52142333984375,0.458984375,0.53350830078125,0.1484375,2.625,-0.19140625,0.017578125,-0.017578125,0.00390625,1183.5,19.3,190.4,9.0,16.1,2.0,12.0,36.966103,-122.04076283333332,18.9,0.57,17.93,31.5
2026-09-07 15:36:55.366834,0.48260498046875,0.52081298828125,0.458984375,0.53399658203125,0.44140625,3.41015625,-0.1328125,-0.021484375,-0.009765625,-0.001953125,1176.5,19.3,190.4,9.0,16.1,2.0,12.0,36.966103,-122.04076283333332,18.9,0.57,17.93,31.5
2026-09-07 15:36:55.467004,0.48272705078125,0.520751953125,0.45849609375,0.534423828125,0.203125,2.52734375,0.17578125,0.013671875,-0.009765625,-0.01171875,1176.5,19.3,190.4,9.0,16.1,2.0,12.0,36.966103,-122.04076283333332,18.9,0.57,17.516,35.12
2026-09-07 15:36:55.566728,0.48297119140625,0.52069091796875,0.457763671875,0.5347900390625,0.05078125,2.72265625,-0.25390625,-0.0078125,-0.01171875,-0.013671875,1167.75,19.3,190.4,9.4,18.0,2.0,12.0,36.96617066666666,-122.040706,19.1,0.6,17.516,35.12
2026-09-07 15:36:55.667405,0.4840087890625,0.51861572265625,0.459228515625,0.53460693359375,0.4921875,1.69921875,-0.26171875,0.01171875,-0.01171875,0.00390625,1167.75,19.3,190.4,9.4,18.0,2.0,12.0,36.96617066666666,-122.040706,19.1,0.6,17.516,35.12
2026-09-07 15:36:55.767557,0.484375,0.51708984375,0.46014404296875,0.53509521484375,0.5234375,2.2265625,-0.046875,-0.021484375,-0.013671875,0.0,1178.75,19.3,190.4,12.2,16.5,2.0,12.0,36.96617066666666,-122.040706,19.1,0.6,17.516,35.12
2026-09-07 15:36:55.867500,0.48431396484375,0.516357421875,0.46014404296875,0.53582763671875,0.15625,2.22265625,0.05078125,-0.0078125,-0.017578125,0.005859375,1178.75,19.3,190.4,12.2,16.5,2.0,12.0,36.96617066666666,-122.040706,19.1,0.6,17.516,35.12
2026-09-07 15:36:55.967260,0.48480224609375,0.51593017578125,0.4598388671875,0.5360107421875,0.26171875,1.8828125,-0.0625,-0.00390625,-0.01171875,-0.0078125,1139.0,19.3,190.4,12.5,16.9,2.0,12.0,36.96617066666666,-122.040706,19.1,0.6,17.516,35.12
2026-09-07 15:36:56.186618,0.4847412109375,0.515380859375,0.45892333984375,0.53741455078125,0.21875,1.67578125,-0.00390625,0.005859375,-0.021484375,0.005859375,1152.25,19.3,190.4,12.5,16.9,2.0,12.0,36.96617066666666,-122.040706,19.1,0.6,17.516,35.12
2026-09-07 15:36:56.284616,0.48626708984375,0.51318359375,0.46038818359375,0.536865234375,0.1015625,1.94921875,-0.1171875,0.001953125,-0.0078125,-0.015625,1152.25,19.3,190.4,12.5,16.9,2.0,12.0,36.96617066666666,-122.040706,19.1,0.6,17.516,35.12
2026-09-07 15:36:56.382822,0.488037109375,0.51068115234375,0.4625244140625,0.5357666015625,-0.2109375,1.47265625,-0.03515625,0.00390625,0.001953125,-0.00390625,1148.25,18.6,190.4,12.5,16.9,2.0,12.0,36.96617066666666,-122.040706,19.1,0.6,17.046,33.9
2026-09-07 15:36:56.485851,0.4893798828125,0.50927734375,0.464111328125,0.5345458984375,0.0390625,1.08984375,-0.29296875,0.01171875,0.0078125,0.00390625,1148.25,18.6,190.4,12.5,16.9,2.0,12.0,36.96617066666666,-122.040706,19.1,0.6,17.046,33.9
2026-09-07 15:36:56.582335,0.4901123046875,0.50823974609375,0.46563720703125,0.53350830078125,0.15625,1.1953125,-0.33984375,-0.009765625,0.01171875,-0.00390625,1138.25,18.6,190.4,12.9,16.9,2.0,12.0,36.96623683333333,-122.0406505,19.3,0.6,17.046,33.9
2026-09-07 15:36:56.682943,0.48992919921875,0.50732421875,0.46710205078125,0.53326416015625,-0.2265625,0.94921875,-0.42578125,-0.009765625,0.0078125,-0.015625,1138.25,18.6,190.4,12.9,16.9,2.0,12.0,36.96623683333333,-122.0406505,19.3,0.6,17.046,33.9
2026-09-07 15:36:56.782622,0.4896240234375,0.50665283203125,0.468017578125,0.53338623046875,-0.14453125,1.09765625,-0.5390625,-0.005859375,0.00390625,-0.015625,1122.5,18.6,190.4,13.3,16.9,2.0,12.0,36.96623683333333,-122.0406505,19.3,0.6,17.046,33.9
2026-09-07 15:36:56.882787,0.48931884765625,0.50616455078125,-1.53131103515625,0.5335693359375,-0.55859375,0.828125,0.171875,0.0,0.00390625,-0.01171875,1122.5,18.6,190.4,13.3,16.9,2.0,12.0,36.96623683333333,-122.0406505,19.3,0.6,17.046,33.9
2026-09-07 15:36:56.982732,0.4908447265625,0.50372314453125,0.47125244140625,0.5322265625,-0.38671875,0.9140625,-0.05078125,-0.015625,-0.001953125,-0.01953125,1098.25,18.0,190.4,14.1,16.9,2.0,12.0,36.96623683333333,-122.0406505,19.3,0.6,17.046,33.9
2026-09-07 15:36:57.083400,0.4912109375,0.50225830078125,0.47259521484375,0.531982421875,-0.7109375,0.7734375,-0.171875,-0.0234375,-0.0078125,-0.00390625,1098.25,18.0,190.4,14.1,16.9,2.0,12.0,36.96623683333333,-122.0406505,19.3,0.6,17.046,33.9
2026-09-07 15:36:57.183770,0.49163818359375,0.50103759765625,0.4736328125,0.53192138671875,-0.5390625,0.6328125,-0.05859375,-0.009765625,-0.0078125,-0.015625,1078.0,17.4,190.4,14.9,17.3,2.0,12.0,36.96623683333333,-122.0406505,19.3,0.6,17.046,33.9
2026-09-07 15:36:57.283775,0.49169921875,0.50030517578125,0.47412109375,0.5321044921875,-0.1953125,0.27734375,0.05078125,-0.01171875,-0.00390625,-0.005859375,1078.0,17.4,190.4,14.9,17.3,2.0,12.0,36.96623683333333,-122.0406505,19.3,0.6,17.046,33.9
2026-09-07 15:36:57.505089,0.49151611328125,0.50042724609375,0.47259521484375,0.533447265625,0.16796875,0.14453125,-0.125,-0.009765625,-0.009765625,-0.015625,1081.25,16.8,190.4,16.1,17.3,2.0,12.0,36.966300833333335,-122.040599,19.4,0.6,16.051,33.17
2026-09-07 15:36:57.604053,0.4908447265625,0.500732421875,0.47198486328125,0.534423828125,-0.359375,0.375,-0.0390625,-0.0234375,-0.00390625,-0.017578125,1081.25,16.8,190.4,16.1,17.3,2.0,12.0,36.966300833333335,-122.040599,19.4,0.6,16.051,33.17
2026-09-07 15:36:57.701144,0.49053955078125,0.50079345703125,0.47174072265625,0.53485107421875,-0.24609375,0.453125,-0.18359375,-0.01171875,-0.005859375,-0.0078125,1146.0,16.2,190.4,14.9,17.3,2.0,12.0,36.966300833333335,-122.040599,19.4,0.6,16.051,33.17
2026-09-07 15:36:57.799742,0.489990234375,0.500732421875,0.4713134765625,0.5357666015625,-0.08203125,0.03515625,0.01171875,-0.029296875,-0.009765625,-0.00390625,1146.0,16.2,190.4,14.9,17.3,2.0,12.0,36.966300833333335,-122.040599,19.4,0.6,16.051,33.17
2026-09-07 15:36:57.902489,0.49029541015625,0.50018310546875,0.47064208984375,0.53656005859375,-0.23046875,-0.31640625,0.3046875,-0.013671875,-0.015625,0.0,1229.5,16.2,190.4,13.3,17.3,2.0,12.0,36.966300833333335,-122.040599,19.4,0.6,16.051,33.17
2026-09-07 15:36:58.001204,0.49072265625,0.50018310546875,0.47021484375,0.5364990234375,0.0390625,-0.015625,-0.37890625,0.015625,-0.017578125,0.00390625,1229.5,16.2,190.4,13.3,17.3,2.0,12.0,36.966300833333335,-122.040599,19.4,0.6,16.051,33.17
2026-09-07 15:36:58.100367,0.49114990234375,0.499755859375,0.46990966796875,0.536865234375,0.3828125,-0.20703125,-0.0859375,0.0,-0.017578125,0.001953125,1229.5,15.5,190.4,11.8,16.9,2.0,12.0,36.966300833333335,-122.040599,19.4,0.6,16.051,33.17
2026-09-07 15:36:58.201149,0.49066162109375,0.4996337890625,0.46893310546875,0.53826904296875,0.0859375,0.08984375,-0.01953125,-0.009765625,-0.015625,-0.00390625,1229.5,15.5,190.4,11.8,16.9,2.0,12.0,36.966300833333335,-122.040599,19.4,0.6,16.051,33.17
2026-09-07 15:36:58.301979,0.4901123046875,0.499755859375,0.46820068359375,0.539306640625,0.015625,0.08984375,-0.109375,-0.015625,-0.01171875,-0.01171875,1207.0,15.5,190.4,11.4,16.9,2.0,12.0,36.966300833333335,-122.040599,19.4,0.6,16.051,33.17
2026-09-07 15:36:58.402070,0.49066162109375,0.4998779296875,0.46759033203125,0.5391845703125,-0.00390625,-0.09375,0.2578125,0.00390625,-0.01171875,-0.015625,1207.0,15.5,190.4,11.4,16.9,2.0,12.0,36.966300833333335,-122.040599,19.4,0.6,14.171,34.04
2026-09-07 15:36:58.502178,0.49127197265625,0.4996337890625,0.4671630859375,0.53924560546875,-0.1484375,-0.19921875,0.1875,0.005859375,-0.01171875,-0.01171875,1171.0,14.9,190.4,11.8,16.9,2.0,12.0,36.966357333333335,-122.040551,19.5,0.6,14.171,34.04
2026-09-07 15:36:58.602471,0.491943359375,0.49920654296875,0.4669189453125,0.53924560546875,0.14453125,-0.03125,-0.02734375,0.015625,-0.263671875,0.00390625,1171.0,14.9,190.4,11.8,16.9,2.0,12.0,36.966357333333335,-122.040551,19.5,0.6,14.171,34.04
2026-09-07 15:36:58.701891,0.49249267578125,0.49884033203125,0.466552734375,0.53936767578125,0.2578125,-0.12890625,-0.1328125,0.005859375,-0.013671875,0.0,1144.5,14.3,190.4,12.5,16.9,2.0,12.0,36.966357333333335,-122.040551,19.5,0.6,14.171,34.04
2026-09-07 15:36:58.802792,0.4930419921875,0.49871826171875,0.466064453125,0.53936767578125,-0.109375,0.32421875,-0.00390625,0.017578125,-0.01171875,-0.005859375,1144.5,14.3,190.4,12.5,16.9,2.0,12.0,36.966357333333335,-122.040551,19.5,0.6,14.171,34.04
2026-09-07 15:36:58.903040,0.493408203125,0.49853515625,0.4658203125,0.53948974609375,-0.32421875,0.796875,-0.109375,0.0,-0.005859375,-0.005859375,1116.25,14.3,190.4,13.3,17.3,2.0,12.0,36.966357333333335,-122.040551,19.5,0.6,14.171,34.04
2026-09-07 15:36:59.003297,0.493896484375,0.49798583984375,0.46588134765625,0.53948974609375,0.265625,-0.56640625,-0.171875,0.001953125,-0.013671875,0.009765625,1116.25,14.3,190.4,13.3,17.3,2.0,12.0,36.966357333333335,-122.040551,19.5,0.6,14.171,34.04
2026-09-07 15:36:59.103008,0.49407958984375,0.49761962890625,0.4659423828125,0.53955078125,0.234375,-0.26953125,-0.1015625,-0.005859375,-0.0078125,0.0,1089.0,13.7,190.4,14.5,17.3,2.0,12.0,36.966357333333335,-122.040551,19.5,0.6,14.171,34.04
2026-09-07 15:36:59.202702,0.494384765625,0.49755859375,0.46551513671875,0.53973388671875,0.06640625,0.359375,-0.65625,0.0,-0.005859375,-0.00390625,1089.0,13.7,190.4,14.5,17.3,2.0,12.0,36.966357333333335,-122.040551,19.5,0.6,14.171,34.04
2026-09-07 15:36:59.304340,0.49481201171875,0.49755859375,0.465087890625,0.53973388671875,-0.23046875,-0.0234375,0.40234375,0.009765625,-0.013671875,0.0078125,1052.25,13.0,190.4,16.1,17.3,2.0,12.0,36.966357333333335,-122.040551,19.5,0.6,14.171,34.04
2026-09-07 15:36:59.404116,0.4952392578125,0.49798583984375,0.46435546875,0.53955078125,0.14453125,-0.16796875,-0.41796875,0.017578125,-0.001953125,0.005859375,1052.25,13.0,190.4,16.1,17.3,2.0,12.0,36.966357333333335,-122.040551,19.5,0.6,12.422,35.27
2026-09-07 15:36:59.504175,0.49462890625,0.49822998046875,0.4638671875,0.540283203125,0.18359375,0.03125,0.015625,-0.033203125,0.0,-0.00390625,1019.5,13.0,190.4,18.4,17.6,2.0,12.0,36.96640683333333,-122.0405085,19.4,0.6,12.422,35.27
2026-09-07 15:36:59.603095,0.49395751953125,-1.50048828125,0.46221923828125,0.5411376953125,-0.16015625,-0.125,-0.23828125,-0.009765625,-0.005859375,-0.017578125,1019.5,13.0,190.4,18.4,17.6,2.0,12.0,36.96640683333333,-122.0405085,19.4,0.6,12.422,35.27
2026-09-07 15:36:59.703969,0.49346923828125,0.50164794921875,0.4598388671875,0.54168701171875,-0.05859375,-0.34375,0.359375,-0.015625,-0.00390625,-0.01171875,988.25,12.4,190.4,20.4,17.3,2.0,12.0,36.96640683333333,-122.0405085,19.4,0.6,12.422,35.27
2026-09-07 15:36:59.803526,0.49237060546875,0.50299072265625,0.4583740234375,0.54266357421875,-0.1640625,0.12109375,0.25,0.009765625,-0.001953125,-0.005859375,988.25,12.4,190.4,20.4,17.3,2.0,12.0,36.96640683333333,-122.0405085,19.4,0.6,12.422,35.27
2026-09-07 15:36:59.903114,0.4915771484375,0.50421142578125,0.45684814453125,0.54351806640625,-0.3671875,-0.09375,-0.015625,0.00390625,-0.001953125,0.005859375,923.25,11.8,190.4,24.3,17.6,2.0,12.0,36.96640683333333,-122.0405085,19.4,0.6,12.422,35.27
2026-09-07 15:37:00.003361,0.490478515625,0.50543212890625,0.45526123046875,0.5447998046875,-0.4453125,0.234375,-0.125,0.005859375,-0.00390625,0.00390625,923.25,11.8,190.4,24.3,17.6,2.0,12.0,36.96640683333333,-122.0405085,19.4,0.6,12.422,35.27
2026-09-07 15:37:00.103932,0.48907470703125,0.50665283203125,0.453369140625,0.54644775390625,-0.21875,0.04296875,-0.17578125,-0.015625,-0.009765625,-0.001953125,902.25,11.2,190.4,26.3,17.6,2.0,12.0,36.96640683333333,-122.0405085,19.4,0.6,12.422,35.27
2026-09-07 15:37:00.204215,0.48785400390625,0.5084228515625,0.45111083984375,0.5477294921875,-0.37890625,0.08984375,-0.296875,-0.005859375,-0.005859375,-0.009765625,902.25,11.2,190.4,26.3,17.6,2.0,12.0,36.96640683333333,-122.0405085,19.4,0.6,12.422,35.27
2026-09-07 15:37:00.303298,0.48638916015625,0.510498046875,0.44879150390625,0.54901123046875,-0.37890625,0.22265625,0.12109375,-0.01171875,-0.005859375,0.005859375,903.75,9.9,190.4,26.7,17.6,2.0,12.0,36.96640683333333,-122.0405085,19.4,0.6,12.422,35.27
2026-09-07 15:37:00.403764,0.48504638671875,0.51275634765625,0.44598388671875,0.55035400390625,-0.0703125,0.0390625,0.0625,0.009765625,-0.005859375,0.009765625,903.75,9.9,190.4,26.7,17.6,2.0,12.0,36.96640683333333,-122.0405085,19.4,0.6,10.112,34.15
2026-09-07 15:37:00.504264,0.4832763671875,0.51470947265625,0.44342041015625,0.55218505859375,-0.23046875,0.04296875,0.09765625,0.00390625,-0.0078125,0.005859375,867.75,9.3,190.4,28.6,17.6,2.0,12.0,36.9664485,-122.04047366666668,19.4,0.6,10.112,34.15
2026-09-07 15:37:00.603298,0.48175048828125,0.51641845703125,0.44085693359375,0.553955078125,0.1171875,0.05078125,-0.03125,-0.005859375,-0.01171875,0.00390625,867.75,9.3,190.4,28.6,17.6,2.0,12.0,36.9664485,-122.04047366666668,19.4,0.6,10.112,34.15
2026-09-07 15:37:00.700838,0.48114013671875,0.51715087890625,0.439697265625,0.5546875,0.125,0.05078125,-0.25390625,-0.001953125,-0.009765625,-0.00390625,811.5,8.7,190.4,33.3,17.6,2.0,12.0,36.9664485,-122.04047366666668,19.4,0.6,10.112,34.15
2026-09-07 15:37:00.801505,0.4798583984375,0.51849365234375,0.43792724609375,0.55596923828125,0.0390625,-0.24609375,0.19921875,-0.01171875,-0.00390625,-0.00390625,811.5,8.7,190.4,33.3,17.6,2.0,12.0,36.9664485,-122.04047366666668,19.4,0.6,10.112,34.15
2026-09-07 15:37:00.901707,0.479736328125,0.51953125,0.43646240234375,0.5562744140625,0.125,-0.19921875,-0.0234375,0.017578125,-0.0078125,0.0,777.25,7.5,190.4,37.6,17.6,2.0,12.0,36.9664485,-122.04047366666668,19.4,0.6,10.112,34.15
2026-09-07 15:37:01.000455,0.4798583984375,0.52001953125,0.43536376953125,0.55657958984375,-0.10546875,0.09765625,0.0,0.001953125,-0.0078125,0.0,777.25,7.5,190.4,37.6,17.6,2.0,12.0,36.9664485,-122.04047366666668,19.4,0.6,10.112,34.15
2026-09-07 15:37:01.099614,0.47979736328125,0.52020263671875,0.4344482421875,0.55712890625,0.23828125,0.06640625,-0.015625,0.017578125,-0.01171875,-0.00390625,777.25,7.5,190.4,37.6,17.6,2.0,12.0,36.9664485,-122.04047366666668,19.4,0.6,10.112,34.15
2026-09-07 15:37:01.200886,0.47943115234375,0.5206298828125,0.4337158203125,0.5576171875,-0.01953125,0.05859375,-0.15234375,-0.009765625,0.0,-0.0078125,767.75,6.8,190.4,38.8,17.6,2.0,12.0,36.9664485,-122.04047366666668,19.4,0.6,10.112,34.15
2026-09-07 15:37:01.302852,0.479248046875,0.52099609375,0.43328857421875,0.55780029296875,0.046875,0.14453125,0.015625,0.0,-0.00390625,-0.001953125,758.5,6.2,190.4,39.6,17.6,2.0,12.0,36.9664485,-122.04047366666668,19.4,0.6,10.112,34.15
2026-09-07 15:37:01.402576,0.4793701171875,0.52117919921875,0.432861328125,0.557861328125,0.15625,-0.00390625,0.1171875,-0.0078125,-0.00390625,0.001953125,758.5,6.2,190.4,39.6,17.6,2.0,12.0,36.9664485,-122.04047366666668,19.4,0.6,6.319,34.56
2026-09-07 15:37:01.502269,0.4793701171875,0.52099609375,0.43267822265625,0.55816650390625,0.30078125,-0.1015625,0.19921875,-0.0078125,-0.009765625,-0.00390625,757.0,5.6,190.4,40.4,17.6,2.0,12.0,36.966476666666665,-122.04044883333331,19.4,0.6,6.319,34.56
2026-09-07 15:37:01.602713,0.47967529296875,0.52099609375,0.4326171875,0.5579833984375,0.20703125,0.015625,-0.14453125,0.00390625,0.0,0.001953125,757.0,5.6,190.4,40.4,17.6,2.0,12.0,36.966476666666665,-122.04044883333331,19.4,0.6,6.319,34.56
2026-09-07 15:37:01.703400,0.48016357421875,0.52056884765625,0.43292236328125,0.55767822265625,-0.01171875,0.48828125,-0.0703125,0.001953125,-0.005859375,0.00390625,765.5,5.0,190.4,41.2,17.6,2.0,12.0,36.966476666666665,-122.04044883333331,19.4,0.6,6.319,34.56
2026-09-07 15:37:01.802964,0.48046875,0.51983642578125,0.43365478515625,0.55755615234375,0.09765625,-0.2109375,0.17578125,-0.0078125,0.001953125,0.013671875,765.5,5.0,190.4,41.2,17.6,2.0,12.0,36.966476666666665,-122.04044883333331,19.4,0.6,6.319,34.56
2026-09-07 15:37:01.904084,0.48089599609375,0.51922607421875,0.4342041015625,0.557373046875,0.36328125,-0.40234375,0.15234375,-0.001953125,-0.005859375,0.00390625,768.75,4.3,192.2,41.2,17.6,2.0,12.0,36.966476666666665,-122.04044883333331,19.4,0.6,6.319,34.56
2026-09-07 15:37:02.003707,0.4813232421875,0.51873779296875,0.434326171875,0.55731201171875,0.15234375,0.07421875,-0.0390625,0.0,-0.0078125,-0.001953125,768.75,4.3,192.2,41.2,17.6,2.0,12.0,36.966476666666665,-122.04044883333331,19.4,0.6,6.319,34.56
2026-09-07 15:37:02.103905,0.4815673828125,0.518310546875,0.4346923828125,0.5572509765625,0.12109375,0.08984375,-0.0625,-0.001953125,0.001953125,0.00390625,757.75,3.7,192.2,41.6,17.6,2.0,12.0,36.966476666666665,-122.04044883333331,19.4,0.6,6.319,34.56
2026-09-07 15:37:02.203438,0.48193359375,0.51800537109375,0.4351806640625,0.5567626953125,0.203125,-0.1171875,0.0,0.005859375,0.005859375,0.001953125,757.75,3.7,192.2,41.6,17.6,2.0,12.0,36.966476666666665,-122.04044883333331,19.4,0.6,6.319,34.56
2026-09-07 15:37:02.303832,0.48211669921875,0.51776123046875,0.43548583984375,0.556640625,0.1328125,-0.1015625,0.05859375,-0.005859375,-0.00390625,-0.0078125,759.25,3.1,192.2,42.0,17.6,2.0,12.0,36.966476666666665,-122.04044883333331,19.4,0.6,6.319,34.56
2026-09-07 15:37:02.404146,0.4820556640625,0.51727294921875,0.435791015625,0.55694580078125,0.0859375,0.078125,-0.0390625,-0.009765625,-0.001953125,-0.0078125,759.25,3.1,192.2,42.0,17.6,2.0,12.0,36.966476666666665,-122.04044883333331,19.4,0.6,3.504,35.07
2026-09-07 15:37:02.503666,0.482177734375,0.51690673828125,0.43634033203125,0.5567626953125,-0.01953125,0.16015625,-0.015625,-0.005859375,0.005859375,0.001953125,764.75,3.1,192.2,41.6,17.6,2.0,12.0,36.9664925,-122.0404335,19.4,0.6,3.504,35.07
2026-09-07 15:37:02.603468,0.48236083984375,0.51654052734375,0.4368896484375,0.55645751953125,-0.02734375,0.06640625,0.05078125,-0.001953125,-0.001953125,0.001953125,764.75,3.1,192.2,41.6,17.6,2.0,12.0,36.9664925,-122.0404335,19.4,0.6,3.504,35.07
2026-09-07 15:37:02.703034,0.483642578125,0.514892578125,0.43829345703125,0.5557861328125,-0.05078125,-0.109375,0.02734375,0.001953125,-0.009765625,0.0,759.25,2.5,192.2,41.2,17.6,2.0,12.0,36.9664925,-122.0404335,19.4,0.6,3.504,35.07
2026-09-07 15:37:02.803298,0.48480224609375,0.51348876953125,0.43951416015625,0.5550537109375,0.0546875,-0.09375,-0.0546875,0.005859375,0.001953125,0.00390625,759.25,2.5,192.2,41.2,17.6,2.0,12.0,36.9664925,-122.0404335,19.4,0.6,3.504,35.07
2026-09-07 15:37:02.903294,0.48565673828125,0.512451171875,0.4407958984375,0.55426025390625,0.078125,-0.1328125,-0.01171875,0.0,0.001953125,0.00390625,757.0,1.9,192.2,41.2,17.6,2.0,12.0,36.9664925,-122.0404335,19.4,0.6,3.504,35.07
2026-09-07 15:37:03.003284,0.48651123046875,0.5113525390625,0.44189453125,0.55364990234375,0.046875,0.0546875,-0.0703125,-0.001953125,-0.00390625,0.001953125,757.0,1.9,192.2,41.2,17.6,2.0,12.0,36.9664925,-122.0404335,19.4,0.6,3.504,35.07
2026-09-07 15:37:03.221950,0.48712158203125,0.51031494140625,0.4427490234375,0.553466796875,-0.06640625,0.015625,0.05078125,-0.0078125,-0.00390625,0.0,756.25,1.2,192.2,40.4,17.6,2.0,12.0,36.9664925,-122.0404335,19.4,0.6,3.504,35.07
2026-09-07 15:37:03.314320,0.49066162109375,0.50579833984375,0.44781494140625,0.55035400390625,-0.03515625,-0.03125,0.03515625,0.00390625,-0.001953125,0.001953125,757.75,1.2,192.2,40.0,17.6,2.0,12.0,36.9664925,-122.0404335,19.4,0.6,3.504,35.07
2026-09-07 15:37:03.414139,0.4925537109375,0.50323486328125,0.450439453125,0.54888916015625,0.09375,-0.015625,-0.046875,0.0078125,-0.0078125,0.0,757.75,1.2,192.2,40.0,17.6,2.0,12.0,36.9664925,-122.0404335,19.4,0.6,1.225,34.76
2026-09-07 15:37:03.513882,0.49322509765625,0.50262451171875,0.4508056640625,0.54852294921875,0.1484375,0.03125,-0.1015625,0.005859375,0.0,0.0,756.25,0.6,192.2,40.0,17.6,2.0,12.0,36.96649966666666,-122.04042816666669,19.1,0.6,1.225,34.76
2026-09-07 15:37:03.614334,0.48577880859375,0.50213623046875,0.45135498046875,0.54815673828125,0.16796875,0.05859375,0.02734375,-0.001953125,0.005859375,0.00390625,756.25,0.6,192.2,40.0,17.6,2.0,12.0,36.96649966666666,-122.04042816666669,19.1,0.6,1.225,34.76
2026-09-07 15:37:03.714912,0.49420166015625,0.50140380859375,0.4522705078125,0.54754638671875,0.17578125,-0.0625,0.08984375,0.0,-0.00390625,0.001953125,762.5,0.0,192.2,40.0,17.6,2.0,12.0,36.96649966666666,-122.04042816666669,19.1,0.6,1.225,34.76
2026-09-07 15:37:03.938748,0.495361328125,0.49981689453125,0.45379638671875,0.54669189453125,0.203125,-0.0078125,0.05078125,0.001953125,0.001953125,0.005859375,757.75,0.0,192.2,40.0,17.6,2.0,12.0,36.96649966666666,-122.04042816666669,19.1,0.6,1.225,34.76
2026-09-07 15:37:04.030878,0.49609375,0.4989013671875,0.454833984375,0.54595947265625,0.1015625,0.0,0.02734375,-0.001953125,-0.001953125,0.001953125,757.75,0.0,192.2,40.0,17.6,2.0,12.0,36.96649966666666,-122.04042816666669,19.1,0.6,1.225,34.76
2026-09-07 15:37:04.136928,0.49652099609375,0.49822998046875,0.4554443359375,0.54571533203125,0.1953125,0.0,0.01953125,0.001953125,-0.001953125,0.0,757.0,0.0,192.2,40.0,17.6,2.0,12.0,36.96649966666666,-122.04042816666669,19.1,0.6,1.225,34.76
2026-09-07 15:37:04.231219,0.4970703125,0.4976806640625,0.4559326171875,0.5452880859375,0.390625,0.0,0.05078125,0.001953125,0.0,0.0078125,757.0,0.0,192.2,40.0,17.6,2.0,12.0,36.96649966666666,-122.04042816666669,19.1,0.6,1.225,34.76
2026-09-07 15:37:04.336665,0.49749755859375,0.4971923828125,0.45648193359375,0.54486083984375,0.50390625,0.0,0.03515625,-0.001953125,-0.001953125,0.00390625,764.75,0.0,192.2,40.0,17.6,2.0,12.0,36.96649966666666,-122.04042816666669,19.1,0.6,1.225,34.76
2026-09-07 15:37:04.435471,0.4979248046875,0.49676513671875,0.4569091796875,0.5445556640625,0.23828125,-0.0625,0.02734375,0.00390625,-0.001953125,-0.001953125,764.75,0.0,192.2,40.0,17.6,2.0,12.0,36.96649966666666,-122.04042816666669,19.1,0.6,0.09,
2026-09-07 15:37:04.530767,0.498291015625,0.49639892578125,0.45721435546875,0.5443115234375,0.03515625,0.0703125,-0.01953125,-0.001953125,0.001953125,0.001953125,763.25,0.0,192.2,39.6,17.6,2.0,12.0,36.96650133333333,-122.040427,19.2,0.6,0.09,
2026-09-07 15:37:04.636286,0.4986572265625,0.49578857421875,0.4578857421875,0.5439453125,0.01171875,0.0625,0.01953125,-0.001953125,0.0,0.0,763.25,0.0,192.2,39.6,17.6,2.0,12.0,36.96650133333333,-122.040427,19.2,0.6,0.09,
2026-09-07 15:37:04.735389,0.4990234375,0.4952392578125,0.45849609375,0.5435791015625,0.02734375,-0.0625,0.01171875,0.0,-0.001953125,0.0,764.75,0.0,192.2,39.6,17.6,2.0,12.0,36.96650133333333,-122.040427,19.2,0.6,0.09,
2026-09-07 15:37:04.835989,0.49951171875,0.49462890625,0.45904541015625,0.54327392578125,0.05859375,0.03125,0.01171875,0.00390625,0.0,-0.001953125,764.75,0.0,192.2,39.6,17.6,2.0,12.0,36.96650133333333,-122.040427,19.2,0.6,0.09,
2026-09-07 15:37:04.935638,0.5,0.4940185546875,0.4595947265625,0.5428466796875,0.00390625,0.0234375,-0.03515625,0.001953125,0.001953125,-0.001953125,757.75,0.0,192.2,39.6,17.6,2.0,12.0,36.96650133333333,-122.040427,19.2,0.6,0.09,
2026-09-07 15:37:05.035316,0.50048828125,0.49346923828125,0.46026611328125,0.5423583984375,0.00390625,-0.0234375,0.01171875,0.0,-0.001953125,0.0,757.75,0.0,192.2,39.6,17.6,2.0,12.0,36.96650133333333,-122.040427,19.2,0.6,0.09,
2026-09-07 15:37:05.137577,0.50762939453125,0.4840087890625,0.4697265625,0.53607177734375,0.04296875,-0.015625,0.01171875,-0.00390625,-0.001953125,0.0,766.25,0.0,192.2,39.2,17.6,2.0,12.0,36.96650133333333,-122.040427,19.2,0.6,0.09,
2026-09-07 15:37:05.234036,0.51055908203125,0.48004150390625,0.4737548828125,0.53338623046875,-0.01171875,0.0234375,0.00390625,0.0,0.0,0.001953125,766.25,0.0,192.2,39.2,17.6,2.0,12.0,36.96650133333333,-122.040427,19.2,0.6,0.09,
2026-09-07 15:37:05.336217,0.51409912109375,0.47509765625,0.4786376953125,0.52996826171875,-0.00390625,-0.015625,0.00390625,-0.001953125,-0.001953125,0.0,764.75,0.0,192.2,38.8,17.6,2.0,12.0,36.96650133333333,-122.040427,19.2,0.6,0.09,
2026-09-07 15:37:05.435083,0.5147705078125,0.47406005859375,0.47967529296875,0.52935791015625,-0.00390625,-0.015625,0.00390625,-0.001953125,0.0,0.001953125,764.75,0.0,192.2,38.8,17.6,2.0,12.0,36.96650133333333,-122.040427,19.2,0.6,0.055,
2026-09-07 15:37:05.536503,0.516357421875,0.47186279296875,0.48175048828125,0.52783203125,-0.00390625,0.0234375,0.00390625,0.0,0.0,0.0,759.25,0.0,194.0,38.8,17.6,2.0,12.0,36.966502166666665,-122.04042616666666,19.5,0.6,0.055,
2026-09-07 15:37:05.636227,0.5167236328125,0.4713134765625,0.48236083984375,0.52740478515625,-0.00390625,-0.015625,0.00390625,-0.001953125,0.0,-0.001953125,759.25,0.0,194.0,38.8,17.6,2.0,12.0,36.966502166666665,-122.04042616666666,19.5,0.6,0.055,
2026-09-07 15:37:05.733713,0.51690673828125,0.47100830078125,0.48260498046875,0.52728271484375,-0.00390625,-0.015625,0.00390625,0.0,0.0,0.0,761.5,0.0,194.0,38.8,17.6,2.0,12.0,36.966502166666665,-122.04042616666666,19.5,0.6,0.055,
2026-09-07 15:37:05.832458,0.517333984375,0.47052001953125,0.4830322265625,0.5269775390625,-0.00390625,0.0234375,-0.03515625,0.0,0.0,0.001953125,761.5,0.0,194.0,38.8,17.6,2.0,12.0,36.966502166666665,-122.04042616666666,19.5,0.6,0.055,
2026-09-07 15:37:05.934611,0.51776123046875,0.4698486328125,0.48370361328125,0.5264892578125,-0.01171875,-0.0234375,0.00390625,0.0,0.0,0.0,767.0,0.0,194.0,38.4,17.6,2.0,12.0,36.966502166666665,-122.04042616666666,19.5,0.6,0.055,
2026-09-07 15:37:06.032209,0.51788330078125,0.4696044921875,0.48388671875,0.5263671875,-0.01171875,-0.015625,0.01171875,-0.001953125,0.0,0.001953125,767.0,0.0,194.0,38.4,17.6,2.0,12.0,36.966502166666665,-122.04042616666666,19.5,0.6,0.055,
2026-09-07 15:37:06.360626,0.5185546875,0.4686279296875,0.48486328125,0.52569580078125,-0.01171875,-0.015625,0.00390625,0.0,0.0,-0.00390625,,0.0,194.0,38.4,17.6,2.0,12.0,36.966502166666665,-122.04042616666666,19.5,0.6,0.006,
2026-09-07 15:37:06.454478,0.518798828125,0.4683837890625,0.48504638671875,0.52557373046875,-0.00390625,-0.015625,0.00390625,0.0,0.0,0.0,,0.0,194.0,38.4,17.6,2.0,12.0,36.966502166666665,-122.04042616666666,19.5,0.6,0.006,
2026-09-07 15:37:06.553792,0.5189208984375,0.46826171875,0.4852294921875,0.525390625,-0.00390625,0.03125,0.00390625,-0.001953125,0.0,0.00390625,,0.0,194.0,38.4,17.6,2.0,12.0,36.966503,-122.0404265,19.7,0.6,0.006,
2026-09-07 15:37:06.654741,0.51898193359375,0.468017578125,0.4853515625,0.52532958984375,-0.00390625,0.03125,0.00390625,0.0,0.0,0.001953125,764.75,0.0,194.0,38.4,17.6,2.0,12.0,36.966503,-122.0404265,19.7,0.6,0.006,
2026-09-07 15:37:06.754271,0.51910400390625,0.4678955078125,0.48553466796875,0.5252685546875,-0.00390625,0.0234375,0.00390625,-0.00390625,0.0,0.001953125,764.75,0.0,194.0,38.4,17.6,2.0,12.0,36.966503,-122.0404265,19.7,0.6,0.006,
2026-09-07 15:37:06.854275,0.5191650390625,0.4677734375,0.4857177734375,0.52508544921875,-0.00390625,0.0234375,0.00390625,0.0,-0.001953125,-0.00390625,764.0,0.0,194.0,38.4,17.6,2.0,12.0,36.966503,-122.0404265,19.7,0.6,0.006,
2026-09-07 15:37:06.954754,0.519287109375,0.45977783203125,0.48577880859375,0.52508544921875,-0.00390625,-0.015625,0.00390625,-0.001953125,0.0,-0.001953125,764.0,0.0,194.0,38.4,17.6,2.0,12.0,36.966503,-122.0404265,19.7,0.6,0.006,
2026-09-07 15:37:07.054436,0.51934814453125,0.46746826171875,0.48590087890625,0.5250244140625,-0.00390625,-0.015625,0.01171875,-0.001953125,0.001953125,-0.001953125,756.25,0.0,194.0,38.4,17.6,2.0,12.0,36.966503,-122.0404265,19.7,0.6,0.006,
2026-09-07 15:37:07.153962,0.5194091796875,0.4674072265625,0.4859619140625,0.52496337890625,-0.00390625,0.0234375,0.01171875,0.001953125,-0.001953125,-0.00390625,756.25,0.0,194.0,38.4,17.6,2.0,12.0,36.966503,-122.0404265,19.7,0.6,0.006,
2026-09-07 15:37:07.254886,0.51953125,0.46734619140625,0.4859619140625,0.52484130859375,-0.00390625,-0.015625,0.00390625,0.001953125,0.0,0.0,763.25,0.0,194.0,38.4,17.6,2.0,12.0,36.966503,-122.0404265,19.7,0.6,0.006,
2026-09-07 15:37:07.711381,0.51971435546875,0.4671630859375,0.48626708984375,0.52459716796875,-0.00390625,-0.015625,0.01171875,0.001953125,0.0,0.0,759.25,0.0,194.0,38.4,17.6,2.0,12.0,36.96650366666667,-122.04042683333331,19.9,0.6,0.008,
2026-09-07 15:37:07.808760,0.519775390625,0.46710205078125,0.48626708984375,0.5245361328125,-0.00390625,-0.015625,0.00390625,0.001953125,0.0,-0.00390625,759.25,0.0,194.0,38.4,17.6,2.0,12.0,36.96650366666667,-122.04042683333331,19.9,0.6,0.008,
2026-09-07 15:37:07.908724,0.51983642578125,0.46710205078125,0.48626708984375,0.5245361328125,-0.00390625,0.0234375,0.00390625,-0.00390625,0.0,0.0,757.0,0.0,194.0,38.4,17.6,2.0,12.0,36.96650366666667,-122.04042683333331,19.9,0.6,0.008,
2026-09-07 15:37:08.128763,0.51983642578125,0.467041015625,0.486328125,0.5245361328125,-0.00390625,0.515625,0.00390625,0.0,-0.001953125,0.0,766.25,0.0,194.0,38.4,17.6,2.0,12.0,36.96650366666667,-122.04042683333331,19.9,0.6,0.008,
2026-09-07 15:37:08.221545,0.519775390625,0.46697998046875,0.486328125,0.52459716796875,-0.00390625,0.015625,0.00390625,-0.001953125,-0.001953125,0.0,766.25,0.0,194.0,38.4,17.6,2.0,12.0,36.96650366666667,-122.04042683333331,19.9,0.6,0.008,
2026-09-07 15:37:08.329427,0.51983642578125,0.4669189453125,0.486328125,0.52459716796875,-0.00390625,-0.0234375,0.00390625,0.001953125,0.001953125,0.001953125,760.75,0.0,194.0,38.0,17.6,2.0,12.0,36.96650366666667,-122.04042683333331,19.9,0.6,0.008,
2026-09-07 15:37:08.421836,0.51983642578125,0.4669189453125,0.48638916015625,0.52459716796875,0.00390625,-0.0234375,0.01171875,-0.001953125,0.0,0.0,760.75,0.0,194.0,38.0,17.6,2.0,12.0,36.96650366666667,-122.04042683333331,19.9,0.6,0.046,
2026-09-07 15:37:08.528237,0.5198974609375,0.46697998046875,0.486328125,0.5245361328125,0.03515625,0.015625,0.01171875,0.001953125,0.0,0.001953125,757.75,0.0,194.0,38.4,17.6,2.0,12.0,36.966504666666665,-122.040427,20.2,0.6,0.046,
2026-09-07 15:37:08.626264,0.5198974609375,0.46697998046875,0.486328125,0.52447509765625,-0.00390625,0.0234375,0.01171875,0.001953125,0.001953125,0.0,757.75,0.0,194.0,38.4,17.6,2.0,12.0,36.966504666666665,-122.040427,20.2,0.6,0.046,
2026-09-07 15:37:08.721816,0.51995849609375,0.46697998046875,0.486328125,0.52447509765625,0.00390625,-0.015625,0.01171875,0.001953125,0.0,-0.001953125,760.75,0.0,194.0,38.4,17.6,2.0,12.0,36.966504666666665,-122.040427,20.2,0.6,0.046,
2026-09-07 15:37:08.827942,0.51995849609375,0.46697998046875,0.486328125,0.5244140625,-0.00390625,0.0234375,0.00390625,0.0,0.0,0.0,760.75,0.0,194.0,38.4,17.6,2.0,12.0,36.966504666666665,-122.040427,20.2,0.6,0.046,
2026-09-07 15:37:08.921683,0.5198974609375,0.46697998046875,0.48638916015625,0.52447509765625,-0.00390625,0.0234375,0.00390625,0.0,0.0,-0.001953125,763.25,0.0,194.0,38.0,17.6,2.0,12.0,36.966504666666665,-122.040427,20.2,0.6,0.046,
2026-09-07 15:37:09.027528,0.5198974609375,0.4669189453125,0.4864501953125,0.52447509765625,-0.01171875,-0.015625,0.00390625,0.001953125,0.0,0.0,763.25,0.0,194.0,38.0,17.6,2.0,12.0,36.966504666666665,-122.040427,20.2,0.6,0.046,
2026-09-07 15:37:09.126706,0.51995849609375,0.46685791015625,0.48651123046875,0.5244140625,-0.01171875,-0.015625,0.00390625,0.0,-0.001953125,0.0,755.25,0.0,194.0,38.0,17.6,2.0,12.0,36.966504666666665,-122.040427,20.2,0.6,0.046,
2026-09-07 15:37:09.226136,0.51995849609375,0.46685791015625,0.486572265625,0.52435302734375,-0.01171875,0.0234375,0.00390625,0.0,0.0,0.0,755.25,0.0,194.0,38.0,17.6,2.0,12.0,36.966504666666665,-122.040427,20.2,0.6,0.046,
2026-09-07 15:37:09.326326,0.51995849609375,0.466796875,0.486572265625,0.52435302734375,-0.01171875,-0.015625,-0.03515625,-0.005859375,0.0,0.0,757.0,0.0,194.0,38.4,17.6,2.0,12.0,36.966504666666665,-122.040427,20.2,0.6,0.046,
2026-09-07 15:37:09.427181,0.52001953125,0.46685791015625,0.486572265625,0.52435302734375,-0.00390625,0.0234375,-0.01953125,0.001953125,0.0,0.0,757.0,0.0,194.0,38.4,17.6,2.0,12.0,36.966504666666665,-122.040427,20.2,0.6,0.068,
2026-09-07 15:37:09.527077,0.52008056640625,0.4669189453125,0.48651123046875,0.5242919921875,-0.00390625,0.015625,0.01953125,0.0,0.0,0.0,759.25,0.0,194.0,38.4,17.6,2.0,12.0,36.96650516666666,-122.040427,20.4,0.6,0.068,
2026-09-07 15:37:09.627319,0.52008056640625,0.46697998046875,0.4864501953125,0.52423095703125,-0.00390625,-0.0234375,0.01953125,-0.001953125,0.0,0.00390625,759.25,0.0,194.0,38.4,17.6,2.0,12.0,36.96650516666666,-122.040427,20.4,0.6,0.068,
2026-09-07 15:37:09.718843,0.52008056640625,0.46697998046875,0.4864501953125,0.52423095703125,-0.04296875,0.015625,-0.02734375,0.00390625,0.0,-0.001953125,760.0,0.0,194.0,38.4,17.6,2.0,12.0,36.96650516666666,-122.040427,20.4,0.6,0.068,
2026-09-07 15:37:09.826065,0.5201416015625,0.46697998046875,0.48638916015625,0.52423095703125,-0.00390625,0.015625,0.01953125,0.00390625,0.001953125,0.0,760.0,0.0,194.0,38.4,17.6,2.0,12.0,36.96650516666666,-122.040427,20.4,0.6,0.068,
2026-09-07 15:37:09.918974,0.52008056640625,0.467041015625,0.48638916015625,0.524169921875,-0.00390625,-0.0234375,0.01953125,0.001953125,0.001953125,0.0,758.5,0.0,194.0,38.4,17.6,2.0,12.0,36.96650516666666,-122.040427,20.4,0.6,0.068,
2026-09-07 15:37:10.027258,0.5201416015625,0.467041015625,0.48638916015625,0.524169921875,-0.00390625,0.015625,0.01953125,0.0,0.0,0.0,758.5,0.0,194.0,38.4,17.6,2.0,12.0,36.96650516666666,-122.040427,20.4,0.6,0.068,
2026-09-07 15:37:10.123283,0.5201416015625,0.467041015625,0.48638916015625,0.524169921875,-0.01171875,0.0234375,0.01171875,0.001953125,0.0,0.0,762.5,0.0,194.0,38.0,17.6,2.0,12.0,36.96650516666666,-122.040427,20.4,0.6,0.068,
2026-09-07 15:37:10.223970,0.52020263671875,0.46697998046875,0.48638916015625,0.52410888671875,0.03515625,0.0234375,0.01953125,0.00390625,-0.001953125,0.001953125,762.5,0.0,194.0,38.0,17.6,2.0,12.0,36.96650516666666,-122.040427,20.4,0.6,0.068,
2026-09-07 15:37:10.325398,0.52020263671875,0.46697998046875,0.48638916015625,0.52410888671875,-0.01171875,-0.015625,0.01171875,0.0,0.0,0.001953125,759.25,0.0,194.0,38.0,17.6,2.0,12.0,36.96650516666666,-122.040427,20.4,0.6,0.068,
2026-09-07 15:37:10.424787,0.520263671875,0.4669189453125,0.4864501953125,0.52410888671875,-0.01171875,-0.015625,0.01171875,-0.001953125,0.0,0.001953125,759.25,0.0,194.0,38.0,17.6,2.0,12.0,36.96650516666666,-122.040427,20.4,0.6,0.054,
2026-09-07 15:37:10.525059,0.520263671875,0.4669189453125,0.4864501953125,0.52410888671875,-0.01171875,0.0234375,0.01171875,0.0,0.0,0.001953125,752.25,0.0,194.0,38.4,17.6,2.0,12.0,36.96650616666667,-122.040427,20.7,0.6,0.054,
2026-09-07 15:37:10.625966,0.520263671875,0.46685791015625,0.4864501953125,0.524169921875,-0.00390625,-0.015625,0.01171875,0.0,0.0,0.001953125,752.25,0.0,194.0,38.4,17.6,2.0,12.0,36.96650616666667,-122.040427,20.7,0.6,0.054,
2026-09-07 15:37:10.726096,0.520263671875,0.46685791015625,0.4864501953125,0.524169921875,-0.00390625,-0.015625,0.01171875,-0.00390625,0.0,0.00390625,746.75,0.0,194.0,39.2,17.6,2.0,12.0,36.96650616666667,-122.040427,20.7,0.6,0.054,
2026-09-07 15:37:10.825998,0.52020263671875,0.4669189453125,0.4864501953125,0.524169921875,-0.00390625,0.0234375,0.01171875,-0.001953125,0.001953125,-0.001953125,746.75,0.0,194.0,39.2,17.6,2.0,12.0,36.96650616666667,-122.040427,20.7,0.6,0.054,
2026-09-07 15:37:10.926452,0.52020263671875,0.4669189453125,0.48638916015625,0.52423095703125,-0.00390625,-0.0234375,0.01171875,-0.001953125,0.0,0.0,745.25,0.0,194.0,39.2,17.6,2.0,12.0,36.96650616666667,-122.040427,20.7,0.6,0.054,
2026-09-07 15:37:11.027116,0.52020263671875,-1.5330810546875,0.48638916015625,0.52423095703125,-0.00390625,-0.0234375,0.01171875,0.0,-0.001953125,0.0,745.25,0.0,194.0,39.2,17.6,2.0,12.0,36.96650616666667,-122.040427,20.7,0.6,0.054,
2026-09-07 15:37:11.126250,-1.47979736328125,0.4669189453125,0.4864501953125,0.52423095703125,-0.00390625,-0.0234375,0.01171875,0.0,0.001953125,0.001953125,736.5,0.0,194.0,39.6,17.6,2.0,12.0,36.96650616666667,-122.040427,20.7,0.6,0.054,
2026-09-07 15:37:11.226704,0.52020263671875,0.4669189453125,0.48638916015625,0.524169921875,-0.00390625,0.015625,0.01171875,0.001953125,0.0,0.0,736.5,0.0,194.0,39.6,17.6,2.0,12.0,36.96650616666667,-122.040427,20.7,0.6,0.054,
2026-09-07 15:37:11.326393,0.52020263671875,0.4669189453125,0.48638916015625,0.52423095703125,-0.01171875,0.015625,0.01171875,0.0,0.0,0.0,732.0,0.0,194.0,40.0,17.6,2.0,12.0,36.96650616666667,-122.040427,20.7,0.6,0.054,
2026-09-07 15:37:11.427648,0.52020263671875,0.46685791015625,0.4864501953125,0.52423095703125,-0.01171875,-0.015625,0.01171875,0.0,0.0,0.0,732.0,0.0,194.0,40.0,17.6,2.0,12.0,36.96650616666667,-122.040427,20.7,0.6,0.023,
2026-09-07 15:37:11.527506,0.520263671875,0.46685791015625,0.4864501953125,0.52423095703125,-0.00390625,-0.015625,0.01171875,0.00390625,-0.001953125,0.001953125,727.25,0.0,194.0,41.2,17.6,2.0,12.0,36.96650733333333,-122.040427,21.0,0.6,0.023,
2026-09-07 15:37:11.627140,0.52032470703125,0.466796875,0.48638916015625,0.52423095703125,-0.05078125,-0.015625,0.01171875,-0.001953125,-0.001953125,0.0,727.25,0.0,194.0,41.2,17.6,2.0,12.0,36.96650733333333,-122.040427,21.0,0.6,0.023,
2026-09-07 15:37:11.962975,0.520263671875,0.466796875,0.48638916015625,0.52423095703125,-0.00390625,-0.015625,0.00390625,-0.001953125,0.0,-0.001953125,742.0,0.0,194.0,40.8,17.6,2.0,12.0,36.96650733333333,-122.040427,21.0,0.6,0.023,
2026-09-07 15:37:12.061561,0.52020263671875,0.466796875,0.48638916015625,0.5242919921875,-0.00390625,-0.015625,0.00390625,0.001953125,-0.001953125,0.00390625,752.25,0.0,194.0,40.8,17.6,2.0,12.0,36.96650733333333,-122.040427,21.0,0.6,0.023,
2026-09-07 15:37:12.161657,0.52020263671875,0.46673583984375,0.4864501953125,0.52435302734375,0.03515625,-0.0078125,0.00390625,0.0,0.0,0.001953125,752.25,0.0,194.0,40.8,17.6,2.0,12.0,36.96650733333333,-122.040427,21.0,0.6,0.023,
2026-09-07 15:37:12.260700,0.5201416015625,0.46673583984375,0.48651123046875,0.52435302734375,-0.01171875,0.03125,0.00390625,0.001953125,0.0,0.001953125,749.0,0.0,194.0,40.8,17.6,2.0,12.0,36.96650733333333,-122.040427,21.0,0.6,0.023,
2026-09-07 15:37:12.361481,0.5201416015625,0.46673583984375,0.48651123046875,0.52435302734375,-0.01171875,-0.015625,0.01171875,-0.001953125,0.0,-0.00390625,749.0,0.0,194.0,40.8,17.6,2.0,12.0,36.96650733333333,-122.040427,21.0,0.6,0.032,
2026-09-07 15:37:12.461423,0.5201416015625,0.46673583984375,0.4864501953125,0.52435302734375,-0.00390625,-0.015625,0.01171875,0.0,0.0,0.0,750.0,0.0,194.0,40.8,17.6,2.0,12.0,36.96650733333333,-122.040427,21.0,0.6,0.032,
2026-09-07 15:37:12.561723,0.5201416015625,0.466796875,0.4864501953125,0.52435302734375,0.00390625,0.0234375,0.01171875,0.0,0.0,0.0,750.0,0.0,194.0,40.8,17.6,2.0,12.0,36.96650816666666,-122.04042666666666,21.3,0.62,0.032,
2026-09-07 15:37:12.661040,0.5201416015625,0.466796875,0.48638916015625,0.52435302734375,0.00390625,-0.015625,0.51171875,0.0,0.0,0.0,744.5,0.0,194.0,41.2,17.6,2.0,12.0,36.96650816666666,-122.04042666666666,21.3,0.62,0.032,
2026-09-07 15:37:12.761193,0.5201416015625,0.466796875,0.48638916015625,0.52435302734375,-0.00390625,-0.015625,0.01171875,0.0,0.0,0.0,744.5,0.0,194.0,41.2,17.6,2.0,12.0,36.96650816666666,-122.04042666666666,21.3,0.62,0.032,
2026-09-07 15:37:12.861704,0.5201416015625,0.466796875,0.48638916015625,0.52435302734375,-0.00390625,0.0234375,0.01171875,0.0,0.0,0.0,747.5,0.0,194.0,40.8,17.6,2.0,12.0,36.96650816666666,-122.04042666666666,21.3,0.62,0.032,
2026-09-07 15:37:12.961371,0.5201416015625,0.466796875,0.48638916015625,0.52435302734375,-0.00390625,-0.0234375,0.01171875,0.0,0.0,0.0,747.5,0.0,194.0,40.8,17.6,2.0,12.0,36.96650816666666,-122.04042666666666,21.3,0.62,0.032,
2026-09-07 15:37:13.067020,0.5201416015625,0.466796875,0.48638916015625,0.52435302734375,-0.00390625,-0.015625,0.01171875,0.0,0.0,0.0,746.75,0.0,194.0,40.4,17.6,2.0,12.0,36.96650816666666,-122.04042666666666,21.3,0.62,0.032,
2026-09-07 15:37:13.160860,0.5201416015625,0.466796875,0.48638916015625,0.52435302734375,-0.00390625,0.0234375,0.01171875,0.0,0.0,0.0,746.75,0.0,194.0,40.4,17.6,2.0,12.0,36.96650816666666,-122.04042666666666,21.3,0.62,0.032,
2026-09-07 15:37:13.267210,0.5201416015625,0.466796875,0.48638916015625,0.52435302734375,-0.00390625,-0.015625,0.01171875,0.0,0.0,0.0,741.25,0.0,192.2,40.0,17.6,2.0,12.0,36.96650816666666,-122.04042666666666,21.3,0.62,0.032,
2026-09-07 15:37:13.360673,0.5201416015625,0.458984375,0.48638916015625,0.52435302734375,-0.00390625,0.015625,0.00390625,0.0,0.0,0.0,741.25,0.0,192.2,40.0,17.6,2.0,12.0,36.96650816666666,-122.04042666666666,21.3,0.62,0.014,
2026-09-07 15:37:13.467103,0.52008056640625,0.466796875,0.4864501953125,0.5244140625,-0.00390625,-0.0234375,-0.03515625,0.0,0.0,0.0,749.0,0.0,192.2,39.2,17.6,2.0,12.0,36.96650816666666,-122.04042666666666,21.3,0.62,0.014,
2026-09-07 15:37:13.565594,0.5201416015625,0.466796875,0.48638916015625,0.5244140625,-0.00390625,0.015625,0.00390625,0.0,0.0,0.0,749.0,0.0,192.2,39.2,17.6,2.0,12.0,36.96650866666667,-122.04042633333331,21.5,0.62,0.014,
2026-09-07 15:37:13.666311,0.52008056640625,0.466796875,0.4864501953125,0.5244140625,-0.00390625,-0.0234375,0.00390625,0.0,0.0,0.0,753.0,0.0,192.2,39.2,17.6,2.0,12.0,36.96650866666667,-122.04042633333331,21.5,0.62,0.014,
2026-09-07 15:37:13.760800,0.52008056640625,0.466796875,0.4864501953125,0.5244140625,-0.00390625,0.0234375,0.00390625,0.0,0.0,0.0,753.0,0.0,192.2,39.2,17.6,2.0,12.0,36.96650866666667,-122.04042633333331,21.5,0.62,0.014,
2026-09-07 15:37:13.867237,0.52008056640625,0.46673583984375,0.4864501953125,0.5244140625,-0.00390625,0.0234375,0.00390625,0.0,0.0,0.0,743.75,0.0,192.2,39.2,17.6,2.0,12.0,36.96650866666667,-122.04042633333331,21.5,0.62,0.014,
2026-09-07 15:37:13.965861,0.52008056640625,0.46673583984375,0.4864501953125,0.5244140625,-0.01171875,-0.015625,0.00390625,0.0,0.0,0.0,743.75,0.0,192.2,39.2,17.6,2.0,12.0,36.96650866666667,-122.04042633333331,21.5,0.62,0.014,
2026-09-07 15:37:14.064627,0.52008056640625,0.46673583984375,0.48651123046875,0.5244140625,-0.00390625,0.0234375,0.00390625,0.0,0.0,0.0,740.5,0.0,192.2,39.6,17.6,2.0,12.0,36.96650866666667,-122.04042633333331,21.5,0.62,0.014,
2026-09-07 15:37:14.165949,0.52001953125,0.4666748046875,0.48651123046875,0.52447509765625,-0.00390625,-0.015625,0.00390625,0.0,0.0,0.0,740.5,0.0,192.2,39.6,17.6,2.0,12.0,36.96650866666667,-122.04042633333331,21.5,0.62,0.014,
2026-09-07 15:37:14.265478,0.52001953125,0.4666748046875,0.48651123046875,0.52447509765625,-0.00390625,-0.015625,0.00390625,0.0,0.0,0.0,750.0,0.0,192.2,39.6,17.6,2.0,12.0,36.96650866666667,-122.04042633333331,21.5,0.62,0.014,
2026-09-07 15:37:14.366995,0.52001953125,0.4666748046875,0.48651123046875,0.52447509765625,-0.01171875,-0.015625,0.00390625,0.0,0.0,0.0,750.0,0.0,192.2,39.6,17.6,2.0,12.0,36.96650866666667,-122.04042633333331,21.5,0.62,0.035,
2026-09-07 15:37:14.465630,0.52001953125,0.4666748046875,0.486572265625,0.52447509765625,-0.00390625,0.0234375,0.00390625,0.0,0.0,0.0,753.0,0.0,192.2,39.6,17.6,2.0,12.0,36.96650866666667,-122.04042633333331,21.5,0.62,0.035,
2026-09-07 15:37:14.557722,0.52001953125,0.4666748046875,0.486572265625,0.52447509765625,0.03515625,0.0234375,0.00390625,0.0,0.0,0.0,753.0,0.0,192.2,39.6,17.6,2.0,12.0,36.966509,-122.040426,21.7,0.62,0.035,
2026-09-07 15:37:14.667054,0.52001953125,0.46661376953125,0.486572265625,0.52447509765625,-0.01171875,0.0234375,0.00390625,0.0,0.0,0.0,747.5,0.0,192.2,40.4,17.6,2.0,12.0,36.966509,-122.040426,21.7,0.62,0.035,
2026-09-07 15:37:14.763026,0.52001953125,0.46661376953125,0.486572265625,0.52447509765625,-0.00390625,-0.015625,0.00390625,0.0,0.0,0.0,747.5,0.0,192.2,40.4,17.6,2.0,12.0,36.966509,-122.040426,21.7,0.62,0.035,
2026-09-07 15:37:14.857297,0.52001953125,0.46661376953125,0.486572265625,0.52447509765625,-0.00390625,0.03125,0.00390625,0.0,0.0,0.0,750.0,0.0,192.2,40.0,17.6,2.0,12.0,36.966509,-122.040426,21.7,0.62,0.035,
2026-09-07 15:37:14.965964,0.52001953125,0.46661376953125,0.486572265625,0.52447509765625,-0.00390625,-0.0078125,0.00390625,0.0,0.0,0.0,750.0,0.0,192.2,40.0,17.6,2.0,12.0,36.966509,-122.040426,21.7,0.62,0.035,
2026-09-07 15:37:15.064307,0.52001953125,0.46661376953125,0.486572265625,0.52447509765625,-0.00390625,-0.015625,0.00390625,0.0,0.0,0.0,754.5,0.0,192.2,39.6,17.6,2.0,12.0,36.966509,-122.040426,21.7,0.62,0.035,
2026-09-07 15:37:15.164019,0.52001953125,0.46661376953125,0.486572265625,0.52447509765625,-0.00390625,-0.015625,0.00390625,0.0,0.0,0.0,754.5,0.0,192.2,39.6,17.6,2.0,12.0,36.966509,-122.040426,21.7,0.62,0.035,
2026-09-07 15:37:15.374729,0.51995849609375,0.46661376953125,0.486572265625,0.52447509765625,-0.00390625,-0.0234375,0.00390625,0.0,0.0,0.0,753.0,0.0,192.2,40.0,17.6,2.0,12.0,36.966509,-122.040426,21.7,0.62,0.042,
2026-09-07 15:37:15.473398,0.51995849609375,0.46661376953125,0.486572265625,0.5245361328125,-0.00390625,-0.0234375,0.00390625,0.0,0.0,0.0,750.75,0.0,192.2,40.0,17.6,2.0,12.0,36.966509,-122.040426,21.7,0.62,0.042,
2026-09-07 15:37:15.574159,-1.48004150390625,0.46661376953125,0.486572265625,0.5245361328125,-0.00390625,-0.0234375,0.00390625,0.0,0.0,0.0,750.75,0.0,192.2,40.0,17.6,2.0,12.0,36.966509333333335,-122.04042566666666,21.9,0.62,0.042,
2026-09-07 15:37:15.673598,0.51995849609375,0.46661376953125,0.486572265625,0.5245361328125,-0.00390625,0.0234375,0.00390625,0.0,0.0,0.0,757.75,0.0,192.2,39.2,17.6,2.0,12.0,36.966509333333335,-122.04042566666666,21.9,0.62,0.042,
2026-09-07 15:37:15.773746,0.51995849609375,0.46661376953125,0.486572265625,0.5245361328125,-0.00390625,-0.015625,0.00390625,0.0,0.0,0.0,757.75,0.0,192.2,39.2,17.6,2.0,12.0,36.966509333333335,-122.04042566666666,21.9,0.62,0.042,
2026-09-07 15:37:15.873763,0.51995849609375,0.4666748046875,0.486572265625,0.5245361328125,-0.00390625,0.0234375,0.00390625,0.0,0.0,0.0,765.5,0.0,192.2,38.8,17.6,2.0,12.0,36.966509333333335,-122.04042566666666,21.9,0.62,0.042,
2026-09-07 15:37:15.973846,0.51995849609375,0.4666748046875,0.486572265625,0.5245361328125,-0.00390625,-0.015625,0.00390625,0.0,0.0,0.0,765.5,0.0,192.2,38.8,17.6,2.0,12.0,36.966509333333335,-122.04042566666666,21.9,0.62,0.042,
2026-09-07 15:37:16.073234,0.51995849609375,0.4666748046875,0.486572265625,0.5245361328125,-0.00390625,-0.015625,0.00390625,0.0,0.0,0.0,757.75,0.0,192.2,39.2,17.6,2.0,12.0,36.966509333333335,-122.04042566666666,21.9,0.62,0.042,
2026-09-07 15:37:16.292929,0.51995849609375,0.4666748046875,0.486572265625,0.5245361328125,-0.00390625,0.0234375,0.00390625,0.0,0.0,0.0,760.0,0.0,192.2,39.2,17.6,2.0,12.0,36.966509333333335,-122.04042566666666,21.9,0.62,0.042,
2026-09-07 15:37:16.390510,0.51995849609375,0.4666748046875,0.486572265625,0.5245361328125,0.03515625,0.0234375,0.00390625,0.0,0.0,0.0,760.0,0.0,192.2,39.2,17.6,2.0,12.0,36.966509333333335,-122.04042566666666,21.9,0.62,0.019,
2026-09-07 15:37:16.492639,0.51995849609375,0.4666748046875,0.486572265625,0.5245361328125,-0.01171875,-0.015625,0.00390625,0.0,0.0,0.0,761.5,0.0,192.2,38.8,17.6,2.0,12.0,36.96651,-122.04042533333332,22.0,0.62,0.019,
2026-09-07 15:37:16.588930,0.51995849609375,0.46661376953125,0.486572265625,0.5245361328125,-0.01171875,-0.015625,0.00390625,0.0,0.0,0.0,761.5,0.0,192.2,38.8,17.6,2.0,12.0,36.96651,-122.04042533333332,22.0,0.62,0.019,
2026-09-07 15:37:16.688931,0.52001953125,0.46661376953125,0.48663330078125,0.52447509765625,-0.01171875,0.0234375,0.00390625,-0.001953125,-0.001953125,0.001953125,759.25,0.0,192.2,38.8,17.6,2.0,12.0,36.96651,-122.04042533333332,22.0,0.62,0.019,
2026-09-07 15:37:16.789022,0.52001953125,0.46661376953125,0.48663330078125,0.52447509765625,-0.00390625,0.0234375,0.00390625,0.001953125,-0.001953125,0.0,759.25,0.0,192.2,38.8,17.6,2.0,12.0,36.96651,-122.04042533333332,22.0,0.62,0.019,
2026-09-07 15:37:16.888884,0.52001953125,0.46661376953125,0.48663330078125,0.52447509765625,-0.00390625,0.0234375,0.00390625,-0.001953125,0.0,-0.001953125,757.75,0.0,192.2,38.8,17.6,2.0,12.0,36.96651,-122.04042533333332,22.0,0.62,0.019,
2026-09-07 15:37:16.989267,0.52001953125,0.46661376953125,0.486572265625,0.5245361328125,-0.00390625,-0.0234375,0.00390625,-0.001953125,0.0,0.001953125,757.75,0.0,192.2,38.8,17.6,2.0,12.0,36.96651,-122.04042533333332,22.0,0.62,0.019,
2026-09-07 15:37:17.089020,0.51995849609375,0.4666748046875,0.486572265625,0.5167236328125,-0.00390625,-0.0234375,0.00390625,0.001953125,0.0,0.001953125,761.5,0.0,192.2,38.4,17.6,2.0,12.0,36.96651,-122.04042533333332,22.0,0.62,0.019,
2026-09-07 15:37:17.189949,0.51995849609375,0.4666748046875,0.48651123046875,0.5245361328125,-0.00390625,0.0234375,0.00390625,-0.001953125,0.0,0.001953125,761.5,0.0,192.2,38.4,17.6,2.0,12.0,36.96651,-122.04042533333332,22.0,0.62,0.019,
2026-09-07 15:37:17.290043,0.51995849609375,0.4666748046875,0.486572265625,0.52459716796875,-0.00390625,0.0234375,0.00390625,-0.001953125,0.0,0.00390625,762.5,0.0,192.2,38.4,17.6,2.0,12.0,36.96651,-122.04042533333332,22.0,0.62,0.019,
2026-09-07 15:37:17.390102,0.5198974609375,0.46661376953125,0.486572265625,0.52459716796875,-0.00390625,-0.015625,0.00390625,-0.001953125,0.0,0.001953125,762.5,0.0,192.2,38.4,17.6,2.0,12.0,36.96651,-122.04042533333332,22.0,0.62,0.028,
2026-09-07 15:37:17.490943,0.51983642578125,0.46661376953125,0.486572265625,0.524658203125,-0.00390625,-0.015625,0.00390625,0.0,-0.001953125,0.00390625,752.25,0.0,192.2,38.4,17.6,2.0,12.0,36.966510166666666,-122.04042483333332,22.2,0.62,0.028,
2026-09-07 15:37:17.590299,0.51983642578125,0.4666748046875,0.486572265625,0.524658203125,-0.00390625,0.0234375,0.00390625,-0.001953125,0.0,0.001953125,752.25,0.0,192.2,38.4,17.6,2.0,12.0,36.966510166666666,-122.04042483333332,22.2,0.62,0.028,
2026-09-07 15:37:17.690239,0.5198974609375,0.4666748046875,0.486572265625,0.52459716796875,-0.00390625,-0.015625,0.00390625,-0.001953125,0.0,-0.00390625,755.25,0.0,192.2,38.8,17.6,2.0,12.0,36.966510166666666,-122.04042483333332,22.2,0.62,0.028,
2026-09-07 15:37:17.790119,0.5198974609375,0.4666748046875,0.48651123046875,0.52459716796875,-0.00390625,-0.015625,0.01171875,-0.001953125,0.0,0.0,755.25,0.0,192.2,38.8,17.6,2.0,12.0,36.966510166666666,-122.04042483333332,22.2,0.62,0.028,
2026-09-07 15:37:17.890104,0.51995849609375,0.46673583984375,0.4864501953125,0.5245361328125,-0.00390625,0.0234375,0.00390625,0.0,0.0,-0.00390625,756.25,0.0,192.2,38.8,17.6,2.0,12.0,36.966510166666666,-122.04042483333332,22.2,0.62,0.028,
2026-09-07 15:37:17.989727,0.51995849609375,0.46673583984375,0.48651123046875,0.52459716796875,-0.00390625,-0.015625,0.00390625,0.0,0.0,-0.001953125,756.25,0.0,192.2,38.8,17.6,2.0,12.0,36.966510166666666,-122.04042483333332,22.2,0.62,0.028,
2026-09-07 15:37:18.089364,0.51995849609375,0.46673583984375,0.48651123046875,0.52459716796875,-0.00390625,-0.015625,0.00390625,0.00390625,0.0,-0.001953125,758.5,0.0,192.2,38.4,17.6,2.0,12.0,36.966510166666666,-122.04042483333332,22.2,0.62,0.028,
2026-09-07 15:37:18.189370,0.51995849609375,0.46673583984375,0.4864501953125,0.5245361328125,-0.00390625,0.0234375,0.00390625,0.001953125,0.0,0.0,758.5,0.0,192.2,38.4,17.6,2.0,12.0,36.966510166666666,-122.04042483333332,22.2,0.62,0.028,
2026-09-07 15:37:18.289479,0.51995849609375,0.46673583984375,0.4864501953125,0.5245361328125,-0.00390625,0.0234375,0.00390625,0.00390625,0.0,-0.001953125,753.0,0.0,192.2,38.8,17.6,2.0,12.0,36.966510166666666,-122.04042483333332,22.2,0.62,0.028,
2026-09-07 15:37:18.389877,0.51995849609375,0.46673583984375,0.4864501953125,0.5245361328125,-0.00390625,0.015625,0.00390625,0.001953125,0.0,-0.00390625,753.0,0.0,192.2,38.8,17.6,2.0,12.0,36.966510166666666,-122.04042483333332,22.2,0.62,0.026,
2026-09-07 15:37:18.489742,0.52001953125,0.46673583984375,0.4864501953125,0.52447509765625,-0.00390625,-0.0234375,0.00390625,-0.001953125,0.001953125,-0.001953125,753.75,0.0,192.2,38.8,17.6,2.0,12.0,36.9665105,-122.04042416666668,22.4,0.62,0.026,
2026-09-07 15:37:18.589449,0.51995849609375,0.466796875,0.4864501953125,0.52447509765625,0.03515625,0.015625,0.00390625,0.0,0.0,0.001953125,753.75,0.0,192.2,38.8,17.6,2.0,12.0,36.9665105,-122.04042416666668,22.4,0.62,0.026,
2026-09-07 15:37:18.694485,0.51995849609375,0.46673583984375,0.48651123046875,0.52447509765625,-0.00390625,-0.0234375,0.00390625,-0.001953125,0.0,0.00390625,757.0,0.0,192.2,38.8,17.6,2.0,12.0,36.9665105,-122.04042416666668,22.4,0.62,0.026,
2026-09-07 15:37:18.789204,0.52001953125,0.46673583984375,0.48651123046875,0.52447509765625,-0.00390625,0.0234375,0.00390625,0.001953125,0.0,-0.001953125,757.0,0.0,192.2,38.8,17.6,2.0,12.0,36.9665105,-122.04042416666668,22.4,0.62,0.026,
2026-09-07 15:37:18.895126,0.52001953125,0.46673583984375,0.48651123046875,0.52447509765625,-0.00390625,0.0234375,0.01171875,-0.001953125,0.0,0.001953125,753.0,0.0,192.2,38.8,17.6,2.0,12.0,36.9665105,-122.04042416666668,22.4,0.62,0.026,
2026-09-07 15:37:18.995156,0.51995849609375,0.466796875,0.48651123046875,0.52447509765625,-0.00390625,-0.0234375,0.00390625,-0.001953125,0.0,0.001953125,753.0,0.0,192.2,38.8,17.6,2.0,12.0,36.9665105,-122.04042416666668,22.4,0.62,0.026,
2026-09-07 15:37:19.094793,0.51995849609375,0.466796875,0.48651123046875,0.5166015625,-0.00390625,0.015625,0.00390625,-0.00390625,0.0,0.0,751.5,0.0,192.2,38.8,17.6,2.0,12.0,36.9665105,-122.04042416666668,22.4,0.62,0.026,
2026-09-07 15:37:19.195909,0.51995849609375,0.466796875,0.48651123046875,0.5244140625,-0.00390625,0.0234375,0.00390625,0.001953125,0.00390625,0.0,751.5,0.0,192.2,38.8,17.6,2.0,12.0,36.9665105,-122.04042416666668,22.4,0.62,0.026,
2026-09-07 15:37:19.295665,0.52001953125,0.458984375,0.48651123046875,0.5244140625,-0.00390625,-0.015625,0.01171875,0.0,0.0,0.001953125,758.5,0.0,192.2,38.8,17.6,2.0,12.0,36.9665105,-122.04042416666668,22.4,0.62,0.026,
2026-09-07 15:37:19.396006,-1.47991943359375,-1.533203125,0.48651123046875,0.52435302734375,-0.00390625,-0.0234375,0.00390625,0.00390625,0.0,0.0,758.5,0.0,192.2,38.8,17.6,2.0,12.0,36.9665105,-122.04042416666668,22.4,0.62,0.031,
2026-09-07 15:37:19.495095,0.52001953125,0.46685791015625,0.48651123046875,0.52435302734375,-0.00390625,0.015625,0.00390625,-0.001953125,0.0,0.0,760.75,0.0,192.2,38.8,17.6,2.0,12.0,36.966510666666665,-122.0404235,22.6,0.62,0.031,
2026-09-07 15:37:19.595228,0.52001953125,0.466796875,0.48651123046875,0.52435302734375,-0.00390625,-0.0234375,0.00390625,0.001953125,-0.001953125,-0.001953125,760.75,0.0,192.2,38.8,17.6,2.0,12.0,36.966510666666665,-122.0404235,22.6,0.62,0.031,
2026-09-07 15:37:19.695988,0.52001953125,0.466796875,0.48651123046875,0.52435302734375,-0.00390625,-0.015625,-0.03515625,-0.001953125,0.0,-0.001953125,756.25,0.0,192.2,38.8,17.6,2.0,12.0,36.966510666666665,-122.0404235,22.6,0.62,0.031,
2026-09-07 15:37:19.795514,0.52001953125,0.466796875,0.48651123046875,0.52435302734375,-0.00390625,0.0234375,0.01171875,0.00390625,-0.001953125,-0.005859375,756.25,0.0,192.2,38.8,17.6,2.0,12.0,36.966510666666665,-122.0404235,22.6,0.62,0.031,
2026-09-07 15:37:19.895661,0.52008056640625,0.46685791015625,0.48651123046875,0.5164794921875,-0.00390625,0.015625,0.00390625,0.0,0.0,-0.001953125,755.25,0.0,192.2,38.8,17.6,2.0,12.0,36.966510666666665,-122.0404235,22.6,0.62,0.031,
2026-09-07 15:37:19.996201,-1.47998046875,0.46685791015625,0.48651123046875,0.52435302734375,-0.50390625,-0.0234375,0.00390625,0.001953125,0.0,-0.001953125,755.25,0.0,192.2,38.8,17.6,2.0,12.0,36.966510666666665,-122.0404235,22.6,0.62,0.031,
2026-09-07 15:37:20.096216,0.52001953125,0.46685791015625,0.48651123046875,0.52435302734375,-0.00390625,-0.0234375,0.00390625,0.00390625,0.001953125,0.0,706.25,0.0,192.2,38.0,16.5,2.0,12.0,36.966510666666665,-122.0404235,22.6,0.62,0.031,
2026-09-07 15:37:20.196240,0.51995849609375,0.46685791015625,0.486572265625,0.52435302734375,-0.00390625,0.015625,0.00390625,0.0,0.0,0.0,706.25,0.0,192.2,38.0,16.5,2.0,12.0,36.966510666666665,-122.0404235,22.6,0.62,0.031,
2026-09-07 15:37:20.300770,0.5198974609375,0.466796875,0.486572265625,0.5244140625,-0.00390625,0.0234375,-0.02734375,0.0,0.0,0.001953125,675.75,0.0,192.2,35.7,16.1,2.0,12.0,36.966510666666665,-122.0404235,22.6,0.62,0.031,
2026-09-07 15:37:20.396025,0.51995849609375,0.46685791015625,0.486572265625,0.52435302734375,0.03515625,0.015625,0.01171875,0.0,0.001953125,0.0,675.75,0.0,192.2,35.7,16.1,2.0,12.0,36.966510666666665,-122.0404235,22.6,0.62,0.143,
2026-09-07 15:37:20.501063,0.51995849609375,0.46685791015625,0.486572265625,0.52435302734375,-0.00390625,0.015625,0.01171875,0.00390625,0.0,-0.001953125,726.5,0.0,192.2,33.3,16.9,2.0,12.0,36.96651083333333,-122.04042216666669,22.9,0.62,0.143,
2026-09-07 15:37:20.595676,0.52001953125,0.46685791015625,0.48651123046875,0.5242919921875,-0.00390625,0.0546875,0.00390625,0.0,0.001953125,0.001953125,726.5,0.0,192.2,33.3,16.9,2.0,12.0,36.96651083333333,-122.04042216666669,22.9,0.62,0.143,
2026-09-07 15:37:20.700992,0.51995849609375,0.46685791015625,0.486572265625,0.52435302734375,-0.00390625,-0.0234375,0.00390625,0.001953125,0.001953125,0.0,728.75,0.0,192.2,33.3,16.5,2.0,12.0,36.96651083333333,-122.04042216666669,22.9,0.62,0.143,
2026-09-07 15:37:20.795162,0.51995849609375,0.46685791015625,0.486572265625,0.52435302734375,-0.00390625,-0.0234375,-0.03515625,0.001953125,0.0,0.00390625,728.75,0.0,192.2,33.3,16.5,2.0,12.0,36.96651083333333,-122.04042216666669,22.9,0.62,0.143,
2026-09-07 15:37:20.901860,0.5198974609375,0.46685791015625,0.486572265625,0.5244140625,-0.00390625,0.015625,0.00390625,0.0,0.0,-0.00390625,727.25,0.0,192.2,31.4,16.9,2.0,12.0,36.96651083333333,-122.04042216666669,22.9,0.62,0.143,
2026-09-07 15:37:20.995029,0.51995849609375,0.46685791015625,0.486572265625,0.5244140625,-0.00390625,0.0234375,0.00390625,0.0,0.001953125,-0.001953125,727.25,0.0,192.2,31.4,16.9,2.0,12.0,36.96651083333333,-122.04042216666669,22.9,0.62,0.143,
2026-09-07 15:37:21.101065,0.5198974609375,0.46685791015625,0.486572265625,0.5244140625,-0.00390625,-0.0234375,0.00390625,-0.001953125,0.0,-0.005859375,725.75,0.0,192.2,31.4,16.5,2.0,12.0,36.96651083333333,-122.04042216666669,22.9,0.62,0.143,
2026-09-07 15:37:21.194566,0.5198974609375,0.46685791015625,0.48651123046875,0.5244140625,-0.00390625,0.015625,0.00390625,0.001953125,0.001953125,0.001953125,725.75,0.0,192.2,31.4,16.5,2.0,12.0,36.96651083333333,-122.04042216666669,22.9,0.62,0.143,
2026-09-07 15:37:21.301512,0.5198974609375,0.46685791015625,0.486572265625,0.5244140625,-0.00390625,-0.0234375,0.00390625,-0.001953125,0.0,0.00390625,717.75,0.0,192.2,31.4,16.5,2.0,12.0,36.96651083333333,-122.04042216666669,22.9,0.62,0.143,
2026-09-07 15:37:21.400616,0.5198974609375,0.46685791015625,0.486572265625,0.5244140625,-0.04296875,-0.0234375,0.00390625,0.001953125,0.001953125,0.0,717.75,0.0,192.2,31.4,16.5,2.0,12.0,36.96651083333333,-122.04042216666669,22.9,0.62,0.014,
2026-09-07 15:37:21.500729,0.51983642578125,0.4669189453125,0.486572265625,0.5244140625,-0.00390625,-0.0234375,0.00390625,0.00390625,0.0,0.0,726.5,0.0,192.2,31.0,16.5,2.0,12.0,36.96651133333334,-122.040421,23.3,0.62,0.014,
2026-09-07 15:37:21.600323,0.51983642578125,0.46685791015625,0.48663330078125,0.5244140625,-0.00390625,0.0234375,0.00390625,0.0,-0.001953125,0.0,726.5,0.0,192.2,31.0,16.5,2.0,12.0,36.96651133333334,-122.040421,23.3,0.62,0.014,
2026-09-07 15:37:21.701189,0.519775390625,0.4669189453125,0.486572265625,0.5244140625,-0.00390625,0.0234375,0.00390625,0.0,-0.001953125,0.0,713.25,0.0,192.2,30.6,16.5,2.0,12.0,36.96651133333334,-122.040421,23.3,0.62,0.014,
2026-09-07 15:37:21.792080,0.519775390625,0.4669189453125,0.48663330078125,0.5244140625,-0.00390625,-0.015625,0.00390625,0.00390625,0.0,0.0,713.25,0.0,192.2,30.6,16.5,2.0,12.0,36.96651133333334,-122.040421,23.3,0.62,0.014,
2026-09-07 15:37:21.900003,0.519775390625,0.46685791015625,0.48663330078125,0.52447509765625,-0.00390625,0.0234375,0.00390625,0.0,0.0,-0.001953125,723.25,0.0,192.2,29.4,16.5,2.0,12.0,36.96651133333334,-122.040421,23.3,0.62,0.014,
2026-09-07 15:37:21.991878,0.519775390625,0.46685791015625,0.48663330078125,0.52447509765625,-0.01171875,-0.015625,-0.03515625,0.0,0.0,0.0,723.25,0.0,192.2,29.4,16.5,2.0,12.0,36.96651133333334,-122.040421,23.3,0.62,0.014,
2026-09-07 15:37:22.100756,0.519775390625,0.46685791015625,0.48663330078125,0.52447509765625,-0.00390625,-0.015625,0.01171875,0.0,0.0,0.001953125,718.75,0.0,192.2,29.0,16.5,2.0,12.0,36.96651133333334,-122.040421,23.3,0.62,0.014,
2026-09-07 15:37:22.198155,0.51983642578125,0.46685791015625,0.48663330078125,0.5244140625,-0.01171875,-0.015625,0.01171875,0.0,0.0,-0.001953125,718.75,0.0,192.2,29.0,16.5,2.0,12.0,36.96651133333334,-122.040421,23.3,0.62,0.014,
2026-09-07 15:37:22.298740,0.5198974609375,0.46685791015625,0.48663330078125,0.52435302734375,-0.00390625,-0.015625,0.01171875,0.0,0.0,-0.001953125,713.25,0.0,192.2,29.4,16.5,2.0,12.0,36.96651133333334,-122.040421,23.3,0.62,0.014,
2026-09-07 15:37:22.399130,0.51983642578125,0.46685791015625,0.48663330078125,0.51654052734375,-0.00390625,-0.015625,0.00390625,-0.001953125,0.0,0.0,713.25,0.0,192.2,29.4,16.5,2.0,12.0,36.96651133333334,-122.040421,23.3,0.62,0.023,
2026-09-07 15:37:22.498410,0.51983642578125,0.46685791015625,0.486572265625,0.5244140625,-0.00390625,-0.015625,0.00390625,0.001953125,0.0,-0.001953125,712.5,0.0,192.2,29.4,16.5,2.0,12.0,36.96651166666667,-122.04042033333332,23.5,0.62,0.023,
2026-09-07 15:37:22.599230,0.51983642578125,0.46685791015625,0.486572265625,0.5244140625,-0.00390625,-0.015625,0.00390625,0.001953125,0.0,0.0,712.5,0.0,192.2,29.4,16.5,2.0,12.0,36.96651166666667,-122.04042033333332,23.5,0.62,0.023,
2026-09-07 15:37:22.699576,0.51983642578125,0.46685791015625,0.48663330078125,0.5244140625,-0.00390625,0.0234375,0.00390625,0.001953125,0.001953125,-0.00390625,717.75,0.0,192.2,29.0,16.5,2.0,12.0,36.96651166666667,-122.04042033333332,23.5,0.62,0.023,
2026-09-07 15:37:22.798857,0.5198974609375,0.46685791015625,0.48663330078125,0.52435302734375,-0.00390625,0.0234375,0.00390625,0.001953125,0.001953125,0.001953125,717.75,0.0,192.2,29.0,16.5,2.0,12.0,36.96651166666667,-122.04042033333332,23.5,0.62,0.023,
2026-09-07 15:37:22.899137,0.51983642578125,0.46685791015625,0.48663330078125,0.5244140625,0.03515625,0.0234375,0.00390625,-0.001953125,0.0,0.001953125,716.25,0.0,192.2,29.0,16.5,2.0,12.0,36.96651166666667,-122.04042033333332,23.5,0.62,0.023,
2026-09-07 15:37:22.999988,0.51983642578125,0.46685791015625,0.48663330078125,0.5244140625,-0.50390625,-0.015625,-0.03515625,0.0,-0.251953125,0.001953125,716.25,0.0,192.2,29.0,16.5,2.0,12.0,36.96651166666667,-122.04042033333332,23.5,0.62,0.023,
2026-09-07 15:37:23.099429,0.51983642578125,0.46685791015625,0.48663330078125,0.5244140625,-0.00390625,-0.015625,0.00390625,0.0,0.0,0.0,713.25,0.0,192.2,29.0,16.5,2.0,12.0,36.96651166666667,-122.04042033333332,23.5,0.62,0.023,
2026-09-07 15:37:23.199441,0.51983642578125,0.46685791015625,0.48663330078125,0.5244140625,-0.00390625,-0.0234375,0.00390625,0.0,0.0,0.0,713.25,0.0,192.2,29.0,16.5,2.0,12.0,36.96651166666667,-122.04042033333332,23.5,0.62,0.023,
2026-09-07 15:37:23.300351,0.51983642578125,0.46685791015625,0.48663330078125,0.5244140625,-0.00390625,0.0546875,0.00390625,0.0,0.0,0.0,710.0,0.0,192.2,29.0,16.5,2.0,12.0,36.96651166666667,-122.04042033333332,23.5,0.62,0.023,
2026-09-07 15:37:23.399993,0.51983642578125,0.4669189453125,0.486572265625,0.5244140625,-0.00390625,0.015625,0.00390625,-0.00390625,0.0,-0.001953125,710.0,0.0,192.2,29.0,16.5,2.0,12.0,36.96651166666667,-122.04042033333332,23.5,0.62,0.008,
2026-09-07 15:37:23.500929,0.51983642578125,0.4669189453125,0.48663330078125,0.52435302734375,-0.00390625,0.0234375,-0.03515625,0.001953125,0.001953125,0.0,715.5,0.0,192.2,29.0,16.5,2.0,12.0,36.966512,-122.04041966666666,23.8,0.62,0.008,
2026-09-07 15:37:23.601026,0.51983642578125,0.4669189453125,0.48663330078125,0.5244140625,-0.00390625,-0.0234375,0.00390625,0.0,0.0,0.0,715.5,0.0,192.2,29.0,16.5,2.0,12.0,36.966512,-122.04041966666666,23.8,0.62,0.008,
2026-09-07 15:37:23.701147,0.51983642578125,0.4669189453125,0.48663330078125,0.52435302734375,-0.00390625,-0.0234375,0.00390625,-0.001953125,0.0,0.001953125,713.25,0.0,192.2,29.0,16.5,2.0,12.0,36.966512,-122.04041966666666,23.8,0.62,0.008,
2026-09-07 15:37:23.920117,0.51983642578125,0.46697998046875,0.486572265625,0.52435302734375,0.00390625,-0.0234375,0.00390625,0.0,-0.001953125,0.0,714.0,0.0,192.2,29.0,16.5,2.0,12.0,36.966512,-122.04041966666666,23.8,0.62,0.008,
2026-09-07 15:37:24.018981,0.51983642578125,0.46697998046875,0.48651123046875,0.5244140625,0.00390625,-0.0234375,0.00390625,-0.001953125,-0.001953125,0.0,714.0,0.0,192.2,29.0,16.5,2.0,12.0,36.966512,-122.04041966666666,23.8,0.62,0.008,
2026-09-07 15:37:24.119070,0.519775390625,0.467041015625,0.48651123046875,0.5244140625,-0.00390625,-0.0234375,-0.03515625,0.0,-0.001953125,0.0,716.25,0.0,192.2,29.0,16.5,2.0,12.0,36.966512,-122.04041966666666,23.8,0.62,0.008,
2026-09-07 15:37:24.219088,0.519775390625,0.467041015625,0.48651123046875,0.5244140625,-0.00390625,0.0234375,0.00390625,0.0,0.0,0.00390625,716.25,0.0,192.2,29.0,16.5,2.0,12.0,36.966512,-122.04041966666666,23.8,0.62,0.008,
2026-09-07 15:37:24.319887,0.51983642578125,0.46697998046875,0.48651123046875,0.52435302734375,-0.00390625,0.015625,0.00390625,0.001953125,0.0,0.001953125,714.75,0.0,192.2,29.0,16.5,2.0,12.0,36.966512,-122.04041966666666,23.8,0.62,0.008,
2026-09-07 15:37:24.418844,0.5198974609375,0.46697998046875,0.486572265625,0.52435302734375,-0.00390625,-0.0234375,0.00390625,0.00390625,-0.001953125,0.0,714.75,0.0,192.2,29.0,16.5,2.0,12.0,36.966512,-122.04041966666666,23.8,0.62,0.022,
2026-09-07 15:37:24.519343,-1.48016357421875,-1.53302001953125,0.486572265625,0.52435302734375,0.00390625,-0.0234375,0.00390625,0.0,0.0,-0.00390625,712.5,0.0,192.2,29.0,16.5,2.0,12.0,36.96651216666667,-122.040419,24.0,0.62,0.022,
2026-09-07 15:37:24.619264,0.51983642578125,0.46697998046875,0.48651123046875,0.5244140625,0.00390625,-0.0234375,0.00390625,0.00390625,0.0,0.001953125,712.5,0.0,192.2,29.0,16.5,2.0,12.0,36.96651216666667,-122.040419,24.0,0.62,0.022,
2026-09-07 15:37:24.720158,0.51983642578125,0.467041015625,0.48651123046875,0.5244140625,0.00390625,-0.0234375,0.00390625,-0.001953125,0.0,0.001953125,713.25,0.0,192.2,29.0,16.5,2.0,12.0,36.96651216666667,-122.040419,24.0,0.62,0.022,
2026-09-07 15:37:24.818850,0.519775390625,0.467041015625,0.48651123046875,0.5244140625,0.00390625,-0.0234375,0.00390625,-0.001953125,0.0,0.001953125,713.25,0.0,192.2,29.0,16.5,2.0,12.0,36.96651216666667,-122.040419,24.0,0.62,0.022,
2026-09-07 15:37:24.919709,0.519775390625,0.467041015625,0.48651123046875,0.5244140625,0.00390625,0.0234375,0.00390625,0.00390625,0.0,0.0,712.5,0.0,192.2,29.0,16.5,2.0,12.0,36.96651216666667,-122.040419,24.0,0.62,0.022,
2026-09-07 15:37:25.020690,0.519775390625,0.467041015625,0.48651123046875,0.5244140625,0.04296875,0.0234375,0.00390625,-0.001953125,-0.001953125,0.0,712.5,0.0,192.2,29.0,16.5,2.0,12.0,36.96651216666667,-122.040419,24.0,0.62,0.022,
2026-09-07 15:37:25.230131,0.51971435546875,0.467041015625,0.48651123046875,0.52447509765625,0.00390625,-0.0234375,0.00390625,-0.001953125,0.001953125,0.001953125,717.75,0.0,192.2,28.6,16.5,2.0,12.0,36.96651216666667,-122.040419,24.0,0.62,0.022,
2026-09-07 15:37:25.321592,0.51971435546875,0.46697998046875,0.486572265625,0.5244140625,-0.00390625,0.0234375,0.00390625,-0.001953125,0.0,0.0,714.0,0.0,192.2,28.6,16.5,2.0,12.0,36.96651216666667,-122.040419,24.0,0.62,0.022,
2026-09-07 15:37:25.422724,0.519775390625,0.46697998046875,0.486572265625,0.5244140625,-0.01171875,-0.015625,0.00390625,0.0,0.0,0.00390625,714.0,0.0,192.2,28.6,16.5,2.0,12.0,36.96651216666667,-122.040419,24.0,0.62,0.021,
2026-09-07 15:37:25.522497,0.51983642578125,0.4669189453125,0.486572265625,0.52435302734375,-0.00390625,-0.015625,0.01171875,-0.001953125,0.0,0.0,718.75,0.0,192.2,28.6,16.5,2.0,12.0,36.966512,-122.04041833333332,24.2,0.62,0.021,
2026-09-07 15:37:25.622359,0.51983642578125,0.46697998046875,0.486572265625,0.52435302734375,-0.04296875,-0.015625,0.00390625,-0.001953125,0.0,0.0,718.75,0.0,192.2,28.6,16.5,2.0,12.0,36.966512,-122.04041833333332,24.2,0.62,0.021,
2026-09-07 15:37:25.722255,0.519775390625,0.46697998046875,0.48663330078125,0.52435302734375,0.00390625,-0.015625,0.00390625,0.00390625,0.0,-0.001953125,721.0,0.0,192.2,28.6,16.5,2.0,12.0,36.966512,-122.04041833333332,24.2,0.62,0.021,
2026-09-07 15:37:25.822719,0.519775390625,0.46697998046875,0.48663330078125,0.5244140625,-0.00390625,0.0234375,0.00390625,0.001953125,0.001953125,-0.001953125,721.0,0.0,192.2,28.6,16.5,2.0,12.0,36.966512,-122.04041833333332,24.2,0.62,0.021,
2026-09-07 15:37:25.922780,0.51983642578125,0.46697998046875,0.48663330078125,0.52435302734375,-0.00390625,0.015625,0.00390625,0.0,0.001953125,-0.001953125,721.75,0.0,192.2,29.0,16.5,2.0,12.0,36.966512,-122.04041833333332,24.2,0.62,0.021,
2026-09-07 15:37:26.022339,0.519775390625,0.46697998046875,0.48663330078125,0.52435302734375,-0.00390625,-0.0234375,0.00390625,-0.00390625,-0.001953125,0.0,721.75,0.0,192.2,29.0,16.5,2.0,12.0,36.966512,-122.04041833333332,24.2,0.62,0.021,
2026-09-07 15:37:26.122210,0.519775390625,0.46697998046875,0.48663330078125,0.52435302734375,-0.00390625,-0.0234375,0.00390625,-0.00390625,0.0,0.0,717.0,0.0,192.2,29.0,16.5,2.0,12.0,36.966512,-122.04041833333332,24.2,0.62,0.021,
2026-09-07 15:37:26.221742,0.519775390625,0.4669189453125,0.48663330078125,0.5244140625,-0.00390625,-0.0234375,0.00390625,0.00390625,-0.001953125,0.0,717.0,0.0,192.2,29.0,16.5,2.0,12.0,36.966512,-122.04041833333332,24.2,0.62,0.021,
2026-09-07 15:37:26.322106,0.519775390625,0.4669189453125,0.48663330078125,0.5244140625,-0.00390625,0.0234375,0.00390625,0.001953125,-0.001953125,0.0,718.75,0.0,192.2,29.0,16.5,2.0,12.0,36.966512,-122.04041833333332,24.2,0.62,0.021,
2026-09-07 15:37:26.422241,0.519775390625,0.4669189453125,0.48663330078125,0.5244140625,0.04296875,0.0234375,0.00390625,0.001953125,-0.001953125,0.0,718.75,0.0,192.2,29.0,16.5,2.0,12.0,36.966512,-122.04041833333332,24.2,0.62,0.01,
2026-09-07 15:37:26.521846,0.51983642578125,0.4669189453125,0.48663330078125,0.52435302734375,-0.01171875,0.0234375,0.00390625,0.0,-0.001953125,-0.001953125,753.0,0.0,192.2,46.3,16.5,2.0,12.0,36.96651216666667,-122.04041783333334,24.4,0.62,0.01,
2026-09-07 15:37:26.622014,0.51983642578125,0.4669189453125,0.48663330078125,0.52435302734375,-0.00390625,0.0234375,0.00390625,0.001953125,0.0,-0.001953125,753.0,0.0,192.2,46.3,16.5,2.0,12.0,36.96651216666667,-122.04041783333334,24.4,0.62,0.01,
2026-09-07 15:37:26.728416,0.5198974609375,0.4669189453125,0.48663330078125,0.52435302734375,-0.00390625,0.0234375,0.01171875,0.0,0.0,0.0,742.0,0.0,192.2,39.2,17.3,2.0,12.0,36.96651216666667,-122.04041783333334,24.4,0.62,0.01,
2026-09-07 15:37:26.826534,0.5198974609375,0.46697998046875,0.486572265625,0.5242919921875,-0.00390625,0.0234375,0.01171875,0.001953125,-0.001953125,0.001953125,742.0,0.0,192.2,39.2,17.3,2.0,12.0,36.96651216666667,-122.04041783333334,24.4,0.62,0.01,
2026-09-07 15:37:26.927094,0.5198974609375,0.46697998046875,0.486572265625,0.5242919921875,-0.00390625,-0.015625,0.01171875,-0.005859375,0.0,0.001953125,742.0,0.0,192.2,38.4,17.3,2.0,12.0,36.96651216666667,-122.04041783333334,24.4,0.62,0.01,
2026-09-07 15:37:27.358061,0.5198974609375,0.4669189453125,0.48663330078125,0.2586669921875,-0.00390625,-0.015625,0.01171875,-0.005859375,0.0,0.001953125,740.5,0.0,192.2,37.6,17.3,2.0,12.0,36.96651216666667,-122.04041783333334,24.4,0.62,0.024,
2026-09-07 15:37:27.458339,0.5198974609375,0.4669189453125,0.48663330078125,0.2586669921875,-0.00390625,-0.015625,0.01171875,-0.005859375,0.0,0.001953125,741.25,0.0,192.2,38.0,17.6,2.0,12.0,36.96651216666667,-122.04041783333334,24.4,0.62,0.024,
2026-09-07 15:37:27.558451,0.5198974609375,0.4669189453125,0.48663330078125,0.2586669921875,-0.00390625,-0.015625,0.01171875,-0.005859375,0.0,0.001953125,741.25,0.0,192.2,38.0,17.6,2.0,12.0,36.96651216666667,-122.0404175,24.6,0.62,0.024,
2026-09-07 15:37:27.658786,0.5198974609375,0.4669189453125,0.48663330078125,0.2586669921875,-0.00390625,-0.015625,0.01171875,-0.005859375,0.0,0.001953125,743.75,0.0,192.2,38.8,17.6,2.0,12.0,36.96651216666667,-122.0404175,24.6,0.62,0.024,
2026-09-07 15:37:27.758791,0.5198974609375,0.4669189453125,0.48663330078125,0.2586669921875,-0.00390625,-0.015625,0.01171875,-0.005859375,0.0,0.001953125,743.75,0.0,192.2,38.8,17.6,2.0,12.0,36.96651216666667,-122.0404175,24.6,0.62,0.024,
2026-09-07 15:37:27.858813,0.5198974609375,0.4669189453125,0.48663330078125,0.2586669921875,-0.00390625,-0.015625,0.01171875,-0.005859375,0.0,0.001953125,748.25,0.0,192.2,38.8,17.6,2.0,12.0,36.96651216666667,-122.0404175,24.6,0.62,0.024,
2026-09-07 15:37:27.959000,0.5198974609375,0.4669189453125,0.48663330078125,0.2586669921875,-0.00390625,-0.015625,0.01171875,-0.005859375,0.0,0.001953125,748.25,0.0,192.2,38.8,17.6,2.0,12.0,36.96651216666667,-122.0404175,24.6,0.62,0.024,
2026-09-07 15:37:28.059040,0.5198974609375,0.4669189453125,0.48663330078125,0.2586669921875,-0.00390625,-0.015625,0.01171875,-0.005859375,0.0,0.001953125,748.25,0.0,192.2,39.2,17.6,2.0,12.0,36.96651216666667,-122.0404175,24.6,0.62,0.024,
2026-09-07 15:37:28.159119,0.5198974609375,0.4669189453125,0.48663330078125,0.2586669921875,-0.00390625,-0.015625,0.01171875,-0.005859375,0.0,0.001953125,748.25,0.0,192.2,39.2,17.6,2.0,12.0,36.96651216666667,-122.0404175,24.6,0.62,0.024,
2026-09-07 15:37:28.259399,0.5198974609375,0.4669189453125,0.48663330078125,0.2586669921875,-0.00390625,-0.015625,0.01171875,-0.005859375,0.0,0.001953125,743.75,0.0,192.2,40.0,17.6,2.0,12.0,36.96651216666667,-122.0404175,24.6,0.62,0.024,
2026-09-07 15:37:28.359423,0.5198974609375,0.4669189453125,0.48663330078125,0.2586669921875,-0.00390625,-0.015625,0.01171875,-0.005859375,0.0,0.001953125,743.75,0.0,192.2,40.0,17.6,2.0,12.0,36.96651216666667,-122.0404175,24.6,0.62,0.01,
2026-09-07 15:37:28.459551,0.5198974609375,0.4669189453125,0.48663330078125,0.2586669921875,-0.00390625,-0.015625,0.01171875,-0.005859375,0.0,0.001953125,750.75,0.0,192.2,40.4,17.6,2.0,12.0,36.96651216666667,-122.0404175,24.6,0.62,0.01,
2026-09-07 15:37:28.559689,0.5198974609375,0.4669189453125,0.48663330078125,0.2586669921875,-0.00390625,-0.015625,0.01171875,-0.005859375,0.0,0.001953125,750.75,0.0,192.2,40.4,17.6,2.0,12.0,36.96651233333333,-122.04041733333334,24.8,0.62,0.01,
2026-09-07 15:37:28.659714,0.5198974609375,0.4669189453125,0.48663330078125,0.2586669921875,-0.00390625,-0.015625,0.01171875,-0.005859375,0.0,0.001953125,751.5,0.0,192.2,40.4,17.6,2.0,12.0,36.96651233333333,-122.04041733333334,24.8,0.62,0.01,
2026-09-07 15:37:28.759872,0.5198974609375,0.4669189453125,0.48663330078125,0.2586669921875,-0.00390625,-0.015625,0.01171875,-0.005859375,0.0,0.001953125,751.5,0.0,192.2,40.4,17.6,2.0,12.0,36.96651233333333,-122.04041733333334,24.8,0.62,0.01,
2026-09-07 15:37:28.859885,0.5198974609375,0.4669189453125,0.48663330078125,0.2586669921875,-0.00390625,-0.015625,0.01171875,-0.005859375,0.0,0.001953125,753.75,0.0,192.2,40.8,17.6,2.0,12.0,36.96651233333333,-122.04041733333334,24.8,0.62,0.01,
2026-09-07 15:37:28.960029,0.5198974609375,0.4669189453125,0.48663330078125,0.2586669921875,-0.00390625,-0.015625,0.01171875,-0.005859375,0.0,0.001953125,753.75,0.0,192.2,40.8,17.6,2.0,12.0,36.96651233333333,-122.04041733333334,24.8,0.62,0.01,
2026-09-07 15:37:29.060319,0.5198974609375,0.4669189453125,0.48663330078125,0.2586669921875,-0.00390625,-0.015625,0.01171875,-0.005859375,0.0,0.001953125,756.25,0.0,192.2,41.2,17.6,2.0,12.0,36.96651233333333,-122.04041733333334,24.8,0.62,0.01,
2026-09-07 15:37:29.160294,0.5198974609375,0.4669189453125,0.48663330078125,0.2586669921875,-0.00390625,-0.015625,0.01171875,-0.005859375,0.0,0.001953125,756.25,0.0,192.2,41.2,17.6,2.0,12.0,36.96651233333333,-122.04041733333334,24.8,0.62,0.01,
2026-09-07 15:37:31.236905,0.5,0.5,0.49993896484375,0.5,0.14453125,9.0625,0.18359375,0.001953125,0.0,0.00390625,757.75,0.0,192.2,39.6,17.6,2.0,12.0,36.96651216666667,-122.04041633333334,25.3,0.62,0.08,
2026-09-07 15:37:31.338180,0.50006103515625,0.5,0.49993896484375,0.5,-0.03515625,0.0234375,0.00390625,0.0,0.0,0.0,758.5,0.0,192.2,39.6,17.6,2.0,12.0,36.96651216666667,-122.04041633333334,25.3,0.62,0.08,
2026-09-07 15:37:31.437059,0.49853515625,0.495361328125,0.50457763671875,0.50152587890625,0.00390625,-0.015625,0.01171875,0.001953125,0.0,0.001953125,758.5,0.0,192.2,39.6,17.6,2.0,12.0,36.96651216666667,-122.04041633333334,25.3,0.62,0.062,
2026-09-07 15:37:31.537208,0.49847412109375,0.4947509765625,0.50518798828125,0.5015869140625,0.00390625,-0.0078125,0.01171875,0.0,-0.001953125,0.005859375,756.25,0.0,192.2,39.6,17.6,2.0,12.0,36.966512,-122.04041566666666,25.4,0.62,0.062,
2026-09-07 15:37:31.636125,0.4984130859375,0.49420166015625,0.50567626953125,0.5015869140625,-0.03515625,-0.015625,0.01171875,0.0,0.0,-0.001953125,756.25,0.0,192.2,39.6,17.6,2.0,12.0,36.966512,-122.04041566666666,25.4,0.62,0.062,
2026-09-07 15:37:31.738349,0.4984130859375,0.4937744140625,0.50616455078125,0.5015869140625,0.00390625,-0.015625,0.01171875,0.0,0.001953125,0.001953125,759.25,0.0,192.2,39.6,17.6,2.0,12.0,36.966512,-122.04041566666666,25.4,0.62,0.062,
2026-09-07 15:37:31.836464,0.49835205078125,0.49334716796875,0.50653076171875,0.50164794921875,0.01171875,0.0234375,0.01171875,0.001953125,0.0,0.001953125,759.25,0.0,192.2,39.6,17.6,2.0,12.0,36.966512,-122.04041566666666,25.4,0.62,0.062,
2026-09-07 15:37:31.937626,0.49835205078125,0.4930419921875,0.50689697265625,0.5015869140625,0.00390625,0.0234375,0.01171875,-0.001953125,-0.001953125,0.00390625,765.5,0.0,192.2,39.2,17.6,2.0,12.0,36.966512,-122.04041566666666,25.4,0.62,0.062,
2026-09-07 15:37:32.036823,0.49835205078125,0.49273681640625,0.5072021484375,0.5015869140625,0.00390625,-0.0234375,0.01171875,-0.001953125,-0.001953125,0.0,765.5,0.0,192.2,39.2,17.6,2.0,12.0,36.966512,-122.04041566666666,25.4,0.62,0.062,
2026-09-07 15:37:32.137605,0.498291015625,0.492431640625,0.50750732421875,0.50164794921875,-0.50390625,0.015625,-0.03515625,0.0,0.0,0.0,758.5,0.0,192.2,38.8,17.6,2.0,12.0,36.966512,-122.04041566666666,25.4,0.62,0.062,
2026-09-07 15:37:32.237611,0.498291015625,0.49212646484375,0.5078125,0.50164794921875,-0.50390625,0.015625,0.01171875,0.0,0.001953125,0.0,758.5,0.0,192.2,38.8,17.6,2.0,12.0,36.966512,-122.04041566666666,25.4,0.62,0.062,
2026-09-07 15:37:32.337187,0.49822998046875,0.49188232421875,0.508056640625,0.50164794921875,0.00390625,0.015625,-0.02734375,0.0,0.0,-0.001953125,760.75,0.0,192.2,39.2,17.6,2.0,12.0,36.966512,-122.04041566666666,25.4,0.62,0.062,
2026-09-07 15:37:32.437599,0.49822998046875,0.49169921875,0.50830078125,0.50164794921875,-0.03515625,-0.0234375,0.01171875,0.001953125,0.0,-0.00390625,760.75,0.0,192.2,39.2,17.6,2.0,12.0,36.966512,-122.04041566666666,25.4,0.62,0.048,
2026-09-07 15:37:32.537946,0.49822998046875,0.49151611328125,0.5084228515625,0.50164794921875,0.01171875,0.0234375,0.01171875,0.0,0.0,-0.001953125,767.0,0.0,192.2,39.2,17.6,2.0,12.0,36.966512,-122.040415,25.6,0.62,0.048,
2026-09-07 15:37:32.638173,0.4981689453125,0.49139404296875,0.508544921875,0.501708984375,0.01171875,0.0234375,0.00390625,0.001953125,0.001953125,-0.001953125,767.0,0.0,192.2,39.2,17.6,2.0,12.0,36.966512,-122.040415,25.6,0.62,0.048,
2026-09-07 15:37:32.862148,0.49810791015625,0.49114990234375,0.50885009765625,0.50177001953125,0.00390625,0.0234375,0.01171875,-0.001953125,0.0,0.0,758.5,0.0,192.2,38.8,17.3,2.0,12.0,36.966512,-122.040415,25.6,0.62,0.048,
2026-09-07 15:37:32.958706,0.49810791015625,0.4910888671875,0.5089111328125,0.50177001953125,-0.00390625,0.0234375,0.01171875,0.00390625,0.0,0.0,758.5,0.0,192.2,38.8,17.3,2.0,12.0,36.966512,-122.040415,25.6,0.62,0.048,
2026-09-07 15:37:33.059306,0.49810791015625,0.490966796875,0.50897216796875,0.50177001953125,0.00390625,-0.015625,-0.01953125,0.001953125,0.0,-0.005859375,761.5,0.0,192.2,38.8,17.3,2.0,12.0,36.966512,-122.040415,25.6,0.62,0.048,
2026-09-07 15:37:33.158747,0.49810791015625,0.49090576171875,0.509033203125,0.50177001953125,0.00390625,-0.015625,0.01953125,0.001953125,0.0,-0.00390625,761.5,0.0,192.2,38.8,17.3,2.0,12.0,36.966512,-122.040415,25.6,0.62,0.048,
2026-09-07 15:37:33.259929,0.4981689453125,0.4908447265625,0.5091552734375,0.50164794921875,-0.00390625,0.0234375,0.01171875,0.0,0.0,-0.001953125,766.25,0.0,192.2,38.0,17.3,2.0,12.0,36.966512,-122.040415,25.6,0.62,0.048,
2026-09-07 15:37:33.351827,0.4981689453125,0.49078369140625,0.5091552734375,0.50164794921875,0.00390625,-0.015625,0.01171875,0.0,0.0,0.001953125,766.25,0.0,192.2,38.0,17.3,2.0,12.0,36.966512,-122.040415,25.6,0.62,0.048,
2026-09-07 15:37:33.458603,0.4981689453125,0.49072265625,0.50921630859375,0.501708984375,0.00390625,0.015625,0.01171875,0.0,-0.001953125,0.0,760.75,0.0,192.2,38.0,17.3,2.0,12.0,36.966512,-122.040415,25.6,0.62,0.07,
2026-09-07 15:37:33.550892,0.4981689453125,0.49072265625,0.50921630859375,0.50164794921875,-0.00390625,0.015625,0.01171875,0.001953125,0.0,0.0,760.75,0.0,192.2,38.0,17.3,2.0,12.0,36.96651166666667,-122.04041416666666,25.8,0.62,0.07,
2026-09-07 15:37:33.659448,0.49822998046875,0.4906005859375,0.50933837890625,0.50164794921875,-0.00390625,-0.0234375,0.01171875,0.001953125,0.0,0.0,761.5,0.0,192.2,38.4,17.3,2.0,12.0,36.96651166666667,-122.04041416666666,25.8,0.62,0.07,
2026-09-07 15:37:33.757417,0.4981689453125,0.49053955078125,0.5093994140625,0.501708984375,-0.04296875,-0.015625,0.00390625,0.0,0.0,-0.001953125,761.5,0.0,192.2,38.4,17.3,2.0,12.0,36.96651166666667,-122.04041416666666,25.8,0.62,0.07,
2026-09-07 15:37:33.857322,0.49810791015625,0.490478515625,0.509521484375,0.501708984375,0.00390625,0.0234375,0.00390625,0.0,0.0,-0.00390625,760.75,0.0,192.2,38.4,17.3,2.0,12.0,36.96651166666667,-122.04041416666666,25.8,0.62,0.07,
2026-09-07 15:37:33.957376,0.498046875,0.490478515625,0.509521484375,0.50177001953125,0.00390625,-0.015625,0.00390625,0.00390625,0.001953125,0.0,760.75,0.0,192.2,38.4,17.3,2.0,12.0,36.96651166666667,-122.04041416666666,25.8,0.62,0.07,
2026-09-07 15:37:34.057783,0.498046875,0.490478515625,0.50958251953125,0.501708984375,0.00390625,-0.015625,0.00390625,0.00390625,0.00390625,-0.005859375,764.0,0.0,192.2,38.4,17.3,2.0,12.0,36.96651166666667,-122.04041416666666,25.8,0.62,0.07,
2026-09-07 15:37:34.157680,0.498046875,0.49041748046875,0.50958251953125,0.50177001953125,-0.00390625,0.0234375,0.00390625,0.001953125,0.001953125,0.001953125,764.0,0.0,192.2,38.4,17.3,2.0,12.0,36.96651166666667,-122.04041416666666,25.8,0.62,0.07,
2026-09-07 15:37:34.257792,0.498046875,0.49041748046875,0.5096435546875,0.50177001953125,0.00390625,0.0234375,0.00390625,-0.001953125,0.0,0.001953125,759.25,0.0,192.2,38.0,17.3,2.0,12.0,36.96651166666667,-122.04041416666666,25.8,0.62,0.07,
2026-09-07 15:37:34.358494,0.49798583984375,0.4903564453125,0.5096435546875,0.5018310546875,-0.03515625,-0.015625,0.00390625,0.0,0.0,0.001953125,759.25,0.0,192.2,38.0,17.3,2.0,12.0,36.96651166666667,-122.04041416666666,25.8,0.62,0.07,
2026-09-07 15:37:34.458780,0.49798583984375,0.4903564453125,0.5096435546875,0.5018310546875,-0.02734375,-0.015625,0.00390625,-0.001953125,-0.001953125,0.00390625,755.25,0.0,192.2,38.4,17.3,2.0,12.0,36.96651166666667,-122.04041416666666,25.8,0.62,0.017,
2026-09-07 15:37:34.559357,0.49798583984375,0.4903564453125,0.5096435546875,0.50189208984375,0.01171875,0.0234375,0.00390625,0.001953125,0.0,0.001953125,755.25,0.0,192.2,38.4,17.3,2.0,12.0,36.96651116666666,-122.040414,25.9,0.62,0.017,
2026-09-07 15:37:34.658976,0.49798583984375,0.49029541015625,0.5096435546875,0.50189208984375,0.00390625,-0.015625,0.00390625,0.0,-0.001953125,0.001953125,762.5,0.0,192.2,38.4,17.3,2.0,12.0,36.96651116666666,-122.040414,25.9,0.62,0.017,
2026-09-07 15:37:34.763630,0.49798583984375,0.49029541015625,0.5096435546875,0.50189208984375,0.00390625,-0.015625,0.01171875,-0.001953125,0.0,0.001953125,762.5,0.0,192.2,38.4,17.3,2.0,12.0,36.96651116666666,-122.040414,25.9,0.62,0.017,
2026-09-07 15:37:34.859964,0.49798583984375,-1.5096435546875,0.5096435546875,0.5018310546875,0.00390625,0.0625,0.01171875,0.001953125,0.0,0.001953125,757.75,0.0,192.2,38.4,17.3,2.0,12.0,36.96651116666666,-122.040414,25.9,0.62,0.017,
2026-09-07 15:37:34.958880,0.49798583984375,-1.50970458984375,0.5096435546875,0.5018310546875,0.00390625,0.0234375,0.00390625,0.001953125,0.0,0.00390625,757.75,0.0,192.2,38.4,17.3,2.0,12.0,36.96651116666666,-122.040414,25.9,0.62,0.017,
2026-09-07 15:37:35.060127,0.49798583984375,0.49029541015625,0.5096435546875,0.50189208984375,0.00390625,-0.0234375,-0.03515625,0.0,-0.001953125,-0.001953125,754.5,0.0,192.2,38.4,17.3,2.0,12.0,36.96651116666666,-122.040414,25.9,0.62,0.017,
2026-09-07 15:37:35.158735,0.4979248046875,0.49029541015625,0.5096435546875,0.501953125,-0.03515625,-0.015625,0.00390625,0.0,0.0,-0.00390625,754.5,0.0,192.2,38.4,17.3,2.0,12.0,36.96651116666666,-122.040414,25.9,0.62,0.017,
2026-09-07 15:37:35.259604,0.4979248046875,0.49029541015625,0.5096435546875,0.501953125,0.00390625,0.0234375,0.00390625,0.0,0.0,-0.00390625,753.75,0.0,192.2,38.4,17.3,2.0,12.0,36.96651116666666,-122.040414,25.9,0.62,0.017,
2026-09-07 15:37:35.359871,0.4979248046875,0.49029541015625,0.5096435546875,0.50189208984375,0.00390625,-0.015625,0.00390625,0.001953125,0.001953125,0.0,753.75,0.0,192.2,38.4,17.3,2.0,12.0,36.96651116666666,-122.040414,25.9,0.62,0.017,
2026-09-07 15:37:35.459846,0.4979248046875,0.49029541015625,0.5096435546875,0.50189208984375,-0.03515625,-0.015625,0.00390625,0.0,0.0,0.0,755.25,0.0,192.2,38.4,17.3,2.0,12.0,36.96651116666666,-122.040414,25.9,0.62,0.031,
2026-09-07 15:37:35.665788,0.4979248046875,0.490234375,0.50970458984375,0.501953125,0.00390625,0.015625,0.00390625,0.0,0.0,0.0,753.0,0.0,192.2,38.4,17.3,2.0,12.0,36.966511,-122.04041383333332,26.0,0.62,0.031,
2026-09-07 15:37:35.762701,0.4979248046875,0.490234375,0.50970458984375,0.501953125,-0.00390625,-0.0234375,0.51171875,0.0,0.0,0.0,753.0,0.0,192.2,38.4,17.3,2.0,12.0,36.966511,-122.04041383333332,26.0,0.62,0.031,
2026-09-07 15:37:35.863226,0.49798583984375,0.490234375,0.50970458984375,0.50189208984375,-0.00390625,0.015625,0.01171875,0.0,0.0,0.0,759.25,0.0,192.2,38.4,17.3,2.0,12.0,36.966511,-122.04041383333332,26.0,0.62,0.031,
2026-09-07 15:37:35.963570,0.49798583984375,0.49017333984375,0.509765625,0.50189208984375,0.00390625,0.015625,0.00390625,0.0,0.0,0.0,759.25,0.0,192.2,38.4,17.3,2.0,12.0,36.966511,-122.04041383333332,26.0,0.62,0.031,
2026-09-07 15:37:36.063238,0.49798583984375,0.49017333984375,0.509765625,0.50189208984375,0.00390625,-0.0234375,0.00390625,0.001953125,0.0,-0.001953125,760.0,0.0,192.2,38.4,17.3,2.0,12.0,36.966511,-122.04041383333332,26.0,0.62,0.031,
2026-09-07 15:37:36.163597,0.4979248046875,0.490234375,0.509765625,0.50189208984375,0.00390625,0.015625,0.00390625,0.001953125,0.001953125,-0.001953125,760.0,0.0,192.2,38.4,17.3,2.0,12.0,36.966511,-122.04041383333332,26.0,0.62,0.031,
2026-09-07 15:37:36.263468,0.4979248046875,0.490234375,0.509765625,0.50189208984375,0.00390625,-0.0234375,0.00390625,0.001953125,0.0,0.0,761.5,0.0,192.2,38.4,17.3,2.0,12.0,36.966511,-122.04041383333332,26.0,0.62,0.031,
2026-09-07 15:37:36.363669,0.49786376953125,0.490234375,0.50982666015625,0.50189208984375,0.00390625,-0.015625,0.00390625,0.0,0.0,-0.001953125,761.5,0.0,192.2,38.4,17.3,2.0,12.0,36.966511,-122.04041383333332,26.0,0.62,0.033,
2026-09-07 15:37:36.462923,0.49786376953125,0.490234375,0.50982666015625,0.50189208984375,0.00390625,0.0234375,0.00390625,0.0,0.0,0.0,716.25,0.0,192.2,38.0,16.5,2.0,12.0,36.966511,-122.04041383333332,26.0,0.62,0.033,
2026-09-07 15:37:36.563059,0.49786376953125,0.490234375,0.50982666015625,0.50189208984375,-0.03515625,0.0234375,0.00390625,-0.001953125,0.0,-0.001953125,716.25,0.0,192.2,38.0,16.5,2.0,12.0,36.9665105,-122.040414,25.9,0.62,0.033,
2026-09-07 15:37:36.663281,0.49786376953125,0.490234375,0.5098876953125,0.5018310546875,-0.03515625,-0.0234375,0.00390625,0.005859375,0.001953125,0.0,685.0,0.0,192.2,35.3,16.9,2.0,12.0,36.9665105,-122.040414,25.9,0.62,0.033,
2026-09-07 15:37:36.762773,0.497802734375,0.490234375,0.5098876953125,0.5018310546875,0.00390625,0.015625,0.00390625,0.001953125,0.001953125,-0.001953125,685.0,0.0,192.2,35.3,16.9,2.0,12.0,36.9665105,-122.040414,25.9,0.62,0.033,
2026-09-07 15:37:36.862825,0.497802734375,0.490234375,0.5098876953125,0.5018310546875,-0.03515625,-0.0234375,-0.03515625,-0.001953125,0.0,0.0,719.5,0.0,192.2,33.7,16.9,2.0,12.0,36.9665105,-122.040414,25.9,0.62,0.033,
2026-09-07 15:37:36.962719,0.497802734375,0.490234375,0.5098876953125,0.5018310546875,0.01171875,-0.0234375,0.00390625,0.0,0.001953125,0.001953125,719.5,0.0,192.2,33.7,16.9,2.0,12.0,36.9665105,-122.040414,25.9,0.62,0.033,
2026-09-07 15:37:37.062709,0.497802734375,0.490234375,0.5098876953125,0.5018310546875,0.00390625,0.015625,0.00390625,0.0,0.0,0.0,719.5,0.0,192.2,32.9,16.5,2.0,12.0,36.9665105,-122.040414,25.9,0.62,0.033,
2026-09-07 15:37:37.162525,0.497802734375,0.490234375,0.5098876953125,0.50189208984375,0.00390625,0.015625,0.00390625,0.0,-0.001953125,-0.001953125,719.5,0.0,192.2,32.9,16.5,2.0,12.0,36.9665105,-122.040414,25.9,0.62,0.033,
2026-09-07 15:37:37.263413,0.497802734375,0.490234375,0.5098876953125,0.5018310546875,-0.00390625,0.0234375,0.00390625,0.0,0.0,0.001953125,721.75,0.0,192.2,31.4,16.5,2.0,12.0,36.9665105,-122.040414,25.9,0.62,0.033,
2026-09-07 15:37:37.362835,0.497802734375,0.49017333984375,0.50994873046875,0.50189208984375,0.00390625,0.0234375,-0.03515625,-0.005859375,-0.001953125,0.0,721.75,0.0,192.2,31.4,16.5,2.0,12.0,36.9665105,-122.040414,25.9,0.62,0.033,
2026-09-07 15:37:37.462953,0.497802734375,0.490234375,0.5098876953125,0.50189208984375,0.00390625,-0.0234375,0.01171875,0.001953125,0.001953125,0.0,723.25,0.0,192.2,31.4,16.9,2.0,12.0,36.9665105,-122.040414,25.9,0.62,0.036,
2026-09-07 15:37:37.562535,0.497802734375,0.490234375,0.50994873046875,0.50189208984375,-0.00390625,-0.0234375,0.01171875,0.001953125,0.0,-0.001953125,723.25,0.0,192.2,31.4,16.9,2.0,12.0,36.9665105,-122.0404095,26.0,0.62,0.036,
2026-09-07 15:37:37.670045,0.49786376953125,0.490234375,0.5098876953125,0.5018310546875,0.00390625,-0.0234375,0.01171875,0.00390625,0.0,0.001953125,714.75,0.0,192.2,31.4,16.5,2.0,12.0,36.9665105,-122.0404095,26.0,0.62,0.036,
2026-09-07 15:37:37.767034,0.4979248046875,0.490234375,0.50982666015625,0.50177001953125,0.00390625,-0.0234375,0.01171875,0.001953125,0.0,0.0,714.75,0.0,192.2,31.4,16.5,2.0,12.0,36.9665105,-122.0404095,26.0,0.62,0.036,
2026-09-07 15:37:37.869363,0.49798583984375,0.490234375,0.50982666015625,0.50177001953125,-0.00390625,-0.0234375,0.01171875,0.0,0.001953125,-0.005859375,711.5,0.0,192.2,29.8,16.5,2.0,12.0,36.9665105,-122.0404095,26.0,0.62,0.036,
2026-09-07 15:37:37.968133,0.49798583984375,0.49029541015625,0.5098876953125,0.501708984375,-0.00390625,-0.0234375,0.01171875,-0.00390625,-0.001953125,0.0,711.5,0.0,192.2,29.8,16.5,2.0,12.0,36.9665105,-122.0404095,26.0,0.62,0.036,
2026-09-07 15:37:38.069088,0.49798583984375,0.490234375,0.5098876953125,0.501708984375,-0.00390625,0.0625,0.00390625,0.0,0.001953125,-0.001953125,700.0,0.0,192.2,30.2,16.5,2.0,12.0,36.9665105,-122.0404095,26.0,0.62,0.036,
2026-09-07 15:37:38.168970,0.4979248046875,0.490234375,0.50994873046875,0.501708984375,-0.00390625,-0.015625,0.00390625,0.00390625,-0.001953125,0.0,700.0,0.0,192.2,30.2,16.5,2.0,12.0,36.9665105,-122.0404095,26.0,0.62,0.036,
2026-09-07 15:37:38.268992,0.49786376953125,0.49017333984375,0.510009765625,0.501708984375,-0.04296875,-0.015625,0.00390625,0.001953125,0.0,0.0,705.25,0.0,192.2,30.2,16.5,2.0,12.0,36.9665105,-122.0404095,26.0,0.62,0.036,
2026-09-07 15:37:38.368160,0.4979248046875,0.49017333984375,0.50994873046875,0.50177001953125,-0.00390625,-0.015625,-0.03515625,0.001953125,0.0,-0.001953125,705.25,0.0,192.2,30.2,16.5,2.0,12.0,36.9665105,-122.0404095,26.0,0.62,0.051,
2026-09-07 15:37:38.469175,0.4979248046875,0.49017333984375,0.50994873046875,0.501708984375,-0.00390625,-0.015625,-0.02734375,-0.001953125,-0.001953125,0.001953125,705.25,0.0,192.2,,16.5,2.0,12.0,36.9665105,-122.0404095,26.0,0.62,0.051,
2026-09-07 15:37:38.569309,0.49798583984375,0.49017333984375,0.50994873046875,0.501708984375,-0.00390625,-0.015625,0.01171875,-0.001953125,0.0,-0.001953125,705.25,0.0,192.2,,16.5,2.0,12.0,36.96651133333334,-122.04040783333332,26.0,0.62,0.051,
2026-09-07 15:37:38.669858,0.49798583984375,0.49017333984375,0.50994873046875,0.501708984375,-0.00390625,0.0234375,0.01171875,-0.001953125,0.0,0.0,705.25,0.0,192.2,,16.5,2.0,12.0,36.96651133333334,-122.04040783333332,26.0,0.62,0.051,
2026-09-07 15:37:38.769239,0.498046875,0.49017333984375,0.5098876953125,0.501708984375,0.00390625,0.0234375,0.00390625,0.0,-0.001953125,-0.005859375,705.25,0.0,192.2,,16.5,2.0,12.0,36.96651133333334,-122.04040783333332,26.0,0.62,0.051,
2026-09-07 15:37:38.868931,0.49798583984375,0.490234375,0.5098876953125,0.501708984375,0.04296875,0.0234375,0.00390625,0.0,0.0,0.001953125,703.0,0.0,192.2,29.8,16.5,2.0,12.0,36.96651133333334,-122.04040783333332,26.0,0.62,0.051,
2026-09-07 15:37:38.969562,0.4979248046875,0.490234375,0.5098876953125,0.50177001953125,0.00390625,0.0234375,0.00390625,-0.00390625,0.001953125,-0.001953125,703.0,0.0,192.2,29.8,16.5,2.0,12.0,36.96651133333334,-122.04040783333332,26.0,0.62,0.051,
2026-09-07 15:37:39.070107,0.4979248046875,0.490234375,0.5098876953125,0.50177001953125,-0.03515625,-0.015625,0.00390625,0.0,0.0,0.0,702.25,0.0,192.2,29.8,16.5,2.0,12.0,36.96651133333334,-122.04040783333332,26.0,0.62,0.051,
2026-09-07 15:37:39.169737,0.49786376953125,0.49017333984375,0.5098876953125,0.5018310546875,-0.03515625,-0.0546875,0.00390625,0.0,0.0,0.0,702.25,0.0,192.2,29.8,16.5,2.0,12.0,36.96651133333334,-122.04040783333332,26.0,0.62,0.051,
2026-09-07 15:37:39.270805,0.49786376953125,0.490234375,0.5098876953125,0.5018310546875,0.00390625,-0.015625,0.00390625,0.001953125,0.0,0.0,700.75,0.0,192.2,29.8,16.5,2.0,12.0,36.96651133333334,-122.04040783333332,26.0,0.62,0.051,
2026-09-07 15:37:39.369482,0.49786376953125,0.490234375,0.50994873046875,0.50177001953125,-0.03515625,-0.015625,0.00390625,-0.001953125,-0.001953125,0.0,700.75,0.0,192.2,29.8,16.5,2.0,12.0,36.96651133333334,-122.04040783333332,26.0,0.62,0.015,
2026-09-07 15:37:39.469744,0.49786376953125,0.490234375,0.50213623046875,0.50177001953125,-0.03515625,0.0234375,0.00390625,-0.00390625,0.0,0.0,699.0,0.0,192.2,29.8,16.5,2.0,12.0,36.96651133333334,-122.04040783333332,26.0,0.62,0.015,
2026-09-07 15:37:39.569819,0.49786376953125,0.490234375,0.50994873046875,0.50177001953125,0.04296875,0.0546875,0.00390625,0.0,0.0,0.001953125,699.0,0.0,192.2,29.8,16.5,2.0,12.0,36.966511833333335,-122.04040733333332,26.0,0.62,0.015,
2026-09-07 15:37:39.669703,-1.50213623046875,0.49017333984375,0.50994873046875,0.5018310546875,-0.00390625,0.015625,0.00390625,0.001953125,-0.001953125,-0.00390625,705.25,0.0,192.2,29.4,16.5,2.0,12.0,36.966511833333335,-122.04040733333332,26.0,0.62,0.015,
2026-09-07 15:37:39.770410,0.49786376953125,0.49017333984375,0.5098876953125,0.5018310546875,-0.00390625,0.0546875,0.00390625,0.0,0.001953125,0.001953125,705.25,0.0,192.2,29.4,16.5,2.0,12.0,36.966511833333335,-122.04040733333332,26.0,0.62,0.015,
2026-09-07 15:37:39.986519,-1.5020751953125,0.49017333984375,0.50994873046875,0.50177001953125,0.00390625,0.015625,0.00390625,0.001953125,0.0,0.0,700.0,0.0,192.2,29.4,16.5,2.0,12.0,36.966511833333335,-122.04040733333332,26.0,0.62,0.015,
2026-09-07 15:37:40.074785,0.49786376953125,0.49017333984375,0.5098876953125,0.5018310546875,-0.00390625,0.015625,0.00390625,0.0,0.0,0.001953125,707.0,0.0,192.2,29.8,16.5,2.0,12.0,36.966511833333335,-122.04040733333332,26.0,0.62,0.015,
2026-09-07 15:37:40.174951,0.4979248046875,0.49017333984375,0.5098876953125,0.5018310546875,-0.00390625,0.015625,0.00390625,0.001953125,0.0,0.0,707.0,0.0,192.2,29.8,16.5,2.0,12.0,36.966511833333335,-122.04040733333332,26.0,0.62,0.015,
2026-09-07 15:37:40.275341,0.4979248046875,0.49017333984375,0.5098876953125,0.50177001953125,-0.00390625,-0.0234375,0.00390625,0.001953125,0.001953125,0.001953125,708.5,0.0,192.2,29.4,16.5,2.0,12.0,36.966511833333335,-122.04040733333332,26.0,0.62,0.015,
2026-09-07 15:37:40.375211,0.4979248046875,0.4901123046875,0.50994873046875,0.50177001953125,-0.00390625,-0.0234375,0.00390625,-0.001953125,-0.001953125,-0.001953125,708.5,0.0,192.2,29.4,16.5,2.0,12.0,36.966511833333335,-122.04040733333332,26.0,0.62,0.027,
2026-09-07 15:37:40.475296,0.4979248046875,0.4901123046875,0.50994873046875,0.50177001953125,-0.01171875,-0.0234375,0.00390625,-0.001953125,0.0,-0.001953125,703.75,0.0,192.2,29.4,16.5,2.0,12.0,36.966511833333335,-122.04040733333332,26.0,0.62,0.027,
2026-09-07 15:37:40.575063,0.4979248046875,0.4901123046875,0.510009765625,0.501708984375,-0.00390625,-0.0625,-0.03515625,0.0,0.0,0.0,703.75,0.0,192.2,29.4,16.5,2.0,12.0,36.9665125,-122.04040816666668,25.9,0.65,0.027,
2026-09-07 15:37:40.682343,0.49798583984375,0.4901123046875,0.510009765625,0.501708984375,-0.00390625,-0.0234375,0.01171875,-0.001953125,0.001953125,0.0,700.0,0.0,192.2,29.4,16.5,2.0,12.0,36.9665125,-122.04040816666668,25.9,0.65,0.027,
2026-09-07 15:37:40.778896,0.49798583984375,0.4901123046875,0.510009765625,0.501708984375,-0.00390625,0.015625,0.00390625,0.001953125,-0.001953125,0.001953125,700.0,0.0,192.2,29.4,16.5,2.0,12.0,36.9665125,-122.04040816666668,25.9,0.65,0.027,
2026-09-07 15:37:40.880795,0.498046875,0.4901123046875,0.510009765625,0.50164794921875,0.03515625,0.015625,0.00390625,-0.00390625,0.0,0.0,705.25,0.0,192.2,29.4,16.5,2.0,12.0,36.9665125,-122.04040816666668,25.9,0.65,0.027,
2026-09-07 15:37:40.979368,0.49798583984375,0.4901123046875,0.51007080078125,0.50164794921875,0.00390625,0.015625,0.00390625,0.00390625,-0.001953125,-0.005859375,705.25,0.0,192.2,29.4,16.5,2.0,12.0,36.9665125,-122.04040816666668,25.9,0.65,0.027,
2026-09-07 15:37:41.080436,0.4979248046875,0.4901123046875,0.510009765625,0.501708984375,0.00390625,0.0234375,0.00390625,0.00390625,-0.001953125,-0.00390625,707.0,0.0,192.2,29.4,16.5,2.0,12.0,36.9665125,-122.04040816666668,25.9,0.65,0.027,
2026-09-07 15:37:41.180519,0.49798583984375,0.4901123046875,0.510009765625,0.501708984375,-0.04296875,-0.015625,0.00390625,-0.00390625,-0.001953125,0.00390625,707.0,0.0,192.2,29.4,16.5,2.0,12.0,36.9665125,-122.04040816666668,25.9,0.65,0.027,
2026-09-07 15:37:41.280229,-1.50201416015625,0.49005126953125,0.510009765625,0.501708984375,-0.04296875,-0.015625,-0.03515625,0.001953125,0.0,0.0,710.0,0.0,192.2,41.6,17.6,2.0,12.0,36.9665125,-122.04040816666668,25.9,0.65,0.027,
2026-09-07 15:37:41.381602,0.49798583984375,0.4901123046875,0.510009765625,0.501708984375,0.03515625,0.015625,0.01171875,-0.00390625,-0.001953125,0.0,710.0,0.0,192.2,41.6,17.6,2.0,12.0,36.9665125,-122.04040816666668,25.9,0.65,0.056,
2026-09-07 15:37:41.481100,0.49798583984375,0.4901123046875,0.510009765625,0.501708984375,-0.00390625,0.0234375,0.01171875,0.0,0.0,-0.001953125,738.25,0.0,192.2,42.0,17.6,2.0,12.0,36.96651266666667,-122.04040833333332,25.8,0.65,0.056,
2026-09-07 15:37:41.581519,0.498046875,0.49017333984375,0.50994873046875,0.50164794921875,-0.00390625,0.0234375,0.00390625,0.0,0.0,0.0,738.25,0.0,192.2,42.0,17.6,2.0,12.0,36.96651266666667,-122.04040833333332,25.8,0.65,0.056,
2026-09-07 15:37:41.681821,0.49798583984375,0.4901123046875,0.510009765625,0.50164794921875,-0.00390625,-0.015625,0.00390625,0.0,0.0,0.0,750.75,0.0,192.2,40.0,17.3,2.0,12.0,36.96651266666667,-122.04040833333332,25.8,0.65,0.056,
2026-09-07 15:37:41.781420,0.49798583984375,0.4901123046875,0.510009765625,0.50164794921875,0.03515625,-0.015625,0.00390625,0.0,0.0,0.0,750.75,0.0,192.2,40.0,17.3,2.0,12.0,36.96651266666667,-122.04040833333332,25.8,0.65,0.056,
2026-09-07 15:37:41.881166,0.498046875,0.49005126953125,0.51007080078125,0.50164794921875,-0.05078125,0.0234375,0.00390625,0.0,0.0,0.0,749.0,0.0,192.2,38.4,17.6,2.0,12.0,36.96651266666667,-122.04040833333332,25.8,0.65,0.056,
2026-09-07 15:37:42.211598,0.498046875,0.49005126953125,0.51007080078125,0.50164794921875,-0.01171875,0.5234375,0.00390625,0.0,0.0,0.0,741.25,0.0,192.2,38.4,17.6,2.0,12.0,36.96651266666667,-122.04040833333332,25.8,0.65,0.056,
2026-09-07 15:37:42.298862,0.498046875,0.489990234375,0.5101318359375,0.5015869140625,-0.01171875,-0.015625,0.00390625,0.0,0.0,0.0,741.25,0.0,192.2,38.4,17.6,2.0,12.0,36.96651266666667,-122.04040833333332,25.8,0.65,0.056,
2026-09-07 15:37:42.399489,0.49810791015625,0.489990234375,0.5101318359375,0.5015869140625,-0.04296875,0.0234375,0.00390625,0.0,0.0,0.0,742.75,0.0,192.2,38.4,17.6,2.0,12.0,36.96651266666667,-122.04040833333332,25.8,0.65,0.046,
2026-09-07 15:37:42.499174,0.498046875,0.489990234375,0.5101318359375,0.5015869140625,-0.00390625,0.0234375,0.00390625,0.0,0.0,0.0,742.75,0.0,192.2,38.4,17.6,2.0,12.0,36.966513,-122.040409,25.7,0.65,0.046,
2026-09-07 15:37:42.599341,0.498046875,0.489990234375,0.5101318359375,0.5015869140625,-0.04296875,-0.015625,0.00390625,0.0,0.0,0.0,737.5,0.0,192.2,38.8,17.6,2.0,12.0,36.966513,-122.040409,25.7,0.65,0.046,
2026-09-07 15:37:42.699402,0.498046875,0.489990234375,0.5101318359375,0.5015869140625,-0.00390625,-0.0234375,0.01171875,0.0,0.0,0.0,737.5,0.0,192.2,38.8,17.6,2.0,12.0,36.966513,-122.040409,25.7,0.65,0.046,
2026-09-07 15:37:42.798766,0.498046875,0.489990234375,0.5101318359375,0.5015869140625,-0.50390625,0.0234375,0.01171875,0.0,0.0,0.0,741.25,0.0,192.2,39.2,17.6,2.0,12.0,36.966513,-122.040409,25.7,0.65,0.046,
2026-09-07 15:37:42.899031,0.49810791015625,0.49005126953125,0.51007080078125,0.5015869140625,-0.00390625,0.0234375,0.00390625,0.0,0.0,0.0,741.25,0.0,192.2,39.2,17.6,2.0,12.0,36.966513,-122.040409,25.7,0.65,0.046,
2026-09-07 15:37:42.998782,0.498046875,0.49005126953125,0.51007080078125,0.5015869140625,-0.03515625,-0.0234375,0.00390625,0.0,0.0,0.0,742.75,0.0,192.2,40.4,17.6,2.0,12.0,36.966513,-122.040409,25.7,0.65,0.046,
2026-09-07 15:37:43.098520,0.498046875,0.49005126953125,0.51007080078125,0.50164794921875,0.00390625,-0.0234375,0.00390625,0.0,0.0,0.0,742.75,0.0,192.2,40.4,17.6,2.0,12.0,36.966513,-122.040409,25.7,0.65,0.046,
2026-09-07 15:37:43.199119,0.498046875,0.49005126953125,0.51007080078125,0.50164794921875,0.00390625,-0.0234375,0.00390625,-0.001953125,-0.001953125,0.001953125,744.5,0.0,192.2,40.4,17.6,2.0,12.0,36.966513,-122.040409,25.7,0.65,0.046,
2026-09-07 15:37:43.298718,0.49798583984375,0.49005126953125,0.51007080078125,0.501708984375,-0.00390625,0.0234375,0.00390625,0.001953125,0.001953125,0.0,744.5,0.0,192.2,40.4,17.6,2.0,12.0,36.966513,-122.040409,25.7,0.65,0.046,
2026-09-07 15:37:43.399097,0.49798583984375,0.49005126953125,0.51007080078125,0.501708984375,-0.00390625,0.0234375,0.00390625,0.0,0.0,-0.00390625,748.25,0.0,192.2,40.8,17.6,2.0,12.0,36.966513,-122.040409,25.7,0.65,0.054,
2026-09-07 15:37:43.498640,0.49798583984375,0.49005126953125,0.51007080078125,0.501708984375,-0.00390625,-0.015625,0.00390625,0.0,-0.001953125,-0.001953125,748.25,0.0,192.2,40.8,17.6,2.0,12.0,36.966513,-122.0404095,25.6,0.65,0.054,
2026-09-07 15:37:43.599364,0.49798583984375,0.49005126953125,0.51007080078125,0.501708984375,-0.00390625,-0.0234375,0.00390625,0.0,-0.001953125,0.0,752.25,0.0,192.2,41.2,17.6,2.0,12.0,36.966513,-122.0404095,25.6,0.65,0.054,
2026-09-07 15:37:43.699117,0.49798583984375,0.49005126953125,0.50225830078125,0.501708984375,-0.00390625,0.015625,0.00390625,-0.001953125,0.0,-0.001953125,752.25,0.0,192.2,41.2,17.6,2.0,12.0,36.966513,-122.0404095,25.6,0.65,0.054,
2026-09-07 15:37:43.799443,0.498046875,0.49005126953125,0.51007080078125,0.501708984375,-0.00390625,-0.0234375,0.00390625,0.00390625,-0.001953125,0.001953125,753.0,0.0,192.2,41.6,17.6,2.0,12.0,36.966513,-122.0404095,25.6,0.65,0.054,
2026-09-07 15:37:43.899111,0.498046875,0.49005126953125,0.510009765625,0.501708984375,-0.00390625,0.015625,0.00390625,0.0,-0.001953125,-0.001953125,753.0,0.0,192.2,41.6,17.6,2.0,12.0,36.966513,-122.0404095,25.6,0.65,0.054,
2026-09-07 15:37:44.006237,0.498046875,0.489990234375,0.510009765625,0.501708984375,-0.00390625,0.0234375,-0.03515625,0.0,-0.001953125,0.0,752.25,0.0,192.2,41.2,17.6,2.0,12.0,36.966513,-122.0404095,25.6,0.65,0.054,
2026-09-07 15:37:44.098933,0.49798583984375,0.49005126953125,0.510009765625,0.501708984375,-0.04296875,-0.015625,0.00390625,-0.00390625,-0.001953125,0.00390625,752.25,0.0,192.2,41.2,17.6,2.0,12.0,36.966513,-122.0404095,25.6,0.65,0.054,
2026-09-07 15:37:44.206006,0.49798583984375,0.489990234375,0.510009765625,0.50177001953125,0.03515625,0.015625,0.00390625,0.0,0.0,-0.001953125,760.0,0.0,192.2,41.6,17.6,2.0,12.0,36.966513,-122.0404095,25.6,0.65,0.054,
2026-09-07 15:37:44.305550,0.498046875,0.48992919921875,0.51007080078125,0.50177001953125,-0.00390625,-0.0234375,0.00390625,0.0,0.0,0.0,760.0,0.0,192.2,41.6,17.6,2.0,12.0,36.966513,-122.0404095,25.6,0.65,0.054,
2026-09-07 15:37:44.404962,0.498046875,0.48992919921875,0.51007080078125,0.50177001953125,-0.00390625,0.0234375,0.00390625,0.0,0.0,0.0,757.0,0.0,194.0,41.6,17.6,2.0,12.0,36.966513,-122.0404095,25.6,0.65,0.063,
2026-09-07 15:37:44.504934,0.498046875,0.48992919921875,0.51007080078125,0.50177001953125,-0.04296875,-0.015625,0.00390625,0.0,0.0,0.0,757.0,0.0,194.0,41.6,17.6,2.0,12.0,36.96651283333333,-122.04040983333331,25.5,0.65,0.063,
2026-09-07 15:37:44.605419,0.498046875,0.48992919921875,0.502197265625,0.50177001953125,0.00390625,-0.015625,0.00390625,0.0,0.0,0.0,763.25,0.0,194.0,41.6,17.6,2.0,12.0,36.96651283333333,-122.04040983333331,25.5,0.65,0.063,
2026-09-07 15:37:44.705485,0.49798583984375,0.489990234375,0.510009765625,0.50177001953125,0.00390625,0.0234375,0.00390625,0.0,0.0,0.0,763.25,0.0,194.0,41.6,17.6,2.0,12.0,36.96651283333333,-122.04040983333331,25.5,0.65,0.063,
2026-09-07 15:37:44.805164,0.49798583984375,0.489990234375,0.510009765625,0.5018310546875,-0.00390625,-0.015625,0.00390625,0.0,0.0,0.0,762.5,0.0,192.2,41.2,17.6,2.0,12.0,36.96651283333333,-122.04040983333331,25.5,0.65,0.063,
2026-09-07 15:37:44.905012,0.49798583984375,0.489990234375,0.510009765625,0.5018310546875,-0.00390625,-0.015625,0.00390625,0.0,0.0,0.0,762.5,0.0,192.2,41.2,17.6,2.0,12.0,36.96651283333333,-122.04040983333331,25.5,0.65,0.063,
2026-09-07 15:37:45.006456,0.49798583984375,0.489990234375,0.510009765625,0.50177001953125,-0.00390625,0.0234375,0.00390625,0.0,0.0,0.0,761.5,0.0,194.0,40.8,17.6,2.0,12.0,36.96651283333333,-122.04040983333331,25.5,0.65,0.063,
2026-09-07 15:37:45.105236,0.49798583984375,0.489990234375,0.510009765625,0.50177001953125,-0.00390625,-0.015625,0.00390625,0.0,0.0,0.0,761.5,0.0,194.0,40.8,17.6,2.0,12.0,36.96651283333333,-122.04040983333331,25.5,0.65,0.063,
2026-09-07 15:37:45.205369,0.49798583984375,0.489990234375,0.510009765625,0.50177001953125,-0.00390625,-0.015625,0.00390625,0.0,0.0,0.0,761.5,0.0,192.2,40.0,17.6,2.0,12.0,36.96651283333333,-122.04040983333331,25.5,0.65,0.063,
2026-09-07 15:37:45.305850,0.49798583984375,0.48992919921875,0.51007080078125,0.50177001953125,-0.00390625,0.0234375,0.00390625,0.0,0.0,0.001953125,761.5,0.0,192.2,40.0,17.6,2.0,12.0,36.96651283333333,-122.04040983333331,25.5,0.65,0.063,
2026-09-07 15:37:45.406684,0.49798583984375,-1.510009765625,0.51007080078125,0.501708984375,-0.00390625,0.0234375,-0.03515625,-0.00390625,0.001953125,0.001953125,751.5,0.0,194.0,40.4,17.6,2.0,12.0,36.96651283333333,-122.04040983333331,25.5,0.65,0.045,
2026-09-07 15:37:45.505767,-1.501953125,0.489990234375,0.51007080078125,0.501708984375,-0.04296875,-0.0234375,0.00390625,-0.00390625,-0.001953125,0.0,751.5,0.0,194.0,40.4,17.6,2.0,12.0,36.96651283333333,-122.04041,25.5,0.65,0.045,
2026-09-07 15:37:45.841282,0.498046875,0.49005126953125,0.50994873046875,0.501708984375,0.00390625,-0.0234375,0.00390625,-0.001953125,-0.001953125,0.001953125,756.25,0.0,194.0,39.6,17.6,2.0,12.0,36.96651283333333,-122.04041,25.5,0.65,0.045,
2026-09-07 15:37:45.939349,0.49798583984375,0.49005126953125,0.50994873046875,0.50177001953125,-0.00390625,-0.0234375,0.00390625,-0.00390625,-0.001953125,0.001953125,756.25,0.0,194.0,39.6,17.6,2.0,12.0,36.96651283333333,-122.04041,25.5,0.65,0.045,
2026-09-07 15:37:46.040581,0.498046875,0.49005126953125,0.510009765625,0.501708984375,-0.00390625,-0.0234375,0.00390625,0.0,0.0,0.001953125,756.25,0.0,194.0,39.6,17.6,2.0,12.0,36.96651283333333,-122.04041,25.5,0.65,0.045,
2026-09-07 15:37:46.141059,0.498046875,-1.50994873046875,0.510009765625,0.501708984375,-0.00390625,-0.0234375,0.00390625,0.0,0.0,0.001953125,756.25,0.0,194.0,39.6,17.6,2.0,12.0,36.96651283333333,-122.04041,25.5,0.65,0.045,
2026-09-07 15:37:46.241345,0.49798583984375,0.489990234375,0.510009765625,0.50177001953125,-0.00390625,-0.0234375,0.00390625,0.0,0.0,0.001953125,750.75,0.0,194.0,39.6,17.6,2.0,12.0,36.96651283333333,-122.04041,25.5,0.65,0.045,
2026-09-07 15:37:46.340876,0.49798583984375,0.489990234375,0.510009765625,0.50177001953125,0.00390625,0.015625,0.00390625,-0.005859375,-0.001953125,0.001953125,750.75,0.0,194.0,39.6,17.6,2.0,12.0,36.96651283333333,-122.04041,25.5,0.65,0.045,
2026-09-07 15:37:46.441125,0.498046875,0.49005126953125,0.50994873046875,0.50177001953125,0.00390625,-0.015625,0.01171875,0.0,0.0,-0.001953125,756.25,0.0,194.0,39.6,17.6,2.0,12.0,36.96651283333333,-122.04041,25.5,0.65,0.058,
2026-09-07 15:37:46.541116,0.498046875,0.49005126953125,0.5098876953125,0.50177001953125,-0.03515625,0.0234375,0.01171875,0.0,-0.001953125,0.0,756.25,0.0,194.0,39.6,17.6,2.0,12.0,36.96651266666667,-122.04041,25.4,0.65,0.058,
2026-09-07 15:37:46.640986,0.498046875,0.4901123046875,0.5098876953125,0.50177001953125,0.00390625,0.0234375,0.00390625,0.0,0.0,0.0,760.75,0.0,194.0,39.2,17.6,2.0,12.0,36.96651266666667,-122.04041,25.4,0.65,0.058,
2026-09-07 15:37:46.740885,0.498046875,0.4901123046875,0.5098876953125,0.50177001953125,0.00390625,0.015625,0.00390625,0.001953125,0.0,0.0,760.75,0.0,194.0,39.2,17.6,2.0,12.0,36.96651266666667,-122.04041,25.4,0.65,0.058,
2026-09-07 15:37:46.840894,0.49798583984375,0.4901123046875,0.5098876953125,0.5018310546875,0.00390625,-0.0234375,0.00390625,-0.001953125,0.0,0.0,761.5,0.0,194.0,38.8,17.6,2.0,12.0,36.96651266666667,-122.04041,25.4,0.65,0.058,
2026-09-07 15:37:46.940338,0.4979248046875,0.4901123046875,0.5098876953125,0.5018310546875,0.00390625,0.015625,0.00390625,0.001953125,0.0,-0.001953125,761.5,0.0,194.0,38.8,17.6,2.0,12.0,36.96651266666667,-122.04041,25.4,0.65,0.058,
2026-09-07 15:37:47.040954,0.49798583984375,0.4901123046875,0.5098876953125,0.5018310546875,-0.00390625,0.015625,0.00390625,0.0,0.0,-0.00390625,761.5,0.0,192.2,39.2,17.6,2.0,12.0,36.96651266666667,-122.04041,25.4,0.65,0.058,
2026-09-07 15:37:47.140241,0.49798583984375,0.49005126953125,0.50994873046875,0.5018310546875,-0.00390625,-0.0234375,0.00390625,0.0,-0.001953125,0.0,761.5,0.0,192.2,39.2,17.6,2.0,12.0,36.96651266666667,-122.04041,25.4,0.65,0.058,
2026-09-07 15:37:47.240182,0.49798583984375,0.49005126953125,0.50994873046875,0.5018310546875,-0.00390625,-0.0234375,0.00390625,0.001953125,0.0,-0.001953125,758.5,0.0,192.2,39.2,17.6,2.0,12.0,36.96651266666667,-122.04041,25.4,0.65,0.058,
2026-09-07 15:37:47.340343,0.49798583984375,0.49005126953125,0.50994873046875,0.50177001953125,-0.00390625,0.015625,0.00390625,-0.001953125,0.0,0.0,758.5,0.0,192.2,39.2,17.6,2.0,12.0,36.96651266666667,-122.04041,25.4,0.65,0.058,
2026-09-07 15:37:47.440602,0.498046875,0.49005126953125,0.510009765625,0.50177001953125,-0.00390625,-0.0234375,0.00390625,0.0,-0.001953125,0.001953125,757.75,0.0,194.0,39.2,17.6,2.0,12.0,36.96651266666667,-122.04041,25.4,0.65,0.082,
2026-09-07 15:37:47.540626,0.498046875,0.49005126953125,0.50994873046875,0.50177001953125,-0.00390625,-0.0234375,0.00390625,0.0,0.0,-0.001953125,757.75,0.0,194.0,39.2,17.6,2.0,12.0,36.96651266666667,-122.04041016666666,25.4,0.65,0.082,
2026-09-07 15:37:47.647192,0.498046875,0.49005126953125,0.510009765625,0.50177001953125,-0.00390625,0.015625,0.00390625,-0.00390625,0.0,0.0,757.75,0.0,192.2,39.2,17.3,2.0,12.0,36.96651266666667,-122.04041016666666,25.4,0.65,0.082,
2026-09-07 15:37:47.739879,0.498046875,0.489990234375,0.50994873046875,0.50177001953125,-0.00390625,0.015625,0.00390625,0.0,0.0,0.0,757.75,0.0,192.2,39.2,17.3,2.0,12.0,36.96651266666667,-122.04041016666666,25.4,0.65,0.082,
2026-09-07 15:37:47.847701,0.498046875,0.489990234375,0.50994873046875,0.5018310546875,-0.00390625,-0.0234375,0.00390625,0.0,0.0,0.00390625,760.75,0.0,194.0,38.8,17.3,2.0,12.0,36.96651266666667,-122.04041016666666,25.4,0.65,0.082,
2026-09-07 15:37:47.940173,0.498046875,0.489990234375,0.50994873046875,0.50177001953125,-0.00390625,-0.0234375,0.00390625,0.0,0.001953125,0.0,760.75,0.0,194.0,38.8,17.3,2.0,12.0,36.96651266666667,-122.04041016666666,25.4,0.65,0.082,
2026-09-07 15:37:48.048438,0.498046875,0.48992919921875,0.510009765625,0.50177001953125,-0.00390625,0.0234375,0.00390625,-0.005859375,0.001953125,0.00390625,766.25,0.0,194.0,38.4,17.6,2.0,12.0,36.96651266666667,-122.04041016666666,25.4,0.65,0.082,
2026-09-07 15:37:48.139434,0.49810791015625,0.489990234375,0.50994873046875,0.50177001953125,-0.00390625,-0.015625,-0.03515625,0.0,0.0,0.001953125,766.25,0.0,194.0,38.4,17.6,2.0,12.0,36.96651266666667,-122.04041016666666,25.4,0.65,0.082,
2026-09-07 15:37:48.247378,0.49810791015625,0.48992919921875,0.50994873046875,0.50177001953125,-0.00390625,-0.0234375,0.01171875,0.00390625,0.0,0.0,760.75,0.0,192.2,38.4,17.6,2.0,12.0,36.96651266666667,-122.04041016666666,25.4,0.65,0.082,
2026-09-07 15:37:48.346787,0.49810791015625,0.48992919921875,0.50994873046875,0.50177001953125,-0.00390625,0.0234375,0.01171875,-0.005859375,0.0,0.00390625,760.75,0.0,192.2,38.4,17.6,2.0,12.0,36.96651266666667,-122.04041016666666,25.4,0.65,0.082,
2026-09-07 15:37:48.447331,0.49810791015625,0.48992919921875,0.50994873046875,0.50177001953125,-0.00390625,-0.015625,0.00390625,0.0,0.0,0.00390625,761.5,0.0,194.0,38.4,17.3,2.0,12.0,36.96651266666667,-122.04041016666666,25.4,0.65,0.129,
2026-09-07 15:37:48.546623,0.4981689453125,0.48992919921875,0.50994873046875,0.50177001953125,-0.00390625,-0.015625,0.00390625,-0.00390625,0.0,0.001953125,761.5,0.0,194.0,38.4,17.3,2.0,12.0,36.96651266666667,-122.04041133333334,25.3,0.72,0.129,
2026-09-07 15:37:48.647061,0.49810791015625,0.48992919921875,0.510009765625,0.50177001953125,-0.00390625,0.0234375,0.00390625,0.0,0.0,0.0,763.25,0.0,194.0,38.4,17.3,2.0,12.0,36.96651266666667,-122.04041133333334,25.3,0.72,0.129,
2026-09-07 15:37:48.746637,0.49810791015625,0.48992919921875,0.50994873046875,0.5018310546875,-0.00390625,-0.0234375,0.04296875,0.0,0.0,0.0,763.25,0.0,194.0,38.4,17.3,2.0,12.0,36.96651266666667,-122.04041133333334,25.3,0.72,0.129,
2026-09-07 15:37:48.846989,0.49810791015625,0.48992919921875,0.510009765625,0.50177001953125,-0.00390625,-0.0234375,0.50390625,0.005859375,-0.001953125,0.0,765.5,0.0,192.2,38.4,17.6,2.0,12.0,36.96651266666667,-122.04041133333334,25.3,0.72,0.129,
2026-09-07 15:37:48.947020,0.49810791015625,0.48992919921875,0.510009765625,0.50177001953125,-0.00390625,0.0234375,0.00390625,0.001953125,0.0,0.0,765.5,0.0,192.2,38.4,17.6,2.0,12.0,36.96651266666667,-122.04041133333334,25.3,0.72,0.129,
2026-09-07 15:37:49.047563,0.49810791015625,0.48992919921875,0.510009765625,0.50177001953125,-0.00390625,0.0234375,0.00390625,0.0,0.0,0.0,757.0,0.0,192.2,38.8,17.6,2.0,12.0,36.96651266666667,-122.04041133333334,25.3,0.72,0.129,
2026-09-07 15:37:49.146910,0.49810791015625,0.48992919921875,0.510009765625,0.50177001953125,-0.00390625,-0.015625,0.00390625,0.001953125,0.001953125,-0.001953125,757.0,0.0,192.2,38.8,17.6,2.0,12.0,36.96651266666667,-122.04041133333334,25.3,0.72,0.129,
2026-09-07 15:37:49.247059,0.49810791015625,0.48992919921875,0.510009765625,0.50177001953125,-0.00390625,-0.0234375,0.00390625,0.001953125,-0.001953125,-0.001953125,761.5,0.0,194.0,38.8,17.6,2.0,12.0,36.96651266666667,-122.04041133333334,25.3,0.72,0.129,
2026-09-07 15:37:49.347036,0.490234375,0.489990234375,0.510009765625,0.50177001953125,-0.00390625,0.015625,0.00390625,0.001953125,-0.001953125,-0.001953125,761.5,0.0,194.0,38.8,17.6,2.0,12.0,36.96651266666667,-122.04041133333334,25.3,0.72,0.129,
2026-09-07 15:37:49.447674,0.498046875,0.489990234375,0.510009765625,0.50177001953125,-0.00390625,0.015625,0.00390625,0.0,-0.001953125,0.0,758.5,0.0,192.2,38.4,17.3,2.0,12.0,36.96651266666667,-122.04041133333334,25.3,0.72,0.02,
2026-09-07 15:37:49.547002,0.49810791015625,0.48992919921875,0.510009765625,0.50177001953125,-0.00390625,-0.0234375,0.00390625,0.001953125,0.0,0.0,758.5,0.0,192.2,38.4,17.3,2.0,12.0,36.96651266666667,-122.04041216666668,25.3,0.72,0.02,
2026-09-07 15:37:49.647643,-1.50189208984375,0.48992919921875,0.510009765625,0.50177001953125,-0.04296875,-0.0234375,0.00390625,0.0,0.0,0.0,753.0,0.0,194.0,38.8,17.3,2.0,12.0,36.96651266666667,-122.04041216666668,25.3,0.72,0.02,
2026-09-07 15:37:49.746712,0.49810791015625,-1.51007080078125,0.510009765625,0.50177001953125,-0.00390625,-0.0234375,0.00390625,0.0,-0.001953125,0.001953125,753.0,0.0,194.0,38.8,17.3,2.0,12.0,36.96651266666667,-122.04041216666668,25.3,0.72,0.02,
2026-09-07 15:37:50.079436,0.498046875,0.489990234375,0.50994873046875,0.5018310546875,-0.00390625,-0.015625,0.00390625,0.0,0.0,-0.001953125,753.75,0.0,194.0,39.2,17.6,2.0,12.0,36.96651266666667,-122.04041216666668,25.3,0.72,0.02,
2026-09-07 15:37:50.172597,0.498046875,0.489990234375,0.50994873046875,0.5018310546875,0.00390625,-0.0078125,0.00390625,-0.00390625,0.0,0.001953125,753.75,0.0,194.0,39.2,17.6,2.0,12.0,36.96651266666667,-122.04041216666668,25.3,0.72,0.02,
2026-09-07 15:37:50.270423,0.498046875,0.489990234375,0.5098876953125,0.50189208984375,0.00390625,0.03125,0.00390625,0.0,-0.001953125,0.00390625,757.0,0.0,194.0,39.2,17.6,2.0,12.0,36.96651266666667,-122.04041216666668,25.3,0.72,0.02,
2026-09-07 15:37:50.369714,0.498046875,0.489990234375,0.5098876953125,0.50189208984375,-0.00390625,-0.015625,0.00390625,0.0,0.0,0.001953125,757.0,0.0,194.0,39.2,17.6,2.0,12.0,36.96651266666667,-122.04041216666668,25.3,0.72,0.019,
2026-09-07 15:37:50.471012,0.498046875,0.48992919921875,0.50994873046875,0.5018310546875,-0.00390625,0.0234375,-0.03515625,-0.00390625,0.0,0.0,755.25,0.0,194.0,39.6,17.6,2.0,12.0,36.96651266666667,-122.04041216666668,25.3,0.72,0.019,
2026-09-07 15:37:50.570462,0.498046875,0.48992919921875,0.50994873046875,0.50189208984375,-0.04296875,-0.0234375,0.00390625,0.001953125,-0.001953125,0.001953125,755.25,0.0,194.0,39.6,17.6,2.0,12.0,36.9665125,-122.04041233333334,25.2,0.7,0.019,
2026-09-07 15:37:50.671460,0.49810791015625,0.4898681640625,0.50994873046875,0.50189208984375,-0.00390625,0.015625,0.00390625,-0.00390625,-0.001953125,0.001953125,757.75,0.0,194.0,39.2,17.6,2.0,12.0,36.9665125,-122.04041233333334,25.2,0.7,0.019,
2026-09-07 15:37:50.771851,0.49810791015625,0.4898681640625,0.5098876953125,0.50189208984375,-0.00390625,-0.0234375,0.00390625,0.0,0.0,0.0,757.75,0.0,194.0,39.2,17.6,2.0,12.0,36.9665125,-122.04041233333334,25.2,0.7,0.019,
2026-09-07 15:37:50.871396,0.49810791015625,0.4898681640625,0.5098876953125,0.50189208984375,-0.00390625,-0.0234375,0.00390625,-0.001953125,0.0,0.0,756.25,0.0,194.0,39.2,17.6,2.0,12.0,36.9665125,-122.04041233333334,25.2,0.7,0.019,
2026-09-07 15:37:50.972474,0.49810791015625,0.4898681640625,0.50994873046875,0.50189208984375,-0.00390625,0.015625,0.00390625,0.0,0.0,0.001953125,756.25,0.0,194.0,39.2,17.6,2.0,12.0,36.9665125,-122.04041233333334,25.2,0.7,0.019,
2026-09-07 15:37:51.072056,0.4981689453125,0.4898681640625,0.50994873046875,0.5018310546875,-0.01171875,-0.0234375,0.50390625,-0.001953125,0.0,-0.001953125,759.25,0.0,194.0,39.2,17.6,2.0,12.0,36.9665125,-122.04041233333334,25.2,0.7,0.019,
2026-09-07 15:37:51.172818,0.49810791015625,0.4898681640625,0.50213623046875,0.5018310546875,-0.00390625,-0.0234375,0.00390625,-0.001953125,-0.001953125,0.0,759.25,0.0,194.0,39.2,17.6,2.0,12.0,36.9665125,-122.04041233333334,25.2,0.7,0.019,
2026-09-07 15:37:51.272692,0.4981689453125,0.4898681640625,0.50994873046875,0.5018310546875,-0.00390625,0.015625,0.00390625,-0.001953125,0.0,0.0,760.75,0.0,194.0,39.2,17.6,2.0,12.0,36.9665125,-122.04041233333334,25.2,0.7,0.019,
2026-09-07 15:37:51.373857,0.4981689453125,-1.5101318359375,0.50994873046875,0.5018310546875,-0.00390625,0.0234375,0.00390625,0.0,-0.001953125,0.0,760.75,0.0,194.0,39.2,17.6,2.0,12.0,36.9665125,-122.04041233333334,25.2,0.7,0.084,
2026-09-07 15:37:51.473481,0.4981689453125,0.4898681640625,0.5098876953125,0.50189208984375,-0.00390625,-0.0234375,-0.03515625,0.0,0.001953125,0.0,762.5,0.0,194.0,39.2,17.6,2.0,12.0,36.9665125,-122.04041233333334,25.2,0.7,0.084,
2026-09-07 15:37:51.573636,0.4981689453125,0.4898681640625,0.5098876953125,0.50189208984375,-0.04296875,-0.0234375,0.01171875,0.005859375,0.001953125,0.0,762.5,0.0,194.0,39.2,17.6,2.0,12.0,36.96651266666667,-122.04041266666668,25.3,0.7,0.084,
2026-09-07 15:37:51.672989,0.4981689453125,0.48992919921875,0.50982666015625,0.5018310546875,0.00390625,-0.0234375,0.01171875,0.0,0.001953125,-0.00390625,755.25,0.0,194.0,39.2,17.6,2.0,12.0,36.96651266666667,-122.04041266666668,25.3,0.7,0.084,
2026-09-07 15:37:51.773465,0.4981689453125,-1.51007080078125,0.50982666015625,0.50189208984375,0.00390625,0.015625,0.00390625,0.0,-0.001953125,0.0,755.25,0.0,194.0,39.2,17.6,2.0,12.0,36.96651266666667,-122.04041266666668,25.3,0.7,0.084,
2026-09-07 15:37:51.873250,0.4981689453125,0.48992919921875,0.509765625,0.501953125,0.00390625,-0.0234375,0.00390625,0.0,-0.001953125,-0.001953125,754.5,0.0,194.0,39.6,17.3,2.0,12.0,36.96651266666667,-122.04041266666668,25.3,0.7,0.084,
2026-09-07 15:37:51.972893,0.4981689453125,0.4898681640625,0.509765625,0.501953125,-0.00390625,0.015625,0.00390625,0.0,0.0,0.0,754.5,0.0,194.0,39.6,17.3,2.0,12.0,36.96651266666667,-122.04041266666668,25.3,0.7,0.084,
2026-09-07 15:37:52.073746,0.49822998046875,0.48992919921875,0.509765625,0.50189208984375,-0.00390625,0.015625,0.01171875,0.001953125,0.0,0.0,760.75,0.0,194.0,38.8,17.3,2.0,12.0,36.96651266666667,-122.04041266666668,25.3,0.7,0.084,
2026-09-07 15:37:52.172734,0.49822998046875,0.48992919921875,0.509765625,0.50189208984375,0.00390625,-0.0234375,0.01171875,0.0,-0.001953125,0.0,760.75,0.0,194.0,38.8,17.3,2.0,12.0,36.96651266666667,-122.04041266666668,25.3,0.7,0.084,
2026-09-07 15:37:52.273481,0.498291015625,0.4898681640625,0.509765625,0.50189208984375,-0.00390625,0.015625,0.00390625,0.001953125,0.0,0.001953125,758.5,0.0,192.2,38.8,17.3,2.0,12.0,36.96651266666667,-122.04041266666668,25.3,0.7,0.084,
2026-09-07 15:37:52.372723,0.498291015625,-1.51019287109375,0.509765625,0.50189208984375,-0.00390625,0.015625,-0.03515625,-0.001953125,-0.001953125,0.0,758.5,0.0,192.2,38.8,17.3,2.0,12.0,36.96651266666667,-122.04041266666668,25.3,0.7,0.104,
2026-09-07 15:37:52.473324,0.498291015625,0.4898681640625,0.509765625,0.50189208984375,-0.00390625,0.015625,0.00390625,0.001953125,0.0,0.00390625,762.5,0.0,194.0,38.8,17.3,2.0,12.0,36.96651266666667,-122.04041266666668,25.3,0.7,0.104,
2026-09-07 15:37:52.678960,0.49822998046875,0.48980712890625,0.50982666015625,0.50189208984375,-0.04296875,-0.0234375,0.01171875,-0.001953125,-0.001953125,0.001953125,764.0,0.0,194.0,39.2,17.6,2.0,12.0,36.96651233333333,-122.04041316666668,25.2,0.7,0.104,
2026-09-07 15:37:52.776241,0.498291015625,0.4898681640625,0.509765625,0.50189208984375,-0.00390625,-0.0234375,0.00390625,-0.001953125,0.0,0.0,764.0,0.0,194.0,39.2,17.6,2.0,12.0,36.96651233333333,-122.04041316666668,25.2,0.7,0.104,
2026-09-07 15:37:52.876643,0.498291015625,0.4898681640625,0.509765625,0.50189208984375,-0.00390625,0.0234375,0.00390625,0.001953125,0.0,-0.001953125,761.5,0.0,194.0,39.2,17.3,2.0,12.0,36.96651233333333,-122.04041316666668,25.2,0.7,0.104,
2026-09-07 15:37:52.976553,0.498291015625,0.4898681640625,0.509765625,0.50189208984375,0.02734375,0.015625,0.00390625,0.001953125,0.0,-0.001953125,761.5,0.0,194.0,39.2,17.3,2.0,12.0,36.96651233333333,-122.04041316666668,25.2,0.7,0.104,
2026-09-07 15:37:53.076220,0.498291015625,0.48980712890625,0.50982666015625,0.50189208984375,-0.01171875,-0.0625,0.01171875,-0.001953125,0.0,-0.001953125,761.5,0.0,194.0,39.2,17.3,2.0,12.0,36.96651233333333,-122.04041316666668,25.2,0.7,0.104,
2026-09-07 15:37:53.176013,0.498291015625,0.48980712890625,0.50982666015625,0.5018310546875,-0.00390625,-0.015625,0.01171875,-0.001953125,-0.001953125,-0.00390625,761.5,0.0,194.0,39.2,17.3,2.0,12.0,36.96651233333333,-122.04041316666668,25.2,0.7,0.104,
2026-09-07 15:37:53.275543,0.498291015625,0.48980712890625,0.50982666015625,0.5018310546875,-0.00390625,0.0234375,0.00390625,0.0,0.0,-0.001953125,763.25,0.0,194.0,39.2,17.3,2.0,12.0,36.96651233333333,-122.04041316666668,25.2,0.7,0.104,
2026-09-07 15:37:53.375868,0.49835205078125,0.48980712890625,0.50982666015625,0.5018310546875,-0.00390625,-0.0234375,0.00390625,0.00390625,0.0,0.0,763.25,0.0,194.0,39.2,17.3,2.0,12.0,36.96651233333333,-122.04041316666668,25.2,0.7,0.053,
2026-09-07 15:37:53.476231,0.49835205078125,0.4898681640625,0.50982666015625,0.5018310546875,-0.00390625,-0.0234375,-0.03515625,0.0,-0.001953125,0.0,757.75,0.0,194.0,38.8,17.3,2.0,12.0,36.96651233333333,-122.04041316666668,25.2,0.7,0.053,
2026-09-07 15:37:53.575868,0.49835205078125,0.48980712890625,0.50982666015625,0.5018310546875,-0.00390625,-0.015625,0.00390625,0.0,0.0,0.0,757.75,0.0,194.0,38.8,17.3,2.0,12.0,36.966511833333335,-122.040413,25.1,0.7,0.053,
2026-09-07 15:37:53.675976,0.498291015625,0.48980712890625,0.50982666015625,0.50189208984375,-0.04296875,-0.015625,0.00390625,-0.001953125,0.0,0.0,760.0,0.0,194.0,38.8,17.3,2.0,12.0,36.966511833333335,-122.040413,25.1,0.7,0.053,
2026-09-07 15:37:53.776129,0.49822998046875,0.48980712890625,0.50982666015625,0.50189208984375,0.00390625,-0.015625,0.00390625,0.0,0.0,0.001953125,760.0,0.0,194.0,38.8,17.3,2.0,12.0,36.966511833333335,-122.040413,25.1,0.7,0.053,
2026-09-07 15:37:53.876026,0.49822998046875,0.48980712890625,0.5098876953125,0.50189208984375,-0.00390625,0.0234375,0.00390625,-0.001953125,0.0,0.001953125,758.5,0.0,194.0,38.8,17.3,2.0,12.0,36.966511833333335,-122.040413,25.1,0.7,0.053,
2026-09-07 15:37:54.092797,0.4981689453125,0.4898681640625,0.5098876953125,0.50189208984375,0.00390625,0.0234375,0.01171875,-0.005859375,0.0,0.001953125,721.0,0.0,194.0,38.8,16.1,2.0,12.0,36.966511833333335,-122.040413,25.1,0.7,0.053,
2026-09-07 15:37:54.185923,0.4981689453125,0.48992919921875,0.50982666015625,0.50189208984375,-0.00390625,-0.0234375,0.00390625,0.001953125,0.0,0.0,721.0,0.0,194.0,38.8,16.1,2.0,12.0,36.966511833333335,-122.040413,25.1,0.7,0.053,
2026-09-07 15:37:54.287411,0.49810791015625,0.48992919921875,0.50982666015625,0.50189208984375,-0.00390625,0.015625,0.00390625,-0.001953125,-0.001953125,-0.00390625,714.0,0.0,194.0,35.7,16.9,2.0,12.0,36.966511833333335,-122.040413,25.1,0.7,0.053,
2026-09-07 15:37:54.386762,0.4903564453125,0.4898681640625,0.50982666015625,0.50189208984375,-0.00390625,-0.0234375,0.00390625,0.001953125,0.0,0.001953125,714.0,0.0,194.0,35.7,16.9,2.0,12.0,36.966511833333335,-122.040413,25.1,0.7,0.016,
2026-09-07 15:37:54.487622,0.4981689453125,0.4898681640625,0.50982666015625,0.50189208984375,-0.01171875,-0.0234375,0.00390625,-0.00390625,0.0,0.001953125,711.5,0.0,194.0,35.3,16.5,2.0,12.0,36.9665115,-122.04041316666668,25.0,0.7,0.016,
2026-09-07 15:37:54.710738,0.4981689453125,0.48980712890625,0.5098876953125,0.50189208984375,-0.05078125,-0.015625,0.00390625,0.001953125,0.0,-0.001953125,721.75,0.0,194.0,33.3,16.5,2.0,12.0,36.9665115,-122.04041316666668,25.0,0.7,0.016,
2026-09-07 15:37:54.803751,0.49822998046875,0.48980712890625,0.5098876953125,0.501953125,-0.00390625,-0.015625,0.00390625,0.001953125,0.0,0.0,730.25,0.0,194.0,32.2,16.5,2.0,12.0,36.9665115,-122.04041316666668,25.0,0.7,0.016,
2026-09-07 15:37:54.910776,0.49822998046875,0.48980712890625,0.50982666015625,0.50189208984375,-0.00390625,0.0234375,0.01171875,-0.00390625,0.0,-0.001953125,730.25,0.0,194.0,32.2,16.5,2.0,12.0,36.9665115,-122.04041316666668,25.0,0.7,0.016,
2026-09-07 15:37:55.003356,0.49822998046875,0.48980712890625,0.50982666015625,0.50189208984375,-0.00390625,-0.0234375,0.01171875,0.0,0.0,0.001953125,730.25,0.0,194.0,32.2,16.5,2.0,12.0,36.9665115,-122.04041316666668,25.0,0.7,0.016,
2026-09-07 15:37:55.109570,0.49822998046875,0.48980712890625,0.50982666015625,0.50189208984375,-0.00390625,-0.015625,0.01171875,0.001953125,0.0,0.0,738.25,0.0,194.0,31.4,16.5,2.0,12.0,36.9665115,-122.04041316666668,25.0,0.7,0.016,
2026-09-07 15:37:55.208358,0.49822998046875,0.4898681640625,0.50982666015625,0.50189208984375,-0.00390625,0.0234375,0.00390625,0.0,0.0,0.0,727.25,0.0,194.0,31.0,16.1,2.0,12.0,36.9665115,-122.04041316666668,25.0,0.7,0.016,
2026-09-07 15:37:55.308012,0.49822998046875,-1.5101318359375,0.509765625,0.50189208984375,-0.00390625,-0.015625,0.01171875,0.001953125,0.001953125,0.0,727.25,0.0,194.0,31.0,16.1,2.0,12.0,36.9665115,-122.04041316666668,25.0,0.7,0.016,
2026-09-07 15:37:55.409705,0.49822998046875,0.4898681640625,0.50982666015625,0.50189208984375,-0.00390625,-0.015625,-0.02734375,-0.001953125,0.001953125,-0.001953125,720.25,0.0,194.0,29.0,16.5,2.0,12.0,36.9665115,-122.04041316666668,25.0,0.7,0.052,
2026-09-07 15:37:55.620556,0.498291015625,0.4898681640625,0.509765625,0.50189208984375,-0.00390625,-0.015625,0.01171875,0.0,0.0,0.001953125,720.25,0.0,194.0,29.0,16.5,2.0,12.0,36.96651116666666,-122.04041366666668,24.8,0.7,0.052,
2026-09-07 15:37:55.718877,0.498291015625,0.4898681640625,0.509765625,0.50189208984375,-0.00390625,-0.015625,0.01171875,-0.001953125,0.0,-0.001953125,720.25,0.0,194.0,29.0,16.5,2.0,12.0,36.96651116666666,-122.04041366666668,24.8,0.7,0.052,
2026-09-07 15:37:55.819031,0.49835205078125,0.48992919921875,0.50970458984375,0.5018310546875,-0.03515625,-0.015625,0.01171875,0.0,0.0,0.001953125,712.5,0.0,194.0,29.0,16.5,2.0,12.0,36.96651116666666,-122.04041366666668,24.8,0.7,0.052,
2026-09-07 15:37:56.039727,0.498291015625,0.489990234375,0.5096435546875,0.5018310546875,0.00390625,0.0234375,0.01171875,0.001953125,0.001953125,0.001953125,708.5,0.0,194.0,29.0,16.5,2.0,12.0,36.96651116666666,-122.04041366666668,24.8,0.7,0.052,
2026-09-07 15:37:56.136025,0.498291015625,0.489990234375,0.5096435546875,0.50189208984375,0.00390625,-0.0546875,0.00390625,0.00390625,0.0,0.0,708.5,0.0,194.0,29.0,16.5,2.0,12.0,36.96651116666666,-122.04041366666668,24.8,0.7,0.052,
2026-09-07 15:37:56.236086,0.498291015625,0.489990234375,0.50958251953125,0.501953125,-0.00390625,-0.015625,0.00390625,0.001953125,0.0,0.0,711.5,0.0,194.0,29.0,16.5,2.0,12.0,36.96651116666666,-122.04041366666668,24.8,0.7,0.052,
2026-09-07 15:37:56.335964,0.498291015625,0.48992919921875,0.5096435546875,0.501953125,-0.00390625,0.0234375,0.00390625,0.0,0.0,0.001953125,711.5,0.0,194.0,29.0,16.5,2.0,12.0,36.96651116666666,-122.04041366666668,24.8,0.7,0.052,
2026-09-07 15:37:56.436702,0.498291015625,0.48992919921875,0.5096435546875,0.501953125,-0.00390625,0.0234375,0.00390625,0.00390625,0.0,0.001953125,715.5,0.0,194.0,29.0,16.5,2.0,12.0,36.96651116666666,-122.04041366666668,24.8,0.7,0.06,
2026-09-07 15:37:56.534919,0.498291015625,0.48992919921875,0.5096435546875,0.50189208984375,-0.04296875,-0.0234375,0.00390625,0.001953125,0.0,0.00390625,715.5,0.0,194.0,29.0,16.5,2.0,12.0,36.966510666666665,-122.04041383333332,24.8,0.7,0.06,
2026-09-07 15:37:56.636337,0.49835205078125,0.48992919921875,0.50970458984375,0.50189208984375,-0.00390625,0.0234375,0.00390625,0.0,0.001953125,-0.001953125,710.75,0.0,194.0,28.6,16.5,2.0,12.0,36.966510666666665,-122.04041383333332,24.8,0.7,0.06,
2026-09-07 15:37:56.738049,0.498291015625,0.4898681640625,0.50970458984375,0.50189208984375,-0.00390625,-0.0234375,0.00390625,0.00390625,0.0,-0.001953125,710.75,0.0,194.0,28.6,16.5,2.0,12.0,36.966510666666665,-122.04041383333332,24.8,0.7,0.06,
2026-09-07 15:37:56.834295,0.498291015625,0.4898681640625,0.50970458984375,0.50189208984375,-0.00390625,0.0234375,0.00390625,0.0,0.0,0.001953125,714.75,0.0,194.0,29.0,16.5,2.0,12.0,36.966510666666665,-122.04041383333332,24.8,0.7,0.06,
2026-09-07 15:37:56.934818,0.49835205078125,0.4898681640625,0.509765625,0.50189208984375,-0.00390625,0.0234375,0.01171875,0.001953125,0.0,0.001953125,714.75,0.0,194.0,29.0,16.5,2.0,12.0,36.966510666666665,-122.04041383333332,24.8,0.7,0.06,
2026-09-07 15:37:57.034614,0.49835205078125,0.4898681640625,0.50970458984375,0.5018310546875,-0.04296875,-0.015625,0.01171875,-0.001953125,0.0,0.0,716.25,0.0,194.0,29.0,16.5,2.0,12.0,36.966510666666665,-122.04041383333332,24.8,0.7,0.06,
2026-09-07 15:37:57.134731,0.49835205078125,0.4898681640625,0.50970458984375,0.5018310546875,-0.04296875,-0.015625,0.00390625,-0.00390625,0.0,0.001953125,716.25,0.0,194.0,29.0,16.5,2.0,12.0,36.966510666666665,-122.04041383333332,24.8,0.7,0.06,
2026-09-07 15:37:57.234672,0.49835205078125,0.4898681640625,0.50970458984375,0.5018310546875,0.00390625,-0.015625,0.00390625,0.0,0.0,-0.001953125,710.0,0.0,194.0,28.6,16.5,2.0,12.0,36.966510666666665,-122.04041383333332,24.8,0.7,0.06,
2026-09-07 15:37:57.334745,0.498291015625,0.48992919921875,0.50970458984375,0.50189208984375,0.04296875,0.0234375,-0.03515625,0.0,-0.001953125,0.0,710.0,0.0,194.0,28.6,16.5,2.0,12.0,36.966510666666665,-122.04041383333332,24.8,0.7,0.06,
2026-09-07 15:37:57.436114,0.49822998046875,0.48992919921875,0.50970458984375,0.50189208984375,-0.03515625,0.0234375,0.01171875,-0.001953125,0.0,-0.001953125,714.75,0.0,194.0,28.6,16.5,2.0,12.0,36.966510666666665,-122.04041383333332,24.8,0.7,0.065,
2026-09-07 15:37:57.535914,0.4981689453125,0.489990234375,0.50970458984375,0.501953125,0.00390625,0.0234375,0.01171875,-0.005859375,0.0,0.0,714.75,0.0,194.0,28.6,16.5,2.0,12.0,36.9665105,-122.040414,24.8,0.7,0.065,
2026-09-07 15:37:57.636056,0.4981689453125,0.48992919921875,0.509765625,0.501953125,0.00390625,-0.0234375,0.01171875,-0.001953125,0.0,0.0,721.75,0.0,194.0,28.6,16.5,2.0,12.0,36.9665105,-122.040414,24.8,0.7,0.065,
2026-09-07 15:37:57.735814,0.4981689453125,0.489990234375,0.50970458984375,0.501953125,0.00390625,-0.0234375,0.00390625,-0.001953125,0.0,0.0,721.75,0.0,194.0,28.6,16.5,2.0,12.0,36.9665105,-122.040414,24.8,0.7,0.065,
2026-09-07 15:37:57.836137,0.4981689453125,0.489990234375,0.50970458984375,0.501953125,0.00390625,0.0234375,0.00390625,0.001953125,0.0,-0.001953125,716.25,0.0,194.0,28.6,16.5,2.0,12.0,36.9665105,-122.040414,24.8,0.7,0.065,
2026-09-07 15:37:57.935788,0.4981689453125,0.489990234375,0.50970458984375,0.501953125,0.00390625,0.0234375,0.00390625,0.001953125,0.001953125,0.0,716.25,0.0,194.0,28.6,16.5,2.0,12.0,36.9665105,-122.040414,24.8,0.7,0.065,
2026-09-07 15:37:58.035747,0.4981689453125,0.49005126953125,0.50970458984375,0.501953125,-0.00390625,0.0234375,0.00390625,0.0,0.001953125,0.0,717.0,0.0,194.0,28.6,16.5,2.0,12.0,36.9665105,-122.040414,24.8,0.7,0.065,
2026-09-07 15:37:58.135339,0.49810791015625,0.489990234375,0.509765625,0.501953125,-0.00390625,-0.015625,0.00390625,0.001953125,0.0,0.00390625,717.0,0.0,194.0,28.6,16.5,2.0,12.0,36.9665105,-122.040414,24.8,0.7,0.065,
2026-09-07 15:37:58.235466,0.49810791015625,0.48992919921875,0.50982666015625,0.501953125,0.00390625,-0.015625,0.00390625,0.0,-0.001953125,0.001953125,710.75,0.0,194.0,28.6,16.5,2.0,12.0,36.9665105,-122.040414,24.8,0.7,0.065,
2026-09-07 15:37:58.335296,-1.50189208984375,0.48992919921875,0.50982666015625,0.501953125,0.00390625,-0.015625,0.00390625,0.001953125,0.0,0.0,710.75,0.0,194.0,28.6,16.5,2.0,12.0,36.9665105,-122.040414,24.8,0.7,0.065,
2026-09-07 15:37:58.435562,0.498046875,0.489990234375,0.509765625,0.501953125,-0.03515625,0.0234375,0.00390625,-0.001953125,0.0,-0.001953125,713.25,0.0,194.0,29.0,16.5,2.0,12.0,36.9665105,-122.040414,24.8,0.7,0.072,
2026-09-07 15:37:58.535753,0.498046875,0.489990234375,0.509765625,0.50201416015625,0.00390625,0.0234375,0.00390625,0.0,-0.00390625,0.0,713.25,0.0,194.0,29.0,16.5,2.0,12.0,36.96651,-122.04041333333332,24.7,0.7,0.072,
2026-09-07 15:37:58.635463,0.498046875,0.489990234375,0.509765625,0.501953125,-0.00390625,0.0234375,0.01171875,0.001953125,0.001953125,0.00390625,717.0,0.0,194.0,28.6,16.5,2.0,12.0,36.96651,-122.04041333333332,24.7,0.7,0.072,
2026-09-07 15:37:58.735131,0.49810791015625,0.489990234375,0.509765625,0.501953125,-0.00390625,0.015625,0.01171875,0.0,0.001953125,-0.001953125,717.0,0.0,194.0,28.6,16.5,2.0,12.0,36.96651,-122.04041333333332,24.7,0.7,0.072,
2026-09-07 15:37:58.840256,0.4981689453125,0.489990234375,0.509765625,0.50189208984375,-0.00390625,-0.0234375,0.01171875,0.0,0.0,0.0,715.5,0.0,194.0,28.6,16.5,2.0,12.0,36.96651,-122.04041333333332,24.7,0.7,0.072,
2026-09-07 15:37:58.935272,0.4981689453125,0.48992919921875,0.50970458984375,0.50189208984375,-0.00390625,-0.0234375,-0.02734375,0.0,-0.001953125,-0.001953125,715.5,0.0,194.0,28.6,16.5,2.0,12.0,36.96651,-122.04041333333332,24.7,0.7,0.072,
2026-09-07 15:37:59.041140,0.4981689453125,0.48992919921875,0.509765625,0.50189208984375,-0.00390625,0.015625,0.01171875,0.0,-0.001953125,0.0,718.75,0.0,194.0,46.7,16.5,2.0,12.0,36.96651,-122.04041333333332,24.7,0.7,0.072,
2026-09-07 15:37:59.134661,0.4981689453125,0.489990234375,0.50970458984375,0.501953125,0.00390625,-0.0234375,0.01171875,0.0,0.0,-0.001953125,718.75,0.0,194.0,46.7,16.5,2.0,12.0,36.96651,-122.04041333333332,24.7,0.7,0.072,
2026-09-07 15:37:59.240466,0.49810791015625,0.489990234375,0.50970458984375,0.501953125,0.00390625,0.0234375,0.01171875,0.001953125,0.0,0.00390625,671.0,0.0,194.0,41.2,19.6,2.0,12.0,36.96651,-122.04041333333332,24.7,0.7,0.072,
2026-09-07 15:37:59.341404,-1.5018310546875,-1.50994873046875,0.50970458984375,0.50189208984375,0.00390625,0.0234375,0.0859375,0.00390625,0.0,0.00390625,671.0,0.0,194.0,41.2,19.6,2.0,12.0,36.96651,-122.04041333333332,24.7,0.7,0.072,
2026-09-07 15:37:59.440667,0.4981689453125,-1.510009765625,0.50970458984375,0.501953125,0.00390625,0.0234375,-0.03515625,0.0,-0.001953125,0.001953125,710.75,0.0,194.0,49.4,17.6,2.0,12.0,36.96651,-122.04041333333332,24.7,0.7,0.079,
2026-09-07 15:37:59.540311,0.4981689453125,0.489990234375,0.50970458984375,0.501953125,-0.03515625,-0.015625,0.00390625,-0.00390625,0.0,0.001953125,710.75,0.0,194.0,49.4,17.6,2.0,12.0,36.96650966666667,-122.04041283333332,24.7,0.7,0.079,
2026-09-07 15:37:59.641452,-1.50189208984375,0.489990234375,0.50189208984375,0.50201416015625,0.04296875,-0.0078125,-0.00390625,0.001953125,0.0,0.0,739.75,0.0,194.0,43.5,17.6,2.0,12.0,36.96650966666667,-122.04041283333332,24.7,0.7,0.079,
2026-09-07 15:37:59.741601,0.498046875,0.489990234375,0.50970458984375,0.50201416015625,-0.00390625,-0.015625,0.00390625,0.001953125,-0.001953125,0.0,739.75,0.0,194.0,43.5,17.6,2.0,12.0,36.96650966666667,-122.04041283333332,24.7,0.7,0.079,
2026-09-07 15:37:59.841071,0.498046875,0.48992919921875,0.509765625,0.50201416015625,-0.00390625,-0.015625,0.00390625,0.001953125,-0.001953125,0.0,762.5,0.0,194.0,41.2,17.3,2.0,12.0,36.96650966666667,-122.04041283333332,24.7,0.7,0.079,
2026-09-07 15:37:59.941751,0.498046875,0.4898681640625,0.50982666015625,0.50201416015625,-0.01171875,-0.015625,-0.00390625,0.0,-0.001953125,0.0,762.5,0.0,194.0,41.2,17.3,2.0,12.0,36.96650966666667,-122.04041283333332,24.7,0.7,0.079,
2026-09-07 15:38:00.041704,0.49810791015625,0.48980712890625,0.50982666015625,0.50201416015625,-0.00390625,-0.015625,0.00390625,0.001953125,0.0,0.0,753.0,0.0,194.0,39.6,17.3,2.0,12.0,36.96650966666667,-122.04041283333332,24.7,0.7,0.079,
2026-09-07 15:38:00.141191,0.49810791015625,0.48980712890625,0.50982666015625,0.50201416015625,-0.00390625,-0.015625,0.00390625,0.0,0.0,-0.005859375,753.0,0.0,194.0,39.6,17.3,2.0,12.0,36.96650966666667,-122.04041283333332,24.7,0.7,0.079,
2026-09-07 15:38:00.242395,0.4981689453125,0.4898681640625,0.509765625,0.50201416015625,-0.00390625,0.0234375,0.01171875,0.001953125,0.001953125,0.0,750.75,0.0,194.0,38.8,17.3,2.0,12.0,36.96650966666667,-122.04041283333332,24.7,0.7,0.079,
2026-09-07 15:38:00.341759,0.4981689453125,0.4898681640625,0.50982666015625,0.501953125,-0.00390625,-0.015625,0.00390625,0.0,0.0,-0.001953125,750.75,0.0,194.0,38.8,17.3,2.0,12.0,36.96650966666667,-122.04041283333332,24.7,0.7,0.079,
2026-09-07 15:38:00.446840,0.49810791015625,0.4898681640625,0.50982666015625,0.50201416015625,-0.00390625,0.0234375,0.00390625,0.00390625,-0.251953125,-0.001953125,744.5,0.0,194.0,38.8,17.6,2.0,12.0,36.96650966666667,-122.04041283333332,24.7,0.7,0.032,
2026-09-07 15:38:00.540959,0.498046875,0.4898681640625,0.50982666015625,0.50201416015625,-0.00390625,0.0234375,0.00390625,0.001953125,0.0,-0.00390625,744.5,0.0,194.0,38.8,17.6,2.0,12.0,36.966509333333335,-122.04041233333334,24.7,0.7,0.032,
2026-09-07 15:38:00.648207,0.49810791015625,0.48980712890625,0.5098876953125,0.50201416015625,-0.00390625,-0.015625,0.00390625,0.001953125,-0.001953125,-0.001953125,749.0,0.0,194.0,39.6,17.6,2.0,12.0,36.966509333333335,-122.04041233333334,24.7,0.7,0.032,
2026-09-07 15:38:00.741321,0.49810791015625,0.48980712890625,0.50982666015625,0.50201416015625,0.00390625,0.015625,-0.03515625,0.0,0.001953125,-0.00390625,749.0,0.0,194.0,39.6,17.6,2.0,12.0,36.966509333333335,-122.04041233333334,24.7,0.7,0.032,
2026-09-07 15:38:00.847605,0.498046875,0.4898681640625,0.50982666015625,0.50201416015625,0.04296875,0.015625,0.00390625,0.00390625,0.0,-0.251953125,749.0,0.0,194.0,39.6,17.6,2.0,12.0,36.966509333333335,-122.04041233333334,24.7,0.7,0.032,
2026-09-07 15:38:00.945559,0.49810791015625,0.48992919921875,0.50982666015625,0.501953125,-0.00390625,0.015625,0.01171875,0.001953125,0.0,-0.001953125,749.0,0.0,194.0,39.6,17.6,2.0,12.0,36.966509333333335,-122.04041233333334,24.7,0.7,0.032,
2026-09-07 15:38:01.046521,0.49810791015625,0.489990234375,0.50982666015625,0.501953125,-0.00390625,0.015625,0.01171875,0.001953125,0.0,-0.001953125,745.25,0.0,194.0,40.4,17.6,2.0,12.0,36.966509333333335,-122.04041233333334,24.7,0.7,0.032,
2026-09-07 15:38:01.146032,0.49810791015625,0.489990234375,0.50982666015625,0.50189208984375,-0.00390625,-0.0234375,0.01171875,0.0,0.001953125,0.0,745.25,0.0,194.0,40.4,17.6,2.0,12.0,36.966509333333335,-122.04041233333334,24.7,0.7,0.032,
2026-09-07 15:38:01.246406,0.49810791015625,0.489990234375,0.50982666015625,0.5018310546875,-0.00390625,-0.015625,-0.03515625,0.001953125,0.0,0.0,760.0,0.0,194.0,41.2,17.6,2.0,12.0,36.966509333333335,-122.04041233333334,24.7,0.7,0.032,
2026-09-07 15:38:01.345751,0.4981689453125,0.489990234375,0.50982666015625,0.5018310546875,-0.00390625,0.0234375,0.01171875,0.0,-0.001953125,-0.001953125,760.0,0.0,194.0,41.2,17.6,2.0,12.0,36.966509333333335,-122.04041233333334,24.7,0.7,0.032,
2026-09-07 15:38:01.446009,0.4981689453125,0.49005126953125,0.50982666015625,0.50177001953125,-0.00390625,-0.0234375,0.01171875,0.001953125,0.0,0.0,757.0,0.0,194.0,41.2,17.6,2.0,12.0,36.966509333333335,-122.04041233333334,24.7,0.7,0.077,
2026-09-07 15:38:01.547248,0.49822998046875,0.489990234375,0.509765625,0.50177001953125,-0.00390625,-0.015625,0.01171875,0.0,0.0,0.0,757.0,0.0,194.0,41.2,17.6,2.0,12.0,36.9665095,-122.04041183333334,24.7,0.7,0.077,
2026-09-07 15:38:01.646697,0.498291015625,0.489990234375,0.509765625,0.501708984375,-0.03515625,0.0234375,0.01171875,0.001953125,-0.001953125,0.0,754.5,0.0,194.0,41.2,17.6,2.0,12.0,36.9665095,-122.04041183333334,24.7,0.7,0.077,
2026-09-07 15:38:01.746408,0.49822998046875,0.49005126953125,0.509765625,0.50177001953125,0.00390625,-0.015625,0.01171875,0.001953125,0.0,-0.001953125,754.5,0.0,194.0,41.2,17.6,2.0,12.0,36.9665095,-122.04041183333334,24.7,0.7,0.077,
2026-09-07 15:38:01.846422,0.49822998046875,0.49005126953125,0.50970458984375,0.50177001953125,0.00390625,-0.015625,0.01171875,0.001953125,-0.001953125,-0.001953125,752.25,0.0,194.0,41.6,17.6,2.0,12.0,36.9665095,-122.04041183333334,24.7,0.7,0.077,
2026-09-07 15:38:01.946480,0.4981689453125,0.4901123046875,0.50970458984375,0.5018310546875,0.00390625,0.0234375,-0.02734375,0.0,0.0,-0.001953125,752.25,0.0,194.0,41.6,17.6,2.0,12.0,36.9665095,-122.04041183333334,24.7,0.7,0.077,
2026-09-07 15:38:02.043634,0.49822998046875,0.49005126953125,0.50970458984375,0.5018310546875,-0.04296875,-0.015625,0.01171875,-0.001953125,-0.001953125,0.001953125,757.75,0.0,194.0,41.6,17.6,2.0,12.0,36.9665095,-122.04041183333334,24.7,0.7,0.077,
2026-09-07 15:38:02.137572,0.49822998046875,0.4901123046875,0.50970458984375,0.50177001953125,0.00390625,-0.015625,0.00390625,-0.00390625,-0.001953125,0.001953125,757.75,0.0,194.0,41.6,17.6,2.0,12.0,36.9665095,-122.04041183333334,24.7,0.7,0.077,
2026-09-07 15:38:02.246169,0.498291015625,0.4901123046875,0.5096435546875,0.5018310546875,0.00390625,0.0234375,0.00390625,0.0,0.0,0.00390625,760.0,0.0,194.0,41.2,17.6,2.0,12.0,36.9665095,-122.04041183333334,24.7,0.7,0.077,
2026-09-07 15:38:02.342802,0.49822998046875,0.4901123046875,0.5096435546875,0.5018310546875,0.00390625,0.0234375,-0.02734375,0.001953125,0.0,0.001953125,760.0,0.0,194.0,41.2,17.6,2.0,12.0,36.9665095,-122.04041183333334,24.7,0.7,0.077,
2026-09-07 15:38:02.443590,0.49822998046875,0.4901123046875,0.5096435546875,0.5018310546875,0.00390625,-0.0234375,0.01171875,0.001953125,0.0,0.0,755.25,0.0,194.0,41.6,17.6,2.0,12.0,36.9665095,-122.04041183333334,24.7,0.7,0.058,
2026-09-07 15:38:02.542405,0.49822998046875,0.49017333984375,0.50958251953125,0.50177001953125,-0.03515625,-0.0234375,0.51171875,0.001953125,-0.001953125,0.00390625,755.25,0.0,194.0,41.6,17.6,2.0,12.0,36.96650966666667,-122.04041116666669,24.7,0.7,0.058,
2026-09-07 15:38:02.645317,0.49822998046875,0.490234375,0.50958251953125,0.5018310546875,0.00390625,-0.015625,0.00390625,0.005859375,0.0,0.001953125,757.0,,194.0,40.8,17.6,2.0,12.0,36.96650966666667,-122.04041116666669,24.7,0.7,0.058,
2026-09-07 15:38:02.744780,0.49822998046875,0.490234375,0.509521484375,0.5018310546875,0.00390625,0.0234375,0.00390625,0.0,0.0,0.0,757.0,,194.0,40.8,17.6,2.0,12.0,36.96650966666667,-122.04041116666669,24.7,0.7,0.058,
2026-09-07 15:38:02.844911,0.4981689453125,0.49017333984375,0.5096435546875,0.50189208984375,0.00390625,0.0234375,0.00390625,0.0,0.0,0.0,757.0,,194.0,40.8,17.6,2.0,12.0,36.96650966666667,-122.04041116666669,24.7,0.7,0.058,
2026-09-07 15:38:02.945785,0.49810791015625,0.4901123046875,0.5096435546875,0.50189208984375,0.00390625,0.015625,0.00390625,0.00390625,0.001953125,-0.001953125,758.5,0.0,194.0,40.8,17.6,2.0,12.0,36.96650966666667,-122.04041116666669,24.7,0.7,0.058,
2026-09-07 15:38:03.155464,0.4981689453125,0.4901123046875,0.5096435546875,0.50189208984375,-0.00390625,-0.015625,0.01171875,0.001953125,0.0,0.0,757.75,0.0,194.0,40.4,17.6,2.0,12.0,36.96650966666667,-122.04041116666669,24.7,0.7,0.058,
2026-09-07 15:38:03.254391,0.49810791015625,0.4901123046875,0.5096435546875,0.50189208984375,-0.00390625,0.0234375,-0.03515625,0.001953125,0.0,-0.00390625,757.75,0.0,194.0,40.4,17.6,2.0,12.0,36.96650966666667,-122.04041116666669,24.7,0.7,0.058,
2026-09-07 15:38:03.354442,0.4981689453125,0.4901123046875,0.5096435546875,0.50189208984375,-0.00390625,-0.015625,0.01171875,0.0,0.001953125,-0.25390625,757.75,0.0,194.0,39.6,17.6,2.0,12.0,36.96650966666667,-122.04041116666669,24.7,0.7,0.058,
2026-09-07 15:38:03.454179,0.49822998046875,0.49005126953125,0.5096435546875,0.50189208984375,-0.00390625,-0.015625,0.01171875,0.0,-0.001953125,0.001953125,757.75,0.0,194.0,39.6,17.6,2.0,12.0,36.96650966666667,-122.04041116666669,24.7,0.7,0.063,
2026-09-07 15:38:03.554020,0.49822998046875,0.49005126953125,0.5096435546875,0.50189208984375,0.00390625,0.0234375,0.01171875,0.001953125,-0.001953125,-0.001953125,757.0,0.0,194.0,40.0,17.6,2.0,12.0,36.9665095,-122.04041,24.8,0.67,0.063,
2026-09-07 15:38:03.654419,0.4981689453125,0.49005126953125,0.5096435546875,0.501953125,0.00390625,0.015625,-0.00390625,0.0,0.0,0.0,757.0,0.0,194.0,40.0,17.6,2.0,12.0,36.9665095,-122.04041,24.8,0.67,0.063,
2026-09-07 15:38:03.754108,0.49810791015625,0.489990234375,0.5096435546875,0.50201416015625,0.00390625,-0.0234375,-0.03515625,0.0,0.001953125,-0.001953125,747.5,0.0,194.0,39.6,17.6,2.0,12.0,36.9665095,-122.04041,24.8,0.67,0.063,
2026-09-07 15:38:03.968275,0.4981689453125,0.489990234375,0.50970458984375,0.501953125,-0.00390625,-0.0625,0.01171875,0.001953125,0.001953125,0.001953125,757.75,0.0,194.0,39.6,17.6,2.0,12.0,36.9665095,-122.04041,24.8,0.67,0.063,
2026-09-07 15:38:04.064001,0.4981689453125,0.49005126953125,0.50970458984375,0.50189208984375,-0.00390625,-0.015625,0.50390625,0.0,0.0,-0.001953125,757.75,0.0,194.0,39.6,17.6,2.0,12.0,36.9665095,-122.04041,24.8,0.67,0.063,
2026-09-07 15:38:04.164188,0.4981689453125,0.489990234375,0.509765625,0.50189208984375,-0.50390625,0.5234375,0.01171875,0.0,-0.001953125,-0.001953125,761.5,0.0,194.0,39.2,17.6,2.0,12.0,36.9665095,-122.04041,24.8,0.67,0.063,
2026-09-07 15:38:04.264096,0.4981689453125,0.489990234375,0.509765625,0.50189208984375,-0.00390625,-0.015625,0.01171875,0.0,0.0,-0.001953125,761.5,0.0,194.0,39.2,17.6,2.0,12.0,36.9665095,-122.04041,24.8,0.67,0.063,
2026-09-07 15:38:04.365320,0.49822998046875,0.489990234375,0.50970458984375,0.5018310546875,-0.00390625,-0.015625,0.01171875,0.0,0.0,0.0,758.5,0.0,194.0,39.2,17.6,2.0,12.0,36.9665095,-122.04041,24.8,0.67,0.012,
2026-09-07 15:38:04.464466,0.49822998046875,0.489990234375,0.509765625,0.5018310546875,-0.00390625,0.0234375,0.01171875,0.0,0.0,-0.00390625,758.5,0.0,194.0,39.2,17.6,2.0,12.0,36.9665095,-122.04041,24.8,0.67,0.012,
2026-09-07 15:38:04.564479,0.498291015625,0.489990234375,0.50970458984375,0.50177001953125,-0.00390625,0.0234375,-0.03515625,0.001953125,0.001953125,0.0,761.5,0.0,194.0,39.2,17.6,2.0,12.0,36.96650916666667,-122.0404095,24.8,0.67,0.012,
2026-09-07 15:38:04.663947,0.498291015625,0.489990234375,0.509765625,0.50177001953125,-0.00390625,-0.0234375,0.01171875,-0.001953125,0.001953125,0.0,761.5,0.0,194.0,39.2,17.6,2.0,12.0,36.96650916666667,-122.0404095,24.8,0.67,0.012,
2026-09-07 15:38:04.888416,0.49822998046875,0.489990234375,0.509765625,0.50177001953125,-0.00390625,0.015625,0.01171875,0.00390625,0.0,-0.001953125,764.75,0.0,194.0,39.2,17.6,2.0,12.0,36.96650916666667,-122.0404095,24.8,0.67,0.012,
2026-09-07 15:38:04.981549,0.498291015625,0.489990234375,0.509765625,0.50177001953125,-0.00390625,0.015625,0.01171875,0.0,0.0,0.001953125,758.5,0.0,194.0,39.2,17.6,2.0,12.0,36.96650916666667,-122.0404095,24.8,0.67,0.012,
2026-09-07 15:38:05.082630,0.498291015625,0.489990234375,0.509765625,0.50177001953125,-0.00390625,-0.0234375,-0.02734375,0.0,0.001953125,-0.00390625,758.5,0.0,194.0,39.2,17.6,2.0,12.0,36.96650916666667,-122.0404095,24.8,0.67,0.012,
2026-09-07 15:38:05.187639,0.498291015625,0.489990234375,0.509765625,0.50177001953125,-0.04296875,0.0234375,0.01171875,0.0,-0.001953125,0.0,754.5,0.0,194.0,39.2,17.6,2.0,12.0,36.96650916666667,-122.0404095,24.8,0.67,0.012,
2026-09-07 15:38:05.281172,0.49822998046875,0.489990234375,0.509765625,0.50177001953125,0.03515625,-0.015625,0.01171875,0.001953125,0.0,0.001953125,754.5,0.0,194.0,39.2,17.6,2.0,12.0,36.96650916666667,-122.0404095,24.8,0.67,0.012,
2026-09-07 15:38:05.387959,0.49822998046875,0.489990234375,0.50982666015625,0.50177001953125,-0.00390625,-0.015625,0.01171875,0.00390625,0.0,-0.001953125,757.75,0.0,194.0,38.8,17.6,2.0,12.0,36.96650916666667,-122.0404095,24.8,0.67,0.046,
2026-09-07 15:38:05.481574,0.498291015625,0.48992919921875,0.509765625,0.50177001953125,-0.00390625,0.0234375,0.00390625,0.0,0.0,0.0,757.75,0.0,194.0,38.8,17.6,2.0,12.0,36.9665085,-122.04040883333332,24.9,0.67,0.046,
2026-09-07 15:38:05.586513,0.49822998046875,0.48992919921875,0.50982666015625,0.5018310546875,-0.00390625,0.015625,0.00390625,0.00390625,0.001953125,0.0,761.5,0.0,194.0,38.4,17.6,2.0,12.0,36.9665085,-122.04040883333332,24.9,0.67,0.046,
2026-09-07 15:38:05.686237,0.49822998046875,0.48992919921875,0.50982666015625,0.5018310546875,0.00390625,0.015625,0.00390625,0.0,0.0,0.001953125,761.5,0.0,194.0,38.4,17.6,2.0,12.0,36.9665085,-122.04040883333332,24.9,0.67,0.046,
2026-09-07 15:38:05.787000,0.49822998046875,0.48992919921875,0.50982666015625,0.50189208984375,0.00390625,-0.015625,0.00390625,0.0,0.0,0.0,758.5,0.0,194.0,38.8,17.6,2.0,12.0,36.9665085,-122.04040883333332,24.9,0.67,0.046,
2026-09-07 15:38:05.886813,0.4981689453125,0.4898681640625,0.50982666015625,0.50189208984375,-0.00390625,-0.015625,0.00390625,-0.00390625,0.0,0.001953125,758.5,0.0,194.0,38.8,17.6,2.0,12.0,36.9665085,-122.04040883333332,24.9,0.67,0.046,
2026-09-07 15:38:05.986883,0.4981689453125,0.48992919921875,0.50982666015625,0.50189208984375,-0.00390625,-0.015625,-0.03515625,0.0,0.001953125,0.0,757.0,0.0,194.0,38.8,17.6,2.0,12.0,36.9665085,-122.04040883333332,24.9,0.67,0.046,
2026-09-07 15:38:06.085843,0.49822998046875,0.4898681640625,0.50982666015625,0.5018310546875,-0.00390625,0.0234375,0.01171875,-0.00390625,-0.001953125,0.001953125,757.0,0.0,194.0,38.8,17.6,2.0,12.0,36.9665085,-122.04040883333332,24.9,0.67,0.046,
2026-09-07 15:38:06.186488,0.498291015625,0.48992919921875,0.50982666015625,0.50177001953125,-0.00390625,-0.015625,0.01171875,0.0,-0.001953125,0.00390625,760.0,0.0,194.0,38.8,17.6,2.0,12.0,36.9665085,-122.04040883333332,24.9,0.67,0.046,
2026-09-07 15:38:06.287114,0.498291015625,0.48992919921875,0.50982666015625,0.50177001953125,-0.04296875,-0.015625,0.01171875,0.001953125,0.0,0.0,760.0,0.0,194.0,38.8,17.6,2.0,12.0,36.9665085,-122.04040883333332,24.9,0.67,0.046,
2026-09-07 15:38:06.386262,0.498291015625,0.48992919921875,0.50982666015625,0.50177001953125,-0.00390625,0.03125,0.01171875,-0.001953125,0.001953125,0.0,767.75,0.0,194.0,38.8,17.6,2.0,12.0,36.9665085,-122.04040883333332,24.9,0.67,0.044,
2026-09-07 15:38:06.487058,0.49835205078125,0.48992919921875,0.509765625,0.50177001953125,-0.00390625,0.0234375,-0.02734375,-0.00390625,-0.001953125,0.0,767.75,0.0,194.0,38.8,17.6,2.0,12.0,36.96650816666666,-122.04040883333332,24.9,0.67,0.044,
2026-09-07 15:38:06.584604,0.498291015625,0.48992919921875,0.509765625,0.50177001953125,-0.00390625,-0.015625,0.51171875,0.0,0.0,0.001953125,762.5,0.0,194.0,38.8,17.6,2.0,12.0,36.96650816666666,-122.04040883333332,24.9,0.67,0.044,
2026-09-07 15:38:06.678962,0.49835205078125,0.489990234375,0.509765625,0.501708984375,0.00390625,-0.015625,0.01171875,0.001953125,0.001953125,0.001953125,762.5,0.0,194.0,38.8,17.6,2.0,12.0,36.96650816666666,-122.04040883333332,24.9,0.67,0.044,
2026-09-07 15:38:06.786388,0.498291015625,0.489990234375,0.509765625,0.501708984375,0.00390625,0.0234375,0.01171875,0.0,0.0,0.001953125,760.0,0.0,194.0,38.8,17.6,2.0,12.0,36.96650816666666,-122.04040883333332,24.9,0.67,0.044,
2026-09-07 15:38:06.882970,0.498291015625,0.489990234375,0.509765625,0.501708984375,-0.00390625,0.0234375,0.01171875,-0.00390625,0.0,0.001953125,760.0,0.0,194.0,38.8,17.6,2.0,12.0,36.96650816666666,-122.04040883333332,24.9,0.67,0.044,
2026-09-07 15:38:06.983866,0.498291015625,0.49005126953125,0.509765625,0.50164794921875,-0.00390625,-0.0234375,0.51171875,0.001953125,-0.001953125,0.001953125,755.25,0.0,194.0,38.8,17.6,2.0,12.0,36.96650816666666,-122.04040883333332,24.9,0.67,0.044,
2026-09-07 15:38:07.082501,0.498291015625,0.49005126953125,0.50982666015625,0.50164794921875,-0.00390625,-0.0234375,0.00390625,-0.001953125,0.0,0.001953125,755.25,0.0,194.0,38.8,17.6,2.0,12.0,36.96650816666666,-122.04040883333332,24.9,0.67,0.044,
2026-09-07 15:38:07.184527,0.49822998046875,0.489990234375,0.50982666015625,0.501708984375,-0.00390625,-0.0234375,0.00390625,-0.001953125,0.0,0.0,750.0,0.0,194.0,38.8,17.6,2.0,12.0,36.96650816666666,-122.04040883333332,24.9,0.67,0.044,
2026-09-07 15:38:07.284802,0.49822998046875,0.49005126953125,0.50982666015625,0.501708984375,-0.00390625,0.015625,0.01171875,-0.005859375,0.001953125,-0.001953125,750.0,0.0,194.0,38.8,17.6,2.0,12.0,36.96650816666666,-122.04040883333332,24.9,0.67,0.044,
2026-09-07 15:38:07.385273,0.498291015625,0.49005126953125,0.509765625,0.501708984375,-0.00390625,0.0234375,0.01171875,0.0,-0.001953125,0.0,753.75,0.0,194.0,39.2,17.6,2.0,12.0,36.96650816666666,-122.04040883333332,24.9,0.67,0.038,
2026-09-07 15:38:07.485458,0.49822998046875,0.49005126953125,0.50982666015625,0.50164794921875,-0.00390625,0.0234375,0.01171875,-0.001953125,0.0,0.001953125,753.75,0.0,194.0,39.2,17.6,2.0,12.0,36.9665075,-122.04040783333332,24.9,0.67,0.038,
2026-09-07 15:38:07.586155,0.498291015625,0.49005126953125,0.50982666015625,0.50164794921875,-0.00390625,0.015625,0.00390625,0.001953125,0.0,0.0,758.5,0.0,194.0,39.2,17.6,2.0,12.0,36.9665075,-122.04040783333332,24.9,0.67,0.038,
2026-09-07 15:38:07.685587,0.49822998046875,0.49005126953125,0.50982666015625,0.50164794921875,-0.00390625,0.015625,0.01171875,0.001953125,0.001953125,0.001953125,758.5,0.0,194.0,39.2,17.6,2.0,12.0,36.9665075,-122.04040783333332,24.9,0.67,0.038,
2026-09-07 15:38:07.786151,0.49822998046875,0.4901123046875,0.50982666015625,0.50164794921875,-0.03515625,-0.015625,0.00390625,0.001953125,0.0,0.00390625,713.25,0.0,194.0,36.1,17.3,2.0,12.0,36.9665075,-122.04040783333332,24.9,0.67,0.038,
2026-09-07 15:38:07.885959,0.4981689453125,0.4901123046875,0.50982666015625,0.50164794921875,-0.03515625,-0.0234375,0.01171875,0.0,0.0,0.001953125,713.25,0.0,194.0,36.1,17.3,2.0,12.0,36.9665075,-122.04040783333332,24.9,0.67,0.038,
2026-09-07 15:38:07.986373,0.4981689453125,0.49017333984375,0.50982666015625,0.50164794921875,-0.03515625,-0.0234375,0.01171875,-0.00390625,0.0,0.00390625,689.75,0.0,194.0,36.5,16.5,2.0,12.0,36.9665075,-122.04040783333332,24.9,0.67,0.038,
2026-09-07 15:38:08.085617,0.4981689453125,0.4901123046875,0.50982666015625,0.50164794921875,-0.03515625,-0.0234375,0.01171875,0.0,-0.001953125,0.0,689.75,0.0,194.0,36.5,16.5,2.0,12.0,36.9665075,-122.04040783333332,24.9,0.67,0.038,
2026-09-07 15:38:08.187260,0.49810791015625,0.49017333984375,0.50982666015625,0.501708984375,0.00390625,0.015625,0.01171875,0.0,0.001953125,0.001953125,721.0,0.0,194.0,33.7,16.9,2.0,12.0,36.9665075,-122.04040783333332,24.9,0.67,0.038,
2026-09-07 15:38:08.287002,0.49810791015625,0.49017333984375,0.50982666015625,0.501708984375,0.00390625,0.015625,0.00390625,-0.00390625,0.0,0.0,721.0,0.0,194.0,33.7,16.9,2.0,12.0,36.9665075,-122.04040783333332,24.9,0.67,0.038,
2026-09-07 15:38:08.387227,0.49810791015625,0.49017333984375,0.50982666015625,0.501708984375,0.01171875,0.015625,-0.03515625,0.0,0.0,0.0,720.25,0.0,194.0,32.5,16.5,2.0,12.0,36.9665075,-122.04040783333332,24.9,0.67,0.065,
2026-09-07 15:38:08.487269,0.498046875,0.490234375,0.509765625,0.50177001953125,0.01171875,0.015625,0.01171875,-0.001953125,0.0,0.0,720.25,0.0,194.0,32.5,16.5,2.0,12.0,36.966507,-122.04040733333332,25.0,0.67,0.065,
2026-09-07 15:38:08.586303,0.498046875,0.490234375,0.50970458984375,0.50177001953125,0.00390625,-0.0234375,0.01171875,0.001953125,0.0,0.0,723.25,0.0,194.0,31.4,16.9,2.0,12.0,36.966507,-122.04040733333332,25.0,0.67,0.065,
2026-09-07 15:38:08.686314,0.498046875,0.49029541015625,0.50970458984375,0.50177001953125,0.00390625,0.015625,0.01171875,0.0,0.0,0.001953125,723.25,0.0,194.0,31.4,16.9,2.0,12.0,36.966507,-122.04040733333332,25.0,0.67,0.065,
2026-09-07 15:38:08.787401,0.498046875,0.49029541015625,0.50970458984375,0.50177001953125,0.00390625,0.015625,0.01171875,0.001953125,-0.001953125,-0.001953125,716.25,0.0,194.0,31.8,16.9,2.0,12.0,36.966507,-122.04040733333332,25.0,0.67,0.065,
2026-09-07 15:38:08.887150,0.49798583984375,0.49029541015625,0.50970458984375,0.50177001953125,0.00390625,0.015625,-0.02734375,0.0,0.0,0.0,716.25,0.0,194.0,31.8,16.9,2.0,12.0,36.966507,-122.04040733333332,25.0,0.67,0.065,
2026-09-07 15:38:08.986820,0.498046875,-1.5096435546875,0.5096435546875,0.50177001953125,0.04296875,0.015625,0.01171875,0.0,0.0,0.001953125,721.75,0.0,194.0,31.0,16.9,2.0,12.0,36.966507,-122.04040733333332,25.0,0.67,0.065,
2026-09-07 15:38:09.086164,0.498046875,0.49029541015625,0.50970458984375,0.501708984375,-0.00390625,-0.0234375,0.01171875,0.0,0.0,-0.001953125,721.75,0.0,194.0,31.0,16.9,2.0,12.0,36.966507,-122.04040733333332,25.0,0.67,0.065,
2026-09-07 15:38:09.292884,0.49810791015625,0.49029541015625,0.50970458984375,0.50177001953125,-0.00390625,0.0234375,0.01171875,0.0,0.001953125,0.0,714.0,0.0,194.0,30.6,16.5,2.0,12.0,36.966507,-122.04040733333332,25.0,0.67,0.065,
2026-09-07 15:38:09.390695,0.49810791015625,0.490234375,0.50970458984375,0.501708984375,-0.00390625,0.015625,0.01171875,0.0,0.0,-0.001953125,713.25,0.0,194.0,29.8,16.5,2.0,12.0,36.966507,-122.04040733333332,25.0,0.67,0.076,
2026-09-07 15:38:09.490438,0.49810791015625,0.490234375,0.509765625,0.501708984375,0.04296875,0.015625,0.00390625,0.0,0.0,0.001953125,713.25,0.0,194.0,29.8,16.5,2.0,12.0,36.96650683333333,-122.04040716666668,25.0,0.67,0.076,
2026-09-07 15:38:09.591510,0.498046875,0.490234375,0.50982666015625,0.501708984375,-0.00390625,0.515625,0.00390625,0.0,0.0,0.0,707.0,0.0,194.0,29.4,16.5,2.0,12.0,36.96650683333333,-122.04040716666668,25.0,0.67,0.076,
2026-09-07 15:38:09.690421,0.498046875,0.49017333984375,0.5098876953125,0.501708984375,-0.00390625,-0.0234375,0.00390625,0.0,0.0,0.0,707.0,0.0,194.0,29.4,16.5,2.0,12.0,36.96650683333333,-122.04040716666668,25.0,0.67,0.076,
2026-09-07 15:38:09.789902,0.498046875,0.49017333984375,0.5098876953125,0.501708984375,-0.04296875,-0.0234375,0.00390625,0.0,0.0,0.0,710.0,0.0,194.0,29.4,16.5,2.0,12.0,36.96650683333333,-122.04040716666668,25.0,0.67,0.076,
2026-09-07 15:38:09.890177,0.498046875,0.4901123046875,0.5098876953125,0.501708984375,0.00390625,-0.0234375,-0.03515625,0.0,0.0,0.0,710.0,0.0,194.0,29.4,16.5,2.0,12.0,36.96650683333333,-122.04040716666668,25.0,0.67,0.076,
2026-09-07 15:38:09.989973,0.498046875,0.4901123046875,0.5098876953125,0.501708984375,-0.03515625,-0.015625,0.00390625,0.0,-0.001953125,0.0,706.25,0.0,194.0,29.4,16.5,2.0,12.0,36.96650683333333,-122.04040716666668,25.0,0.67,0.076,
2026-09-07 15:38:10.089609,0.49798583984375,0.4901123046875,0.50994873046875,0.50177001953125,0.00390625,0.0234375,0.01171875,0.0,0.0,0.0,706.25,0.0,194.0,29.4,16.5,2.0,12.0,36.96650683333333,-122.04040716666668,25.0,0.67,0.076,
2026-09-07 15:38:10.189916,0.498046875,0.49017333984375,0.5098876953125,0.501708984375,0.03515625,0.0234375,0.01171875,0.00390625,0.0,0.0,707.0,0.0,194.0,29.4,16.5,2.0,12.0,36.96650683333333,-122.04040716666668,25.0,0.67,0.076,
2026-09-07 15:38:10.289610,0.49798583984375,0.49017333984375,0.5098876953125,0.50177001953125,-0.00390625,0.015625,0.01171875,0.0,-0.001953125,0.001953125,707.0,0.0,194.0,29.4,16.5,2.0,12.0,36.96650683333333,-122.04040716666668,25.0,0.67,0.076,
2026-09-07 15:38:10.389761,0.498046875,0.490234375,0.5098876953125,0.501708984375,-0.00390625,0.015625,0.01171875,0.0,0.001953125,-0.001953125,706.25,0.0,194.0,29.4,16.5,2.0,12.0,36.96650683333333,-122.04040716666668,25.0,0.67,0.148,
2026-09-07 15:38:10.490007,0.498046875,0.490234375,0.5098876953125,0.50164794921875,-0.04296875,-0.0234375,-0.02734375,0.00390625,-0.001953125,0.001953125,706.25,0.0,194.0,29.4,16.5,2.0,12.0,36.966507,-122.04040616666668,25.3,0.67,0.148,
2026-09-07 15:38:10.590460,0.498046875,0.490234375,0.5098876953125,0.50164794921875,-0.04296875,-0.0234375,-0.02734375,0.0,0.0,0.001953125,704.5,0.0,194.0,29.4,16.5,2.0,12.0,36.966507,-122.04040616666668,25.3,0.67,0.148,
2026-09-07 15:38:10.689754,0.498046875,0.490234375,0.5098876953125,0.50164794921875,0.00390625,0.015625,0.01171875,0.0,0.0,0.001953125,704.5,0.0,194.0,29.4,16.5,2.0,12.0,36.966507,-122.04040616666668,25.3,0.67,0.148,
2026-09-07 15:38:10.789589,0.498046875,0.49029541015625,0.50982666015625,0.50164794921875,0.00390625,0.015625,0.01171875,-0.001953125,0.0,0.0,704.5,0.0,194.0,29.4,16.5,2.0,12.0,36.966507,-122.04040616666668,25.3,0.67,0.148,
2026-09-07 15:38:10.895423,0.498046875,0.49029541015625,0.50982666015625,0.50164794921875,0.00390625,0.0546875,0.00390625,-0.00390625,-0.001953125,0.0,704.5,0.0,194.0,29.4,16.5,2.0,12.0,36.966507,-122.04040616666668,25.3,0.67,0.148,
2026-09-07 15:38:10.996026,0.49798583984375,0.490234375,0.50982666015625,0.501708984375,0.00390625,0.015625,0.00390625,0.00390625,0.0,0.0,709.25,0.0,194.0,29.4,16.5,2.0,12.0,36.966507,-122.04040616666668,25.3,0.67,0.148,
2026-09-07 15:38:11.095876,0.49798583984375,0.490234375,0.50982666015625,0.50177001953125,0.00390625,0.015625,0.00390625,0.0,0.0,0.0,709.25,0.0,194.0,29.4,16.5,2.0,12.0,36.966507,-122.04040616666668,25.3,0.67,0.148,
2026-09-07 15:38:11.196655,0.4979248046875,0.490234375,0.50982666015625,0.50177001953125,0.00390625,0.015625,0.00390625,0.0,0.0,0.0,703.75,0.0,194.0,29.4,16.5,2.0,12.0,36.966507,-122.04040616666668,25.3,0.67,0.148,
2026-09-07 15:38:11.296497,0.4979248046875,0.490234375,0.50982666015625,0.5018310546875,0.00390625,0.015625,0.01171875,0.0,0.0,0.0,703.75,0.0,194.0,29.4,16.5,2.0,12.0,36.966507,-122.04040616666668,25.3,0.67,0.148,
2026-09-07 15:38:11.395989,0.4979248046875,0.490234375,0.50982666015625,0.50177001953125,0.00390625,0.015625,-0.02734375,0.0,0.0,0.0,710.0,0.0,194.0,29.4,16.5,2.0,12.0,36.966507,-122.04040616666668,25.3,0.67,0.016,
2026-09-07 15:38:11.496006,0.4979248046875,0.490234375,0.50982666015625,0.50177001953125,-0.00390625,-0.0234375,0.01171875,0.0,0.0,0.0,710.0,0.0,194.0,29.4,16.5,2.0,12.0,36.96650683333333,-122.04040616666668,25.3,0.67,0.016,
2026-09-07 15:38:11.596249,0.49798583984375,0.490234375,0.50982666015625,0.50177001953125,-0.00390625,-0.0234375,0.01171875,0.0,0.0,0.0,704.5,0.0,194.0,29.4,16.5,2.0,12.0,36.96650683333333,-122.04040616666668,25.3,0.67,0.016,
2026-09-07 15:38:11.696138,0.49798583984375,0.490234375,0.50982666015625,0.501708984375,-0.04296875,-0.015625,0.01171875,-0.005859375,-0.001953125,0.001953125,704.5,0.0,194.0,29.4,16.5,2.0,12.0,36.96650683333333,-122.04040616666668,25.3,0.67,0.016,
2026-09-07 15:38:11.795744,0.498046875,0.490234375,0.50982666015625,0.501708984375,0.00390625,0.0234375,0.01171875,0.0,0.0,0.0,706.25,0.0,194.0,29.0,16.5,2.0,12.0,36.96650683333333,-122.04040616666668,25.3,0.67,0.016,
2026-09-07 15:38:12.126337,0.49810791015625,0.490234375,0.5098876953125,0.5015869140625,-0.04296875,-0.015625,-0.02734375,0.001953125,0.0,-0.001953125,709.25,0.0,194.0,29.0,16.5,2.0,12.0,36.96650683333333,-122.04040616666668,25.3,0.67,0.016,
2026-09-07 15:38:12.214760,0.49810791015625,0.490234375,0.5098876953125,0.50152587890625,-0.04296875,-0.015625,0.01171875,0.0,-0.001953125,0.00390625,707.0,0.0,194.0,29.0,16.5,2.0,12.0,36.96650683333333,-122.04040616666668,25.3,0.67,0.016,
2026-09-07 15:38:12.315846,0.49810791015625,0.490234375,0.5098876953125,0.50152587890625,-0.00390625,-0.015625,0.01171875,0.0,0.001953125,0.0,707.0,0.0,194.0,29.0,16.5,2.0,12.0,36.96650683333333,-122.04040616666668,25.3,0.67,0.016,
2026-09-07 15:38:12.420563,0.4903564453125,0.490234375,0.5098876953125,0.50152587890625,0.00390625,0.0625,0.01171875,-0.001953125,0.0,0.0,718.75,0.0,194.0,29.0,16.5,2.0,12.0,36.96650683333333,-122.04040616666668,25.3,0.67,0.038,
2026-09-07 15:38:12.515115,0.49810791015625,0.49029541015625,0.50982666015625,0.5015869140625,0.00390625,-0.0234375,0.01171875,0.00390625,-0.001953125,0.0,718.75,0.0,194.0,29.0,16.5,2.0,12.0,36.966507,-122.0404065,25.3,0.67,0.038,
2026-09-07 15:38:12.621239,0.49810791015625,0.49029541015625,0.50982666015625,0.5015869140625,0.00390625,0.015625,0.00390625,0.001953125,0.001953125,-0.001953125,712.5,0.0,194.0,29.0,16.5,2.0,12.0,36.966507,-122.0404065,25.3,0.67,0.038,
2026-09-07 15:38:12.715462,0.498046875,0.49029541015625,0.50982666015625,0.5015869140625,0.00390625,0.015625,0.00390625,-0.001953125,0.25,0.0,712.5,0.0,194.0,29.0,16.5,2.0,12.0,36.966507,-122.0404065,25.3,0.67,0.038,
2026-09-07 15:38:12.820679,0.498046875,0.49029541015625,0.50982666015625,0.50164794921875,0.00390625,-0.0234375,0.00390625,0.0,0.001953125,0.0,717.0,0.0,194.0,29.0,16.5,2.0,12.0,36.966507,-122.0404065,25.3,0.67,0.038,
2026-09-07 15:38:12.919501,0.49798583984375,0.49029541015625,0.50982666015625,0.501708984375,-0.00390625,0.015625,0.00390625,0.00390625,0.0,-0.001953125,717.0,0.0,194.0,29.0,16.5,2.0,12.0,36.966507,-122.0404065,25.3,0.67,0.038,
2026-09-07 15:38:13.015010,0.49798583984375,0.49029541015625,0.5098876953125,0.501708984375,-0.03515625,-0.0625,0.00390625,-0.001953125,0.0,0.001953125,721.75,0.0,194.0,29.0,16.5,2.0,12.0,36.966507,-122.0404065,25.3,0.67,0.038,
2026-09-07 15:38:13.121009,0.4979248046875,0.49029541015625,0.5098876953125,0.501708984375,0.00390625,0.015625,0.00390625,0.001953125,-0.001953125,0.0,721.75,0.0,194.0,29.0,16.5,2.0,12.0,36.966507,-122.0404065,25.3,0.67,0.038,
2026-09-07 15:38:13.219833,0.49798583984375,0.49029541015625,0.50982666015625,0.501708984375,0.00390625,0.0234375,0.00390625,0.0,-0.001953125,0.001953125,725.75,0.0,194.0,29.0,16.5,2.0,12.0,36.966507,-122.0404065,25.3,0.67,0.038,
2026-09-07 15:38:13.319241,0.49798583984375,0.490234375,0.5098876953125,0.501708984375,-0.00390625,0.0234375,0.00390625,0.001953125,0.0,0.0,725.75,0.0,194.0,29.0,16.5,2.0,12.0,36.966507,-122.0404065,25.3,0.67,0.038,
2026-09-07 15:38:13.527864,0.49798583984375,0.49017333984375,0.50994873046875,0.501708984375,-0.00390625,0.015625,0.00390625,0.001953125,0.0,0.0,721.75,0.0,194.0,29.0,16.5,2.0,12.0,36.966507,-122.040407,25.3,0.67,0.05,
2026-09-07 15:38:13.623051,0.49798583984375,0.49017333984375,0.50994873046875,0.501708984375,-0.00390625,0.015625,0.00390625,0.001953125,0.0,0.0,726.5,0.0,194.0,29.0,16.5,2.0,12.0,36.966507,-122.040407,25.3,0.67,0.05,
2026-09-07 15:38:13.723410,-1.501953125,-1.50982666015625,0.50994873046875,0.50164794921875,-0.00390625,0.015625,0.00390625,-0.001953125,-0.001953125,0.0,726.5,0.0,194.0,29.0,16.5,2.0,12.0,36.966507,-122.040407,25.3,0.67,0.05,
2026-09-07 15:38:13.823138,-1.501953125,0.49017333984375,0.50213623046875,0.50164794921875,-0.00390625,-0.0234375,0.00390625,0.0,0.0,0.0,728.0,0.0,194.0,29.0,16.5,2.0,12.0,36.966507,-122.040407,25.3,0.67,0.05,
2026-09-07 15:38:13.924477,0.49798583984375,0.4901123046875,0.510009765625,0.501708984375,-0.00390625,-0.0234375,0.00390625,0.001953125,0.001953125,0.001953125,728.0,0.0,194.0,29.0,16.5,2.0,12.0,36.966507,-122.040407,25.3,0.67,0.05,
2026-09-07 15:38:14.023592,0.49798583984375,-1.50994873046875,0.510009765625,0.501708984375,-0.03515625,-0.0234375,0.00390625,0.0,0.0,0.00390625,725.0,0.0,194.0,29.0,16.5,2.0,12.0,36.966507,-122.040407,25.3,0.67,0.05,
2026-09-07 15:38:14.124044,0.49798583984375,0.4901123046875,0.510009765625,0.50177001953125,0.00390625,0.015625,0.00390625,0.0,0.001953125,0.0,725.0,0.0,194.0,29.0,16.5,2.0,12.0,36.966507,-122.040407,25.3,0.67,0.05,
2026-09-07 15:38:14.224119,0.49798583984375,0.4901123046875,0.50994873046875,0.50177001953125,0.00390625,0.015625,0.00390625,0.001953125,0.0,0.001953125,725.0,0.0,194.0,31.4,20.8,2.0,12.0,36.966507,-122.040407,25.3,0.67,0.05,
2026-09-07 15:38:14.324142,0.49798583984375,0.4901123046875,0.50994873046875,0.501708984375,-0.00390625,0.0234375,-0.03515625,0.0,-0.001953125,0.0,725.0,0.0,194.0,31.4,20.8,2.0,12.0,36.966507,-122.040407,25.3,0.67,0.05,
2026-09-07 15:38:14.423830,0.49798583984375,0.49017333984375,0.50994873046875,0.501708984375,-0.00390625,-0.015625,0.01171875,-0.001953125,0.0,0.0,760.75,0.0,194.0,41.2,17.3,2.0,12.0,36.966507,-122.040407,25.3,0.67,0.023,
2026-09-07 15:38:14.523924,0.49798583984375,0.4901123046875,0.50994873046875,0.501708984375,-0.00390625,-0.015625,0.05078125,0.0,0.0,0.001953125,760.75,0.0,194.0,41.2,17.3,2.0,12.0,36.966507166666666,-122.04040766666668,25.4,0.67,0.023,
2026-09-07 15:38:14.624091,0.498046875,0.4901123046875,0.50994873046875,0.50164794921875,-0.00390625,0.0234375,-0.03515625,-0.001953125,0.0,0.001953125,739.0,0.0,194.0,38.8,17.3,2.0,12.0,36.966507166666666,-122.04040766666668,25.4,0.67,0.023,
2026-09-07 15:38:14.724143,0.49798583984375,0.4901123046875,0.510009765625,0.501708984375,-0.00390625,0.0234375,-0.03515625,-0.00390625,0.0,0.001953125,739.0,0.0,194.0,38.8,17.3,2.0,12.0,36.966507166666666,-122.04040766666668,25.4,0.67,0.023,
2026-09-07 15:38:14.824410,0.49798583984375,0.49017333984375,0.50994873046875,0.501708984375,-0.00390625,0.0234375,-0.02734375,0.0,0.0,0.001953125,742.75,0.0,194.0,37.6,17.3,2.0,12.0,36.966507166666666,-122.04040766666668,25.4,0.67,0.023,
2026-09-07 15:38:14.924725,0.498046875,0.4901123046875,0.50994873046875,0.50164794921875,-0.04296875,-0.0234375,0.01171875,-0.001953125,-0.001953125,0.0,742.75,0.0,194.0,37.6,17.3,2.0,12.0,36.966507166666666,-122.04040766666668,25.4,0.67,0.023,
2026-09-07 15:38:15.025057,0.498046875,0.49017333984375,0.50994873046875,0.50164794921875,0.00390625,0.015625,0.01171875,0.0,0.001953125,0.001953125,748.25,0.0,194.0,37.3,17.3,2.0,12.0,36.966507166666666,-122.04040766666668,25.4,0.67,0.023,
2026-09-07 15:38:15.229381,0.498046875,0.49017333984375,0.5098876953125,0.50164794921875,0.00390625,-0.015625,0.01171875,0.001953125,-0.001953125,0.001953125,753.0,0.0,194.0,37.6,17.3,2.0,12.0,36.966507166666666,-122.04040766666668,25.4,0.67,0.023,
2026-09-07 15:38:15.327003,0.49798583984375,0.49017333984375,0.5098876953125,0.501708984375,0.00390625,0.0234375,0.00390625,-0.251953125,0.0,0.001953125,753.0,0.0,194.0,37.6,17.3,2.0,12.0,36.966507166666666,-122.04040766666668,25.4,0.67,0.023,
2026-09-07 15:38:15.427382,0.49798583984375,0.49017333984375,0.5020751953125,0.501708984375,0.00390625,0.0234375,0.00390625,0.0,0.0,0.0,745.25,0.0,194.0,37.6,17.3,2.0,12.0,36.966507166666666,-122.04040766666668,25.4,0.67,0.097,
2026-09-07 15:38:15.526997,0.49798583984375,0.4901123046875,0.50994873046875,0.501708984375,-0.03515625,-0.015625,0.00390625,-0.001953125,-0.001953125,0.001953125,745.25,0.0,194.0,37.6,17.3,2.0,12.0,36.966507166666666,-122.0404085,25.4,0.75,0.097,
2026-09-07 15:38:15.627292,0.49798583984375,0.4901123046875,0.50994873046875,0.501708984375,-0.00390625,-0.015625,0.00390625,0.001953125,0.0,0.0,747.5,0.0,194.0,38.0,17.6,2.0,12.0,36.966507166666666,-122.0404085,25.4,0.75,0.097,
2026-09-07 15:38:15.727159,0.49798583984375,0.49005126953125,0.510009765625,0.501708984375,-0.00390625,-0.015625,0.00390625,-0.001953125,0.0,0.001953125,747.5,0.0,194.0,38.0,17.6,2.0,12.0,36.966507166666666,-122.0404085,25.4,0.75,0.097,
2026-09-07 15:38:15.826935,0.49798583984375,0.49005126953125,0.510009765625,0.501708984375,-0.00390625,-0.015625,0.00390625,0.0,0.0,-0.001953125,750.0,0.0,194.0,38.8,17.6,2.0,12.0,36.966507166666666,-122.0404085,25.4,0.75,0.097,
2026-09-07 15:38:15.926683,0.49798583984375,0.49005126953125,0.510009765625,0.501708984375,-0.00390625,-0.015625,0.01171875,0.0,0.0,0.0,750.0,0.0,194.0,38.8,17.6,2.0,12.0,36.966507166666666,-122.0404085,25.4,0.75,0.097,
2026-09-07 15:38:16.026857,0.49798583984375,0.49005126953125,0.51007080078125,0.501708984375,0.00390625,0.0234375,0.01171875,0.001953125,-0.001953125,-0.001953125,757.0,0.0,194.0,38.8,17.6,2.0,12.0,36.966507166666666,-122.0404085,25.4,0.75,0.097,
2026-09-07 15:38:16.126725,0.49798583984375,0.49005126953125,0.510009765625,0.501708984375,0.00390625,0.0234375,-0.03515625,0.0,0.001953125,-0.00390625,757.0,0.0,194.0,38.8,17.6,2.0,12.0,36.966507166666666,-122.0404085,25.4,0.75,0.097,
2026-09-07 15:38:16.226393,0.498046875,0.49017333984375,0.50994873046875,0.50164794921875,0.00390625,-0.015625,-0.02734375,0.001953125,0.0,-0.001953125,753.75,0.0,194.0,39.2,17.6,2.0,12.0,36.966507166666666,-122.0404085,25.4,0.75,0.097,
2026-09-07 15:38:16.326908,0.49798583984375,0.49017333984375,0.50994873046875,0.501708984375,-0.00390625,0.03125,0.01171875,-0.001953125,0.001953125,0.0,753.75,0.0,194.0,39.2,17.6,2.0,12.0,36.966507166666666,-122.0404085,25.4,0.75,0.097,
2026-09-07 15:38:16.427582,0.498046875,0.49017333984375,0.50994873046875,0.501708984375,-0.00390625,-0.015625,0.01171875,0.00390625,-0.001953125,-0.001953125,756.25,0.0,194.0,39.6,17.6,2.0,12.0,36.966507166666666,-122.0404085,25.4,0.75,0.116,
2026-09-07 15:38:16.526339,0.498046875,0.49017333984375,0.50994873046875,0.50164794921875,-0.00390625,-0.015625,0.01171875,0.001953125,-0.001953125,-0.001953125,756.25,0.0,194.0,39.6,17.6,2.0,12.0,36.966507,-122.040409,25.5,0.75,0.116,
2026-09-07 15:38:16.626848,0.49810791015625,0.49017333984375,0.50994873046875,0.5015869140625,-0.00390625,-0.0078125,0.00390625,0.001953125,0.0,-0.001953125,759.25,0.0,194.0,40.4,17.6,2.0,12.0,36.966507,-122.040409,25.5,0.75,0.116,
2026-09-07 15:38:16.727052,0.49810791015625,0.49017333984375,0.50994873046875,0.5015869140625,-0.00390625,0.0234375,0.00390625,0.0,0.0,0.00390625,759.25,0.0,194.0,40.4,17.6,2.0,12.0,36.966507,-122.040409,25.5,0.75,0.116,
2026-09-07 15:38:16.833026,0.49810791015625,0.49017333984375,0.50994873046875,0.50152587890625,0.00390625,0.0234375,0.01171875,0.005859375,0.0,0.0,764.75,0.0,194.0,40.4,17.6,2.0,12.0,36.966507,-122.040409,25.5,0.75,0.116,
2026-09-07 15:38:16.925937,0.49810791015625,0.49017333984375,0.50994873046875,0.5015869140625,-0.03515625,-0.015625,0.01171875,0.0,0.0,0.0,764.75,0.0,194.0,40.4,17.6,2.0,12.0,36.966507,-122.040409,25.5,0.75,0.116,
2026-09-07 15:38:17.033654,0.49810791015625,0.49017333984375,0.50994873046875,0.5015869140625,-0.03515625,0.015625,0.00390625,0.0,-0.001953125,0.001953125,757.0,0.0,194.0,40.4,17.6,2.0,12.0,36.966507,-122.040409,25.5,0.75,0.116,
2026-09-07 15:38:17.132150,0.498046875,0.49017333984375,0.50994873046875,0.50164794921875,0.04296875,-0.0234375,0.00390625,0.0,0.0,0.0,757.0,0.0,194.0,40.4,17.6,2.0,12.0,36.966507,-122.040409,25.5,0.75,0.116,
2026-09-07 15:38:17.231321,0.49810791015625,0.49017333984375,0.50994873046875,0.5015869140625,0.00390625,-0.0234375,-0.02734375,0.0,-0.001953125,0.0,762.5,0.0,194.0,40.8,17.6,2.0,12.0,36.966507,-122.040409,25.5,0.75,0.116,
2026-09-07 15:38:17.332263,0.49810791015625,0.49017333984375,0.50994873046875,0.5015869140625,-0.00390625,-0.0234375,0.01171875,0.001953125,0.001953125,0.001953125,762.5,0.0,194.0,40.8,17.6,2.0,12.0,36.966507,-122.040409,25.5,0.75,0.116,
2026-09-07 15:38:17.431779,0.4981689453125,0.49017333984375,0.50994873046875,0.50152587890625,-0.01171875,-0.0234375,0.01171875,-0.001953125,0.0,0.001953125,767.0,0.0,194.0,40.8,17.6,2.0,12.0,36.966507,-122.040409,25.5,0.75,0.018,
2026-09-07 15:38:17.532676,0.4981689453125,0.49017333984375,0.50994873046875,0.50152587890625,-0.00390625,-0.015625,0.01171875,0.0,-0.001953125,0.0,767.0,0.0,194.0,40.8,17.6,2.0,12.0,36.96650733333333,-122.04041,25.4,0.75,0.018,
2026-09-07 15:38:17.632359,0.4981689453125,0.4901123046875,0.510009765625,0.50152587890625,-0.00390625,0.0234375,0.00390625,-0.001953125,-0.001953125,0.00390625,762.5,0.0,194.0,40.8,17.6,2.0,12.0,36.96650733333333,-122.04041,25.4,0.75,0.018,
2026-09-07 15:38:17.732371,0.4981689453125,0.4901123046875,0.510009765625,0.50152587890625,-0.00390625,0.0234375,-0.02734375,0.0,0.0,0.001953125,762.5,0.0,194.0,40.8,17.6,2.0,12.0,36.96650733333333,-122.04041,25.4,0.75,0.018,
2026-09-07 15:38:17.832458,0.49810791015625,0.4901123046875,0.510009765625,0.50152587890625,-0.00390625,-0.0234375,0.01171875,-0.00390625,0.0,0.001953125,764.0,0.0,194.0,41.2,17.6,2.0,12.0,36.96650733333333,-122.04041,25.4,0.75,0.018,
2026-09-07 15:38:17.932888,0.49810791015625,0.4901123046875,0.510009765625,0.50152587890625,-0.00390625,-0.0234375,0.01171875,0.001953125,0.0,0.0,764.0,0.0,194.0,41.2,17.6,2.0,12.0,36.96650733333333,-122.04041,25.4,0.75,0.018,
2026-09-07 15:38:18.032857,0.4981689453125,0.4901123046875,0.510009765625,0.50146484375,-0.00390625,0.015625,0.01171875,0.0,0.0,0.00390625,758.5,0.0,194.0,41.2,17.6,2.0,12.0,36.96650733333333,-122.04041,25.4,0.75,0.018,
2026-09-07 15:38:18.133019,0.4981689453125,0.4901123046875,0.50225830078125,0.50146484375,-0.00390625,0.015625,0.00390625,0.001953125,0.0,0.0,758.5,0.0,194.0,41.2,17.6,2.0,12.0,36.96650733333333,-122.04041,25.4,0.75,0.018,
2026-09-07 15:38:18.233454,0.49810791015625,0.49017333984375,0.51007080078125,0.50146484375,-0.50390625,-0.0234375,0.00390625,0.001953125,-0.001953125,0.0,764.75,0.0,194.0,40.8,17.6,2.0,12.0,36.96650733333333,-122.04041,25.4,0.75,0.018,
2026-09-07 15:38:18.334123,-1.50189208984375,0.49017333984375,0.51007080078125,0.50146484375,-0.00390625,0.015625,0.00390625,0.001953125,0.0,-0.00390625,764.75,0.0,194.0,40.8,17.6,2.0,12.0,36.96650733333333,-122.04041,25.4,0.75,0.018,
2026-09-07 15:38:18.552769,0.49810791015625,0.49017333984375,0.50225830078125,0.50146484375,-0.04296875,0.015625,0.00390625,0.001953125,-0.001953125,0.0,760.75,0.0,194.0,39.6,17.6,2.0,12.0,36.966507666666665,-122.04041116666669,25.4,0.75,0.014,
2026-09-07 15:38:18.652256,0.49798583984375,0.49017333984375,0.51007080078125,0.50152587890625,0.00390625,0.015625,0.00390625,-0.00390625,0.0,0.001953125,760.75,0.0,194.0,39.6,17.6,2.0,12.0,36.966507666666665,-122.04041116666669,25.4,0.75,0.014,
2026-09-07 15:38:18.756807,0.4979248046875,0.49017333984375,0.51007080078125,0.5015869140625,0.00390625,-0.0234375,0.00390625,0.0,0.0,0.0,764.0,0.0,194.0,39.6,17.6,2.0,12.0,36.966507666666665,-122.04041116666669,25.4,0.75,0.014,
2026-09-07 15:38:18.851620,0.4979248046875,0.490234375,0.51007080078125,0.5015869140625,0.00390625,-0.0234375,0.00390625,0.001953125,0.0,0.001953125,764.0,0.0,194.0,39.6,17.6,2.0,12.0,36.966507666666665,-122.04041116666669,25.4,0.75,0.014,
2026-09-07 15:38:18.956838,0.4979248046875,0.490234375,0.51007080078125,0.5015869140625,0.00390625,0.015625,0.00390625,-0.00390625,0.001953125,0.0,760.0,0.0,194.0,39.2,17.6,2.0,12.0,36.966507666666665,-122.04041116666669,25.4,0.75,0.014,
2026-09-07 15:38:19.051321,0.4979248046875,0.490234375,0.510009765625,0.5015869140625,0.00390625,-0.015625,0.00390625,0.0,0.0,-0.001953125,760.0,0.0,194.0,39.2,17.6,2.0,12.0,36.966507666666665,-122.04041116666669,25.4,0.75,0.014,
2026-09-07 15:38:19.156973,0.49786376953125,0.49029541015625,0.51007080078125,0.5015869140625,-0.03515625,-0.015625,0.00390625,0.0,0.0,0.0,762.5,0.0,194.0,39.2,17.6,2.0,12.0,36.966507666666665,-122.04041116666669,25.4,0.75,0.014,
2026-09-07 15:38:19.255600,0.497802734375,0.49029541015625,0.51007080078125,0.50164794921875,0.00390625,-0.015625,0.00390625,0.0,-0.001953125,0.0,762.5,0.0,194.0,39.2,17.6,2.0,12.0,36.966507666666665,-122.04041116666669,25.4,0.75,0.014,
2026-09-07 15:38:19.356282,0.497802734375,0.490234375,0.51007080078125,0.50164794921875,-0.00390625,-0.0234375,0.00390625,0.00390625,-0.001953125,0.001953125,767.0,0.0,194.0,39.2,17.6,2.0,12.0,36.966507666666665,-122.04041116666669,25.4,0.75,0.014,
2026-09-07 15:38:19.455769,0.49786376953125,0.490234375,0.51007080078125,0.50164794921875,-0.00390625,0.0234375,0.00390625,0.00390625,-0.001953125,0.001953125,767.0,0.0,194.0,39.2,17.6,2.0,12.0,36.966507666666665,-122.04041116666669,25.4,0.75,0.022,
2026-09-07 15:38:19.556596,0.49786376953125,0.49017333984375,0.5101318359375,0.5015869140625,-0.00390625,0.0234375,0.00390625,0.0,0.0,0.0,767.75,0.0,194.0,38.8,17.6,2.0,12.0,36.96650783333333,-122.040412,25.4,0.75,0.022,
2026-09-07 15:38:19.767820,0.4979248046875,0.49017333984375,0.5101318359375,0.5015869140625,-0.04296875,0.015625,0.01171875,0.001953125,0.0,0.0,761.5,0.0,194.0,39.2,17.6,2.0,12.0,36.96650783333333,-122.040412,25.4,0.75,0.022,
2026-09-07 15:38:19.867017,0.4979248046875,0.49017333984375,0.5101318359375,0.50164794921875,-0.00390625,0.015625,0.01171875,-0.005859375,-0.00390625,0.0,761.5,0.0,194.0,39.2,17.6,2.0,12.0,36.96650783333333,-122.040412,25.4,0.75,0.022,
2026-09-07 15:38:19.966735,-1.5020751953125,0.49017333984375,0.51007080078125,0.5015869140625,0.03515625,0.015625,0.01171875,0.00390625,0.0,0.0,760.75,0.0,194.0,38.8,17.6,2.0,12.0,36.96650783333333,-122.040412,25.4,0.75,0.022,
2026-09-07 15:38:20.067080,0.4979248046875,0.49017333984375,0.5023193359375,0.5015869140625,-0.00390625,-0.0234375,0.00390625,0.0,0.0,0.001953125,760.75,0.0,194.0,38.8,17.6,2.0,12.0,36.96650783333333,-122.040412,25.4,0.75,0.022,
2026-09-07 15:38:20.166721,0.49798583984375,0.49017333984375,0.5101318359375,0.5015869140625,-0.00390625,0.0234375,0.00390625,0.001953125,0.0,0.001953125,764.75,0.0,194.0,38.4,17.6,2.0,12.0,36.96650783333333,-122.040412,25.4,0.75,0.022,
2026-09-07 15:38:20.266909,0.4979248046875,0.49017333984375,0.5101318359375,0.50152587890625,-0.00390625,0.015625,0.00390625,-0.00390625,0.0,0.0,764.75,0.0,194.0,38.4,17.6,2.0,12.0,36.96650783333333,-122.040412,25.4,0.75,0.022,
2026-09-07 15:38:20.367342,0.4979248046875,0.4901123046875,0.5101318359375,0.5015869140625,-0.00390625,-0.0234375,0.00390625,0.001953125,0.0,0.001953125,764.0,0.0,192.2,38.4,17.6,2.0,12.0,36.96650783333333,-122.040412,25.4,0.75,0.07,
2026-09-07 15:38:20.466782,0.4979248046875,0.4901123046875,0.51019287109375,0.50152587890625,-0.04296875,-0.015625,0.00390625,-0.001953125,0.0,0.0,764.0,0.0,192.2,38.4,17.6,2.0,12.0,36.96650783333333,-122.040412,25.4,0.75,0.07,
2026-09-07 15:38:20.566721,0.4979248046875,0.4901123046875,0.51019287109375,0.5015869140625,-0.00390625,0.0234375,0.00390625,-0.001953125,0.0,-0.001953125,764.75,0.0,194.0,38.0,17.6,2.0,12.0,36.966508,-122.04041283333332,25.4,0.68,0.07,
2026-09-07 15:38:20.666650,0.49786376953125,0.4901123046875,0.51019287109375,0.5015869140625,-0.00390625,-0.0234375,0.00390625,-0.001953125,0.25,-0.001953125,764.75,0.0,194.0,38.0,17.6,2.0,12.0,36.966508,-122.04041283333332,25.4,0.68,0.07,
2026-09-07 15:38:20.766772,0.49786376953125,0.4901123046875,0.51019287109375,0.5015869140625,-0.00390625,-0.015625,0.00390625,-0.00390625,0.0,-0.001953125,760.75,0.0,192.2,38.4,17.6,2.0,12.0,36.966508,-122.04041283333332,25.4,0.68,0.07,
2026-09-07 15:38:20.866638,0.49786376953125,0.4901123046875,0.51025390625,0.5015869140625,-0.00390625,0.0234375,0.00390625,0.0,0.0,-0.00390625,760.75,0.0,192.2,38.4,17.6,2.0,12.0,36.966508,-122.04041283333332,25.4,0.68,0.07,
2026-09-07 15:38:20.966461,0.49786376953125,0.4901123046875,0.51019287109375,0.5015869140625,-0.03515625,-0.015625,-0.03515625,0.0,-0.001953125,-0.001953125,762.5,0.0,192.2,38.4,17.6,2.0,12.0,36.966508,-122.04041283333332,25.4,0.68,0.07,
2026-09-07 15:38:21.066317,0.4979248046875,0.49017333984375,0.5101318359375,0.5015869140625,0.00390625,-0.015625,0.01171875,0.00390625,-0.001953125,0.0,762.5,0.0,192.2,38.4,17.6,2.0,12.0,36.966508,-122.04041283333332,25.4,0.68,0.07,
2026-09-07 15:38:21.166885,0.49786376953125,0.490234375,0.5101318359375,0.5015869140625,-0.00390625,0.015625,0.00390625,0.0,0.0,-0.001953125,764.0,0.0,192.2,38.4,17.6,2.0,12.0,36.966508,-122.04041283333332,25.4,0.68,0.07,
2026-09-07 15:38:21.266037,0.49786376953125,0.49017333984375,0.51019287109375,0.5015869140625,-0.00390625,-0.0234375,0.00390625,-0.00390625,0.0,0.001953125,764.0,0.0,192.2,38.4,17.6,2.0,12.0,36.966508,-122.04041283333332,25.4,0.68,0.07,
2026-09-07 15:38:21.373236,0.49786376953125,0.49017333984375,0.51019287109375,0.5015869140625,-0.04296875,0.0234375,0.00390625,-0.001953125,0.0,0.001953125,761.5,0.0,194.0,38.0,17.6,2.0,12.0,36.966508,-122.04041283333332,25.4,0.68,0.007,
2026-09-07 15:38:21.465903,0.49786376953125,0.4901123046875,0.51019287109375,0.50164794921875,-0.00390625,0.0234375,-0.00390625,-0.001953125,0.001953125,-0.001953125,761.5,0.0,194.0,38.0,17.6,2.0,12.0,36.966508,-122.04041283333332,25.4,0.68,0.007,
2026-09-07 15:38:21.573184,0.497802734375,0.4901123046875,0.51025390625,0.50164794921875,-0.00390625,-0.015625,-0.04296875,-0.00390625,0.0,0.0,766.25,0.0,194.0,38.0,17.6,2.0,12.0,36.966508,-122.0404135,25.4,0.67,0.007,
2026-09-07 15:38:21.672510,0.49774169921875,0.49005126953125,0.51031494140625,0.501708984375,-0.04296875,-0.015625,0.00390625,0.0,-0.001953125,-0.001953125,766.25,0.0,194.0,38.0,17.6,2.0,12.0,36.966508,-122.0404135,25.4,0.67,0.007,
2026-09-07 15:38:21.772471,0.49774169921875,0.49005126953125,0.51031494140625,0.501708984375,-0.00390625,0.0625,0.00390625,0.001953125,0.0,0.0,767.0,0.0,192.2,38.0,17.6,2.0,12.0,36.966508,-122.0404135,25.4,0.67,0.007,
2026-09-07 15:38:21.871898,0.497802734375,0.4901123046875,0.51025390625,0.501708984375,0.00390625,0.015625,0.00390625,-0.001953125,-0.001953125,0.001953125,767.0,0.0,192.2,38.0,17.6,2.0,12.0,36.966508,-122.0404135,25.4,0.67,0.007,
2026-09-07 15:38:21.972922,0.497802734375,0.4901123046875,0.51019287109375,0.501708984375,0.00390625,0.0234375,0.00390625,0.001953125,0.0,0.0,760.75,0.0,192.2,38.4,17.6,2.0,12.0,36.966508,-122.0404135,25.4,0.67,0.007,
2026-09-07 15:38:22.072599,0.497802734375,0.4901123046875,0.5101318359375,0.501708984375,0.00390625,-0.015625,0.00390625,-0.00390625,0.0,0.001953125,760.75,0.0,192.2,38.4,17.6,2.0,12.0,36.966508,-122.0404135,25.4,0.67,0.007,
2026-09-07 15:38:22.171728,0.49774169921875,0.49017333984375,0.5101318359375,0.50177001953125,0.00390625,0.0234375,0.00390625,-0.001953125,0.0,0.0,763.25,0.0,192.2,38.4,17.6,2.0,12.0,36.966508,-122.0404135,25.4,0.67,0.007,
2026-09-07 15:38:22.272880,0.4976806640625,0.49017333984375,0.5101318359375,0.50177001953125,0.00390625,0.015625,0.00390625,0.0,0.0,0.00390625,763.25,0.0,192.2,38.4,17.6,2.0,12.0,36.966508,-122.0404135,25.4,0.67,0.007,
2026-09-07 15:38:22.373211,-1.50225830078125,-1.50982666015625,0.51007080078125,0.50177001953125,0.00390625,-0.0234375,0.00390625,0.001953125,0.001953125,0.001953125,761.5,0.0,192.2,38.4,17.6,2.0,12.0,36.966508,-122.0404135,25.4,0.67,0.051,
2026-09-07 15:38:22.472369,0.49774169921875,0.490234375,0.51007080078125,0.501708984375,-0.00390625,-0.0234375,0.00390625,-0.001953125,-0.001953125,0.001953125,761.5,0.0,192.2,38.4,17.6,2.0,12.0,36.966508,-122.0404135,25.4,0.67,0.051,
2026-09-07 15:38:22.573125,0.49774169921875,0.490234375,0.51007080078125,0.50177001953125,-0.00390625,0.015625,0.00390625,0.0,0.0,0.0,762.5,0.0,192.2,38.4,17.6,2.0,12.0,36.96650816666666,-122.04041416666666,25.4,0.67,0.051,
2026-09-07 15:38:22.672665,0.49774169921875,0.490234375,0.5101318359375,0.501708984375,-0.00390625,-0.0234375,0.00390625,0.0,0.001953125,-0.001953125,762.5,0.0,192.2,38.4,17.6,2.0,12.0,36.96650816666666,-122.04041416666666,25.4,0.67,0.051,
2026-09-07 15:38:22.774283,0.49774169921875,0.490234375,0.5101318359375,0.501708984375,-0.00390625,-0.0234375,0.50390625,0.001953125,0.0,-0.001953125,763.25,0.0,192.2,38.4,17.6,2.0,12.0,36.96650816666666,-122.04041416666666,25.4,0.67,0.051,
2026-09-07 15:38:23.000382,0.497802734375,0.490234375,0.51007080078125,0.50164794921875,-0.00390625,-0.0234375,0.01171875,-0.001953125,0.0,0.0,757.0,0.0,192.2,38.4,17.6,2.0,12.0,36.96650816666666,-122.04041416666666,25.4,0.67,0.051,
2026-09-07 15:38:23.092319,0.49786376953125,0.490234375,0.51007080078125,0.5015869140625,-0.00390625,-0.0234375,0.01953125,0.001953125,0.0,0.0,757.0,0.0,192.2,38.4,17.6,2.0,12.0,36.96650816666666,-122.04041416666666,25.4,0.67,0.051,
2026-09-07 15:38:23.198866,0.4979248046875,0.49029541015625,0.510009765625,0.50152587890625,-0.04296875,0.015625,0.01953125,-0.00390625,0.001953125,0.0,718.75,0.0,192.2,35.3,17.3,2.0,12.0,36.96650816666666,-122.04041416666666,25.4,0.67,0.051,
2026-09-07 15:38:23.292409,0.49798583984375,0.49029541015625,0.510009765625,0.50152587890625,-0.00390625,0.015625,0.01953125,0.0,0.0,0.001953125,718.75,0.0,192.2,35.3,17.3,2.0,12.0,36.96650816666666,-122.04041416666666,25.4,0.67,0.051,
2026-09-07 15:38:23.399888,0.498046875,0.4903564453125,0.50994873046875,0.50146484375,-0.00390625,-0.0234375,0.01171875,0.001953125,0.0,0.0,692.0,0.0,192.2,35.7,16.1,2.0,12.0,36.96650816666666,-122.04041416666666,25.4,0.67,0.026,
2026-09-07 15:38:23.497544,0.498046875,0.4903564453125,0.50994873046875,0.50146484375,-0.04296875,-0.03125,-0.02734375,0.001953125,0.0,-0.001953125,692.0,0.0,192.2,35.7,16.1,2.0,12.0,36.96650816666666,-122.04041483333332,25.3,0.67,0.026,
2026-09-07 15:38:24.029700,0.498046875,0.4903564453125,0.50994873046875,0.50146484375,0.00390625,0.0078125,0.01171875,0.001953125,0.0,-0.001953125,732.75,0.0,192.2,31.0,16.9,2.0,12.0,36.96650816666666,-122.04041483333332,25.3,0.67,0.026,
2026-09-07 15:38:24.130067,0.498046875,0.4903564453125,0.50994873046875,0.50146484375,0.00390625,0.0078125,0.01171875,0.001953125,0.0,-0.001953125,732.75,0.0,192.2,31.0,16.9,2.0,12.0,36.96650816666666,-122.04041483333332,25.3,0.67,0.026,
2026-09-07 15:38:24.230038,0.498046875,0.4903564453125,0.50994873046875,0.50146484375,0.00390625,0.0078125,0.01171875,0.001953125,0.0,-0.001953125,728.0,0.0,192.2,31.0,16.5,2.0,12.0,36.96650816666666,-122.04041483333332,25.3,0.67,0.026,
2026-09-07 15:38:24.330220,0.498046875,0.4903564453125,0.50994873046875,0.50146484375,0.00390625,0.0078125,0.01171875,0.001953125,0.0,-0.001953125,728.0,0.0,192.2,31.0,16.5,2.0,12.0,36.96650816666666,-122.04041483333332,25.3,0.67,0.026,
2026-09-07 15:38:24.430324,0.498046875,0.4903564453125,0.50994873046875,0.50146484375,0.00390625,0.0078125,0.01171875,0.001953125,0.0,-0.001953125,729.5,0.0,192.2,30.6,16.5,2.0,12.0,36.96650816666666,-122.04041483333332,25.3,0.67,0.048,
2026-09-07 15:38:24.530630,0.498046875,0.4903564453125,0.50994873046875,0.50146484375,0.00390625,0.0078125,0.01171875,0.001953125,0.0,-0.001953125,729.5,0.0,192.2,30.6,16.5,2.0,12.0,36.966508,-122.04041533333331,25.3,0.67,0.048,
2026-09-07 15:38:24.630478,0.498046875,0.4903564453125,0.50994873046875,0.50146484375,0.00390625,0.0078125,0.01171875,0.001953125,0.0,-0.001953125,718.75,0.0,192.2,30.2,16.5,2.0,12.0,36.966508,-122.04041533333331,25.3,0.67,0.048,
2026-09-07 15:38:24.730657,0.498046875,0.4903564453125,0.50994873046875,0.50146484375,0.00390625,0.0078125,0.01171875,0.001953125,0.0,-0.001953125,718.75,0.0,192.2,30.2,16.5,2.0,12.0,36.966508,-122.04041533333331,25.3,0.67,0.048,
2026-09-07 15:38:24.830738,0.498046875,0.4903564453125,0.50994873046875,0.50146484375,0.00390625,0.0078125,0.01171875,0.001953125,0.0,-0.001953125,717.75,0.0,192.2,29.4,16.5,2.0,12.0,36.966508,-122.04041533333331,25.3,0.67,0.048,
2026-09-07 15:38:24.930947,0.498046875,0.4903564453125,0.50994873046875,0.50146484375,0.00390625,0.0078125,0.01171875,0.001953125,0.0,-0.001953125,717.75,0.0,192.2,29.4,16.5,2.0,12.0,36.966508,-122.04041533333331,25.3,0.67,0.048,
2026-09-07 15:38:25.030978,0.498046875,0.4903564453125,0.50994873046875,0.50146484375,0.00390625,0.0078125,0.01171875,0.001953125,0.0,-0.001953125,721.0,0.0,192.2,28.6,16.5,2.0,12.0,36.966508,-122.04041533333331,25.3,0.67,0.048,
2026-09-07 15:38:25.131072,0.498046875,0.4903564453125,0.50994873046875,0.50146484375,0.00390625,0.0078125,0.01171875,0.001953125,0.0,-0.001953125,721.0,0.0,192.2,28.6,16.5,2.0,12.0,36.966508,-122.04041533333331,25.3,0.67,0.048,
2026-09-07 15:38:25.231467,0.498046875,0.4903564453125,0.50994873046875,0.50146484375,0.00390625,0.0078125,0.01171875,0.001953125,0.0,-0.001953125,717.75,0.0,192.2,28.6,16.5,2.0,12.0,36.966508,-122.04041533333331,25.3,0.67,0.048,
2026-09-07 15:38:25.331304,0.498046875,0.4903564453125,0.50994873046875,0.50146484375,0.00390625,0.0078125,0.01171875,0.001953125,0.0,-0.001953125,717.75,0.0,192.2,28.6,16.5,2.0,12.0,36.966508,-122.04041533333331,25.3,0.67,0.048,
2026-09-07 15:38:25.431603,0.498046875,0.4903564453125,0.50994873046875,0.50146484375,0.00390625,0.0078125,0.01171875,0.001953125,0.0,-0.001953125,716.25,0.0,192.2,29.0,16.5,2.0,12.0,36.966508,-122.04041533333331,25.3,0.67,0.056,
2026-09-07 15:38:25.531531,0.498046875,0.4903564453125,0.50994873046875,0.50146484375,0.00390625,0.0078125,0.01171875,0.001953125,0.0,-0.001953125,716.25,0.0,192.2,29.0,16.5,2.0,12.0,36.966508,-122.04041566666666,25.4,0.67,0.056,
2026-09-07 15:38:25.631945,0.498046875,0.4903564453125,0.50994873046875,0.50146484375,0.00390625,0.0078125,0.01171875,0.001953125,0.0,-0.001953125,714.75,0.0,192.2,29.0,16.5,2.0,12.0,36.966508,-122.04041566666666,25.4,0.67,0.056,
2026-09-07 15:38:25.731894,0.498046875,0.4903564453125,0.50994873046875,0.50146484375,0.00390625,0.0078125,0.01171875,0.001953125,0.0,-0.001953125,714.75,0.0,192.2,29.0,16.5,2.0,12.0,36.966508,-122.04041566666666,25.4,0.67,0.056,
2026-09-07 15:38:25.831941,0.498046875,0.4903564453125,0.50994873046875,0.50146484375,0.00390625,0.0078125,0.01171875,0.001953125,0.0,-0.001953125,753.75,0.0,192.2,42.0,22.0,2.0,12.0,36.966508,-122.04041566666666,25.4,0.67,0.056,
2026-09-07 15:38:25.931995,0.498046875,0.4903564453125,0.50994873046875,0.50146484375,0.00390625,0.0078125,0.01171875,0.001953125,0.0,-0.001953125,753.75,0.0,192.2,42.0,22.0,2.0,12.0,36.966508,-122.04041566666666,25.4,0.67,0.056,
2026-09-07 15:38:27.885656,0.5260009765625,0.44659423828125,0.55194091796875,0.46820068359375,1.0390625,6.4609375,0.14453125,0.001953125,0.015625,0.01171875,1546.75,5.6,192.2,24.7,23.9,2.0,12.0,36.96651916666666,-122.04040583333334,25.6,0.61,3.244,35.48
2026-09-07 15:38:27.978357,0.52581787109375,0.4473876953125,0.552490234375,0.46697998046875,0.94140625,5.32421875,-0.078125,-0.0078125,0.04296875,0.005859375,1596.0,6.2,192.2,24.3,24.3,2.0,12.0,36.96651916666666,-122.04040583333334,25.6,0.61,3.244,35.48
2026-09-07 15:38:28.413966,0.52581787109375,0.4473876953125,0.552490234375,0.46697998046875,-0.00390625,-0.00390625,-0.00390625,-0.0078125,0.04296875,0.005859375,1726.5,7.5,192.2,23.9,26.3,2.0,12.0,36.96651916666666,-122.04040583333334,25.6,0.61,5.827,33.05
2026-09-07 15:38:28.514178,0.52581787109375,0.4473876953125,0.552490234375,0.46697998046875,-0.00390625,-0.00390625,-0.00390625,-0.0078125,0.04296875,0.005859375,1726.5,7.5,192.2,23.9,26.3,2.0,12.0,36.966539,-122.0403895,25.7,0.59,5.827,33.05
2026-09-07 15:38:28.614073,0.52581787109375,0.4473876953125,0.552490234375,0.46697998046875,-0.00390625,-0.00390625,-0.00390625,-0.0078125,0.04296875,0.005859375,1808.5,8.1,192.2,25.5,26.3,2.0,12.0,36.966539,-122.0403895,25.7,0.59,5.827,33.05
2026-09-07 15:38:28.714598,0.52581787109375,0.4473876953125,0.552490234375,0.46697998046875,-0.00390625,-0.00390625,-0.00390625,-0.0078125,0.04296875,0.005859375,1808.5,8.1,192.2,25.5,26.3,2.0,12.0,36.966539,-122.0403895,25.7,0.59,5.827,33.05
2026-09-07 15:38:28.814325,0.52581787109375,0.4473876953125,0.552490234375,0.46697998046875,-0.00390625,-0.00390625,-0.00390625,-0.0078125,0.04296875,0.005859375,1848.25,,192.2,25.9,26.7,2.0,12.0,36.966539,-122.0403895,25.7,0.59,5.827,33.05
2026-09-07 15:38:28.914644,0.52581787109375,0.4473876953125,0.552490234375,0.46697998046875,-0.00390625,-0.00390625,-0.00390625,-0.0078125,0.04296875,0.005859375,1848.25,,192.2,25.9,26.7,2.0,12.0,36.966539,-122.0403895,25.7,0.59,5.827,33.05
2026-09-07 15:38:29.014677,0.52581787109375,0.4473876953125,0.552490234375,0.46697998046875,-0.00390625,-0.00390625,-0.00390625,-0.0078125,0.04296875,0.005859375,1848.25,,192.2,25.9,26.7,2.0,12.0,36.966539,-122.0403895,25.7,0.59,5.827,33.05
2026-09-07 15:38:29.115098,0.52581787109375,0.4473876953125,0.552490234375,0.46697998046875,-0.00390625,-0.00390625,-0.00390625,-0.0078125,0.04296875,0.005859375,1962.5,9.3,192.2,25.9,26.7,2.0,12.0,36.966539,-122.0403895,25.7,0.59,5.827,33.05
2026-09-07 15:38:29.214975,0.52581787109375,0.4473876953125,0.552490234375,0.46697998046875,-0.00390625,-0.00390625,-0.00390625,-0.0078125,0.04296875,0.005859375,1962.5,9.3,192.2,25.9,26.7,2.0,12.0,36.966539,-122.0403895,25.7,0.59,5.827,33.05
2026-09-07 15:38:29.315282,0.52581787109375,0.4473876953125,0.552490234375,0.46697998046875,-0.00390625,-0.00390625,-0.00390625,-0.0078125,0.04296875,0.005859375,2012.5,9.9,192.2,24.3,25.9,2.0,12.0,36.966539,-122.0403895,25.7,0.59,5.827,33.05
2026-09-07 15:38:29.415331,0.52581787109375,0.4473876953125,0.552490234375,0.46697998046875,-0.00390625,-0.00390625,-0.00390625,-0.0078125,0.04296875,0.005859375,2012.5,9.9,192.2,24.3,25.9,2.0,12.0,36.966539,-122.0403895,25.7,0.59,8.338,24.1
2026-09-07 15:38:29.516092,0.52581787109375,0.4473876953125,0.552490234375,0.46697998046875,-0.00390625,-0.00390625,-0.00390625,-0.0078125,0.04296875,0.005859375,2053.75,10.6,192.2,25.5,26.3,2.0,12.0,36.96657133333333,-122.0403715,25.7,0.59,8.338,24.1
2026-09-07 15:38:29.615856,0.52581787109375,0.4473876953125,0.552490234375,0.46697998046875,-0.00390625,-0.00390625,-0.00390625,-0.0078125,0.04296875,0.005859375,2053.75,10.6,192.2,25.5,26.3,2.0,12.0,36.96657133333333,-122.0403715,25.7,0.59,8.338,24.1
2026-09-07 15:38:29.716119,0.52581787109375,0.4473876953125,0.552490234375,0.46697998046875,-0.00390625,-0.00390625,-0.00390625,-0.0078125,0.04296875,0.005859375,2053.75,10.6,192.2,24.3,26.3,2.0,12.0,36.96657133333333,-122.0403715,25.7,0.59,8.338,24.1
2026-09-07 15:38:29.816248,0.52581787109375,0.4473876953125,0.552490234375,0.46697998046875,-0.00390625,-0.00390625,-0.00390625,-0.0078125,0.04296875,0.005859375,2053.75,10.6,192.2,24.3,26.3,2.0,12.0,36.96657133333333,-122.0403715,25.7,0.59,8.338,24.1
2026-09-07 15:38:29.916720,0.52581787109375,0.4473876953125,0.552490234375,0.46697998046875,-0.00390625,-0.00390625,-0.00390625,-0.0078125,0.04296875,0.005859375,1862.5,11.2,192.2,24.3,25.5,2.0,12.0,36.96657133333333,-122.0403715,25.7,0.59,8.338,24.1
2026-09-07 15:38:30.016466,0.52581787109375,0.4473876953125,0.552490234375,0.46697998046875,-0.00390625,-0.00390625,-0.00390625,-0.0078125,0.04296875,0.005859375,1862.5,11.2,192.2,24.3,25.5,2.0,12.0,36.96657133333333,-122.0403715,25.7,0.59,8.338,24.1
2026-09-07 15:38:30.116596,0.52581787109375,0.4473876953125,0.552490234375,0.46697998046875,-0.00390625,-0.00390625,-0.00390625,-0.0078125,0.04296875,0.005859375,1667.75,11.2,192.2,24.3,24.3,2.0,12.0,36.96657133333333,-122.0403715,25.7,0.59,8.338,24.1
2026-09-07 15:38:30.216920,0.52581787109375,0.4473876953125,0.552490234375,0.46697998046875,-0.00390625,-0.00390625,-0.00390625,-0.0078125,0.04296875,0.005859375,1667.75,11.2,192.2,24.3,24.3,2.0,12.0,36.96657133333333,-122.0403715,25.7,0.59,8.338,24.1
2026-09-07 15:38:30.316972,0.52581787109375,0.4473876953125,0.552490234375,0.46697998046875,-0.00390625,-0.00390625,-0.00390625,-0.0078125,0.04296875,0.005859375,1498.25,11.8,192.2,28.2,23.9,2.0,12.0,36.96657133333333,-122.0403715,25.7,0.59,8.338,24.1
2026-09-07 15:38:32.284043,0.588623046875,0.5452880859375,0.443115234375,0.3997802734375,1.1875,-1.51171875,1.83984375,0.025390625,0.345703125,0.04296875,1709.25,14.9,190.4,24.7,26.7,2.0,12.0,36.96666783333333,-122.04037333333332,23.0,0.62,11.475,352.57
2026-09-07 15:38:32.382736,0.58270263671875,0.55303955078125,0.45233154296875,0.38726806640625,0.30859375,-1.08984375,1.86328125,0.107421875,0.125,0.017578125,1775.0,14.9,190.4,29.8,30.6,2.0,12.0,36.96666783333333,-122.04037333333332,23.0,0.62,12.82,331.79
2026-09-07 15:38:32.483641,0.57696533203125,0.5621337890625,0.46002197265625,0.37347412109375,0.18359375,-0.12109375,0.28515625,0.083984375,0.333984375,0.0,1775.0,14.9,190.4,29.8,30.6,2.0,12.0,36.96666783333333,-122.04037333333332,23.0,0.62,12.82,331.79
2026-09-07 15:38:32.583396,0.57080078125,0.56982421875,0.46746826171875,0.36187744140625,0.2421875,-0.6953125,0.5390625,0.041015625,0.310546875,0.033203125,1821.0,15.5,190.4,32.9,30.2,2.0,12.0,36.96672,-122.04040383333331,22.6,0.6,12.82,331.79
2026-09-07 15:38:32.683891,0.56488037109375,0.5755615234375,0.47564697265625,0.35125732421875,-0.15625,-0.375,0.49609375,-0.013671875,0.33203125,0.013671875,1821.0,15.5,190.4,32.9,30.2,2.0,12.0,36.96672,-122.04040383333331,22.6,0.6,12.82,331.79
2026-09-07 15:38:32.783110,0.5572509765625,0.58026123046875,0.48577880859375,0.34173583984375,-0.015625,-1.27734375,1.0859375,-0.021484375,0.345703125,0.056640625,1851.5,16.2,190.4,33.7,30.2,2.0,12.0,36.96672,-122.04040383333331,22.6,0.6,12.82,331.79
2026-09-07 15:38:32.883830,0.55023193359375,0.58416748046875,0.49658203125,0.33074951171875,-0.23828125,-1.19921875,1.34375,0.0703125,0.328125,0.037109375,1851.5,16.2,190.4,33.7,30.2,2.0,12.0,36.96672,-122.04040383333331,22.6,0.6,12.82,331.79
2026-09-07 15:38:32.984443,0.544189453125,0.58978271484375,0.50433349609375,0.31884765625,-0.42578125,-0.46484375,1.10546875,0.056640625,0.29296875,0.015625,1917.75,16.2,190.4,36.5,33.7,2.0,12.0,36.96672,-122.04040383333331,22.6,0.6,12.82,331.79
2026-09-07 15:38:33.083489,0.53802490234375,0.5950927734375,0.51116943359375,0.30841064453125,-0.57421875,0.2734375,1.19140625,0.0625,0.29296875,0.03125,1917.75,16.2,190.4,36.5,33.7,2.0,12.0,36.96672,-122.04040383333331,22.6,0.6,12.82,331.79
2026-09-07 15:38:33.182706,0.53179931640625,0.5999755859375,0.51806640625,0.298095703125,-0.93359375,0.91015625,0.859375,-0.001953125,0.291015625,0.02734375,2145.25,16.8,190.4,40.4,34.9,2.0,12.0,36.96672,-122.04040383333331,22.6,0.6,12.82,331.79
2026-09-07 15:38:33.284217,0.524169921875,0.60357666015625,0.52618408203125,0.28985595703125,-1.42578125,-0.1484375,0.60546875,0.015625,0.265625,0.033203125,2145.25,16.8,190.4,40.4,34.9,2.0,12.0,36.96672,-122.04040383333331,22.6,0.6,12.82,331.79
2026-09-07 15:38:33.383781,0.51739501953125,0.606689453125,0.533935546875,0.28143310546875,-0.609375,-0.20703125,0.80078125,-0.0234375,0.275390625,0.04296875,2310.75,17.4,190.4,40.0,34.9,2.0,12.0,36.96672,-122.04040383333331,22.6,0.6,12.977,312.46
2026-09-07 15:38:33.483869,0.51092529296875,0.60833740234375,0.5426025390625,0.27288818359375,-0.6640625,-0.98828125,1.2734375,0.001953125,0.271484375,0.052734375,2310.75,17.4,190.4,40.0,34.9,2.0,12.0,36.96672,-122.04040383333331,22.6,0.6,12.977,312.46
2026-09-07 15:38:33.583970,0.50433349609375,0.61077880859375,0.5501708984375,0.264404296875,-0.0078125,-0.375,0.8671875,0.048828125,0.25,0.025390625,2371.75,18.0,190.4,40.0,34.5,2.0,12.0,36.96676133333333,-122.04045783333332,22.3,0.59,12.977,312.46
2026-09-07 15:38:33.794876,0.4923095703125,0.616455078125,0.561767578125,0.2490234375,-0.03125,-0.078125,0.66796875,-0.033203125,0.212890625,-0.00390625,2420.25,18.6,190.4,40.0,34.9,2.0,12.0,36.96676133333333,-122.04045783333332,22.3,0.59,12.977,312.46
2026-09-07 15:38:33.886857,0.48236083984375,0.61871337890625,0.571533203125,0.24066162109375,-0.8828125,-0.3203125,0.76953125,-0.04296875,0.20703125,0.009765625,2420.25,18.6,190.4,40.0,34.9,2.0,12.0,36.96676133333333,-122.04045783333332,22.3,0.59,12.977,312.46
2026-09-07 15:38:33.987631,0.479248046875,0.6192626953125,-1.42535400390625,0.238037109375,-1.06640625,-0.19921875,1.52734375,-0.025390625,0.181640625,0.00390625,2482.75,19.3,190.4,40.0,34.5,2.0,12.0,36.96676133333333,-122.04045783333332,22.3,0.59,12.977,312.46
2026-09-07 15:38:34.087763,0.4736328125,0.6201171875,0.58026123046875,0.23333740234375,-0.73046875,-0.64453125,1.484375,-0.03125,0.15625,0.0,2482.75,19.3,190.4,40.0,34.5,2.0,12.0,36.96676133333333,-122.04045783333332,22.3,0.59,12.977,312.46
2026-09-07 15:38:34.187351,0.468017578125,0.62091064453125,0.58514404296875,0.23028564453125,-1.06640625,-0.86328125,1.8046875,0.01953125,0.126953125,-0.005859375,2528.75,19.9,190.4,39.2,34.1,2.0,12.0,36.96676133333333,-122.04045783333332,22.3,0.59,12.977,312.46
2026-09-07 15:38:34.287141,0.46380615234375,0.62213134765625,0.5885009765625,0.22698974609375,-0.29296875,-0.03515625,1.734375,-0.009765625,0.10546875,-0.009765625,2528.75,19.9,190.4,39.2,34.1,2.0,12.0,36.96676133333333,-122.04045783333332,22.3,0.59,12.977,312.46
2026-09-07 15:38:34.387431,0.4595947265625,0.6234130859375,0.5911865234375,0.22491455078125,-0.5234375,-0.01953125,1.14453125,0.005859375,0.091796875,-0.001953125,2584.25,19.9,190.4,40.0,33.7,2.0,12.0,36.96676133333333,-122.04045783333332,22.3,0.59,17.355,303.26
2026-09-07 15:38:34.487302,0.45611572265625,0.62420654296875,0.5938720703125,0.22283935546875,-0.875,0.22265625,0.94140625,-0.03125,0.083984375,0.017578125,2584.25,19.9,190.4,40.0,33.7,2.0,12.0,36.96676133333333,-122.04045783333332,22.3,0.59,17.355,303.26
2026-09-07 15:38:34.587208,0.4534912109375,0.62408447265625,0.59674072265625,0.220947265625,-1.01171875,-0.86328125,1.60546875,-0.00390625,0.060546875,0.0234375,2629.5,20.5,190.4,40.4,35.7,2.0,12.0,36.96680366666666,-122.04053466666667,22.3,0.62,17.355,303.26
2026-09-07 15:38:34.687431,0.451416015625,0.62432861328125,0.5986328125,0.21923828125,-0.48828125,-0.2734375,2.02734375,0.017578125,0.041015625,0.013671875,2629.5,20.5,190.4,40.4,35.7,2.0,12.0,36.96680366666666,-122.04053466666667,22.3,0.62,17.355,303.26
2026-09-07 15:38:34.787346,0.449951171875,0.62457275390625,0.5999755859375,0.218017578125,-1.37890625,-0.09765625,1.45703125,0.0,0.03125,0.005859375,2591.25,21.1,190.4,40.0,34.5,2.0,12.0,36.96680366666666,-122.04053466666667,22.3,0.62,17.355,303.26
2026-09-07 15:38:34.891641,0.4486083984375,0.6241455078125,0.6014404296875,0.2177734375,-1.33984375,0.30078125,1.03515625,0.025390625,0.025390625,0.00390625,2591.25,21.1,190.4,40.0,34.5,2.0,12.0,36.96680366666666,-122.04053466666667,22.3,0.62,17.355,303.26
2026-09-07 15:38:34.986799,0.4461669921875,0.62493896484375,0.6025390625,0.2174072265625,-1.4375,0.47265625,0.8671875,-0.0078125,0.037109375,-0.00390625,2252.25,21.1,190.4,39.6,32.5,2.0,12.0,36.96680366666666,-122.04053466666667,22.3,0.62,17.355,303.26
2026-09-07 15:38:35.086814,0.4454345703125,0.624755859375,0.6033935546875,0.21722412109375,-0.96875,-0.2890625,1.23828125,0.005859375,0.033203125,0.001953125,2252.25,21.1,190.4,39.6,32.5,2.0,12.0,36.96680366666666,-122.04053466666667,22.3,0.62,17.355,303.26
2026-09-07 15:38:35.191682,0.44378662109375,0.62493896484375,0.6044921875,0.21685791015625,-0.76171875,-0.80078125,0.90234375,0.005859375,0.03125,-0.037109375,2103.75,21.7,190.4,38.8,32.5,2.0,12.0,36.96680366666666,-122.04053466666667,22.3,0.62,17.355,303.26
2026-09-07 15:38:35.292391,0.4404296875,0.6260986328125,0.60565185546875,0.21734619140625,-0.5703125,0.1640625,1.0703125,-0.037109375,0.041015625,-0.0234375,2103.75,21.7,190.4,38.8,32.5,2.0,12.0,36.96680366666666,-122.04053466666667,22.3,0.62,17.355,303.26
2026-09-07 15:38:35.392239,0.43707275390625,0.625732421875,0.60797119140625,-1.78131103515625,-0.32421875,0.171875,0.66796875,0.029296875,0.029296875,-0.01953125,2196.75,21.7,190.4,38.4,31.4,2.0,12.0,36.96680366666666,-122.04053466666667,22.3,0.62,19.037,301.82
2026-09-07 15:38:35.493242,0.42633056640625,0.62615966796875,0.6092529296875,0.21954345703125,-0.59765625,0.10546875,0.4921875,-0.025390625,0.033203125,-0.013671875,2196.75,21.7,190.4,38.4,31.4,2.0,12.0,36.96680366666666,-122.04053466666667,22.3,0.62,19.037,301.82
2026-09-07 15:38:35.592780,0.43145751953125,0.62554931640625,0.6114501953125,0.22064208984375,-0.703125,-0.30859375,0.7265625,0.00390625,0.025390625,-0.009765625,2195.25,22.4,188.6,37.6,32.2,2.0,12.0,36.96685,-122.04062566666668,22.4,0.62,19.037,301.82
2026-09-07 15:38:35.693274,0.42926025390625,0.62567138671875,0.61260986328125,0.22125244140625,-0.84765625,-0.28515625,1.0078125,-0.005859375,0.01171875,-0.00390625,2195.25,22.4,188.6,37.6,32.2,2.0,12.0,36.96685,-122.04062566666668,22.4,0.62,19.037,301.82
2026-09-07 15:38:35.792064,0.427978515625,0.62530517578125,0.6136474609375,0.221923828125,-0.88671875,0.2578125,1.21484375,-0.0078125,0.009765625,0.013671875,2214.0,23.0,188.6,38.4,32.2,2.0,12.0,36.96685,-122.04062566666668,22.4,0.62,19.037,301.82
2026-09-07 15:38:35.892240,0.42730712890625,0.625,0.6143798828125,0.22210693359375,-0.6640625,0.42578125,0.78515625,-0.025390625,0.0,0.044921875,2214.0,23.0,188.6,38.4,32.2,2.0,12.0,36.96685,-122.04062566666668,22.4,0.62,19.037,301.82
2026-09-07 15:38:36.104697,0.42388916015625,0.62188720703125,0.61865234375,-1.774658203125,-0.80078125,0.08984375,1.99609375,-0.021484375,-0.001953125,0.025390625,2248.25,23.6,188.6,39.2,32.2,2.0,12.0,36.96685,-122.04062566666668,22.4,0.62,19.037,301.82
2026-09-07 15:38:36.312482,0.4210205078125,0.619873046875,0.62139892578125,0.22882080078125,-0.046875,-0.19921875,0.7109375,-0.01171875,-0.005859375,-0.005859375,2269.5,24.2,188.6,38.8,32.9,2.0,12.0,36.96685,-122.04062566666668,22.4,0.62,19.037,301.82
2026-09-07 15:38:36.411578,0.41949462890625,0.6197509765625,0.62200927734375,0.23028564453125,-0.57421875,0.34375,1.0703125,0.01171875,-0.0078125,0.01171875,2269.5,24.2,188.6,38.8,32.9,2.0,12.0,36.96685,-122.04062566666668,22.4,0.62,20.791,301.05
2026-09-07 15:38:36.511759,0.41827392578125,0.61895751953125,0.62310791015625,0.2318115234375,-1.3125,0.08203125,0.94921875,0.001953125,-0.013671875,0.005859375,2196.75,24.2,188.6,38.8,35.3,2.0,12.0,36.96689933333333,-122.04072616666669,22.6,0.62,20.791,301.05
2026-09-07 15:38:36.611459,0.4171142578125,0.61785888671875,0.624267578125,0.23345947265625,-0.8359375,0.23828125,0.6171875,-0.01171875,-0.00390625,0.005859375,2196.75,24.2,188.6,38.8,35.3,2.0,12.0,36.96689933333333,-122.04072616666669,22.6,0.62,20.791,301.05
2026-09-07 15:38:36.711689,0.4140625,0.6173095703125,0.625732421875,0.23651123046875,-0.3828125,-0.18359375,0.72265625,0.025390625,0.001953125,-0.001953125,2189.0,24.9,188.6,39.6,34.1,2.0,12.0,36.96689933333333,-122.04072616666669,22.6,0.62,20.791,301.05
2026-09-07 15:38:36.811809,0.4111328125,0.61700439453125,0.62689208984375,0.23931884765625,-0.16796875,-0.9453125,0.86328125,0.025390625,-0.001953125,-0.0078125,2189.0,24.9,188.6,39.6,34.1,2.0,12.0,36.96689933333333,-122.04072616666669,22.6,0.62,20.791,301.05
2026-09-07 15:38:36.911685,0.4090576171875,0.61700439453125,0.6273193359375,0.24176025390625,-0.16796875,0.59765625,0.37890625,0.021484375,-0.01171875,-0.009765625,2174.0,25.5,188.6,39.2,33.7,2.0,12.0,36.96689933333333,-122.04072616666669,22.6,0.62,20.791,301.05
2026-09-07 15:38:37.011013,0.40728759765625,0.61651611328125,0.62811279296875,0.243896484375,-0.58203125,0.40625,0.65234375,0.001953125,-0.00390625,0.01171875,2174.0,25.5,188.6,39.2,33.7,2.0,12.0,36.96689933333333,-122.04072616666669,22.6,0.62,20.791,301.05
2026-09-07 15:38:37.111674,0.406494140625,0.6156005859375,0.629150390625,0.24493408203125,-0.265625,-0.61328125,0.96875,0.0,-0.005859375,0.017578125,2206.25,25.5,188.6,39.2,33.3,2.0,12.0,36.96689933333333,-122.04072616666669,22.6,0.62,20.791,301.05
2026-09-07 15:38:37.211319,0.40643310546875,0.61505126953125,0.62939453125,0.245849609375,-0.15234375,-0.26953125,0.8828125,0.03125,-0.021484375,0.009765625,2206.25,25.5,188.6,39.2,33.3,2.0,12.0,36.96689933333333,-122.04072616666669,22.6,0.62,20.791,301.05
2026-09-07 15:38:37.311302,0.405029296875,0.61474609375,0.6295166015625,0.24847412109375,-0.04296875,0.23046875,0.4375,-0.00390625,-0.0234375,-0.013671875,2168.75,26.1,188.6,33.3,26.7,2.0,12.0,36.96689933333333,-122.04072616666669,22.6,0.62,20.791,301.05
2026-09-07 15:38:37.411093,0.40045166015625,0.6129150390625,0.63177490234375,0.2545166015625,-0.72265625,0.07421875,0.8515625,-0.01953125,-0.0234375,-0.033203125,2168.75,26.1,188.6,33.3,26.7,2.0,12.0,36.96689933333333,-122.04072616666669,22.6,0.62,22.66,301.32
2026-09-07 15:38:37.512317,0.398193359375,0.61187744140625,0.6326904296875,0.2584228515625,-0.578125,-0.26171875,0.328125,0.001953125,-0.02734375,-0.009765625,2125.0,26.1,188.6,22.4,23.5,2.0,12.0,36.966953,-122.0408355,23.0,0.62,22.66,301.32
2026-09-07 15:38:37.610983,0.396240234375,0.6099853515625,0.634033203125,0.262451171875,-1.3046875,0.4375,0.83984375,-0.015625,-0.044921875,-0.0234375,2125.0,26.1,188.6,22.4,23.5,2.0,12.0,36.966953,-122.0408355,23.0,0.62,22.66,301.32
2026-09-07 15:38:37.711650,0.39556884765625,0.608154296875,0.6348876953125,0.26580810546875,-0.859375,0.4765625,0.734375,-0.01171875,-0.04296875,-0.00390625,2135.0,26.1,188.6,18.8,23.1,2.0,12.0,36.966953,-122.0408355,23.0,0.62,22.66,301.32
2026-09-07 15:38:37.810868,0.395751953125,0.607177734375,0.634765625,0.2679443359375,-1.265625,0.25390625,0.203125,0.009765625,-0.037109375,0.0078125,2135.0,26.1,188.6,18.8,23.1,2.0,12.0,36.966953,-122.0408355,23.0,0.62,22.66,301.32
2026-09-07 15:38:37.911691,0.3956298828125,0.605224609375,0.63580322265625,0.2701416015625,-0.8515625,0.09765625,0.234375,-0.048828125,-0.029296875,0.021484375,2022.5,26.1,188.6,18.0,22.7,2.0,12.0,36.966953,-122.0408355,23.0,0.62,22.66,301.32
2026-09-07 15:38:38.010438,0.393310546875,0.60308837890625,0.637451171875,0.2742919921875,-0.90625,-0.16015625,0.43359375,0.0078125,-0.03515625,0.001953125,2022.5,26.1,188.6,18.0,22.7,2.0,12.0,36.966953,-122.0408355,23.0,0.62,22.66,301.32
2026-09-07 15:38:38.110918,0.3917236328125,0.60205078125,0.6380615234375,0.27752685546875,-1.01171875,-0.015625,0.1796875,0.0078125,-0.029296875,-0.01171875,1864.0,26.1,188.6,18.4,22.7,2.0,12.0,36.966953,-122.0408355,23.0,0.62,22.66,301.32
2026-09-07 15:38:38.210002,0.3909912109375,0.60150146484375,0.63787841796875,0.280029296875,-1.15625,0.0234375,0.32421875,0.015625,-0.03125,-0.009765625,1864.0,26.1,188.6,18.4,22.7,2.0,12.0,36.966953,-122.0408355,23.0,0.62,22.66,301.32
2026-09-07 15:38:38.317135,0.390625,0.6007080078125,0.6378173828125,0.2823486328125,-0.7421875,0.7109375,0.23046875,0.0078125,-0.037109375,-0.005859375,1780.25,26.1,188.6,18.8,22.7,2.0,12.0,36.966953,-122.0408355,23.0,0.62,22.66,301.32
2026-09-07 15:38:38.410707,0.3907470703125,0.60040283203125,0.6373291015625,0.28387451171875,-0.6640625,0.29296875,0.70703125,0.03515625,-0.025390625,0.009765625,1780.25,26.1,188.6,18.8,22.7,2.0,12.0,36.966953,-122.0408355,23.0,0.62,23.349,303.01
2026-09-07 15:38:38.518678,0.3909912109375,0.6007080078125,0.6363525390625,0.2850341796875,-0.92578125,0.4921875,0.140625,0.00390625,-0.0234375,0.005859375,1707.75,26.7,188.6,16.9,21.2,2.0,12.0,36.96701083333333,-122.04094866666668,22.9,0.62,23.349,303.01
2026-09-07 15:38:38.616443,0.3900146484375,0.59991455078125,0.6365966796875,0.28759765625,-0.81640625,-0.046875,0.31640625,0.005859375,-0.03515625,0.005859375,1707.75,26.7,188.6,16.9,21.2,2.0,12.0,36.96701083333333,-122.04094866666668,22.9,0.62,23.349,303.01
2026-09-07 15:38:38.717970,0.38031005859375,0.5985107421875,0.63739013671875,0.2913818359375,-0.73828125,-0.12109375,0.0078125,-0.015625,-0.029296875,-0.005859375,1626.5,26.7,188.6,16.1,19.6,2.0,12.0,36.96701083333333,-122.04094866666668,22.9,0.62,23.349,303.01
2026-09-07 15:38:38.816886,0.3870849609375,0.5970458984375,0.63800048828125,0.29443359375,-0.546875,-0.50390625,0.5390625,-0.005859375,-0.03125,-0.001953125,1626.5,26.7,188.6,16.1,19.6,2.0,12.0,36.96701083333333,-122.04094866666668,22.9,0.62,23.349,303.01
2026-09-07 15:38:38.917663,0.386474609375,0.59619140625,0.637939453125,0.2969970703125,-0.515625,-0.12109375,-0.0234375,-0.015625,-0.03515625,-0.005859375,1619.5,26.7,188.6,13.7,20.0,2.0,12.0,36.96701083333333,-122.04094866666668,22.9,0.62,23.349,303.01
2026-09-07 15:38:39.127399,0.38555908203125,0.5943603515625,0.63775634765625,0.30224609375,-0.9140625,0.4921875,0.15234375,0.00390625,-0.0390625,0.005859375,1649.0,26.7,188.6,14.9,21.2,2.0,12.0,36.96701083333333,-122.04094866666668,22.9,0.62,23.349,303.01
2026-09-07 15:38:39.226192,0.3853759765625,0.59326171875,0.6378173828125,0.30450439453125,-0.390625,-0.62109375,0.0625,0.0078125,-0.03515625,0.001953125,1649.0,26.7,188.6,14.9,21.2,2.0,12.0,36.96701083333333,-122.04094866666668,22.9,0.62,23.349,303.01
2026-09-07 15:38:39.326658,0.3829345703125,0.59271240234375,0.6376953125,0.308837890625,-1.09375,1.5234375,-0.16015625,0.013671875,-0.037109375,0.013671875,1648.25,26.7,188.6,16.9,21.6,2.0,12.0,36.96701083333333,-122.04094866666668,22.9,0.62,23.349,303.01
2026-09-07 15:38:39.426186,0.3819580078125,0.59197998046875,0.63751220703125,0.3118896484375,-0.0234375,-0.27734375,-0.3203125,-0.015625,-0.0234375,-0.03515625,1648.25,26.7,188.6,16.9,21.6,2.0,12.0,36.96701083333333,-122.04094866666668,22.9,0.62,23.586,305.14
2026-09-07 15:38:39.526713,0.38037109375,0.59210205078125,0.63665771484375,0.3153076171875,-0.6640625,0.34375,-0.47265625,0.005859375,-0.025390625,-0.01953125,1616.25,26.7,188.6,18.4,22.4,2.0,12.0,36.967073,-122.04106083333332,23.1,0.62,23.586,305.14
2026-09-07 15:38:39.626360,0.37921142578125,0.59234619140625,0.635986328125,0.31756591796875,-0.46484375,-0.0390625,-0.54296875,0.0390625,-0.013671875,-0.041015625,1616.25,26.7,188.6,18.4,22.4,2.0,12.0,36.967073,-122.04106083333332,23.1,0.62,23.586,305.14
2026-09-07 15:38:39.845574,0.37213134765625,0.593994140625,0.63482666015625,0.32501220703125,0.2265625,-0.09765625,-0.265625,-0.00390625,0.0078125,-0.00390625,1616.25,26.7,188.6,20.8,23.5,2.0,12.0,36.967073,-122.04106083333332,23.1,0.62,23.586,305.14
2026-09-07 15:38:39.950415,0.3680419921875,0.59356689453125,0.6358642578125,0.3284912109375,-0.00390625,0.3984375,-0.57421875,-0.01953125,0.0078125,-0.037109375,1650.75,26.7,188.6,24.3,25.1,2.0,12.0,36.967073,-122.04106083333332,23.1,0.62,23.586,305.14
2026-09-07 15:38:40.050399,0.365234375,0.59320068359375,0.63665771484375,0.330810546875,-0.203125,0.0234375,-0.0625,-0.02734375,0.00390625,-0.00390625,1650.75,26.7,188.6,24.3,25.1,2.0,12.0,36.967073,-122.04106083333332,23.1,0.62,23.586,305.14
2026-09-07 15:38:40.150146,0.36370849609375,0.59228515625,0.63775634765625,0.3319091796875,-0.1953125,-0.28125,-0.14453125,-0.041015625,0.0078125,0.02734375,1678.0,26.7,188.6,24.3,25.1,2.0,12.0,36.967073,-122.04106083333332,23.1,0.62,23.586,305.14
2026-09-07 15:38:40.249150,0.36224365234375,0.59088134765625,0.63934326171875,0.33294677734375,0.7109375,0.0703125,-0.14453125,-0.033203125,0.001953125,-0.00390625,1678.0,26.7,188.6,24.3,25.1,2.0,12.0,36.967073,-122.04106083333332,23.1,0.62,23.586,305.14
2026-09-07 15:38:40.346250,0.36163330078125,0.58984375,0.6402587890625,0.333740234375,0.328125,0.0703125,0.26171875,-0.0234375,-0.005859375,-0.005859375,1677.25,27.3,188.6,24.3,25.1,2.0,12.0,36.967073,-122.04106083333332,23.1,0.62,23.586,305.14
2026-09-07 15:38:40.454118,0.361083984375,0.58966064453125,0.64031982421875,0.33453369140625,-0.02734375,-0.12890625,0.328125,-0.025390625,-0.001953125,0.005859375,1677.25,27.3,188.6,24.3,25.1,2.0,12.0,36.967073,-122.04106083333332,23.1,0.62,23.586,305.14
2026-09-07 15:38:40.549463,0.360595703125,0.5899658203125,0.6400146484375,0.3350830078125,0.328125,-0.0546875,-0.3984375,0.005859375,0.0,-0.005859375,1688.25,27.3,188.6,24.3,24.7,,,,,,,,
2026-09-07 15:38:40.651253,0.35992431640625,0.59075927734375,0.6395263671875,0.33526611328125,-0.01171875,-0.3203125,-0.14453125,0.013671875,0.0078125,-0.001953125,1688.25,27.3,188.6,24.3,24.7,,,,,,,,
2026-09-07 15:38:40.750877,0.35906982421875,0.59100341796875,0.63970947265625,0.33551025390625,0.09765625,0.1015625,-0.109375,-0.013671875,0.0078125,0.009765625,1696.75,27.3,188.6,24.3,25.1,,,,,,,,
2026-09-07 15:38:40.846771,0.35906982421875,0.5914306640625,0.63946533203125,0.33514404296875,-0.0546875,0.359375,-0.20703125,-0.00390625,0.005859375,0.01171875,1696.75,27.3,188.6,24.3,25.1,,,,,,,,
2026-09-07 15:38:40.951563,0.35894775390625,0.59100341796875,0.64013671875,0.3348388671875,0.15234375,0.32421875,-0.7734375,0.0,0.001953125,0.015625,1704.5,27.3,188.6,24.3,25.9,,,,,,,,
2026-09-07 15:38:41.051960,0.35858154296875,0.5904541015625,0.640869140625,0.33477783203125,0.2109375,0.046875,-0.0234375,-0.03125,0.013671875,0.009765625,1704.5,27.3,188.6,24.3,25.9,,,,,,,,
2026-09-07 15:38:41.151751,0.35888671875,0.59112548828125,0.640625,0.33367919921875,0.625,-1.03515625,-0.16015625,0.03125,0.0078125,0.0234375,1723.25,28.0,188.6,25.5,25.9,,,,,,,,
2026-09-07 15:38:41.251973,0.3583984375,0.5921630859375,0.64013671875,0.3333740234375,0.88671875,-0.3515625,-0.671875,-0.0234375,0.015625,0.01171875,1723.25,28.0,188.6,25.5,25.9,,,,,,,,
2026-09-07 15:38:41.351070,0.35711669921875,0.59271240234375,0.64013671875,0.333740234375,0.28125,0.375,-0.16015625,0.001953125,0.009765625,-0.013671875,1715.5,28.0,188.6,25.9,25.9,,,,,,,,
2026-09-07 15:38:41.451196,0.3568115234375,0.5931396484375,0.6402587890625,0.33306884765625,-0.41015625,1.1328125,0.0703125,0.015625,0.013671875,0.005859375,1715.5,28.0,188.6,25.9,25.9,,,,,,,,
2026-09-07 15:38:41.550970,0.357177734375,0.59326171875,0.64056396484375,0.33184814453125,0.2578125,-0.703125,-0.296875,-0.01171875,0.01953125,0.0234375,1743.75,28.0,188.6,27.1,26.7,,,,,,,,
2026-09-07 15:38:41.651164,0.3577880859375,0.59405517578125,0.64019775390625,0.33050537109375,0.234375,-0.16796875,-0.2734375,0.0234375,0.013671875,0.017578125,1743.75,28.0,188.6,27.1,26.7,,,,,,,,
2026-09-07 15:38:41.751662,0.3570556640625,0.59490966796875,0.6400146484375,0.330078125,0.80859375,0.28515625,-0.21875,0.013671875,0.021484375,-0.01171875,1739.75,28.0,188.6,27.1,26.7,,,,,,,,
2026-09-07 15:38:41.850131,0.3564453125,0.595458984375,0.64013671875,0.3294677734375,-0.03515625,-0.0234375,-0.40234375,0.0078125,0.017578125,-0.01171875,1739.75,28.0,188.6,27.1,26.7,,,,,,,,
2026-09-07 15:38:41.940806,0.35650634765625,0.595947265625,0.64031982421875,0.3282470703125,0.09375,0.24609375,-0.203125,0.005859375,0.01953125,0.015625,1750.0,28.6,188.6,27.8,26.7,,,,,,,,
2026-09-07 15:38:42.040415,0.3563232421875,0.59649658203125,0.64031982421875,0.32745361328125,0.1640625,-0.828125,-0.1875,0.0,0.01953125,0.005859375,1750.0,28.6,188.6,27.8,26.7,,,,,,,,
2026-09-07 15:38:42.141054,0.35595703125,0.59674072265625,0.64044189453125,0.3271484375,0.27734375,-0.30078125,-0.296875,-0.015625,0.265625,0.001953125,1760.0,28.6,188.6,27.5,26.7,,,,,,,,
2026-09-07 15:38:42.364610,0.35516357421875,0.5980224609375,0.6397705078125,0.32696533203125,-0.13671875,0.16796875,0.43359375,0.017578125,0.0078125,-0.0078125,1766.25,28.6,188.6,27.5,26.3,,,,,,,,
2026-09-07 15:38:42.464667,0.35626220703125,0.59906005859375,0.63897705078125,0.325439453125,-0.05078125,-0.00390625,0.50390625,0.048828125,0.0,0.01171875,1766.25,28.6,188.6,27.5,26.3,,,,,,,,
2026-09-07 15:38:42.564896,0.35760498046875,0.599609375,0.6385498046875,0.32379150390625,0.19140625,-0.13671875,-0.36328125,0.01171875,0.009765625,0.029296875,1767.0,29.2,188.6,26.7,26.3,,,,,,,,
2026-09-07 15:38:42.663881,0.3590087890625,0.59930419921875,0.638916015625,0.32208251953125,0.55078125,-0.6484375,-0.09375,-0.005859375,0.0078125,0.01171875,1767.0,29.2,188.6,26.7,26.3,,,,,,,,
2026-09-07 15:38:42.766121,0.35980224609375,0.59869384765625,0.6396484375,0.32080078125,-0.57421875,0.25390625,-0.01953125,0.033203125,0.01171875,0.009765625,1782.0,29.2,188.6,27.1,26.3,,,,,,,,
2026-09-07 15:38:42.849069,0.3609619140625,0.5987548828125,0.63970947265625,0.31927490234375,-0.078125,0.62890625,-0.30859375,0.04296875,0.001953125,0.015625,1782.0,29.2,188.6,27.1,26.3,,,,,,,,
2026-09-07 15:38:42.949744,0.36199951171875,0.5994873046875,0.6390380859375,0.31817626953125,-0.734375,1.03515625,-0.53125,0.009765625,-0.001953125,0.0,1782.75,29.2,188.6,27.1,26.3,,,,,,,,
2026-09-07 15:38:43.050173,0.36224365234375,0.59808349609375,0.64031982421875,0.31787109375,0.20703125,-0.28125,0.43359375,-0.0625,0.0,0.033203125,1782.75,29.2,188.6,27.1,26.3,,,,,,,,
2026-09-07 15:38:43.155389,0.36279296875,0.59735107421875,0.64111328125,0.3170166015625,-0.4140625,-1.09375,1.0546875,0.015625,0.005859375,0.021484375,1694.5,29.2,188.6,27.1,25.9,,,,,,,,
2026-09-07 15:38:43.249355,0.36328125,0.59814453125,0.6405029296875,0.31622314453125,0.4296875,-0.57421875,-0.109375,0.01953125,-0.0078125,-0.017578125,1694.5,29.2,188.6,27.1,25.9,,,,,,,,
2026-09-07 15:38:43.355790,0.36297607421875,0.59954833984375,0.63916015625,0.31658935546875,0.0078125,0.71875,-0.40234375,0.017578125,0.001953125,-0.037109375,1551.5,29.2,188.6,29.4,24.3,,,,,,,,
2026-09-07 15:38:43.448905,0.36236572265625,0.6004638671875,0.638427734375,0.31707763671875,0.30078125,-0.8515625,0.2265625,-0.00390625,0.01171875,-0.03515625,1551.5,29.2,188.6,29.4,24.3,2.0,12.0,36.967073,-122.04106083333332,23.1,0.62,25.992,303.98
2026-09-07 15:38:43.557418,0.36181640625,0.60125732421875,0.637939453125,0.31719970703125,0.53125,-0.58203125,0.3125,0.013671875,0.00390625,0.017578125,1507.75,29.2,188.6,29.0,23.9,2.0,12.0,36.96733683333333,-122.04153216666668,23.8,0.62,25.992,303.98
2026-09-07 15:38:43.655294,0.361328125,0.6021728515625,0.63726806640625,0.3173828125,-0.59765625,0.56640625,-0.4453125,0.015625,0.0,-0.03125,1507.75,29.2,188.6,29.0,23.9,2.0,12.0,36.96733683333333,-122.04153216666668,23.8,0.62,25.992,303.98
2026-09-07 15:38:43.760312,0.36053466796875,0.60284423828125,0.63671875,0.31805419921875,-0.3359375,0.4140625,-0.109375,-0.01171875,0.00390625,-0.009765625,1517.75,29.2,190.4,27.5,24.3,2.0,12.0,36.96733683333333,-122.04153216666668,23.8,0.62,25.992,303.98
2026-09-07 15:38:43.864640,0.3599853515625,0.60333251953125,0.63641357421875,0.3184814453125,-0.55078125,0.0,-0.1875,-0.033203125,0.001953125,0.0,1517.75,29.2,190.4,27.5,24.3,2.0,12.0,36.96733683333333,-122.04153216666668,23.8,0.62,25.992,303.98
2026-09-07 15:38:43.964402,0.35943603515625,0.60302734375,0.63677978515625,0.31878662109375,-0.3203125,0.0,0.3515625,-0.013671875,0.001953125,0.0078125,1532.0,29.2,188.6,27.8,24.3,2.0,12.0,36.96733683333333,-122.04153216666668,23.8,0.62,25.992,303.98
2026-09-07 15:38:44.065304,0.3594970703125,0.60296630859375,0.63690185546875,0.31866455078125,-0.28125,0.078125,-0.109375,0.00390625,0.0,0.009765625,1532.0,29.2,188.6,27.8,24.3,2.0,12.0,36.96733683333333,-122.04153216666668,23.8,0.62,25.992,303.98
2026-09-07 15:38:44.165199,0.359619140625,0.60333251953125,0.63653564453125,0.31854248046875,-0.34375,0.390625,0.10546875,-0.029296875,0.001953125,-0.001953125,1531.25,29.8,188.6,27.5,24.3,2.0,12.0,36.96733683333333,-122.04153216666668,23.8,0.62,25.992,303.98
2026-09-07 15:38:44.256147,0.359130859375,0.6031494140625,0.63677978515625,0.31903076171875,-0.1796875,0.54296875,0.265625,0.0078125,0.0,0.001953125,1531.25,29.8,188.6,27.5,24.3,2.0,12.0,36.96733683333333,-122.04153216666668,23.8,0.62,25.992,303.98
2026-09-07 15:38:44.357244,0.359130859375,0.60357666015625,0.6363525390625,0.31890869140625,-0.94140625,0.578125,0.234375,0.01953125,0.0,0.005859375,1536.5,29.8,188.6,27.5,24.7,2.0,12.0,36.96733683333333,-122.04153216666668,23.8,0.62,25.992,303.98
2026-09-07 15:38:44.456630,0.3592529296875,0.60394287109375,0.6361083984375,0.3187255859375,-0.14453125,-0.0703125,-0.1484375,0.001953125,0.0,0.0078125,1536.5,29.8,188.6,27.5,24.7,2.0,12.0,36.96733683333333,-122.04153216666668,23.8,0.62,25.992,303.98
2026-09-07 15:38:44.555960,0.35931396484375,0.60406494140625,0.63592529296875,0.31878662109375,0.05859375,0.11328125,0.01171875,0.01171875,0.0,-0.001953125,1546.0,29.8,188.6,27.5,24.3,2.0,12.0,36.967404,-122.04165733333332,23.8,0.63,25.992,303.98
2026-09-07 15:38:44.658093,0.35919189453125,0.604248046875,0.63580322265625,0.31884765625,0.02734375,-0.0390625,-0.0703125,0.00390625,0.0,0.01171875,1546.0,29.8,188.6,27.5,24.3,2.0,12.0,36.967404,-122.04165733333332,23.8,0.63,25.992,303.98
2026-09-07 15:38:44.773226,0.359130859375,0.60418701171875,0.6358642578125,0.31884765625,0.09375,-0.3125,-0.109375,0.00390625,-0.001953125,-0.001953125,1553.75,29.8,188.6,27.5,24.3,2.0,12.0,36.967404,-122.04165733333332,23.8,0.63,25.992,303.98
2026-09-07 15:38:44.865298,0.35882568359375,0.6041259765625,0.63592529296875,0.3192138671875,0.265625,-0.12109375,0.06640625,-0.01171875,0.0,-0.009765625,1553.75,29.8,188.6,27.5,24.3,2.0,12.0,36.967404,-122.04165733333332,23.8,0.63,25.992,303.98
2026-09-07 15:38:44.973006,0.3583984375,0.60418701171875,0.6358642578125,0.31964111328125,0.01171875,-0.4296875,0.14453125,-0.00390625,-0.00390625,-0.01953125,1545.25,29.8,188.6,27.5,24.7,2.0,12.0,36.967404,-122.04165733333332,23.8,0.63,25.992,303.98
2026-09-07 15:38:45.072968,0.35760498046875,0.60455322265625,0.63543701171875,0.32080078125,0.08984375,0.31640625,-0.109375,-0.009765625,-0.005859375,-0.0078125,1545.25,29.8,188.6,27.5,24.7,2.0,12.0,36.967404,-122.04165733333332,23.8,0.63,25.992,303.98
2026-09-07 15:38:45.155596,0.35711669921875,0.6043701171875,0.63543701171875,0.321533203125,0.12890625,-0.08984375,0.02734375,0.0,-0.001953125,-0.001953125,1555.25,29.8,188.6,26.7,24.3,2.0,12.0,36.967404,-122.04165733333332,23.8,0.63,25.992,303.98
2026-09-07 15:38:45.257124,0.35693359375,0.60430908203125,0.63543701171875,0.3218994140625,-0.23046875,-0.18359375,0.2265625,-0.00390625,-0.005859375,0.0,1555.25,29.8,188.6,26.7,24.3,2.0,12.0,36.967404,-122.04165733333332,23.8,0.63,25.992,303.98
2026-09-07 15:38:45.374174,0.3568115234375,0.60418701171875,0.6353759765625,0.3223876953125,0.13671875,0.3671875,0.0390625,0.005859375,-0.005859375,0.001953125,1564.0,29.8,188.6,27.1,24.7,2.0,12.0,36.967404,-122.04165733333332,23.8,0.63,25.992,303.98
2026-09-07 15:38:45.473195,0.3563232421875,0.60394287109375,0.63531494140625,0.32354736328125,0.08984375,0.06640625,-0.2265625,0.01171875,-0.0078125,0.001953125,1564.0,29.8,188.6,27.1,24.7,2.0,12.0,36.967404,-122.04165733333332,23.8,0.63,25.992,303.98
2026-09-07 15:38:45.561985,0.3560791015625,0.60357666015625,0.63543701171875,0.32415771484375,-0.109375,0.12890625,-0.296875,-0.0078125,-0.001953125,-0.001953125,1557.0,29.8,188.6,27.1,24.7,,,,,,,,
2026-09-07 15:38:45.663010,0.3558349609375,0.60357666015625,0.63543701171875,0.31671142578125,0.00390625,-0.03125,-0.1484375,0.015625,-0.001953125,-0.013671875,1557.0,29.8,188.6,27.1,24.7,,,,,,,,
2026-09-07 15:38:45.763445,0.3553466796875,0.60369873046875,0.63531494140625,0.32501220703125,-0.1875,0.453125,-0.2578125,0.0,0.001953125,0.01171875,1564.0,29.8,190.4,26.3,24.7,,,,,,,,
2026-09-07 15:38:45.858263,0.35516357421875,0.6041259765625,0.63494873046875,0.3250732421875,-0.80859375,2.28125,-1.48828125,-0.005859375,0.013671875,0.001953125,1564.0,29.8,190.4,26.3,24.7,,,,,,,,
2026-09-07 15:38:45.958108,0.35516357421875,0.6048583984375,0.63433837890625,0.32489013671875,0.94140625,-0.63671875,0.15625,-0.0390625,-0.009765625,0.017578125,1571.0,30.4,188.6,26.3,23.5,,,,,,,,
2026-09-07 15:38:46.059010,0.35455322265625,0.6044921875,0.63470458984375,0.32562255859375,0.55859375,-0.63671875,-0.171875,-0.0703125,-0.005859375,0.017578125,1571.0,30.4,188.6,26.3,23.5,,,,,,,,
2026-09-07 15:38:46.159894,0.35406494140625,0.60345458984375,0.63580322265625,0.32598876953125,1.60546875,-1.02734375,1.16796875,-0.015625,-0.005859375,0.033203125,1566.25,30.4,188.6,25.1,23.9,,,,,,,,
2026-09-07 15:38:46.258522,0.35491943359375,0.6031494140625,0.63592529296875,0.32525634765625,2.01171875,-1.02734375,1.3671875,0.015625,-0.0234375,0.00390625,1566.25,30.4,188.6,25.1,23.9,,,,,,,,
2026-09-07 15:38:46.360600,0.355224609375,0.6033935546875,0.63555908203125,0.3253173828125,0.296875,0.50390625,0.37890625,-0.00390625,-0.005859375,0.00390625,1560.0,30.4,188.6,22.7,20.4,,,,,,,,
2026-09-07 15:38:46.456501,0.35528564453125,0.60382080078125,0.63494873046875,0.32568359375,-0.80859375,0.8515625,0.1953125,0.005859375,-0.0078125,0.017578125,1560.0,30.4,188.6,22.7,20.4,,,,,,,,
2026-09-07 15:38:46.656470,0.35687255859375,0.604248046875,0.634033203125,0.3248291015625,-0.203125,0.0390625,0.01953125,-0.00390625,-0.005859375,-0.005859375,1547.5,30.4,190.4,16.5,16.1,2.0,12.0,36.9675415,-122.041911,24.5,0.62,25.992,303.98
2026-09-07 15:38:46.757499,0.35699462890625,0.6043701171875,0.6336669921875,0.3251953125,-0.078125,0.07421875,-0.125,0.0,0.001953125,-0.0234375,1540.5,30.4,190.4,8.6,16.9,2.0,12.0,36.9675415,-122.041911,24.5,0.62,25.992,303.98
2026-09-07 15:38:46.857159,0.35638427734375,0.60498046875,0.63311767578125,0.3258056640625,-0.23828125,0.0390625,-0.4296875,-0.00390625,0.0,-0.015625,1540.5,30.4,190.4,8.6,16.9,2.0,12.0,36.9675415,-122.041911,24.5,0.62,25.992,303.98
2026-09-07 15:38:46.957864,0.3555908203125,0.6051025390625,0.6329345703125,0.32672119140625,-0.67578125,0.890625,-0.09375,-0.01953125,-0.0078125,-0.00390625,1510.0,29.8,190.4,7.8,16.9,2.0,12.0,36.9675415,-122.041911,24.5,0.62,25.992,303.98
2026-09-07 15:38:47.057554,0.35528564453125,0.6046142578125,0.63323974609375,0.3275146484375,-0.4609375,-0.30859375,0.1953125,-0.025390625,-0.01171875,-0.001953125,1510.0,29.8,190.4,7.8,16.9,2.0,12.0,36.9675415,-122.041911,24.5,0.62,25.992,303.98
2026-09-07 15:38:47.158232,0.35491943359375,0.60406494140625,0.63336181640625,0.32861328125,-0.16796875,-0.57421875,-0.203125,-0.0234375,-0.00390625,-0.017578125,1511.5,29.8,190.4,7.5,16.9,2.0,12.0,36.9675415,-122.041911,24.5,0.62,25.992,303.98
2026-09-07 15:38:47.258131,0.35394287109375,0.60382080078125,0.62554931640625,0.33013916015625,-0.90234375,0.390625,0.04296875,-0.01953125,-0.005859375,-0.015625,1511.5,29.8,190.4,7.5,16.9,2.0,12.0,36.9675415,-122.041911,24.5,0.62,25.992,303.98
2026-09-07 15:38:47.358196,0.35308837890625,0.603515625,0.633544921875,0.33123779296875,-0.1796875,0.66015625,-0.01171875,-0.03125,-0.00390625,0.009765625,1510.75,29.8,190.4,7.5,16.9,2.0,12.0,36.9675415,-122.041911,24.5,0.62,25.992,303.98
2026-09-07 15:38:47.457905,0.35284423828125,0.60235595703125,0.6343994140625,0.33197021484375,-0.59765625,0.08203125,-0.12109375,-0.0234375,-0.013671875,0.025390625,1510.75,29.8,190.4,7.5,16.9,2.0,12.0,36.9675415,-122.041911,24.5,0.62,26.464,300.93
2026-09-07 15:38:47.558049,0.35308837890625,0.601318359375,0.635009765625,0.33245849609375,-0.47265625,0.23828125,0.09375,-0.017578125,-0.009765625,0.00390625,1497.5,29.2,190.4,7.5,16.9,2.0,12.0,36.967606333333336,-122.04204083333332,24.8,0.62,26.464,300.93
2026-09-07 15:38:47.658103,0.3529052734375,0.60089111328125,0.6351318359375,-1.66680908203125,-0.3046875,0.46875,-0.15234375,-0.01953125,-0.005859375,0.017578125,1497.5,29.2,190.4,7.5,16.9,2.0,12.0,36.967606333333336,-122.04204083333332,24.8,0.62,26.464,300.93
2026-09-07 15:38:47.758605,0.3529052734375,0.6005859375,0.63519287109375,0.33355712890625,-0.2890625,0.18359375,0.03125,0.001953125,-0.009765625,0.0234375,1487.5,29.2,190.4,7.5,16.9,2.0,12.0,36.967606333333336,-122.04204083333332,24.8,0.62,26.464,300.93
2026-09-07 15:38:47.858259,0.353515625,0.6007080078125,0.63482666015625,0.3333740234375,-0.44921875,0.03125,-0.10546875,0.02734375,-0.01171875,0.005859375,1487.5,29.2,190.4,7.5,16.9,2.0,12.0,36.967606333333336,-122.04204083333332,24.8,0.62,26.464,300.93
2026-09-07 15:38:47.958030,0.35406494140625,0.60113525390625,0.6341552734375,0.33349609375,-0.28125,-0.09375,-0.05859375,0.001953125,-0.001953125,0.017578125,1474.0,29.2,190.4,7.5,16.9,2.0,12.0,36.967606333333336,-122.04204083333332,24.8,0.62,26.464,300.93
2026-09-07 15:38:48.058267,0.35406494140625,0.6009521484375,0.63409423828125,0.33380126953125,0.5078125,-1.86328125,-0.328125,0.0234375,-0.005859375,0.015625,1474.0,29.2,190.4,7.5,16.9,2.0,12.0,36.967606333333336,-122.04204083333332,24.8,0.62,26.464,300.93
2026-09-07 15:38:48.163253,0.3536376953125,0.6021728515625,0.6328125,0.33447265625,-1.5,1.27734375,0.5859375,-0.00390625,0.0,-0.025390625,1459.25,28.6,190.4,7.5,16.9,2.0,12.0,36.967606333333336,-122.04204083333332,24.8,0.62,26.464,300.93
2026-09-07 15:38:48.261885,0.35198974609375,0.6041259765625,0.63079833984375,0.3365478515625,-0.37890625,1.046875,-0.9765625,-0.033203125,-0.005859375,-0.029296875,1459.25,28.6,190.4,7.5,16.9,2.0,12.0,36.967606333333336,-122.04204083333332,24.8,0.62,26.464,300.93
2026-09-07 15:38:48.362747,0.3502197265625,0.60394287109375,0.63092041015625,0.33837890625,-2.04296875,0.4375,-1.13671875,-0.04296875,0.005859375,0.009765625,1448.25,28.6,190.4,7.8,16.9,2.0,12.0,36.967606333333336,-122.04204083333332,24.8,0.62,26.464,300.93
2026-09-07 15:38:48.463713,0.3494873046875,0.60296630859375,0.63189697265625,0.33905029296875,-1.3046875,0.671875,0.140625,-0.0078125,-0.0078125,0.03125,1448.25,28.6,190.4,7.8,16.9,2.0,12.0,36.967606333333336,-122.04204083333332,24.8,0.62,25.987,303.59
2026-09-07 15:38:48.563682,0.35015869140625,0.6025390625,0.63201904296875,0.33111572265625,-0.76953125,0.75,-0.02734375,0.005859375,-0.013671875,0.02734375,1437.5,28.6,190.4,8.2,17.6,2.0,12.0,36.96767333333333,-122.042168,24.8,0.62,25.987,303.59
2026-09-07 15:38:48.664203,0.35076904296875,0.60205078125,0.63214111328125,0.3388671875,-0.44140625,0.20703125,-0.1796875,-0.017578125,-0.0078125,0.00390625,1437.5,28.6,190.4,8.2,17.6,2.0,12.0,36.96767333333333,-122.042168,24.8,0.62,25.987,303.59
2026-09-07 15:38:49.316003,0.35003662109375,0.60302734375,-1.368896484375,0.3399658203125,-0.15234375,-0.00390625,-0.00390625,0.01171875,-0.001953125,-0.001953125,1372.5,27.3,190.4,10.2,17.3,2.0,12.0,36.96767333333333,-122.042168,24.8,0.62,25.987,303.59
2026-09-07 15:38:49.415898,0.35003662109375,0.60302734375,-1.368896484375,0.3399658203125,-0.15234375,-0.00390625,-0.00390625,0.01171875,-0.001953125,-0.001953125,1372.5,27.3,190.4,10.2,17.3,2.0,12.0,36.96767333333333,-122.042168,24.8,0.62,24.49,304.98
2026-09-07 15:38:49.515999,0.35003662109375,0.60302734375,-1.368896484375,0.3399658203125,-0.15234375,-0.00390625,-0.00390625,0.01171875,-0.001953125,-0.001953125,1354.5,26.7,190.4,10.2,17.3,2.0,12.0,36.96773866666667,-122.04228583333334,25.4,0.62,24.49,304.98
2026-09-07 15:38:49.616301,0.35003662109375,0.60302734375,-1.368896484375,0.3399658203125,-0.15234375,-0.00390625,-0.00390625,0.01171875,-0.001953125,-0.001953125,1354.5,26.7,190.4,10.2,17.3,2.0,12.0,36.96773866666667,-122.04228583333334,25.4,0.62,24.49,304.98
2026-09-07 15:38:49.716152,0.35003662109375,0.60302734375,-1.368896484375,0.3399658203125,-0.15234375,-0.00390625,-0.00390625,0.01171875,-0.001953125,-0.001953125,1334.25,26.7,190.4,10.6,17.3,2.0,12.0,36.96773866666667,-122.04228583333334,25.4,0.62,24.49,304.98
2026-09-07 15:38:49.816377,0.35003662109375,0.60302734375,-1.368896484375,0.3399658203125,-0.15234375,-0.00390625,-0.00390625,0.01171875,-0.001953125,-0.001953125,1334.25,26.7,190.4,10.6,17.3,2.0,12.0,36.96773866666667,-122.04228583333334,25.4,0.62,24.49,304.98
2026-09-07 15:38:49.916656,0.35003662109375,0.60302734375,-1.368896484375,0.3399658203125,-0.15234375,-0.00390625,-0.00390625,0.01171875,-0.001953125,-0.001953125,1322.5,26.1,190.4,10.6,17.3,2.0,12.0,36.96773866666667,-122.04228583333334,25.4,0.62,24.49,304.98
2026-09-07 15:38:50.016643,0.35003662109375,0.60302734375,-1.368896484375,0.3399658203125,-0.15234375,-0.00390625,-0.00390625,0.01171875,-0.001953125,-0.001953125,1322.5,26.1,190.4,10.6,17.3,2.0,12.0,36.96773866666667,-122.04228583333334,25.4,0.62,24.49,304.98
2026-09-07 15:38:50.116935,0.35003662109375,0.60302734375,-1.368896484375,0.3399658203125,-0.15234375,-0.00390625,-0.00390625,0.01171875,-0.001953125,-0.001953125,1314.0,26.1,190.4,10.6,17.3,2.0,12.0,36.96773866666667,-122.04228583333334,25.4,0.62,24.49,304.98
2026-09-07 15:38:50.216444,0.35003662109375,0.60302734375,-1.368896484375,0.3399658203125,-0.15234375,-0.00390625,-0.00390625,0.01171875,-0.001953125,-0.001953125,1314.0,26.1,190.4,10.6,17.3,2.0,12.0,36.96773866666667,-122.04228583333334,25.4,0.62,24.49,304.98
2026-09-07 15:38:50.317006,0.35003662109375,0.60302734375,-1.368896484375,0.3399658203125,-0.15234375,-0.00390625,-0.00390625,0.01171875,-0.001953125,-0.001953125,1300.75,26.1,190.4,10.6,17.3,2.0,12.0,36.96773866666667,-122.04228583333334,25.4,0.62,24.49,304.98
2026-09-07 15:38:50.417436,0.35003662109375,0.60302734375,-1.368896484375,0.3399658203125,-0.15234375,-0.00390625,-0.00390625,0.01171875,-0.001953125,-0.001953125,1300.75,26.1,190.4,10.6,17.3,2.0,12.0,36.96773866666667,-122.04228583333334,25.4,0.62,23.128,306.17
2026-09-07 15:38:50.517228,0.35003662109375,0.60302734375,-1.368896484375,0.3399658203125,-0.15234375,-0.00390625,-0.00390625,0.01171875,-0.001953125,-0.001953125,1287.5,25.5,190.4,11.0,17.3,2.0,12.0,36.9678025,-122.04239566666666,25.9,0.62,23.128,306.17
2026-09-07 15:38:50.617328,0.35003662109375,0.60302734375,-1.368896484375,0.3399658203125,-0.15234375,-0.00390625,-0.00390625,0.01171875,-0.001953125,-0.001953125,1287.5,25.5,190.4,11.0,17.3,2.0,12.0,36.9678025,-122.04239566666666,25.9,0.62,23.128,306.17
2026-09-07 15:38:50.717433,0.35003662109375,0.60302734375,-1.368896484375,0.3399658203125,-0.15234375,-0.00390625,-0.00390625,0.01171875,-0.001953125,-0.001953125,1278.75,25.5,190.4,11.0,16.9,2.0,12.0,36.9678025,-122.04239566666666,25.9,0.62,23.128,306.17
2026-09-07 15:38:50.817589,0.35003662109375,0.60302734375,-1.368896484375,0.3399658203125,-0.15234375,-0.00390625,-0.00390625,0.01171875,-0.001953125,-0.001953125,1278.75,25.5,190.4,11.0,16.9,2.0,12.0,36.9678025,-122.04239566666666,25.9,0.62,23.128,306.17
2026-09-07 15:38:50.917701,0.35003662109375,0.60302734375,-1.368896484375,0.3399658203125,-0.15234375,-0.00390625,-0.00390625,0.01171875,-0.001953125,-0.001953125,1259.25,24.9,190.4,11.0,16.9,2.0,12.0,36.9678025,-122.04239566666666,25.9,0.62,23.128,306.17
2026-09-07 15:38:51.017936,0.35003662109375,0.60302734375,-1.368896484375,0.3399658203125,-0.15234375,-0.00390625,-0.00390625,0.01171875,-0.001953125,-0.001953125,1259.25,24.9,190.4,11.0,16.9,2.0,12.0,36.9678025,-122.04239566666666,25.9,0.62,23.128,306.17
2026-09-07 15:38:51.117938,0.35003662109375,0.60302734375,-1.368896484375,0.3399658203125,-0.15234375,-0.00390625,-0.00390625,0.01171875,-0.001953125,-0.001953125,1246.0,24.9,190.4,11.0,16.9,2.0,12.0,36.9678025,-122.04239566666666,25.9,0.62,23.128,306.17
2026-09-07 15:38:51.218154,0.35003662109375,0.60302734375,-1.368896484375,0.3399658203125,-0.15234375,-0.00390625,-0.00390625,0.01171875,-0.001953125,-0.001953125,1246.0,24.9,190.4,11.0,16.9,2.0,12.0,36.9678025,-122.04239566666666,25.9,0.62,23.128,306.17
2026-09-07 15:38:53.194165,0.49981689453125,0.50042724609375,0.4993896484375,0.5003662109375,-0.8671875,8.19140625,0.8046875,0.0078125,-0.001953125,-0.025390625,,19.9,190.4,11.4,16.9,2.0,12.0,36.9679215,-122.04260066666669,26.4,0.62,20.727,306.3
2026-09-07 15:38:53.294264,0.50140380859375,0.503173828125,0.4962158203125,0.49920654296875,-1.078125,9.578125,-0.8828125,0.03515625,-0.0078125,-0.025390625,1203.75,19.9,190.4,11.4,16.9,2.0,12.0,36.9679215,-122.04260066666669,26.4,0.62,20.727,306.3
2026-09-07 15:38:53.393693,0.50164794921875,0.50396728515625,0.4951171875,0.49920654296875,-0.8125,9.25,0.12109375,-0.046875,-0.0078125,0.0078125,1203.75,19.9,190.4,11.4,16.9,2.0,12.0,36.9679215,-122.04260066666669,26.4,0.62,18.429,305.13
2026-09-07 15:38:53.493912,0.48834228515625,0.51513671875,0.483154296875,0.5125732421875,-0.90234375,8.80859375,-0.10546875,-0.052734375,0.0,0.03515625,1168.75,19.3,190.4,12.2,17.3,2.0,12.0,36.9679735,-122.04269116666669,26.6,0.62,18.429,305.13
2026-09-07 15:38:53.595080,0.486572265625,0.51470947265625,0.48321533203125,0.51458740234375,-0.91015625,7.30078125,0.12890625,-0.01171875,0.009765625,0.041015625,1168.75,19.3,190.4,12.2,17.3,2.0,12.0,36.9679735,-122.04269116666669,26.6,0.62,18.429,305.13
2026-09-07 15:38:53.694970,0.48663330078125,0.514404296875,0.48394775390625,0.51416015625,0.30859375,7.2109375,0.4375,-0.03515625,0.009765625,0.037109375,1120.25,18.6,190.4,13.3,17.3,2.0,12.0,36.9679735,-122.04269116666669,26.6,0.62,18.429,305.13
2026-09-07 15:38:53.794508,0.4874267578125,0.51507568359375,0.483154296875,0.505615234375,-0.53125,7.33203125,0.21484375,-0.013671875,-0.017578125,-0.029296875,1120.25,18.6,190.4,13.3,17.3,2.0,12.0,36.9679735,-122.04269116666669,26.6,0.62,18.429,305.13
2026-09-07 15:38:53.894695,0.4874267578125,0.51611328125,0.48138427734375,0.51409912109375,-1.20703125,8.21484375,0.0703125,-0.00390625,-0.005859375,-0.05859375,1083.5,18.0,190.4,15.7,17.3,2.0,12.0,36.9679735,-122.04269116666669,26.6,0.62,18.429,305.13
2026-09-07 15:38:53.993924,0.4859619140625,0.51715087890625,0.48004150390625,0.51568603515625,-1.65625,7.640625,-0.15234375,-0.041015625,0.005859375,0.001953125,1083.5,18.0,190.4,15.7,17.3,2.0,12.0,36.9679735,-122.04269116666669,26.6,0.62,18.429,305.13
2026-09-07 15:38:54.095019,0.485107421875,0.51702880859375,0.48040771484375,0.51629638671875,-1.12109375,7.85546875,-0.57421875,0.015625,-0.001953125,0.00390625,1113.25,17.4,190.4,16.1,17.3,2.0,12.0,36.9679735,-122.04269116666669,26.6,0.62,18.429,305.13
2026-09-07 15:38:54.193955,0.48553466796875,0.51580810546875,0.4815673828125,0.51605224609375,-1.00390625,5.51171875,0.26171875,0.0,-0.005859375,0.025390625,1113.25,17.4,190.4,16.1,17.3,2.0,12.0,36.9679735,-122.04269116666669,26.6,0.62,18.429,305.13
2026-09-07 15:38:54.294978,0.486083984375,0.5147705078125,0.48236083984375,0.51580810546875,-0.66015625,5.29296875,0.23828125,0.02734375,-0.013671875,0.009765625,1174.0,16.2,190.4,14.1,16.9,2.0,12.0,36.9679735,-122.04269116666669,26.6,0.62,18.429,305.13
2026-09-07 15:38:54.395131,0.48724365234375,0.51507568359375,0.48175048828125,0.5150146484375,-0.796875,5.30859375,0.73046875,0.109375,0.00390625,-0.015625,1174.0,16.2,190.4,14.1,16.9,2.0,12.0,36.9679735,-122.04269116666669,26.6,0.62,15.446,307.1
2026-09-07 15:38:54.495998,0.4891357421875,0.51708984375,0.47943115234375,0.5133056640625,-1.015625,6.0703125,-0.7890625,0.005859375,-0.01171875,-0.0234375,1214.0,15.5,190.4,12.2,16.9,2.0,12.0,36.96801966666666,-122.04276733333332,26.7,0.62,15.446,307.1
2026-09-07 15:38:54.594975,0.4888916015625,0.51727294921875,0.47882080078125,0.51397705078125,-0.5859375,5.640625,-0.87890625,-0.068359375,-0.00390625,-0.009765625,1214.0,15.5,190.4,12.2,16.9,2.0,12.0,36.96801966666666,-122.04276733333332,26.7,0.62,15.446,307.1
2026-09-07 15:38:54.695352,0.48724365234375,0.5157470703125,0.480224609375,0.5157470703125,-1.23828125,5.671875,-0.6484375,-0.009765625,0.001953125,0.005859375,1173.25,14.9,190.4,11.8,16.9,2.0,12.0,36.96801966666666,-122.04276733333332,26.7,0.62,15.446,307.1
2026-09-07 15:38:54.795607,0.4866943359375,0.51495361328125,0.4810791015625,0.5162353515625,-0.96875,4.1953125,0.1328125,-0.083984375,0.013671875,0.013671875,1173.25,14.9,190.4,11.8,16.9,2.0,12.0,36.96801966666666,-122.04276733333332,26.7,0.62,15.446,307.1
2026-09-07 15:38:54.895715,0.48516845703125,0.513427734375,0.48321533203125,0.5172119140625,-0.8359375,2.96484375,0.4296875,-0.001953125,0.0078125,0.033203125,1132.75,14.3,190.4,12.2,16.9,2.0,12.0,36.96801966666666,-122.04276733333332,26.7,0.62,15.446,307.1
2026-09-07 15:38:54.994912,0.48583984375,0.512939453125,0.4842529296875,0.51611328125,0.49609375,3.6640625,-0.20703125,0.01953125,0.0,0.00390625,1132.75,14.3,190.4,12.2,16.9,2.0,12.0,36.96801966666666,-122.04276733333332,26.7,0.62,15.446,307.1
2026-09-07 15:38:55.096735,0.486572265625,0.5133056640625,0.4837646484375,0.5155029296875,0.3125,3.5,-0.3515625,0.0234375,-0.01171875,-0.037109375,1074.0,13.7,190.4,13.3,16.5,2.0,12.0,36.96801966666666,-122.04276733333332,26.7,0.62,15.446,307.1
2026-09-07 15:38:55.193399,0.486083984375,0.5142822265625,0.4820556640625,0.5166015625,-0.3515625,3.11328125,-0.234375,-0.00390625,-0.001953125,-0.044921875,1074.0,13.7,190.4,13.3,16.5,2.0,12.0,36.96801966666666,-122.04276733333332,26.7,0.62,15.446,307.1
2026-09-07 15:38:55.294040,0.4852294921875,0.515380859375,0.48095703125,0.517333984375,-1.1171875,3.69921875,0.546875,0.044921875,0.009765625,-0.017578125,1007.75,13.0,190.4,14.1,16.5,2.0,12.0,36.96801966666666,-122.04276733333332,26.7,0.62,15.446,307.1
2026-09-07 15:38:55.396913,0.48602294921875,0.51690673828125,0.4794921875,0.516357421875,-0.94140625,3.88671875,-0.90234375,0.044921875,-0.265625,-0.017578125,1007.75,13.0,190.4,14.1,16.5,2.0,12.0,36.96801966666666,-122.04276733333332,26.7,0.62,12.421,305.46
2026-09-07 15:38:55.593228,0.486083984375,0.51605224609375,0.47930908203125,0.517333984375,-0.44140625,2.93359375,-0.39453125,-0.05078125,0.001953125,0.0234375,942.75,11.8,190.4,16.1,16.1,2.0,12.0,36.9680565,-122.0428305,26.7,0.62,12.421,305.46
2026-09-07 15:38:55.693813,0.48504638671875,0.51458740234375,0.4810791015625,0.5181884765625,-0.37890625,1.38671875,0.57421875,-0.01171875,0.005859375,0.015625,874.0,11.2,190.4,18.4,16.5,2.0,12.0,36.9680565,-122.0428305,26.7,0.62,12.421,305.46
2026-09-07 15:38:55.793251,0.48486328125,0.514892578125,0.48077392578125,0.518310546875,-0.046875,2.05859375,-0.44921875,0.021484375,-0.01171875,0.025390625,874.0,11.2,190.4,18.4,16.5,2.0,12.0,36.9680565,-122.0428305,26.7,0.62,12.421,305.46
2026-09-07 15:38:55.894167,0.486083984375,0.5142822265625,0.48095703125,0.517578125,-0.33984375,2.28515625,0.171875,0.015625,-0.001953125,0.267578125,826.5,10.6,190.4,22.0,16.5,2.0,12.0,36.9680565,-122.0428305,26.7,0.62,12.421,305.46
2026-09-07 15:38:55.993619,0.48712158203125,0.5142822265625,0.4808349609375,0.5167236328125,-0.6640625,2.39453125,0.1484375,0.033203125,0.00390625,0.0234375,826.5,10.6,190.4,22.0,16.5,2.0,12.0,36.9680565,-122.0428305,26.7,0.62,12.421,305.46
2026-09-07 15:38:56.094331,0.48907470703125,0.51507568359375,0.480224609375,0.5146484375,-0.69140625,0.078125,1.62890625,0.134765625,-0.013671875,0.013671875,810.75,9.3,190.4,24.7,16.5,2.0,12.0,36.9680565,-122.0428305,26.7,0.62,12.421,305.46
2026-09-07 15:38:56.195063,0.49334716796875,0.51763916015625,0.47650146484375,0.51141357421875,-0.27734375,2.60546875,-0.5078125,0.03515625,-0.03125,-0.0234375,810.75,9.3,190.4,24.7,16.5,2.0,12.0,36.9680565,-122.0428305,26.7,0.62,12.421,305.46
2026-09-07 15:38:56.294857,0.493896484375,0.51727294921875,-1.52471923828125,0.512451171875,0.328125,2.59375,-2.02734375,-0.111328125,-0.005859375,-0.01953125,832.75,8.7,190.4,23.9,16.5,2.0,12.0,36.9680565,-122.0428305,26.7,0.62,12.421,305.46
2026-09-07 15:38:56.394782,0.489501953125,0.51727294921875,0.47503662109375,0.51690673828125,0.55078125,1.16796875,0.21875,-0.091796875,0.013671875,0.005859375,832.75,8.7,190.4,23.9,16.5,2.0,12.0,36.9680565,-122.0428305,26.7,0.62,8.595,307.88
2026-09-07 15:38:56.494833,0.486328125,0.516845703125,0.47607421875,0.519287109375,0.02734375,2.0,0.40234375,-0.080078125,0.0,0.0078125,790.5,8.1,190.4,25.5,16.5,2.0,12.0,36.968084833333336,-122.042875,26.6,0.62,8.595,307.88
2026-09-07 15:38:56.594975,0.48419189453125,0.515869140625,0.4771728515625,0.52130126953125,-0.27734375,-0.015625,0.66015625,-0.046875,-0.015625,0.005859375,790.5,8.1,190.4,25.5,16.5,2.0,12.0,36.968084833333336,-122.042875,26.6,0.62,8.595,307.88
2026-09-07 15:38:56.694711,0.4833984375,0.51519775390625,0.47705078125,0.52276611328125,0.03515625,0.9609375,0.58984375,0.01171875,-0.01171875,0.013671875,757.75,7.5,190.4,26.3,16.9,2.0,12.0,36.968084833333336,-122.042875,26.6,0.62,8.595,307.88
2026-09-07 15:38:56.794720,0.48406982421875,0.51531982421875,0.47625732421875,0.52276611328125,0.59765625,0.83984375,0.0703125,0.029296875,-0.009765625,-0.005859375,757.75,7.5,190.4,26.3,16.9,2.0,12.0,36.968084833333336,-122.042875,26.6,0.62,8.595,307.88
2026-09-07 15:38:56.894403,0.4844970703125,0.5159912109375,0.4749755859375,0.52288818359375,0.2890625,0.921875,-0.06640625,-0.005859375,-0.005859375,-0.009765625,753.0,6.8,190.4,27.8,16.5,2.0,12.0,36.968084833333336,-122.042875,26.6,0.62,8.595,307.88
2026-09-07 15:38:56.994145,0.4835205078125,0.516845703125,0.47381591796875,0.5240478515625,0.2421875,0.84375,0.22265625,0.01171875,0.0,0.025390625,753.0,6.8,190.4,27.8,16.5,2.0,12.0,36.968084833333336,-122.042875,26.6,0.62,8.595,307.88
2026-09-07 15:38:57.094261,0.483154296875,0.51751708984375,0.47320556640625,0.52423095703125,-0.01171875,0.734375,0.0703125,0.005859375,0.005859375,0.033203125,776.5,6.2,190.4,27.5,16.5,2.0,12.0,36.968084833333336,-122.042875,26.6,0.62,8.595,307.88
2026-09-07 15:38:57.193655,0.48345947265625,0.51776123046875,0.4730224609375,0.52386474609375,0.53515625,0.86328125,-0.45703125,0.0078125,-0.01171875,-0.005859375,776.5,6.2,190.4,27.5,16.5,2.0,12.0,36.968084833333336,-122.042875,26.6,0.62,8.595,307.88
2026-09-07 15:38:57.294459,0.48321533203125,0.51806640625,0.4718017578125,0.52490234375,0.94140625,1.421875,-0.62109375,-0.037109375,-0.033203125,-0.052734375,823.25,5.6,190.4,26.3,16.9,2.0,12.0,36.968084833333336,-122.042875,26.6,0.62,8.595,307.88
2026-09-07 15:38:57.394256,0.4810791015625,0.51788330078125,0.47064208984375,0.528076171875,0.05078125,1.10546875,-0.51953125,-0.072265625,0.0078125,-0.0234375,823.25,5.6,190.4,26.3,16.9,2.0,12.0,36.968084833333336,-122.042875,26.6,0.62,6.079,306.25
2026-09-07 15:38:57.498651,0.47845458984375,0.51739501953125,0.47174072265625,0.52996826171875,-0.1015625,0.515625,0.859375,0.0078125,-0.001953125,0.021484375,784.25,5.0,190.4,27.5,16.5,2.0,12.0,36.968104,-122.042907,26.8,0.62,6.079,306.25
2026-09-07 15:38:58.030364,0.47845458984375,0.51739501953125,0.47174072265625,0.52996826171875,-0.1015625,0.515625,0.859375,0.0078125,-0.001953125,0.021484375,735.75,4.3,190.4,27.1,16.5,2.0,12.0,36.968104,-122.042907,26.8,0.62,6.079,306.25
2026-09-07 15:38:58.130483,0.47845458984375,0.51739501953125,0.47174072265625,0.52996826171875,-0.1015625,0.515625,0.859375,0.0078125,-0.001953125,0.021484375,736.5,4.3,190.4,27.8,16.5,2.0,12.0,36.968104,-122.042907,26.8,0.62,6.079,306.25
2026-09-07 15:38:58.230896,0.47845458984375,0.51739501953125,0.47174072265625,0.52996826171875,-0.1015625,0.515625,0.859375,0.0078125,-0.001953125,0.021484375,736.5,4.3,190.4,27.8,16.5,2.0,12.0,36.968104,-122.042907,26.8,0.62,6.079,306.25
2026-09-07 15:38:58.330739,0.47845458984375,0.51739501953125,0.47174072265625,0.52996826171875,-0.1015625,0.515625,0.859375,0.0078125,-0.001953125,0.021484375,750.0,4.3,190.4,31.0,18.0,2.0,12.0,36.968104,-122.042907,26.8,0.62,6.079,306.25
2026-09-07 15:38:58.430253,0.47845458984375,0.51739501953125,0.47174072265625,0.52996826171875,-0.1015625,0.515625,0.859375,0.0078125,-0.001953125,0.021484375,750.0,4.3,190.4,31.0,18.0,2.0,12.0,36.968104,-122.042907,26.8,0.62,4.1,306.01
2026-09-07 15:38:58.530948,0.47845458984375,0.51739501953125,0.47174072265625,0.52996826171875,-0.1015625,0.515625,0.859375,0.0078125,-0.001953125,0.021484375,855.25,4.3,190.4,44.7,20.0,2.0,12.0,36.968118,-122.04292966666668,26.9,0.62,4.1,306.01
2026-09-07 15:38:58.631129,0.47845458984375,0.51739501953125,0.47174072265625,0.52996826171875,-0.1015625,0.515625,0.859375,0.0078125,-0.001953125,0.021484375,855.25,4.3,190.4,44.7,20.0,2.0,12.0,36.968118,-122.04292966666668,26.9,0.62,4.1,306.01
2026-09-07 15:38:58.731288,0.47845458984375,0.51739501953125,0.47174072265625,0.52996826171875,-0.1015625,0.515625,0.859375,0.0078125,-0.001953125,0.021484375,1208.5,4.3,190.4,36.5,21.6,2.0,12.0,36.968118,-122.04292966666668,26.9,0.62,4.1,306.01
2026-09-07 15:38:58.831315,0.47845458984375,0.51739501953125,0.47174072265625,0.52996826171875,-0.1015625,0.515625,0.859375,0.0078125,-0.001953125,0.021484375,1208.5,4.3,190.4,36.5,21.6,2.0,12.0,36.968118,-122.04292966666668,26.9,0.62,4.1,306.01
2026-09-07 15:38:58.931762,0.47845458984375,0.51739501953125,0.47174072265625,0.52996826171875,-0.1015625,0.515625,0.859375,0.0078125,-0.001953125,0.021484375,1411.5,4.3,190.4,28.2,22.0,2.0,12.0,36.968118,-122.04292966666668,26.9,0.62,4.1,306.01
2026-09-07 15:38:59.031531,0.47845458984375,0.51739501953125,0.47174072265625,0.52996826171875,-0.1015625,0.515625,0.859375,0.0078125,-0.001953125,0.021484375,1411.5,4.3,190.4,28.2,22.0,2.0,12.0,36.968118,-122.04292966666668,26.9,0.62,4.1,306.01
2026-09-07 15:38:59.131809,0.47845458984375,0.51739501953125,0.47174072265625,0.52996826171875,-0.1015625,0.515625,0.859375,0.0078125,-0.001953125,0.021484375,1452.25,5.0,190.4,24.7,22.0,2.0,12.0,36.968118,-122.04292966666668,26.9,0.62,4.1,306.01
2026-09-07 15:38:59.231962,0.47845458984375,0.51739501953125,0.47174072265625,0.52996826171875,-0.1015625,0.515625,0.859375,0.0078125,-0.001953125,0.021484375,1452.25,5.0,190.4,24.7,22.0,2.0,12.0,36.968118,-122.04292966666668,26.9,0.62,4.1,306.01
2026-09-07 15:38:59.332081,0.47845458984375,0.51739501953125,0.47174072265625,0.52996826171875,-0.1015625,0.515625,0.859375,0.0078125,-0.001953125,0.021484375,1460.0,5.0,190.4,24.3,22.0,2.0,12.0,36.968118,-122.04292966666668,26.9,0.62,4.1,306.01
2026-09-07 15:38:59.432207,0.47845458984375,0.51739501953125,0.47174072265625,0.52996826171875,-0.1015625,0.515625,0.859375,0.0078125,-0.001953125,0.021484375,1460.0,5.0,190.4,24.3,22.0,2.0,12.0,36.968118,-122.04292966666668,26.9,0.62,4.228,316.22
2026-09-07 15:38:59.532180,0.47845458984375,0.51739501953125,0.47174072265625,0.52996826171875,-0.1015625,0.515625,0.859375,0.0078125,-0.001953125,0.021484375,1461.5,5.6,190.4,24.3,21.6,2.0,12.0,36.96813383333333,-122.04294533333334,26.8,0.62,4.228,316.22
2026-09-07 15:38:59.632375,0.47845458984375,0.51739501953125,0.47174072265625,0.52996826171875,-0.1015625,0.515625,0.859375,0.0078125,-0.001953125,0.021484375,1461.5,5.6,190.4,24.3,21.6,2.0,12.0,36.96813383333333,-122.04294533333334,26.8,0.62,4.228,316.22
2026-09-07 15:38:59.732506,0.47845458984375,0.51739501953125,0.47174072265625,0.52996826171875,-0.1015625,0.515625,0.859375,0.0078125,-0.001953125,0.021484375,1444.5,5.6,190.4,23.9,21.2,2.0,12.0,36.96813383333333,-122.04294533333334,26.8,0.62,4.228,316.22
2026-09-07 15:38:59.832541,0.47845458984375,0.51739501953125,0.47174072265625,0.52996826171875,-0.1015625,0.515625,0.859375,0.0078125,-0.001953125,0.021484375,1444.5,5.6,190.4,23.9,21.2,2.0,12.0,36.96813383333333,-122.04294533333334,26.8,0.62,4.228,316.22
2026-09-07 15:39:01.811826,0.45367431640625,0.43841552734375,0.53375244140625,0.5631103515625,0.55859375,-0.09765625,-0.63671875,0.009765625,-0.49609375,-0.017578125,1678.0,8.7,192.2,25.9,26.3,2.0,12.0,36.96818416666667,-122.04296816666668,26.2,0.62,6.533,355.97
2026-09-07 15:39:01.909946,0.4664306640625,0.4246826171875,0.521728515625,0.57440185546875,0.78125,-0.4296875,0.26953125,-0.009765625,-0.482421875,-0.029296875,1781.25,9.3,192.2,28.6,27.8,2.0,12.0,36.96818416666667,-122.04296816666668,26.2,0.62,6.533,355.97
2026-09-07 15:39:02.010519,0.47796630859375,0.4111328125,0.50982666015625,0.5853271484375,0.5546875,-0.45703125,0.1015625,0.013671875,-0.447265625,-0.041015625,1781.25,9.3,192.2,28.6,27.8,2.0,12.0,36.96818416666667,-122.04296816666668,26.2,0.62,6.533,355.97
2026-09-07 15:39:02.110195,0.48876953125,0.39892578125,0.4979248046875,0.59503173828125,0.5234375,-0.265625,0.34765625,0.005859375,-0.443359375,-0.04296875,1849.0,9.9,192.2,30.2,27.8,2.0,12.0,36.96818416666667,-122.04296816666668,26.2,0.62,6.533,355.97
2026-09-07 15:39:02.209839,0.4993896484375,0.38653564453125,0.48577880859375,0.60430908203125,0.453125,-0.06640625,0.27734375,0.03515625,-0.447265625,-0.037109375,1849.0,9.9,192.2,30.2,27.8,2.0,12.0,36.96818416666667,-122.04296816666668,26.2,0.62,6.533,355.97
2026-09-07 15:39:02.636393,0.548583984375,0.32928466796875,0.432861328125,0.635009765625,0.80859375,0.36328125,-0.69921875,0.001953125,-0.33203125,-0.04296875,1945.25,11.2,192.2,33.3,30.2,2.0,12.0,36.968221,-122.04295033333334,25.8,0.62,8.957,20.0
2026-09-07 15:39:02.715028,0.55181884765625,0.3243408203125,0.427978515625,0.6380615234375,0.7734375,0.0078125,-0.57421875,-0.017578125,-0.322265625,-0.04296875,1977.25,12.4,192.2,32.9,30.2,2.0,12.0,36.968221,-122.04295033333334,25.8,0.62,8.957,20.0
2026-09-07 15:39:02.815916,0.55474853515625,0.319580078125,0.42340087890625,0.6409912109375,0.53125,-0.44921875,-0.8671875,-0.033203125,-0.291015625,-0.029296875,1977.25,12.4,192.2,32.9,30.2,2.0,12.0,36.968221,-122.04295033333334,25.8,0.62,8.957,20.0
2026-09-07 15:39:02.915766,0.5596923828125,0.31036376953125,0.4150390625,0.64666748046875,0.55859375,0.0234375,-0.16015625,-0.0234375,-0.271484375,-0.03125,2034.25,13.0,192.2,34.5,30.6,2.0,12.0,36.968221,-122.04295033333334,25.8,0.62,8.957,20.0
2026-09-07 15:39:03.015893,0.56427001953125,0.3016357421875,0.40716552734375,0.65179443359375,0.359375,0.0234375,-0.078125,-0.029296875,-0.26171875,-0.033203125,2034.25,13.0,192.2,34.5,30.6,2.0,12.0,36.968221,-122.04295033333334,25.8,0.62,8.957,20.0
2026-09-07 15:39:03.115581,0.5694580078125,0.2928466796875,0.39959716796875,0.65594482421875,0.3984375,0.0703125,-0.20703125,-0.021484375,-0.24609375,-0.05078125,2041.25,13.7,192.2,35.3,29.4,2.0,12.0,36.968221,-122.04295033333334,25.8,0.62,8.957,20.0
2026-09-07 15:39:03.220698,0.5738525390625,0.28497314453125,0.39190673828125,0.66021728515625,0.2578125,-0.234375,-0.0390625,-0.0234375,-0.216796875,-0.029296875,2041.25,13.7,192.2,35.3,29.4,2.0,12.0,36.968221,-122.04295033333334,25.8,0.62,8.957,20.0
2026-09-07 15:39:03.319847,0.5888671875,0.2669677734375,0.3868408203125,0.65753173828125,-0.07421875,0.03125,-0.2890625,0.0078125,-0.201171875,-0.025390625,2078.75,14.3,192.2,33.7,29.4,2.0,12.0,36.968221,-122.04295033333334,25.8,0.62,8.957,20.0
2026-09-07 15:39:03.421198,0.59637451171875,0.25830078125,0.38214111328125,0.65692138671875,-0.04296875,0.078125,-0.125,0.0390625,-0.185546875,-0.001953125,2078.75,14.3,192.2,33.7,29.4,2.0,12.0,36.968221,-122.04295033333334,25.8,0.62,11.669,32.13
2026-09-07 15:39:03.520886,0.6033935546875,0.2515869140625,0.377197265625,0.656005859375,0.1171875,-0.07421875,-0.65234375,0.00390625,-0.150390625,-0.009765625,2143.75,14.9,192.2,35.3,29.8,2.0,12.0,36.96826433333333,-122.04291766666668,25.6,0.59,11.669,32.13
2026-09-07 15:39:03.621792,0.60662841796875,-1.75311279296875,0.372314453125,0.6575927734375,0.32421875,-0.04296875,-0.97265625,0.0,-0.12890625,-0.013671875,2143.75,14.9,192.2,35.3,29.8,2.0,12.0,36.96826433333333,-122.04291766666668,25.6,0.59,11.669,32.13
2026-09-07 15:39:03.722728,0.60101318359375,0.2431640625,0.3681640625,0.65924072265625,0.125,0.26171875,-0.6953125,-0.021484375,-0.10546875,-0.005859375,2171.0,15.5,192.2,36.1,29.4,2.0,12.0,36.96826433333333,-122.04291766666668,25.6,0.59,11.669,32.13
2026-09-07 15:39:03.821594,0.6103515625,-1.7603759765625,0.3651123046875,0.660888671875,0.203125,0.21484375,-0.7421875,-0.005859375,-0.0859375,0.001953125,2171.0,15.5,192.2,36.1,29.4,2.0,12.0,36.96826433333333,-122.04291766666668,25.6,0.59,11.669,32.13
2026-09-07 15:39:03.921190,0.6239013671875,0.23760986328125,0.36077880859375,0.6512451171875,0.0546875,-0.109375,0.11328125,0.017578125,-0.068359375,-0.009765625,2144.5,16.2,192.2,35.3,30.2,2.0,12.0,36.96826433333333,-122.04291766666668,25.6,0.59,11.669,32.13
2026-09-07 15:39:04.022026,0.63299560546875,0.236083984375,0.3575439453125,0.644775390625,0.23046875,-0.26171875,0.0078125,0.015625,-0.048828125,-0.00390625,2144.5,16.2,192.2,35.3,30.2,2.0,12.0,36.96826433333333,-122.04291766666668,25.6,0.59,11.669,32.13
2026-09-07 15:39:04.121501,0.638916015625,0.23431396484375,0.35565185546875,0.640625,0.03515625,0.015625,-0.19921875,0.025390625,-0.03515625,-0.00390625,2067.0,17.4,192.2,33.3,27.8,2.0,12.0,36.96826433333333,-122.04291766666668,25.6,0.59,11.669,32.13
2026-09-07 15:39:04.221722,0.64373779296875,0.23333740234375,0.3541259765625,0.636962890625,0.02734375,0.1875,-0.51171875,0.0,-0.015625,-0.015625,2067.0,17.4,192.2,33.3,27.8,2.0,12.0,36.96826433333333,-122.04291766666668,25.6,0.59,11.669,32.13
2026-09-07 15:39:04.322015,0.64361572265625,0.233154296875,0.353271484375,0.63763427734375,-0.34765625,0.4453125,-0.6640625,-0.029296875,-0.00390625,-0.01171875,2110.75,17.4,192.2,29.4,27.1,2.0,12.0,36.96826433333333,-122.04291766666668,25.6,0.59,11.669,32.13
2026-09-07 15:39:04.421944,0.6429443359375,0.23297119140625,0.3453369140625,0.63848876953125,-0.63671875,0.20703125,0.0625,-0.03515625,-0.001953125,0.0078125,2110.75,17.4,192.2,29.4,27.1,2.0,12.0,36.96826433333333,-122.04291766666668,25.6,0.59,15.269,36.66
2026-09-07 15:39:04.522616,0.64227294921875,0.23211669921875,0.35357666015625,0.63922119140625,-0.70703125,0.27734375,-0.13671875,-0.021484375,-0.0078125,0.013671875,2182.75,18.0,192.2,26.7,24.7,2.0,12.0,36.968318,-122.04286833333332,25.6,0.59,15.269,36.66
2026-09-07 15:39:04.622827,0.6419677734375,0.231201171875,0.3538818359375,0.6396484375,-0.62109375,0.0,0.125,-0.0078125,-0.0078125,0.0078125,2182.75,18.0,192.2,26.7,24.7,2.0,12.0,36.968318,-122.04286833333332,25.6,0.59,15.269,36.66
2026-09-07 15:39:04.727191,0.642333984375,0.2308349609375,0.35382080078125,0.63946533203125,-0.92578125,-0.16015625,-0.14453125,0.0,-0.00390625,0.00390625,2160.0,18.6,192.2,21.6,23.9,2.0,12.0,36.968318,-122.04286833333332,25.6,0.59,15.269,36.66
2026-09-07 15:39:04.821940,0.64276123046875,0.230712890625,0.3536376953125,0.63922119140625,-0.8125,0.453125,-0.00390625,0.00390625,-0.001953125,0.001953125,2160.0,18.6,192.2,21.6,23.9,2.0,12.0,36.968318,-122.04286833333332,25.6,0.59,15.269,36.66
2026-09-07 15:39:04.927603,0.645751953125,0.23126220703125,0.3525390625,0.6365966796875,-1.03515625,0.4453125,-0.234375,-0.0078125,-0.0078125,0.017578125,1917.75,18.6,192.2,20.0,23.1,2.0,12.0,36.968318,-122.04286833333332,25.6,0.59,15.269,36.66
2026-09-07 15:39:05.021521,0.6480712890625,0.2314453125,0.35162353515625,0.6346435546875,-0.92578125,0.0078125,-0.1953125,-0.017578125,-0.0078125,0.0078125,1917.75,18.6,192.2,20.0,23.1,2.0,12.0,36.968318,-122.04286833333332,25.6,0.59,15.269,36.66
2026-09-07 15:39:05.127688,0.64886474609375,0.2313232421875,0.35107421875,0.6341552734375,-0.640625,-0.44140625,-0.3203125,-0.001953125,-0.001953125,0.001953125,1685.0,18.6,192.2,20.0,21.6,2.0,12.0,36.968318,-122.04286833333332,25.6,0.59,15.269,36.66
2026-09-07 15:39:05.226200,0.64971923828125,0.23162841796875,0.35040283203125,0.63360595703125,-0.82421875,0.23046875,-0.39453125,0.001953125,-0.005859375,0.0,1685.0,18.6,192.2,20.0,21.6,2.0,12.0,36.968318,-122.04286833333332,25.6,0.59,15.269,36.66
2026-09-07 15:39:05.551941,0.64971923828125,0.226318359375,0.3460693359375,0.635009765625,-1.04296875,0.0234375,0.25390625,-0.01953125,-0.01171875,-0.0234375,1545.25,19.3,192.2,19.6,20.0,2.0,12.0,36.968378666666666,-122.04281083333332,25.7,0.59,16.969,37.45
2026-09-07 15:39:05.650194,0.65032958984375,0.23553466796875,0.3438720703125,0.6351318359375,0.0078125,-0.3203125,-0.671875,-0.021484375,-0.005859375,-0.0234375,1545.25,19.3,192.2,19.6,20.0,2.0,12.0,36.968378666666666,-122.04281083333332,25.7,0.59,16.969,37.45
2026-09-07 15:39:05.749898,0.64910888671875,0.23626708984375,0.3424072265625,0.6368408203125,-0.92578125,-0.12890625,0.36328125,-0.041015625,-0.01171875,0.00390625,1530.25,19.3,190.4,16.5,16.1,2.0,12.0,36.968378666666666,-122.04281083333332,25.7,0.59,16.969,37.45
2026-09-07 15:39:05.850861,0.6485595703125,0.23626708984375,0.34136962890625,0.63800048828125,-0.75,-0.24609375,-0.09765625,-0.00390625,-0.015625,0.01171875,1530.25,19.3,190.4,16.5,16.1,2.0,12.0,36.968378666666666,-122.04281083333332,25.7,0.59,16.969,37.45
2026-09-07 15:39:05.950757,0.649169921875,0.2359619140625,0.34051513671875,0.637939453125,-0.90234375,0.24609375,-0.08984375,0.009765625,-0.01953125,0.00390625,1520.25,19.9,190.4,7.8,16.9,2.0,12.0,36.968378666666666,-122.04281083333332,25.7,0.59,16.969,37.45
2026-09-07 15:39:06.050052,0.64971923828125,0.23590087890625,0.33953857421875,0.63787841796875,-0.625,-0.28125,-0.08203125,0.005859375,-0.01953125,-0.009765625,1520.25,19.9,190.4,7.8,16.9,2.0,12.0,36.968378666666666,-122.04281083333332,25.7,0.59,16.969,37.45
2026-09-07 15:39:06.150241,0.649658203125,0.23590087890625,0.33819580078125,0.638671875,-1.0078125,0.12890625,0.33203125,-0.001953125,-0.0234375,0.017578125,1551.5,19.9,190.4,7.8,16.9,2.0,12.0,36.968378666666666,-122.04281083333332,25.7,0.59,16.969,37.45
2026-09-07 15:39:06.250471,0.64996337890625,0.23681640625,0.33599853515625,0.63922119140625,-0.875,0.16796875,0.109375,0.01171875,-0.013671875,0.001953125,1551.5,19.9,190.4,7.8,16.9,2.0,12.0,36.968378666666666,-122.04281083333332,25.7,0.59,16.969,37.45
2026-09-07 15:39:06.350897,0.650146484375,0.23834228515625,0.333984375,0.6395263671875,-1.53515625,0.16015625,-0.44140625,0.021484375,-0.015625,-0.001953125,1507.0,19.3,190.4,7.8,16.9,2.0,12.0,36.968378666666666,-122.04281083333332,25.7,0.59,16.969,37.45
2026-09-07 15:39:06.450124,0.65087890625,0.23968505859375,0.331787109375,0.63934326171875,-1.85546875,0.359375,-0.42578125,-0.01171875,-0.01953125,-0.0078125,1507.0,19.3,190.4,7.8,16.9,2.0,12.0,36.968378666666666,-122.04281083333332,25.7,0.59,17.393,37.15
2026-09-07 15:39:06.549871,0.6510009765625,0.240478515625,0.32989501953125,0.63995361328125,-1.6328125,-0.22265625,-0.07421875,0.009765625,-0.01953125,0.001953125,1492.75,19.3,190.4,7.8,16.9,2.0,12.0,36.968443,-122.0427505,25.7,0.59,17.393,37.15
2026-09-07 15:39:06.650369,0.65130615234375,0.24078369140625,0.32861328125,0.63238525390625,-1.53125,0.046875,-0.21875,0.00390625,-0.01171875,0.00390625,1492.75,19.3,190.4,7.8,16.9,2.0,12.0,36.968443,-122.0427505,25.7,0.59,17.393,37.15
2026-09-07 15:39:06.750029,0.65155029296875,0.24127197265625,0.32745361328125,0.640380859375,-1.62109375,0.19140625,-0.13671875,0.00390625,-0.01171875,0.00390625,1461.5,18.6,190.4,7.8,16.9,2.0,12.0,36.968443,-122.0427505,25.7,0.59,17.393,37.15
2026-09-07 15:39:06.851302,0.6517333984375,0.24188232421875,0.32611083984375,0.64056396484375,-1.4375,0.0390625,-0.265625,0.005859375,-0.013671875,0.001953125,1461.5,18.6,190.4,7.8,16.9,2.0,12.0,36.968443,-122.0427505,25.7,0.59,17.393,37.15
2026-09-07 15:39:06.951140,0.65185546875,0.2432861328125,0.32391357421875,0.64105224609375,-0.06640625,0.375,-0.21484375,0.001953125,-0.01171875,-0.0078125,1425.75,18.0,190.4,8.2,16.9,2.0,12.0,36.968443,-122.0427505,25.7,0.59,17.393,37.15
2026-09-07 15:39:07.051008,0.6451416015625,0.2694091796875,0.296142578125,0.6507568359375,-0.02734375,-0.0625,-0.078125,0.001953125,-0.0078125,0.255859375,1425.75,18.0,190.4,8.2,16.9,2.0,12.0,36.968443,-122.0427505,25.7,0.59,17.393,37.15
2026-09-07 15:39:07.150805,0.6419677734375,0.281005859375,0.28375244140625,0.65447998046875,0.1171875,-0.26953125,-0.16015625,-0.01171875,-0.00390625,0.0,1394.5,18.0,190.4,8.2,16.5,2.0,12.0,36.968443,-122.0427505,25.7,0.59,17.393,37.15
2026-09-07 15:39:07.250884,0.63995361328125,0.2880859375,0.2762451171875,0.65667724609375,0.30859375,-0.03125,0.015625,-0.009765625,-0.005859375,-0.005859375,1394.5,18.0,190.4,8.2,16.5,2.0,12.0,36.968443,-122.0427505,25.7,0.59,17.393,37.15
2026-09-07 15:39:07.351200,0.63861083984375,0.29290771484375,0.2711181640625,0.657958984375,0.3046875,-0.40625,0.23828125,-0.015625,-0.00390625,-0.005859375,1367.0,17.4,190.4,8.2,16.5,2.0,12.0,36.968443,-122.0427505,25.7,0.59,17.393,37.15
2026-09-07 15:39:07.451428,0.6378173828125,0.29638671875,0.267333984375,0.65863037109375,0.25390625,0.09765625,0.046875,-0.01953125,-0.001953125,-0.01171875,1367.0,17.4,190.4,8.2,16.5,2.0,12.0,36.968443,-122.0427505,25.7,0.59,16.051,39.25
2026-09-07 15:39:07.551103,0.63690185546875,0.298828125,0.26470947265625,0.65948486328125,-0.140625,-0.1015625,0.12109375,-0.01171875,-0.005859375,0.0,1341.25,17.4,190.4,8.2,16.5,2.0,12.0,36.9685025,-122.0426935,25.9,0.59,16.051,39.25
2026-09-07 15:39:07.651810,0.63629150390625,0.29986572265625,0.26318359375,0.66021728515625,0.0078125,0.01953125,-0.1796875,-0.005859375,-0.01171875,0.0,1341.25,17.4,190.4,8.2,16.5,2.0,12.0,36.9685025,-122.0426935,25.9,0.59,16.051,39.25
2026-09-07 15:39:07.751728,0.6358642578125,0.300048828125,0.26239013671875,0.66094970703125,-0.03125,-0.5078125,0.12109375,-0.0078125,-0.00390625,-0.0078125,1320.25,16.8,190.4,9.0,17.3,2.0,12.0,36.9685025,-122.0426935,25.9,0.59,16.051,39.25
2026-09-07 15:39:07.851716,0.635498046875,0.30029296875,0.26177978515625,0.66143798828125,0.16015625,0.0625,0.05859375,0.009765625,-0.0078125,0.001953125,1320.25,16.8,190.4,9.0,17.3,2.0,12.0,36.9685025,-122.0426935,25.9,0.59,16.051,39.25
2026-09-07 15:39:07.949621,0.63555908203125,0.30035400390625,0.2613525390625,0.6614990234375,0.13671875,-0.08203125,0.04296875,0.0,-0.01171875,-0.001953125,1298.25,16.8,190.4,10.2,16.9,2.0,12.0,36.9685025,-122.0426935,25.9,0.59,16.051,39.25
2026-09-07 15:39:08.049663,0.6356201171875,0.30023193359375,0.2608642578125,0.66168212890625,0.1875,0.078125,0.00390625,0.01171875,-0.01171875,0.001953125,1298.25,16.8,190.4,10.2,16.9,2.0,12.0,36.9685025,-122.0426935,25.9,0.59,16.051,39.25
2026-09-07 15:39:08.149554,0.635986328125,0.300048828125,0.26043701171875,0.66156005859375,-0.02734375,0.14453125,0.08203125,0.00390625,-0.009765625,-0.001953125,1278.75,16.2,188.6,10.6,17.3,2.0,12.0,36.9685025,-122.0426935,25.9,0.59,16.051,39.25
2026-09-07 15:39:08.249982,0.63641357421875,0.29974365234375,0.26019287109375,0.66143798828125,-0.04296875,0.05078125,0.05078125,0.0078125,-0.0078125,0.00390625,1278.75,16.2,188.6,10.6,17.3,2.0,12.0,36.9685025,-122.0426935,25.9,0.59,16.051,39.25
2026-09-07 15:39:08.349736,0.6368408203125,0.29913330078125,0.26019287109375,0.6612548828125,0.0859375,-0.0703125,-0.01953125,0.01171875,-0.005859375,0.009765625,1265.5,16.2,188.6,11.0,16.9,2.0,12.0,36.9685025,-122.0426935,25.9,0.59,16.051,39.25
2026-09-07 15:39:08.449295,0.63726806640625,0.29840087890625,0.2603759765625,0.66107177734375,0.1171875,-0.34375,0.11328125,0.0234375,-0.0078125,0.0,1265.5,16.2,188.6,11.0,16.9,2.0,12.0,36.9685025,-122.0426935,25.9,0.59,14.816,39.42
2026-09-07 15:39:08.549906,0.63800048828125,0.2977294921875,0.260498046875,0.66064453125,0.16015625,0.015625,0.03515625,0.01171875,-0.25390625,-0.005859375,1253.0,16.2,188.6,11.0,16.9,2.0,12.0,36.96855733333334,-122.04263716666668,26.1,0.59,14.816,39.42
2026-09-07 15:39:08.650802,0.63885498046875,0.29644775390625,0.26129150390625,0.66009521484375,-0.078125,0.40625,0.08203125,0.01171875,-0.009765625,0.0,1253.0,16.2,188.6,11.0,16.9,2.0,12.0,36.96855733333334,-122.04263716666668,26.1,0.59,14.816,39.42
2026-09-07 15:39:09.191081,0.63958740234375,0.2960205078125,0.26123046875,0.65960693359375,-0.046875,0.27734375,-0.97265625,0.021484375,-0.009765625,0.005859375,1267.75,16.2,188.6,10.2,17.3,2.0,12.0,36.96855733333334,-122.04263716666668,26.1,0.59,14.816,39.42
2026-09-07 15:39:09.291227,0.63958740234375,0.2960205078125,0.26123046875,0.65960693359375,-0.046875,0.27734375,-0.97265625,0.021484375,-0.009765625,0.005859375,1264.75,15.5,188.6,11.4,18.8,2.0,12.0,36.96855733333334,-122.04263716666668,26.1,0.59,14.816,39.42
2026-09-07 15:39:09.391317,0.63958740234375,0.2960205078125,0.26123046875,0.65960693359375,-0.046875,0.27734375,-0.97265625,0.021484375,-0.009765625,0.005859375,1264.75,15.5,188.6,11.4,18.8,2.0,12.0,36.96855733333334,-122.04263716666668,26.1,0.59,13.968,39.85
2026-09-07 15:39:09.491828,0.63958740234375,0.2960205078125,0.26123046875,0.65960693359375,-0.046875,0.27734375,-0.97265625,0.021484375,-0.009765625,0.005859375,1257.0,15.5,188.6,15.7,20.4,2.0,12.0,36.96855733333334,-122.04263716666668,26.1,0.59,13.968,39.85
2026-09-07 15:39:09.590778,0.63958740234375,0.2960205078125,0.26123046875,0.65960693359375,-0.046875,0.27734375,-0.97265625,0.021484375,-0.009765625,0.005859375,1257.0,15.5,188.6,15.7,20.4,2.0,12.0,36.968608,-122.04258583333332,26.5,0.59,13.968,39.85
2026-09-07 15:39:09.691695,0.63958740234375,0.2960205078125,0.26123046875,0.65960693359375,-0.046875,0.27734375,-0.97265625,0.021484375,-0.009765625,0.005859375,1284.25,15.5,188.6,23.9,23.9,2.0,12.0,36.968608,-122.04258583333332,26.5,0.59,13.968,39.85
2026-09-07 15:39:09.792101,0.63958740234375,0.2960205078125,0.26123046875,0.65960693359375,-0.046875,0.27734375,-0.97265625,0.021484375,-0.009765625,0.005859375,1284.25,15.5,188.6,23.9,23.9,2.0,12.0,36.968608,-122.04258583333332,26.5,0.59,13.968,39.85
2026-09-07 15:39:09.891883,0.63958740234375,0.2960205078125,0.26123046875,0.65960693359375,-0.046875,0.27734375,-0.97265625,0.021484375,-0.009765625,0.005859375,1386.5,16.8,188.6,34.9,25.9,2.0,12.0,36.968608,-122.04258583333332,26.5,0.59,13.968,39.85
2026-09-07 15:39:09.992013,0.63958740234375,0.2960205078125,0.26123046875,0.65960693359375,-0.046875,0.27734375,-0.97265625,0.021484375,-0.009765625,0.005859375,1386.5,16.8,188.6,34.9,25.9,2.0,12.0,36.968608,-122.04258583333332,26.5,0.59,13.968,39.85
2026-09-07 15:39:10.092130,0.63958740234375,0.2960205078125,0.26123046875,0.65960693359375,-0.046875,0.27734375,-0.97265625,0.021484375,-0.009765625,0.005859375,1379.5,16.8,188.6,39.6,23.1,2.0,12.0,36.968608,-122.04258583333332,26.5,0.59,13.968,39.85
2026-09-07 15:39:10.192276,0.63958740234375,0.2960205078125,0.26123046875,0.65960693359375,-0.046875,0.27734375,-0.97265625,0.021484375,-0.009765625,0.005859375,1379.5,16.8,188.6,39.6,23.1,2.0,12.0,36.968608,-122.04258583333332,26.5,0.59,13.968,39.85
2026-09-07 15:39:10.292488,0.63958740234375,0.2960205078125,0.26123046875,0.65960693359375,-0.046875,0.27734375,-0.97265625,0.021484375,-0.009765625,0.005859375,1331.25,16.8,188.6,36.1,23.9,2.0,12.0,36.968608,-122.04258583333332,26.5,0.59,13.968,39.85
2026-09-07 15:39:10.392477,0.63958740234375,0.2960205078125,0.26123046875,0.65960693359375,-0.046875,0.27734375,-0.97265625,0.021484375,-0.009765625,0.005859375,1331.25,16.8,188.6,36.1,23.9,2.0,12.0,36.968608,-122.04258583333332,26.5,0.59,14.899,40.07
2026-09-07 15:39:10.492885,0.63958740234375,0.2960205078125,0.26123046875,0.65960693359375,-0.046875,0.27734375,-0.97265625,0.021484375,-0.009765625,0.005859375,1409.25,17.4,188.6,38.8,25.1,2.0,12.0,36.968660166666666,-122.04253083333332,26.7,0.59,14.899,40.07
2026-09-07 15:39:10.592896,0.63958740234375,0.2960205078125,0.26123046875,0.65960693359375,-0.046875,0.27734375,-0.97265625,0.021484375,-0.009765625,0.005859375,1409.25,17.4,188.6,38.8,25.1,2.0,12.0,36.968660166666666,-122.04253083333332,26.7,0.59,14.899,40.07
2026-09-07 15:39:10.692871,0.63958740234375,0.2960205078125,0.26123046875,0.65960693359375,-0.046875,0.27734375,-0.97265625,0.021484375,-0.009765625,0.005859375,1425.0,18.0,188.6,39.6,25.5,2.0,12.0,36.968660166666666,-122.04253083333332,26.7,0.59,14.899,40.07
2026-09-07 15:39:10.793300,0.63958740234375,0.2960205078125,0.26123046875,0.65960693359375,-0.046875,0.27734375,-0.97265625,0.021484375,-0.009765625,0.005859375,1425.0,18.0,188.6,39.6,25.5,2.0,12.0,36.968660166666666,-122.04253083333332,26.7,0.59,14.899,40.07
2026-09-07 15:39:10.893136,0.63958740234375,0.2960205078125,0.26123046875,0.65960693359375,-0.046875,0.27734375,-0.97265625,0.021484375,-0.009765625,0.005859375,1430.25,18.0,188.6,39.2,25.1,2.0,12.0,36.968660166666666,-122.04253083333332,26.7,0.59,14.899,40.07
2026-09-07 15:39:10.993269,0.63958740234375,0.2960205078125,0.26123046875,0.65960693359375,-0.046875,0.27734375,-0.97265625,0.021484375,-0.009765625,0.005859375,1430.25,18.0,188.6,39.2,25.1,2.0,12.0,36.968660166666666,-122.04253083333332,26.7,0.59,14.899,40.07
2026-09-07 15:39:11.092821,0.63958740234375,0.2960205078125,0.26123046875,0.65960693359375,-0.046875,0.27734375,-0.97265625,0.021484375,-0.009765625,0.005859375,1467.0,18.6,188.6,36.9,24.7,2.0,12.0,36.968660166666666,-122.04253083333332,26.7,0.59,14.899,40.07
2026-09-07 15:39:13.070244,0.54046630859375,0.45538330078125,0.46673583984375,0.53167724609375,0.2109375,-0.30859375,0.18359375,-0.013671875,-0.00390625,0.005859375,1625.0,20.5,188.6,15.3,18.4,2.0,12.0,36.96878,-122.0424105,26.5,0.62,17.518,39.71
2026-09-07 15:39:13.170771,0.54022216796875,0.45465087890625,0.46722412109375,0.5321044921875,-0.01171875,-0.1953125,0.12890625,-0.017578125,-0.005859375,-0.00390625,1625.0,20.5,188.6,15.3,18.4,2.0,12.0,36.96878,-122.0424105,26.5,0.62,17.518,39.71
2026-09-07 15:39:13.269845,0.53997802734375,0.4539794921875,0.46759033203125,0.5325927734375,-0.14453125,0.21484375,-0.04296875,-0.00390625,-0.0078125,0.001953125,1592.75,20.5,188.6,10.6,18.4,2.0,12.0,36.96878,-122.0424105,26.5,0.62,17.518,39.71
2026-09-07 15:39:13.370229,0.53973388671875,0.45330810546875,0.46795654296875,0.53314208984375,-0.21875,0.08984375,-0.109375,-0.01953125,-0.005859375,-0.005859375,1592.75,20.5,188.6,10.6,18.4,2.0,12.0,36.96878,-122.0424105,26.5,0.62,18.172,38.06
2026-09-07 15:39:13.469213,0.53912353515625,0.45257568359375,0.4683837890625,0.53399658203125,-0.125,-0.19140625,-0.15625,-0.00390625,-0.0078125,-0.001953125,1583.5,20.5,188.6,10.6,18.0,2.0,12.0,36.96878,-122.0424105,26.5,0.62,18.172,38.06
2026-09-07 15:39:13.569847,0.538818359375,0.45233154296875,0.46832275390625,0.5345458984375,-0.22265625,0.11328125,-0.1171875,-0.0078125,-0.005859375,-0.009765625,1583.5,20.5,188.6,10.6,18.0,2.0,12.0,36.968846166666665,-122.04234633333331,26.4,0.62,18.172,38.06
2026-09-07 15:39:13.784905,0.53662109375,0.452880859375,0.4674072265625,0.53704833984375,-0.58984375,0.046875,-0.05859375,0.0078125,-0.00390625,-0.0078125,1597.5,20.5,188.6,9.4,18.0,2.0,12.0,36.968846166666665,-122.04234633333331,26.4,0.62,18.172,38.06
2026-09-07 15:39:13.883515,0.5335693359375,0.45635986328125,0.46368408203125,0.5404052734375,-0.5703125,0.015625,-0.1484375,-0.001953125,-0.001953125,-0.001953125,1543.75,19.9,188.6,8.6,16.5,2.0,12.0,36.968846166666665,-122.04234633333331,26.4,0.62,18.172,38.06
2026-09-07 15:39:13.984159,-1.46905517578125,-1.54034423828125,0.46026611328125,0.5430908203125,-0.390625,-0.15234375,-0.03125,0.001953125,0.001953125,-0.009765625,1543.75,19.9,188.6,8.6,16.5,2.0,12.0,36.968846166666665,-122.04234633333331,26.4,0.62,18.172,38.06
2026-09-07 15:39:14.083238,0.52911376953125,0.46246337890625,0.45733642578125,0.54498291015625,-0.27734375,-0.0703125,-0.16796875,0.0,0.00390625,-0.005859375,1528.0,19.3,188.6,7.5,16.9,2.0,12.0,36.968846166666665,-122.04234633333331,26.4,0.62,18.172,38.06
2026-09-07 15:39:14.183652,-1.4710693359375,0.46282958984375,0.45721435546875,0.544921875,-0.1796875,0.0546875,-0.1171875,0.013671875,0.0078125,0.0,1528.0,19.3,188.6,7.5,16.9,2.0,12.0,36.968846166666665,-122.04234633333331,26.4,0.62,18.172,38.06
2026-09-07 15:39:14.284054,0.5289306640625,0.46343994140625,0.45709228515625,0.5445556640625,-0.1171875,-0.13671875,-0.0234375,0.0,0.00390625,0.001953125,1493.75,19.3,188.6,7.5,16.9,2.0,12.0,36.968846166666665,-122.04234633333331,26.4,0.62,18.172,38.06
2026-09-07 15:39:14.384076,0.52801513671875,0.46514892578125,0.45550537109375,0.5452880859375,-0.25390625,0.16796875,-0.12109375,0.00390625,-0.001953125,0.00390625,1493.75,19.3,188.6,7.5,16.9,2.0,12.0,36.968846166666665,-122.04234633333331,26.4,0.62,17.648,37.4
2026-09-07 15:39:14.484260,0.5235595703125,0.473388671875,0.4468994140625,0.54962158203125,0.01171875,-0.24609375,0.22265625,-0.013671875,-0.00390625,-0.009765625,1457.75,18.6,188.6,7.8,16.9,2.0,12.0,36.968846166666665,-122.04234633333331,26.4,0.62,17.648,37.4
2026-09-07 15:39:14.583998,0.52081298828125,0.47698974609375,0.4429931640625,0.55224609375,0.1875,-0.4140625,0.0859375,-0.0078125,-0.001953125,-0.01953125,1457.75,18.6,188.6,7.8,16.9,2.0,12.0,36.96891216666667,-122.04228383333331,26.2,0.62,17.648,37.4
2026-09-07 15:39:14.684429,0.5185546875,0.47943115234375,0.44036865234375,0.554443359375,0.140625,-0.50390625,-0.0390625,0.01171875,0.001953125,-0.009765625,1424.0,18.0,188.6,7.8,16.9,2.0,12.0,36.96891216666667,-122.04228383333331,26.2,0.62,17.648,37.4
2026-09-07 15:39:14.784246,0.51849365234375,-1.5191650390625,0.43865966796875,0.55450439453125,-0.35546875,1.01953125,0.8671875,0.001953125,-0.00390625,-0.013671875,1424.0,18.0,188.6,7.8,16.9,2.0,12.0,36.96891216666667,-122.04228383333331,26.2,0.62,17.648,37.4
2026-09-07 15:39:14.884533,0.5186767578125,0.48114013671875,0.43817138671875,0.5545654296875,-0.578125,0.9140625,0.18359375,-0.005859375,-0.0078125,0.00390625,1394.5,18.0,188.6,8.2,16.5,2.0,12.0,36.96891216666667,-122.04228383333331,26.2,0.62,17.648,37.4
2026-09-07 15:39:14.984908,0.51849365234375,0.481201171875,0.4376220703125,0.5550537109375,0.1953125,0.4140625,-0.58203125,-0.01171875,-0.0078125,0.005859375,1394.5,18.0,188.6,8.2,16.5,2.0,12.0,36.96891216666667,-122.04228383333331,26.2,0.62,17.648,37.4
2026-09-07 15:39:15.091063,0.51849365234375,0.48114013671875,0.4371337890625,0.5555419921875,-0.15625,0.4140625,-0.328125,-0.01953125,-0.009765625,0.017578125,1364.75,17.4,188.6,8.2,17.3,2.0,12.0,36.96891216666667,-122.04228383333331,26.2,0.62,17.648,37.4
2026-09-07 15:39:15.183606,0.51837158203125,0.48052978515625,0.43731689453125,0.5560302734375,0.8984375,-0.0234375,0.19140625,0.01171875,0.001953125,0.0,1364.75,17.4,188.6,8.2,17.3,2.0,12.0,36.96891216666667,-122.04228383333331,26.2,0.62,17.648,37.4
2026-09-07 15:39:15.289651,0.5181884765625,0.48065185546875,0.4371337890625,0.55621337890625,0.515625,0.1328125,-0.49609375,0.01171875,-0.009765625,0.015625,1351.5,17.4,188.6,9.8,17.3,2.0,12.0,36.96891216666667,-122.04228383333331,26.2,0.62,17.648,37.4
2026-09-07 15:39:15.383599,0.51861572265625,0.4808349609375,0.4364013671875,0.5562744140625,0.37109375,0.20703125,-0.19140625,-0.013671875,-0.0078125,0.00390625,1351.5,17.4,188.6,9.8,17.3,2.0,12.0,36.96891216666667,-122.04228383333331,26.2,0.62,15.61,39.17
2026-09-07 15:39:15.489874,0.51849365234375,0.48101806640625,0.43572998046875,0.5567626953125,0.6015625,0.515625,0.11328125,0.005859375,-0.001953125,-0.01171875,1336.5,17.4,188.6,10.2,17.3,2.0,12.0,36.96891216666667,-122.04228383333331,26.2,0.62,15.61,39.17
2026-09-07 15:39:15.583680,0.51806640625,0.4814453125,0.43499755859375,0.5572509765625,0.28515625,0.0859375,0.19140625,0.005859375,-0.0078125,0.005859375,1336.5,17.4,188.6,10.2,17.3,2.0,12.0,36.96897116666667,-122.04222533333332,25.9,0.62,15.61,39.17
2026-09-07 15:39:15.689591,0.5206298828125,0.4775390625,0.438720703125,0.55535888671875,-0.17578125,-0.0390625,-0.0390625,0.009765625,-0.005859375,0.0,1312.5,16.8,188.6,10.6,17.3,2.0,12.0,36.96897116666667,-122.04222533333332,25.9,0.62,15.61,39.17
2026-09-07 15:39:15.788333,0.52215576171875,0.475341796875,0.4405517578125,0.5543212890625,-0.10546875,-0.1328125,0.03515625,0.005859375,-0.009765625,0.005859375,1312.5,16.8,188.6,10.6,17.3,2.0,12.0,36.96897116666667,-122.04222533333332,25.9,0.62,15.61,39.17
2026-09-07 15:39:15.888309,0.5225830078125,0.474853515625,0.440673828125,0.55426025390625,-0.2109375,-0.0703125,-0.078125,0.005859375,-0.009765625,-0.005859375,1286.5,16.2,188.6,11.0,16.9,2.0,12.0,36.96897116666667,-122.04222533333332,25.9,0.62,15.61,39.17
2026-09-07 15:39:15.988840,0.52276611328125,0.47479248046875,0.44036865234375,0.55438232421875,-0.42578125,0.28515625,-0.20703125,-0.009765625,-0.0078125,0.001953125,1286.5,16.2,188.6,11.0,16.9,2.0,12.0,36.96897116666667,-122.04222533333332,25.9,0.62,15.61,39.17
2026-09-07 15:39:16.199770,0.52276611328125,0.47509765625,0.4395751953125,0.5548095703125,-0.09375,-0.1640625,-0.03125,0.005859375,-0.00390625,0.00390625,1255.25,16.2,188.6,11.0,16.9,2.0,12.0,36.96897116666667,-122.04222533333332,25.9,0.62,15.61,39.17
2026-09-07 15:39:16.299272,0.5225830078125,0.47564697265625,0.4388427734375,0.5550537109375,-0.24609375,-0.0546875,0.14453125,0.00390625,-0.001953125,0.005859375,1224.0,15.5,188.6,11.4,16.9,2.0,12.0,36.96897116666667,-122.04222533333332,25.9,0.62,15.61,39.17
2026-09-07 15:39:16.399667,0.53021240234375,0.4766845703125,0.43756103515625,0.55535888671875,-0.05859375,0.10546875,-0.015625,0.0,-0.001953125,0.00390625,1224.0,15.5,188.6,11.4,16.9,2.0,12.0,36.96897116666667,-122.04222533333332,25.9,0.62,14.225,39.4
2026-09-07 15:39:16.499465,0.52239990234375,0.47711181640625,0.43701171875,0.555419921875,0.03125,0.13671875,-0.3046875,0.00390625,-0.00390625,0.009765625,1192.0,15.5,188.6,11.4,16.9,2.0,12.0,36.969024,-122.04217316666669,26.0,0.62,14.225,39.4
2026-09-07 15:39:16.599506,0.52203369140625,0.47784423828125,0.4361572265625,0.5557861328125,-0.21484375,-0.140625,0.171875,0.009765625,0.0,0.0,1192.0,15.5,188.6,11.4,16.9,2.0,12.0,36.969024,-122.04217316666669,26.0,0.62,14.225,39.4
2026-09-07 15:39:16.699715,0.52191162109375,0.47857666015625,0.4354248046875,0.55584716796875,0.40625,-0.15625,-0.359375,-0.0078125,0.005859375,-0.01171875,1161.5,14.9,188.6,11.8,16.9,2.0,12.0,36.969024,-122.04217316666669,26.0,0.62,14.225,39.4
2026-09-07 15:39:16.799395,0.521240234375,0.47918701171875,0.43499755859375,0.5562744140625,0.078125,-0.24609375,-0.2578125,-0.009765625,0.001953125,-0.009765625,1161.5,14.9,188.6,11.8,16.9,2.0,12.0,36.969024,-122.04217316666669,26.0,0.62,14.225,39.4
2026-09-07 15:39:16.899426,0.52191162109375,0.48004150390625,0.43402099609375,0.5556640625,-0.34375,0.18359375,-0.1640625,0.025390625,-0.00390625,0.001953125,1144.5,14.3,188.6,12.2,16.9,2.0,12.0,36.969024,-122.04217316666669,26.0,0.62,14.225,39.4
2026-09-07 15:39:16.998831,0.52191162109375,0.480712890625,0.433349609375,0.5556640625,-0.11328125,0.3359375,0.140625,-0.005859375,-0.00390625,-0.00390625,1144.5,14.3,188.6,12.2,16.9,2.0,12.0,36.969024,-122.04217316666669,26.0,0.62,14.225,39.4
2026-09-07 15:39:17.098716,0.5216064453125,0.48126220703125,0.4326171875,0.55596923828125,-0.14453125,0.07421875,0.171875,-0.001953125,0.0,-0.0078125,1099.0,14.3,188.6,12.9,16.5,2.0,12.0,36.969024,-122.04217316666669,26.0,0.62,14.225,39.4
2026-09-07 15:39:17.437816,0.5216064453125,0.48211669921875,0.431396484375,0.55615234375,-0.015625,0.12109375,0.1328125,0.001953125,-0.005859375,0.00390625,1068.75,13.7,188.6,13.3,16.5,2.0,12.0,36.969024,-122.04217316666669,26.0,0.62,12.831,39.26
2026-09-07 15:39:17.524373,0.5218505859375,0.48199462890625,0.431396484375,0.55609130859375,0.421875,0.0,-0.265625,0.005859375,-0.00390625,0.001953125,1035.75,13.0,188.6,14.1,16.5,2.0,12.0,36.969072,-122.04212616666666,26.0,0.62,12.831,39.26
2026-09-07 15:39:17.626207,0.5218505859375,0.4818115234375,0.43133544921875,0.55633544921875,-0.3828125,-0.046875,0.0078125,-0.0078125,-0.001953125,-0.00390625,1035.75,13.0,188.6,14.1,16.5,2.0,12.0,36.969072,-122.04212616666666,26.0,0.62,12.831,39.26
2026-09-07 15:39:17.727087,0.5216064453125,0.48175048828125,0.43121337890625,0.556640625,-0.08984375,0.5,-0.02734375,-0.0078125,0.0,0.001953125,1006.25,13.0,188.6,14.5,16.5,2.0,12.0,36.969072,-122.04212616666666,26.0,0.62,12.831,39.26
2026-09-07 15:39:17.826057,0.521484375,0.48175048828125,0.4312744140625,0.55670166015625,-0.015625,0.16015625,0.0078125,0.009765625,0.00390625,0.001953125,1006.25,13.0,188.6,14.5,16.5,2.0,12.0,36.969072,-122.04212616666666,26.0,0.62,12.831,39.26
2026-09-07 15:39:17.926817,0.52166748046875,0.48187255859375,0.43133544921875,0.556396484375,-0.0234375,-0.15625,0.0390625,0.005859375,0.0078125,0.001953125,975.75,12.4,188.6,15.3,16.1,2.0,12.0,36.969072,-122.04212616666666,26.0,0.62,12.831,39.26
2026-09-07 15:39:18.026234,0.52154541015625,0.48199462890625,0.43170166015625,0.55615234375,-0.03125,0.05859375,-0.13671875,0.0,0.0078125,-0.001953125,975.75,12.4,188.6,15.3,16.1,2.0,12.0,36.969072,-122.04212616666666,26.0,0.62,12.831,39.26
2026-09-07 15:39:18.126340,0.521484375,0.4822998046875,0.43182373046875,0.55584716796875,0.03125,-0.046875,0.046875,-0.009765625,0.005859375,-0.00390625,947.5,12.4,188.6,16.1,16.1,2.0,12.0,36.969072,-122.04212616666666,26.0,0.62,12.831,39.26
2026-09-07 15:39:18.226731,0.521240234375,0.48248291015625,0.4320068359375,0.5557861328125,0.0,0.18359375,-0.11328125,-0.001953125,0.00390625,-0.005859375,947.5,12.4,188.6,16.1,16.1,2.0,12.0,36.969072,-122.04212616666666,26.0,0.62,12.831,39.26
2026-09-07 15:39:18.326895,0.5211181640625,0.48248291015625,0.4322509765625,0.55572509765625,-0.0390625,-0.09375,0.21484375,0.0,0.00390625,0.005859375,915.5,11.8,188.6,16.9,16.1,2.0,12.0,36.969072,-122.04212616666666,26.0,0.62,12.831,39.26
2026-09-07 15:39:18.427380,0.52099609375,0.4822998046875,0.4327392578125,0.55560302734375,0.11328125,0.06640625,0.0625,-0.0078125,0.005859375,0.0,915.5,11.8,188.6,16.9,16.1,2.0,12.0,36.969072,-122.04212616666666,26.0,0.62,11.074,37.33
2026-09-07 15:39:18.531671,0.520751953125,0.48211669921875,0.4332275390625,0.5556640625,0.0,-0.1328125,0.0390625,-0.001953125,0.005859375,0.00390625,889.75,11.8,188.6,18.0,16.5,2.0,12.0,36.96911466666667,-122.042086,25.9,0.62,11.074,37.33
2026-09-07 15:39:18.626454,0.5206298828125,0.4818115234375,0.433837890625,0.5555419921875,0.296875,0.06640625,-0.0234375,-0.0078125,0.005859375,0.001953125,889.75,11.8,188.6,18.0,16.5,2.0,12.0,36.96911466666667,-122.042086,25.9,0.62,11.074,37.33
2026-09-07 15:39:18.732919,0.5205078125,0.48138427734375,0.43463134765625,0.555419921875,0.265625,-0.125,0.0546875,-0.00390625,0.005859375,0.001953125,889.75,11.2,188.6,18.8,16.5,2.0,12.0,36.96911466666667,-122.042086,25.9,0.62,11.074,37.33
2026-09-07 15:39:18.830908,0.52069091796875,0.48065185546875,0.43560791015625,0.5550537109375,0.08984375,0.06640625,0.08203125,-0.0078125,0.001953125,0.001953125,889.75,11.2,188.6,18.8,16.5,2.0,12.0,36.96911466666667,-122.042086,25.9,0.62,11.074,37.33
2026-09-07 15:39:18.926395,0.52081298828125,0.479736328125,0.43658447265625,0.55499267578125,0.04296875,0.13671875,0.05859375,-0.005859375,-0.00390625,0.001953125,898.25,11.2,188.6,18.8,16.5,2.0,12.0,36.96911466666667,-122.042086,25.9,0.62,11.074,37.33
2026-09-07 15:39:19.032328,0.5208740234375,0.4788818359375,0.43731689453125,0.5550537109375,-0.00390625,0.015625,0.03515625,-0.005859375,0.005859375,-0.001953125,898.25,11.2,188.6,18.8,16.5,2.0,12.0,36.96911466666667,-122.042086,25.9,0.62,11.074,37.33
2026-09-07 15:39:19.126050,0.52093505859375,0.478271484375,0.4381103515625,0.554931640625,0.109375,-0.0546875,-0.015625,-0.001953125,0.001953125,-0.005859375,935.75,10.6,188.6,17.3,16.5,2.0,12.0,36.96911466666667,-122.042086,25.9,0.62,11.074,37.33
2026-09-07 15:39:19.231611,0.52099609375,0.477783203125,0.43865966796875,0.5548095703125,0.0078125,-0.16015625,0.08984375,0.00390625,-0.00390625,0.0,935.75,10.6,188.6,17.3,16.5,2.0,12.0,36.96911466666667,-122.042086,25.9,0.62,11.074,37.33
2026-09-07 15:39:19.332004,0.52154541015625,0.47735595703125,0.43896484375,0.554443359375,-0.015625,-0.0234375,0.03515625,0.0078125,-0.001953125,0.001953125,929.5,10.6,188.6,17.3,16.5,2.0,12.0,36.96911466666667,-122.042086,25.9,0.62,11.074,37.33
2026-09-07 15:39:19.431323,0.52215576171875,0.47637939453125,0.4398193359375,0.5540771484375,0.015625,0.046875,-0.26171875,-0.00390625,-0.001953125,-0.00390625,929.5,10.6,188.6,17.3,16.5,2.0,12.0,36.96911466666667,-122.042086,25.9,0.62,9.992,36.42
2026-09-07 15:39:19.531532,0.5225830078125,0.475341796875,0.4407958984375,0.55377197265625,-0.2734375,-0.0703125,0.015625,0.009765625,0.0,-0.00390625,906.25,10.6,188.6,18.0,16.5,2.0,12.0,36.96915283333333,-122.04205,25.8,0.62,9.992,36.42
2026-09-07 15:39:19.631059,0.52276611328125,0.4752197265625,0.44091796875,0.5535888671875,-0.34375,0.16015625,-0.078125,-0.00390625,0.001953125,-0.009765625,906.25,10.6,188.6,18.0,16.5,2.0,12.0,36.96915283333333,-122.04205,25.8,0.62,9.992,36.42
2026-09-07 15:39:19.723424,0.52264404296875,0.47528076171875,0.44085693359375,0.5537109375,-0.37109375,0.08984375,-0.0546875,-0.001953125,0.0,-0.009765625,891.25,9.9,188.6,18.8,16.5,2.0,12.0,36.96915283333333,-122.04205,25.8,0.62,9.992,36.42
2026-09-07 15:39:19.829908,0.52239990234375,0.47564697265625,0.4404296875,0.55401611328125,-0.33984375,0.08984375,-0.0390625,0.005859375,0.0,-0.005859375,891.25,9.9,188.6,18.8,16.5,2.0,12.0,36.96915283333333,-122.04205,25.8,0.62,9.992,36.42
2026-09-07 15:39:19.923690,0.52227783203125,0.4759521484375,0.4400634765625,0.55413818359375,-0.11328125,0.03515625,-0.12109375,-0.00390625,-0.001953125,-0.001953125,865.5,9.3,188.6,19.2,16.5,2.0,12.0,36.96915283333333,-122.04205,25.8,0.62,9.992,36.42
2026-09-07 15:39:20.030120,0.5218505859375,0.47625732421875,0.4398193359375,0.554443359375,-0.11328125,0.03515625,0.0,-0.00390625,0.001953125,-0.001953125,865.5,9.3,188.6,19.2,16.5,2.0,12.0,36.96915283333333,-122.04205,25.8,0.62,9.992,36.42
2026-09-07 15:39:20.123982,0.52191162109375,0.47674560546875,0.43939208984375,0.5543212890625,-0.26953125,0.03515625,-0.046875,0.017578125,0.001953125,0.001953125,834.25,9.3,190.4,20.4,16.5,2.0,12.0,36.96915283333333,-122.04205,25.8,0.62,9.992,36.42
2026-09-07 15:39:20.231383,0.5218505859375,0.47735595703125,0.4385986328125,0.55450439453125,-0.18359375,0.03515625,-0.12109375,0.0078125,-0.00390625,-0.005859375,834.25,9.3,190.4,20.4,16.5,2.0,12.0,36.96915283333333,-122.04205,25.8,0.62,9.992,36.42
2026-09-07 15:39:20.330206,0.5218505859375,0.47760009765625,0.43829345703125,-1.44549560546875,-0.11328125,0.05078125,-0.19140625,0.0078125,-0.001953125,0.0,800.75,8.7,190.4,23.1,16.5,2.0,12.0,36.96915283333333,-122.04205,25.8,0.62,9.992,36.42
2026-09-07 15:39:20.422844,0.521728515625,0.47796630859375,0.43792724609375,0.55462646484375,-0.06640625,0.08984375,0.01171875,0.0,0.001953125,-0.001953125,800.75,8.7,190.4,23.1,16.5,2.0,12.0,36.96915283333333,-122.04205,25.8,0.62,8.238,36.47
2026-09-07 15:39:20.531755,0.52130126953125,0.47833251953125,0.4375,0.55499267578125,-0.04296875,0.0078125,-0.01171875,-0.01171875,0.0,-0.001953125,777.25,8.1,190.4,24.7,16.5,2.0,12.0,36.96918583333333,-122.04201983333331,25.8,0.62,8.238,36.47
2026-09-07 15:39:20.630092,0.52056884765625,0.4793701171875,0.43634033203125,0.5556640625,-0.04296875,0.05859375,0.00390625,-0.001953125,-0.001953125,0.0,777.25,8.1,190.4,24.7,16.5,2.0,12.0,36.96918583333333,-122.04201983333331,25.8,0.62,8.238,36.47
2026-09-07 15:39:20.729543,0.5198974609375,0.48077392578125,0.43487548828125,0.5562744140625,-0.02734375,0.12109375,0.1171875,0.001953125,0.0,-0.001953125,753.75,7.5,190.4,26.3,16.5,2.0,12.0,36.96918583333333,-122.04201983333331,25.8,0.62,8.238,36.47
2026-09-07 15:39:20.830626,0.51922607421875,0.48175048828125,0.43377685546875,0.55694580078125,0.02734375,-0.01171875,0.0546875,-0.00390625,0.0,0.00390625,753.75,7.5,190.4,26.3,16.5,2.0,12.0,36.96918583333333,-122.04201983333331,25.8,0.62,8.238,36.47
2026-09-07 15:39:20.930975,0.5186767578125,0.482666015625,0.43267822265625,0.5574951171875,0.09375,-0.109375,0.0859375,0.0,-0.001953125,0.00390625,750.75,6.8,190.4,27.5,16.5,2.0,12.0,36.96918583333333,-122.04201983333331,25.8,0.62,8.238,36.47
2026-09-07 15:39:21.031371,0.5181884765625,0.48370361328125,0.4315185546875,0.5579833984375,0.0703125,-0.0078125,-0.03515625,0.005859375,0.0,-0.005859375,750.75,6.8,190.4,27.5,16.5,2.0,12.0,36.96918583333333,-122.04201983333331,25.8,0.62,8.238,36.47
2026-09-07 15:39:21.130664,0.51776123046875,0.4844970703125,0.43072509765625,0.55828857421875,-0.05078125,0.11328125,0.01171875,0.001953125,0.001953125,0.0078125,736.5,6.2,190.4,27.5,16.5,2.0,12.0,36.96918583333333,-122.04201983333331,25.8,0.62,8.238,36.47
2026-09-07 15:39:21.231094,0.515625,0.48809814453125,-1.5732421875,-1.43988037109375,0.04296875,-0.0234375,0.02734375,0.0,-0.001953125,0.005859375,736.5,6.2,190.4,27.5,16.5,2.0,12.0,36.96918583333333,-122.04201983333331,25.8,0.62,8.238,36.47
2026-09-07 15:39:21.331481,0.51312255859375,0.49176025390625,0.422607421875,0.5623779296875,0.05078125,-0.1328125,-0.01953125,-0.00390625,-0.00390625,-0.001953125,742.75,5.6,190.4,27.8,16.5,2.0,12.0,36.96918583333333,-122.04201983333331,25.8,0.62,8.238,36.47
2026-09-07 15:39:21.430992,0.5123291015625,0.4930419921875,0.4212646484375,0.56298828125,0.078125,0.05078125,-0.08203125,-0.005859375,-0.001953125,0.0,742.75,5.6,190.4,27.8,16.5,2.0,12.0,36.96918583333333,-122.04201983333331,25.8,0.62,5.567,37.15
2026-09-07 15:39:21.532216,0.51220703125,0.49334716796875,0.4210205078125,0.56298828125,0.33203125,-0.0078125,0.109375,-0.00390625,0.0,0.009765625,753.75,5.0,190.4,27.8,16.5,2.0,12.0,36.969210333333336,-122.04199883333334,25.2,0.62,5.567,37.15
2026-09-07 15:39:21.630817,0.51239013671875,0.49310302734375,0.42108154296875,0.56298828125,0.23828125,-0.0234375,0.1484375,0.0,-0.001953125,0.005859375,753.75,5.0,190.4,27.8,16.5,2.0,12.0,36.969210333333336,-122.04199883333334,25.2,0.62,5.567,37.15
2026-09-07 15:39:21.732552,0.51275634765625,0.49273681640625,0.4212646484375,0.5628662109375,0.34375,-0.125,0.0859375,0.001953125,-0.00390625,0.00390625,753.0,4.3,190.4,27.8,16.5,2.0,12.0,36.969210333333336,-122.04199883333334,25.2,0.62,5.567,37.15
2026-09-07 15:39:21.831924,0.5130615234375,0.4925537109375,0.42138671875,0.56268310546875,0.25390625,-0.0390625,-0.08203125,0.00390625,-0.001953125,-0.001953125,753.0,4.3,190.4,27.8,16.5,2.0,12.0,36.969210333333336,-122.04199883333334,25.2,0.62,5.567,37.15
2026-09-07 15:39:21.932252,0.5133056640625,0.49237060546875,0.421630859375,0.5623779296875,0.078125,0.19140625,-0.06640625,0.00390625,0.00390625,0.001953125,741.25,4.3,190.4,27.8,16.5,2.0,12.0,36.969210333333336,-122.04199883333334,25.2,0.62,5.567,37.15
2026-09-07 15:39:22.031087,0.5135498046875,0.49200439453125,0.4219970703125,0.562255859375,0.09765625,0.03515625,0.0546875,-0.00390625,0.0,0.00390625,741.25,4.3,190.4,27.8,16.5,2.0,12.0,36.969210333333336,-122.04199883333334,25.2,0.62,5.567,37.15
2026-09-07 15:39:22.247739,0.513671875,-1.5084228515625,0.42242431640625,0.56219482421875,0.01953125,-0.046875,0.0546875,0.0,0.001953125,-0.00390625,735.75,3.7,190.4,28.2,16.5,2.0,12.0,36.969210333333336,-122.04199883333334,25.2,0.62,5.567,37.15
2026-09-07 15:39:22.335991,0.5059814453125,0.491455078125,0.422607421875,0.56207275390625,-0.0625,0.11328125,0.015625,0.0,-0.001953125,-0.001953125,729.5,3.7,190.4,28.2,16.5,2.0,12.0,36.969210333333336,-122.04199883333334,25.2,0.62,5.567,37.15
2026-09-07 15:39:22.436859,0.5140380859375,0.4910888671875,0.4228515625,0.56195068359375,-0.0078125,0.16015625,-0.0703125,-0.25390625,-0.001953125,-0.001953125,729.5,3.7,190.4,28.2,16.5,2.0,12.0,36.969210333333336,-122.04199883333334,25.2,0.62,3.415,37.89
2026-09-07 15:39:22.536697,0.51416015625,0.4906005859375,0.42327880859375,0.56195068359375,0.0078125,-0.03125,-0.08984375,-0.00390625,-0.001953125,0.0,729.5,3.1,190.4,27.8,16.5,2.0,12.0,36.969224833333335,-122.04198483333332,25.0,0.62,3.415,37.89
2026-09-07 15:39:22.636520,0.515869140625,0.48760986328125,0.42657470703125,0.56048583984375,0.86328125,-0.109375,0.1015625,-0.005859375,0.0,0.01171875,729.5,3.1,190.4,27.8,16.5,2.0,12.0,36.969224833333335,-122.04198483333332,25.0,0.62,3.415,37.89
2026-09-07 15:39:22.736622,0.5167236328125,0.4859619140625,0.428466796875,0.5596923828125,0.8828125,-0.29296875,0.19921875,-0.00390625,0.0,0.009765625,735.75,3.1,190.4,27.8,16.5,2.0,12.0,36.969224833333335,-122.04198483333332,25.0,0.62,3.415,37.89
2026-09-07 15:39:22.836062,0.517578125,0.4847412109375,0.42962646484375,0.55908203125,0.921875,-0.1015625,0.23828125,0.0,-0.00390625,0.00390625,735.75,3.1,190.4,27.8,16.5,2.0,12.0,36.969224833333335,-122.04198483333332,25.0,0.62,3.415,37.89
2026-09-07 15:39:22.936329,0.5184326171875,0.48394775390625,0.4302978515625,0.5584716796875,0.84375,0.01953125,0.19921875,0.005859375,-0.001953125,0.0,742.0,3.1,190.4,27.8,16.9,2.0,12.0,36.969224833333335,-122.04198483333332,25.0,0.62,3.415,37.89
2026-09-07 15:39:23.037179,0.5245361328125,0.474365234375,0.4400634765625,0.5533447265625,0.015625,0.0703125,0.00390625,0.0078125,0.001953125,-0.005859375,742.0,3.1,190.4,27.8,16.9,2.0,12.0,36.969224833333335,-122.04198483333332,25.0,0.62,3.415,37.89
2026-09-07 15:39:23.136157,0.5306396484375,0.46417236328125,0.4501953125,0.5479736328125,0.015625,0.0078125,-0.01953125,0.009765625,-0.001953125,-0.005859375,774.0,3.1,190.4,,22.4,2.0,12.0,36.969224833333335,-122.04198483333332,25.0,0.62,3.415,37.89
2026-09-07 15:39:23.236078,0.5338134765625,0.4588623046875,0.45538330078125,0.54510498046875,0.09375,0.0078125,-0.00390625,0.001953125,-0.001953125,0.0,774.0,3.1,190.4,,22.4,2.0,12.0,36.969224833333335,-122.04198483333332,25.0,0.62,3.415,37.89
2026-09-07 15:39:23.336418,0.53607177734375,0.45526123046875,0.45892333984375,0.54290771484375,0.0703125,0.0,0.03515625,0.001953125,0.001953125,-0.001953125,774.0,3.1,190.4,,22.4,2.0,12.0,36.969224833333335,-122.04198483333332,25.0,0.62,3.415,37.89
2026-09-07 15:39:23.442393,0.537841796875,0.45233154296875,0.4617919921875,0.54119873046875,0.21484375,0.09765625,0.01953125,-0.001953125,-0.001953125,-0.001953125,1113.25,3.7,190.4,32.5,22.4,2.0,12.0,36.969224833333335,-122.04198483333332,25.0,0.62,2.982,39.22
2026-09-07 15:39:23.535660,0.5394287109375,0.4495849609375,0.46435546875,0.5396728515625,0.2890625,-0.0390625,0.05078125,0.0078125,-0.00390625,0.00390625,1113.25,3.7,190.4,32.5,22.4,2.0,12.0,36.969235,-122.04197566666669,24.6,0.63,2.982,39.22
2026-09-07 15:39:23.642870,0.54119873046875,0.44708251953125,0.46673583984375,0.53790283203125,0.37109375,0.07421875,0.1015625,0.00390625,0.0,0.0,1376.5,4.3,190.4,34.9,23.9,2.0,12.0,36.969235,-122.04197566666669,24.6,0.63,2.982,39.22
2026-09-07 15:39:23.736121,0.54315185546875,0.444091796875,0.46966552734375,0.53582763671875,0.4140625,0.05859375,0.04296875,0.005859375,-0.001953125,0.01171875,1376.5,4.3,190.4,34.9,23.9,2.0,12.0,36.969235,-122.04197566666669,24.6,0.63,2.982,39.22
2026-09-07 15:39:23.843297,0.54541015625,0.4405517578125,0.47296142578125,0.5335693359375,0.46875,-0.28515625,-0.05859375,0.005859375,-0.00390625,0.00390625,1584.25,4.3,190.4,28.2,23.9,2.0,12.0,36.969235,-122.04197566666669,24.6,0.63,2.982,39.22
2026-09-07 15:39:23.941392,0.54803466796875,0.43646240234375,0.47662353515625,0.531005859375,0.4140625,-0.19921875,-0.05078125,-0.001953125,0.0,0.00390625,1584.25,4.3,190.4,28.2,23.9,2.0,12.0,36.969235,-122.04197566666669,24.6,0.63,2.982,39.22
2026-09-07 15:39:24.274019,0.55816650390625,0.4197998046875,-1.50830078125,0.52001953125,0.09375,-0.0859375,0.0625,0.0,-0.001953125,0.005859375,1658.5,5.6,190.4,24.3,23.9,2.0,12.0,36.969235,-122.04197566666669,24.6,0.63,2.982,39.22
2026-09-07 15:39:24.363598,0.5589599609375,0.4183349609375,0.4930419921875,0.51910400390625,0.03125,-0.12890625,-0.0078125,0.001953125,0.0,0.0,1658.5,5.6,190.4,24.3,23.9,2.0,12.0,36.969235,-122.04197566666669,24.6,0.63,4.841,39.24
2026-09-07 15:39:24.472557,0.56103515625,0.41455078125,0.496337890625,0.51678466796875,0.015625,-0.0390625,0.0703125,0.0078125,-0.001953125,-0.00390625,1646.75,6.2,190.4,23.1,23.5,2.0,12.0,36.969235,-122.04197566666669,24.6,0.63,4.841,39.24
2026-09-07 15:39:24.568466,0.5616455078125,0.4134521484375,0.497314453125,0.5159912109375,-0.08984375,0.17578125,-0.05859375,0.0,0.0,0.01171875,1646.75,6.2,190.4,23.1,23.5,2.0,12.0,36.96925216666666,-122.04195766666666,24.8,0.63,4.841,39.24
2026-09-07 15:39:24.670821,0.56243896484375,0.41162109375,0.49896240234375,0.51507568359375,-0.06640625,0.0625,-0.07421875,-0.005859375,-0.001953125,0.009765625,1612.5,6.8,190.4,22.7,23.9,2.0,12.0,36.96925216666666,-122.04195766666666,24.8,0.63,4.841,39.24
2026-09-07 15:39:24.769468,0.56243896484375,0.4112548828125,0.499267578125,0.5150146484375,-0.00390625,-0.11328125,0.01953125,-0.01171875,0.001953125,-0.001953125,1612.5,6.8,190.4,22.7,23.9,2.0,12.0,36.96925216666666,-122.04195766666666,24.8,0.63,4.841,39.24
2026-09-07 15:39:24.869089,0.56268310546875,0.4110107421875,0.49951171875,0.51470947265625,-0.02734375,0.0546875,0.125,-0.005859375,0.0,-0.001953125,1621.75,7.5,190.4,23.5,24.3,2.0,12.0,36.96925216666666,-122.04195766666666,24.8,0.63,4.841,39.24
2026-09-07 15:39:24.970359,0.56292724609375,0.41094970703125,0.49969482421875,0.51434326171875,-0.03515625,0.25390625,0.078125,0.00390625,0.0,0.0,1621.75,7.5,190.4,23.5,24.3,2.0,12.0,36.96925216666666,-122.04195766666666,24.8,0.63,4.841,39.24
2026-09-07 15:39:25.070740,0.56304931640625,0.410888671875,0.499755859375,0.51416015625,-0.171875,0.015625,0.0234375,0.0078125,-0.001953125,-0.005859375,1639.75,8.1,190.4,25.1,25.1,2.0,12.0,36.96925216666666,-122.04195766666666,24.8,0.63,4.841,39.24
2026-09-07 15:39:25.171002,0.5633544921875,0.41094970703125,0.499755859375,0.5137939453125,0.2265625,-0.08203125,-0.04296875,0.015625,-0.001953125,0.009765625,1639.75,8.1,190.4,25.1,25.1,2.0,12.0,36.96925216666666,-122.04195766666666,24.8,0.63,4.841,39.24
2026-09-07 15:39:25.270633,0.563232421875,0.41107177734375,0.49969482421875,0.513916015625,-0.02734375,0.5625,-0.12890625,0.001953125,0.001953125,-0.00390625,1681.25,8.7,190.4,25.1,25.5,2.0,12.0,36.96925216666666,-122.04195766666666,24.8,0.63,4.841,39.24
2026-09-07 15:39:25.370994,0.56329345703125,0.4111328125,0.499755859375,0.51373291015625,-0.58984375,0.0546875,-0.05859375,0.005859375,0.0,-0.0078125,1681.25,8.7,190.4,25.1,25.5,2.0,12.0,36.96925216666666,-122.04195766666666,24.8,0.63,7.462,39.78
2026-09-07 15:39:25.471319,0.5634765625,0.41119384765625,0.499755859375,0.51348876953125,0.01953125,-0.18359375,0.0703125,-0.005859375,0.005859375,0.001953125,1728.75,9.3,190.4,26.7,26.7,2.0,12.0,36.96925216666666,-122.04195766666666,24.8,0.63,7.462,39.78
2026-09-07 15:39:25.571747,0.5638427734375,0.41156005859375,0.49163818359375,0.50531005859375,0.05078125,-0.015625,0.0859375,0.01171875,0.0,-0.00390625,1728.75,9.3,190.4,26.7,26.7,2.0,12.0,36.969277,-122.04193633333334,24.8,0.63,7.462,39.78
2026-09-07 15:39:25.671331,0.5640869140625,0.41162109375,0.491455078125,0.51300048828125,0.04296875,0.14453125,-0.00390625,0.01171875,-0.001953125,-0.0078125,1787.5,9.9,190.4,27.5,27.1,2.0,12.0,36.969277,-122.04193633333334,24.8,0.63,7.462,39.78
2026-09-07 15:39:25.771690,0.565185546875,0.41204833984375,-1.50115966796875,0.51177978515625,0.02734375,-0.08984375,0.1875,0.041015625,-0.001953125,0.00390625,1787.5,9.9,190.4,27.5,27.1,2.0,12.0,36.969277,-122.04193633333334,24.8,0.63,7.462,39.78
2026-09-07 15:39:25.872759,0.56573486328125,0.4119873046875,0.4990234375,0.51104736328125,0.0859375,0.29296875,-0.12109375,0.017578125,0.0,0.009765625,1806.25,10.6,190.4,27.5,27.1,2.0,12.0,36.969277,-122.04193633333334,24.8,0.63,7.462,39.78
2026-09-07 15:39:25.972485,0.56622314453125,0.41162109375,0.49920654296875,0.5106201171875,0.00390625,0.03125,-0.1484375,0.0078125,-0.00390625,0.005859375,1806.25,10.6,190.4,27.5,27.1,2.0,12.0,36.969277,-122.04193633333334,24.8,0.63,7.462,39.78
2026-09-07 15:39:26.071404,0.56671142578125,0.41131591796875,0.49945068359375,0.5101318359375,0.0703125,-0.0078125,-0.0859375,0.0078125,-0.001953125,0.01171875,1835.75,11.2,190.4,28.2,27.8,2.0,12.0,36.969277,-122.04193633333334,24.8,0.63,7.462,39.78
2026-09-07 15:39:26.171975,0.56646728515625,0.41094970703125,0.49993896484375,0.51019287109375,0.0546875,0.12109375,-0.23046875,-0.021484375,0.0078125,0.00390625,1835.75,11.2,190.4,28.2,27.8,2.0,12.0,36.969277,-122.04193633333334,24.8,0.63,7.462,39.78
2026-09-07 15:39:26.272374,0.5667724609375,0.410888671875,0.5003662109375,0.50946044921875,-0.06640625,-0.18359375,0.234375,-0.01171875,0.009765625,0.013671875,1885.75,11.8,190.4,29.4,27.8,2.0,12.0,36.969277,-122.04193633333334,24.8,0.63,7.462,39.78
2026-09-07 15:39:26.372059,0.56719970703125,0.410888671875,0.5006103515625,0.50872802734375,0.0078125,-0.078125,0.140625,0.009765625,0.005859375,0.005859375,1885.75,11.8,190.4,29.4,27.8,2.0,12.0,36.969277,-122.04193633333334,24.8,0.63,10.229,38.78
2026-09-07 15:39:26.472104,0.567626953125,0.41070556640625,0.5010986328125,0.50787353515625,-0.14453125,-0.046875,0.1796875,0.0078125,0.00390625,0.015625,1907.0,12.4,190.4,29.4,28.2,2.0,12.0,36.969277,-122.04193633333334,24.8,0.63,10.229,38.78
2026-09-07 15:39:26.572579,0.56805419921875,0.410888671875,0.5013427734375,0.507080078125,0.09375,0.0546875,0.0859375,0.017578125,0.005859375,0.01171875,1907.0,12.4,190.4,29.4,28.2,2.0,12.0,36.96931166666667,-122.04190333333334,24.8,0.63,10.229,38.78
2026-09-07 15:39:26.672370,0.5682373046875,0.41107177734375,0.50128173828125,0.50677490234375,0.0859375,-0.09765625,0.08203125,0.013671875,0.0,-0.005859375,1941.25,13.0,190.4,29.8,28.2,2.0,12.0,36.96931166666667,-122.04190333333334,24.8,0.63,10.229,38.78
2026-09-07 15:39:26.772582,0.5684814453125,0.4111328125,0.50128173828125,0.50653076171875,-0.10546875,0.12890625,0.05078125,0.01171875,-0.001953125,0.01171875,1941.25,13.0,190.4,29.8,28.2,2.0,12.0,36.96931166666667,-122.04190333333334,24.8,0.63,10.229,38.78
2026-09-07 15:39:26.873027,0.56768798828125,0.41119384765625,0.501220703125,0.50738525390625,-0.3359375,0.078125,0.54296875,-0.01953125,0.001953125,-0.013671875,1964.75,13.7,190.4,30.6,27.8,2.0,12.0,36.96931166666667,-122.04190333333334,24.8,0.63,10.229,38.78
2026-09-07 15:39:26.972858,0.5675048828125,0.4111328125,0.501220703125,0.50762939453125,-0.06640625,0.29296875,0.12109375,0.00390625,0.0,0.005859375,1964.75,13.7,190.4,30.6,27.8,2.0,12.0,36.96931166666667,-122.04190333333334,24.8,0.63,10.229,38.78
2026-09-07 15:39:27.072267,0.56689453125,0.410888671875,0.50152587890625,0.50823974609375,0.109375,-0.21484375,-0.1328125,-0.02734375,0.001953125,-0.005859375,1966.25,14.3,190.4,29.8,28.2,2.0,12.0,36.96931166666667,-122.04190333333334,24.8,0.63,10.229,38.78
2026-09-07 15:39:27.172329,0.56671142578125,0.410888671875,0.50152587890625,0.5084228515625,0.03515625,-0.0234375,0.08203125,-0.005859375,0.001953125,0.009765625,1966.25,14.3,190.4,29.8,28.2,2.0,12.0,36.96931166666667,-122.04190333333334,24.8,0.63,10.229,38.78
2026-09-07 15:39:27.267649,0.5665283203125,0.410888671875,0.50146484375,0.50860595703125,0.1015625,-0.59765625,0.31640625,-0.001953125,0.0,-0.001953125,2020.25,14.9,190.4,31.0,28.6,2.0,12.0,36.96931166666667,-122.04190333333334,24.8,0.63,10.229,38.78
2026-09-07 15:39:27.490150,0.56622314453125,0.41070556640625,0.5015869140625,0.509033203125,-0.25,-0.34375,0.140625,0.0,-0.005859375,0.013671875,2022.5,15.5,190.4,30.2,28.6,2.0,12.0,36.96935583333333,-122.04186066666666,24.7,0.63,12.755,37.63
2026-09-07 15:39:27.587961,0.56597900390625,0.4105224609375,0.50164794921875,0.5093994140625,0.15625,0.20703125,-0.45703125,-0.029296875,-0.00390625,0.00390625,2022.5,15.5,190.4,30.2,28.6,2.0,12.0,36.96935583333333,-122.04186066666666,24.7,0.63,12.755,37.63
2026-09-07 15:39:27.814809,0.56500244140625,0.4112548828125,0.5023193359375,0.50921630859375,0.078125,-0.3203125,-0.04296875,0.0,0.01953125,0.0,1975.75,16.8,190.4,28.6,26.3,2.0,12.0,36.96935583333333,-122.04186066666666,24.7,0.63,12.755,37.63
2026-09-07 15:39:28.024116,0.5643310546875,0.4122314453125,0.50262451171875,0.5089111328125,-0.08203125,0.32421875,-0.0859375,-0.01171875,0.013671875,-0.0078125,2023.25,16.8,190.4,26.3,25.1,2.0,12.0,36.96935583333333,-122.04186066666666,24.7,0.63,12.755,37.63
2026-09-07 15:39:28.123409,0.56390380859375,0.41375732421875,0.50189208984375,0.50885009765625,-0.0078125,-0.125,0.16796875,-0.021484375,0.01953125,-0.01171875,2023.25,16.8,190.4,26.3,25.1,2.0,12.0,36.96935583333333,-122.04186066666666,24.7,0.63,12.755,37.63
2026-09-07 15:39:28.455222,0.56109619140625,0.41937255859375,0.49127197265625,0.5101318359375,-0.41015625,0.1015625,-0.05078125,-0.001953125,0.009765625,-0.0078125,2102.25,17.4,190.4,21.6,24.7,2.0,12.0,36.96935583333333,-122.04186066666666,24.7,0.63,15.331,37.73
2026-09-07 15:39:28.542174,0.55841064453125,0.42352294921875,0.49609375,0.5125732421875,0.03515625,0.14453125,-0.171875,-0.01171875,0.01171875,-0.009765625,2102.25,17.4,190.4,21.6,24.7,2.0,12.0,36.96940983333333,-122.04180883333332,24.6,0.62,15.331,37.73
2026-09-07 15:39:28.643092,0.5574951171875,0.4249267578125,0.4949951171875,0.513427734375,-0.17578125,-0.109375,0.16015625,-0.001953125,0.01171875,-0.001953125,2081.25,18.0,190.4,20.8,24.3,2.0,12.0,36.96940983333333,-122.04180883333332,24.6,0.62,15.331,37.73
2026-09-07 15:39:28.742848,0.5557861328125,0.427734375,0.49298095703125,0.51483154296875,0.15625,-0.0546875,0.07421875,0.0,0.009765625,0.009765625,2081.25,18.0,190.4,20.8,24.3,2.0,12.0,36.96940983333333,-122.04180883333332,24.6,0.62,15.331,37.73
2026-09-07 15:39:28.842698,0.5543212890625,0.4300537109375,0.49139404296875,0.51605224609375,0.078125,-0.0390625,-0.1015625,-0.009765625,0.0078125,0.0078125,1843.75,18.0,190.4,20.4,23.5,2.0,12.0,36.96940983333333,-122.04180883333332,24.6,0.62,15.331,37.73
2026-09-07 15:39:28.942846,0.55303955078125,0.43182373046875,0.490234375,0.51708984375,0.0,-0.0703125,-0.09375,-0.001953125,0.0078125,0.00390625,1843.75,18.0,190.4,20.4,23.5,2.0,12.0,36.96940983333333,-122.04180883333332,24.6,0.62,15.331,37.73
2026-09-07 15:39:29.042358,0.55206298828125,0.4329833984375,0.4896240234375,0.51776123046875,-0.07421875,0.0078125,-0.00390625,-0.013671875,0.01171875,0.00390625,1582.75,18.6,190.4,23.1,22.7,2.0,12.0,36.96940983333333,-122.04180883333332,24.6,0.62,15.331,37.73
2026-09-07 15:39:29.142319,0.55120849609375,0.43341064453125,0.489501953125,0.51837158203125,-0.03515625,0.10546875,-0.01953125,-0.013671875,0.0,-0.001953125,1582.75,18.6,190.4,23.1,22.7,2.0,12.0,36.96940983333333,-122.04180883333332,24.6,0.62,15.331,37.73
2026-09-07 15:39:29.242380,0.55035400390625,0.43414306640625,0.48876953125,0.51934814453125,-0.05078125,-0.26953125,0.34765625,0.0,-0.005859375,0.001953125,1540.5,18.6,190.4,25.5,23.1,2.0,12.0,36.96940983333333,-122.04180883333332,24.6,0.62,15.331,37.73
2026-09-07 15:39:29.342113,0.54962158203125,0.43475341796875,0.488037109375,0.520263671875,0.0625,0.26171875,-0.00390625,-0.001953125,-0.001953125,0.005859375,1540.5,18.6,190.4,25.5,23.1,2.0,12.0,36.96940983333333,-122.04180883333332,24.6,0.62,15.331,37.73
2026-09-07 15:39:29.442433,0.54913330078125,0.43487548828125,0.48785400390625,0.5208740234375,0.1953125,-0.27734375,0.0546875,0.013671875,-0.001953125,0.001953125,1522.5,19.3,190.4,26.3,23.1,2.0,12.0,36.96940983333333,-122.04180883333332,24.6,0.62,16.661,37.51
2026-09-07 15:39:29.542383,0.5489501953125,0.43511962890625,0.48748779296875,0.521240234375,0.1328125,-0.0703125,-0.10546875,-0.009765625,-0.00390625,-0.0078125,1522.5,19.3,190.4,26.3,23.1,2.0,12.0,36.96946966666667,-122.04175133333334,24.6,0.62,16.661,37.51
2026-09-07 15:39:29.648270,0.54852294921875,0.43505859375,0.48736572265625,0.5218505859375,-0.07421875,0.21484375,0.04296875,-0.017578125,-0.001953125,-0.005859375,1535.75,19.3,190.4,25.9,23.1,2.0,12.0,36.96946966666667,-122.04175133333334,24.6,0.62,16.661,37.51
2026-09-07 15:39:29.741793,0.5478515625,0.43463134765625,0.487548828125,0.522705078125,-0.22265625,0.15234375,0.1328125,-0.005859375,-0.00390625,-0.001953125,1535.75,19.3,190.4,25.9,23.1,2.0,12.0,36.96946966666667,-122.04175133333334,24.6,0.62,16.661,37.51
2026-09-07 15:39:29.848969,0.54766845703125,0.4346923828125,0.4874267578125,0.52301025390625,-0.10546875,-0.078125,-0.05859375,-0.005859375,-0.00390625,0.009765625,1549.0,19.3,190.4,23.9,22.4,2.0,12.0,36.96946966666667,-122.04175133333334,24.6,0.62,16.661,37.51
2026-09-07 15:39:29.946513,0.54736328125,0.4346923828125,0.4871826171875,0.5235595703125,0.015625,0.0390625,-0.11328125,-0.0078125,-0.001953125,-0.0078125,1549.0,19.3,190.4,23.9,22.4,2.0,12.0,36.96946966666667,-122.04175133333334,24.6,0.62,16.661,37.51
2026-09-07 15:39:30.048034,0.54693603515625,-1.5653076171875,0.487060546875,0.52410888671875,-0.15234375,0.12109375,0.05078125,0.005859375,-0.001953125,-0.001953125,1564.75,19.9,190.4,22.0,22.4,2.0,12.0,36.96946966666667,-122.04175133333334,24.6,0.62,16.661,37.51
2026-09-07 15:39:30.148254,0.54693603515625,0.427001953125,0.48675537109375,0.5242919921875,-0.37109375,0.4140625,0.05078125,0.0078125,-0.001953125,-0.01953125,1564.75,19.9,190.4,22.0,22.4,2.0,12.0,36.96946966666667,-122.04175133333334,24.6,0.62,16.661,37.51
2026-09-07 15:39:30.248260,0.54620361328125,0.4345703125,0.48681640625,0.52520751953125,-0.47265625,0.0,0.1484375,0.001953125,-0.009765625,0.0,1602.25,19.9,190.4,20.8,21.2,2.0,12.0,36.96946966666667,-122.04175133333334,24.6,0.62,16.661,37.51
2026-09-07 15:39:30.347897,-1.45404052734375,0.43499755859375,0.4862060546875,0.525634765625,-0.28125,0.4296875,0.36328125,0.0,-0.009765625,0.00390625,1602.25,19.9,190.4,20.8,21.2,2.0,12.0,36.96946966666667,-122.04175133333334,24.6,0.62,16.661,37.51
2026-09-07 15:39:30.565178,0.5439453125,0.43572998046875,0.485107421875,0.52813720703125,-0.37109375,0.22265625,-0.2734375,-0.009765625,0.0,-0.021484375,1590.5,19.9,190.4,18.4,20.8,2.0,12.0,36.969533166666665,-122.041689,24.7,0.62,17.636,38.42
2026-09-07 15:39:30.662129,0.54364013671875,0.43609619140625,0.4847412109375,0.52850341796875,0.87109375,0.0,0.75390625,0.0078125,0.001953125,-0.00390625,1621.0,20.5,190.4,17.6,20.8,2.0,12.0,36.969533166666665,-122.041689,24.7,0.62,17.636,38.42
2026-09-07 15:39:30.762111,0.5435791015625,0.43597412109375,0.4847412109375,0.52862548828125,0.21875,0.3515625,-0.01171875,0.025390625,-0.005859375,0.021484375,1621.0,20.5,190.4,17.6,20.8,2.0,12.0,36.969533166666665,-122.041689,24.7,0.62,17.636,38.42
2026-09-07 15:39:30.861561,0.54327392578125,0.435791015625,0.48468017578125,0.5291748046875,0.05859375,0.16796875,-0.44921875,-0.021484375,-0.00390625,0.013671875,1645.25,20.5,190.4,16.9,20.8,2.0,12.0,36.969533166666665,-122.041689,24.7,0.62,17.636,38.42
2026-09-07 15:39:30.961940,0.54302978515625,0.4281005859375,0.48443603515625,0.52947998046875,0.1796875,-0.29296875,0.1640625,-0.017578125,-0.00390625,0.009765625,1645.25,20.5,190.4,16.9,20.8,2.0,12.0,36.969533166666665,-122.041689,24.7,0.62,17.636,38.42
2026-09-07 15:39:31.061616,0.542724609375,0.4365234375,0.48419189453125,0.529541015625,0.2265625,-0.21484375,-0.17578125,0.005859375,0.005859375,-0.25390625,1638.25,20.5,190.4,16.9,20.8,2.0,12.0,36.969533166666665,-122.041689,24.7,0.62,17.636,38.42
2026-09-07 15:39:31.162047,0.54205322265625,0.43695068359375,0.4842529296875,0.52984619140625,-0.03515625,0.13671875,-0.09765625,-0.005859375,0.0078125,0.001953125,1638.25,20.5,190.4,16.9,20.8,2.0,12.0,36.969533166666665,-122.041689,24.7,0.62,17.636,38.42
2026-09-07 15:39:31.262352,0.54180908203125,0.4373779296875,0.48394775390625,0.530029296875,0.03515625,-0.10546875,0.09765625,-0.00390625,0.001953125,-0.005859375,1646.75,21.1,190.4,16.5,20.8,2.0,12.0,36.969533166666665,-122.041689,24.7,0.62,17.636,38.42
2026-09-07 15:39:31.362081,0.54168701171875,0.437744140625,0.48370361328125,0.53009033203125,-0.02734375,-0.17578125,0.04296875,-0.021484375,0.0,0.0,1646.75,21.1,190.4,16.5,20.8,2.0,12.0,36.969533166666665,-122.041689,24.7,0.62,17.636,38.42
2026-09-07 15:39:31.462672,0.5338134765625,0.43804931640625,0.4835205078125,0.53009033203125,0.2890625,-0.55859375,0.2109375,-0.021484375,0.0,0.009765625,1659.25,21.1,190.4,16.5,20.8,2.0,12.0,36.969533166666665,-122.041689,24.7,0.62,18.352,38.83
2026-09-07 15:39:31.562015,0.54156494140625,0.43841552734375,0.48309326171875,0.5301513671875,0.23046875,0.16015625,0.03515625,0.0,0.0,0.00390625,1659.25,21.1,190.4,16.5,20.8,2.0,12.0,36.96959916666667,-122.04162316666668,24.6,0.62,18.352,38.83
2026-09-07 15:39:31.661702,0.541748046875,0.43890380859375,0.48260498046875,0.53009033203125,-0.0390625,-0.421875,0.140625,0.013671875,0.0,-0.0078125,1669.5,21.1,190.4,16.1,20.8,2.0,12.0,36.96959916666667,-122.04162316666668,24.6,0.62,18.352,38.83
2026-09-07 15:39:31.762343,0.54156494140625,0.43939208984375,0.48211669921875,0.53033447265625,0.16796875,0.0625,-0.14453125,-0.001953125,0.001953125,-0.001953125,1669.5,21.1,190.4,16.1,20.8,2.0,12.0,36.96959916666667,-122.04162316666668,24.6,0.62,18.352,38.83
2026-09-07 15:39:31.862118,0.53350830078125,0.43963623046875,0.48175048828125,0.53070068359375,-0.19140625,0.0546875,0.02734375,0.00390625,-0.001953125,-0.005859375,1678.0,21.1,188.6,15.7,20.8,2.0,12.0,36.96959916666667,-122.04162316666668,24.6,0.62,18.352,38.83
2026-09-07 15:39:31.957226,0.541259765625,0.4398193359375,0.48150634765625,0.53082275390625,-0.0234375,0.23046875,-0.1484375,0.0,-0.001953125,0.00390625,1678.0,21.1,188.6,15.7,20.8,2.0,12.0,36.96959916666667,-122.04162316666668,24.6,0.62,18.352,38.83
2026-09-07 15:39:32.058858,0.54107666015625,0.440185546875,0.4810791015625,0.53106689453125,0.0,0.24609375,-0.00390625,0.001953125,-0.00390625,0.001953125,1698.25,21.7,188.6,15.7,20.8,2.0,12.0,36.96959916666667,-122.04162316666668,24.6,0.62,18.352,38.83
2026-09-07 15:39:32.158734,0.54083251953125,0.44036865234375,0.480712890625,0.53155517578125,-0.15234375,-0.0859375,0.15625,-0.013671875,-0.00390625,0.00390625,1698.25,21.7,188.6,15.7,20.8,2.0,12.0,36.96959916666667,-122.04162316666668,24.6,0.62,18.352,38.83
2026-09-07 15:39:32.259608,0.54071044921875,0.4405517578125,0.480224609375,0.53192138671875,-0.13671875,0.078125,-0.01171875,-0.00390625,-0.005859375,0.0,1698.25,21.7,188.6,15.3,20.8,2.0,12.0,36.96959916666667,-122.04162316666668,24.6,0.62,18.352,38.83
2026-09-07 15:39:32.358639,0.54034423828125,0.4405517578125,0.47991943359375,0.53253173828125,0.09375,0.24609375,0.046875,-0.009765625,-0.00390625,-0.001953125,1698.25,21.7,188.6,15.3,20.8,2.0,12.0,36.96959916666667,-122.04162316666668,24.6,0.62,18.352,38.83
2026-09-07 15:39:32.461186,0.5400390625,0.44049072265625,0.47967529296875,0.53314208984375,0.0546875,0.05859375,0.0390625,-0.013671875,-0.00390625,0.005859375,1590.5,21.7,188.6,17.3,20.0,2.0,12.0,36.96959916666667,-122.04162316666668,24.6,0.62,19.507,39.2
2026-09-07 15:39:32.560180,0.53985595703125,0.4404296875,0.4793701171875,0.53363037109375,-0.10546875,-0.19140625,0.0546875,0.001953125,-0.009765625,0.001953125,1590.5,21.7,188.6,17.3,20.0,2.0,12.0,36.96966866666666,-122.0415515,25.2,0.62,19.507,39.2
2026-09-07 15:39:32.661258,0.53985595703125,0.4405517578125,0.4788818359375,0.533935546875,-0.03125,0.10546875,-0.10546875,0.0,-0.0078125,-0.005859375,1478.0,21.7,188.6,17.6,19.6,2.0,12.0,36.96966866666666,-122.0415515,25.2,0.62,19.507,39.2
2026-09-07 15:39:32.878886,0.53948974609375,0.4407958984375,0.47802734375,0.53485107421875,-0.0546875,0.54296875,-0.1875,0.0,-0.005859375,0.0,1392.75,22.4,188.6,20.4,20.4,2.0,12.0,36.96966866666666,-122.0415515,25.2,0.62,19.507,39.2
2026-09-07 15:39:32.977542,0.53948974609375,0.44097900390625,0.47772216796875,0.5350341796875,0.1171875,-0.03125,-0.51953125,0.0078125,0.0,0.001953125,1392.75,22.4,188.6,20.4,20.4,2.0,12.0,36.96966866666666,-122.0415515,25.2,0.62,19.507,39.2
2026-09-07 15:39:33.078526,0.53948974609375,0.4410400390625,0.47760009765625,0.53509521484375,-0.08203125,0.0234375,0.078125,-0.0078125,0.0,0.005859375,1366.25,22.4,188.6,22.0,19.6,2.0,12.0,36.96966866666666,-122.0415515,25.2,0.62,19.507,39.2
2026-09-07 15:39:33.176746,0.53948974609375,0.44134521484375,0.477294921875,0.53509521484375,-0.05859375,0.23828125,-0.03515625,-0.00390625,-0.001953125,0.01171875,1366.25,22.4,188.6,22.0,19.6,2.0,12.0,36.96966866666666,-122.0415515,25.2,0.62,19.507,39.2
2026-09-07 15:39:33.278163,0.53961181640625,0.441650390625,0.47686767578125,0.53515625,-0.05859375,-0.29296875,0.04296875,-0.0078125,-0.00390625,0.0,1346.75,22.4,188.6,15.7,16.5,2.0,12.0,36.96966866666666,-122.0415515,25.2,0.62,19.507,39.2
2026-09-07 15:39:33.378209,0.53948974609375,0.442138671875,0.47625732421875,0.535400390625,-0.07421875,-0.1171875,-0.10546875,0.01171875,0.0,-0.0078125,1346.75,22.4,188.6,15.7,16.5,2.0,12.0,36.96966866666666,-122.0415515,25.2,0.62,19.774,38.58
2026-09-07 15:39:33.478733,0.53948974609375,0.4427490234375,0.47552490234375,0.53558349609375,-0.109375,-0.12890625,-0.01953125,0.015625,-0.005859375,0.005859375,1335.0,22.4,188.6,12.5,17.3,2.0,12.0,36.96966866666666,-122.0415515,25.2,0.62,19.774,38.58
2026-09-07 15:39:33.578089,0.539306640625,0.44354248046875,0.47467041015625,0.53582763671875,-0.0625,-0.17578125,0.03515625,0.0078125,0.0,-0.009765625,1335.0,22.4,188.6,12.5,17.3,2.0,12.0,36.96974083333333,-122.0414835,25.0,0.62,19.774,38.58
2026-09-07 15:39:33.678302,0.5389404296875,0.4444580078125,0.47369384765625,0.53631591796875,0.20703125,-0.34375,-0.06640625,0.0078125,-0.00390625,-0.009765625,1350.75,22.4,188.6,11.0,17.3,2.0,12.0,36.96974083333333,-122.0414835,25.0,0.62,19.774,38.58
2026-09-07 15:39:33.778771,0.5386962890625,0.4453125,0.47271728515625,0.53668212890625,-0.046875,0.3671875,0.06640625,0.00390625,-0.00390625,-0.009765625,1350.75,22.4,188.6,11.0,17.3,2.0,12.0,36.96974083333333,-122.0414835,25.0,0.62,19.774,38.58
2026-09-07 15:39:33.877869,0.53839111328125,0.446044921875,0.47186279296875,0.537109375,-0.28515625,0.0234375,0.07421875,0.0078125,-0.00390625,0.0,1351.5,22.4,188.6,10.2,16.9,2.0,12.0,36.96974083333333,-122.0414835,25.0,0.62,19.774,38.58
2026-09-07 15:39:33.979623,0.53826904296875,0.446533203125,0.47125244140625,0.537353515625,-0.09765625,-0.0625,0.12109375,-0.0078125,-0.00390625,0.00390625,1351.5,22.4,188.6,10.2,16.9,2.0,12.0,36.96974083333333,-122.0414835,25.0,0.62,19.774,38.58
2026-09-07 15:39:34.080501,0.5382080078125,0.44683837890625,0.470703125,0.53765869140625,-0.15234375,-0.0234375,0.04296875,0.005859375,-0.001953125,0.009765625,1332.0,22.4,188.6,8.6,16.5,2.0,12.0,36.96974083333333,-122.0414835,25.0,0.62,19.774,38.58
2026-09-07 15:39:34.178297,0.53802490234375,0.4473876953125,0.46990966796875,0.5380859375,-0.12109375,0.3203125,-0.171875,-0.005859375,-0.005859375,0.001953125,1332.0,22.4,188.6,8.6,16.5,2.0,12.0,36.96974083333333,-122.0414835,25.0,0.62,19.774,38.58
2026-09-07 15:39:34.277059,0.5374755859375,0.44781494140625,0.46929931640625,0.53887939453125,-0.13671875,0.0546875,0.1796875,-0.005859375,-0.001953125,0.25,1318.75,21.7,188.6,8.6,16.5,2.0,12.0,36.96974083333333,-122.0414835,25.0,0.62,19.774,38.58
2026-09-07 15:39:34.376467,0.537109375,0.44842529296875,0.468505859375,0.539306640625,-0.09765625,-0.14453125,0.06640625,0.01171875,-0.00390625,-0.009765625,1318.75,21.7,188.6,8.6,16.5,2.0,12.0,36.96974083333333,-122.0414835,25.0,0.62,19.831,38.76
2026-09-07 15:39:34.476541,0.53704833984375,0.4493408203125,0.46746826171875,0.53961181640625,-0.08984375,0.12109375,-0.1875,0.00390625,-0.00390625,-0.00390625,1328.0,21.7,188.6,9.0,16.5,2.0,12.0,36.96974083333333,-122.0414835,25.0,0.62,19.831,38.76
2026-09-07 15:39:34.576934,0.53662109375,0.45001220703125,0.46661376953125,0.5323486328125,-0.1171875,0.12890625,-0.1015625,0.001953125,-0.00390625,-0.01171875,1328.0,21.7,188.6,9.0,16.5,2.0,12.0,36.96981316666667,-122.04141183333331,25.2,0.62,19.831,38.76
2026-09-07 15:39:34.676834,0.53643798828125,0.45062255859375,0.46575927734375,0.5406494140625,0.00390625,0.0703125,-0.625,-0.00390625,-0.001953125,-0.005859375,1316.25,21.7,188.6,9.0,16.9,2.0,12.0,36.96981316666667,-122.04141183333331,25.2,0.62,19.831,38.76
2026-09-07 15:39:34.778160,0.5355224609375,0.4521484375,0.45623779296875,0.541748046875,0.06640625,-0.5625,0.04296875,-0.01171875,-0.001953125,0.00390625,1316.25,21.7,188.6,9.0,16.9,2.0,12.0,36.96981316666667,-122.04141183333331,25.2,0.62,19.831,38.76
2026-09-07 15:39:34.877575,0.53472900390625,0.453369140625,0.462646484375,0.5426025390625,-0.23828125,0.0546875,-0.03125,0.0078125,-0.005859375,0.009765625,1303.0,21.7,188.6,9.0,16.9,2.0,12.0,36.96981316666667,-122.04141183333331,25.2,0.62,19.831,38.76
2026-09-07 15:39:34.977814,0.53448486328125,0.45404052734375,0.46173095703125,0.54315185546875,0.078125,0.10546875,-0.1015625,-0.005859375,-0.00390625,0.0078125,1303.0,21.7,188.6,9.0,16.9,2.0,12.0,36.96981316666667,-122.04141183333331,25.2,0.62,19.831,38.76
2026-09-07 15:39:35.078207,0.5340576171875,0.4544677734375,0.46099853515625,0.5438232421875,0.16796875,-0.68359375,-0.0546875,-0.01171875,-0.001953125,0.0,1289.75,21.1,188.6,9.4,16.9,2.0,12.0,36.96981316666667,-122.04141183333331,25.2,0.62,19.831,38.76
2026-09-07 15:39:35.178021,0.533447265625,0.454833984375,0.46051025390625,-1.4554443359375,-0.16015625,0.08984375,-0.078125,-0.00390625,-0.001953125,-0.001953125,1289.75,21.1,188.6,9.4,16.9,2.0,12.0,36.96981316666667,-122.04141183333331,25.2,0.62,19.831,38.76
2026-09-07 15:39:35.278334,0.5328369140625,0.455322265625,0.45989990234375,0.54522705078125,-0.13671875,0.15234375,0.18359375,-0.0078125,-0.001953125,-0.005859375,1275.0,21.1,188.6,9.4,16.9,2.0,12.0,36.96981316666667,-122.04141183333331,25.2,0.62,19.831,38.76
2026-09-07 15:39:35.377968,0.53167724609375,0.45703125,0.4580078125,0.54644775390625,-0.3359375,0.13671875,0.01171875,0.0,-0.00390625,-0.001953125,1275.0,21.1,188.6,9.4,16.9,2.0,12.0,36.96981316666667,-122.04141183333331,25.2,0.62,19.018,39.18
2026-09-07 15:39:35.478316,0.53057861328125,0.4586181640625,0.4561767578125,0.5477294921875,-0.05859375,0.07421875,-0.15625,-0.005859375,-0.00390625,0.001953125,1259.25,20.5,188.6,9.8,16.9,2.0,12.0,36.96981316666667,-122.04141183333331,25.2,0.62,19.018,39.18
2026-09-07 15:39:35.577742,0.52978515625,0.45928955078125,0.45513916015625,0.54888916015625,0.01953125,0.02734375,0.02734375,-0.0078125,-0.009765625,-0.001953125,1259.25,20.5,188.6,9.8,16.9,2.0,12.0,36.969883333333335,-122.04134483333333,25.2,0.62,19.018,39.18
2026-09-07 15:39:35.678164,0.52911376953125,0.459716796875,0.45428466796875,0.54986572265625,-0.11328125,-0.4140625,0.28125,0.001953125,-0.009765625,0.0078125,1239.75,20.5,188.6,10.2,16.9,2.0,12.0,36.969883333333335,-122.04134483333333,25.2,0.62,19.018,39.18
2026-09-07 15:39:35.777658,-1.470947265625,0.4600830078125,0.453369140625,0.55035400390625,-0.00390625,0.13671875,0.05859375,0.00390625,-0.01171875,0.005859375,1239.75,20.5,188.6,10.2,16.9,2.0,12.0,36.969883333333335,-122.04134483333333,25.2,0.62,19.018,39.18
2026-09-07 15:39:35.877839,0.52911376953125,0.4605712890625,0.452392578125,0.55072021484375,-0.01171875,-0.0546875,-0.05859375,0.009765625,-0.01171875,0.00390625,1221.75,20.5,188.6,10.6,16.9,2.0,12.0,36.969883333333335,-122.04134483333333,25.2,0.62,19.018,39.18
2026-09-07 15:39:35.977308,0.52911376953125,0.46112060546875,0.45123291015625,0.55120849609375,0.05859375,-0.27734375,0.06640625,-0.001953125,-0.009765625,-0.001953125,1221.75,20.5,188.6,10.6,16.9,2.0,12.0,36.969883333333335,-122.04134483333333,25.2,0.62,19.018,39.18
2026-09-07 15:39:36.077478,0.52764892578125,0.46295166015625,0.44873046875,0.55303955078125,-0.08984375,0.23828125,-0.00390625,0.013671875,-0.01171875,-0.009765625,1201.5,19.9,188.6,11.4,16.9,2.0,12.0,36.969883333333335,-122.04134483333333,25.2,0.62,19.018,39.18
2026-09-07 15:39:36.177155,0.52679443359375,0.46429443359375,0.44696044921875,0.55419921875,-0.2265625,0.3046875,0.05078125,0.00390625,-0.0078125,-0.005859375,1201.5,19.9,188.6,11.4,16.9,2.0,12.0,36.969883333333335,-122.04134483333333,25.2,0.62,19.018,39.18
2026-09-07 15:39:36.277484,0.5264892578125,0.46527099609375,0.44549560546875,0.55487060546875,-0.01953125,0.0078125,-0.0625,0.013671875,-0.01171875,-0.001953125,1185.0,19.9,188.6,11.8,16.9,2.0,12.0,36.969883333333335,-122.04134483333333,25.2,0.62,19.018,39.18
2026-09-07 15:39:36.382802,0.52642822265625,0.4659423828125,0.44427490234375,0.5552978515625,0.02734375,-0.16015625,0.12890625,0.00390625,-0.009765625,0.009765625,1185.0,19.9,188.6,11.8,16.9,2.0,12.0,36.969883333333335,-122.04134483333333,25.2,0.62,17.95,39.97
2026-09-07 15:39:36.482161,0.52655029296875,0.46636962890625,0.4429931640625,0.55584716796875,-0.06640625,0.015625,0.01171875,0.0,-0.0078125,-0.00390625,1166.25,19.3,188.6,12.5,17.3,2.0,12.0,36.969883333333335,-122.04134483333333,25.2,0.62,17.95,39.97
2026-09-07 15:39:36.576565,0.5264892578125,0.466552734375,0.44232177734375,0.55633544921875,0.06640625,0.20703125,0.02734375,-0.001953125,-0.01171875,-0.001953125,1166.25,19.3,188.6,12.5,17.3,2.0,12.0,36.969949166666666,-122.04127716666666,25.3,0.62,17.95,39.97
2026-09-07 15:39:36.683800,0.5264892578125,0.46661376953125,0.4420166015625,0.55657958984375,0.234375,-0.0234375,0.0,-0.00390625,-0.00390625,0.001953125,1150.0,19.3,188.6,13.3,17.3,2.0,12.0,36.969949166666666,-122.04127716666666,25.3,0.62,17.95,39.97
2026-09-07 15:39:36.782866,0.52655029296875,0.4664306640625,0.44158935546875,0.556884765625,-0.05859375,0.03515625,-0.0546875,0.00390625,-0.0078125,0.0078125,1150.0,19.3,188.6,13.3,17.3,2.0,12.0,36.969949166666666,-122.04127716666666,25.3,0.62,17.95,39.97
2026-09-07 15:39:36.883782,0.52716064453125,0.46630859375,0.44122314453125,0.5567626953125,0.04296875,-0.015625,0.09765625,0.01171875,-0.009765625,0.0,1137.5,18.6,188.6,13.7,17.3,2.0,12.0,36.969949166666666,-122.04127716666666,25.3,0.62,17.95,39.97
2026-09-07 15:39:36.984354,0.52752685546875,0.46600341796875,0.44110107421875,0.5567626953125,0.27734375,-0.1328125,-0.0703125,0.0078125,-0.009765625,0.001953125,1137.5,18.6,188.6,13.7,17.3,2.0,12.0,36.969949166666666,-122.04127716666666,25.3,0.62,17.95,39.97
2026-09-07 15:39:37.083134,0.52783203125,0.45770263671875,0.44110107421875,0.556884765625,0.0703125,0.03125,-0.22265625,0.00390625,-0.00390625,0.0,1125.0,18.6,188.6,14.5,17.3,2.0,12.0,36.969949166666666,-122.04127716666666,25.3,0.62,17.95,39.97
2026-09-07 15:39:37.183774,0.52825927734375,0.46514892578125,0.441162109375,0.55670166015625,0.1015625,-0.14453125,-0.0078125,0.0078125,0.001953125,-0.001953125,1125.0,18.6,188.6,14.5,17.3,2.0,12.0,36.969949166666666,-122.04127716666666,25.3,0.62,17.95,39.97
2026-09-07 15:39:37.283138,0.52880859375,0.4652099609375,0.4412841796875,0.5482177734375,0.046875,-0.078125,0.0234375,0.01953125,0.01171875,0.00390625,1117.0,18.6,188.6,14.9,17.3,2.0,12.0,36.969949166666666,-122.04127716666666,25.3,0.62,17.95,39.97
2026-09-07 15:39:37.383550,0.5294189453125,0.465576171875,0.44158935546875,0.554931640625,0.0078125,0.27734375,-0.390625,-0.00390625,0.015625,0.00390625,1117.0,18.6,188.6,14.9,17.3,2.0,12.0,36.969949166666666,-122.04127716666666,25.3,0.62,16.635,40.16
2026-09-07 15:39:37.483435,0.52978515625,0.4658203125,0.44207763671875,0.553955078125,-0.09375,0.07421875,0.09375,-0.009765625,0.013671875,0.00390625,1110.75,18.0,188.6,15.3,17.3,2.0,12.0,36.969949166666666,-122.04127716666666,25.3,0.62,16.635,40.16
2026-09-07 15:39:37.583546,0.52996826171875,0.4659423828125,0.4427490234375,0.55322265625,-0.109375,-0.26953125,0.1796875,-0.01953125,0.01171875,-0.005859375,1110.75,18.0,188.6,15.3,17.3,2.0,12.0,36.970009833333336,-122.04121566666667,25.4,0.62,16.635,40.16
2026-09-07 15:39:37.683708,0.52978515625,0.46612548828125,0.44329833984375,0.552734375,0.1875,-0.22265625,-0.01171875,-0.01171875,0.013671875,-0.0078125,1105.25,18.0,188.6,15.3,17.3,2.0,12.0,36.970009833333336,-122.04121566666667,25.4,0.62,16.635,40.16
2026-09-07 15:39:37.783945,-1.4703369140625,0.4664306640625,0.44378662109375,0.55224609375,0.13671875,-0.12109375,0.1796875,-0.005859375,0.009765625,0.001953125,1105.25,18.0,188.6,15.3,17.3,2.0,12.0,36.970009833333336,-122.04121566666667,25.4,0.62,16.635,40.16
2026-09-07 15:39:37.889199,0.5299072265625,0.4664306640625,0.44451904296875,0.55145263671875,0.05859375,-0.078125,0.30859375,0.00390625,0.009765625,-0.001953125,1085.75,18.0,188.6,15.7,17.3,2.0,12.0,36.970009833333336,-122.04121566666667,25.4,0.62,16.635,40.16
2026-09-07 15:39:37.983352,0.53033447265625,0.46636962890625,0.4449462890625,0.5506591796875,-0.109375,0.03125,0.0078125,0.00390625,0.005859375,0.001953125,1085.75,18.0,188.6,15.7,17.3,2.0,12.0,36.970009833333336,-122.04121566666667,25.4,0.62,16.635,40.16
2026-09-07 15:39:38.088802,0.53076171875,0.4661865234375,0.4454345703125,0.550048828125,-0.59375,0.08984375,0.0,0.01171875,0.001953125,0.017578125,1098.25,18.0,188.6,16.1,17.3,2.0,12.0,36.970009833333336,-122.04121566666667,25.4,0.62,16.635,40.16
2026-09-07 15:39:38.182688,0.53155517578125,0.4659423828125,0.44586181640625,0.5491943359375,0.03125,-0.33203125,0.0,0.01953125,0.001953125,0.009765625,1098.25,18.0,188.6,16.1,17.3,2.0,12.0,36.970009833333336,-122.04121566666667,25.4,0.62,16.635,40.16
2026-09-07 15:39:38.289410,0.5322265625,0.4661865234375,0.4456787109375,0.5484619140625,0.09765625,-0.40625,0.0,0.0234375,0.0,-0.001953125,1149.0,17.4,188.6,14.9,16.9,2.0,12.0,36.970009833333336,-122.04121566666667,25.4,0.62,16.635,40.16
2026-09-07 15:39:38.382994,0.532470703125,0.46649169921875,0.44549560546875,0.548095703125,-0.109375,0.4375,-0.16015625,0.001953125,0.00390625,-0.001953125,1149.0,17.4,188.6,14.9,16.9,2.0,12.0,36.970009833333336,-122.04121566666667,25.4,0.62,15.964,39.54
2026-09-07 15:39:38.489069,0.5323486328125,0.46649169921875,0.4456787109375,0.54803466796875,-0.21484375,0.375,-0.13671875,-0.015625,0.0078125,0.00390625,1220.25,17.4,188.6,12.5,16.9,2.0,12.0,36.970009833333336,-122.04121566666667,25.4,0.62,15.964,39.54
2026-09-07 15:39:38.699431,0.5318603515625,0.4669189453125,0.4461669921875,0.5477294921875,0.03125,-0.41796875,0.125,-0.009765625,0.01953125,-0.01171875,1292.0,17.4,188.6,11.0,16.9,2.0,12.0,36.97006833333333,-122.0411565,25.4,0.62,15.964,39.54
2026-09-07 15:39:38.798354,0.53265380859375,0.4598388671875,0.446044921875,0.54644775390625,0.0625,0.0390625,0.67578125,0.025390625,0.0078125,0.021484375,1292.0,17.4,188.6,11.0,16.9,2.0,12.0,36.97006833333333,-122.0411565,25.4,0.62,15.964,39.54
2026-09-07 15:39:38.899298,0.53326416015625,0.468017578125,0.44610595703125,0.54547119140625,-0.0703125,0.15234375,-0.04296875,0.01171875,0.0078125,0.009765625,1359.25,16.8,188.6,10.6,19.2,2.0,12.0,36.97006833333333,-122.0411565,25.4,0.62,15.964,39.54
2026-09-07 15:39:38.999519,0.533447265625,0.4681396484375,0.44635009765625,0.5450439453125,0.265625,-0.0078125,-0.03515625,0.017578125,0.01171875,-0.001953125,1359.25,16.8,188.6,10.6,19.2,2.0,12.0,36.97006833333333,-122.0411565,25.4,0.62,15.964,39.54
2026-09-07 15:39:39.098660,0.533203125,0.46826171875,0.44671630859375,0.54486083984375,0.55859375,-0.0078125,0.03125,-0.00390625,0.009765625,0.001953125,1368.75,17.4,188.6,15.7,20.4,2.0,12.0,36.97006833333333,-122.0411565,25.4,0.62,15.964,39.54
2026-09-07 15:39:39.199241,0.532958984375,0.468017578125,0.44757080078125,0.54461669921875,-0.0390625,-0.3984375,0.59765625,0.01171875,0.009765625,0.025390625,1368.75,17.4,188.6,15.7,20.4,2.0,12.0,36.97006833333333,-122.0411565,25.4,0.62,15.964,39.54
2026-09-07 15:39:39.299385,0.53314208984375,0.46807861328125,0.44805908203125,0.5439453125,0.05859375,-0.12890625,-0.0078125,0.017578125,0.0078125,0.009765625,1385.0,17.4,188.6,21.6,20.4,2.0,12.0,36.97006833333333,-122.0411565,25.4,0.62,15.964,39.54
2026-09-07 15:39:39.399097,0.5333251953125,0.46868896484375,0.4478759765625,0.54345703125,0.6171875,-0.09375,-0.60546875,0.015625,0.005859375,-0.021484375,1385.0,17.4,188.6,21.6,20.4,2.0,12.0,36.97006833333333,-122.0411565,25.4,0.62,15.383,38.72
2026-09-07 15:39:39.499508,0.533447265625,0.46942138671875,0.447509765625,0.54296875,1.15625,-0.24609375,-0.671875,-0.00390625,0.009765625,-0.029296875,1373.25,17.4,188.6,20.0,17.6,2.0,12.0,36.970125333333336,-122.041101,25.3,0.62,15.383,38.72
2026-09-07 15:39:39.598698,0.53228759765625,0.469482421875,0.44805908203125,0.5435791015625,0.15234375,0.09765625,0.30859375,-0.005859375,0.01171875,-0.01953125,1373.25,17.4,188.6,20.0,17.6,2.0,12.0,36.970125333333336,-122.041101,25.3,0.62,15.383,38.72
2026-09-07 15:39:40.142597,0.53228759765625,0.469482421875,0.44805908203125,0.5435791015625,0.2109375,-0.859375,0.0703125,-0.005859375,0.01171875,-0.01953125,1353.75,17.4,188.6,8.6,16.5,2.0,12.0,36.970125333333336,-122.041101,25.3,0.62,15.383,38.72
2026-09-07 15:39:40.242749,0.53228759765625,0.469482421875,0.44805908203125,0.5435791015625,0.2109375,-0.859375,0.0703125,-0.005859375,0.01171875,-0.01953125,1367.75,17.4,188.6,8.2,16.5,2.0,12.0,36.970125333333336,-122.041101,25.3,0.62,15.383,38.72
2026-09-07 15:39:40.343039,0.53228759765625,0.469482421875,0.44805908203125,0.5435791015625,0.2109375,-0.859375,0.0703125,-0.005859375,0.01171875,-0.01953125,1367.75,17.4,188.6,8.2,16.5,2.0,12.0,36.970125333333336,-122.041101,25.3,0.62,15.383,38.72
2026-09-07 15:39:40.442925,0.53228759765625,0.469482421875,0.44805908203125,0.5435791015625,0.2109375,-0.859375,0.0703125,-0.005859375,0.01171875,-0.01953125,1346.0,17.4,188.6,8.6,16.5,2.0,12.0,36.970125333333336,-122.041101,25.3,0.62,15.582,38.25
2026-09-07 15:39:40.543009,0.53228759765625,0.469482421875,0.44805908203125,0.5435791015625,0.2109375,-0.859375,0.0703125,-0.005859375,0.01171875,-0.01953125,1346.0,17.4,188.6,8.6,16.5,2.0,12.0,36.970182666666666,-122.04104533333332,25.3,0.62,15.582,38.25
2026-09-07 15:39:40.643139,0.53228759765625,0.469482421875,0.44805908203125,0.5435791015625,0.2109375,-0.859375,0.0703125,-0.005859375,0.01171875,-0.01953125,1368.75,17.4,188.6,8.2,16.5,2.0,12.0,36.970182666666666,-122.04104533333332,25.3,0.62,15.582,38.25
2026-09-07 15:39:40.743313,0.53228759765625,0.469482421875,0.44805908203125,0.5435791015625,0.2109375,-0.859375,0.0703125,-0.005859375,0.01171875,-0.01953125,1368.75,17.4,188.6,8.2,16.5,2.0,12.0,36.970182666666666,-122.04104533333332,25.3,0.62,15.582,38.25
2026-09-07 15:39:40.843467,0.53228759765625,0.469482421875,0.44805908203125,0.5435791015625,0.2109375,-0.859375,0.0703125,-0.005859375,0.01171875,-0.01953125,1351.5,17.4,188.6,8.6,16.5,2.0,12.0,36.970182666666666,-122.04104533333332,25.3,0.62,15.582,38.25
2026-09-07 15:39:40.943510,0.53228759765625,0.469482421875,0.44805908203125,0.5435791015625,0.2109375,-0.859375,0.0703125,-0.005859375,0.01171875,-0.01953125,1351.5,17.4,188.6,8.6,16.5,2.0,12.0,36.970182666666666,-122.04104533333332,25.3,0.62,15.582,38.25
2026-09-07 15:39:41.044030,0.53228759765625,0.469482421875,0.44805908203125,0.5435791015625,0.2109375,-0.859375,0.0703125,-0.005859375,0.01171875,-0.01953125,1329.5,16.8,188.6,8.6,16.5,2.0,12.0,36.970182666666666,-122.04104533333332,25.3,0.62,15.582,38.25
2026-09-07 15:39:41.143733,0.53228759765625,0.469482421875,0.44805908203125,0.5435791015625,0.2109375,-0.859375,0.0703125,-0.005859375,0.01171875,-0.01953125,1329.5,16.8,188.6,8.6,16.5,2.0,12.0,36.970182666666666,-122.04104533333332,25.3,0.62,15.582,38.25
2026-09-07 15:39:41.244061,0.53228759765625,0.469482421875,0.44805908203125,0.5435791015625,0.2109375,-0.859375,0.0703125,-0.005859375,0.01171875,-0.01953125,1332.0,16.8,188.6,8.6,16.5,2.0,12.0,36.970182666666666,-122.04104533333332,25.3,0.62,15.582,38.25
2026-09-07 15:39:41.344019,0.53228759765625,0.469482421875,0.44805908203125,0.5435791015625,0.2109375,-0.859375,0.0703125,-0.005859375,0.01171875,-0.01953125,1332.0,16.8,188.6,8.6,16.5,2.0,12.0,36.970182666666666,-122.04104533333332,25.3,0.62,15.582,38.25
2026-09-07 15:39:41.444256,0.53228759765625,0.469482421875,0.44805908203125,0.5435791015625,0.2109375,-0.859375,0.0703125,-0.005859375,0.01171875,-0.01953125,1314.0,16.8,188.6,8.6,16.5,2.0,12.0,36.970182666666666,-122.04104533333332,25.3,0.62,15.327,38.21
2026-09-07 15:39:41.544454,0.53228759765625,0.469482421875,0.44805908203125,0.5435791015625,0.2109375,-0.859375,0.0703125,-0.005859375,0.01171875,-0.01953125,1314.0,16.8,188.6,8.6,16.5,2.0,12.0,36.9702395,-122.04099016666666,25.3,0.62,15.327,38.21
2026-09-07 15:39:41.644317,0.53228759765625,0.469482421875,0.44805908203125,0.5435791015625,0.2109375,-0.859375,0.0703125,-0.005859375,0.01171875,-0.01953125,1299.0,16.8,188.6,8.6,16.5,2.0,12.0,36.9702395,-122.04099016666666,25.3,0.62,15.327,38.21
2026-09-07 15:39:41.744666,0.53228759765625,0.469482421875,0.44805908203125,0.5435791015625,0.2109375,-0.859375,0.0703125,-0.005859375,0.01171875,-0.01953125,1299.0,16.8,188.6,8.6,16.5,2.0,12.0,36.9702395,-122.04099016666666,25.3,0.62,15.327,38.21
2026-09-07 15:39:41.844619,0.53228759765625,0.469482421875,0.44805908203125,0.5435791015625,0.2109375,-0.859375,0.0703125,-0.005859375,0.01171875,-0.01953125,1278.0,16.2,188.6,8.6,16.5,2.0,12.0,36.9702395,-122.04099016666666,25.3,0.62,15.327,38.21
2026-09-07 15:39:41.944677,0.53228759765625,0.469482421875,0.44805908203125,0.5435791015625,0.2109375,-0.859375,0.0703125,-0.005859375,0.01171875,-0.01953125,1278.0,16.2,188.6,8.6,16.5,2.0,12.0,36.9702395,-122.04099016666666,25.3,0.62,15.327,38.21
2026-09-07 15:39:42.045158,0.53228759765625,0.469482421875,0.44805908203125,0.5435791015625,0.2109375,-0.859375,0.0703125,-0.005859375,0.01171875,-0.01953125,1255.25,16.2,188.6,8.6,16.1,2.0,12.0,36.9702395,-122.04099016666666,25.3,0.62,15.327,38.21
2026-09-07 15:39:44.022329,0.53533935546875,0.45672607421875,0.467529296875,0.53497314453125,0.484375,-0.2734375,0.01953125,-0.005859375,0.00390625,0.0,1182.0,14.9,188.6,18.0,18.0,2.0,12.0,36.97033783333333,-122.04088566666668,24.9,0.62,13.487,37.04
2026-09-07 15:39:44.222310,0.53460693359375,0.456787109375,0.4678955078125,0.535400390625,0.34375,-0.3359375,0.08984375,0.0078125,0.0078125,0.005859375,1182.0,14.9,188.6,17.3,18.0,2.0,12.0,36.97033783333333,-122.04088566666668,24.9,0.62,13.487,37.04
2026-09-07 15:39:44.321052,0.53436279296875,0.45751953125,0.46759033203125,0.53521728515625,0.0546875,0.0546875,-0.25,0.0078125,0.009765625,0.0,1182.0,14.9,188.6,17.3,18.0,2.0,12.0,36.97033783333333,-122.04088566666668,24.9,0.62,13.487,37.04
2026-09-07 15:39:44.421645,0.5340576171875,0.45709228515625,0.46832275390625,0.5352783203125,-0.01953125,0.0078125,-0.140625,-0.001953125,0.001953125,-0.005859375,1201.5,14.9,188.6,16.9,18.0,2.0,12.0,36.97033783333333,-122.04088566666668,24.9,0.62,13.157,38.9
2026-09-07 15:39:44.521594,0.53375244140625,0.45574951171875,0.4698486328125,0.535400390625,-0.01953125,0.0078125,0.08203125,0.0,0.001953125,-0.005859375,1201.5,14.9,188.6,16.9,18.0,2.0,12.0,36.97038666666667,-122.04083783333331,24.8,0.62,13.157,38.9
2026-09-07 15:39:44.621485,0.53363037109375,0.45550537109375,0.47027587890625,0.53533935546875,0.1171875,0.17578125,0.04296875,-0.01171875,0.00390625,-0.005859375,1210.75,14.9,188.6,16.1,18.0,2.0,12.0,36.97038666666667,-122.04083783333331,24.8,0.62,13.157,38.9
2026-09-07 15:39:44.721051,0.53338623046875,0.4552001953125,0.4708251953125,0.53533935546875,0.02734375,0.23046875,0.06640625,0.005859375,0.00390625,0.001953125,1210.75,14.9,188.6,16.1,18.0,2.0,12.0,36.97038666666667,-122.04083783333331,24.8,0.62,13.157,38.9
2026-09-07 15:39:44.822337,0.5335693359375,0.45513916015625,0.4710693359375,0.5350341796875,-0.03515625,0.0546875,0.1328125,0.015625,0.001953125,0.005859375,1208.5,14.9,188.6,15.3,18.0,2.0,12.0,36.97038666666667,-122.04083783333331,24.8,0.62,13.157,38.9
2026-09-07 15:39:44.920746,0.53387451171875,0.45513916015625,0.47119140625,0.53460693359375,0.04296875,-0.19140625,-0.08984375,0.0,0.0,0.00390625,1208.5,14.9,188.6,15.3,18.0,2.0,12.0,36.97038666666667,-122.04083783333331,24.8,0.62,13.157,38.9
2026-09-07 15:39:45.022620,0.53387451171875,0.4549560546875,0.471435546875,0.5345458984375,0.109375,-0.0859375,0.00390625,0.0,-0.001953125,0.01171875,1210.0,14.9,188.6,15.3,17.6,2.0,12.0,36.97038666666667,-122.04083783333331,24.8,0.62,13.157,38.9
2026-09-07 15:39:45.121773,0.53411865234375,0.45465087890625,0.4716796875,0.53436279296875,0.09375,0.11328125,0.01171875,-0.001953125,0.0,0.001953125,1210.0,14.9,188.6,15.3,17.6,2.0,12.0,36.97038666666667,-122.04083783333331,24.8,0.62,13.157,38.9
2026-09-07 15:39:45.222020,0.53411865234375,0.45428466796875,0.47198486328125,0.53436279296875,0.05859375,0.0625,0.1171875,0.0,0.0,0.005859375,1210.0,14.9,188.6,15.7,18.4,2.0,12.0,36.97038666666667,-122.04083783333331,24.8,0.62,13.157,38.9
2026-09-07 15:39:45.322298,0.53436279296875,0.4541015625,0.47210693359375,0.53424072265625,0.01171875,-0.0234375,0.1015625,0.0078125,-0.001953125,0.001953125,1210.0,14.9,188.6,15.7,18.4,2.0,12.0,36.97038666666667,-122.04083783333331,24.8,0.62,13.157,38.9
2026-09-07 15:39:45.422535,0.53460693359375,0.45404052734375,0.47210693359375,0.53399658203125,0.125,-0.20703125,-0.05078125,0.013671875,-0.001953125,0.0,1225.75,14.9,188.6,16.1,18.0,2.0,12.0,36.97038666666667,-122.04083783333331,24.8,0.62,13.768,36.69
2026-09-07 15:39:45.522129,0.53472900390625,0.4539794921875,0.4720458984375,0.53399658203125,0.04296875,0.10546875,-0.04296875,0.0078125,-0.001953125,0.001953125,1225.75,14.9,188.6,16.1,18.0,2.0,12.0,36.9704375,-122.0407905,24.6,0.62,13.768,36.69
2026-09-07 15:39:45.622833,0.53485107421875,0.45379638671875,0.47210693359375,0.533935546875,0.05078125,0.0078125,-0.1015625,0.0,-0.001953125,0.0,1225.75,15.5,188.6,15.7,18.0,2.0,12.0,36.9704375,-122.0407905,24.6,0.62,13.768,36.69
2026-09-07 15:39:45.724818,0.5347900390625,0.4534912109375,0.4722900390625,0.53411865234375,0.1640625,-0.13671875,0.01171875,-0.00390625,0.0,-0.00390625,1225.75,15.5,188.6,15.7,18.0,2.0,12.0,36.9704375,-122.0407905,24.6,0.62,13.768,36.69
2026-09-07 15:39:45.822782,0.53472900390625,0.45330810546875,0.472412109375,0.5343017578125,0.203125,-0.19921875,0.1328125,-0.00390625,0.25,0.0,1233.5,15.5,188.6,15.7,18.4,2.0,12.0,36.9704375,-122.0407905,24.6,0.62,13.768,36.69
2026-09-07 15:39:45.923324,0.53466796875,0.4532470703125,0.472412109375,0.53436279296875,-0.08984375,-0.015625,0.2109375,0.0078125,-0.00390625,-0.001953125,1233.5,15.5,188.6,15.7,18.4,2.0,12.0,36.9704375,-122.0407905,24.6,0.62,13.768,36.69
2026-09-07 15:39:46.020361,0.5347900390625,0.453369140625,0.47216796875,0.53436279296875,-0.01171875,-0.55078125,0.33203125,-0.03125,-0.001953125,0.0078125,1241.25,15.5,188.6,16.1,18.4,2.0,12.0,36.9704375,-122.0407905,24.6,0.62,13.768,36.69
2026-09-07 15:39:46.234845,0.53436279296875,0.4527587890625,0.4722900390625,0.53515625,-0.04296875,0.0546875,-0.1484375,-0.021484375,-0.00390625,-0.0078125,1247.5,15.5,188.6,16.5,18.4,2.0,12.0,36.9704375,-122.0407905,24.6,0.62,13.768,36.69
2026-09-07 15:39:46.323341,0.53375244140625,0.451904296875,0.47259521484375,0.53619384765625,-0.1171875,0.08984375,0.1015625,-0.015625,-0.005859375,-0.01171875,1247.5,15.5,188.6,16.5,18.4,2.0,12.0,36.9704375,-122.0407905,24.6,0.62,13.768,36.69
2026-09-07 15:39:46.424174,0.53375244140625,0.4517822265625,0.4725341796875,0.536376953125,-0.42578125,-0.109375,0.0859375,-0.025390625,-0.001953125,-0.009765625,1253.75,15.5,188.6,16.5,18.4,2.0,12.0,36.9704375,-122.0407905,24.6,0.62,13.783,37.62
2026-09-07 15:39:46.523981,0.53369140625,0.451416015625,0.4725341796875,0.53680419921875,-0.35546875,-0.14453125,-0.07421875,0.0234375,-0.01171875,0.00390625,1253.75,15.5,188.6,16.5,18.4,2.0,12.0,36.9704885,-122.04074183333331,24.4,0.66,13.783,37.62
2026-09-07 15:39:46.623994,0.53387451171875,0.450927734375,0.47265625,0.536865234375,-0.203125,-0.22265625,0.42578125,-0.021484375,-0.013671875,0.0078125,1264.0,15.5,188.6,16.1,18.4,2.0,12.0,36.9704885,-122.04074183333331,24.4,0.66,13.783,37.62
2026-09-07 15:39:46.729178,0.5340576171875,0.45050048828125,0.47247314453125,0.5372314453125,0.44921875,0.08203125,0.1484375,0.0,-0.0078125,-0.0078125,1264.0,15.5,188.6,16.1,18.4,2.0,12.0,36.9704885,-122.04074183333331,24.4,0.66,13.783,37.62
2026-09-07 15:39:46.823530,0.53369140625,0.4503173828125,0.4720458984375,0.5380859375,0.1875,-0.109375,-0.13671875,-0.001953125,-0.0078125,-0.015625,1263.25,15.5,188.6,15.7,18.0,2.0,12.0,36.9704885,-122.04074183333331,24.4,0.66,13.783,37.62
2026-09-07 15:39:46.923625,0.53369140625,0.45013427734375,0.471923828125,0.53839111328125,-0.109375,0.28515625,0.01171875,0.0,-0.013671875,-0.005859375,1263.25,15.5,188.6,15.7,18.0,2.0,12.0,36.9704885,-122.04074183333331,24.4,0.66,13.783,37.62
2026-09-07 15:39:47.028460,0.53369140625,0.44964599609375,0.4718017578125,0.53887939453125,0.04296875,-0.109375,0.35546875,0.009765625,-0.01171875,-0.00390625,1264.75,16.2,188.6,14.9,18.0,2.0,12.0,36.9704885,-122.04074183333331,24.4,0.66,13.783,37.62
2026-09-07 15:39:47.128198,0.5343017578125,0.44921875,0.47113037109375,0.5391845703125,-0.07421875,0.08984375,-0.06640625,0.021484375,-0.013671875,0.0,1264.75,16.2,188.6,14.9,18.0,2.0,12.0,36.9704885,-122.04074183333331,24.4,0.66,13.783,37.62
2026-09-07 15:39:47.228388,0.5350341796875,0.448974609375,0.4705810546875,0.5391845703125,-0.109375,0.24609375,0.01953125,0.001953125,-0.015625,0.005859375,1275.75,16.2,190.4,14.9,18.0,2.0,12.0,36.9704885,-122.04074183333331,24.4,0.66,13.783,37.62
2026-09-07 15:39:47.328758,0.5355224609375,0.44830322265625,0.470458984375,0.53936767578125,-0.04296875,-0.0625,-0.01953125,0.00390625,-0.015625,-0.00390625,1275.75,16.2,190.4,14.9,18.0,2.0,12.0,36.9704885,-122.04074183333331,24.4,0.66,13.783,37.62
2026-09-07 15:39:47.429347,0.535888671875,0.447998046875,0.47003173828125,0.5396728515625,0.03515625,-0.3671875,0.01953125,0.005859375,-0.013671875,-0.001953125,1280.25,16.2,190.4,14.9,18.0,2.0,12.0,36.9704885,-122.04074183333331,24.4,0.66,13.921,39.47
2026-09-07 15:39:47.529779,0.53631591796875,0.44775390625,0.469482421875,0.53985595703125,-0.08203125,-0.21484375,0.0625,0.0078125,-0.01171875,-0.001953125,1280.25,16.2,190.4,14.9,18.0,2.0,12.0,36.97053866666667,-122.04069066666666,24.2,0.62,13.921,39.47
2026-09-07 15:39:47.630650,0.53656005859375,0.4473876953125,0.46923828125,0.5401611328125,-0.1171875,0.08984375,0.01953125,0.01171875,-0.015625,-0.001953125,1285.0,16.2,190.4,14.1,15.7,2.0,12.0,36.97053866666667,-122.04069066666666,24.2,0.62,13.921,39.47
2026-09-07 15:39:47.729820,-1.4630126953125,0.44696044921875,0.46893310546875,0.54034423828125,-0.1171875,0.12890625,0.1328125,0.001953125,-0.01171875,0.005859375,1285.0,16.2,190.4,14.1,15.7,2.0,12.0,36.97053866666667,-122.04069066666666,24.2,0.62,13.921,39.47
2026-09-07 15:39:47.829191,0.5374755859375,0.438720703125,0.4686279296875,0.5404052734375,-0.08984375,0.08984375,0.02734375,0.0,-0.013671875,0.0,1252.25,16.2,190.4,8.6,16.1,2.0,12.0,36.97053866666667,-122.04069066666666,24.2,0.62,13.921,39.47
2026-09-07 15:39:47.929623,0.537841796875,0.4462890625,0.46820068359375,0.5406494140625,-0.31640625,-0.40625,-0.04296875,0.005859375,-0.013671875,-0.00390625,1252.25,16.2,190.4,8.6,16.1,2.0,12.0,36.97053866666667,-122.04069066666666,24.2,0.62,13.921,39.47
2026-09-07 15:39:48.030340,0.53826904296875,0.4461669921875,0.46759033203125,0.5408935546875,-0.234375,-0.0625,-0.07421875,0.00390625,-0.009765625,-0.001953125,1246.75,16.2,190.4,8.6,16.1,2.0,12.0,36.97053866666667,-122.04069066666666,24.2,0.62,13.921,39.47
2026-09-07 15:39:48.129676,0.5384521484375,0.4459228515625,0.4671630859375,0.541259765625,-0.4921875,0.0546875,-0.00390625,0.01953125,-0.013671875,-0.005859375,1246.75,16.2,190.4,8.6,16.1,2.0,12.0,36.97053866666667,-122.04069066666666,24.2,0.62,13.921,39.47
2026-09-07 15:39:48.229988,0.5389404296875,0.44598388671875,0.4664306640625,0.5413818359375,-0.1796875,0.3203125,0.00390625,0.021484375,-0.013671875,-0.009765625,1239.75,16.2,190.4,8.6,16.1,2.0,12.0,36.97053866666667,-122.04069066666666,24.2,0.62,13.921,39.47
2026-09-07 15:39:48.336854,0.53924560546875,0.4464111328125,0.4654541015625,0.54156494140625,-0.77734375,-0.0234375,0.06640625,0.01171875,-0.0078125,-0.017578125,1239.75,16.2,190.4,8.6,16.1,2.0,12.0,36.97053866666667,-122.04069066666666,24.2,0.62,13.921,39.47
2026-09-07 15:39:48.429651,0.539306640625,0.44677734375,0.46466064453125,0.5418701171875,-1.70703125,-0.1015625,-0.1875,0.005859375,-0.009765625,-0.001953125,1223.25,15.5,190.4,9.0,16.1,2.0,12.0,36.97053866666667,-122.04069066666666,24.2,0.62,14.221,40.16
2026-09-07 15:39:48.530293,0.53955078125,0.447021484375,0.4639892578125,0.5419921875,-1.265625,0.20703125,-0.21875,0.00390625,-0.009765625,-0.005859375,1223.25,15.5,190.4,9.0,16.1,2.0,12.0,36.97058866666666,-122.040638,23.8,0.62,14.221,40.16
2026-09-07 15:39:48.635989,0.539794921875,0.44744873046875,0.463134765625,0.54217529296875,-1.11328125,-0.29296875,-0.125,0.0078125,-0.009765625,-0.013671875,1175.75,14.9,190.4,9.0,16.1,2.0,12.0,36.97058866666666,-122.040638,23.8,0.62,14.221,40.16
2026-09-07 15:39:48.729590,0.539794921875,0.44805908203125,0.462158203125,0.54254150390625,-1.36328125,0.16796875,-0.1015625,0.005859375,-0.0078125,-0.001953125,1175.75,14.9,190.4,9.0,16.1,2.0,12.0,36.97058866666666,-122.040638,23.8,0.62,14.221,40.16
2026-09-07 15:39:48.835856,0.539794921875,0.44842529296875,0.46142578125,0.54278564453125,-1.2265625,0.20703125,-0.33203125,0.0,-0.009765625,0.001953125,1132.0,14.3,190.4,9.4,16.1,2.0,12.0,36.97058866666666,-122.040638,23.8,0.62,14.221,40.16
2026-09-07 15:39:48.929324,0.53955078125,0.44873046875,0.46075439453125,0.54339599609375,-1.35546875,0.24609375,-0.31640625,0.0078125,-0.01171875,-0.00390625,1132.0,14.3,190.4,9.4,16.1,2.0,12.0,36.97058866666666,-122.040638,23.8,0.62,14.221,40.16
2026-09-07 15:39:49.035873,0.539306640625,0.44927978515625,0.45989990234375,0.54388427734375,-1.0546875,0.12890625,-0.26953125,-0.00390625,-0.001953125,-0.001953125,1083.5,13.7,190.4,9.8,15.7,2.0,12.0,36.97058866666666,-122.040638,23.8,0.62,14.221,40.16
2026-09-07 15:39:49.133890,0.53875732421875,0.44976806640625,0.45928955078125,0.54449462890625,-1.0859375,0.12109375,-0.22265625,0.013671875,-0.005859375,0.009765625,1083.5,13.7,190.4,9.8,15.7,2.0,12.0,36.97058866666666,-122.040638,23.8,0.62,14.221,40.16
2026-09-07 15:39:49.234370,0.53875732421875,0.45013427734375,0.458740234375,0.54461669921875,-1.12109375,0.0078125,-0.21484375,0.00390625,-0.001953125,0.00390625,1035.75,13.0,190.4,10.6,16.1,2.0,12.0,36.97058866666666,-122.040638,23.8,0.62,14.221,40.16
2026-09-07 15:39:49.334130,0.5386962890625,0.45050048828125,0.45831298828125,0.5447998046875,-0.9140625,0.046875,-0.26953125,0.00390625,-0.001953125,-0.00390625,1035.75,13.0,190.4,10.6,16.1,2.0,12.0,36.97058866666666,-122.040638,23.8,0.62,14.221,40.16
2026-09-07 15:39:49.434430,0.53857421875,0.4510498046875,0.4576416015625,0.5450439453125,-0.98046875,0.08203125,-0.3828125,-0.009765625,0.0,-0.009765625,986.5,12.4,190.4,12.5,16.1,2.0,12.0,36.97058866666666,-122.040638,23.8,0.62,12.357,39.57
2026-09-07 15:39:49.535485,0.53790283203125,0.451416015625,0.45733642578125,0.545654296875,-0.8125,0.15234375,-0.30078125,-0.0078125,0.00390625,0.0,986.5,12.4,190.4,12.5,16.1,2.0,12.0,36.97063433333334,-122.04058866666666,23.8,0.62,12.357,39.57
2026-09-07 15:39:49.634297,0.53253173828125,0.46295166015625,0.44561767578125,0.5509033203125,0.03125,0.01171875,0.08203125,-0.00390625,0.001953125,-0.001953125,945.25,12.4,190.4,14.5,16.1,2.0,12.0,36.97063433333334,-122.04058866666666,23.8,0.62,12.357,39.57
2026-09-07 15:39:49.734805,0.5279541015625,0.47198486328125,0.4364013671875,0.5550537109375,0.10546875,-0.0234375,0.203125,-0.00390625,0.00390625,0.00390625,945.25,12.4,190.4,14.5,16.1,2.0,12.0,36.97063433333334,-122.04058866666666,23.8,0.62,12.357,39.57
2026-09-07 15:39:49.834172,0.52545166015625,0.47625732421875,0.4320068359375,0.55718994140625,0.17578125,-0.1484375,-0.01171875,-0.0078125,0.00390625,-0.001953125,907.75,11.8,190.4,16.1,16.1,2.0,12.0,36.97063433333334,-122.04058866666666,23.8,0.62,12.357,39.57
2026-09-07 15:39:49.934638,0.5235595703125,0.478759765625,0.4295654296875,0.5587158203125,0.08203125,0.0,0.18359375,0.001953125,0.00390625,0.0,907.75,11.8,190.4,16.1,16.1,2.0,12.0,36.97063433333334,-122.04058866666666,23.8,0.62,12.357,39.57
2026-09-07 15:39:50.034374,0.52215576171875,0.48016357421875,0.42840576171875,0.5596923828125,-0.1328125,0.19921875,-0.08984375,-0.0078125,0.001953125,0.005859375,904.5,11.2,190.4,17.3,16.1,2.0,12.0,36.97063433333334,-122.04058866666666,23.8,0.62,12.357,39.57
2026-09-07 15:39:50.126674,0.5218505859375,0.48028564453125,0.42840576171875,0.55987548828125,0.21875,-0.0859375,-0.05078125,-0.009765625,0.001953125,0.00390625,904.5,11.2,190.4,17.3,16.1,2.0,12.0,36.97063433333334,-122.04058866666666,23.8,0.62,12.357,39.57
2026-09-07 15:39:50.232712,0.521484375,0.48046875,0.42828369140625,0.56011962890625,0.0703125,-0.0078125,0.140625,-0.005859375,0.001953125,0.0,885.0,11.2,190.4,18.0,16.1,2.0,12.0,36.97063433333334,-122.04058866666666,23.8,0.62,12.357,39.57
2026-09-07 15:39:50.326327,0.52117919921875,0.48065185546875,0.42840576171875,0.56024169921875,0.078125,0.23828125,-0.16015625,-0.015625,0.005859375,-0.001953125,885.0,11.2,190.4,18.0,16.1,2.0,12.0,36.97063433333334,-122.04058866666666,23.8,0.62,12.357,39.57
2026-09-07 15:39:50.434190,0.52093505859375,0.4805908203125,0.42889404296875,0.56011962890625,0.09375,-0.19140625,0.22265625,0.0078125,0.005859375,0.001953125,906.25,10.6,190.4,18.0,16.5,2.0,12.0,36.97063433333334,-122.04058866666666,23.8,0.62,10.14,39.55
2026-09-07 15:39:50.530993,0.52099609375,0.4805908203125,0.428955078125,0.55999755859375,0.046875,0.0390625,-0.046875,0.005859375,0.00390625,0.0,906.25,10.6,190.4,18.0,16.5,2.0,12.0,36.97067283333333,-122.04054933333332,23.7,0.62,10.14,39.55
2026-09-07 15:39:50.632282,0.52093505859375,0.48016357421875,0.429443359375,0.56005859375,-0.0078125,-0.015625,0.03125,-0.005859375,0.001953125,0.0,899.0,9.9,190.4,17.6,16.5,2.0,12.0,36.97067283333333,-122.04054933333332,23.7,0.62,10.14,39.55
2026-09-07 15:39:50.731714,0.52099609375,0.47991943359375,0.42987060546875,0.55987548828125,0.13671875,0.04296875,-0.69140625,0.0,0.001953125,0.001953125,899.0,9.9,190.4,17.6,16.5,2.0,12.0,36.97067283333333,-122.04054933333332,23.7,0.62,10.14,39.55
2026-09-07 15:39:50.833270,0.5208740234375,0.47955322265625,0.4305419921875,0.559814453125,-0.0078125,-0.109375,0.12890625,0.0,0.00390625,-0.0078125,871.0,9.9,190.4,18.8,16.1,2.0,12.0,36.97067283333333,-122.04054933333332,23.7,0.62,10.14,39.55
2026-09-07 15:39:50.932465,0.5211181640625,0.47930908203125,0.43109130859375,0.55938720703125,-0.046875,0.08203125,0.11328125,0.0078125,0.00390625,0.00390625,871.0,9.9,190.4,18.8,16.1,2.0,12.0,36.97067283333333,-122.04054933333332,23.7,0.62,10.14,39.55
2026-09-07 15:39:51.143883,0.52142333984375,0.4791259765625,0.43170166015625,0.5587158203125,0.05078125,-0.03125,-0.16015625,0.0,0.005859375,-0.00390625,855.25,9.3,190.4,20.0,16.1,2.0,12.0,36.97067283333333,-122.04054933333332,23.7,0.62,10.14,39.55
2026-09-07 15:39:51.243450,0.52154541015625,0.47930908203125,0.43194580078125,0.5582275390625,-0.046875,0.17578125,-0.10546875,0.0,0.01171875,-0.001953125,840.5,9.3,,22.7,16.5,2.0,12.0,36.97067283333333,-122.04054933333332,23.7,0.62,10.14,39.55
2026-09-07 15:39:51.342976,0.52154541015625,0.4793701171875,0.43255615234375,0.55780029296875,0.0,0.13671875,0.09375,-0.005859375,0.009765625,-0.001953125,840.5,9.3,,22.7,16.5,2.0,12.0,36.97067283333333,-122.04054933333332,23.7,0.62,10.14,39.55
2026-09-07 15:39:51.442836,0.52154541015625,0.4793701171875,0.43304443359375,0.557373046875,0.04296875,-0.0078125,0.0390625,-0.001953125,0.0078125,0.001953125,840.5,9.3,,22.7,16.5,2.0,12.0,36.97067283333333,-122.04054933333332,23.7,0.62,8.304,40.4
2026-09-07 15:39:51.542675,0.52166748046875,0.47943115234375,0.43341064453125,0.55694580078125,-0.0390625,-0.1484375,-0.0546875,0.001953125,0.0078125,0.0,840.5,9.3,,22.7,16.5,2.0,12.0,36.97070433333333,-122.04051716666666,23.6,0.62,8.304,40.4
2026-09-07 15:39:51.642856,0.5216064453125,0.47955322265625,0.43365478515625,0.55670166015625,-0.17578125,-0.0390625,-0.015625,0.001953125,0.005859375,-0.0078125,803.0,8.7,190.4,23.5,16.5,2.0,12.0,36.97070433333333,-122.04051716666666,23.6,0.62,8.304,40.4
2026-09-07 15:39:51.857198,0.52093505859375,0.48052978515625,0.43353271484375,0.556640625,-0.1640625,-0.03125,-0.12109375,0.009765625,0.0078125,-0.0078125,780.25,8.1,190.4,24.3,16.5,2.0,12.0,36.97070433333333,-122.04051716666666,23.6,0.62,8.304,40.4
2026-09-07 15:39:51.952998,0.5205078125,0.48126220703125,0.43304443359375,0.55670166015625,0.01953125,-0.6484375,0.046875,0.0,0.001953125,-0.001953125,760.0,7.5,190.4,25.1,16.5,2.0,12.0,36.97070433333333,-122.04051716666666,23.6,0.62,8.304,40.4
2026-09-07 15:39:52.052770,0.5201416015625,0.48193359375,0.43255615234375,0.556884765625,-0.078125,-0.0703125,-0.015625,0.013671875,0.005859375,-0.001953125,760.0,7.5,190.4,25.1,16.5,2.0,12.0,36.97070433333333,-122.04051716666666,23.6,0.62,8.304,40.4
2026-09-07 15:39:52.152743,0.51995849609375,0.48272705078125,0.4320068359375,0.55682373046875,-0.1015625,0.14453125,-0.0078125,0.00390625,0.005859375,0.001953125,745.25,7.5,190.4,26.7,16.5,2.0,12.0,36.97070433333333,-122.04051716666666,23.6,0.62,8.304,40.4
2026-09-07 15:39:52.252869,0.51971435546875,0.4832763671875,0.43170166015625,0.55682373046875,-0.01171875,-0.0546875,-0.14453125,0.005859375,0.0,0.0,745.25,7.5,190.4,26.7,16.5,2.0,12.0,36.97070433333333,-122.04051716666666,23.6,0.62,8.304,40.4
2026-09-07 15:39:52.354077,0.5194091796875,0.48382568359375,0.43121337890625,0.55694580078125,-0.01171875,-0.1640625,-0.04296875,-0.00390625,0.001953125,-0.013671875,739.75,6.8,190.4,27.1,16.5,2.0,12.0,36.97070433333333,-122.04051716666666,23.6,0.62,8.304,40.4
2026-09-07 15:39:52.453081,0.51885986328125,0.48455810546875,0.43060302734375,0.5572509765625,-0.23828125,0.07421875,0.1171875,0.01171875,0.0078125,-0.005859375,739.75,6.8,190.4,27.1,16.5,2.0,12.0,36.97070433333333,-122.04051716666666,23.6,0.62,6.77,39.43
2026-09-07 15:39:52.553666,0.51861572265625,0.48553466796875,0.42999267578125,0.55718994140625,-0.0859375,0.03125,0.03125,0.001953125,0.001953125,0.0,742.0,6.2,190.4,27.5,16.5,2.0,12.0,36.970731,-122.04049216666668,23.5,0.62,6.77,39.43
2026-09-07 15:39:52.652771,0.51824951171875,0.486083984375,0.42950439453125,0.55731201171875,-0.0546875,0.09765625,0.0625,0.01171875,0.001953125,0.0,742.0,6.2,190.4,27.5,16.5,2.0,12.0,36.970731,-122.04049216666668,23.5,0.62,6.77,39.43
2026-09-07 15:39:52.753410,0.51824951171875,0.4866943359375,0.42901611328125,0.5572509765625,-0.0234375,-0.09375,-0.07421875,0.001953125,0.005859375,0.001953125,758.5,5.6,190.4,27.1,16.5,2.0,12.0,36.970731,-122.04049216666668,23.5,0.62,6.77,39.43
2026-09-07 15:39:52.854174,0.5179443359375,0.48712158203125,0.4287109375,0.55731201171875,0.12890625,-0.125,0.0625,0.005859375,0.00390625,0.0,758.5,5.6,190.4,27.1,16.5,2.0,12.0,36.970731,-122.04049216666668,23.5,0.62,6.77,39.43
2026-09-07 15:39:52.953475,0.516845703125,0.489013671875,0.42694091796875,0.55810546875,-0.0078125,0.04296875,0.046875,0.005859375,0.005859375,0.00390625,771.75,5.0,190.4,27.1,16.5,2.0,12.0,36.970731,-122.04049216666668,23.5,0.62,6.77,39.43
2026-09-07 15:39:53.053383,0.5166015625,0.4896240234375,0.4263916015625,0.5582275390625,0.12109375,0.16015625,-0.02734375,0.0078125,0.001953125,0.00390625,771.75,5.0,190.4,27.1,16.5,2.0,12.0,36.970731,-122.04049216666668,23.5,0.62,6.77,39.43
2026-09-07 15:39:53.152622,0.516357421875,0.48980712890625,0.42626953125,0.558349609375,0.05078125,-0.2109375,0.0703125,-0.005859375,0.0078125,0.0,756.25,5.0,190.4,27.5,16.5,2.0,12.0,36.970731,-122.04049216666668,23.5,0.62,6.77,39.43
2026-09-07 15:39:53.253735,0.51611328125,0.489990234375,0.42626953125,0.55841064453125,0.05859375,-0.1328125,0.0546875,-0.005859375,0.0,-0.001953125,756.25,5.0,190.4,27.5,16.5,2.0,12.0,36.970731,-122.04049216666668,23.5,0.62,6.77,39.43
2026-09-07 15:39:53.354102,0.5159912109375,0.490234375,0.4261474609375,0.55841064453125,0.00390625,0.07421875,0.0625,-0.001953125,0.001953125,0.0,743.75,4.3,190.4,27.5,16.5,2.0,12.0,36.970731,-122.04049216666668,23.5,0.62,6.77,39.43
2026-09-07 15:39:53.454048,0.515869140625,0.49029541015625,0.42626953125,0.55841064453125,-0.1171875,0.18359375,-0.05078125,0.0078125,0.00390625,0.00390625,743.75,4.3,190.4,27.5,16.5,2.0,12.0,36.970731,-122.04049216666668,23.5,0.62,4.666,38.75
2026-09-07 15:39:53.554506,0.5159912109375,0.49029541015625,0.42633056640625,0.5582275390625,0.08203125,0.05078125,-0.11328125,-0.0078125,0.0,0.0,738.25,3.7,190.4,27.1,16.5,2.0,12.0,36.9707505,-122.0404745,23.5,0.62,4.666,38.75
2026-09-07 15:39:53.653979,0.5157470703125,0.490234375,0.42657470703125,0.55828857421875,0.10546875,-0.1796875,0.078125,0.001953125,0.0,-0.001953125,738.25,3.7,190.4,27.1,16.5,2.0,12.0,36.9707505,-122.0404745,23.5,0.62,4.666,38.75
2026-09-07 15:39:53.754534,0.5157470703125,0.4903564453125,0.426513671875,0.55828857421875,0.05859375,-0.0625,-0.00390625,0.0,0.0,-0.001953125,730.25,3.7,190.4,27.5,16.5,2.0,12.0,36.9707505,-122.0404745,23.5,0.62,4.666,38.75
2026-09-07 15:39:53.855430,0.51580810546875,0.49029541015625,0.42657470703125,0.55816650390625,1.09765625,0.05078125,0.1328125,0.0,0.0,0.01171875,730.25,3.7,190.4,27.5,16.5,2.0,12.0,36.9707505,-122.0404745,23.5,0.62,4.666,38.75
2026-09-07 15:39:53.952734,0.51629638671875,0.48968505859375,0.42730712890625,0.5577392578125,1.14453125,-0.140625,0.1640625,-0.009765625,0.001953125,0.0234375,729.5,3.7,190.4,27.5,16.5,2.0,12.0,36.9707505,-122.0404745,23.5,0.62,4.666,38.75
2026-09-07 15:39:54.055070,0.51690673828125,0.48876953125,0.42840576171875,0.55712890625,1.1875,-0.0625,0.22265625,-0.00390625,0.001953125,0.015625,729.5,3.7,190.4,27.5,16.5,2.0,12.0,36.9707505,-122.0404745,23.5,0.62,4.666,38.75
2026-09-07 15:39:54.154460,0.51727294921875,0.48809814453125,0.42926025390625,0.55670166015625,1.1015625,-0.0234375,0.17578125,0.001953125,0.001953125,0.001953125,749.0,3.7,190.4,30.6,20.0,2.0,12.0,36.9707505,-122.0404745,23.5,0.62,4.666,38.75
2026-09-07 15:39:54.252291,0.51910400390625,0.4852294921875,0.432373046875,0.55511474609375,0.109375,-0.0859375,0.01953125,-0.00390625,0.00390625,-0.005859375,749.0,3.7,190.4,30.6,20.0,2.0,12.0,36.9707505,-122.0404745,23.5,0.62,4.666,38.75
2026-09-07 15:39:54.352312,0.527099609375,0.47296142578125,0.445068359375,0.548095703125,0.125,-0.109375,0.01953125,-0.00390625,0.001953125,-0.0078125,934.25,3.7,190.4,48.6,22.0,2.0,12.0,36.9707505,-122.0404745,23.5,0.62,4.666,38.75
2026-09-07 15:39:54.452571,0.53106689453125,0.466552734375,0.45172119140625,0.54425048828125,0.1328125,-0.0390625,0.16015625,0.0078125,0.001953125,-0.005859375,934.25,3.7,190.4,48.6,22.0,2.0,12.0,36.9707505,-122.0404745,23.5,0.62,3.33,38.96
2026-09-07 15:39:54.553007,0.5340576171875,0.46185302734375,0.4564208984375,0.54144287109375,0.375,0.14453125,0.08203125,0.00390625,-0.00390625,0.00390625,1378.0,4.3,190.4,40.8,26.7,2.0,12.0,36.97076416666667,-122.040462,23.3,0.62,3.33,38.96
2026-09-07 15:39:54.652462,0.53662109375,0.45758056640625,-1.5394287109375,0.53900146484375,0.50390625,0.08984375,-0.01953125,0.0,0.0,0.01171875,1378.0,4.3,190.4,40.8,26.7,2.0,12.0,36.97076416666667,-122.040462,23.3,0.62,3.33,38.96
2026-09-07 15:39:54.874829,0.5399169921875,0.451904296875,0.4664306640625,0.5355224609375,0.859375,-0.19921875,0.08984375,-0.005859375,-0.00390625,0.00390625,1662.5,5.0,190.4,28.6,25.5,2.0,12.0,36.97076416666667,-122.040462,23.3,0.62,3.33,38.96
2026-09-07 15:39:54.965625,0.53997802734375,0.4517822265625,0.4664306640625,0.5355224609375,0.8046875,-0.125,0.1171875,0.0,-0.00390625,-0.001953125,1750.75,5.6,190.4,25.9,25.1,2.0,12.0,36.97076416666667,-122.040462,23.3,0.62,3.33,38.96
2026-09-07 15:39:55.072077,0.543212890625,0.4466552734375,0.47113037109375,0.5323486328125,0.828125,-0.125,0.15625,-0.005859375,0.00390625,0.001953125,1750.75,5.6,190.4,25.9,25.1,2.0,12.0,36.97076416666667,-122.040462,23.3,0.62,3.33,38.96
2026-09-07 15:39:55.173609,0.5533447265625,0.4293212890625,0.48748779296875,0.52142333984375,-0.0390625,0.1171875,0.0234375,-0.005859375,0.001953125,0.013671875,1750.75,6.2,190.4,24.3,24.3,2.0,12.0,36.97076416666667,-122.040462,23.3,0.62,3.33,38.96
2026-09-07 15:39:55.265952,0.5552978515625,0.426025390625,0.49041748046875,0.519287109375,-0.0859375,0.30859375,0.0234375,0.0,-0.005859375,0.015625,1750.75,6.2,190.4,24.3,24.3,2.0,12.0,36.97076416666667,-122.040462,23.3,0.62,3.33,38.96
2026-09-07 15:39:55.373906,0.55889892578125,0.41839599609375,0.49688720703125,0.51544189453125,0.0390625,0.3359375,-0.09765625,-0.017578125,-0.00390625,0.0078125,1739.75,6.8,190.4,25.9,25.1,2.0,12.0,36.97076416666667,-122.040462,23.3,0.62,4.932,39.65
2026-09-07 15:39:55.471228,0.5595703125,0.4166259765625,0.49847412109375,0.51458740234375,0.16796875,-0.56640625,-0.01953125,-0.015625,0.005859375,0.001953125,1739.75,6.8,190.4,25.9,25.1,2.0,12.0,36.97076416666667,-122.040462,23.3,0.62,4.932,39.65
2026-09-07 15:39:55.572304,0.5611572265625,0.41278076171875,0.50213623046875,0.51239013671875,-0.12890625,0.0625,0.1171875,-0.015625,0.005859375,-0.001953125,1685.75,7.5,190.4,25.1,24.7,2.0,12.0,36.97078066666667,-122.04044633333334,23.2,0.62,4.932,39.65
2026-09-07 15:39:55.772486,0.5626220703125,0.41015625,0.5040283203125,0.5111083984375,-0.2578125,0.31640625,0.0625,0.0078125,-0.0078125,0.017578125,1657.75,8.1,190.4,27.5,26.7,2.0,12.0,36.97078066666667,-122.04044633333334,23.2,0.62,4.932,39.65
2026-09-07 15:39:55.872107,0.562744140625,0.409423828125,0.50469970703125,0.5108642578125,0.01953125,0.05859375,-0.08984375,0.001953125,-0.001953125,0.02734375,1657.75,8.1,190.4,27.5,26.7,2.0,12.0,36.97078066666667,-122.04044633333334,23.2,0.62,4.932,39.65
2026-09-07 15:39:55.972276,0.56243896484375,0.408935546875,0.5050048828125,0.51123046875,0.125,-0.23046875,-0.09765625,-0.005859375,0.0,0.009765625,1751.5,8.7,190.4,32.2,28.6,2.0,12.0,36.97078066666667,-122.04044633333334,23.2,0.62,4.932,39.65
2026-09-07 15:39:56.071744,0.56268310546875,0.4088134765625,0.5048828125,0.51129150390625,0.046875,-0.3359375,0.046875,-0.001953125,-0.0078125,0.00390625,1751.5,8.7,190.4,32.2,28.6,2.0,12.0,36.97078066666667,-122.04044633333334,23.2,0.62,4.932,39.65
2026-09-07 15:39:56.282820,0.56268310546875,0.4078369140625,0.505615234375,0.51129150390625,0.0546875,-0.15234375,0.1484375,-0.0078125,0.0,0.01171875,1857.75,9.3,190.4,33.3,29.0,2.0,12.0,36.97078066666667,-122.04044633333334,23.2,0.62,4.932,39.65
2026-09-07 15:39:56.381969,0.56317138671875,0.40777587890625,0.5057373046875,0.51068115234375,0.29296875,0.28515625,-0.21484375,0.013671875,-0.001953125,-0.009765625,1887.5,9.9,190.4,33.3,29.8,2.0,12.0,36.97078066666667,-122.04044633333334,23.2,0.62,7.948,37.68
2026-09-07 15:39:56.481971,0.563232421875,0.4072265625,0.50640869140625,0.5103759765625,0.05078125,-0.13671875,-0.20703125,-0.0078125,0.005859375,0.01171875,1887.5,9.9,190.4,33.3,29.8,2.0,12.0,36.97078066666667,-122.04044633333334,23.2,0.62,7.948,37.68
2026-09-07 15:39:56.581308,0.56317138671875,0.40643310546875,0.50762939453125,0.5098876953125,0.05078125,-0.19921875,0.171875,-0.017578125,0.015625,0.005859375,1902.25,10.6,190.4,35.3,28.6,2.0,12.0,36.97080666666667,-122.0404215,23.0,0.62,7.948,37.68
2026-09-07 15:39:56.681841,0.5633544921875,0.40625,0.50830078125,0.509033203125,-0.0234375,0.23828125,0.1015625,0.005859375,0.009765625,-0.009765625,1902.25,10.6,190.4,35.3,28.6,2.0,12.0,36.97080666666667,-122.0404215,23.0,0.62,7.948,37.68
2026-09-07 15:39:56.781464,0.56317138671875,0.4058837890625,0.50885009765625,0.509033203125,-0.109375,0.0546875,-0.08203125,-0.017578125,0.0,-0.01171875,1900.0,11.2,190.4,34.1,29.0,2.0,12.0,36.97080666666667,-122.0404215,23.0,0.62,7.948,37.68
2026-09-07 15:39:56.881262,0.56292724609375,0.405517578125,0.50927734375,0.50921630859375,-0.0390625,-0.3671875,0.19921875,-0.0078125,0.001953125,0.0,1900.0,11.2,190.4,34.1,29.0,2.0,12.0,36.97080666666667,-122.0404215,23.0,0.62,7.948,37.68
2026-09-07 15:39:56.981446,0.56268310546875,0.40533447265625,0.509765625,0.5091552734375,0.0,-0.08984375,0.18359375,0.001953125,0.009765625,-0.00390625,1944.5,11.8,192.2,36.9,29.4,2.0,12.0,36.97080666666667,-122.0404215,23.0,0.62,7.948,37.68
2026-09-07 15:39:57.081483,0.5625,0.40509033203125,0.5101318359375,0.50921630859375,-0.0390625,0.171875,-0.0625,0.00390625,-0.001953125,0.005859375,1944.5,11.8,192.2,36.9,29.4,2.0,12.0,36.97080666666667,-122.0404215,23.0,0.62,7.948,37.68
2026-09-07 15:39:57.181904,0.5623779296875,0.40447998046875,0.51043701171875,0.50946044921875,0.0859375,0.171875,-0.1171875,0.001953125,-0.00390625,0.00390625,1995.25,12.4,192.2,36.5,29.0,2.0,12.0,36.97080666666667,-122.0404215,23.0,0.62,7.948,37.68
2026-09-07 15:39:57.281191,0.56219482421875,0.4041748046875,0.51068115234375,0.50970458984375,-0.0859375,-0.0078125,0.07421875,-0.00390625,-0.001953125,0.00390625,1995.25,12.4,192.2,36.5,29.0,2.0,12.0,36.97080666666667,-122.0404215,23.0,0.62,7.948,37.68
2026-09-07 15:39:57.388482,0.562255859375,0.4041748046875,0.51080322265625,0.509521484375,0.12890625,-0.22265625,-0.26953125,0.013671875,0.0,-0.001953125,2019.5,13.0,192.2,36.1,29.8,2.0,12.0,36.97080666666667,-122.0404215,23.0,0.62,10.877,38.16
2026-09-07 15:39:57.481279,0.5621337890625,0.4044189453125,0.51055908203125,0.5096435546875,-0.0703125,0.15625,-0.03125,0.01953125,-0.001953125,-0.01953125,2019.5,13.0,192.2,36.1,29.8,2.0,12.0,36.97080666666667,-122.0404215,23.0,0.62,10.877,38.16
2026-09-07 15:39:57.589084,0.56219482421875,0.40472412109375,0.50244140625,0.50970458984375,-0.046875,0.34765625,-0.26171875,0.00390625,0.0,-0.009765625,2062.5,13.7,190.4,36.9,31.0,2.0,12.0,36.9708435,-122.04038566666668,22.9,0.62,10.877,38.16
2026-09-07 15:39:57.681349,0.56207275390625,0.40472412109375,0.5103759765625,0.509765625,-0.046875,-0.05078125,0.0703125,0.00390625,-0.001953125,-0.0078125,2062.5,13.7,190.4,36.9,31.0,2.0,12.0,36.9708435,-122.04038566666668,22.9,0.62,10.877,38.16
2026-09-07 15:39:57.787986,0.56219482421875,0.40478515625,0.51019287109375,0.50970458984375,-0.0390625,-0.28125,0.3671875,0.013671875,-0.00390625,0.0,2107.0,14.3,190.4,36.9,31.4,2.0,12.0,36.9708435,-122.04038566666668,22.9,0.62,10.877,38.16
2026-09-07 15:39:57.888115,0.56280517578125,0.40533447265625,0.50958251953125,0.50921630859375,0.0390625,0.00390625,-0.078125,0.03125,0.0,-0.013671875,2107.0,14.3,190.4,36.9,31.4,2.0,12.0,36.9708435,-122.04038566666668,22.9,0.62,10.877,38.16
2026-09-07 15:39:58.097809,0.5631103515625,0.40606689453125,0.509033203125,0.50885009765625,-0.16796875,-0.02734375,0.484375,0.029296875,-0.005859375,0.01171875,2133.5,15.5,190.4,37.3,31.8,2.0,12.0,36.9708435,-122.04038566666668,22.9,0.62,10.877,38.16
2026-09-07 15:39:58.197654,0.564208984375,0.4066162109375,0.50830078125,0.50787353515625,-0.3984375,0.24609375,-0.3125,0.017578125,-0.005859375,0.005859375,2175.0,16.2,190.4,37.6,32.2,2.0,12.0,36.9708435,-122.04038566666668,22.9,0.62,10.877,38.16
2026-09-07 15:39:58.297313,0.56488037109375,0.4068603515625,0.5079345703125,0.50732421875,-0.16015625,0.16015625,0.015625,0.009765625,-0.001953125,0.01171875,2175.0,16.2,190.4,37.6,32.2,2.0,12.0,36.9708435,-122.04038566666668,22.9,0.62,10.877,38.16
2026-09-07 15:39:58.396943,0.56549072265625,0.406982421875,0.5078125,0.5067138671875,-0.09765625,0.09765625,0.0546875,0.017578125,0.0,0.0234375,2162.5,16.8,190.4,38.0,32.9,2.0,12.0,36.9708435,-122.04038566666668,22.9,0.62,13.766,38.17
2026-09-07 15:39:58.938481,0.56646728515625,-0.0152587890625,-6.103515625e-05,-6.103515625e-05,-0.09765625,0.09765625,0.0546875,0.033203125,-0.00390625,0.021484375,2139.75,18.0,190.4,37.6,32.2,2.0,12.0,36.97089116666667,-122.0403405,22.5,0.62,13.766,38.17
2026-09-07 15:39:59.038287,0.56646728515625,-0.0152587890625,-6.103515625e-05,-6.103515625e-05,-0.09765625,0.09765625,0.0546875,0.033203125,-0.00390625,0.021484375,2172.5,18.6,190.4,36.5,30.6,2.0,12.0,36.97089116666667,-122.0403405,22.5,0.62,13.766,38.17
2026-09-07 15:39:59.138438,0.56646728515625,-0.0152587890625,-6.103515625e-05,-6.103515625e-05,-0.09765625,0.09765625,0.0546875,0.033203125,-0.00390625,0.021484375,2172.5,18.6,190.4,36.5,30.6,2.0,12.0,36.97089116666667,-122.0403405,22.5,0.62,13.766,38.17
2026-09-07 15:39:59.238519,0.56646728515625,-0.0152587890625,-6.103515625e-05,-6.103515625e-05,-0.09765625,0.09765625,0.0546875,0.033203125,-0.00390625,0.021484375,2200.0,19.3,190.4,35.3,27.8,2.0,12.0,36.97089116666667,-122.0403405,22.5,0.62,13.766,38.17
2026-09-07 15:39:59.338438,0.56646728515625,-0.0152587890625,-6.103515625e-05,-6.103515625e-05,-0.09765625,0.09765625,0.0546875,0.033203125,-0.00390625,0.021484375,2200.0,19.3,190.4,35.3,27.8,2.0,12.0,36.97089116666667,-122.0403405,22.5,0.62,13.766,38.17
2026-09-07 15:39:59.438813,0.56646728515625,-0.0152587890625,-6.103515625e-05,-6.103515625e-05,-0.09765625,0.09765625,0.0546875,0.033203125,-0.00390625,0.021484375,2182.75,19.3,190.4,26.3,25.9,2.0,12.0,36.97089116666667,-122.0403405,22.5,0.62,16.75,39.24
2026-09-07 15:39:59.538993,0.56646728515625,-0.0152587890625,-6.103515625e-05,-6.103515625e-05,-0.09765625,0.09765625,0.0546875,0.033203125,-0.00390625,0.021484375,2182.75,19.3,190.4,26.3,25.9,2.0,12.0,36.9709495,-122.04028266666668,22.5,0.63,16.75,39.24
2026-09-07 15:39:59.639016,0.56646728515625,-0.0152587890625,-6.103515625e-05,-6.103515625e-05,-0.09765625,0.09765625,0.0546875,0.033203125,-0.00390625,0.021484375,2213.25,19.9,190.4,24.3,25.9,2.0,12.0,36.9709495,-122.04028266666668,22.5,0.63,16.75,39.24
2026-09-07 15:39:59.739199,0.56646728515625,-0.0152587890625,-6.103515625e-05,-6.103515625e-05,-0.09765625,0.09765625,0.0546875,0.033203125,-0.00390625,0.021484375,2213.25,19.9,190.4,24.3,25.9,2.0,12.0,36.9709495,-122.04028266666668,22.5,0.63,16.75,39.24
2026-09-07 15:39:59.838946,0.56646728515625,-0.0152587890625,-6.103515625e-05,-6.103515625e-05,-0.09765625,0.09765625,0.0546875,0.033203125,-0.00390625,0.021484375,1896.75,19.9,188.6,23.9,25.5,2.0,12.0,36.9709495,-122.04028266666668,22.5,0.63,16.75,39.24
2026-09-07 15:39:59.939362,0.56646728515625,-0.0152587890625,-6.103515625e-05,-6.103515625e-05,-0.09765625,0.09765625,0.0546875,0.033203125,-0.00390625,0.021484375,1896.75,19.9,188.6,23.9,25.5,2.0,12.0,36.9709495,-122.04028266666668,22.5,0.63,16.75,39.24
2026-09-07 15:40:00.039494,0.56646728515625,-0.0152587890625,-6.103515625e-05,-6.103515625e-05,-0.09765625,0.09765625,0.0546875,0.033203125,-0.00390625,0.021484375,1690.5,20.5,188.6,24.7,25.1,2.0,12.0,36.9709495,-122.04028266666668,22.5,0.63,16.75,39.24
2026-09-07 15:40:00.139841,0.56646728515625,-0.0152587890625,-6.103515625e-05,-6.103515625e-05,-0.09765625,0.09765625,0.0546875,0.033203125,-0.00390625,0.021484375,1690.5,20.5,188.6,24.7,25.1,2.0,12.0,36.9709495,-122.04028266666668,22.5,0.63,16.75,39.24
2026-09-07 15:40:00.239938,0.56646728515625,-0.0152587890625,-6.103515625e-05,-6.103515625e-05,-0.09765625,0.09765625,0.0546875,0.033203125,-0.00390625,0.021484375,1653.75,20.5,188.6,26.7,24.7,2.0,12.0,36.9709495,-122.04028266666668,22.5,0.63,16.75,39.24
2026-09-07 15:40:00.339380,0.56646728515625,-0.0152587890625,-6.103515625e-05,-6.103515625e-05,-0.09765625,0.09765625,0.0546875,0.033203125,-0.00390625,0.021484375,1653.75,20.5,188.6,26.7,24.7,2.0,12.0,36.9709495,-122.04028266666668,22.5,0.63,16.75,39.24
2026-09-07 15:40:00.440003,0.56646728515625,-0.0152587890625,-6.103515625e-05,-6.103515625e-05,-0.09765625,0.09765625,0.0546875,0.033203125,-0.00390625,0.021484375,1646.75,20.5,188.6,26.3,24.7,2.0,12.0,36.9709495,-122.04028266666668,22.5,0.63,18.206,38.64
2026-09-07 15:40:00.540209,0.56646728515625,-0.0152587890625,-6.103515625e-05,-6.103515625e-05,-0.09765625,0.09765625,0.0546875,0.033203125,-0.00390625,0.021484375,1646.75,20.5,188.6,26.3,24.7,2.0,12.0,36.97101383333333,-122.04021816666666,22.5,0.63,18.206,38.64
2026-09-07 15:40:00.640194,0.56646728515625,-0.0152587890625,-6.103515625e-05,-6.103515625e-05,-0.09765625,0.09765625,0.0546875,0.033203125,-0.00390625,0.021484375,1670.25,21.1,188.6,24.7,24.3,2.0,12.0,36.97101383333333,-122.04021816666666,22.5,0.63,18.206,38.64
2026-09-07 15:40:00.740645,0.56646728515625,-0.0152587890625,-6.103515625e-05,-6.103515625e-05,-0.09765625,0.09765625,0.0546875,0.033203125,-0.00390625,0.021484375,1670.25,21.1,188.6,24.7,24.3,2.0,12.0,36.97101383333333,-122.04021816666666,22.5,0.63,18.206,38.64
2026-09-07 15:40:02.719359,0.5,0.5,0.5001220703125,0.4998779296875,0.3046875,9.21875,-0.0390625,0.009765625,0.00390625,0.005859375,1360.75,22.4,186.8,10.6,17.3,2.0,12.0,36.97115266666667,-122.04007533333332,22.4,0.62,19.966,40.14
2026-09-07 15:40:02.819263,0.49981689453125,0.50042724609375,0.49993896484375,0.49981689453125,0.14453125,9.0625,-0.0078125,0.009765625,0.005859375,-0.005859375,1360.75,22.4,186.8,10.2,17.3,2.0,12.0,36.97115266666667,-122.04007533333332,22.4,0.62,19.966,40.14
2026-09-07 15:40:02.918736,0.49969482421875,0.5010986328125,0.4996337890625,0.4996337890625,-0.0625,0.20703125,-0.30859375,0.009765625,0.009765625,-0.0078125,1360.75,22.4,186.8,10.2,17.3,2.0,12.0,36.97115266666667,-122.04007533333332,22.4,0.62,19.966,40.14
2026-09-07 15:40:03.018679,0.4996337890625,0.4990234375,0.50213623046875,0.499267578125,-0.046875,-0.16796875,0.0234375,0.00390625,0.009765625,-0.0078125,1360.0,22.4,186.8,8.2,16.5,2.0,12.0,36.97115266666667,-122.04007533333332,22.4,0.62,19.966,40.14
2026-09-07 15:40:03.117242,0.4993896484375,0.4991455078125,0.50250244140625,0.49114990234375,-0.21484375,-0.0546875,0.0546875,0.0,0.009765625,-0.005859375,1360.0,22.4,186.8,8.2,16.5,2.0,12.0,36.97115266666667,-122.04007533333332,22.4,0.62,19.966,40.14
2026-09-07 15:40:03.217366,0.49945068359375,0.499267578125,0.502685546875,0.49859619140625,-0.0859375,-0.015625,0.0078125,0.01171875,0.005859375,0.001953125,1343.75,22.4,186.8,8.2,16.5,2.0,12.0,36.97115266666667,-122.04007533333332,22.4,0.62,19.966,40.14
2026-09-07 15:40:03.319178,0.499755859375,0.49957275390625,0.50262451171875,0.498046875,0.0625,-0.08984375,-0.03125,0.0078125,0.005859375,-0.005859375,1343.75,22.4,186.8,8.2,16.5,2.0,12.0,36.97115266666667,-122.04007533333332,22.4,0.62,19.966,40.14
2026-09-07 15:40:03.417806,0.49969482421875,0.5,0.50250244140625,0.497802734375,-0.0625,-0.17578125,0.0625,0.009765625,0.005859375,0.0,1374.0,22.4,186.8,9.0,19.2,2.0,12.0,36.97115266666667,-122.04007533333332,22.4,0.62,20.157,38.75
2026-09-07 15:40:03.518668,0.49981689453125,0.500244140625,0.50250244140625,0.49749755859375,0.13671875,-0.046875,-0.015625,0.01171875,0.00390625,0.001953125,1374.0,22.4,186.8,9.0,19.2,2.0,12.0,36.97122566666667,-122.0400015,22.3,0.62,20.157,38.75
2026-09-07 15:40:03.618473,0.49993896484375,0.50042724609375,0.50244140625,0.4971923828125,-0.140625,0.34375,-0.0078125,-0.00390625,0.001953125,0.005859375,1360.75,22.4,186.8,12.9,19.6,2.0,12.0,36.97122566666667,-122.0400015,22.3,0.62,20.157,38.75
2026-09-07 15:40:03.718991,0.5,0.5,0.50299072265625,0.49700927734375,0.07421875,0.2421875,0.0625,-0.001953125,0.0,0.015625,1360.75,22.4,186.8,12.9,19.6,2.0,12.0,36.97122566666667,-122.0400015,22.3,0.62,20.157,38.75
2026-09-07 15:40:03.818293,0.5003662109375,0.49932861328125,0.503662109375,0.49658203125,0.05859375,-0.27734375,0.08203125,-0.009765625,0.001953125,0.013671875,1373.25,22.4,186.8,18.8,21.2,2.0,12.0,36.97122566666667,-122.0400015,22.3,0.62,20.157,38.75
2026-09-07 15:40:03.919405,0.500732421875,0.4986572265625,0.50445556640625,0.49609375,-0.03515625,0.2265625,-0.1015625,-0.01171875,0.001953125,0.01953125,1373.25,22.4,186.8,18.8,21.2,2.0,12.0,36.97122566666667,-122.0400015,22.3,0.62,20.157,38.75
2026-09-07 15:40:04.019309,0.5013427734375,0.49755859375,0.50555419921875,0.4954833984375,0.37109375,-0.06640625,0.15234375,0.001953125,-0.001953125,0.009765625,1380.25,23.0,186.8,22.0,20.0,2.0,12.0,36.97122566666667,-122.0400015,22.3,0.62,20.157,38.75
2026-09-07 15:40:04.118513,0.501953125,0.49658203125,0.50640869140625,0.49493408203125,0.14453125,-0.1484375,-0.078125,-0.02734375,0.00390625,0.005859375,1380.25,23.0,186.8,22.0,20.0,2.0,12.0,36.97122566666667,-122.0400015,22.3,0.62,20.157,38.75
2026-09-07 15:40:04.219281,0.5025634765625,0.493896484375,0.50921630859375,0.49420166015625,0.3671875,0.01953125,-0.18359375,-0.03125,0.0,0.015625,1389.75,23.0,186.8,21.6,20.4,2.0,12.0,36.97122566666667,-122.0400015,22.3,0.62,20.157,38.75
2026-09-07 15:40:04.319720,0.50225830078125,0.49249267578125,0.5107421875,0.49432373046875,0.11328125,-0.53125,0.0,-0.017578125,0.00390625,0.009765625,1389.75,23.0,186.8,21.6,20.4,2.0,12.0,36.97122566666667,-122.0400015,22.3,0.62,20.157,38.75
2026-09-07 15:40:04.419481,0.5020751953125,0.49139404296875,0.51202392578125,0.49420166015625,0.29296875,-0.2578125,-0.140625,-0.04296875,0.00390625,0.001953125,1399.0,23.0,186.8,22.7,20.4,2.0,12.0,36.97122566666667,-122.0400015,22.3,0.62,20.306,38.55
2026-09-07 15:40:04.518695,0.501220703125,0.48992919921875,0.51373291015625,0.494873046875,-0.1328125,-0.875,0.55078125,-0.044921875,0.00390625,-0.005859375,1399.0,23.0,186.8,22.7,20.4,2.0,12.0,36.9712995,-122.03992866666668,22.3,0.62,20.306,38.55
2026-09-07 15:40:04.617483,0.50079345703125,0.48846435546875,0.5152587890625,0.49505615234375,0.05859375,-0.1484375,-0.0546875,-0.04296875,0.005859375,-0.015625,1405.25,23.0,186.8,22.7,20.4,2.0,12.0,36.9712995,-122.03992866666668,22.3,0.62,20.306,38.55
2026-09-07 15:40:04.717514,0.5001220703125,0.4876708984375,0.5162353515625,0.49554443359375,-0.0078125,-0.515625,0.44140625,-0.03515625,0.005859375,-0.015625,1405.25,23.0,186.8,22.7,20.4,2.0,12.0,36.9712995,-122.03992866666668,22.3,0.62,20.306,38.55
2026-09-07 15:40:04.817379,0.499267578125,0.48736572265625,0.51690673828125,0.4959716796875,-0.0234375,-0.73828125,-0.01171875,-0.021484375,0.00390625,-0.029296875,1405.25,23.0,186.8,22.4,20.4,2.0,12.0,36.9712995,-122.03992866666668,22.3,0.62,20.306,38.55
2026-09-07 15:40:04.917847,0.4986572265625,0.487548828125,0.516845703125,0.49652099609375,-0.15234375,-0.69140625,0.5546875,0.0078125,0.001953125,-0.017578125,1405.25,23.0,186.8,22.4,20.4,2.0,12.0,36.9712995,-122.03992866666668,22.3,0.62,20.306,38.55
2026-09-07 15:40:05.017514,0.49884033203125,0.48834228515625,0.51617431640625,0.49615478515625,-0.3984375,0.2890625,0.23046875,0.03515625,0.001953125,-0.009765625,1410.75,23.0,186.8,22.0,20.4,2.0,12.0,36.9712995,-122.03992866666668,22.3,0.62,20.306,38.55
2026-09-07 15:40:05.117757,-1.50042724609375,-1.51080322265625,-1.4844970703125,0.495361328125,-0.28125,0.47265625,0.0234375,0.052734375,-0.001953125,0.0,1410.75,23.0,186.8,22.0,20.4,2.0,12.0,36.9712995,-122.03992866666668,22.3,0.62,20.306,38.55
2026-09-07 15:40:05.218801,0.5,0.48907470703125,0.51556396484375,0.4949951171875,-0.3046875,0.41796875,0.03125,0.064453125,-0.00390625,0.015625,1417.0,23.6,186.8,21.6,20.4,2.0,12.0,36.9712995,-122.03992866666668,22.3,0.62,20.306,38.55
2026-09-07 15:40:05.318859,0.50146484375,0.48956298828125,0.5147705078125,0.49383544921875,0.515625,-0.46484375,0.26953125,0.087890625,-0.005859375,0.017578125,1417.0,23.6,186.8,21.6,20.4,2.0,12.0,36.9712995,-122.03992866666668,22.3,0.62,20.306,38.55
2026-09-07 15:40:05.419052,0.5032958984375,0.49072265625,0.51348876953125,0.49212646484375,0.20703125,0.75390625,-0.41015625,0.052734375,-0.00390625,0.025390625,1421.0,23.6,186.8,21.6,20.4,2.0,12.0,36.9712995,-122.03992866666668,22.3,0.62,20.788,38.66
2026-09-07 15:40:05.618838,0.50640869140625,0.49017333984375,0.51361083984375,0.48931884765625,0.16796875,0.5078125,-0.44140625,-0.017578125,0.001953125,0.0390625,1431.25,23.6,186.8,21.6,20.8,2.0,12.0,36.9713745,-122.0398535,22.2,0.62,20.788,38.66
2026-09-07 15:40:05.719018,0.50689697265625,0.488525390625,0.5152587890625,0.48876953125,0.046875,0.09765625,-0.41796875,-0.03515625,0.005859375,0.06640625,1431.25,23.6,186.8,21.6,20.8,2.0,12.0,36.9713745,-122.0398535,22.2,0.62,20.788,38.66
2026-09-07 15:40:05.818062,0.50701904296875,0.48626708984375,0.51763916015625,0.48834228515625,0.11328125,-0.453125,0.02734375,-0.037109375,0.00390625,0.02734375,1436.5,23.6,186.8,22.0,20.8,2.0,12.0,36.9713745,-122.0398535,22.2,0.62,20.788,38.66
2026-09-07 15:40:05.918094,0.50616455078125,0.48486328125,0.51910400390625,0.48907470703125,0.40625,-0.0078125,-0.3046875,-0.03125,0.00390625,-0.01171875,1436.5,23.6,186.8,22.0,20.8,2.0,12.0,36.9713745,-122.0398535,22.2,0.62,20.788,38.66
2026-09-07 15:40:06.018467,0.5047607421875,0.48468017578125,0.51959228515625,0.490234375,0.03515625,0.015625,-0.2421875,-0.0078125,0.0078125,-0.037109375,1441.25,23.6,186.8,21.6,20.4,2.0,12.0,36.9713745,-122.0398535,22.2,0.62,20.788,38.66
2026-09-07 15:40:06.118189,0.50360107421875,0.4852294921875,0.51934814453125,0.49114990234375,-0.09375,0.19921875,-0.12109375,0.005859375,0.0078125,-0.046875,1441.25,23.6,186.8,21.6,20.4,2.0,12.0,36.9713745,-122.0398535,22.2,0.62,20.788,38.66
2026-09-07 15:40:06.218192,0.5028076171875,0.486328125,0.51849365234375,0.4918212890625,-0.60546875,-0.30078125,-0.05859375,0.015625,-0.001953125,-0.009765625,1450.75,23.6,186.8,21.6,20.8,2.0,12.0,36.9713745,-122.0398535,22.2,0.62,20.788,38.66
2026-09-07 15:40:06.318168,0.5028076171875,0.487060546875,0.51776123046875,0.49188232421875,-0.3203125,-0.5,0.15625,0.001953125,-0.001953125,-0.0078125,1450.75,23.6,186.8,21.6,20.8,2.0,12.0,36.9713745,-122.0398535,22.2,0.62,20.788,38.66
2026-09-07 15:40:06.418330,0.5029296875,0.48760986328125,0.51715087890625,0.49176025390625,-0.46875,-0.15625,0.10546875,0.009765625,-0.001953125,-0.00390625,1453.75,23.6,186.8,21.2,20.4,2.0,12.0,36.9713745,-122.0398535,22.2,0.62,21.158,37.91
2026-09-07 15:40:06.518232,0.503173828125,0.4879150390625,0.516845703125,0.4915771484375,-0.12109375,0.11328125,-0.203125,0.005859375,0.001953125,0.001953125,1453.75,23.6,186.8,21.2,20.4,2.0,12.0,36.9714515,-122.03977783333332,22.1,0.62,21.158,37.91
2026-09-07 15:40:06.618278,0.50323486328125,0.48809814453125,0.5167236328125,0.491455078125,0.27734375,0.16796875,0.1640625,0.013671875,0.0,0.0,1460.75,24.2,186.8,20.8,20.4,2.0,12.0,36.9714515,-122.03977783333332,22.1,0.62,21.158,37.91
2026-09-07 15:40:06.723336,0.5032958984375,0.48846435546875,0.5164794921875,0.4913330078125,0.19140625,0.0859375,0.03515625,0.00390625,-0.001953125,-0.00390625,1460.75,24.2,186.8,20.8,20.4,2.0,12.0,36.9714515,-122.03977783333332,22.1,0.62,21.158,37.91
2026-09-07 15:40:06.817930,0.5037841796875,0.4888916015625,0.51580810546875,0.49102783203125,-0.10546875,0.078125,0.11328125,0.009765625,-0.00390625,0.001953125,1462.5,24.2,186.8,20.8,20.4,2.0,12.0,36.9714515,-122.03977783333332,22.1,0.62,21.158,37.91
2026-09-07 15:40:06.922922,0.50384521484375,0.48895263671875,0.51568603515625,0.49102783203125,0.11328125,0.31640625,0.16015625,0.005859375,-0.00390625,-0.005859375,1462.5,24.2,186.8,20.8,20.4,2.0,12.0,36.9714515,-122.03977783333332,22.1,0.62,21.158,37.91
2026-09-07 15:40:07.023222,0.50433349609375,0.4888916015625,0.51544189453125,0.49090576171875,-0.23046875,0.046875,-0.078125,0.0,-0.005859375,0.017578125,1466.25,24.2,186.8,20.8,20.4,2.0,12.0,36.9714515,-122.03977783333332,22.1,0.62,21.158,37.91
2026-09-07 15:40:07.123444,0.50445556640625,0.48828125,0.51580810546875,0.490966796875,-0.09765625,0.2578125,0.03515625,-0.033203125,0.001953125,0.01171875,1466.25,24.2,186.8,20.8,20.4,2.0,12.0,36.9714515,-122.03977783333332,22.1,0.62,21.158,37.91
2026-09-07 15:40:07.223299,0.5040283203125,0.48760986328125,0.51641845703125,0.491455078125,0.19140625,0.58984375,-0.25390625,-0.03515625,0.0,0.01171875,1474.0,24.2,186.8,20.4,20.4,2.0,12.0,36.9714515,-122.03977783333332,22.1,0.62,21.158,37.91
2026-09-07 15:40:07.324246,0.50341796875,0.4866943359375,0.517333984375,0.49200439453125,0.015625,-0.40234375,-0.046875,-0.0390625,0.0,0.00390625,1474.0,24.2,186.8,20.4,20.4,2.0,12.0,36.9714515,-122.03977783333332,22.1,0.62,21.158,37.91
2026-09-07 15:40:07.424044,0.5030517578125,0.48626708984375,0.5177001953125,0.49237060546875,0.19921875,-0.171875,0.39453125,-0.033203125,0.0,-0.005859375,1479.5,24.2,186.8,20.4,20.4,2.0,12.0,36.9714515,-122.03977783333332,22.1,0.62,21.716,38.94
2026-09-07 15:40:07.524267,0.50274658203125,0.48583984375,0.51800537109375,0.4927978515625,-0.15234375,-0.3828125,0.1875,-0.025390625,-0.0078125,0.0,1479.5,24.2,186.8,20.4,20.4,2.0,12.0,36.971529833333335,-122.03969983333332,22.1,0.62,21.716,38.94
2026-09-07 15:40:07.624026,0.50213623046875,0.48577880859375,0.5179443359375,0.49359130859375,-0.34375,0.51953125,-0.2109375,0.01171875,-0.005859375,-0.021484375,1486.5,24.2,186.8,20.4,20.4,2.0,12.0,36.971529833333335,-122.03969983333332,22.1,0.62,21.716,38.94
2026-09-07 15:40:07.725182,0.501953125,0.48614501953125,0.5174560546875,0.493896484375,0.0390625,-0.234375,0.140625,0.015625,0.0,-0.015625,1486.5,24.2,186.8,20.4,20.4,2.0,12.0,36.971529833333335,-122.03969983333332,22.1,0.62,21.716,38.94
2026-09-07 15:40:07.940103,0.5030517578125,0.48712158203125,0.51605224609375,0.49322509765625,-0.20703125,0.453125,-0.57421875,0.03515625,-0.009765625,0.00390625,1493.75,24.2,186.8,20.4,20.4,2.0,12.0,36.971529833333335,-122.03969983333332,22.1,0.62,21.716,38.94
2026-09-07 15:40:08.037106,0.5035400390625,0.4871826171875,0.51580810546875,0.49298095703125,0.046875,0.16015625,-0.12890625,0.01171875,-0.001953125,0.01171875,1502.25,24.9,186.8,20.0,20.4,2.0,12.0,36.971529833333335,-122.03969983333332,22.1,0.62,21.716,38.94
2026-09-07 15:40:08.136838,0.50433349609375,0.4871826171875,0.515625,0.49237060546875,-0.17578125,0.046875,-0.109375,0.025390625,-0.005859375,0.015625,1502.25,24.9,186.8,20.0,20.4,2.0,12.0,36.971529833333335,-122.03969983333332,22.1,0.62,21.716,38.94
2026-09-07 15:40:08.237167,0.50482177734375,0.4873046875,0.51531982421875,0.4920654296875,0.15234375,0.3828125,-0.4453125,0.0078125,-0.00390625,0.01171875,1510.0,24.9,186.8,19.6,20.4,2.0,12.0,36.971529833333335,-122.03969983333332,22.1,0.62,21.716,38.94
2026-09-07 15:40:08.337982,0.50506591796875,0.4873046875,0.51513671875,0.49200439453125,-0.125,-0.09375,0.12890625,-0.0078125,0.0,-0.0078125,1510.0,24.9,186.8,19.6,20.4,2.0,12.0,36.971529833333335,-122.03969983333332,22.1,0.62,21.716,38.94
2026-09-07 15:40:08.437973,0.5052490234375,0.4873046875,0.51507568359375,0.49188232421875,-0.078125,0.25390625,-0.0859375,0.0,-0.00390625,0.001953125,1512.5,24.9,186.8,19.6,20.4,2.0,12.0,36.971529833333335,-122.03969983333332,22.1,0.62,22.015,38.88
2026-09-07 15:40:08.537773,0.505615234375,0.487548828125,0.51470947265625,0.49169921875,-0.22265625,-0.0390625,0.17578125,0.01171875,-0.001953125,-0.005859375,1512.5,24.9,186.8,19.6,20.4,2.0,12.0,36.97160916666667,-122.0396195,22.2,0.62,22.015,38.88
2026-09-07 15:40:08.637905,0.50555419921875,0.48724365234375,0.51483154296875,0.4918212890625,-0.12109375,-0.19921875,-0.1796875,-0.01171875,-0.005859375,0.0078125,1519.5,24.9,186.8,19.6,20.4,2.0,12.0,36.97160916666667,-122.0396195,22.2,0.62,22.015,38.88
2026-09-07 15:40:08.737982,0.50537109375,0.48724365234375,0.51470947265625,0.4921875,0.0234375,0.19921875,0.2109375,-0.001953125,-0.001953125,-0.005859375,1519.5,24.9,186.8,19.6,20.4,2.0,12.0,36.97160916666667,-122.0396195,22.2,0.62,22.015,38.88
2026-09-07 15:40:08.837793,0.50531005859375,0.4871826171875,0.5146484375,0.4923095703125,0.09765625,-0.30078125,0.3125,-0.001953125,-0.00390625,-0.001953125,1524.0,24.9,186.8,19.2,20.4,2.0,12.0,36.97160916666667,-122.0396195,22.2,0.62,22.015,38.88
2026-09-07 15:40:08.938196,0.5048828125,0.48675537109375,0.51507568359375,0.4927978515625,0.0703125,-0.18359375,-0.09375,-0.0234375,0.0,-0.00390625,1524.0,24.9,186.8,19.2,20.4,2.0,12.0,36.97160916666667,-122.0396195,22.2,0.62,22.015,38.88
2026-09-07 15:40:09.037750,0.5050048828125,0.486083984375,0.51556396484375,0.492919921875,0.20703125,-0.4609375,-0.140625,-0.013671875,-0.00390625,0.013671875,1527.25,25.5,186.8,19.2,20.4,2.0,12.0,36.97160916666667,-122.0396195,22.2,0.62,22.015,38.88
2026-09-07 15:40:09.137730,0.50469970703125,0.48577880859375,0.5157470703125,0.4932861328125,0.24609375,-0.22265625,0.1953125,-0.009765625,-0.00390625,0.0,1527.25,25.5,186.8,19.2,20.4,2.0,12.0,36.97160916666667,-122.0396195,22.2,0.62,22.015,38.88
2026-09-07 15:40:09.233606,0.5045166015625,0.485595703125,0.51593017578125,0.493408203125,-0.23828125,0.14453125,-0.41015625,-0.02734375,0.00390625,0.005859375,1530.25,25.5,186.8,18.4,19.6,2.0,12.0,36.97160916666667,-122.0396195,22.2,0.62,22.015,38.88
2026-09-07 15:40:09.334790,0.50408935546875,0.4852294921875,0.5164794921875,0.49365234375,0.0703125,0.22265625,-0.23828125,-0.017578125,0.0078125,-0.005859375,1530.25,25.5,186.8,18.4,19.6,2.0,12.0,36.97160916666667,-122.0396195,22.2,0.62,22.015,38.88
2026-09-07 15:40:09.434292,0.50360107421875,0.48529052734375,0.51678466796875,0.49371337890625,-0.0390625,0.2421875,-0.27734375,-0.01953125,0.0078125,0.00390625,1527.25,25.5,186.8,15.3,16.5,2.0,12.0,36.97160916666667,-122.0396195,22.2,0.62,22.435,38.76
2026-09-07 15:40:09.534107,0.5029296875,0.48504638671875,0.51739501953125,0.49407958984375,-0.2578125,0.01171875,-0.0546875,-0.04296875,0.0078125,0.001953125,1527.25,25.5,186.8,15.3,16.5,2.0,12.0,36.97169,-122.03953816666667,22.4,0.62,22.435,38.76
2026-09-07 15:40:09.634041,0.50189208984375,0.4847412109375,0.51788330078125,0.49493408203125,-0.39453125,-0.09375,0.08984375,-0.037109375,0.005859375,0.001953125,1525.0,25.5,186.8,9.8,16.5,2.0,12.0,36.97169,-122.03953816666667,22.4,0.62,22.435,38.76
2026-09-07 15:40:09.736144,0.5010986328125,0.4849853515625,0.517822265625,0.49554443359375,-0.2109375,-0.30859375,0.234375,-0.01953125,0.0,0.001953125,1525.0,25.5,186.8,9.8,16.5,2.0,12.0,36.97169,-122.03953816666667,22.4,0.62,22.435,38.76
2026-09-07 15:40:09.835640,0.5,0.48541259765625,0.51763916015625,0.4964599609375,-0.0703125,0.28515625,-0.1953125,-0.025390625,0.001953125,-0.009765625,1521.75,24.9,186.8,7.8,16.9,2.0,12.0,36.97169,-122.03953816666667,22.4,0.62,22.435,38.76
2026-09-07 15:40:09.936658,0.49847412109375,0.485595703125,0.51763916015625,0.497802734375,-0.40625,0.015625,0.109375,-0.03125,0.00390625,-0.01171875,1521.75,24.9,186.8,7.8,16.9,2.0,12.0,36.97169,-122.03953816666667,22.4,0.62,22.435,38.76
2026-09-07 15:40:10.036347,0.49755859375,0.48583984375,0.51751708984375,0.49859619140625,-0.32421875,0.23046875,0.5,0.0,0.001953125,0.0,1510.0,24.9,186.8,7.5,16.9,2.0,12.0,36.97169,-122.03953816666667,22.4,0.62,22.435,38.76
2026-09-07 15:40:10.136556,0.4971923828125,0.48614501953125,0.51739501953125,0.498779296875,-0.24609375,0.49609375,0.15625,-0.251953125,0.00390625,0.015625,1510.0,24.9,186.8,7.5,16.9,2.0,12.0,36.97169,-122.03953816666667,22.4,0.62,22.435,38.76
2026-09-07 15:40:10.236577,0.49591064453125,0.48602294921875,0.51763916015625,0.4998779296875,0.48046875,-0.8046875,-0.34375,-0.03125,0.005859375,-0.01171875,1517.75,24.9,186.8,7.5,16.9,2.0,12.0,36.97169,-122.03953816666667,22.4,0.62,22.435,38.76
2026-09-07 15:40:10.338088,0.494384765625,0.486328125,0.51751708984375,0.50115966796875,0.13671875,-0.55078125,0.32421875,-0.029296875,0.005859375,-0.01953125,1517.75,24.9,186.8,7.5,16.9,2.0,12.0,36.97169,-122.03953816666667,22.4,0.62,22.435,38.76
2026-09-07 15:40:10.437642,0.49322509765625,0.4871826171875,0.51708984375,0.501953125,-0.15234375,-0.28515625,0.5859375,-0.02734375,0.009765625,-0.005859375,1496.0,24.9,186.8,7.5,16.9,2.0,12.0,36.97169,-122.03953816666667,22.4,0.62,22.363,38.14
2026-09-07 15:40:10.537232,0.4927978515625,0.4881591796875,0.51641845703125,0.502197265625,-0.3984375,-0.91015625,0.70703125,0.0234375,-0.001953125,0.001953125,1496.0,24.9,186.8,7.5,16.9,2.0,12.0,36.971771,-122.03945733333332,22.4,0.62,22.363,38.14
2026-09-07 15:40:10.637122,0.492919921875,0.48895263671875,0.5155029296875,0.502197265625,-0.0078125,-0.19140625,0.0703125,0.025390625,-0.00390625,-0.009765625,1496.75,24.9,186.8,7.5,16.9,2.0,12.0,36.971771,-122.03945733333332,22.4,0.62,22.363,38.14
2026-09-07 15:40:10.737128,0.49285888671875,0.48980712890625,0.51458740234375,0.50238037109375,-0.11328125,0.37890625,-0.19140625,0.02734375,0.0,0.001953125,1496.75,24.9,186.8,7.5,16.9,2.0,12.0,36.971771,-122.03945733333332,22.4,0.62,22.363,38.14
2026-09-07 15:40:10.837296,0.492919921875,0.49114990234375,0.5133056640625,0.5023193359375,-0.1875,-0.06640625,0.26171875,0.037109375,0.005859375,-0.01171875,1500.75,24.9,186.8,7.5,16.9,2.0,12.0,36.971771,-122.03945733333332,22.4,0.62,22.363,38.14
2026-09-07 15:40:10.937422,0.4930419921875,0.4930419921875,0.51153564453125,0.50213623046875,-0.203125,-0.01953125,0.20703125,0.05859375,0.0,-0.0078125,1500.75,24.9,186.8,7.5,16.9,2.0,12.0,36.971771,-122.03945733333332,22.4,0.62,22.363,38.14
2026-09-07 15:40:11.037440,0.49273681640625,0.49517822265625,0.50946044921875,0.50250244140625,-0.69140625,0.1640625,-0.10546875,0.041015625,-0.001953125,0.0,1480.25,24.2,188.6,7.5,16.9,2.0,12.0,36.971771,-122.03945733333332,22.4,0.62,22.363,38.14
2026-09-07 15:40:11.137029,0.49285888671875,0.49713134765625,0.5074462890625,0.50244140625,-0.20703125,0.03125,-0.76171875,0.025390625,0.0,-0.013671875,1480.25,24.2,188.6,7.5,16.9,2.0,12.0,36.971771,-122.03945733333332,22.4,0.62,22.363,38.14
2026-09-07 15:40:11.237205,0.49298095703125,0.4981689453125,0.50640869140625,0.50238037109375,-0.41796875,-0.0078125,-0.13671875,0.0234375,-0.001953125,0.005859375,1450.75,24.2,188.6,7.8,16.9,2.0,12.0,36.971771,-122.03945733333332,22.4,0.62,22.363,38.14
2026-09-07 15:40:11.337269,0.49310302734375,0.49884033203125,0.50579833984375,0.502197265625,-0.24609375,-0.31640625,0.15234375,0.013671875,0.001953125,0.001953125,1450.75,24.2,188.6,7.8,16.9,2.0,12.0,36.971771,-122.03945733333332,22.4,0.62,22.363,38.14
2026-09-07 15:40:11.437035,0.49371337890625,0.49969482421875,0.50494384765625,0.5015869140625,0.0,0.3671875,0.0703125,0.037109375,0.001953125,0.009765625,1419.5,23.6,188.6,7.8,16.5,2.0,12.0,36.971771,-122.03945733333332,22.4,0.62,21.767,38.73
2026-09-07 15:40:11.536761,0.49371337890625,0.5,0.50457763671875,0.50164794921875,0.09375,-0.0859375,-0.3046875,-0.017578125,-0.001953125,0.001953125,1419.5,23.6,188.6,7.8,16.5,2.0,12.0,36.97185116666667,-122.03937766666668,22.4,0.62,21.767,38.73
2026-09-07 15:40:11.637000,0.49346923828125,0.5003662109375,0.50408935546875,0.501953125,-0.0234375,-0.27734375,0.1328125,-0.005859375,-0.001953125,0.00390625,1392.75,23.0,188.6,7.8,16.5,2.0,12.0,36.97185116666667,-122.03937766666668,22.4,0.62,21.767,38.73
2026-09-07 15:40:11.737027,0.4935302734375,0.5009765625,0.5035400390625,0.50189208984375,-0.08984375,-0.0859375,0.30859375,0.01953125,0.0,0.00390625,1392.75,23.0,188.6,7.8,16.5,2.0,12.0,36.97185116666667,-122.03937766666668,22.4,0.62,21.767,38.73
2026-09-07 15:40:11.836439,0.4935302734375,0.50189208984375,0.5028076171875,0.50177001953125,-0.28125,0.12890625,-0.03125,0.009765625,0.005859375,0.0,1363.25,23.0,188.6,7.8,16.5,2.0,12.0,36.97185116666667,-122.03937766666668,22.4,0.62,21.767,38.73
2026-09-07 15:40:11.936754,0.4935302734375,0.50238037109375,0.5020751953125,0.501953125,-0.0546875,-0.01171875,-0.18359375,0.013671875,-0.0078125,0.005859375,1363.25,23.0,188.6,7.8,16.5,2.0,12.0,36.97185116666667,-122.03937766666668,22.4,0.62,21.767,38.73
2026-09-07 15:40:12.037487,0.4932861328125,0.5028076171875,0.50152587890625,0.5023193359375,0.13671875,-0.30859375,0.0703125,0.001953125,0.001953125,-0.001953125,1338.25,22.4,188.6,8.2,16.5,2.0,12.0,36.97185116666667,-122.03937766666668,22.4,0.62,21.767,38.73
2026-09-07 15:40:12.136798,0.4927978515625,0.50323486328125,0.50128173828125,0.502685546875,0.16015625,-0.5546875,0.22265625,-0.009765625,0.00390625,0.001953125,1338.25,22.4,188.6,8.2,16.5,2.0,12.0,36.97185116666667,-122.03937766666668,22.4,0.62,21.767,38.73
2026-09-07 15:40:12.243730,0.48736572265625,0.5113525390625,0.4930419921875,0.5078125,0.0078125,-0.0625,0.23046875,0.001953125,0.001953125,0.00390625,1310.0,21.7,188.6,9.8,16.9,2.0,12.0,36.97185116666667,-122.03937766666668,22.4,0.62,21.767,38.73
2026-09-07 15:40:12.336874,0.484375,0.51593017578125,0.48834228515625,0.5106201171875,-0.0390625,0.05859375,0.16015625,0.00390625,0.0,0.0,1310.0,21.7,188.6,9.8,16.9,2.0,12.0,36.97185116666667,-122.03937766666668,22.4,0.62,21.767,38.73
2026-09-07 15:40:12.444091,0.48284912109375,0.51776123046875,0.486328125,0.5120849609375,0.08984375,0.0,0.0859375,-0.009765625,-0.001953125,0.001953125,1292.0,21.1,188.6,10.2,16.9,2.0,12.0,36.97185116666667,-122.03937766666668,22.4,0.62,19.789,38.42
2026-09-07 15:40:12.541598,0.48187255859375,0.51885986328125,0.48516845703125,0.5130615234375,0.12109375,-0.1484375,0.19140625,0.005859375,0.0,0.005859375,1292.0,21.1,188.6,10.2,16.9,2.0,12.0,36.97192483333333,-122.03930416666668,22.4,0.62,19.789,38.42
2026-09-07 15:40:12.643613,0.48162841796875,0.5194091796875,0.48455810546875,0.51324462890625,-0.0390625,0.15234375,-0.2734375,-0.013671875,0.001953125,0.0,1269.5,21.1,188.6,10.6,16.9,2.0,12.0,36.97192483333333,-122.03930416666668,22.4,0.62,19.789,38.42
2026-09-07 15:40:12.742956,0.48126220703125,0.51983642578125,0.484130859375,0.51361083984375,0.12109375,-0.125,0.0390625,0.0,0.001953125,-0.001953125,1269.5,21.1,188.6,10.6,16.9,2.0,12.0,36.97192483333333,-122.03930416666668,22.4,0.62,19.789,38.42
2026-09-07 15:40:12.843350,0.480712890625,0.52020263671875,0.48382568359375,0.5140380859375,-0.1015625,-0.0625,0.046875,0.00390625,-0.001953125,-0.005859375,1242.0,20.5,188.6,11.0,16.9,2.0,12.0,36.97192483333333,-122.03930416666668,22.4,0.62,19.789,38.42
2026-09-07 15:40:12.943206,0.48028564453125,0.5205078125,0.4835205078125,0.514404296875,-0.18359375,0.19140625,0.1015625,0.0,0.001953125,0.0,1242.0,20.5,188.6,11.0,16.9,2.0,12.0,36.97192483333333,-122.03930416666668,22.4,0.62,19.789,38.42
2026-09-07 15:40:13.043228,0.47991943359375,0.520751953125,0.4832763671875,0.5146484375,0.19140625,-0.29296875,-0.421875,-0.005859375,0.00390625,-0.001953125,1217.0,19.9,188.6,11.0,16.9,2.0,12.0,36.97192483333333,-122.03930416666668,22.4,0.62,19.789,38.42
2026-09-07 15:40:13.142483,0.47967529296875,-1.4788818359375,0.48297119140625,0.514892578125,-0.01953125,-0.35546875,-0.09765625,-0.259765625,-0.005859375,0.009765625,1217.0,19.9,188.6,11.0,16.9,2.0,12.0,36.97192483333333,-122.03930416666668,22.4,0.62,19.789,38.42
2026-09-07 15:40:13.243602,0.47894287109375,0.5213623046875,0.4825439453125,0.515625,-0.48828125,0.796875,-0.7734375,0.001953125,0.0,-0.013671875,1236.5,19.3,188.6,11.0,16.9,2.0,12.0,36.97192483333333,-122.03930416666668,22.4,0.62,19.789,38.42
2026-09-07 15:40:13.343479,0.47833251953125,0.5220947265625,0.48175048828125,0.51629638671875,-0.984375,0.3828125,-0.09765625,-0.0078125,-0.001953125,-0.001953125,1236.5,19.3,188.6,11.0,16.9,2.0,12.0,36.97192483333333,-122.03930416666668,22.4,0.62,19.789,38.42
2026-09-07 15:40:13.443860,0.47760009765625,0.52252197265625,0.48138427734375,0.51690673828125,-0.421875,0.3515625,-0.2109375,0.0,0.0,-0.0078125,1313.25,18.6,188.6,10.6,16.9,2.0,12.0,36.97192483333333,-122.03930416666668,22.4,0.62,17.809,37.9
2026-09-07 15:40:13.543718,0.47698974609375,0.52294921875,0.48089599609375,0.51739501953125,0.09375,0.16015625,-0.2109375,-0.009765625,0.001953125,-0.005859375,1313.25,18.6,188.6,10.6,16.9,2.0,12.0,36.97199183333333,-122.03923933333331,22.2,0.62,17.809,37.9
2026-09-07 15:40:13.644880,0.47650146484375,0.5234375,0.48046875,0.517822265625,-0.06640625,-0.015625,0.171875,0.00390625,-0.001953125,0.00390625,1387.5,18.0,188.6,9.8,17.3,2.0,12.0,36.97199183333333,-122.03923933333331,22.2,0.62,17.809,37.9
2026-09-07 15:40:13.744062,0.47625732421875,0.523681640625,0.4801025390625,0.51806640625,0.4296875,0.2578125,-0.01171875,-0.009765625,-0.00390625,0.005859375,1387.5,18.0,188.6,9.8,17.3,2.0,12.0,36.97199183333333,-122.03923933333331,22.2,0.62,17.809,37.9
2026-09-07 15:40:13.844968,0.475830078125,0.52386474609375,0.4798583984375,0.51849365234375,0.26953125,-0.0390625,0.171875,-0.005859375,0.0,0.0,1381.25,17.4,188.6,10.2,17.3,2.0,12.0,36.97199183333333,-122.03923933333331,22.2,0.62,17.809,37.9
2026-09-07 15:40:13.944094,0.47552490234375,0.52410888671875,0.4796142578125,0.518798828125,0.0234375,0.203125,-0.12109375,-0.013671875,0.001953125,0.01171875,1381.25,17.4,188.6,10.2,17.3,2.0,12.0,36.97199183333333,-122.03923933333331,22.2,0.62,17.809,37.9
2026-09-07 15:40:14.043928,0.47515869140625,0.524169921875,0.4796142578125,0.51910400390625,0.046875,-0.30859375,0.1015625,-0.00390625,-0.001953125,0.00390625,1330.25,16.8,188.6,10.6,16.9,2.0,12.0,36.97199183333333,-122.03923933333331,22.2,0.62,17.809,37.9
2026-09-07 15:40:14.144070,0.47430419921875,0.525146484375,0.4786376953125,0.51983642578125,0.09765625,-0.046875,-0.12890625,-0.00390625,0.00390625,0.009765625,1330.25,16.8,188.6,10.6,16.9,2.0,12.0,36.97199183333333,-122.03923933333331,22.2,0.62,17.809,37.9
2026-09-07 15:40:14.244208,0.47247314453125,0.5274658203125,0.476318359375,0.521240234375,-0.078125,0.19140625,-0.2734375,-0.0078125,0.009765625,0.001953125,1275.0,16.2,188.6,11.0,16.9,2.0,12.0,36.97199183333333,-122.03923933333331,22.2,0.62,17.809,37.9
2026-09-07 15:40:14.343733,0.47125244140625,0.52874755859375,0.4754638671875,0.52178955078125,-0.1171875,-0.19921875,0.01953125,0.0,0.013671875,-0.00390625,1275.0,16.2,188.6,11.0,16.9,2.0,12.0,36.97199183333333,-122.03923933333331,22.2,0.62,17.809,37.9
2026-09-07 15:40:14.444876,0.470458984375,0.53021240234375,0.4747314453125,0.521728515625,0.015625,-0.1171875,-0.1328125,-0.005859375,0.017578125,-0.005859375,1223.25,15.5,188.6,11.0,16.9,2.0,12.0,36.97199183333333,-122.03923933333331,22.2,0.62,14.951,38.6
2026-09-07 15:40:14.544413,0.46978759765625,0.5318603515625,0.47393798828125,0.52130126953125,-0.0546875,0.0078125,-0.0625,0.005859375,0.02734375,-0.001953125,1223.25,15.5,188.6,11.0,16.9,2.0,12.0,36.97204933333333,-122.03918183333332,22.3,0.62,14.951,38.6
2026-09-07 15:40:14.644864,0.46929931640625,0.5335693359375,0.4736328125,0.520263671875,0.17578125,0.10546875,-0.46875,0.009765625,0.0390625,0.0078125,1164.0,14.9,188.6,11.8,16.9,2.0,12.0,36.97204933333333,-122.03918183333332,22.3,0.62,14.951,38.6
2026-09-07 15:40:14.744773,0.4688720703125,0.53533935546875,0.473876953125,0.5186767578125,0.0,0.05078125,-0.3671875,0.00390625,0.048828125,0.001953125,1164.0,14.9,188.6,11.8,16.9,2.0,12.0,36.97204933333333,-122.03918183333332,22.3,0.62,14.951,38.6
2026-09-07 15:40:14.844668,0.4681396484375,0.53717041015625,0.47454833984375,0.516845703125,-0.015625,0.05078125,-0.2578125,0.009765625,0.05859375,0.0,1105.25,14.3,188.6,12.5,16.5,2.0,12.0,36.97204933333333,-122.03918183333332,22.3,0.62,14.951,38.6
2026-09-07 15:40:14.945214,0.46722412109375,0.53936767578125,0.47540283203125,0.5145263671875,-0.171875,0.05859375,-0.22265625,0.01171875,0.0859375,0.005859375,1105.25,14.3,188.6,12.5,16.5,2.0,12.0,36.97204933333333,-122.03918183333332,22.3,0.62,14.951,38.6
2026-09-07 15:40:15.044403,0.466064453125,0.5419921875,0.47686767578125,0.511474609375,-0.00390625,0.01171875,-0.36328125,0.025390625,0.103515625,0.01171875,1050.75,13.7,188.6,13.3,16.5,2.0,12.0,36.97204933333333,-122.03918183333332,22.3,0.62,14.951,38.6
2026-09-07 15:40:15.145138,0.46478271484375,0.54534912109375,0.4786376953125,0.50738525390625,-0.03515625,0.390625,-0.70703125,0.0234375,0.126953125,0.013671875,1050.75,13.7,188.6,13.3,16.5,2.0,12.0,36.97204933333333,-122.03918183333332,22.3,0.62,14.951,38.6
2026-09-07 15:40:15.245255,0.462890625,0.54913330078125,0.4810791015625,0.50274658203125,-0.5703125,2.45703125,-1.734375,-0.005859375,0.150390625,0.0078125,997.5,13.0,188.6,14.1,16.5,2.0,12.0,36.97204933333333,-122.03918183333332,22.3,0.62,14.951,38.6
2026-09-07 15:40:15.347355,0.4595947265625,0.5518798828125,0.48583984375,0.4981689453125,-0.76953125,2.640625,-1.08984375,-0.115234375,0.171875,0.072265625,997.5,13.0,188.6,14.1,16.5,2.0,12.0,36.97204933333333,-122.03918183333332,22.3,0.62,14.951,38.6
2026-09-07 15:40:15.543555,0.45343017578125,0.5523681640625,0.50244140625,0.4866943359375,0.53515625,-0.90625,0.78515625,0.02734375,0.19140625,0.1171875,953.75,12.4,188.6,15.3,16.1,2.0,12.0,36.9720985,-122.0391385,22.4,0.62,12.15,34.35
2026-09-07 15:40:15.643187,0.453125,0.55621337890625,0.5079345703125,0.476806640625,0.890625,-2.07421875,0.10546875,0.095703125,0.23046875,0.06640625,941.25,12.4,188.6,15.7,16.1,2.0,12.0,36.9720985,-122.0391385,22.4,0.62,12.15,34.35
2026-09-07 15:40:15.743807,0.45166015625,0.56280517578125,0.51177978515625,0.46624755859375,1.6875,-1.68359375,-1.171875,0.095703125,0.24609375,0.015625,941.25,12.4,188.6,15.7,16.1,2.0,12.0,36.9720985,-122.0391385,22.4,0.62,12.15,34.35
2026-09-07 15:40:15.843235,0.44775390625,0.57073974609375,0.514892578125,0.45684814453125,1.3359375,-1.7734375,-0.83984375,0.0625,0.255859375,-0.03125,917.0,11.8,188.6,16.5,16.1,2.0,12.0,36.9720985,-122.0391385,22.4,0.62,12.15,34.35
2026-09-07 15:40:15.943226,0.44189453125,0.57940673828125,0.517333984375,0.44879150390625,2.515625,-0.5390625,-1.71875,0.01953125,0.2578125,-0.130859375,917.0,11.8,188.6,16.5,16.1,2.0,12.0,36.9720985,-122.0391385,22.4,0.62,12.15,34.35
2026-09-07 15:40:16.043463,0.4329833984375,0.5821533203125,0.51824951171875,0.4425048828125,1.59765625,0.21875,-0.875,0.02734375,0.291015625,-0.1875,909.25,11.2,188.6,16.9,16.1,2.0,12.0,36.9720985,-122.0391385,22.4,0.62,12.15,34.35
2026-09-07 15:40:16.265683,0.4049072265625,0.62200927734375,0.52789306640625,0.412841796875,-0.84375,2.2734375,0.08203125,-0.015625,0.326171875,0.03515625,932.75,11.2,188.6,16.9,16.5,2.0,12.0,36.9720985,-122.0391385,22.4,0.62,12.15,34.35
2026-09-07 15:40:16.363626,0.40020751953125,0.6270751953125,0.535400390625,0.39990234375,-0.02734375,1.015625,0.05859375,-0.00390625,0.298828125,0.09765625,1063.25,11.8,188.6,25.1,18.0,2.0,12.0,36.9720985,-122.0391385,22.4,0.62,10.867,17.14
2026-09-07 15:40:16.456695,0.3984375,0.62945556640625,0.53900146484375,0.39312744140625,0.265625,-0.84375,-0.1875,0.009765625,0.298828125,0.09765625,1063.25,11.8,188.6,25.1,18.0,2.0,12.0,36.9720985,-122.0391385,22.4,0.62,10.867,17.14
2026-09-07 15:40:16.562622,0.39508056640625,0.62689208984375,0.5457763671875,0.37841796875,0.7265625,-1.54296875,-0.0859375,0.048828125,0.322265625,0.10546875,1173.25,11.8,188.6,25.1,20.4,2.0,12.0,36.9721465,-122.03911333333332,22.2,0.63,10.867,17.14
2026-09-07 15:40:16.656942,0.39068603515625,0.64056396484375,0.55279541015625,0.36260986328125,0.3984375,-0.65234375,-0.98046875,0.01953125,0.353515625,0.08984375,1173.25,11.8,188.6,25.1,20.4,2.0,12.0,36.9721465,-122.03911333333332,22.2,0.63,10.867,17.14
2026-09-07 15:40:16.764281,0.38482666015625,0.64776611328125,0.5643310546875,0.33740234375,0.390625,-0.29296875,-0.859375,0.0078125,0.349609375,0.10546875,1258.5,11.8,188.6,25.5,20.4,2.0,12.0,36.9721465,-122.03911333333332,22.2,0.63,10.867,17.14
2026-09-07 15:40:16.861966,0.3817138671875,0.64910888671875,0.56884765625,0.33062744140625,0.64453125,0.7421875,-1.3203125,-0.06640625,0.326171875,0.0625,1258.5,11.8,188.6,25.5,20.4,2.0,12.0,36.9721465,-122.03911333333332,22.2,0.63,10.867,17.14
2026-09-07 15:40:16.962113,0.37225341796875,0.6505126953125,0.57952880859375,0.32000732421875,0.94140625,0.6015625,-0.44140625,-0.130859375,0.349609375,0.005859375,1311.5,11.8,188.6,25.1,20.4,2.0,12.0,36.9721465,-122.03911333333332,22.2,0.63,10.867,17.14
2026-09-07 15:40:17.061179,0.35986328125,0.65435791015625,0.58935546875,0.30828857421875,-0.015625,0.203125,0.5234375,-0.05859375,0.4140625,-0.017578125,1311.5,11.8,188.6,25.1,20.4,2.0,12.0,36.9721465,-122.03911333333332,22.2,0.63,10.867,17.14
2026-09-07 15:40:17.162450,0.343017578125,0.66253662109375,0.60101318359375,0.2867431640625,-0.41015625,-0.265625,0.76953125,-0.017578125,0.41015625,0.021484375,1344.5,11.8,188.6,23.9,20.4,2.0,12.0,36.9721465,-122.03911333333332,22.2,0.63,10.867,17.14
2026-09-07 15:40:17.263020,0.3349609375,0.66766357421875,0.60687255859375,0.2716064453125,-0.00390625,-0.72265625,0.1015625,0.017578125,0.36328125,0.041015625,1344.5,11.8,188.6,23.9,20.4,2.0,12.0,36.9721465,-122.03911333333332,22.2,0.63,10.867,17.14
2026-09-07 15:40:17.362893,0.32672119140625,0.67291259765625,0.6124267578125,0.25579833984375,0.24609375,-0.67578125,-0.54296875,0.017578125,0.37109375,0.01953125,1361.5,11.8,188.6,23.9,20.8,2.0,12.0,36.9721465,-122.03911333333332,22.2,0.63,10.144,3.25
2026-09-07 15:40:17.462391,0.317138671875,0.67803955078125,0.61822509765625,0.23974609375,-0.859375,-0.1328125,0.0546875,0.021484375,0.3984375,0.021484375,1361.5,11.8,188.6,23.9,20.8,2.0,12.0,36.9721465,-122.03911333333332,22.2,0.63,10.144,3.25
2026-09-07 15:40:17.662799,0.3072509765625,0.6917724609375,0.6217041015625,0.201416015625,-0.6796875,1.0703125,0.16796875,0.166015625,0.353515625,0.1171875,1394.5,12.4,190.4,26.3,21.6,2.0,12.0,36.9721945,-122.03911016666666,22.1,0.63,10.144,3.25
2026-09-07 15:40:17.763405,0.30145263671875,0.69476318359375,0.62646484375,0.1844482421875,-0.3828125,0.390625,-0.76953125,0.046875,0.345703125,0.119140625,1464.75,12.4,190.4,26.3,22.4,2.0,12.0,36.9721945,-122.03911016666666,22.1,0.63,10.144,3.25
2026-09-07 15:40:17.973122,0.2879638671875,0.69769287109375,0.63604736328125,0.16058349609375,-0.171875,-1.45703125,-1.19921875,-0.05859375,0.40234375,0.060546875,1505.25,12.4,190.4,24.3,22.4,2.0,12.0,36.9721945,-122.03911016666666,22.1,0.63,10.144,3.25
2026-09-07 15:40:18.072368,0.27691650390625,0.6983642578125,0.64385986328125,0.14501953125,-1.01171875,-0.96875,0.140625,-0.048828125,0.404296875,0.060546875,1505.25,12.4,190.4,24.3,22.4,2.0,12.0,36.9721945,-122.03911016666666,22.1,0.63,10.144,3.25
2026-09-07 15:40:18.172944,0.26611328125,0.70184326171875,0.648193359375,0.12823486328125,-0.64453125,-0.03125,0.9140625,0.0859375,0.416015625,0.037109375,1529.5,12.4,190.4,25.1,22.7,2.0,12.0,36.9721945,-122.03911016666666,22.1,0.63,10.144,3.25
2026-09-07 15:40:18.272240,0.2542724609375,0.70751953125,0.64996337890625,0.1109619140625,-0.890625,0.640625,0.38671875,0.123046875,0.412109375,0.029296875,1529.5,12.4,190.4,25.1,22.7,2.0,12.0,36.9721945,-122.03911016666666,22.1,0.63,10.144,3.25
2026-09-07 15:40:18.491115,0.22955322265625,0.71875,0.65093994140625,-1.91644287109375,-1.6796875,1.4921875,-1.6640625,0.078125,0.35546875,-0.017578125,1475.75,13.0,190.4,26.7,23.5,2.0,12.0,36.9721945,-122.03911016666666,22.1,0.63,11.887,335.51
2026-09-07 15:40:18.583832,0.21795654296875,0.7205810546875,0.65447998046875,0.069580078125,-1.70703125,-0.390625,-0.28515625,-0.005859375,0.392578125,0.052734375,1521.0,13.0,190.4,28.6,23.5,2.0,12.0,36.97224366666666,-122.0391335,22.1,0.63,11.887,335.51
2026-09-07 15:40:18.684008,0.2066650390625,0.7215576171875,0.65863037109375,0.05377197265625,-1.29296875,0.07421875,-0.47265625,0.01171875,0.388671875,0.0703125,1521.0,13.0,190.4,28.6,23.5,2.0,12.0,36.97224366666666,-122.0391335,22.1,0.63,11.887,335.51
2026-09-07 15:40:18.782876,0.19647216796875,0.72259521484375,0.66168212890625,-1.9620361328125,-1.6640625,0.0078125,0.29296875,0.005859375,0.337890625,0.0625,1542.75,13.0,190.4,27.1,23.1,2.0,12.0,36.97224366666666,-122.0391335,22.1,0.63,11.887,335.51
2026-09-07 15:40:18.883244,0.18701171875,0.72320556640625,0.6644287109375,0.02398681640625,-1.51171875,0.3515625,0.46875,-0.0234375,0.3203125,0.04296875,1542.75,13.0,190.4,27.1,23.1,2.0,12.0,36.97224366666666,-122.0391335,22.1,0.63,11.887,335.51
2026-09-07 15:40:18.982726,0.1771240234375,0.72222900390625,-1.33154296875,0.01202392578125,-1.6953125,0.02734375,0.08984375,-0.095703125,0.322265625,0.013671875,1514.0,13.7,190.4,27.8,23.5,2.0,12.0,36.97224366666666,-122.0391335,22.1,0.63,11.887,335.51
2026-09-07 15:40:19.082958,0.16632080078125,0.721435546875,0.6722412109375,0.0013427734375,-1.08203125,-0.23046875,0.796875,0.01953125,0.291015625,0.009765625,1514.0,13.7,190.4,27.8,23.5,2.0,12.0,36.97224366666666,-122.0391335,22.1,0.63,11.887,335.51
2026-09-07 15:40:19.182922,-0.1568603515625,-0.7227783203125,-0.6729736328125,0.0091552734375,-1.625,0.3125,0.88671875,0.015625,0.255859375,0.029296875,1533.5,13.7,190.4,28.2,23.5,2.0,12.0,36.97224366666666,-122.0391335,22.1,0.63,11.887,335.51
2026-09-07 15:40:19.282746,-0.14886474609375,-0.723876953125,-0.67340087890625,0.01824951171875,-1.05078125,-0.109375,0.2421875,0.02734375,0.232421875,0.025390625,1533.5,13.7,190.4,28.2,23.5,2.0,12.0,36.97224366666666,-122.0391335,22.1,0.63,11.887,335.51
2026-09-07 15:40:19.383882,-0.14111328125,-0.72515869140625,-0.6734619140625,0.02642822265625,-0.91796875,-0.5234375,-0.046875,0.02734375,0.224609375,0.009765625,1544.5,13.7,,29.8,25.1,2.0,12.0,36.97224366666666,-122.0391335,22.1,0.63,12.312,316.69
2026-09-07 15:40:19.483966,-0.13336181640625,-0.72607421875,-0.6737060546875,0.03424072265625,-1.34765625,-0.30078125,0.2421875,-0.021484375,0.197265625,0.001953125,1544.5,13.7,,29.8,25.1,2.0,12.0,36.97224366666666,-122.0391335,22.1,0.63,12.312,316.69
2026-09-07 15:40:19.582912,-0.1263427734375,-0.7254638671875,-0.67535400390625,0.04071044921875,-1.67578125,0.47265625,1.3671875,-0.02734375,0.16796875,0.033203125,1544.5,13.7,,29.8,25.1,2.0,12.0,36.97228566666666,-122.03918016666668,21.8,0.63,12.312,316.69
2026-09-07 15:40:19.684144,-0.12164306640625,-0.7247314453125,-0.67657470703125,0.047119140625,-0.59765625,-0.1015625,0.8828125,-0.041015625,0.15234375,0.0390625,1544.5,13.7,,29.8,25.1,2.0,12.0,36.97228566666666,-122.03918016666668,21.8,0.63,12.312,316.69
2026-09-07 15:40:19.783563,-0.11712646484375,-0.7232666015625,-0.67852783203125,0.052978515625,-0.87109375,-0.33984375,1.77734375,-0.013671875,0.138671875,0.01953125,1577.25,14.3,190.4,29.8,25.1,2.0,12.0,36.97228566666666,-122.03918016666668,21.8,0.63,12.312,316.69
2026-09-07 15:40:19.984031,-0.108154296875,-0.72412109375,-0.67840576171875,0.06048583984375,-0.87109375,0.05078125,0.6640625,0.005859375,0.08984375,0.005859375,1590.5,14.3,190.4,29.4,25.1,2.0,12.0,36.97228566666666,-122.03918016666668,21.8,0.63,12.312,316.69
2026-09-07 15:40:20.084091,-0.10504150390625,-0.7237548828125,-0.67913818359375,0.06317138671875,-0.6484375,-0.8984375,0.97265625,0.0390625,0.08203125,0.01171875,1590.5,14.3,190.4,29.4,25.1,2.0,12.0,36.97228566666666,-122.03918016666668,21.8,0.63,12.312,316.69
2026-09-07 15:40:20.184148,-0.10205078125,-0.7242431640625,-0.67877197265625,0.06585693359375,-0.484375,0.40625,0.7109375,0.0078125,0.072265625,0.0,1525.0,14.9,190.4,31.4,26.3,2.0,12.0,36.97228566666666,-122.03918016666668,21.8,0.63,12.312,316.69
2026-09-07 15:40:20.284113,-0.09869384765625,-0.72442626953125,-0.67889404296875,0.06744384765625,-0.8125,-0.0546875,1.765625,-0.001953125,0.048828125,0.005859375,1525.0,14.9,190.4,31.4,26.3,2.0,12.0,36.97228566666666,-122.03918016666668,21.8,0.63,12.312,316.69
2026-09-07 15:40:20.382428,-0.09619140625,-0.7247314453125,-0.6788330078125,0.06854248046875,-0.98046875,-0.515625,0.5703125,-0.25390625,0.04296875,0.01171875,1454.5,14.9,190.4,38.0,27.5,2.0,12.0,36.97228566666666,-122.03918016666668,21.8,0.63,13.253,311.66
2026-09-07 15:40:20.484594,-0.09417724609375,-0.724853515625,-0.6788330078125,0.06976318359375,-0.8046875,0.10546875,0.41796875,-0.02734375,0.04296875,-0.001953125,1454.5,14.9,190.4,38.0,27.5,2.0,12.0,36.97228566666666,-122.03918016666668,21.8,0.63,13.253,311.66
2026-09-07 15:40:20.582204,-0.0911865234375,-0.72430419921875,-0.679931640625,0.0693359375,-0.4765625,-0.046875,0.4609375,0.001953125,0.025390625,-0.02734375,1425.0,15.5,190.4,43.9,31.0,2.0,12.0,36.97232516666666,-122.03923616666668,21.8,0.63,13.253,311.66
2026-09-07 15:40:20.682018,-0.08837890625,-0.72344970703125,-0.6812744140625,0.06817626953125,-0.15234375,-0.4296875,-0.14453125,-0.05078125,0.025390625,-0.021484375,1425.0,15.5,190.4,43.9,31.0,2.0,12.0,36.97232516666666,-122.03923616666668,21.8,0.63,13.253,311.66
2026-09-07 15:40:20.782080,-0.08551025390625,-0.72125244140625,-0.68414306640625,0.066650390625,-0.85546875,0.296875,1.8203125,-0.037109375,0.0078125,-0.001953125,1432.75,15.5,190.4,46.7,29.8,2.0,12.0,36.97232516666666,-122.03923616666668,21.8,0.63,13.253,311.66
2026-09-07 15:40:20.882216,-0.0841064453125,-0.72003173828125,-0.6856689453125,0.065673828125,-0.625,0.14453125,1.65234375,-0.009765625,0.005859375,0.044921875,1432.75,15.5,190.4,46.7,29.8,2.0,12.0,36.97232516666666,-122.03923616666668,21.8,0.63,13.253,311.66
2026-09-07 15:40:21.096680,-0.083740234375,-0.7205810546875,-0.68511962890625,0.066162109375,0.078125,-0.57421875,0.515625,0.017578125,-0.00390625,0.0,1410.0,16.2,190.4,47.5,31.0,2.0,12.0,36.97232516666666,-122.03923616666668,21.8,0.63,13.253,311.66
2026-09-07 15:40:21.184929,-0.08123779296875,-0.719482421875,-0.686767578125,0.06365966796875,-0.74609375,-0.30078125,1.16015625,0.00390625,-0.013671875,0.037109375,1419.5,16.8,190.4,45.9,29.4,2.0,12.0,36.97232516666666,-122.03923616666668,21.8,0.63,13.253,311.66
2026-09-07 15:40:21.504039,-0.07232666015625,-0.71551513671875,-0.69244384765625,0.05780029296875,-0.1015625,-0.0625,0.94140625,-0.013671875,0.021484375,-0.01953125,1400.0,16.8,190.4,42.7,25.9,2.0,12.0,36.97236733333333,-122.0392975,22.0,0.65,14.52,309.92
2026-09-07 15:40:21.603176,-0.0714111328125,-0.71502685546875,-0.69305419921875,0.0574951171875,-1.2734375,0.93359375,0.56640625,-0.005859375,0.005859375,-0.009765625,1400.0,16.8,190.4,42.7,25.9,2.0,12.0,36.97236733333333,-122.0392975,22.0,0.65,14.52,309.92
2026-09-07 15:40:21.703660,-0.0709228515625,-0.71563720703125,-0.69244384765625,0.05816650390625,-0.99609375,0.3984375,0.2890625,0.025390625,0.017578125,0.017578125,1406.25,17.4,190.4,40.8,25.5,2.0,12.0,36.97236733333333,-122.0392975,22.0,0.65,14.52,309.92
2026-09-07 15:40:21.804568,-0.0687255859375,-0.7149658203125,-0.69342041015625,0.05694580078125,-1.2734375,0.703125,0.71875,0.0546875,0.005859375,0.041015625,1406.25,17.4,190.4,40.8,25.5,2.0,12.0,36.97236733333333,-122.0392975,22.0,0.65,14.52,309.92
2026-09-07 15:40:21.904266,-0.06634521484375,-0.7132568359375,-0.69549560546875,0.055908203125,-0.8828125,1.01953125,-0.890625,-0.013671875,0.01171875,0.0234375,1392.0,17.4,190.4,37.6,23.9,2.0,12.0,36.97236733333333,-122.0392975,22.0,0.65,14.52,309.92
2026-09-07 15:40:22.004776,-0.06298828125,-0.71209716796875,-0.69708251953125,0.05511474609375,0.03125,-1.5,0.78125,-0.005859375,0.041015625,-0.025390625,1392.0,17.4,190.4,37.6,23.9,2.0,12.0,36.97236733333333,-122.0392975,22.0,0.65,14.52,309.92
2026-09-07 15:40:22.104824,-0.0594482421875,-0.710693359375,-0.6988525390625,0.0545654296875,0.13671875,-0.3984375,0.48046875,0.01171875,0.03515625,-0.01171875,1393.75,17.4,190.4,34.9,23.9,2.0,12.0,36.97236733333333,-122.0392975,22.0,0.65,14.52,309.92
2026-09-07 15:40:22.205808,-0.05645751953125,-0.709716796875,-0.70013427734375,0.054443359375,-0.54296875,0.5703125,0.53515625,-0.0078125,0.05078125,-0.01953125,1393.75,17.4,190.4,34.9,23.9,2.0,12.0,36.97236733333333,-122.0392975,22.0,0.65,14.52,309.92
2026-09-07 15:40:22.305909,-0.05426025390625,-0.70880126953125,-0.70123291015625,0.054443359375,-0.05859375,0.13671875,-0.09375,-0.001953125,0.029296875,-0.01171875,1425.0,18.0,190.4,32.9,23.5,2.0,12.0,36.97236733333333,-122.0392975,22.0,0.65,14.52,309.92
2026-09-07 15:40:22.405472,-0.05059814453125,-0.70526123046875,-0.70513916015625,0.05279541015625,-0.7421875,0.58984375,0.59375,-0.033203125,0.02734375,-0.001953125,1425.0,18.0,190.4,32.9,23.5,2.0,12.0,36.97236733333333,-122.0392975,22.0,0.65,15.603,306.58
2026-09-07 15:40:22.506163,-0.0482177734375,-0.7032470703125,-0.70733642578125,0.052734375,-0.21875,0.3671875,0.79296875,-0.015625,0.029296875,0.0390625,1426.5,18.0,190.4,30.6,23.1,2.0,12.0,36.97240983333333,-122.039367,22.5,0.63,15.603,306.58
2026-09-07 15:40:22.605867,-0.04608154296875,-0.70245361328125,-0.708251953125,0.052490234375,0.1796875,-0.66796875,-0.14453125,-0.001953125,0.0234375,0.00390625,1426.5,18.0,190.4,30.6,23.1,2.0,12.0,36.97240983333333,-122.039367,22.5,0.63,15.603,306.58
2026-09-07 15:40:22.705681,-0.04510498046875,-0.70281982421875,-0.70794677734375,0.0526123046875,-0.6171875,0.63671875,0.70703125,0.0234375,0.01953125,0.01171875,1437.5,18.0,190.4,29.4,23.1,2.0,12.0,36.97240983333333,-122.039367,22.5,0.63,15.603,306.58
2026-09-07 15:40:22.806221,-0.04400634765625,-0.70269775390625,-0.70819091796875,0.05230712890625,0.00390625,-0.28515625,0.26171875,0.029296875,0.00390625,0.025390625,1437.5,18.0,190.4,29.4,23.1,2.0,12.0,36.97240983333333,-122.039367,22.5,0.63,15.603,306.58
2026-09-07 15:40:22.905740,-0.04241943359375,-0.7017822265625,-0.70928955078125,0.05120849609375,-0.41796875,-0.17578125,-0.2265625,-0.017578125,0.0078125,-0.009765625,1447.5,18.0,190.4,29.4,23.1,2.0,12.0,36.97240983333333,-122.039367,22.5,0.63,15.603,306.58
2026-09-07 15:40:23.005322,-0.040283203125,-0.70062255859375,-0.710693359375,0.04937744140625,-0.71484375,0.29296875,-0.48046875,-0.00390625,0.0078125,-0.060546875,1447.5,18.0,190.4,29.4,23.1,2.0,12.0,36.97240983333333,-122.039367,22.5,0.63,15.603,306.58
2026-09-07 15:40:23.105469,-0.03839111328125,-0.7000732421875,-0.71148681640625,0.0550537109375,-0.76171875,-0.0625,1.07421875,-0.005859375,-0.001953125,-0.01953125,1457.75,18.0,190.4,30.6,23.9,2.0,12.0,36.97240983333333,-122.039367,22.5,0.63,15.603,306.58
2026-09-07 15:40:23.205881,1.96295166015625,-0.700439453125,-0.71124267578125,0.0460205078125,-0.8828125,-0.16796875,0.5234375,0.052734375,-0.00390625,-0.01953125,1457.75,18.0,190.4,30.6,23.9,2.0,12.0,36.97240983333333,-122.039367,22.5,0.63,15.603,306.58
2026-09-07 15:40:23.306451,-0.037353515625,-0.70068359375,-0.7110595703125,0.04547119140625,-0.80078125,0.40625,0.1796875,0.02734375,-0.015625,0.029296875,1496.0,18.6,190.4,31.0,24.3,2.0,12.0,36.97240983333333,-122.039367,22.5,0.63,15.603,306.58
2026-09-07 15:40:23.405705,-0.03826904296875,-0.700927734375,-0.71075439453125,0.04510498046875,-0.4609375,0.828125,0.37109375,0.03515625,-0.017578125,0.029296875,1496.0,18.6,190.4,31.0,24.3,2.0,12.0,36.97240983333333,-122.039367,22.5,0.63,16.151,308.74
2026-09-07 15:40:23.506118,-0.0382080078125,-0.697998046875,-0.7137451171875,-1.955810546875,0.42578125,-0.4765625,-0.55859375,-0.083984375,-0.01171875,0.01171875,1495.25,18.6,190.4,32.2,25.1,2.0,12.0,36.972455833333335,-122.03943916666668,22.7,0.62,16.151,308.74
2026-09-07 15:40:23.605546,-0.03662109375,-0.6949462890625,-0.71685791015625,0.04248046875,0.58203125,-0.3984375,0.55078125,-0.072265625,-0.001953125,-0.017578125,1495.25,18.6,190.4,32.2,25.1,2.0,12.0,36.972455833333335,-122.03943916666668,22.7,0.62,16.151,308.74
2026-09-07 15:40:23.703808,-0.0352783203125,-0.6937255859375,-0.71820068359375,0.04095458984375,0.2734375,-0.16015625,0.6875,-0.03125,0.0,-0.044921875,1495.25,18.6,190.4,32.2,25.1,2.0,12.0,36.972455833333335,-122.03943916666668,22.7,0.62,16.151,308.74
2026-09-07 15:40:23.802417,-0.033203125,-0.6925048828125,-0.71966552734375,0.03778076171875,-0.51953125,-0.7265625,0.83203125,0.041015625,-0.017578125,-0.01953125,1508.5,18.6,192.2,32.5,25.1,2.0,12.0,36.972455833333335,-122.03943916666668,22.7,0.62,16.151,308.74
2026-09-07 15:40:23.903538,-0.031982421875,-0.6943359375,-0.718017578125,0.03582763671875,-0.19140625,0.11328125,-1.38671875,0.072265625,-0.013671875,-0.021484375,1508.5,18.6,192.2,32.5,25.1,2.0,12.0,36.972455833333335,-122.03943916666668,22.7,0.62,16.151,308.74
2026-09-07 15:40:24.002131,-0.03155517578125,-0.6949462890625,-0.717529296875,0.0340576171875,-0.7109375,1.00390625,-0.94921875,0.02734375,-0.0234375,-0.009765625,1521.75,19.3,190.4,32.5,25.1,2.0,12.0,36.972455833333335,-122.03943916666668,22.7,0.62,16.151,308.74
2026-09-07 15:40:24.221603,-0.03179931640625,-0.69146728515625,-0.720947265625,0.032958984375,-0.16015625,0.97265625,0.234375,-0.056640625,0.005859375,0.005859375,1548.25,19.3,192.2,32.9,25.1,2.0,12.0,36.972455833333335,-122.03943916666668,22.7,0.62,16.151,308.74
2026-09-07 15:40:24.320903,-0.03253173828125,-0.69158935546875,-0.72076416015625,0.033935546875,0.0859375,-0.375,-1.41015625,-0.01953125,0.0078125,0.03515625,1567.75,19.3,192.2,31.4,25.5,2.0,12.0,36.972455833333335,-122.03943916666668,22.7,0.62,16.151,308.74
2026-09-07 15:40:24.422946,-0.0333251953125,-0.69171142578125,-0.7205810546875,0.03436279296875,0.54296875,-0.51953125,0.09765625,0.025390625,-0.009765625,0.0,1567.75,19.3,192.2,31.4,25.5,2.0,12.0,36.972455833333335,-122.03943916666668,22.7,0.62,16.903,303.59
2026-09-07 15:40:24.520747,-0.03265380859375,-0.6920166015625,-0.72039794921875,0.03326416015625,-0.07421875,-0.0625,-0.0390625,-0.025390625,0.009765625,-0.05078125,1557.75,19.9,192.2,30.2,25.1,2.0,12.0,36.97249966666666,-122.03951866666668,23.5,0.63,16.903,303.59
2026-09-07 15:40:24.620794,-0.0308837890625,-0.69091796875,-0.7215576171875,0.0316162109375,-0.3515625,-0.21484375,1.5703125,0.013671875,0.01171875,-0.033203125,1557.75,19.9,192.2,30.2,25.1,2.0,12.0,36.97249966666666,-122.03951866666668,23.5,0.63,16.903,303.59
2026-09-07 15:40:24.722953,-0.029052734375,-0.69134521484375,-0.72125244140625,0.03057861328125,-0.51171875,1.48046875,0.48046875,0.0546875,-0.009765625,-0.013671875,1591.25,19.9,192.2,29.0,24.3,2.0,12.0,36.97249966666666,-122.03951866666668,23.5,0.63,16.903,303.59
2026-09-07 15:40:24.821383,-0.02801513671875,-0.6917724609375,-0.720947265625,0.02972412109375,-0.34375,0.24609375,-0.19140625,0.02734375,-0.015625,0.052734375,1591.25,19.9,192.2,29.0,24.3,2.0,12.0,36.97249966666666,-122.03951866666668,23.5,0.63,16.903,303.59
2026-09-07 15:40:24.922221,-0.029296875,-0.69268798828125,-0.72003173828125,0.0302734375,-0.24609375,-0.55859375,-0.78125,-0.0390625,-0.0078125,0.021484375,1599.0,19.9,192.2,25.9,22.4,2.0,12.0,36.97249966666666,-122.03951866666668,23.5,0.63,16.903,303.59
2026-09-07 15:40:25.020759,-0.02960205078125,-0.69134521484375,-0.7213134765625,0.0302734375,-0.8671875,-0.046875,0.81640625,0.009765625,-0.00390625,0.00390625,1599.0,19.9,192.2,25.9,22.4,2.0,12.0,36.97249966666666,-122.03951866666668,23.5,0.63,16.903,303.59
2026-09-07 15:40:25.121856,-0.02947998046875,-0.69158935546875,-0.7210693359375,0.03021240234375,-0.71875,-0.12890625,0.63671875,0.060546875,-0.001953125,0.013671875,1598.25,20.5,192.2,22.0,23.1,2.0,12.0,36.97249966666666,-122.03951866666668,23.5,0.63,16.903,303.59
2026-09-07 15:40:25.221470,-0.02978515625,-0.69329833984375,-0.71942138671875,0.03045654296875,-0.18359375,-0.859375,0.0625,0.029296875,0.001953125,-0.013671875,1598.25,20.5,192.2,22.0,23.1,2.0,12.0,36.97249966666666,-122.03951866666668,23.5,0.63,16.903,303.59
2026-09-07 15:40:25.321978,-0.02947998046875,-0.69384765625,-0.7188720703125,0.0299072265625,-0.3828125,0.0625,0.03125,-0.029296875,-0.01171875,0.005859375,1617.75,20.5,192.2,20.8,22.7,2.0,12.0,36.97249966666666,-122.03951866666668,23.5,0.63,16.903,303.59
2026-09-07 15:40:25.421551,-0.03021240234375,-0.69244384765625,-0.72021484375,0.02972412109375,0.27734375,-0.08984375,-0.69921875,-0.04296875,-0.00390625,-0.01171875,1617.75,20.5,192.2,20.8,22.7,2.0,12.0,36.97249966666666,-122.03951866666668,23.5,0.63,17.602,313.02
2026-09-07 15:40:25.522523,-0.02960205078125,-0.69000244140625,-0.72259521484375,0.029296875,-0.61328125,-0.08984375,1.09375,-0.02734375,0.01953125,-0.03515625,1627.25,20.5,192.2,20.4,22.7,2.0,12.0,36.9725525,-122.0395935,24.2,0.65,17.602,313.02
2026-09-07 15:40:25.623490,-0.02783203125,-0.68890380859375,-0.7237548828125,0.02862548828125,-0.52734375,0.0234375,-0.171875,-0.01953125,0.251953125,0.01171875,1627.25,20.5,192.2,20.4,22.7,2.0,12.0,36.9725525,-122.0395935,24.2,0.65,17.602,313.02
2026-09-07 15:40:25.720836,-0.02777099609375,-0.68853759765625,-0.72412109375,0.0284423828125,0.8515625,0.33203125,-0.29296875,0.001953125,-0.01171875,-0.01953125,1652.25,20.5,192.2,20.0,22.7,2.0,12.0,36.9725525,-122.0395935,24.2,0.65,17.602,313.02
2026-09-07 15:40:25.824046,-0.027587890625,-0.6885986328125,-0.72412109375,0.02764892578125,0.1875,-0.859375,0.19140625,0.03125,-0.013671875,-0.029296875,1652.25,20.5,192.2,20.0,22.7,2.0,12.0,36.9725525,-122.0395935,24.2,0.65,17.602,313.02
2026-09-07 15:40:25.924195,-0.0272216796875,-0.68902587890625,-0.72369384765625,0.0269775390625,-0.609375,1.1796875,-0.4921875,0.029296875,-0.01171875,-0.0078125,1646.75,20.5,192.2,19.6,22.7,2.0,12.0,36.9725525,-122.0395935,24.2,0.65,17.602,313.02
2026-09-07 15:40:26.023548,-0.0272216796875,-0.68939208984375,-0.723388671875,0.0264892578125,-0.88671875,-0.3125,-0.61328125,-0.009765625,0.0,-0.03515625,1646.75,20.5,192.2,19.6,22.7,2.0,12.0,36.9725525,-122.0395935,24.2,0.65,17.602,313.02
2026-09-07 15:40:26.234400,-0.0262451171875,-0.687744140625,-0.72503662109375,0.02545166015625,-0.12109375,1.91015625,-0.72265625,-0.037109375,0.009765625,0.015625,1658.5,21.1,192.2,17.6,21.6,2.0,12.0,36.9725525,-122.0395935,24.2,0.65,17.602,313.02
2026-09-07 15:40:26.322699,-0.02679443359375,-0.68670654296875,-0.7259521484375,0.0263671875,0.28515625,-0.58203125,-0.70703125,0.013671875,-0.00390625,0.0,1664.0,21.1,192.2,16.9,20.4,2.0,12.0,36.9725525,-122.0395935,24.2,0.65,17.602,313.02
2026-09-07 15:40:26.423490,-0.02667236328125,-0.68719482421875,-0.72552490234375,0.026123046875,-0.81640625,1.6484375,-0.41796875,0.015625,-0.013671875,0.025390625,1664.0,21.1,192.2,16.9,20.4,2.0,12.0,36.9725525,-122.0395935,24.2,0.65,18.6,309.83
2026-09-07 15:40:26.523940,-0.02777099609375,-0.68743896484375,-0.7252197265625,0.02655029296875,-0.06640625,0.53125,-0.875,-0.03125,0.00390625,-0.013671875,1662.5,21.1,192.2,16.1,20.8,2.0,12.0,36.972608666666666,-122.03967366666669,24.0,0.63,18.6,309.83
2026-09-07 15:40:26.623513,-0.02752685546875,-0.68621826171875,-0.72637939453125,0.02587890625,-0.81640625,1.1796875,-0.33203125,-0.02734375,0.001953125,-0.03125,1662.5,21.1,192.2,16.1,20.8,2.0,12.0,36.972608666666666,-122.03967366666669,24.0,0.63,18.6,309.83
2026-09-07 15:40:26.723308,-0.02667236328125,-0.68505859375,-0.7275390625,0.02496337890625,-0.06640625,-0.65625,0.1796875,0.03515625,-0.001953125,0.01171875,1645.25,21.1,190.4,16.1,20.8,2.0,12.0,36.972608666666666,-122.03967366666669,24.0,0.63,18.6,309.83
2026-09-07 15:40:26.823300,-0.0263671875,-0.68560791015625,-0.72705078125,0.02490234375,-0.25,0.18359375,0.51953125,0.080078125,0.0,-0.04296875,1645.25,21.1,190.4,16.1,20.8,2.0,12.0,36.972608666666666,-122.03967366666669,24.0,0.63,18.6,309.83
2026-09-07 15:40:26.928582,-0.02447509765625,-0.68701171875,-0.72589111328125,0.02301025390625,-1.6875,-0.96484375,0.50390625,0.01953125,-0.013671875,-0.001953125,1669.5,21.1,190.4,15.7,20.8,2.0,12.0,36.972608666666666,-122.03967366666669,24.0,0.63,18.6,309.83
2026-09-07 15:40:27.027984,-0.02459716796875,-0.6868896484375,-0.72601318359375,0.0220947265625,-0.640625,1.1484375,0.734375,-0.02734375,-0.0078125,0.03515625,1669.5,21.1,190.4,15.7,20.8,2.0,12.0,36.972608666666666,-122.03967366666669,24.0,0.63,18.6,309.83
2026-09-07 15:40:27.128348,-0.02532958984375,-0.6859130859375,-0.7269287109375,0.0225830078125,-0.30078125,1.52734375,-0.5859375,-0.06640625,0.001953125,0.048828125,1687.5,21.1,190.4,15.7,20.4,2.0,12.0,36.972608666666666,-122.03967366666669,24.0,0.63,18.6,309.83
2026-09-07 15:40:27.228775,-0.026123046875,-0.6851806640625,-0.72747802734375,0.0233154296875,-0.1796875,-0.0078125,1.71875,0.013671875,-0.017578125,0.037109375,1687.5,21.1,190.4,15.7,20.4,2.0,12.0,36.972608666666666,-122.03967366666669,24.0,0.63,18.6,309.83
2026-09-07 15:40:27.329811,-0.02691650390625,-0.68603515625,-0.7266845703125,0.02301025390625,-1.0234375,-0.93359375,1.15234375,0.07421875,-0.025390625,0.0078125,1664.0,21.1,190.4,14.5,19.2,2.0,12.0,36.972608666666666,-122.03967366666669,24.0,0.63,18.6,309.83
2026-09-07 15:40:27.428928,-0.02691650390625,-0.6890869140625,-0.723876953125,0.02960205078125,-0.2890625,-0.390625,-0.00390625,0.017578125,-0.009765625,-0.0390625,1664.0,21.1,190.4,14.5,19.2,2.0,12.0,36.972608666666666,-122.03967366666669,24.0,0.63,18.918,314.3
2026-09-07 15:40:27.528588,-0.0264892578125,-0.68963623046875,-0.723388671875,0.02044677734375,-0.53125,1.05859375,-0.96484375,-0.005859375,-0.005859375,-0.00390625,1660.75,21.1,190.4,13.3,19.6,2.0,12.0,36.972669333333336,-122.03975266666669,23.8,0.63,18.918,314.3
2026-09-07 15:40:27.629269,-0.0267333984375,-0.68890380859375,-0.72412109375,0.0198974609375,-0.2109375,0.015625,-0.67578125,-0.01953125,-0.0078125,0.001953125,1660.75,21.1,190.4,13.3,19.6,2.0,12.0,36.972669333333336,-122.03975266666669,23.8,0.63,18.918,314.3
2026-09-07 15:40:27.729008,-0.02655029296875,-0.68768310546875,-0.7252197265625,0.01971435546875,-0.46875,-1.36328125,0.21875,0.01171875,0.0078125,0.00390625,1547.5,21.1,190.4,14.5,19.2,2.0,12.0,36.972669333333336,-122.03975266666669,23.8,0.63,18.918,314.3
2026-09-07 15:40:27.829485,-0.02581787109375,-0.68865966796875,-0.724365234375,0.027099609375,-0.4921875,0.20703125,-0.1171875,0.0234375,-0.01171875,0.001953125,1547.5,21.1,190.4,14.5,19.2,2.0,12.0,36.972669333333336,-122.03975266666669,23.8,0.63,18.918,314.3
2026-09-07 15:40:27.929745,-0.02490234375,-0.68988037109375,-0.7232666015625,0.01763916015625,-0.00390625,1.2421875,0.11328125,-0.015625,-0.009765625,-0.029296875,1439.0,21.1,190.4,15.7,18.8,2.0,12.0,36.972669333333336,-122.03975266666669,23.8,0.63,18.918,314.3
2026-09-07 15:40:28.029804,-0.024169921875,-0.68951416015625,-0.72369384765625,0.01593017578125,-0.69140625,0.16796875,-0.5,-0.05078125,-0.00390625,0.001953125,1439.0,21.1,190.4,15.7,18.8,2.0,12.0,36.972669333333336,-122.03975266666669,23.8,0.63,18.918,314.3
2026-09-07 15:40:28.129859,-0.0242919921875,-0.68798828125,-0.72515869140625,0.01544189453125,0.015625,-1.2578125,-0.59765625,-0.0078125,-0.001953125,0.046875,1345.25,21.1,190.4,17.6,18.4,2.0,12.0,36.972669333333336,-122.03975266666669,23.8,0.63,18.918,314.3
2026-09-07 15:40:28.229581,-0.02496337890625,-0.68792724609375,-0.7252197265625,0.01605224609375,0.7265625,-0.63671875,0.56640625,0.0546875,-0.001953125,-0.01953125,1345.25,21.1,190.4,17.6,18.4,2.0,12.0,36.972669333333336,-122.03975266666669,23.8,0.63,18.918,314.3
2026-09-07 15:40:28.337021,-0.024658203125,-0.68902587890625,-0.72412109375,0.01556396484375,0.23828125,-1.1328125,0.7890625,0.01953125,-0.01171875,-0.005859375,1307.75,21.1,190.4,16.9,18.4,2.0,12.0,36.972669333333336,-122.03975266666669,23.8,0.63,18.918,314.3
2026-09-07 15:40:28.428616,-0.024169921875,-0.68914794921875,-0.72406005859375,0.014404296875,-0.3828125,0.24609375,0.45703125,-0.0234375,-0.001953125,-0.017578125,1307.75,21.1,190.4,16.9,18.4,2.0,12.0,36.972669333333336,-122.03975266666669,23.8,0.63,18.947,310.77
2026-09-07 15:40:28.535974,-0.023681640625,-0.6878662109375,-0.72528076171875,0.01348876953125,-1.01953125,-0.7890625,-0.63671875,-0.05859375,0.009765625,-0.025390625,1296.75,21.1,190.4,17.6,18.4,2.0,12.0,36.97272816666667,-122.03983483333332,23.8,0.63,18.947,310.77
2026-09-07 15:40:28.629670,-0.02203369140625,-0.68634033203125,-0.726806640625,0.01214599609375,-0.90234375,-0.328125,-0.38671875,-0.00390625,0.005859375,0.0234375,1296.75,21.1,190.4,17.6,18.4,2.0,12.0,36.97272816666667,-122.03983483333332,23.8,0.63,18.947,310.77
2026-09-07 15:40:28.735428,-0.02166748046875,-0.68634033203125,-0.72686767578125,0.0120849609375,0.33203125,-0.4453125,0.7421875,0.001953125,-0.001953125,0.009765625,1297.5,21.1,190.4,17.3,18.4,2.0,12.0,36.97272816666667,-122.03983483333332,23.8,0.63,18.947,310.77
2026-09-07 15:40:28.829403,-0.0216064453125,-0.68646240234375,-0.72674560546875,0.01165771484375,-0.93359375,1.31640625,-0.0625,0.013671875,-0.01171875,0.025390625,1297.5,21.1,190.4,17.3,18.4,2.0,12.0,36.97272816666667,-122.03983483333332,23.8,0.63,18.947,310.77
2026-09-07 15:40:28.936495,-0.02252197265625,-0.687255859375,-0.7259521484375,0.01165771484375,-0.55078125,-0.03125,0.75,0.033203125,-0.01953125,0.064453125,1294.5,21.1,188.6,17.3,18.4,2.0,12.0,36.97272816666667,-122.03983483333332,23.8,0.63,18.947,310.77
2026-09-07 15:40:29.036113,-0.024169921875,-0.6884765625,-0.7247314453125,0.01214599609375,-0.24609375,0.15234375,0.17578125,-0.00390625,-0.00390625,-0.001953125,1294.5,21.1,188.6,17.3,18.4,2.0,12.0,36.97272816666667,-122.03983483333332,23.8,0.63,18.947,310.77
2026-09-07 15:40:29.128808,-0.02362060546875,-0.68829345703125,-0.7249755859375,0.01153564453125,-0.3671875,0.078125,-0.75390625,-0.076171875,0.009765625,-0.05859375,1279.5,21.1,188.6,17.3,18.4,2.0,12.0,36.97272816666667,-122.03983483333332,23.8,0.63,18.947,310.77
2026-09-07 15:40:29.235080,-0.02154541015625,-0.68585205078125,-0.72735595703125,0.00946044921875,0.3828125,-0.375,-1.17578125,-0.017578125,0.009765625,-0.01953125,1279.5,21.1,188.6,17.3,18.4,2.0,12.0,36.97272816666667,-122.03983483333332,23.8,0.63,18.947,310.77
2026-09-07 15:40:29.334996,-0.0196533203125,-0.6846923828125,-0.728515625,0.0081787109375,-1.58984375,0.7734375,1.078125,0.052734375,-0.001953125,0.021484375,1288.25,21.1,188.6,20.4,19.2,2.0,12.0,36.97272816666667,-122.03983483333332,23.8,0.63,18.947,310.77
2026-09-07 15:40:29.433947,-0.01983642578125,-0.68603515625,-0.72723388671875,0.0081787109375,-0.98046875,0.078125,1.078125,0.060546875,-0.017578125,0.03125,1288.25,21.1,188.6,20.4,19.2,2.0,12.0,36.97272816666667,-122.03983483333332,23.8,0.63,18.785,309.2
2026-09-07 15:40:29.535208,-0.0208740234375,-0.6878662109375,-0.72552490234375,0.0081787109375,0.1484375,-0.7734375,-0.53125,-0.0078125,-0.029296875,0.041015625,1281.25,21.1,188.6,20.8,18.8,2.0,12.0,36.97278383333333,-122.03991866666668,23.9,0.63,18.785,309.2
2026-09-07 15:40:29.634654,-0.02215576171875,-0.687744140625,-0.7255859375,0.00787353515625,0.796875,-0.19921875,-0.9609375,-0.017578125,-0.00390625,-0.013671875,1281.25,21.1,188.6,20.8,18.8,2.0,12.0,36.97278383333333,-122.03991866666668,23.9,0.63,18.785,309.2
2026-09-07 15:40:29.734631,-0.020263671875,-0.68597412109375,-0.72735595703125,0.00604248046875,-0.44140625,0.4140625,0.49609375,-0.025390625,0.017578125,-0.046875,1271.0,21.1,188.6,20.4,18.8,2.0,12.0,36.97278383333333,-122.03991866666668,23.9,0.63,18.785,309.2
2026-09-07 15:40:29.833745,-0.0191650390625,-0.685546875,-0.72772216796875,0.005615234375,-1.03125,-0.50390625,-0.171875,0.015625,0.009765625,0.0,1271.0,21.1,188.6,20.4,18.8,2.0,12.0,36.97278383333333,-122.03991866666668,23.9,0.63,18.785,309.2
2026-09-07 15:40:29.935265,-0.01922607421875,-0.68701171875,-0.72637939453125,0.0054931640625,-0.15234375,-1.69140625,-0.1875,0.03125,-0.009765625,0.029296875,1267.75,20.5,188.6,20.4,18.8,2.0,12.0,36.97278383333333,-122.03991866666668,23.9,0.63,18.785,309.2
2026-09-07 15:40:30.026143,-0.01934814453125,-0.6871337890625,-0.72625732421875,0.00518798828125,0.76953125,-0.0859375,-0.78515625,0.001953125,-0.0078125,-0.025390625,1267.75,20.5,188.6,20.4,18.8,2.0,12.0,36.97278383333333,-122.03991866666668,23.9,0.63,18.785,309.2
2026-09-07 15:40:30.132811,-0.01910400390625,-0.68707275390625,-0.726318359375,0.00439453125,-0.14453125,-1.578125,-0.33203125,0.04296875,-0.005859375,-0.015625,1268.75,21.1,188.6,20.8,18.8,2.0,12.0,36.97278383333333,-122.03991866666668,23.9,0.63,18.785,309.2
2026-09-07 15:40:30.226510,-0.01885986328125,-0.68780517578125,-0.72564697265625,0.00360107421875,-0.36328125,0.52734375,0.12109375,0.029296875,-0.0078125,0.0,1268.75,21.1,188.6,20.8,18.8,2.0,12.0,36.97278383333333,-122.03991866666668,23.9,0.63,18.785,309.2
2026-09-07 15:40:30.334425,-0.01904296875,-0.68817138671875,-0.72528076171875,0.0037841796875,-0.28125,0.3359375,0.3203125,-0.01953125,0.005859375,0.021484375,1273.25,21.1,188.6,20.4,18.8,2.0,12.0,36.97278383333333,-122.03991866666668,23.9,0.63,18.785,309.2
2026-09-07 15:40:30.432729,-0.0191650390625,-0.6883544921875,-0.72515869140625,0.0037841796875,0.38671875,-1.234375,0.328125,0.01953125,-0.00390625,0.013671875,1273.25,21.1,188.6,20.4,18.8,2.0,12.0,36.97278383333333,-122.03991866666668,23.9,0.63,18.789,309.51
2026-09-07 15:40:30.532701,-0.019287109375,-0.68792724609375,-0.72552490234375,0.0040283203125,1.2578125,-0.58203125,-0.60546875,-0.017578125,0.015625,0.01171875,1265.5,21.1,188.6,19.6,18.0,2.0,12.0,36.97283916666667,-122.04000233333332,23.7,0.62,18.789,309.51
2026-09-07 15:40:30.843457,-0.017333984375,-0.689208984375,-0.724365234375,0.00225830078125,0.37109375,1.87109375,-1.48046875,-0.087890625,0.01171875,-0.017578125,1253.0,20.5,188.6,13.7,17.6,2.0,12.0,36.97283916666667,-122.04000233333332,23.7,0.62,18.789,309.51
2026-09-07 15:40:30.943194,-0.016357421875,-0.6878662109375,-0.72564697265625,0.0020751953125,-0.1796875,0.64453125,-0.76953125,-0.01171875,0.01171875,0.00390625,1267.75,20.5,188.6,16.1,19.2,2.0,12.0,36.97283916666667,-122.04000233333332,23.7,0.62,18.789,309.51
2026-09-07 15:40:31.043046,-0.01678466796875,-0.68829345703125,-0.7252197265625,0.0030517578125,0.83984375,-0.16796875,-0.32421875,0.0078125,0.009765625,0.013671875,1267.75,20.5,188.6,16.1,19.2,2.0,12.0,36.97283916666667,-122.04000233333332,23.7,0.62,18.789,309.51
2026-09-07 15:40:31.142968,-0.01727294921875,-0.68951416015625,-0.72406005859375,0.004150390625,0.00390625,0.13671875,-0.515625,0.0703125,0.001953125,0.037109375,1279.5,20.5,188.6,18.8,19.6,2.0,12.0,36.97283916666667,-122.04000233333332,23.7,0.62,18.789,309.51
2026-09-07 15:40:31.242756,-0.0181884765625,-0.69158935546875,-0.7220458984375,0.00384521484375,-0.38671875,0.40625,-0.16015625,0.03515625,-0.025390625,0.001953125,1279.5,20.5,188.6,18.8,19.6,2.0,12.0,36.97283916666667,-122.04000233333332,23.7,0.62,18.789,309.51
2026-09-07 15:40:31.342910,-0.0184326171875,-0.69158935546875,-0.7220458984375,0.00390625,0.8828125,-0.8203125,0.4453125,-0.005859375,0.0078125,0.0078125,1258.5,21.1,188.6,19.6,19.2,2.0,12.0,36.97283916666667,-122.04000233333332,23.7,0.62,18.789,309.51
2026-09-07 15:40:31.442392,-0.0162353515625,-0.69134521484375,-0.72235107421875,0.00323486328125,-0.5390625,-0.12890625,-0.20703125,-0.029296875,0.01953125,-0.01953125,1258.5,21.1,188.6,19.6,19.2,2.0,12.0,36.97283916666667,-122.04000233333332,23.7,0.62,18.484,308.74
2026-09-07 15:40:31.542745,-0.01458740234375,-0.69049072265625,-0.72314453125,0.002685546875,-0.01171875,-0.78125,1.109375,0.013671875,0.015625,-0.033203125,1266.25,20.5,188.6,19.6,18.8,2.0,12.0,36.97289333333333,-122.04008533333334,23.8,0.62,18.484,308.74
2026-09-07 15:40:31.642807,-0.014892578125,-0.6917724609375,-0.72198486328125,0.00384521484375,-0.34765625,-0.1015625,0.28515625,0.1015625,0.01953125,-0.013671875,1266.25,20.5,188.6,19.6,18.8,2.0,12.0,36.97289333333333,-122.04008533333334,23.8,0.62,18.484,308.74
2026-09-07 15:40:31.743380,-0.01556396484375,-0.69390869140625,-0.7198486328125,0.004638671875,-0.75390625,-1.32421875,-0.59765625,0.0546875,0.005859375,-0.009765625,1265.5,20.5,188.6,19.2,16.5,2.0,12.0,36.97289333333333,-122.04008533333334,23.8,0.62,18.484,308.74
2026-09-07 15:40:31.842353,-0.01617431640625,-0.693359375,-0.7203369140625,0.00555419921875,0.9140625,-0.015625,0.26953125,0.015625,0.001953125,0.00390625,1265.5,20.5,188.6,19.2,16.5,2.0,12.0,36.97289333333333,-122.04008533333334,23.8,0.62,18.484,308.74
2026-09-07 15:40:31.942752,-0.0162353515625,-0.69281005859375,-0.72088623046875,0.00567626953125,1.87109375,0.63671875,-2.328125,-0.052734375,0.0078125,-0.033203125,1250.0,20.5,188.6,11.8,16.5,2.0,12.0,36.97289333333333,-122.04008533333334,23.8,0.62,18.484,308.74
2026-09-07 15:40:32.049441,-0.01446533203125,-0.69061279296875,-0.7230224609375,0.00543212890625,0.01953125,-0.328125,0.96484375,-0.052734375,0.02734375,-0.029296875,1250.0,20.5,188.6,11.8,16.5,2.0,12.0,36.97289333333333,-122.04008533333334,23.8,0.62,18.484,308.74
2026-09-07 15:40:32.142864,-0.013916015625,-0.69146728515625,-0.72222900390625,0.0057373046875,0.484375,-2.3671875,0.8984375,0.021484375,-0.009765625,0.005859375,1239.0,20.5,188.6,9.4,15.7,2.0,12.0,36.97289333333333,-122.04008533333334,23.8,0.62,18.484,308.74
2026-09-07 15:40:32.248642,-0.01495361328125,-0.6929931640625,-0.72076416015625,0.00592041015625,1.703125,-1.36328125,1.12109375,0.03125,-0.005859375,0.017578125,1239.0,20.5,188.6,9.4,15.7,2.0,12.0,36.97289333333333,-122.04008533333334,23.8,0.62,18.484,308.74
2026-09-07 15:40:32.348752,-0.01470947265625,-0.69500732421875,-0.71881103515625,0.005615234375,0.33203125,0.828125,-1.4921875,-0.009765625,-0.0078125,-0.01171875,1223.25,20.5,188.6,8.6,16.1,2.0,12.0,36.97289333333333,-122.04008533333334,23.8,0.62,18.484,308.74
2026-09-07 15:40:32.448173,-0.01422119140625,-0.69427490234375,-0.71954345703125,0.0047607421875,-0.06640625,1.48046875,-1.4453125,-0.083984375,-0.001953125,-0.009765625,1223.25,20.5,188.6,8.6,16.1,2.0,12.0,36.97289333333333,-122.04008533333334,23.8,0.62,18.333,308.42
2026-09-07 15:40:32.549258,-0.0140380859375,-0.69171142578125,-0.7220458984375,0.0050048828125,-0.296875,-0.828125,0.7890625,0.048828125,-0.251953125,-0.0078125,1232.0,20.5,188.6,8.6,16.1,2.0,12.0,36.97294716666666,-122.04016816666666,23.9,0.62,18.333,308.42
2026-09-07 15:40:32.648283,-0.01397705078125,-0.693359375,-0.720458984375,0.00482177734375,-0.85546875,1.44140625,0.0625,0.095703125,0.001953125,-0.001953125,1232.0,20.5,188.6,8.6,16.1,2.0,12.0,36.97294716666666,-122.04016816666666,23.9,0.62,18.333,308.42
2026-09-07 15:40:32.748970,-0.01373291015625,-0.696533203125,-0.7174072265625,0.00439453125,0.08203125,-0.046875,0.5390625,-0.009765625,-0.013671875,-0.00390625,1230.25,19.9,188.6,8.6,16.1,2.0,12.0,36.97294716666666,-122.04016816666666,23.9,0.62,18.333,308.42
2026-09-07 15:40:32.849297,-0.013427734375,-0.69671630859375,-0.71722412109375,0.00323486328125,-0.875,0.7578125,-0.2890625,-0.03515625,-0.01953125,-0.025390625,1230.25,19.9,188.6,8.6,16.1,2.0,12.0,36.97294716666666,-122.04016816666666,23.9,0.62,18.333,308.42
2026-09-07 15:40:32.948863,-0.012939453125,-0.6949462890625,-0.71893310546875,0.00189208984375,-1.046875,0.94140625,-0.6484375,-0.060546875,0.013671875,0.046875,1220.25,19.9,188.6,8.6,16.1,2.0,12.0,36.97294716666666,-122.04016816666666,23.9,0.62,18.333,308.42
2026-09-07 15:40:33.048943,-0.0135498046875,-0.6923828125,-0.721435546875,0.00341796875,-0.28125,-2.12890625,1.32421875,-0.068359375,0.0,0.072265625,1220.25,19.9,188.6,8.6,16.1,2.0,12.0,36.97294716666666,-122.04016816666666,23.9,0.62,18.333,308.42
2026-09-07 15:40:33.148642,-0.01507568359375,-0.69195556640625,-0.72174072265625,0.00518798828125,0.77734375,-1.59375,0.72265625,0.1171875,-0.01953125,0.0,1205.25,19.9,188.6,8.6,16.1,2.0,12.0,36.97294716666666,-122.04016816666666,23.9,0.62,18.333,308.42
2026-09-07 15:40:33.248490,-0.0159912109375,-0.6954345703125,-0.7183837890625,0.005126953125,-0.59375,0.09765625,-0.3515625,0.037109375,-0.005859375,-0.001953125,1205.25,19.9,188.6,8.6,16.1,2.0,12.0,36.97294716666666,-122.04016816666666,23.9,0.62,18.333,308.42
2026-09-07 15:40:33.458738,-0.01422119140625,-0.69683837890625,-0.71710205078125,0.00408935546875,0.296875,0.51171875,-0.15234375,-0.037109375,0.013671875,-0.0078125,1178.0,19.3,188.6,8.6,16.1,2.0,12.0,36.97294716666666,-122.04016816666666,23.9,0.62,17.805,308.26
2026-09-07 15:40:33.558698,-0.0130615234375,-0.6966552734375,-0.71728515625,0.0037841796875,-0.84765625,0.4296875,-1.0703125,-0.015625,0.02734375,0.044921875,1171.0,19.3,188.6,9.0,16.1,2.0,12.0,36.97299916666667,-122.0402495,24.0,0.63,17.805,308.26
2026-09-07 15:40:33.663563,-0.0133056640625,-0.696533203125,-0.71734619140625,0.0057373046875,-0.2578125,-0.3359375,-0.21875,0.0546875,0.001953125,0.0234375,1171.0,19.3,188.6,9.0,16.1,2.0,12.0,36.97299916666667,-122.0402495,24.0,0.63,17.805,308.26
2026-09-07 15:40:33.758098,-0.01373291015625,-0.6982421875,-0.7156982421875,0.0068359375,-0.4921875,0.390625,-0.1796875,0.04296875,-0.01171875,0.017578125,1159.25,19.3,188.6,8.6,16.1,2.0,12.0,36.97299916666667,-122.0402495,24.0,0.63,17.805,308.26
2026-09-07 15:40:33.857979,-0.01348876953125,-0.6982421875,-0.71575927734375,0.00653076171875,0.6640625,-0.19140625,-0.81640625,-0.025390625,0.017578125,-0.021484375,1159.25,19.3,188.6,8.6,16.1,2.0,12.0,36.97299916666667,-122.0402495,24.0,0.63,17.805,308.26
2026-09-07 15:40:33.962926,-0.01202392578125,-0.69805908203125,-0.7159423828125,0.005859375,0.7421875,-0.26953125,-1.17578125,0.0,0.021484375,-0.01171875,1135.0,18.6,188.6,8.6,15.7,2.0,12.0,36.97299916666667,-122.0402495,24.0,0.63,17.805,308.26
2026-09-07 15:40:34.064855,-0.00946044921875,-0.69744873046875,-0.708740234375,0.00531005859375,0.11328125,0.0390625,-0.45703125,-0.021484375,0.0078125,-0.0078125,1135.0,18.6,188.6,8.6,15.7,2.0,12.0,36.97299916666667,-122.0402495,24.0,0.63,17.805,308.26
2026-09-07 15:40:34.162440,-0.00823974609375,-0.69683837890625,-0.7171630859375,0.00494384765625,-0.25390625,0.0390625,1.87109375,0.046875,0.005859375,-0.025390625,1117.0,18.6,188.6,8.6,15.7,2.0,12.0,36.97299916666667,-122.0402495,24.0,0.63,17.805,308.26
2026-09-07 15:40:34.263736,-0.0074462890625,-0.69683837890625,-0.7171630859375,0.0126953125,-1.265625,-0.31640625,1.60546875,0.029296875,0.001953125,0.033203125,1117.0,18.6,188.6,8.6,15.7,2.0,12.0,36.97299916666667,-122.0402495,24.0,0.63,17.805,308.26
2026-09-07 15:40:34.364351,-0.00811767578125,-0.6978759765625,-0.71612548828125,0.00537109375,-0.46875,0.4140625,-0.1796875,0.029296875,0.001953125,0.02734375,1118.75,18.6,188.6,9.4,16.5,2.0,12.0,36.97299916666667,-122.0402495,24.0,0.63,16.576,307.97
2026-09-07 15:40:34.463992,-0.00823974609375,-0.69793701171875,-0.71612548828125,0.00592041015625,-0.25390625,-0.54296875,0.05859375,-0.033203125,0.001953125,0.013671875,1118.75,18.6,188.6,9.4,16.5,2.0,12.0,36.97299916666667,-122.0402495,24.0,0.63,16.576,307.97
2026-09-07 15:40:34.563846,-0.00830078125,-0.6961669921875,-0.7177734375,0.00640869140625,-0.9375,0.296875,-1.359375,-0.048828125,0.005859375,-0.001953125,1103.75,18.0,188.6,11.4,16.5,2.0,12.0,36.973047666666666,-122.04032616666667,24.3,0.63,16.576,307.97
2026-09-07 15:40:34.663694,-0.00738525390625,-0.69512939453125,-0.71881103515625,0.0062255859375,0.51171875,-0.66015625,-0.6640625,-0.0234375,0.025390625,-0.03125,1103.75,18.0,188.6,11.4,16.5,2.0,12.0,36.973047666666666,-122.04032616666667,24.3,0.63,16.576,307.97
2026-09-07 15:40:34.765108,-0.00506591796875,-0.69598388671875,-0.710205078125,0.00543212890625,0.55078125,-0.66796875,0.72265625,0.029296875,0.0078125,0.001953125,1082.0,18.0,188.6,12.2,16.5,2.0,12.0,36.973047666666666,-122.04032616666667,24.3,0.63,16.576,307.97
2026-09-07 15:40:34.863904,-0.00396728515625,-0.6971435546875,-0.71685791015625,0.00506591796875,-0.453125,1.02734375,-0.08203125,0.05078125,-0.001953125,0.001953125,1082.0,18.0,188.6,12.2,16.5,2.0,12.0,36.973047666666666,-122.04032616666667,24.3,0.63,16.576,307.97
2026-09-07 15:40:34.964597,-0.00372314453125,-0.69830322265625,-0.7158203125,-1.9954833984375,-0.63671875,0.64453125,-1.62890625,0.0078125,-0.005859375,-0.033203125,1071.0,17.4,188.6,12.9,16.5,2.0,12.0,36.973047666666666,-122.04032616666667,24.3,0.63,16.576,307.97
2026-09-07 15:40:35.064210,-0.00262451171875,-0.69818115234375,-0.71588134765625,0.01104736328125,-0.11328125,0.03125,-1.19921875,0.0234375,0.001953125,0.0078125,1071.0,17.4,188.6,12.9,16.5,2.0,12.0,36.973047666666666,-122.04032616666667,24.3,0.63,16.576,307.97
2026-09-07 15:40:35.164691,-0.00244140625,-0.6981201171875,-0.71600341796875,0.0032958984375,-0.98046875,-0.3515625,0.6796875,0.005859375,0.017578125,0.025390625,1088.25,17.4,188.6,12.9,16.5,2.0,12.0,36.973047666666666,-122.04032616666667,24.3,0.63,16.576,307.97
2026-09-07 15:40:35.264713,-0.002197265625,-0.69805908203125,-0.71600341796875,0.00390625,-0.75,1.29296875,0.8984375,-0.01953125,-0.00390625,0.00390625,1088.25,17.4,188.6,12.9,16.5,2.0,12.0,36.973047666666666,-122.04032616666667,24.3,0.63,16.576,307.97
2026-09-07 15:40:35.364785,-0.0018310546875,-0.6976318359375,-0.7164306640625,0.00323486328125,-0.16796875,0.52734375,-0.49609375,-0.06640625,0.0078125,-0.017578125,1167.0,16.8,188.6,11.8,16.9,2.0,12.0,36.973047666666666,-122.04032616666667,24.3,0.63,16.576,307.97
2026-09-07 15:40:35.469343,-0.0010986328125,-0.6956787109375,-0.7183837890625,0.002685546875,-0.265625,-0.16015625,-0.87890625,-0.037109375,0.001953125,0.0078125,1167.0,16.8,188.6,11.8,16.9,2.0,12.0,36.973047666666666,-122.04032616666667,24.3,0.63,15.613,307.98
2026-09-07 15:40:35.564265,-0.00067138671875,-0.69464111328125,-0.7193603515625,0.00244140625,-0.359375,-0.5078125,0.15625,0.013671875,-0.001953125,-0.005859375,1252.25,16.8,188.6,11.0,16.9,2.0,12.0,36.97309366666666,-122.04039866666666,24.5,0.63,15.613,307.98
2026-09-07 15:40:35.768681,0.000244140625,-0.69512939453125,-0.7188720703125,0.0003662109375,-0.81640625,-1.45703125,1.2421875,0.05078125,-0.03515625,-0.0078125,1299.0,16.2,188.6,10.6,16.9,2.0,12.0,36.97309366666666,-122.04039866666666,24.5,0.63,15.613,307.98
2026-09-07 15:40:35.868608,0.0001220703125,0.697509765625,0.71661376953125,0.00189208984375,0.09375,0.34375,-0.2890625,0.017578125,-0.044921875,-0.0078125,1299.0,16.2,188.6,10.6,16.9,2.0,12.0,36.97309366666666,-122.04039866666666,24.5,0.63,15.613,307.98
2026-09-07 15:40:35.968468,0.000732421875,0.69866943359375,0.7154541015625,0.00433349609375,-0.234375,-0.30859375,0.6171875,0.01171875,-0.0234375,-0.00390625,1261.5,16.2,188.6,11.0,16.9,2.0,12.0,36.97309366666666,-122.04039866666666,24.5,0.63,15.613,307.98
2026-09-07 15:40:36.068881,0.00164794921875,0.69879150390625,0.71527099609375,0.005615234375,-0.265625,0.734375,0.140625,0.005859375,-0.0234375,0.025390625,1261.5,16.2,188.6,11.0,16.9,2.0,12.0,36.97309366666666,-122.04039866666666,24.5,0.63,15.613,307.98
2026-09-07 15:40:36.168623,0.00299072265625,0.69891357421875,0.7152099609375,0.006103515625,-0.00390625,-0.1171875,-0.203125,-0.005859375,-0.0390625,0.001953125,1250.75,16.2,188.6,11.0,16.9,2.0,12.0,36.97309366666666,-122.04039866666666,24.5,0.63,15.613,307.98
2026-09-07 15:40:36.268617,0.003662109375,0.6981201171875,0.7159423828125,0.00775146484375,0.34765625,-0.22265625,-0.43359375,-0.076171875,-0.013671875,-0.005859375,1250.75,16.2,188.6,11.0,16.9,2.0,12.0,36.97309366666666,-122.04039866666666,24.5,0.63,15.613,307.98
2026-09-07 15:40:36.369382,0.003662109375,0.696044921875,0.71795654296875,0.0087890625,0.515625,-0.796875,0.8203125,0.01171875,-0.017578125,-0.013671875,1222.5,15.5,190.4,11.0,16.9,2.0,12.0,36.97309366666666,-122.04039866666666,24.5,0.63,14.293,309.5
2026-09-07 15:40:36.468565,0.0035400390625,0.69647216796875,0.717529296875,0.01025390625,-0.6328125,-0.13671875,0.453125,0.0546875,-0.02734375,0.015625,1222.5,15.5,190.4,11.0,16.9,2.0,12.0,36.97309366666666,-122.04039866666666,24.5,0.63,14.293,309.5
2026-09-07 15:40:36.569962,0.00445556640625,0.69781494140625,0.7161865234375,0.01123046875,0.28515625,0.859375,-1.046875,0.0234375,-0.025390625,-0.00390625,1198.25,15.5,190.4,11.4,16.9,2.0,12.0,36.9731355,-122.04046483333332,24.8,0.63,14.293,309.5
2026-09-07 15:40:36.669402,0.00494384765625,0.6988525390625,0.71514892578125,0.01318359375,-0.30859375,-0.0625,0.5703125,0.052734375,-0.01953125,-0.015625,1198.25,15.5,190.4,11.4,16.9,2.0,12.0,36.9731355,-122.04046483333332,24.8,0.63,14.293,309.5
2026-09-07 15:40:36.769652,0.0052490234375,0.69915771484375,0.71478271484375,0.01446533203125,-0.00390625,-0.8359375,-0.83203125,0.025390625,-0.0234375,-0.009765625,1182.75,14.9,190.4,11.4,16.9,2.0,12.0,36.9731355,-122.04046483333332,24.8,0.63,14.293,309.5
2026-09-07 15:40:36.861381,0.00555419921875,0.6990966796875,0.71484375,0.0152587890625,0.00390625,-0.94921875,-0.52734375,-0.001953125,-0.03515625,-0.009765625,1182.75,14.9,190.4,11.4,16.9,2.0,12.0,36.9731355,-122.04046483333332,24.8,0.63,14.293,309.5
2026-09-07 15:40:36.967086,0.00555419921875,0.697998046875,0.71588134765625,0.01617431640625,0.1640625,-0.4453125,-0.609375,-0.04296875,-0.001953125,-0.013671875,1155.25,14.9,190.4,11.8,16.9,2.0,12.0,36.9731355,-122.04046483333332,24.8,0.63,14.293,309.5
2026-09-07 15:40:37.069285,0.0042724609375,0.69775390625,0.71612548828125,0.017578125,-1.08203125,0.98046875,-0.41796875,-0.01953125,-0.01171875,-0.033203125,1155.25,14.9,190.4,11.8,16.9,2.0,12.0,36.9731355,-122.04046483333332,24.8,0.63,14.293,309.5
2026-09-07 15:40:37.160493,0.00408935546875,0.69720458984375,0.7166748046875,0.01824951171875,-1.05078125,0.55859375,-0.6015625,-0.02734375,-0.013671875,-0.015625,1111.5,14.3,190.4,12.2,16.5,2.0,12.0,36.9731355,-122.04046483333332,24.8,0.63,14.293,309.5
2026-09-07 15:40:37.269113,0.004150390625,0.69708251953125,0.71673583984375,0.0189208984375,-0.38671875,0.3203125,0.20703125,0.02734375,-0.001953125,0.001953125,1111.5,14.3,190.4,12.2,16.5,2.0,12.0,36.9731355,-122.04046483333332,24.8,0.63,14.293,309.5
2026-09-07 15:40:37.366847,0.004150390625,0.69708251953125,0.71673583984375,0.018798828125,-0.33203125,-1.09765625,0.80078125,0.0234375,0.0,-0.001953125,1061.5,13.7,190.4,12.9,16.5,2.0,12.0,36.9731355,-122.04046483333332,24.8,0.63,13.031,307.71
2026-09-07 15:40:37.466273,0.003173828125,0.69793701171875,0.71588134765625,0.01983642578125,-0.4453125,0.21484375,-0.51171875,0.044921875,-0.009765625,-0.021484375,1061.5,13.7,190.4,12.9,16.5,2.0,12.0,36.9731355,-122.04046483333332,24.8,0.63,13.031,307.71
2026-09-07 15:40:37.667033,0.0030517578125,0.6976318359375,0.71612548828125,0.02227783203125,-0.484375,0.3671875,-0.76953125,-0.041015625,-0.00390625,0.005859375,1010.75,13.0,190.4,13.7,16.5,2.0,12.0,36.97317383333333,-122.0405265,25.0,0.62,13.031,307.71
2026-09-07 15:40:37.768076,0.00189208984375,0.6976318359375,0.716064453125,0.0238037109375,-0.359375,-0.4765625,0.1875,0.00390625,-0.00390625,-0.03125,960.75,12.4,190.4,14.9,16.1,2.0,12.0,36.97317383333333,-122.0405265,25.0,0.62,13.031,307.71
2026-09-07 15:40:37.866950,0.00128173828125,0.697998046875,0.7156982421875,0.02447509765625,-0.51953125,0.328125,-0.06640625,0.00390625,0.0,-0.00390625,960.75,12.4,190.4,14.9,16.1,2.0,12.0,36.97317383333333,-122.0405265,25.0,0.62,13.031,307.71
2026-09-07 15:40:38.067829,0.00421142578125,0.69970703125,0.71405029296875,0.02337646484375,-0.046875,-0.8828125,0.04296875,0.037109375,-0.01171875,0.30859375,922.5,11.8,190.4,16.1,16.1,2.0,12.0,36.97317383333333,-122.0405265,25.0,0.62,13.031,307.71
2026-09-07 15:40:38.168563,0.00372314453125,0.70074462890625,0.71295166015625,0.02447509765625,0.4296875,-0.765625,-0.30078125,0.0234375,-0.009765625,-0.001953125,878.0,11.2,190.4,17.3,16.1,2.0,12.0,36.97317383333333,-122.0405265,25.0,0.62,13.031,307.71
2026-09-07 15:40:38.268070,0.00177001953125,0.70025634765625,0.71337890625,0.0269775390625,0.1875,-0.56640625,-0.63671875,-0.005859375,-0.005859375,-0.052734375,878.0,11.2,190.4,17.3,16.1,2.0,12.0,36.97317383333333,-122.0405265,25.0,0.62,13.031,307.71
2026-09-07 15:40:38.368894,0.00030517578125,-1.300048828125,0.713623046875,0.02899169921875,-1.33203125,1.171875,-0.2265625,0.00390625,-0.013671875,-0.033203125,869.5,11.2,190.4,18.8,16.1,2.0,12.0,36.97317383333333,-122.0405265,25.0,0.62,10.546,310.32
2026-09-07 15:40:38.468497,0.00128173828125,0.70001220703125,0.71356201171875,0.02880859375,-0.984375,1.578125,0.65625,-0.015625,-0.01171875,0.041015625,869.5,11.2,190.4,18.8,16.1,2.0,12.0,36.97317383333333,-122.0405265,25.0,0.62,10.546,310.32
2026-09-07 15:40:38.569750,0.003173828125,0.7008056640625,0.7127685546875,0.02899169921875,-0.2421875,0.453125,0.43359375,0.009765625,-0.02734375,0.046875,878.0,10.6,190.4,19.2,16.5,2.0,12.0,36.973208,-122.040576,25.1,0.62,10.546,310.32
2026-09-07 15:40:38.788702,0.003173828125,0.70257568359375,0.71087646484375,0.03216552734375,-0.2734375,-0.55078125,-0.25390625,0.03515625,-0.025390625,-0.03125,896.0,9.9,190.4,18.4,16.5,2.0,12.0,36.973208,-122.040576,25.1,0.62,10.546,310.32
2026-09-07 15:40:38.887962,0.0020751953125,0.7041015625,-1.290771484375,0.0347900390625,-0.38671875,0.12109375,-0.0625,-0.005859375,-0.017578125,-0.025390625,896.0,9.9,190.4,18.4,16.5,2.0,12.0,36.973208,-122.040576,25.1,0.62,10.546,310.32
2026-09-07 15:40:39.107062,0.00201416015625,0.70404052734375,0.70904541015625,0.031982421875,-0.4375,0.0078125,-0.0234375,-0.017578125,-0.037109375,-0.0078125,848.25,9.3,190.4,20.0,16.5,2.0,12.0,36.973208,-122.040576,25.1,0.62,10.546,310.32
2026-09-07 15:40:39.206287,0.00262451171875,0.7032470703125,0.7095947265625,0.04339599609375,-0.90625,1.05078125,-0.4140625,-0.03125,-0.013671875,-0.025390625,807.0,8.7,190.4,22.4,16.5,2.0,12.0,36.973208,-122.040576,25.1,0.62,10.546,310.32
2026-09-07 15:40:39.311269,0.00146484375,0.702392578125,0.7103271484375,0.04571533203125,-0.30078125,1.30859375,0.08203125,0.00390625,-0.033203125,-0.03515625,807.0,8.7,190.4,22.4,16.5,2.0,12.0,36.973208,-122.040576,25.1,0.62,10.546,310.32
2026-09-07 15:40:39.405862,0.0006103515625,0.70263671875,0.7098388671875,0.04888916015625,-1.01953125,-0.61328125,0.12890625,-0.01953125,-0.048828125,-0.025390625,767.75,8.1,190.4,24.7,16.5,2.0,12.0,36.973208,-122.040576,25.1,0.62,8.132,312.27
2026-09-07 15:40:39.738436,0.0003662109375,0.7025146484375,0.70904541015625,0.06134033203125,0.49609375,0.56640625,0.00390625,0.037109375,-0.060546875,0.021484375,736.5,6.2,190.4,26.7,16.5,2.0,12.0,36.9732365,-122.04061366666669,25.0,0.62,8.132,312.27
2026-09-07 15:40:39.823393,-0.00433349609375,0.70245361328125,0.70819091796875,0.06292724609375,0.46484375,0.6015625,-0.06640625,0.064453125,-0.0703125,0.041015625,736.5,6.2,190.4,26.7,16.5,2.0,12.0,36.9732365,-122.04061366666669,25.0,0.62,8.132,312.27
2026-09-07 15:40:39.923782,-0.00396728515625,0.703369140625,0.70672607421875,0.07568359375,0.58203125,0.65234375,-0.4921875,0.05859375,-0.072265625,0.037109375,741.25,6.2,190.4,44.7,16.5,2.0,12.0,36.9732365,-122.04061366666669,25.0,0.62,8.132,312.27
2026-09-07 15:40:40.023485,-0.00140380859375,0.703369140625,0.70654296875,0.077880859375,0.80078125,0.2890625,-1.2421875,-0.03125,-0.0625,0.009765625,741.25,6.2,190.4,44.7,16.5,2.0,12.0,36.9732365,-122.04061366666669,25.0,0.62,8.132,312.27
2026-09-07 15:40:40.123446,0.000244140625,0.70062255859375,0.70904541015625,0.07989501953125,1.0390625,-1.03515625,-0.25390625,-0.080078125,-0.05078125,-0.009765625,794.5,5.6,190.4,38.0,17.3,2.0,12.0,36.9732365,-122.04061366666669,25.0,0.62,8.132,312.27
2026-09-07 15:40:40.223100,0.00103759765625,0.6982421875,0.71112060546875,0.08233642578125,1.1015625,-0.546875,0.203125,-0.064453125,-0.05078125,-0.029296875,794.5,5.6,190.4,38.0,17.3,2.0,12.0,36.9732365,-122.04061366666669,25.0,0.62,8.132,312.27
2026-09-07 15:40:40.323593,0.0015869140625,0.69549560546875,0.71337890625,0.08563232421875,0.59375,0.21875,1.10546875,-0.068359375,-0.06640625,-0.037109375,775.0,5.6,190.4,36.1,17.3,2.0,12.0,36.9732365,-122.04061366666669,25.0,0.62,8.132,312.27
2026-09-07 15:40:40.423270,0.00347900390625,0.693115234375,0.7152099609375,0.08990478515625,0.73828125,0.25,1.2421875,-0.033203125,-0.107421875,-0.0234375,775.0,5.6,190.4,36.1,17.3,2.0,12.0,36.9732365,-122.04061366666669,25.0,0.62,5.351,314.36
2026-09-07 15:40:40.524295,0.00677490234375,0.69195556640625,0.71563720703125,0.09478759765625,0.87890625,-0.01953125,0.5234375,-0.0234375,-0.12109375,-0.02734375,783.5,5.6,190.4,35.7,17.3,2.0,12.0,36.97325683333333,-122.0406375,25.1,0.62,5.351,314.36
2026-09-07 15:40:40.623683,0.0103759765625,0.69049072265625,0.71630859375,0.0999755859375,0.06640625,-0.73828125,0.22265625,-0.01953125,-0.130859375,-0.021484375,783.5,5.6,190.4,35.7,17.3,2.0,12.0,36.97325683333333,-122.0406375,25.1,0.62,5.351,314.36
2026-09-07 15:40:40.724154,0.03125,0.6767578125,0.72998046875,0.09014892578125,0.09375,-0.5078125,0.13671875,0.01171875,-0.146484375,-0.017578125,817.75,5.6,190.4,37.3,20.4,2.0,12.0,36.97325683333333,-122.0406375,25.1,0.62,5.351,314.36
2026-09-07 15:40:40.962367,0.05169677734375,0.6661376953125,0.7379150390625,0.09521484375,0.23046875,0.1796875,-0.16015625,0.0234375,-0.193359375,-0.025390625,985.0,5.6,190.4,46.7,24.3,2.0,12.0,36.97325683333333,-122.0406375,25.1,0.62,5.351,314.36
2026-09-07 15:40:41.049224,0.06640625,0.6634521484375,0.73834228515625,0.1016845703125,-0.08984375,0.375,0.4296875,0.02734375,-0.203125,-0.017578125,985.0,5.6,190.4,46.7,24.3,2.0,12.0,36.97325683333333,-122.0406375,25.1,0.62,5.351,314.36
2026-09-07 15:40:41.152161,0.0762939453125,0.6619873046875,0.73797607421875,0.1064453125,0.0859375,0.09765625,0.48828125,0.037109375,-0.21875,-0.005859375,1357.75,5.6,190.4,42.7,22.7,2.0,12.0,36.97325683333333,-122.0406375,25.1,0.62,5.351,314.36
2026-09-07 15:40:41.251584,0.08673095703125,0.660400390625,0.73748779296875,0.11163330078125,0.65234375,0.2421875,-0.55078125,0.013671875,-0.22265625,-0.017578125,1357.75,5.6,190.4,42.7,22.7,2.0,12.0,36.97325683333333,-122.0406375,25.1,0.62,5.351,314.36
2026-09-07 15:40:41.346825,0.09759521484375,0.65899658203125,0.73663330078125,0.1165771484375,0.890625,-0.546875,-0.74609375,-0.0625,-0.228515625,-0.0234375,1460.75,6.2,190.4,29.8,22.7,2.0,12.0,36.97325683333333,-122.0406375,25.1,0.62,5.351,314.36
2026-09-07 15:40:41.470728,0.10888671875,0.65216064453125,0.73883056640625,0.130126953125,0.21484375,-0.140625,-0.578125,-0.11328125,-0.255859375,-0.029296875,1460.75,6.2,190.4,29.8,22.7,2.0,12.0,36.97325683333333,-122.0406375,25.1,0.62,5.351,314.36
2026-09-07 15:40:41.581245,0.11712646484375,0.6474609375,0.7398681640625,0.140380859375,-0.18359375,-0.1328125,1.3515625,-0.072265625,-0.267578125,-0.041015625,1453.0,6.2,190.4,27.5,22.4,,,,,,,,
2026-09-07 15:40:41.663861,0.1260986328125,0.64361572265625,0.73980712890625,0.15020751953125,-0.26171875,-0.20703125,1.328125,-0.052734375,-0.275390625,-0.029296875,1453.0,6.2,190.4,27.5,22.4,,,,,,,,
2026-09-07 15:40:41.765814,0.13671875,0.640869140625,0.73809814453125,0.16070556640625,-0.62109375,-0.16015625,1.2734375,-0.015625,-0.32421875,-0.033203125,1432.75,6.2,190.4,27.8,22.4,,,,,,,,
2026-09-07 15:40:41.858443,0.14263916015625,0.6396484375,0.7366943359375,0.16680908203125,-0.3671875,-0.26171875,0.61328125,-0.044921875,-0.353515625,-0.064453125,1432.75,6.2,190.4,27.8,22.4,,,,,,,,
2026-09-07 15:40:41.970034,0.1595458984375,0.633056640625,0.7342529296875,0.1861572265625,-0.19921875,0.0546875,0.48828125,-0.052734375,-0.345703125,-0.04296875,1428.0,6.8,190.4,28.6,22.4,,,,,,,,
2026-09-07 15:40:42.065555,0.171875,0.62799072265625,0.73272705078125,0.197998046875,-0.4453125,-0.3125,1.01171875,-0.048828125,-0.349609375,-0.02734375,1428.0,6.8,190.4,28.6,22.4,,,,,,,,
2026-09-07 15:40:42.169816,0.18756103515625,0.623291015625,0.72991943359375,0.20855712890625,-0.74609375,-0.40625,1.72265625,-0.015625,-0.39453125,-0.0078125,1425.75,6.8,190.4,27.8,22.0,,,,,,,,
2026-09-07 15:40:42.267321,0.20855712890625,0.62030029296875,0.7244873046875,0.21661376953125,-0.31640625,0.0234375,1.1015625,0.015625,-0.427734375,-0.033203125,1425.75,6.8,190.4,27.8,22.0,,,,,,,,
2026-09-07 15:40:42.359866,0.22406005859375,0.6160888671875,0.71929931640625,0.23004150390625,-0.171875,0.40625,0.75,0.001953125,-0.4296875,-0.04296875,1407.75,7.5,190.4,28.2,22.7,,,,,,,,
2026-09-07 15:40:42.464708,0.238525390625,0.61083984375,0.71466064453125,0.243408203125,-0.63671875,0.03125,0.47265625,-0.009765625,-0.41796875,-0.025390625,1407.75,7.5,190.4,28.2,22.7,,,,,,,,
2026-09-07 15:40:42.565067,0.25262451171875,0.6044921875,0.71026611328125,0.2574462890625,-0.73828125,-0.421875,0.609375,-0.04296875,-0.42578125,-0.03125,1432.75,7.5,190.4,30.2,22.7,,,,,,,,
2026-09-07 15:40:42.667369,0.26715087890625,0.5980224609375,0.7049560546875,0.27215576171875,-0.66015625,-0.22265625,0.5,-0.013671875,-0.443359375,-0.037109375,1432.75,7.5,190.4,30.2,22.7,,,,,,,,
2026-09-07 15:40:42.768219,0.2757568359375,0.58819580078125,0.7017822265625,0.29241943359375,-0.05078125,-0.40234375,0.7265625,-0.033203125,-0.462890625,-0.0234375,1470.25,8.1,190.4,29.0,22.7,,,,,,,,
2026-09-07 15:40:42.863216,0.28253173828125,0.57696533203125,0.69921875,0.31353759765625,0.16015625,0.12109375,-0.22265625,-0.00390625,-0.451171875,-0.052734375,1470.25,8.1,190.4,29.0,22.7,,,,,,,,
2026-09-07 15:40:42.954199,0.287353515625,0.5714111328125,0.697509765625,0.322998046875,0.1875,0.43359375,0.07421875,-0.0234375,-0.453125,-0.044921875,1476.5,8.1,190.4,27.8,22.7,,,,,,,,
2026-09-07 15:40:43.055747,0.30303955078125,0.55657958984375,0.6903076171875,0.34912109375,0.07421875,0.39453125,0.01953125,-0.009765625,-0.451171875,-0.056640625,1476.5,8.1,190.4,27.8,22.7,,,,,,,,
2026-09-07 15:40:43.155132,0.308837890625,0.55218505859375,0.68701171875,0.35736083984375,-0.125,-0.05078125,-0.41796875,-0.021484375,-0.451171875,-0.05859375,1475.0,8.7,190.4,27.8,23.1,,,,,,,,
2026-09-07 15:40:43.364280,0.332763671875,0.53564453125,0.6727294921875,0.38702392578125,0.07421875,-0.05078125,-0.22265625,0.0078125,-0.4140625,-0.033203125,1492.75,8.7,190.4,27.8,23.1,,,,,,,,
2026-09-07 15:40:43.475584,0.34515380859375,0.52899169921875,0.66461181640625,0.39910888671875,0.00390625,0.08984375,-0.12109375,0.021484375,-0.40234375,-0.037109375,1492.75,8.7,190.4,27.8,23.1,,,,,,,,
2026-09-07 15:40:43.567348,0.3572998046875,0.52294921875,0.65582275390625,0.4107666015625,0.26171875,0.15625,-0.80859375,0.01171875,-0.38671875,-0.04296875,1507.0,9.3,190.4,27.5,23.5,,,,,,,,
2026-09-07 15:40:43.676410,0.3690185546875,0.516357421875,0.6475830078125,0.421630859375,0.03125,0.31640625,-0.578125,0.009765625,-0.369140625,-0.029296875,1507.0,9.3,190.4,27.5,23.5,,,,,,,,
2026-09-07 15:40:43.775198,0.3800048828125,0.50970458984375,0.64019775390625,0.43121337890625,0.3828125,-0.2578125,-0.5859375,-0.001953125,-0.333984375,-0.01953125,1528.75,9.3,190.4,27.5,24.3,,,,,,,,
2026-09-07 15:40:43.862350,0.39013671875,0.50311279296875,0.63311767578125,0.44024658203125,0.3125,-0.21875,-0.46875,0.0,-0.3203125,-0.025390625,1528.75,9.3,190.4,27.5,24.3,,,,,,,,
2026-09-07 15:40:43.976352,0.40185546875,0.49932861328125,0.6239013671875,0.44708251953125,0.125,0.37890625,-0.1953125,0.005859375,-0.30859375,-0.0390625,1580.25,9.9,190.4,27.1,25.1,,,,,,,,
2026-09-07 15:40:44.076193,0.41650390625,0.4996337890625,0.61181640625,0.4500732421875,0.09375,0.26171875,-0.34765625,0.001953125,-0.26171875,-0.0234375,1580.25,9.9,190.4,27.1,25.1,,,,,,,,
2026-09-07 15:40:44.176586,0.427734375,0.4971923828125,0.60308837890625,0.4539794921875,0.0625,-0.0390625,-0.140625,0.015625,-0.234375,-0.029296875,1631.25,10.6,190.4,27.5,25.1,,,,,,,,
2026-09-07 15:40:44.276323,0.43798828125,0.49456787109375,0.595458984375,0.45721435546875,0.22265625,0.26171875,-0.0625,0.0,-0.212890625,-0.01953125,1631.25,10.6,190.4,27.5,25.1,,,,,,,,
2026-09-07 15:40:44.363238,0.44757080078125,0.49200439453125,0.5885009765625,0.45965576171875,0.3359375,-0.390625,-0.2734375,0.009765625,-0.19140625,-0.005859375,1675.75,10.6,190.4,26.3,25.1,,,,,,,,
2026-09-07 15:40:44.463563,0.4564208984375,0.48968505859375,0.58233642578125,0.46124267578125,-0.05859375,-0.11328125,0.2421875,0.005859375,-0.17578125,-0.0234375,1675.75,10.6,190.4,26.3,25.1,,,,,,,,
2026-09-07 15:40:44.579223,0.4644775390625,0.4876708984375,0.576904296875,0.462158203125,0.02734375,0.26953125,-0.29296875,0.005859375,-0.150390625,-0.015625,1700.0,11.2,190.4,25.5,25.5,,,,,,,,
2026-09-07 15:40:44.675477,0.46990966796875,0.48541259765625,0.57269287109375,0.46435546875,0.0703125,-0.19140625,-0.2265625,0.015625,-0.125,-0.015625,1700.0,11.2,190.4,25.5,25.5,,,,,,,,
2026-09-07 15:40:44.778004,0.47314453125,0.483154296875,0.5693359375,0.467529296875,0.140625,-0.15234375,-0.24609375,-0.015625,-0.10546875,-0.01171875,1727.25,11.8,190.4,25.9,25.5,,,,,,,,
2026-09-07 15:40:44.876827,0.47601318359375,0.48095703125,0.566650390625,0.47015380859375,0.078125,0.1484375,-0.10546875,-0.009765625,-0.095703125,-0.01171875,1727.25,11.8,190.4,25.9,25.5,,,,,,,,
2026-09-07 15:40:45.077496,0.48809814453125,0.47802734375,0.56036376953125,0.46820068359375,-0.21875,-0.19921875,0.4609375,-0.029296875,-0.08203125,-0.02734375,1750.0,11.8,190.4,25.9,25.5,,,,,,,,
2026-09-07 15:40:45.173522,0.4920654296875,0.476806640625,0.55792236328125,0.46044921875,0.0390625,0.22265625,-0.01953125,0.001953125,-0.06640625,-0.0078125,1752.25,12.4,190.4,26.3,25.9,,,,,,,,
2026-09-07 15:40:45.273222,0.494384765625,0.4754638671875,0.5560302734375,0.46942138671875,0.0546875,0.22265625,0.05078125,-0.01171875,-0.068359375,-0.005859375,1752.25,12.4,190.4,26.3,25.9,,,,,,,,
2026-09-07 15:40:45.373624,0.49609375,0.47381591796875,0.554443359375,0.47119140625,-0.203125,0.3671875,-0.01953125,0.01171875,-0.0625,0.00390625,1757.0,13.0,190.4,26.3,25.9,,,,,,,,
2026-09-07 15:40:45.473194,0.49822998046875,0.472412109375,0.5528564453125,0.47216796875,-0.12109375,0.09765625,-0.203125,0.017578125,-0.048828125,0.0078125,1757.0,13.0,190.4,26.3,25.9,,,,,,,,
2026-09-07 15:40:45.573558,0.5003662109375,0.47149658203125,0.551513671875,0.472412109375,0.140625,0.015625,-0.40625,0.01171875,-0.029296875,0.01171875,1757.75,13.0,190.4,26.3,25.9,2.0,12.0,36.97341816666667,-122.04058283333332,23.4,0.62,5.351,314.36
2026-09-07 15:40:45.673703,0.501953125,0.470947265625,0.550537109375,0.472412109375,-0.22265625,0.12890625,0.015625,-0.021484375,-0.025390625,0.001953125,1757.75,13.0,190.4,26.3,25.9,2.0,12.0,36.97341816666667,-122.04058283333332,23.4,0.62,5.351,314.36
2026-09-07 15:40:45.780301,0.50445556640625,0.47052001953125,0.5494384765625,0.47149658203125,-0.09765625,0.015625,0.32421875,-0.046875,-0.03515625,-0.009765625,1763.25,13.7,190.4,26.3,25.5,2.0,12.0,36.97341816666667,-122.04058283333332,23.4,0.62,5.351,314.36
2026-09-07 15:40:45.890392,0.506103515625,0.4696044921875,0.54840087890625,0.47186279296875,-0.234375,-0.19921875,0.64453125,-0.01953125,-0.048828125,-0.015625,1763.25,13.7,190.4,26.3,25.5,2.0,12.0,36.97341816666667,-122.04058283333332,23.4,0.62,5.351,314.36
2026-09-07 15:40:45.990108,0.5068359375,0.46710205078125,0.54736328125,0.47467041015625,-0.171875,-0.3203125,0.5234375,-0.03515625,-0.03515625,-0.013671875,1742.0,14.3,190.4,24.7,22.7,2.0,12.0,36.97341816666667,-122.04058283333332,23.4,0.62,5.351,314.36
2026-09-07 15:40:46.081309,0.50634765625,0.465576171875,0.547119140625,0.47698974609375,-0.30859375,-0.16015625,-0.01953125,0.0078125,-0.037109375,-0.001953125,1742.0,14.3,190.4,24.7,22.7,2.0,12.0,36.97341816666667,-122.04058283333332,23.4,0.62,5.351,314.36
2026-09-07 15:40:46.191023,0.50579833984375,0.46478271484375,0.547119140625,0.4783935546875,-0.39453125,-0.12890625,-0.7109375,0.017578125,-0.03515625,-0.00390625,1704.5,14.3,190.4,19.6,22.4,2.0,12.0,36.97341816666667,-122.04058283333332,23.4,0.62,5.351,314.36
2026-09-07 15:40:46.272202,0.5047607421875,0.464111328125,0.54547119140625,0.48187255859375,-0.0703125,0.109375,-0.37890625,0.01171875,-0.033203125,-0.00390625,1704.5,14.3,190.4,19.6,22.4,2.0,12.0,36.97341816666667,-122.04058283333332,23.4,0.62,5.351,314.36
2026-09-07 15:40:46.374158,0.50445556640625,0.46453857421875,0.5445556640625,0.48291015625,-0.24609375,-0.19921875,-0.4765625,-0.01953125,-0.017578125,-0.0078125,1748.25,14.3,190.4,19.2,20.8,2.0,12.0,36.97341816666667,-122.04058283333332,23.4,0.62,12.694,37.04
2026-09-07 15:40:46.473934,0.504150390625,0.46588134765625,0.54229736328125,0.484375,-0.04296875,0.19921875,-0.25,-0.03125,-0.017578125,0.0,1748.25,14.3,190.4,19.2,20.8,2.0,12.0,36.97341816666667,-122.04058283333332,23.4,0.62,12.694,37.04
2026-09-07 15:40:46.575314,0.50445556640625,0.467529296875,0.53973388671875,0.4854736328125,0.09375,0.12109375,0.375,-0.0234375,-0.025390625,0.0,1758.5,14.9,190.4,18.8,22.4,2.0,12.0,36.973463333333335,-122.04054183333334,23.5,0.62,12.694,37.04
2026-09-07 15:40:46.673954,0.50457763671875,0.46832275390625,0.5377197265625,0.48675537109375,-0.16796875,0.296875,0.3125,-0.044921875,-0.021484375,-0.005859375,1758.5,14.9,190.4,18.8,22.4,2.0,12.0,36.973463333333335,-122.04054183333334,23.5,0.62,12.694,37.04
2026-09-07 15:40:46.775680,0.50433349609375,0.46807861328125,0.53692626953125,0.48822021484375,-0.26953125,-0.51953125,0.44921875,-0.00390625,-0.015625,-0.0078125,1725.75,14.9,190.4,18.8,22.4,2.0,12.0,36.973463333333335,-122.04054183333334,23.5,0.62,12.694,37.04
2026-09-07 15:40:46.874703,0.50439453125,0.4677734375,0.536376953125,0.489013671875,-0.16015625,-0.28125,-0.5078125,-0.01953125,-0.01953125,-0.0078125,1725.75,14.9,190.4,18.8,22.4,2.0,12.0,36.973463333333335,-122.04054183333334,23.5,0.62,12.694,37.04
2026-09-07 15:40:46.975234,0.50421142578125,0.46710205078125,0.53607177734375,0.4901123046875,0.16015625,-0.15234375,0.39453125,-0.005859375,-0.017578125,-0.0078125,1760.0,15.5,190.4,18.8,22.4,2.0,12.0,36.973463333333335,-122.04054183333334,23.5,0.62,12.694,37.04
2026-09-07 15:40:47.075134,0.504150390625,0.46661376953125,0.53558349609375,0.49114990234375,0.30859375,0.19140625,-0.48828125,0.029296875,-0.021484375,0.00390625,1760.0,15.5,190.4,18.8,22.4,2.0,12.0,36.973463333333335,-122.04054183333334,23.5,0.62,12.694,37.04
2026-09-07 15:40:47.174940,0.50469970703125,0.46661376953125,0.5347900390625,0.49151611328125,0.078125,-0.10546875,-0.6640625,0.0078125,-0.01953125,-0.01171875,1783.5,15.5,190.4,18.8,22.4,2.0,12.0,36.973463333333335,-122.04054183333334,23.5,0.62,12.694,37.04
2026-09-07 15:40:47.388307,0.50457763671875,0.46624755859375,0.5333251953125,0.4935302734375,-0.08984375,0.20703125,-0.26171875,-0.00390625,-0.009765625,-0.017578125,1799.0,15.5,190.4,18.8,22.4,2.0,12.0,36.973463333333335,-122.04054183333334,23.5,0.62,13.788,37.98
2026-09-07 15:40:47.476222,0.50457763671875,0.4666748046875,0.531982421875,0.49462890625,-0.3125,-0.07421875,-0.15625,-0.005859375,-0.015625,-0.01171875,1799.0,15.5,190.4,18.8,22.4,2.0,12.0,36.973463333333335,-122.04054183333334,23.5,0.62,13.788,37.98
2026-09-07 15:40:47.576969,0.50457763671875,0.46685791015625,0.5313720703125,0.4949951171875,0.10546875,0.1015625,-0.19921875,0.01953125,-0.01171875,-0.013671875,1814.75,16.2,,16.9,20.4,2.0,12.0,36.97351283333333,-122.04049616666668,23.6,0.62,13.788,37.98
2026-09-07 15:40:47.676751,0.50433349609375,0.46728515625,0.53045654296875,0.495849609375,0.16796875,0.078125,0.05859375,0.01171875,-0.0078125,-0.005859375,1814.75,16.2,,16.9,20.4,2.0,12.0,36.97351283333333,-122.04049616666668,23.6,0.62,13.788,37.98
2026-09-07 15:40:47.776674,0.5040283203125,0.4681396484375,0.52923583984375,0.4967041015625,-0.26953125,0.19921875,-0.15625,-0.0078125,-0.01171875,0.0,1814.75,16.2,,16.9,20.4,2.0,12.0,36.97351283333333,-122.04049616666668,23.6,0.62,13.788,37.98
2026-09-07 15:40:47.876742,0.50396728515625,0.46856689453125,0.52825927734375,0.49737548828125,-0.23046875,0.0,0.13671875,-0.00390625,-0.01171875,0.009765625,1576.5,16.2,190.4,17.6,20.0,2.0,12.0,36.97351283333333,-122.04049616666668,23.6,0.62,13.788,37.98
2026-09-07 15:40:47.976785,0.50439453125,0.46923828125,0.52703857421875,0.49761962890625,-0.46875,0.390625,-0.17578125,0.0078125,-0.013671875,0.0078125,1576.5,16.2,190.4,17.6,20.0,2.0,12.0,36.97351283333333,-122.04049616666668,23.6,0.62,13.788,37.98
2026-09-07 15:40:48.076800,0.5047607421875,0.4697265625,0.5260009765625,0.49786376953125,-0.09375,-0.0234375,-0.28515625,0.029296875,-0.021484375,0.009765625,1435.75,16.2,190.4,19.6,19.2,2.0,12.0,36.97351283333333,-122.04049616666668,23.6,0.62,13.788,37.98
2026-09-07 15:40:48.181452,0.50543212890625,0.47027587890625,0.52484130859375,0.4979248046875,-0.09375,0.34375,0.015625,0.01953125,-0.017578125,0.013671875,1435.75,16.2,190.4,19.6,19.2,2.0,12.0,36.97351283333333,-122.04049616666668,23.6,0.62,13.788,37.98
2026-09-07 15:40:48.276120,0.50665283203125,0.47119140625,0.52288818359375,0.49786376953125,0.15234375,0.13671875,-0.046875,0.00390625,-0.013671875,0.015625,1361.5,16.8,190.4,19.2,15.3,2.0,12.0,36.97351283333333,-122.04049616666668,23.6,0.62,13.788,37.98
2026-09-07 15:40:48.383880,0.50701904296875,0.47161865234375,0.522216796875,0.49786376953125,0.03125,0.0234375,-0.0703125,0.013671875,-0.005859375,0.0,1361.5,16.8,190.4,19.2,15.3,2.0,12.0,36.97351283333333,-122.04049616666668,23.6,0.62,14.632,38.71
2026-09-07 15:40:48.483488,0.5072021484375,0.472412109375,0.52081298828125,0.498291015625,0.0390625,0.1171875,-0.2421875,-0.01953125,-0.0078125,0.001953125,1274.0,16.8,190.4,11.0,15.7,2.0,12.0,36.97351283333333,-122.04049616666668,23.6,0.62,14.632,38.71
2026-09-07 15:40:48.582251,0.507080078125,0.4739990234375,0.5189208984375,0.4989013671875,-0.60546875,-0.03125,-0.38671875,0.00390625,-0.005859375,-0.005859375,1274.0,16.8,190.4,11.0,15.7,2.0,12.0,36.97356516666667,-122.0404445,23.8,0.63,14.632,38.71
2026-09-07 15:40:48.682766,0.50665283203125,0.4766845703125,0.51605224609375,0.499755859375,-0.15234375,0.14453125,0.1875,0.013671875,0.0,0.001953125,1291.25,16.2,190.4,9.4,16.1,2.0,12.0,36.97356516666667,-122.0404445,23.8,0.63,14.632,38.71
2026-09-07 15:40:48.782952,-1.4927978515625,0.4776611328125,0.514892578125,0.49945068359375,-0.73046875,0.10546875,-0.07421875,0.01953125,-0.013671875,0.017578125,1291.25,16.2,190.4,9.4,16.1,2.0,12.0,36.97356516666667,-122.0404445,23.8,0.63,14.632,38.71
2026-09-07 15:40:48.883124,0.50811767578125,0.47802734375,0.5140380859375,0.4991455078125,-0.1171875,0.40625,0.09375,0.041015625,-0.021484375,0.0,1282.0,16.2,190.4,8.6,16.5,2.0,12.0,36.97356516666667,-122.0404445,23.8,0.63,14.632,38.71
2026-09-07 15:40:48.983019,0.5087890625,0.47802734375,0.5133056640625,0.49920654296875,-0.29296875,-0.4375,-0.39453125,0.001953125,-0.005859375,0.009765625,1282.0,16.2,190.4,8.6,16.5,2.0,12.0,36.97356516666667,-122.0404445,23.8,0.63,14.632,38.71
2026-09-07 15:40:49.083392,0.50897216796875,0.47833251953125,0.5125732421875,0.49945068359375,-0.43359375,-0.17578125,-0.00390625,-0.001953125,-0.005859375,-0.00390625,1274.0,16.2,190.4,9.0,16.1,2.0,12.0,36.97356516666667,-122.0404445,23.8,0.63,14.632,38.71
2026-09-07 15:40:49.183013,0.5089111328125,0.47894287109375,0.51177978515625,0.49969482421875,-0.1484375,0.05078125,-0.109375,0.005859375,-0.005859375,-0.017578125,1274.0,16.2,190.4,9.0,16.1,2.0,12.0,36.97356516666667,-122.0404445,23.8,0.63,14.632,38.71
2026-09-07 15:40:49.398944,0.50396728515625,0.4884033203125,0.5018310546875,-1.494384765625,-0.234375,-0.53515625,0.18359375,0.009765625,-0.001953125,0.00390625,1262.5,16.2,190.4,8.6,16.1,2.0,12.0,36.97356516666667,-122.0404445,23.8,0.63,14.713,39.64
2026-09-07 15:40:49.496671,0.50274658203125,0.49041748046875,0.49945068359375,0.5072021484375,0.4921875,-0.46875,0.12890625,-0.00390625,-0.01171875,0.005859375,1254.5,16.2,190.4,8.6,16.1,2.0,12.0,36.97361833333333,-122.04038983333334,23.9,0.63,14.713,39.64
2026-09-07 15:40:49.596921,0.5015869140625,0.49188232421875,0.4976806640625,0.50872802734375,0.1796875,-0.0078125,-0.1875,-0.001953125,-0.00390625,-0.009765625,1254.5,16.2,190.4,8.6,16.1,2.0,12.0,36.97361833333333,-122.04038983333334,23.9,0.63,14.713,39.64
2026-09-07 15:40:49.695961,0.50042724609375,0.49298095703125,0.49627685546875,0.5101318359375,0.2109375,-0.296875,0.11328125,-0.015625,-0.005859375,-0.017578125,1237.5,15.5,190.4,8.2,16.1,2.0,12.0,36.97361833333333,-122.04038983333334,23.9,0.63,14.713,39.64
2026-09-07 15:40:49.796348,0.5,0.49407958984375,0.4947509765625,0.51092529296875,0.01953125,-0.13671875,0.11328125,0.009765625,-0.00390625,-0.017578125,1237.5,15.5,190.4,8.2,16.1,2.0,12.0,36.97361833333333,-122.04038983333334,23.9,0.63,14.713,39.64
2026-09-07 15:40:49.896690,0.49847412109375,0.4954833984375,0.4931640625,-1.48736572265625,-0.015625,0.53515625,-0.390625,-0.009765625,-0.005859375,0.0,1217.0,15.5,190.4,8.2,16.1,2.0,12.0,36.97361833333333,-122.04038983333334,23.9,0.63,14.713,39.64
2026-09-07 15:40:49.995672,0.4971923828125,0.497314453125,0.49127197265625,0.506103515625,-0.13671875,-0.23046875,-0.27734375,0.013671875,0.001953125,-0.01953125,1217.0,15.5,190.4,8.2,16.1,2.0,12.0,36.97361833333333,-122.04038983333334,23.9,0.63,14.713,39.64
2026-09-07 15:40:50.096873,0.4959716796875,0.49884033203125,0.48974609375,0.51507568359375,-0.22265625,0.10546875,-0.5234375,-0.00390625,0.0,0.001953125,1192.0,15.5,190.4,8.2,16.1,2.0,12.0,36.97361833333333,-122.04038983333334,23.9,0.63,14.713,39.64
2026-09-07 15:40:50.195546,0.49456787109375,0.5006103515625,0.48809814453125,0.51629638671875,-0.03515625,-0.20703125,-0.25390625,-0.021484375,0.001953125,-0.009765625,1192.0,15.5,190.4,8.2,16.1,2.0,12.0,36.97361833333333,-122.04038983333334,23.9,0.63,14.713,39.64
2026-09-07 15:40:50.296596,0.493896484375,0.5025634765625,0.48663330078125,0.51641845703125,0.1875,0.06640625,0.0625,-0.015625,0.0078125,0.009765625,1164.0,14.9,190.4,9.0,16.5,2.0,12.0,36.97361833333333,-122.04038983333334,23.9,0.63,14.713,39.64
2026-09-07 15:40:50.396540,0.49310302734375,0.5045166015625,0.4853515625,0.51641845703125,-0.578125,0.265625,-0.05078125,0.00390625,0.015625,0.0,1164.0,14.9,190.4,9.0,16.5,2.0,12.0,36.97361833333333,-122.04038983333334,23.9,0.63,13.669,39.59
2026-09-07 15:40:50.497851,0.49249267578125,0.50616455078125,0.48406982421875,0.51666259765625,-0.2734375,0.10546875,0.1171875,0.0,0.0078125,0.005859375,1135.0,14.3,190.4,11.0,16.5,2.0,12.0,36.9736685,-122.040338,24.1,0.63,13.669,39.59
2026-09-07 15:40:50.593405,0.49176025390625,0.50677490234375,0.48358154296875,0.51715087890625,-0.1015625,0.2421875,-0.09765625,-0.017578125,0.0078125,0.00390625,1135.0,14.3,190.4,11.0,16.5,2.0,12.0,36.9736685,-122.040338,24.1,0.63,13.669,39.59
2026-09-07 15:40:50.693155,0.4901123046875,0.50823974609375,0.482666015625,0.5181884765625,-0.421875,-0.26171875,0.1171875,-0.017578125,0.009765625,-0.005859375,1100.0,14.3,190.4,12.2,16.5,2.0,12.0,36.9736685,-122.040338,24.1,0.63,13.669,39.59
2026-09-07 15:40:50.792889,0.48895263671875,0.50933837890625,0.4820556640625,0.51873779296875,0.06640625,-0.1953125,0.17578125,-0.025390625,0.01171875,0.01171875,1100.0,14.3,190.4,12.2,16.5,2.0,12.0,36.9736685,-122.040338,24.1,0.63,13.669,39.59
2026-09-07 15:40:50.895089,0.488037109375,0.51055908203125,0.48138427734375,0.51904296875,-0.109375,-0.31640625,0.0703125,0.0,0.0078125,0.001953125,1060.75,13.7,190.4,12.9,16.5,2.0,12.0,36.9736685,-122.040338,24.1,0.63,13.669,39.59
2026-09-07 15:40:50.992591,0.4871826171875,0.511474609375,0.48101806640625,0.519287109375,0.0546875,-0.19140625,0.28125,0.005859375,0.01171875,0.005859375,1060.75,13.7,190.4,12.9,16.5,2.0,12.0,36.9736685,-122.040338,24.1,0.63,13.669,39.59
2026-09-07 15:40:51.095478,0.48687744140625,0.51220703125,0.48065185546875,0.5191650390625,-0.28515625,0.0390625,-0.1328125,0.005859375,0.009765625,0.00390625,1018.75,13.0,190.4,13.7,16.5,2.0,12.0,36.9736685,-122.040338,24.1,0.63,13.669,39.59
2026-09-07 15:40:51.194404,0.48651123046875,0.51263427734375,0.4805908203125,0.51922607421875,-0.20703125,-0.0390625,-0.484375,-0.009765625,0.001953125,0.0078125,1018.75,13.0,190.4,13.7,16.5,2.0,12.0,36.9736685,-122.040338,24.1,0.63,13.669,39.59
2026-09-07 15:40:51.294407,0.486328125,0.51239013671875,0.48065185546875,-1.48046875,-0.14453125,0.26953125,0.328125,0.01171875,-0.0078125,0.025390625,984.25,13.0,190.4,14.5,16.1,2.0,12.0,36.9736685,-122.040338,24.1,0.63,13.669,39.59
2026-09-07 15:40:51.395517,0.4927978515625,0.5140380859375,0.47845458984375,0.52117919921875,0.515625,-0.40234375,-0.0859375,0.013671875,-0.001953125,0.0078125,984.25,13.0,190.4,14.5,16.1,2.0,12.0,36.9736685,-122.040338,24.1,0.63,11.938,39.55
2026-09-07 15:40:51.495595,0.48382568359375,0.51483154296875,0.4775390625,0.52227783203125,0.62109375,-0.453125,-0.0859375,-0.009765625,0.00390625,-0.009765625,950.0,12.4,190.4,15.3,16.1,2.0,12.0,36.973713,-122.040292,24.3,0.63,11.938,39.55
2026-09-07 15:40:51.595455,0.48333740234375,0.5152587890625,0.47723388671875,0.52264404296875,0.15234375,-0.1640625,0.3515625,0.02734375,-0.001953125,-0.017578125,950.0,12.4,190.4,15.3,16.1,2.0,12.0,36.973713,-122.040292,24.3,0.63,11.938,39.55
2026-09-07 15:40:51.695637,0.4832763671875,0.51544189453125,0.47711181640625,0.5225830078125,-0.03515625,0.609375,0.07421875,-0.009765625,0.001953125,-0.015625,925.0,11.8,190.4,15.7,16.1,2.0,12.0,36.973713,-122.040292,24.3,0.63,11.938,39.55
2026-09-07 15:40:51.796580,0.48358154296875,0.50665283203125,0.47802734375,0.5224609375,0.09375,0.37890625,0.2421875,0.001953125,-0.00390625,-0.01953125,925.0,11.8,190.4,15.7,16.1,2.0,12.0,36.973713,-122.040292,24.3,0.63,11.938,39.55
2026-09-07 15:40:51.895854,-1.515869140625,0.514404296875,0.47784423828125,0.5220947265625,0.09765625,0.421875,0.296875,0.025390625,-0.001953125,-0.0078125,904.5,11.8,190.4,16.5,16.1,2.0,12.0,36.973713,-122.040292,24.3,0.63,11.938,39.55
2026-09-07 15:40:51.996316,0.48486328125,0.51434326171875,0.4779052734375,0.52154541015625,-0.171875,-0.05078125,-0.2421875,0.033203125,0.001953125,-0.01171875,904.5,11.8,190.4,16.5,16.1,2.0,12.0,36.973713,-122.040292,24.3,0.63,11.938,39.55
2026-09-07 15:40:52.095990,0.4849853515625,0.51336669921875,0.4786376953125,0.521728515625,0.15234375,-0.515625,-0.29296875,-0.00390625,-0.0078125,0.009765625,901.5,11.8,190.4,17.3,16.1,2.0,12.0,36.973713,-122.040292,24.3,0.63,11.938,39.55
2026-09-07 15:40:52.196329,0.4859619140625,0.51287841796875,0.47845458984375,0.52142333984375,0.171875,-0.24609375,-0.40625,0.01171875,-0.013671875,0.013671875,901.5,11.8,190.4,17.3,16.1,2.0,12.0,36.973713,-122.040292,24.3,0.63,11.938,39.55
2026-09-07 15:40:52.296302,0.4859619140625,0.51171875,0.47930908203125,0.52178955078125,0.265625,-0.4296875,-0.15234375,-0.041015625,0.0,0.015625,910.75,11.2,190.4,16.9,16.1,2.0,12.0,36.973713,-122.040292,24.3,0.63,11.938,39.55
2026-09-07 15:40:52.395469,0.48638916015625,0.51116943359375,0.4801025390625,0.5211181640625,-0.28125,-0.34375,0.27734375,-0.0078125,0.005859375,-0.00390625,910.75,11.2,190.4,16.9,16.1,2.0,12.0,36.973713,-122.040292,24.3,0.63,10.192,37.68
2026-09-07 15:40:52.495915,0.4876708984375,0.51104736328125,0.48016357421875,0.52001953125,0.15625,0.03125,0.51171875,0.037109375,0.0,0.0,922.5,11.2,190.4,16.5,16.1,2.0,12.0,36.97375266666667,-122.04025416666668,24.4,0.63,10.192,37.68
2026-09-07 15:40:52.595834,0.489013671875,0.51129150390625,0.47967529296875,0.51904296875,-0.12109375,0.20703125,0.37109375,0.052734375,-0.00390625,0.005859375,922.5,11.2,190.4,16.5,16.1,2.0,12.0,36.97375266666667,-122.04025416666668,24.4,0.63,10.192,37.68
2026-09-07 15:40:52.695589,0.4893798828125,0.51025390625,0.48016357421875,0.51922607421875,-0.2265625,0.390625,-0.69921875,0.05078125,-0.01171875,0.009765625,926.5,10.6,190.4,16.1,16.1,2.0,12.0,36.97375266666667,-122.04025416666668,24.4,0.63,10.192,37.68
2026-09-07 15:40:52.796131,0.4892578125,0.5096435546875,0.48016357421875,0.51995849609375,0.06640625,0.10546875,-0.92578125,-0.013671875,-0.01171875,0.001953125,926.5,10.6,190.4,16.1,16.1,2.0,12.0,36.97375266666667,-122.04025416666668,24.4,0.63,10.192,37.68
2026-09-07 15:40:52.896554,0.48956298828125,0.5101318359375,0.47943115234375,0.51983642578125,-0.0859375,-0.08984375,0.10546875,-0.013671875,-0.00390625,0.00390625,893.75,9.9,190.4,17.3,16.1,2.0,12.0,36.97375266666667,-122.04025416666668,24.4,0.63,10.192,37.68
2026-09-07 15:40:52.995568,0.490234375,0.51190185546875,0.4779052734375,0.51885986328125,-0.1640625,-0.1328125,0.48828125,-0.029296875,0.001953125,-0.00390625,893.75,9.9,190.4,17.3,16.1,2.0,12.0,36.97375266666667,-122.04025416666668,24.4,0.63,10.192,37.68
2026-09-07 15:40:53.095618,0.4908447265625,0.51263427734375,0.47674560546875,0.5186767578125,-0.19921875,-0.109375,0.21484375,0.001953125,-0.01171875,0.013671875,865.5,9.9,190.4,18.4,16.1,2.0,12.0,36.97375266666667,-122.04025416666668,24.4,0.63,10.192,37.68
2026-09-07 15:40:53.196116,0.4908447265625,0.51300048828125,0.4757080078125,0.5191650390625,0.03125,0.12890625,0.0390625,0.01171875,-0.0078125,0.015625,865.5,9.9,190.4,18.4,16.1,2.0,12.0,36.97375266666667,-122.04025416666668,24.4,0.63,10.192,37.68
2026-09-07 15:40:53.296044,0.48992919921875,0.513671875,0.474853515625,0.520263671875,-0.03125,0.19921875,0.0078125,0.02734375,0.0,0.015625,842.0,9.3,190.4,19.6,16.5,2.0,12.0,36.97375266666667,-122.04025416666668,24.4,0.63,10.192,37.68
2026-09-07 15:40:53.396150,0.4893798828125,0.513916015625,0.47442626953125,0.5208740234375,0.12109375,0.296875,-0.21484375,0.009765625,-0.001953125,0.01171875,842.0,9.3,190.4,19.6,16.5,2.0,12.0,36.97375266666667,-122.04025416666668,24.4,0.63,8.791,38.8
2026-09-07 15:40:53.495531,0.48870849609375,0.51373291015625,0.474365234375,0.521728515625,0.03125,-0.06640625,-0.12890625,-0.021484375,-0.001953125,-0.001953125,818.75,8.7,190.4,21.6,16.5,2.0,12.0,36.9737865,-122.0402215,24.4,0.63,8.791,38.8
2026-09-07 15:40:53.603393,0.48834228515625,0.513671875,0.47418212890625,0.5223388671875,0.24609375,-0.42578125,0.27734375,-0.025390625,-0.001953125,0.001953125,818.75,8.7,190.4,21.6,16.5,2.0,12.0,36.9737865,-122.0402215,24.4,0.63,8.791,38.8
2026-09-07 15:40:53.702869,0.4879150390625,0.513427734375,0.47412109375,0.52301025390625,0.3125,-0.27734375,0.32421875,-0.259765625,-0.00390625,0.0,795.25,8.7,190.4,23.5,16.5,2.0,12.0,36.9737865,-122.0402215,24.4,0.63,8.791,38.8
2026-09-07 15:40:53.801964,0.48779296875,0.51361083984375,0.47393798828125,0.52313232421875,0.12890625,-0.05859375,0.4453125,0.01171875,0.0,-0.0078125,795.25,8.7,190.4,23.5,16.5,2.0,12.0,36.9737865,-122.0402215,24.4,0.63,8.791,38.8
2026-09-07 15:40:54.012229,0.48907470703125,0.51348876953125,0.47357177734375,0.52239990234375,-0.1484375,0.09375,0.08984375,0.05078125,-0.009765625,0.0,775.0,8.1,190.4,24.3,16.5,2.0,12.0,36.9737865,-122.0402215,24.4,0.63,8.791,38.8
2026-09-07 15:40:54.108663,0.48992919921875,0.512451171875,0.473876953125,0.52227783203125,-0.1875,0.16015625,-0.453125,0.025390625,-0.009765625,-0.005859375,764.0,7.5,190.4,25.1,16.5,2.0,12.0,36.9737865,-122.0402215,24.4,0.63,8.791,38.8
2026-09-07 15:40:54.209354,0.49053955078125,0.51239013671875,0.4735107421875,0.52215576171875,-0.1953125,0.10546875,-0.203125,0.005859375,-0.00390625,-0.021484375,764.0,7.5,190.4,25.1,16.5,2.0,12.0,36.9737865,-122.0402215,24.4,0.63,8.791,38.8
2026-09-07 15:40:54.309344,0.49072265625,0.51275634765625,0.4727783203125,0.52227783203125,-0.3828125,0.328125,0.00390625,-0.0078125,-0.009765625,-0.01953125,747.5,7.5,190.4,25.9,16.5,2.0,12.0,36.9737865,-122.0402215,24.4,0.63,8.791,38.8
2026-09-07 15:40:54.529393,0.49798583984375,0.51519775390625,0.46917724609375,0.52362060546875,-0.1875,-0.25,0.27734375,-0.00390625,-0.0078125,-0.009765625,743.75,6.8,190.4,27.5,16.5,2.0,12.0,36.97381266666667,-122.040192,24.4,0.62,7.093,41.36
2026-09-07 15:40:54.621608,0.48834228515625,0.51727294921875,0.46624755859375,0.51806640625,-0.01953125,-0.046875,-0.1875,0.001953125,-0.009765625,-0.001953125,743.75,6.8,190.4,27.5,16.5,2.0,12.0,36.97381266666667,-122.040192,24.4,0.62,7.093,41.36
2026-09-07 15:40:54.727420,0.4874267578125,0.5184326171875,0.4644775390625,0.52716064453125,-0.0859375,-0.20703125,0.078125,0.015625,-0.005859375,-0.005859375,752.25,6.2,190.4,27.8,16.5,2.0,12.0,36.97381266666667,-122.040192,24.4,0.62,7.093,41.36
2026-09-07 15:40:54.822168,0.48687744140625,0.519287109375,0.46307373046875,0.528076171875,-0.26171875,0.34375,-0.1640625,-0.0078125,-0.0078125,0.005859375,752.25,6.2,190.4,27.8,16.5,2.0,12.0,36.97381266666667,-122.040192,24.4,0.62,7.093,41.36
2026-09-07 15:40:54.928574,0.48590087890625,0.52008056640625,0.4617919921875,0.52923583984375,-0.19140625,0.23828125,-0.07421875,0.001953125,-0.001953125,0.015625,785.0,5.6,190.4,27.5,16.5,2.0,12.0,36.97381266666667,-122.040192,24.4,0.62,7.093,41.36
2026-09-07 15:40:55.021578,0.485595703125,0.52105712890625,0.46051025390625,0.52972412109375,0.0625,-0.171875,-0.1953125,0.0,-0.0078125,0.017578125,785.0,5.6,190.4,27.5,16.5,2.0,12.0,36.97381266666667,-122.040192,24.4,0.62,7.093,41.36
2026-09-07 15:40:55.126957,0.4854736328125,0.52166748046875,0.45941162109375,0.53021240234375,-0.0625,-0.1953125,0.07421875,0.001953125,-0.009765625,0.01171875,767.0,5.0,190.4,27.5,16.5,2.0,12.0,36.97381266666667,-122.040192,24.4,0.62,7.093,41.36
2026-09-07 15:40:55.221661,0.4854736328125,0.52166748046875,0.45892333984375,0.5306396484375,-0.0703125,-0.03125,0.00390625,0.005859375,-0.005859375,0.01171875,767.0,5.0,190.4,27.5,16.5,2.0,12.0,36.97381266666667,-122.040192,24.4,0.62,7.093,41.36
2026-09-07 15:40:55.328462,0.485595703125,0.52191162109375,0.45843505859375,0.53070068359375,0.10546875,0.01171875,-0.02734375,-0.0078125,0.0,0.009765625,753.0,4.3,190.4,27.5,16.5,2.0,12.0,36.97381266666667,-122.040192,24.4,0.62,7.093,41.36
2026-09-07 15:40:55.427141,0.4854736328125,0.52203369140625,0.458251953125,0.53082275390625,0.0390625,-0.1796875,-0.0703125,-0.013671875,-0.005859375,0.0078125,753.0,4.3,190.4,27.5,16.5,2.0,12.0,36.97381266666667,-122.040192,24.4,0.62,4.512,42.39
2026-09-07 15:40:55.526820,0.4853515625,0.52191162109375,0.4581298828125,0.53118896484375,-0.0625,0.13671875,-0.09375,-0.025390625,-0.0078125,0.00390625,737.5,3.7,190.4,27.1,16.5,2.0,12.0,36.9738305,-122.040171,24.3,0.62,4.512,42.39
2026-09-07 15:40:55.626246,0.48516845703125,0.52166748046875,0.458251953125,0.531494140625,0.015625,0.02734375,0.12890625,-0.013671875,0.001953125,0.013671875,737.5,3.7,190.4,27.1,16.5,2.0,12.0,36.9738305,-122.040171,24.3,0.62,4.512,42.39
2026-09-07 15:40:55.728774,0.485107421875,0.52166748046875,0.4583740234375,0.53143310546875,0.0,-0.0546875,0.1953125,-0.255859375,0.0,0.00390625,731.25,3.1,190.4,27.1,16.5,2.0,12.0,36.9738305,-122.040171,24.3,0.62,4.512,42.39
2026-09-07 15:40:55.826878,0.48516845703125,0.52166748046875,0.45831298828125,0.53143310546875,0.02734375,0.0078125,0.1796875,0.005859375,-0.001953125,0.001953125,731.25,3.1,190.4,27.1,16.5,2.0,12.0,36.9738305,-122.040171,24.3,0.62,4.512,42.39
2026-09-07 15:40:55.926055,0.48516845703125,0.52166748046875,0.45806884765625,0.5316162109375,0.13671875,-0.0546875,-0.09765625,0.001953125,-0.005859375,0.0,726.5,2.5,190.4,27.5,16.5,2.0,12.0,36.9738305,-122.040171,24.3,0.62,4.512,42.39
2026-09-07 15:40:56.027323,0.48492431640625,0.521484375,0.4580078125,0.5321044921875,0.06640625,0.0234375,-0.11328125,-0.001953125,0.001953125,0.0,726.5,2.5,190.4,27.5,16.5,2.0,12.0,36.9738305,-122.040171,24.3,0.62,4.512,42.39
2026-09-07 15:40:56.118607,0.48492431640625,0.521484375,0.4581298828125,0.531982421875,0.03515625,0.12109375,-0.01171875,-0.005859375,0.0078125,0.0,732.75,1.9,190.4,27.8,16.5,2.0,12.0,36.9738305,-122.040171,24.3,0.62,4.512,42.39
2026-09-07 15:40:56.225577,0.4847412109375,0.52130126953125,0.45855712890625,0.531982421875,0.06640625,0.09765625,0.03515625,-0.017578125,0.0,0.001953125,732.75,1.9,190.4,27.8,16.5,2.0,12.0,36.9738305,-122.040171,24.3,0.62,4.512,42.39
2026-09-07 15:40:56.324446,0.48480224609375,0.520751953125,0.458984375,0.53204345703125,0.25390625,-0.0546875,0.125,-0.015625,-0.001953125,0.0,729.5,1.2,190.4,27.8,16.5,2.0,12.0,36.9738305,-122.040171,24.3,0.62,4.512,42.39
2026-09-07 15:40:56.536199,0.48553466796875,0.5191650390625,-1.53924560546875,0.53143310546875,0.19140625,0.11328125,0.0234375,-0.01171875,0.001953125,0.005859375,731.25,1.2,190.4,27.8,16.5,2.0,12.0,36.973840333333335,-122.04015966666668,24.4,0.62,2.058,41.23
2026-09-07 15:40:56.634496,0.4871826171875,0.51580810546875,0.46441650390625,0.52996826171875,0.08984375,-0.0546875,0.09375,-0.013671875,-0.00390625,0.001953125,731.25,1.2,190.4,27.8,16.5,2.0,12.0,36.973840333333335,-122.04015966666668,24.4,0.62,2.058,41.23
2026-09-07 15:40:56.735546,0.48822021484375,0.5137939453125,0.46636962890625,0.529296875,0.1953125,-0.0390625,-0.0234375,-0.0078125,-0.001953125,0.0,735.75,0.6,190.4,27.8,16.5,2.0,12.0,36.973840333333335,-122.04015966666668,24.4,0.62,2.058,41.23
2026-09-07 15:40:56.835185,0.489013671875,-1.48797607421875,0.46826171875,0.52862548828125,0.1796875,-0.0234375,0.11328125,-0.005859375,0.001953125,0.0,735.75,0.6,190.4,27.8,16.5,2.0,12.0,36.973840333333335,-122.04015966666668,24.4,0.62,2.058,41.23
2026-09-07 15:40:56.935487,0.4898681640625,0.51031494140625,0.47027587890625,0.52777099609375,0.21875,-0.015625,0.04296875,-0.001953125,0.00390625,0.001953125,738.25,0.0,190.4,27.8,16.5,2.0,12.0,36.973840333333335,-122.04015966666668,24.4,0.62,2.058,41.23
2026-09-07 15:40:57.035091,0.49090576171875,0.50823974609375,0.4722900390625,0.52691650390625,0.24609375,0.0,0.02734375,-0.001953125,-0.00390625,0.00390625,738.25,0.0,190.4,27.8,16.5,2.0,12.0,36.973840333333335,-122.04015966666668,24.4,0.62,2.058,41.23
2026-09-07 15:40:57.135887,0.49224853515625,0.50604248046875,0.4744873046875,0.52581787109375,0.296875,0.0,-0.015625,-0.001953125,0.0,0.001953125,733.5,0.0,190.4,27.8,16.5,2.0,12.0,36.973840333333335,-122.04015966666668,24.4,0.62,2.058,41.23
2026-09-07 15:40:57.235240,0.49371337890625,0.50372314453125,0.4769287109375,0.52447509765625,0.234375,0.0078125,0.01171875,-0.005859375,0.00390625,0.001953125,733.5,0.0,190.4,27.8,16.5,2.0,12.0,36.973840333333335,-122.04015966666668,24.4,0.62,2.058,41.23
2026-09-07 15:40:57.335128,0.49530029296875,0.5013427734375,0.4793701171875,0.52294921875,0.01171875,-0.03125,0.04296875,-0.00390625,0.0,0.0,734.25,0.0,190.4,27.8,16.5,2.0,12.0,36.973840333333335,-122.04015966666668,24.4,0.62,2.058,41.23
2026-09-07 15:40:57.435176,0.49700927734375,0.49908447265625,0.4815673828125,0.52154541015625,0.09375,0.08203125,0.07421875,0.0,0.0,0.001953125,734.25,0.0,190.4,27.8,16.5,2.0,12.0,36.973840333333335,-122.04015966666668,24.4,0.62,0.421,
2026-09-07 15:40:57.534764,0.49853515625,0.4970703125,0.48358154296875,0.5201416015625,0.69921875,0.13671875,0.08984375,0.0078125,-0.001953125,0.00390625,737.5,0.0,190.4,27.8,16.5,1.0,12.0,36.97384383333333,-122.04015583333332,24.2,0.62,0.421,
2026-09-07 15:40:57.635028,0.50042724609375,0.4945068359375,0.48614501953125,0.51837158203125,0.54296875,-0.16796875,0.06640625,0.0,0.0,0.0078125,737.5,0.0,190.4,27.8,16.5,1.0,12.0,36.97384383333333,-122.04015583333332,24.2,0.62,0.421,
2026-09-07 15:40:57.734907,0.5028076171875,0.4912109375,0.48944091796875,0.51611328125,0.390625,-0.0859375,0.01953125,0.00390625,-0.001953125,0.0,734.25,0.0,190.4,27.8,16.5,1.0,12.0,36.97384383333333,-122.04015583333332,24.2,0.62,0.421,
2026-09-07 15:40:57.834714,0.50555419921875,0.48760986328125,0.492919921875,0.51348876953125,0.2421875,0.0078125,0.00390625,0.00390625,-0.001953125,0.0,734.25,0.0,190.4,27.8,16.5,1.0,12.0,36.97384383333333,-122.04015583333332,24.2,0.62,0.421,
2026-09-07 15:40:57.934719,0.50830078125,0.48394775390625,0.49652099609375,0.51080322265625,0.140625,0.046875,0.04296875,0.0,0.0,-0.001953125,749.0,0.0,190.4,28.2,21.2,1.0,12.0,36.97384383333333,-122.04015583333332,24.2,0.62,0.421,
2026-09-07 15:40:58.034863,0.5108642578125,0.48052978515625,0.4998779296875,0.5081787109375,0.078125,0.0,0.03515625,0.001953125,0.0,-0.001953125,749.0,0.0,190.4,28.2,21.2,1.0,12.0,36.97384383333333,-122.04015583333332,24.2,0.62,0.421,
2026-09-07 15:40:58.134138,0.51318359375,0.4774169921875,0.5028076171875,0.505859375,0.33203125,0.0,0.05078125,0.001953125,-0.001953125,-0.001953125,993.75,0.0,190.4,40.0,19.2,1.0,12.0,36.97384383333333,-122.04015583333332,24.2,0.62,0.421,
2026-09-07 15:40:58.235191,0.515380859375,0.4744873046875,0.50543212890625,0.50372314453125,0.55078125,0.03125,0.109375,0.005859375,-0.00390625,0.001953125,993.75,0.0,190.4,40.0,19.2,1.0,12.0,36.97384383333333,-122.04015583333332,24.2,0.62,0.421,
2026-09-07 15:40:58.342159,0.51776123046875,0.4710693359375,0.508544921875,0.50140380859375,0.30859375,-0.12890625,0.046875,0.0,-0.001953125,0.0,1222.5,1.2,190.4,27.5,20.4,1.0,12.0,36.97384383333333,-122.04015583333332,24.2,0.62,0.421,
2026-09-07 15:40:58.435094,0.5203857421875,0.466796875,0.51214599609375,0.4990234375,0.23828125,-0.14453125,0.0703125,-0.0078125,-0.01171875,-0.005859375,1222.5,1.2,190.4,27.5,20.4,1.0,12.0,36.97384383333333,-122.04015583333332,24.2,0.62,0.718,40.79
2026-09-07 15:40:58.541022,0.5230712890625,0.46209716796875,0.515869140625,0.49676513671875,0.2734375,-0.06640625,0.1171875,-0.0078125,-0.013671875,-0.00390625,1297.5,1.2,190.4,26.3,21.2,1.0,12.0,36.97384666666667,-122.040153,24.2,0.64,0.718,40.79
2026-09-07 15:40:58.641093,0.525634765625,0.45721435546875,0.51934814453125,0.49493408203125,0.0625,0.0,0.3125,-0.005859375,-0.0234375,-0.0078125,1297.5,1.2,190.4,26.3,21.2,1.0,12.0,36.97384666666667,-122.040153,24.2,0.64,0.718,40.79
2026-09-07 15:40:58.740344,0.52801513671875,0.45233154296875,0.5225830078125,0.493408203125,0.0390625,0.078125,0.3046875,0.005859375,-0.0390625,-0.001953125,1374.0,1.9,190.4,25.9,21.6,1.0,12.0,36.97384666666667,-122.040153,24.2,0.64,0.718,40.79
2026-09-07 15:40:58.839228,0.53009033203125,0.44744873046875,0.5252685546875,0.49285888671875,0.0703125,0.1015625,0.15625,-0.00390625,-0.05078125,-0.013671875,1374.0,1.9,190.4,25.9,21.6,1.0,12.0,36.97384666666667,-122.040153,24.2,0.64,0.718,40.79
2026-09-07 15:40:58.940825,0.53131103515625,0.44244384765625,0.52740478515625,0.4937744140625,0.0703125,-0.21484375,-0.01171875,-0.01171875,-0.056640625,-0.01171875,1428.75,2.5,190.4,25.9,21.6,1.0,12.0,36.97384666666667,-122.040153,24.2,0.64,0.718,40.79
2026-09-07 15:40:59.041747,0.5322265625,0.4376220703125,0.52899169921875,0.49542236328125,-0.015625,-0.03515625,0.23046875,-0.021484375,-0.0703125,-0.017578125,1428.75,2.5,190.4,25.9,21.6,1.0,12.0,36.97384666666667,-122.040153,24.2,0.64,0.718,40.79
2026-09-07 15:40:59.140581,0.5333251953125,0.43292236328125,0.52972412109375,0.49755859375,-0.16796875,0.16796875,0.375,-0.021484375,-0.08984375,-0.017578125,1465.5,3.1,190.4,25.1,22.4,1.0,12.0,36.97384666666667,-122.040153,24.2,0.64,0.718,40.79
2026-09-07 15:40:59.241082,0.5345458984375,0.42791748046875,0.52972412109375,0.50054931640625,-0.01171875,-0.3984375,0.6640625,-0.01171875,-0.107421875,-0.021484375,1465.5,3.1,190.4,25.1,22.4,1.0,12.0,36.97384666666667,-122.040153,24.2,0.64,0.718,40.79
2026-09-07 15:40:59.341341,0.5355224609375,0.423095703125,0.52886962890625,0.5045166015625,0.203125,-0.45703125,0.37890625,0.0234375,-0.126953125,-0.03125,1494.5,3.7,190.4,24.7,22.4,1.0,12.0,36.97384666666667,-122.040153,24.2,0.64,0.718,40.79
2026-09-07 15:40:59.440883,0.536376953125,0.4183349609375,0.52728271484375,0.5091552734375,-0.1171875,0.37109375,-0.3046875,0.025390625,-0.138671875,-0.029296875,1494.5,3.7,190.4,24.7,22.4,1.0,12.0,36.97384666666667,-122.040153,24.2,0.64,3.27,49.59
2026-09-07 15:40:59.660714,0.5386962890625,0.40753173828125,0.52294921875,0.51983642578125,-0.0625,0.23828125,-0.37890625,-0.041015625,-0.173828125,-0.02734375,1508.5,5.0,190.4,25.1,22.7,1.0,12.0,36.973854333333335,-122.0401405,24.2,0.62,3.27,49.59
2026-09-07 15:40:59.759475,0.54217529296875,0.4002685546875,0.51654052734375,0.5281982421875,-0.140625,0.0390625,0.05859375,-0.041015625,-0.19140625,-0.033203125,1508.5,5.0,190.4,25.1,22.7,1.0,12.0,36.973854333333335,-122.0401405,24.2,0.62,3.27,49.59
2026-09-07 15:40:59.860228,0.5447998046875,0.395263671875,0.51104736328125,0.5345458984375,-0.76171875,-0.20703125,0.609375,-0.033203125,-0.212890625,-0.03515625,1508.5,5.0,190.4,25.1,22.7,1.0,12.0,36.973854333333335,-122.0401405,24.2,0.62,3.27,49.59
2026-09-07 15:40:59.959775,0.5482177734375,-1.6102294921875,0.5047607421875,0.541015625,-0.9375,-0.375,0.70703125,-0.0234375,-0.23828125,-0.03125,1524.0,5.6,190.4,23.5,22.7,1.0,12.0,36.973854333333335,-122.0401405,24.2,0.62,3.27,49.59
2026-09-07 15:41:00.060297,0.55303955078125,0.3837890625,0.4974365234375,0.547119140625,-0.51953125,-0.13671875,0.65234375,0.01171875,-0.263671875,-0.033203125,1524.0,5.6,190.4,23.5,22.7,1.0,12.0,36.973854333333335,-122.0401405,24.2,0.62,3.27,49.59
2026-09-07 15:41:00.160269,0.55816650390625,0.3775634765625,0.48919677734375,0.5537109375,-0.58203125,0.015625,0.5390625,-0.0078125,-0.275390625,-0.0234375,1544.5,6.2,190.4,23.9,23.1,1.0,12.0,36.973854333333335,-122.0401405,24.2,0.62,3.27,49.59
2026-09-07 15:41:00.260380,0.552978515625,0.36981201171875,0.483154296875,0.56927490234375,0.0390625,0.33203125,-0.671875,-0.005859375,-0.267578125,-0.015625,1544.5,6.2,190.4,23.9,23.1,1.0,12.0,36.973854333333335,-122.0401405,24.2,0.62,3.27,49.59
2026-09-07 15:41:00.364966,0.55072021484375,0.36187744140625,0.476806640625,0.58172607421875,-0.0078125,-0.1640625,-0.23046875,-0.03515625,-0.271484375,-0.033203125,1603.75,6.8,190.4,23.5,23.5,1.0,12.0,36.973854333333335,-122.0401405,24.2,0.62,5.733,64.72
2026-09-07 15:41:00.459546,0.55108642578125,0.35333251953125,0.46966552734375,0.59234619140625,-0.3671875,-0.484375,0.08984375,-0.04296875,-0.322265625,-0.03515625,1603.75,6.8,190.4,23.5,23.5,1.0,12.0,36.973854333333335,-122.0401405,24.2,0.62,5.733,64.72
2026-09-07 15:41:00.679192,0.561767578125,0.3343505859375,0.44903564453125,0.60906982421875,-0.46875,0.58203125,0.7421875,-0.00390625,-0.357421875,-0.064453125,1688.25,8.1,190.4,21.6,23.9,1.0,12.0,36.973864166666665,-122.04011383333334,24.2,0.62,5.733,64.72
2026-09-07 15:41:00.776776,0.5679931640625,0.32470703125,0.4375,0.61688232421875,-0.3828125,0.015625,1.26171875,-0.01171875,-0.35546875,-0.04296875,1688.25,8.1,190.4,21.6,23.9,1.0,12.0,36.973864166666665,-122.04011383333334,24.2,0.62,5.733,64.72
2026-09-07 15:41:00.876565,0.5755615234375,0.31451416015625,0.4266357421875,0.62274169921875,-0.53515625,1.05078125,0.04296875,0.001953125,-0.361328125,-0.005859375,1720.25,8.1,190.4,19.6,22.0,1.0,12.0,36.973864166666665,-122.04011383333334,24.2,0.62,5.733,64.72
2026-09-07 15:41:00.976249,0.582275390625,0.3023681640625,0.415771484375,0.62982177734375,-0.765625,0.66796875,0.01953125,-0.033203125,-0.396484375,-0.013671875,1720.25,8.1,190.4,19.6,22.0,1.0,12.0,36.973864166666665,-122.04011383333334,24.2,0.62,5.733,64.72
2026-09-07 15:41:01.076589,0.58929443359375,0.2894287109375,0.40264892578125,0.6378173828125,0.40625,0.0078125,0.21875,-0.0078125,-0.431640625,-0.06640625,1746.75,8.7,190.4,18.0,22.0,1.0,12.0,36.973864166666665,-122.04011383333334,24.2,0.62,5.733,64.72
2026-09-07 15:41:01.176630,0.594970703125,0.2777099609375,0.38818359375,0.646728515625,-0.484375,-0.30859375,0.296875,-0.07421875,-0.400390625,-0.083984375,1746.75,8.7,190.4,18.0,22.0,1.0,12.0,36.973864166666665,-122.04011383333334,24.2,0.62,5.733,64.72
2026-09-07 15:41:01.276574,0.59857177734375,0.2667236328125,0.37481689453125,0.65582275390625,-1.01953125,0.15234375,1.3203125,-0.033203125,-0.130859375,-0.076171875,1844.5,9.3,190.4,17.6,22.4,1.0,12.0,36.973864166666665,-122.04011383333334,24.2,0.62,5.733,64.72
2026-09-07 15:41:01.376233,0.6041259765625,0.25506591796875,0.36114501953125,0.6629638671875,-1.09375,0.52734375,0.80859375,0.005859375,-0.421875,-0.033203125,1844.5,9.3,190.4,17.6,22.4,1.0,12.0,36.973864166666665,-122.04011383333334,24.2,0.62,7.755,80.35
2026-09-07 15:41:01.476424,0.606689453125,0.2410888671875,0.3475341796875,0.67303466796875,-0.84375,-0.546875,0.45703125,-0.005859375,-0.4375,-0.041015625,1882.0,9.3,190.4,17.6,22.4,1.0,12.0,36.973864166666665,-122.04011383333334,24.2,0.62,7.755,80.35
2026-09-07 15:41:01.576135,0.61151123046875,0.22784423828125,0.33392333984375,0.68017578125,-0.53515625,-0.4453125,0.12890625,0.005859375,-0.40625,-0.03125,1882.0,9.3,190.4,17.6,22.4,1.0,12.0,36.973869666666666,-122.040073,24.0,0.62,7.755,80.35
2026-09-07 15:41:01.676994,0.6173095703125,0.2164306640625,0.31976318359375,0.6854248046875,-1.06640625,-0.0625,0.39453125,0.033203125,-0.396484375,-0.05859375,1938.25,9.9,190.4,17.6,22.4,1.0,12.0,36.973869666666666,-122.040073,24.0,0.62,7.755,80.35
2026-09-07 15:41:01.776313,0.62322998046875,0.20489501953125,0.30487060546875,0.6904296875,-0.66015625,0.07421875,0.7890625,0.0546875,-0.4140625,-0.060546875,1938.25,9.9,190.4,17.6,22.4,1.0,12.0,36.973869666666666,-122.040073,24.0,0.62,7.755,80.35
2026-09-07 15:41:01.876125,0.630126953125,0.19403076171875,0.28955078125,0.69384765625,-0.60546875,0.44921875,-0.3671875,0.0625,-0.388671875,-0.060546875,1759.25,9.9,190.4,17.6,21.6,1.0,12.0,36.973869666666666,-122.040073,24.0,0.62,7.755,80.35
2026-09-07 15:41:01.975779,0.6361083984375,0.182861328125,0.27581787109375,0.697021484375,-0.8203125,0.51171875,0.25390625,0.052734375,-0.37890625,-0.029296875,1759.25,9.9,190.4,17.6,21.6,1.0,12.0,36.973869666666666,-122.040073,24.0,0.62,7.755,80.35
2026-09-07 15:41:02.082954,0.6405029296875,0.1715087890625,0.26202392578125,0.701171875,-0.23046875,0.80078125,-0.7734375,0.04296875,-0.380859375,-0.052734375,1618.75,10.6,190.4,18.8,20.8,1.0,12.0,36.973869666666666,-122.040073,24.0,0.62,7.755,80.35
2026-09-07 15:41:02.175679,0.64263916015625,0.1611328125,0.2481689453125,0.7066650390625,-0.9921875,-0.01171875,0.16796875,-0.01953125,-0.341796875,-0.044921875,1618.75,10.6,190.4,18.8,20.8,1.0,12.0,36.973869666666666,-122.040073,24.0,0.62,7.755,80.35
2026-09-07 15:41:02.283551,0.64459228515625,0.15069580078125,0.235595703125,0.7115478515625,-0.6875,-0.2265625,0.36328125,-0.017578125,-0.337890625,-0.048828125,1493.75,11.2,190.4,20.8,20.4,1.0,12.0,36.973869666666666,-122.040073,24.0,0.62,7.755,80.35
2026-09-07 15:41:02.381331,0.64678955078125,0.14031982421875,0.22412109375,0.71539306640625,-1.0390625,-0.41796875,0.4140625,0.03515625,-0.302734375,0.005859375,1493.75,11.2,190.4,20.8,20.4,1.0,12.0,36.973869666666666,-122.040073,24.0,0.62,9.65,101.19
2026-09-07 15:41:02.482709,0.650390625,0.12982177734375,0.21429443359375,0.71710205078125,-0.390625,0.1796875,-0.44921875,0.025390625,-0.2890625,0.02734375,1507.0,11.2,190.4,19.6,20.4,1.0,12.0,36.973869666666666,-122.040073,24.0,0.62,9.65,101.19
2026-09-07 15:41:02.581750,0.6533203125,0.11895751953125,0.20574951171875,0.71881103515625,-0.59765625,0.01953125,-0.5625,0.015625,-0.2734375,0.03515625,1507.0,11.2,190.4,19.6,20.4,1.0,12.0,36.9738615,-122.0400215,23.9,0.62,9.65,101.19
2026-09-07 15:41:02.683142,0.6546630859375,0.1090087890625,0.197265625,0.7215576171875,-0.453125,-0.06640625,-0.48046875,0.017578125,-0.259765625,0.013671875,1525.0,11.8,190.4,19.6,20.4,1.0,12.0,36.9738615,-122.0400215,23.9,0.62,9.65,101.19
2026-09-07 15:41:03.013159,0.65478515625,0.08331298828125,0.16485595703125,0.73291015625,-0.48828125,0.1015625,-0.66796875,0.00390625,-0.177734375,-0.015625,1570.25,11.8,190.4,18.4,20.4,1.0,12.0,36.9738615,-122.0400215,23.9,0.62,9.65,101.19
2026-09-07 15:41:03.110220,0.65655517578125,0.0814208984375,0.16070556640625,0.73248291015625,0.04296875,-0.27734375,0.27734375,0.001953125,-0.17578125,-0.017578125,1599.0,12.4,190.4,17.6,20.4,1.0,12.0,36.9738615,-122.0400215,23.9,0.62,9.65,101.19
2026-09-07 15:41:03.303876,0.66705322265625,0.07928466796875,0.14007568359375,0.7274169921875,0.20703125,-0.5,0.421875,-0.01171875,-0.15625,-0.02734375,1627.25,12.4,190.4,16.9,22.4,1.0,12.0,36.9738615,-122.0400215,23.9,0.62,9.65,101.19
2026-09-07 15:41:03.420271,0.6700439453125,0.0753173828125,0.129150390625,0.72711181640625,-0.3984375,-0.4921875,0.16796875,-0.021484375,-0.13671875,-0.01953125,1627.25,12.4,190.4,16.9,22.4,1.0,12.0,36.9738615,-122.0400215,23.9,0.62,9.65,101.19
2026-09-07 15:41:03.518209,0.67108154296875,0.07110595703125,0.1231689453125,0.72760009765625,-0.1328125,0.36328125,0.2734375,0.01171875,-0.150390625,-0.0078125,1644.5,13.0,190.4,16.5,21.2,,,,,,,,
2026-09-07 15:41:03.618783,0.67132568359375,0.0672607421875,0.1171875,0.728759765625,-0.16015625,0.4921875,-0.0859375,-0.017578125,-0.142578125,-0.005859375,1644.5,13.0,190.4,16.5,21.2,,,,,,,,
2026-09-07 15:41:03.724407,0.67169189453125,0.0645751953125,0.1112060546875,0.72955322265625,-0.4609375,0.17578125,0.01953125,0.015625,-0.126953125,-0.015625,1632.75,13.0,190.4,17.3,20.8,,,,,,,,
2026-09-07 15:41:03.810990,0.6732177734375,0.06243896484375,0.105712890625,0.72918701171875,-0.05859375,0.015625,-0.34765625,0.0390625,-0.115234375,0.0078125,1632.75,13.0,190.4,17.3,20.8,,,,,,,,
2026-09-07 15:41:03.919885,0.67529296875,0.06005859375,0.10107421875,0.7281494140625,0.18359375,-0.16015625,-1.09375,0.05078125,-0.107421875,-0.0078125,1675.75,13.7,190.4,16.5,21.2,,,,,,,,
2026-09-07 15:41:04.022812,0.67645263671875,0.05780029296875,0.098388671875,0.72760009765625,0.390625,0.23828125,-1.0390625,0.015625,-0.0703125,-0.00390625,1675.75,13.7,190.4,16.5,21.2,,,,,,,,
2026-09-07 15:41:04.120901,0.67694091796875,0.0570068359375,0.096435546875,0.72747802734375,0.26953125,-0.10546875,-0.5234375,0.03125,-0.044921875,-0.013671875,1696.75,13.7,190.4,16.1,21.2,,,,,,,,
2026-09-07 15:41:04.221288,0.67755126953125,0.05633544921875,0.09478759765625,0.7271728515625,0.19140625,0.4453125,-0.4609375,-0.001953125,-0.033203125,-0.015625,1696.75,13.7,190.4,16.1,21.2,,,,,,,,
2026-09-07 15:41:04.321596,0.67779541015625,0.05535888671875,0.09381103515625,0.72711181640625,-0.359375,0.63671875,-0.34765625,-0.00390625,-0.03125,0.001953125,1694.5,14.3,190.4,16.1,20.8,,,,,,,,
