timestamp,fused_x_m,fused_y_m,fused_heading_deg,fused_speed_mph
2026-09-07 15:36:04.376742,0.0,0.0,0.0,1.0823529411764705
2026-09-07 15:36:04.506480,0.059857813159357724,0.0,0.0,1.0254108309250578
2026-09-07 15:36:04.605246,0.10196569283628844,0.0,0.0,0.9859773282640397
2026-09-07 15:36:04.702994,0.1418784542295564,0.0,0.0,0.953895822694175
2026-09-07 15:36:04.789997,0.18688606171941438,0.0,359.96105543199235,1.0235991798891249
2026-09-07 15:36:04.877648,0.22699425403120765,-2.726198119608777e-05,359.9316294610738,1.0235991798891249
2026-09-07 15:36:04.999160,0.28259686347240953,-9.361210698052509e-05,359.9316294610738,1.0108578703866193
2026-09-07 15:36:05.089897,0.3236003312991219,-0.00014254119997169907,359.9316294610738,0.9918291621054812
2026-09-07 15:36:05.198830,0.3718998066019749,-0.00020017655726649417,359.9925806441763,0.9661289398798414
2026-09-07 15:36:05.297060,0.4143251744167918,-0.00020567031098103373,0.04754318735572856,0.9695622875668494
2026-09-07 15:36:05.396924,0.5460054298890152,-0.00020198891948054049,0.11459536382402292,1.407255718468783
2026-09-07 15:36:05.476373,0.5959866637528777,-0.00010202299938972403,0.1590493910362776,1.4183633654354977
2026-09-07 15:36:05.583872,0.6641477716483847,8.718832894140906e-05,0.1590493910362776,1.4127273869716017
2026-09-07 15:36:05.677068,0.7230050733731104,0.0002505728246628427,0.17990774051870423,1.490904954974465
2026-09-07 15:36:05.801102,0.8906965795142419,0.0006252751078331923,0.29094875170816753,2.089543363732617
2026-09-07 15:36:05.897258,0.9805156512021012,0.001081381502286379,0.3985529113734008,2.29707628164824
2026-09-07 15:36:05.997943,1.0839050641181203,0.0018005761183103076,0.511225285597516,2.486230871771607
2026-09-07 15:36:06.096237,1.193149055719618,0.0027753385422748006,0.7092193565472434,2.6588689990924284
2026-09-07 15:36:06.197066,1.3487345476705856,0.004440309306133259,0.8446195788720382,2.937021241905431
2026-09-07 15:36:06.282197,1.4604965096514049,0.006087955613990845,0.9208328133365414,3.0716630577244852
2026-09-07 15:36:06.384668,1.6504224863243884,0.008736304321405042,1.2075103437313197,3.393166088842945
2026-09-07 15:36:06.584185,0.5161429416461156,0.004138083302643295,1.9080883399970106,3.7059813154924917
2026-09-07 15:36:06.684660,0.6825097759311265,0.009680551261733599,2.177938032805305,3.7463671904980838
2026-09-07 15:36:06.784600,0.8991554404268175,0.01736757578531311,2.400489761434783,4.1616797512305626
2026-09-07 15:36:06.885067,1.0859039752719257,0.025196257568051883,2.5803752326954346,4.05633368320533
2026-09-07 15:36:06.990301,1.2765358680248238,0.03378737291151596,2.839453766578547,3.944150034930008
2026-09-07 15:36:07.083442,1.4405597857261512,0.041922701390175655,3.1625673841341486,3.7504491951002388
2026-09-07 15:36:07.188547,1.7572912905694327,0.057643299280765094,3.338073662715823,4.520637760842717
2026-09-07 15:36:07.283806,1.9494741438334589,0.06885262996407245,3.338073662715823,4.28424291222738
2026-09-07 15:36:07.483231,2.3307704500182616,0.09109226431104105,3.6505091150821323,3.604635889505699
2026-09-07 15:36:07.589989,1.5988548543818437,-1.6604629308173238,337.40596192073053,3.1005284139313303
2026-09-07 15:36:07.683467,1.7184768166961333,-1.7102421444021716,337.6988624218342,2.748481669652295
2026-09-07 15:36:07.789013,1.8384592478812618,-1.7594533085530577,337.85240817276843,2.4662687734349538
2026-09-07 15:36:07.888968,1.940530513640589,-1.8009989482439839,337.97544918068553,2.0400446799533865
2026-09-07 15:36:07.988648,2.0248027891819658,-1.83508916950132,338.2096993942385,1.625445315243293
2026-09-07 15:36:08.199507,2.1670735216926293,-1.8919654671052801,338.8468008216866,1.1353422379179978
2026-09-07 15:36:08.298307,2.2138399631691925,-1.9100610409600018,339.04581413083906,0.849584112246917
2026-09-07 15:36:08.398633,2.2494236665133776,-1.9236877093299134,339.3040365852041,0.5909718201421835
2026-09-07 15:36:08.509472,1.998011619462745,-3.654848323280211,312.4758482810815,0.4023922945536671
2026-09-07 15:36:08.611865,2.8888692255603,-3.9936767513358142,314.21424254303736,4.0782016910188625
2026-09-07 15:36:08.709440,3.0129202260911088,-4.121177766268385,314.2797578049826,3.788313097436633
2026-09-07 15:36:08.811439,3.133519478378705,-4.244847791122481,314.4395577483493,3.767813874422473
2026-09-07 15:36:08.911438,3.2514500977649146,-4.365108366894788,314.14860552756073,3.7468428063972405
2026-09-07 15:36:08.998432,3.352943039716195,-4.469663331269967,313.8857568866233,3.5644052728431963
2026-09-07 15:36:09.098800,3.463809836170245,-4.584928314628932,313.5375722250154,3.362690940792373
2026-09-07 15:36:09.198369,3.5669124318513084,-4.693433190670784,313.3704369670954,2.970304187439765
2026-09-07 15:36:09.297509,3.657313007578021,-4.78912797688376,313.4591917105474,2.584805791043469
2026-09-07 15:36:09.400202,4.463167884917672,-5.429381782731202,314.1512171897407,4.960553160486584
2026-09-07 15:36:09.498071,4.082937018994837,-6.705303180224099,295.90886770436055,4.634576787168824
2026-09-07 15:36:09.598620,4.173961252127507,-6.892686375775778,296.02138788667037,4.368360860252329
2026-09-07 15:36:09.698318,4.259374558116773,-7.0676438165889754,295.95444716839813,4.116594362148133
2026-09-07 15:36:09.798446,4.557970410856728,-7.455683612778723,296.4132401160145,4.980031713314586
2026-09-07 15:36:09.898944,4.6574976242143045,-7.656063604984156,296.54819584842477,4.722732363004771
2026-09-07 15:36:09.998127,4.751089109827498,-7.843384321434056,296.5148983837796,4.419399869687618
2026-09-07 15:36:10.106045,4.846271681144691,-8.034166776201598,296.63566490591813,4.202511944390106
2026-09-07 15:36:10.198672,4.924286441044834,-8.189716734463603,296.7289544088881,3.9564611156052094
2026-09-07 15:36:10.305601,5.009349239850402,-8.35863257523565,296.87254613719017,3.703252518849326
2026-09-07 15:36:10.404167,5.083106085369911,-8.50418807491157,296.9056364641637,3.4922406581936802
2026-09-07 15:36:10.614445,5.440344666399337,-9.15165024261539,295.8256703199556,3.2631629780895475
2026-09-07 15:36:10.726702,5.511682640988833,-9.299051358111864,295.8256703199556,2.9836049669915474
2026-09-07 15:36:10.824549,5.568536168258858,-9.416524182196568,295.80377102254147,2.6595636602153085
2026-09-07 15:36:10.925644,5.620855898372912,-9.52473456596279,295.89427597300823,2.5447253802235847
2026-09-07 15:36:11.025281,5.670355646854774,-9.626701198549142,295.82737621226596,2.3549277495585437
2026-09-07 15:36:11.113294,5.7107220177315074,-9.710101328421173,295.7879795447481,2.249566468618919
2026-09-07 15:36:11.213885,5.754730433247885,-9.801185870502964,295.7542093899219,2.139695541590577
2026-09-07 15:36:11.313020,5.795933219076328,-9.886592050918164,295.5767088554835,2.153555459047628
2026-09-07 15:36:11.413392,5.83765052916109,-9.973753704163766,295.3969934810683,1.9930546160022626
2026-09-07 15:36:11.513247,6.671704325018378,-10.658488282135359,298.95115489326434,2.3807676983032815
2026-09-07 15:36:11.613135,6.723165458858609,-10.751513565826903,298.86173050538935,2.304831959890612
2026-09-07 15:36:11.713262,6.7729634622342,-10.841865075732978,298.8169113294885,2.2549619206463607
2026-09-07 15:36:11.834458,6.8318521675188295,-10.948908380891835,298.8304738671718,2.1691817401815254
2026-09-07 15:36:11.932325,6.877616121114189,-11.032047928254666,298.7319068857608,2.075113588422175
2026-09-07 15:36:12.154781,6.976817394102261,-11.213003456021275,298.3336009505307,1.9234950252063554
2026-09-07 15:36:12.235292,7.009674136818977,-11.273939412109856,298.1263790138106,1.846812683092115
2026-09-07 15:36:12.336181,7.0489403642089385,-11.347397103808333,297.8779975572003,1.7718791183523825
2026-09-07 15:36:12.434851,7.0854856354190225,-11.416483250833375,297.7565383380399,1.6244460551757094
2026-09-07 15:36:12.536404,8.648556980435245,-13.439532251405277,301.8260310923974,4.776232051616502
2026-09-07 15:36:12.636800,8.761599146075325,-13.621665782512196,301.51145398646014,4.574461446637082
2026-09-07 15:36:12.736484,8.868145491923668,-13.795455622823603,301.36643613039615,4.254789024985776
2026-09-07 15:36:12.836138,8.966807020019571,-13.957302272132122,301.27722123021493,4.034481715377016
2026-09-07 15:36:12.936358,9.06065090100804,-14.111786664350038,301.086562809536,3.907501502476604
2026-09-07 15:36:13.034473,9.14914420465188,-14.258561506155912,300.8120718228697,3.8037643246653348
2026-09-07 15:36:13.135929,9.412880821811113,-14.687291471575055,300.79845129793256,4.407617321966932
2026-09-07 15:36:13.233116,9.51093025059336,-14.851781027297053,300.60268706233944,4.190216194551041
2026-09-07 15:36:13.332817,9.606006028107513,-15.012528181201024,300.37954462041625,3.9419268828423575
2026-09-07 15:36:13.434258,9.69640918223198,-15.16674274394589,300.1979152088667,3.759329565628015
2026-09-07 15:36:13.532696,9.911531515113715,-15.95515209576196,298.09443492865296,4.017764705910479
2026-09-07 15:36:13.633459,9.996760011230643,-16.114808205518763,297.92529543750817,3.9350004922774713
2026-09-07 15:36:13.735134,10.080522198032261,-16.272838697085337,297.7546250747545,3.779523589693251
2026-09-07 15:36:13.835290,10.159327159030688,-16.42259295307798,297.64254468231474,3.7865249206703444
2026-09-07 15:36:13.934714,10.230086809598408,-16.559132897149844,297.5272277361477,3.7587731237636564
2026-09-07 15:36:14.035107,10.308051463786098,-16.70872799259006,297.40364756599297,3.7596503610494696
2026-09-07 15:36:14.135270,10.385533479798134,-16.858182666303954,297.28035051756126,3.8112887858129136
2026-09-07 15:36:14.234924,10.463355995280303,-17.009087985961493,297.19113561738004,3.887046635362171
2026-09-07 15:36:14.435912,10.622949330877217,-17.31974124146925,296.78628453458714,4.004714692191538
2026-09-07 15:36:14.535805,10.233207732139858,-18.073355380521253,290.6370234061745,4.1426400831701775
2026-09-07 15:36:14.753702,10.375430119440297,-18.450990802282,290.368800040639,4.224511698056429
2026-09-07 15:36:14.852836,10.440593206657164,-18.626501535499337,290.0581772387347,4.431542126681384
2026-09-07 15:36:14.953070,10.508697999134109,-18.813028399740375,289.5534226833301,4.64612487165387
2026-09-07 15:36:15.053152,10.578269329763037,-19.00891114474907,288.99343477266325,4.781675434103539
2026-09-07 15:36:15.153062,10.605906026918397,-19.115230406370383,288.4802080027484,4.478599746572757
2026-09-07 15:36:15.253474,10.669629887112011,-19.30589980828949,287.9857937688645,4.451400244011465
2026-09-07 15:36:15.351558,10.729898613424632,-19.49154448347601,287.60162780534563,4.424831347771755
2026-09-07 15:36:15.451157,10.7894751869693,-19.679335127873383,287.18923662035,4.457902720719366
2026-09-07 15:36:15.551117,9.808266869763868,-20.322831353967615,277.4049897436531,4.511187436138855
2026-09-07 15:36:15.651290,9.834303217474746,-20.52316352942242,276.7660230700079,4.405274330977684
2026-09-07 15:36:15.751304,9.857508193928444,-20.718752758707797,276.93390529927217,4.206893226238734
2026-09-07 15:36:15.852257,9.880428571449245,-20.9072213712884,277.4535777956442,3.9854784496667275
2026-09-07 15:36:16.073891,9.931653310123354,-21.298763033721695,277.1063479144871,4.54323223008906
2026-09-07 15:36:16.172341,9.956389729081899,-21.497179638918034,276.88600535616433,4.71614434715353
2026-09-07 15:36:16.271419,9.981434059700565,-21.704559527126136,276.77513130845733,4.842543376043562
2026-09-07 15:36:16.369381,10.0075307800681,-21.919971750985592,276.78671050248164,4.993329140848319
2026-09-07 15:36:16.463628,10.032392133505796,-22.128877444397762,276.8816315922979,5.20497720890431
2026-09-07 15:36:16.571504,8.62626027720867,-22.389939956473757,266.2602231773961,5.281385494794753
2026-09-07 15:36:16.669002,8.611245994320086,-22.619641639410002,266.07474308660227,5.284793257522921
2026-09-07 15:36:16.770506,8.603801673538165,-22.91389395529478,265.92667607948806,5.419369722830591
2026-09-07 15:36:16.868831,8.586880926287476,-23.151501752618415,265.76162898415726,5.358368863357724
2026-09-07 15:36:16.968380,8.56925726747016,-23.389309807006374,265.57224707315976,5.284430560507308
2026-09-07 15:36:17.067731,8.551137809016119,-23.623311350191496,265.4721854776253,4.982320535397697
2026-09-07 15:36:17.270251,8.515528803802765,-24.072975713646663,264.5429956496047,4.879682208849737
2026-09-07 15:36:17.371101,8.494607502117843,-24.291974173898392,264.5994241590177,4.33331925754784
2026-09-07 15:36:17.470108,8.476556258205918,-24.482915905150712,264.4997090239,4.353217164124993
2026-09-07 15:36:17.570070,6.583356204538074,-24.136791429011666,250.85808322575133,4.403747898814359
2026-09-07 15:36:17.670694,6.51839951104879,-24.32393227496123,250.15993773337067,4.60685598198365
2026-09-07 15:36:17.771800,6.447729638418091,-24.519795587084406,249.65079199361435,4.318845576035637
2026-09-07 15:36:17.871361,6.380886130098866,-24.700021223112024,249.22741669291926,3.956939203004141
2026-09-07 15:36:17.971516,6.318052794808531,-24.865669878247196,248.8911788727748,3.7048938043820936
2026-09-07 15:36:18.071256,6.258560132751737,-25.019778068602417,248.70143360358182,3.7170952432913635
2026-09-07 15:36:18.172139,6.19766994908591,-25.175964860698567,248.5208032871875,3.706517016231145
2026-09-07 15:36:18.272365,6.136860973038397,-25.330501962798284,248.21797472560172,3.685498343405447
2026-09-07 15:36:18.491354,3.9173910022580127,-25.252855391956984,232.99787553052172,5.162892755860925
2026-09-07 15:36:18.590337,3.7798967655341476,-25.43530233126812,232.67664909270383,5.112727589572674
2026-09-07 15:36:18.809087,3.4767564807397076,-25.83289458397733,232.21154053098263,5.1108161449871785
2026-09-07 15:36:18.907599,3.3388427198631683,-26.010765899527254,231.96901107729,5.141804982675081
2026-09-07 15:36:19.008329,3.0804114424893303,-26.470189521601267,231.78338115746521,6.062162627172915
2026-09-07 15:36:19.113093,2.90477224431123,-26.693253964981306,231.47856492471595,6.112511344569569
2026-09-07 15:36:19.207133,2.7447308114982665,-26.894299191058785,231.2575688364081,6.136341356984566
2026-09-07 15:36:19.313636,2.561892381971066,-27.122172812728902,230.97152950490113,6.174497050197142
2026-09-07 15:36:19.413496,2.287187535674368,-27.52022557473841,230.85220198348182,6.821560691959812
2026-09-07 15:36:19.511879,0.08413517637682455,-25.47798505870397,210.0117250062196,6.7956620041541695
2026-09-07 15:36:19.607702,-0.16793834380543737,-25.623588560652777,209.6900304663593,6.974007857922848
2026-09-07 15:36:19.714083,-0.4560571199885887,-25.787862172214137,209.33289087727448,7.087414254022749
2026-09-07 15:36:19.919673,-1.0919001823965844,-26.179166491343857,208.54772974985818,7.70052802424877
2026-09-07 15:36:20.014967,-1.3800605992282193,-26.335935789130076,208.25980301480186,7.619757864559481
2026-09-07 15:36:20.114620,-1.6790529257196813,-26.496656092758265,208.0925267555494,7.557062342346703
2026-09-07 15:36:20.315899,-2.2789256924996044,-26.81685777718972,207.68708951007468,7.509575216963627
2026-09-07 15:36:20.415718,-2.5756565593358176,-26.97255968286905,207.48602362438348,7.378741968680476
2026-09-07 15:36:20.516047,-4.501374868636571,-23.658421232029262,181.96460651496298,6.985715452432226
2026-09-07 15:36:20.616788,-4.815793431316807,-23.669206510824864,182.03224753985276,6.929377652682763
2026-09-07 15:36:20.716863,-5.125601674229162,-23.680199837202373,181.99865061523496,6.86291879972777
2026-09-07 15:36:20.816795,-5.432006457080409,-23.690892502999084,182.0210165599158,6.7197125150552575
2026-09-07 15:36:20.918776,-5.738164808514918,-23.70169622799387,182.10090243146593,6.6261456205240075
2026-09-07 15:36:21.017627,-6.201089153800112,-23.771516305548417,182.24575975953505,7.12907253096946
2026-09-07 15:36:21.116259,-6.515185991811456,-23.783833923008586,182.26783474908555,7.090289298484671
2026-09-07 15:36:21.215833,-6.830552817476412,-23.796323037919006,182.21212019880005,7.022422993176422
2026-09-07 15:36:21.316658,-7.146837261440583,-23.80854046591477,182.09929115642882,6.9440129148696705
2026-09-07 15:36:21.419051,-7.464477560305447,-23.82018387190858,182.1222079015526,6.816963619085177
2026-09-07 15:36:21.516733,-8.268026280701042,-20.33518715439818,159.16547942262494,6.58997648152633
2026-09-07 15:36:21.616934,-8.575497550759577,-20.236067478624683,159.19596629569807,6.692646756866172
2026-09-07 15:36:21.716863,-8.854980196522472,-20.129879464965846,159.1847836590751,6.4848292412355795
2026-09-07 15:36:21.817231,-9.126953954102293,-20.02648366577808,159.0949295528537,6.2226006095695094
2026-09-07 15:36:21.916594,-9.385162297753851,-19.927857303961208,158.97261727563233,5.916112908874381
2026-09-07 15:36:22.016613,-9.709575751840488,-19.827790039043943,158.9791597002981,5.891347783051716
2026-09-07 15:36:22.113456,-9.947654344736995,-19.7363008589021,158.9791597002981,5.660330468116252
2026-09-07 15:36:22.213369,-10.19821972162509,-19.643520246336898,159.00714678190886,5.515958226697637
2026-09-07 15:36:22.314189,-10.430325832365975,-19.554456274331212,158.9394527136607,5.376765215445847
2026-09-07 15:36:22.414012,-10.637580995895279,-19.471668391850102,158.87890949820417,5.1178235333751285
2026-09-07 15:36:22.633145,-10.69089312680986,-16.83801363878899,142.45983814683757,4.822920097303632
2026-09-07 15:36:22.730700,-10.857671171840568,-16.709854507596216,142.33975145255167,4.798199373556875
2026-09-07 15:36:23.067384,-11.346228904848443,-16.309155937385633,142.14259578583346,4.36486620605554
2026-09-07 15:36:23.166157,-11.428545634494704,-16.22852583835993,142.01129104065524,3.9230160217617165
2026-09-07 15:36:23.384341,-11.730115791640133,-15.99300909964015,141.8159625663227,3.9535200035083164
2026-09-07 15:36:23.483858,-11.86836614598737,-15.884279152466501,141.7602799091957,3.948302506891683
2026-09-07 15:36:23.584789,-11.532445212932075,-14.455441392534716,132.2938032048423,3.3087078061768076
2026-09-07 15:36:23.685423,-11.632611378543997,-14.345336293322152,132.24875708393978,3.2779307958701236
2026-09-07 15:36:23.904862,-11.777489193166398,-14.164655055000337,131.9948980257384,2.5948115079671297
2026-09-07 15:36:23.996526,-11.785899810907466,-14.139193807541101,131.9221371040067,2.0914208256497617
2026-09-07 15:36:24.097601,-11.849037122902885,-14.068880795054161,131.93344798469866,2.0781728762912035
2026-09-07 15:36:24.203267,-11.794878383739107,-14.108592664295221,131.88100039645917,1.1471297510615035
2026-09-07 15:36:24.297356,-11.792371887379616,-14.106418420901944,131.86852338168978,0.8460365856542353
2026-09-07 15:36:24.402831,-11.781439051956827,-14.11436839883436,131.85792126796892,0.48737619928145065
2026-09-07 15:36:24.497159,-11.604534229464008,-13.314700490410196,126.71042584604004,0.3806460278416034
2026-09-07 15:36:24.603259,-11.608659121685388,-13.307057950735352,126.70223878028483,0.2839834731286624
2026-09-07 15:36:24.701730,-11.61104867261475,-13.302684915262422,126.69772240263651,0.20998258270663703
2026-09-07 15:36:24.802363,-11.612852371468916,-13.29962940634404,126.6952690847105,0.15426117999249947
2026-09-07 15:36:24.901571,-11.614077309531716,-13.297643120463361,126.69394830197905,0.1130474636808463
2026-09-07 15:36:25.002169,-11.614987615930644,-13.296237804837832,126.6932406436581,0.08265114694585372
2026-09-07 15:36:25.101602,-11.615614693872416,-13.29529803243801,126.69286252691876,0.06040363985357803
2026-09-07 15:36:25.201578,-11.61607358680412,-13.294629731175725,126.69266069529047,0.04411763307694249
2026-09-07 15:36:25.302396,-11.616412792749115,-13.294146543222544,126.69255312829335,0.032192368514351775
2026-09-07 15:36:25.402467,-11.616651560802866,-13.293811217405388,126.69249585136967,0.023491613313866143
2026-09-07 15:36:25.493972,-11.551671027163398,-12.813504766960781,124.09636925121825,0.024980706650190632
2026-09-07 15:36:25.602492,-11.551947034386343,-12.813026628431892,124.09593366053255,0.018181281410437452
2026-09-07 15:36:25.694327,-11.552066737305905,-12.812812214695768,124.09570123868016,0.013329169570601831
2026-09-07 15:36:25.800843,-11.55219393394729,-12.812604247351796,124.0955771701401,0.00970530532465896
2026-09-07 15:36:25.899436,-11.552264702251348,-12.81248904166774,124.09551125290676,0.007081746751446981
2026-09-07 15:36:25.999043,-11.55231656234357,-12.812406750990231,124.09547614280669,0.005169425717901426
2026-09-07 15:36:26.100265,-11.552355374212636,-12.81234639205417,124.0954574525594,0.003769843941028074
2026-09-07 15:36:26.199705,-11.552381620326905,-12.81230601034869,124.09544750497128,0.0027513449639349633
2026-09-07 15:36:26.300457,-11.552401357913364,-12.81227599605915,124.0954422092307,0.002006930253077466
2026-09-07 15:36:26.400402,-11.552415232493788,-12.812255043731318,124.09543939063965,0.0014643686054737703
2026-09-07 15:36:26.500923,-11.539442065878877,-12.482240860874994,122.67664508522532,0.008107611384061459
2026-09-07 15:36:26.600618,-11.539514103466047,-12.482114816151133,122.67652920968658,0.005917929361570022
2026-09-07 15:36:26.701313,-11.539564069348495,-12.482029601923632,122.67646750711131,0.004317222662630218
2026-09-07 15:36:26.911422,-11.539696757282766,-12.481819127972955,122.67643710510842,0.0029158735228065123
2026-09-07 15:36:27.010256,-11.539709530389128,-12.481797503410196,122.67642267961747,0.002048485315636412
2026-09-07 15:36:27.110096,-11.539719835264574,-12.481780577393764,122.67641542688506,0.0014660194597403873
2026-09-07 15:36:27.209986,-11.53972772628686,-12.481767830089785,122.67641167715203,0.0010590867824853089
2026-09-07 15:36:27.309799,-11.539733699594054,-12.481758284063497,122.6764097104645,0.0007689086609407282
2026-09-07 15:36:27.410705,-11.539738375656803,-12.481750870596404,122.67640867195843,0.0005592490078043814
2026-09-07 15:36:27.510321,-11.547333481459727,-12.226893381707482,121.81505867466049,0.00686696153799635
2026-09-07 15:36:27.615991,-11.54740011534802,-12.226778533203628,121.814978679125,0.004987908031230573
2026-09-07 15:36:27.710661,-11.547433737015185,-12.226720387453264,121.81493621364075,0.003645314022014386
2026-09-07 15:36:28.152764,-11.547720634796764,-12.226256249975327,121.81491807798125,0.002130177086061592
2026-09-07 15:36:28.252961,-11.547721326721843,-12.226254483889397,121.81491108662036,0.0014052814515407095
2026-09-07 15:36:28.353223,-11.547723969563078,-12.226249925861621,121.81490788494062,0.0009755103306311168
2026-09-07 15:36:28.453117,-11.547726846447185,-12.226245141434715,121.81490630388294,0.0006939579502201714
2026-09-07 15:36:28.552915,-11.564051237187552,-12.021899912284967,121.28012143276263,0.006694952728110883
2026-09-07 15:36:28.653434,-11.564101215958132,-12.02181253702172,121.28005221671626,0.004851495080053508
2026-09-07 15:36:28.753604,-11.564135474240919,-12.021753455087659,121.28001575241922,0.003527025276344606
2026-09-07 15:36:28.853599,-11.564159471464121,-12.021712529561885,121.27999644469409,0.002568850658140515
2026-09-07 15:36:28.954083,-11.564176809195313,-12.02168323456985,121.27998619620968,0.0018721347658093685
2026-09-07 15:36:29.054149,-11.564189064125085,-12.02166266053897,121.2799807495428,0.0013652432113055385
2026-09-07 15:36:29.154168,-11.564197885438444,-12.021647926545256,121.2799778519485,0.0009959645453813347
2026-09-07 15:36:29.254074,-11.56420424607358,-12.02163734294309,121.27997630944293,0.0007267736651392905
2026-09-07 15:36:29.354707,-11.564208967349831,-12.021629511032515,121.27997548838911,0.0005301378151460612
2026-09-07 15:36:29.454894,-11.564212340786504,-12.021623926053167,121.27997505146703,0.00038675104350069383
2026-09-07 15:36:29.554876,-11.584294285365463,-11.853042120938516,120.93507265323996,0.005022112707920648
2026-09-07 15:36:29.655047,-11.584338756192775,-11.852965836653357,120.93503775439095,0.003665086781244363
2026-09-07 15:36:29.755178,-11.584368577425908,-11.852914969066578,120.93501916863605,0.002674579778005913
2026-09-07 15:36:29.855260,-11.584388928780633,-11.852880420888251,120.9350092711658,0.0019517683049912538
2026-09-07 15:36:29.955506,-11.58440310778433,-11.852856447779448,120.9350040010714,0.0014241303563255296
2026-09-07 15:36:30.055481,-11.58441298019738,-11.852839807529717,120.93500119486274,0.001039273454858421
2026-09-07 15:36:32.010400,-11.625910912250331,-11.655863570179376,120.7210249074376,0.01040723322553593
2026-09-07 15:36:32.101847,-11.625869285208749,-11.655929169785743,120.72092801944146,0.005846593389243803
2026-09-07 15:36:32.207999,-11.625876598076214,-11.655915244162857,120.72089277536435,0.003785745858772598
2026-09-07 15:36:32.301957,-11.625877859790442,-11.655912395706606,120.72087699805957,0.0026172762478867337
2026-09-07 15:36:32.409398,-11.625889039166157,-11.65589322896077,120.7208692954155,0.0018482404464799842
2026-09-07 15:36:32.507503,-11.654889497013617,-11.51362792921713,120.57892912597205,0.00564289791579902
2026-09-07 15:36:32.718385,-11.655054212145272,-11.513348080775271,120.57890047877655,0.0037816932896226844
2026-09-07 15:36:32.818397,-11.663509321390233,-11.499101168918479,120.58051774689383,0.14071601558018776
2026-09-07 15:36:32.918268,-11.664656967354803,-11.497148149556015,120.58022914257072,0.10572134946332579
2026-09-07 15:36:33.017747,-11.68218287888634,-11.467548900395956,120.54837008247642,0.45021968318869976
2026-09-07 15:36:33.117805,-11.692418480730348,-11.450205793798341,120.49238472010805,0.5376506876849417
2026-09-07 15:36:33.217374,-11.729996766721424,-11.386541997781226,120.40458309624952,1.0210280311033373
2026-09-07 15:36:33.317531,-11.753133607551154,-11.347113433743793,120.2252526778529,1.103294491459234
2026-09-07 15:36:33.537488,-11.886556364842836,-11.028911856876668,119.51780960040628,1.6200001381752738
2026-09-07 15:36:33.755691,-12.01830179818758,-10.798208205777227,119.25841137126687,2.3783932966429813
2026-09-07 15:36:33.848773,-12.066672449193382,-10.711865928490916,119.03966660423296,2.4174342661311705
2026-09-07 15:36:33.953786,-12.1747639508022,-10.519576734867846,118.80988341078915,3.089777888967952
2026-09-07 15:36:34.053878,-12.241388501015164,-10.398436631003708,118.87708867441833,2.9104834256648915
2026-09-07 15:36:34.153799,-12.372332277067477,-10.16336297282532,119.04891826136941,3.509382294499632
2026-09-07 15:36:34.361248,-12.589507225812586,-9.773210172227287,119.7708627854656,4.299526181080037
2026-09-07 15:36:34.456609,-12.680516478681554,-9.614111503248852,119.88824874470706,4.217865965411417
2026-09-07 15:36:34.556246,-12.776350249553317,-9.218922544454054,118.28929910792374,4.84586748837198
2026-09-07 15:36:34.656591,-12.879370389651523,-9.027507746163092,118.15454883459779,4.617018026844488
2026-09-07 15:36:34.756118,-13.041674036067436,-8.728527746117184,118.05147973779592,5.17901248577399
2026-09-07 15:36:34.856346,-13.150799167777643,-8.523737328988437,118.15242460596258,4.821687917502695
2026-09-07 15:36:34.957678,-13.253853760423143,-8.331157527373964,118.39055705620092,4.4896470556670645
2026-09-07 15:36:35.056678,-13.348330593821029,-8.156357427605952,118.51242249348556,4.290682058127695
2026-09-07 15:36:35.156480,-13.571222622474085,-7.746872581945915,118.54102739143917,5.595689734682349
2026-09-07 15:36:35.256265,-13.690484170751832,-7.527594722285207,118.30653042555448,5.492802636352222
2026-09-07 15:36:35.357166,-13.915833038737096,-7.111116664252359,118.01632825946587,6.2975810715574845
2026-09-07 15:36:35.457608,-14.048657323010003,-6.861482167444943,117.7016070188333,5.858748346857234
2026-09-07 15:36:35.556614,-13.442442200562462,-6.0708708605960275,106.19360786305126,6.717014190419456
2026-09-07 15:36:35.657698,-13.527092524000135,-5.779381158712324,105.96737010616454,6.545658788777545
2026-09-07 15:36:35.757809,-13.67544966243333,-5.34235702267817,105.59672812368774,7.47967057848997
2026-09-07 15:36:35.856787,-13.764431528138196,-5.023589513823825,104.94323148655079,7.338696284383179
2026-09-07 15:36:35.957537,-13.910932718997755,-4.539450006149758,104.34098659500123,8.067752087897272
2026-09-07 15:36:36.056531,-13.999366871850107,-4.193543029476771,103.96433443581759,7.744237308738807
2026-09-07 15:36:36.157108,-14.142752056474196,-3.6737414755013926,103.68744877547203,8.644448176803579
2026-09-07 15:36:36.257393,-14.23445448542808,-3.297204541622871,103.39566442301071,8.504241204273157
2026-09-07 15:36:36.357358,-14.322500108308832,-2.927503610000537,103.12718445743138,8.344391178618293
2026-09-07 15:36:36.457134,-14.407029914691494,-2.565037532687245,102.89270864174654,8.256334740715646
2026-09-07 15:36:36.556655,-12.39620643504735,-1.5267056264304055,84.4278460777332,9.497057566586173
2026-09-07 15:36:36.656644,-12.354986876075918,-1.1042017986344448,84.15930165440193,9.55646965079564
2026-09-07 15:36:36.755410,-12.335498180285343,-0.5388138394795672,83.9826457042135,10.42598372877147
2026-09-07 15:36:36.973740,-12.239094233665387,0.6243713192126675,83.6771111707161,11.526306054512823
2026-09-07 15:36:37.073055,-12.18273534238145,1.1330007830161541,83.53263012686756,11.571432574231416
2026-09-07 15:36:37.171528,-12.12590045675216,1.7711131470273584,83.50864971497924,12.398874519263204
2026-09-07 15:36:37.272953,-12.062344451795298,2.329686754713121,83.3837991899631,12.440528501219518
2026-09-07 15:36:37.374487,-11.992825760236103,3.0085147457301837,83.31561652445623,13.142831231804147
2026-09-07 15:36:37.472156,-11.926030573952012,3.578455643879725,83.25003814762897,13.235002199446864
2026-09-07 15:36:37.574068,-9.07781559109462,3.978905373801727,67.15622150025229,13.822501485769031
2026-09-07 15:36:37.672559,-8.841546280770157,4.539767859765684,67.12315635208807,13.8035678997085
2026-09-07 15:36:37.769139,-8.596951288720934,5.179380431433891,67.14983726190121,14.40119549858223
2026-09-07 15:36:37.868657,-8.348157712691624,5.769789469623278,67.14983726190121,14.431631201343727
2026-09-07 15:36:37.970382,-8.069003862009495,6.4737011937836355,67.18625989890393,15.059613412326193
2026-09-07 15:36:38.069768,-7.809572622600027,7.09044966413936,67.197381770667,15.057008098064605
2026-09-07 15:36:38.171184,-7.514610134258832,7.818624421995056,67.2242673765474,15.697773522487147
2026-09-07 15:36:38.271058,-7.24328612950316,8.464844757106013,67.30250274916773,15.734427016861252
2026-09-07 15:36:38.371704,-6.937169727042188,9.213150598733206,67.42454716705578,16.358725115857144
2026-09-07 15:36:38.471527,-6.656920583107779,9.887219767446398,67.46923026548029,16.36919219514535
2026-09-07 15:36:38.571038,-4.203165716600482,9.71639239977844,56.78533405917631,16.946484034925998
2026-09-07 15:36:38.671512,-3.7862159000893327,10.353202683961081,56.830308560354354,16.94999581519175
2026-09-07 15:36:38.771880,-3.3356311631603175,11.073387462031606,56.87333285134815,17.510074759052067
2026-09-07 15:36:38.871430,-2.909778566580844,11.725979891884096,56.91789374861793,17.417868419854234
2026-09-07 15:36:38.984337,-2.363045552072176,12.595428673317558,56.93747542080041,18.282629041392184
2026-09-07 15:36:39.076202,-1.9534334397803768,13.224671644685591,56.93747542080041,18.28744535746569
2026-09-07 15:36:39.184893,-1.4009127254541172,14.091372791292397,57.02172505633911,19.037846071262333
2026-09-07 15:36:39.275879,-0.9794163414984809,14.740959404004744,57.05227064498041,19.008429642503163
2026-09-07 15:36:39.375761,-0.517803473116134,15.453202581282522,57.08580277612879,18.936862326099707
2026-09-07 15:36:39.499096,0.049540410174207405,16.329706399748773,56.97538754228117,18.910997400701536
2026-09-07 15:36:39.575205,0.498557691552332,17.031253715363565,56.90499948010029,19.82887716073502
2026-09-07 15:36:39.699258,1.098994595924319,17.95249777022501,56.75229470139851,19.741074851028394
2026-09-07 15:36:39.784995,1.5980514432695585,18.720735506282935,56.755745000700244,20.474373200268637
2026-09-07 15:36:39.872284,2.0360402123279466,19.38892550708197,56.79481758896526,20.425558217269355
2026-09-07 15:36:39.999836,2.673865724178793,20.36343266522679,56.88046045539244,20.45565116197229
2026-09-07 15:36:40.096438,3.156531670088518,21.10328908085551,56.85883980346853,20.45649527337731
2026-09-07 15:36:40.199398,3.777211374538648,22.057560990438198,56.84919434427553,21.30779500602953
2026-09-07 15:36:40.285094,4.223596127345987,22.740988375470906,56.82042470098759,21.257624439637258
2026-09-07 15:36:40.383435,4.735034523662714,23.523156574035216,56.776404980260224,21.217237017999935
2026-09-07 15:36:40.495453,5.31717859994463,24.411966896673864,56.776404980260224,21.138931665011388
2026-09-07 15:36:40.594508,5.939246345368312,25.363986572771587,56.866019462429335,22.017217686024452
2026-09-07 15:36:40.697194,6.491690835220208,26.21033708418814,56.9004929453302,21.862886627841743
2026-09-07 15:36:40.799009,7.035108381359012,27.04395359388794,56.87770556333362,21.903811115163904
2026-09-07 15:36:40.883190,7.485523547023651,27.734301735419354,56.79292246931658,21.823633297952355
2026-09-07 15:36:40.977086,7.987215081587502,28.500760105780223,56.76139994287229,21.834299359714166
2026-09-07 15:36:41.078109,8.52770421069319,29.325500857283785,56.70487463492549,21.73013577466026
2026-09-07 15:36:41.178671,9.06396601637939,30.142032815194533,56.63735379688569,21.683563931956026
2026-09-07 15:36:41.278198,9.594520986282363,30.947804245225363,56.59280319495139,21.63573207371907
2026-09-07 15:36:41.378949,10.324525987540222,32.05757963566167,56.53689746278434,22.696463502456858
2026-09-07 15:36:41.479066,10.884643379520382,32.905009917952626,56.50328643803334,22.69733832804573
2026-09-07 15:36:41.578724,11.938473563106989,33.26234456602967,54.970721781066345,22.649583062339204
2026-09-07 15:36:41.679490,12.524110804667759,34.09781225154043,54.970721781066345,22.668073490349002
2026-09-07 15:36:41.779488,13.105758995144367,34.92758917314453,54.981912139190854,22.684675419846364
2026-09-07 15:36:41.894212,13.77336506206324,35.8803891129937,55.071780121733866,22.69169265404241
2026-09-07 15:36:41.993846,14.352039202488687,36.7090289854198,55.071780121733866,22.672539341419377
2026-09-07 15:36:42.093177,14.928466564884058,37.534451555170435,55.16070585727783,22.775826283373675
2026-09-07 15:36:42.194330,15.651947680280363,38.579083195372405,55.15094415954269,23.63427308448584
2026-09-07 15:36:42.279201,16.16433770361808,39.31497058791929,55.074963689182425,23.6127665236216
2026-09-07 15:36:42.384646,16.80157021260412,40.22757188711542,54.99236432532439,23.60815961449434
2026-09-07 15:36:42.479086,17.373362697032064,41.04394460565961,54.99236432532439,23.565248185986825
2026-09-07 15:36:42.584311,17.71412528857956,42.16042825282592,56.1326190016718,23.5616501483412
2026-09-07 15:36:42.678257,18.26556492844552,42.98206705936702,56.1326190016718,23.453290927130567
2026-09-07 15:36:42.792898,18.93538435893581,43.98009041075295,56.22242196693372,23.35812593385536
2026-09-07 15:36:42.889776,19.497804930430494,44.82093586124264,56.124851059220816,23.612929387545183
2026-09-07 15:36:42.990995,20.226264623809758,45.89989909128623,55.90308414507649,24.333895533402668
2026-09-07 15:36:43.090993,20.836079632176112,46.80069653750122,55.914274503201,24.40205082291815
2026-09-07 15:36:43.186657,21.420929905462195,47.66498052323493,55.850042353380616,24.433815597882358
2026-09-07 15:36:43.283470,22.014556607436752,48.54011887139614,55.828374477200896,24.410128854246445
2026-09-07 15:36:43.389847,22.666557657961437,49.500532031185614,55.73314083443114,24.447309881112048
2026-09-07 15:36:43.491427,23.291631302010835,50.41799522108053,55.73314083443114,24.41979399187395
2026-09-07 15:36:43.591898,24.01983122358172,51.48373127069327,55.733676507368216,25.011300971887014
2026-09-07 15:36:43.690870,24.642897966238756,52.39826716959931,55.71152542186053,25.072703230353817
2026-09-07 15:36:43.792012,25.281551005924996,53.3349021823608,55.84734596244283,25.012606049452778
2026-09-07 15:36:43.876753,25.813501374913283,54.11903640404244,55.79993090725026,24.962254116460205
2026-09-07 15:36:43.980901,26.466756208463238,55.080269208064564,55.77662137270056,24.900370811834218
2026-09-07 15:36:44.082818,27.104814285186585,56.01831959836632,55.71959584574125,24.955585162759192
2026-09-07 15:36:44.184764,27.745404803070304,56.95808043797183,55.6511457417775,24.90748156045291
2026-09-07 15:36:44.290777,28.411431562159063,57.9326530736599,55.544374497125716,24.94360901653906
2026-09-07 15:36:44.391220,29.045102186584636,58.85618102198746,55.51065402848337,24.933954600477296
2026-09-07 15:36:44.491802,29.839160404443234,60.010584943498884,55.43809159657667,25.60058147337298
2026-09-07 15:36:44.591832,30.488596606814742,60.95333661873377,55.41570371835519,25.44587190110316
2026-09-07 15:36:44.683467,31.08026906529467,61.811517799049525,55.436212697869564,25.396227906018833
2026-09-07 15:36:44.783983,31.727682165111936,62.751266678692126,57.022226570659996,25.366365295849718
2026-09-07 15:36:44.884008,32.34507617745567,63.70277798090258,57.033419950241694,25.327908341494403
2026-09-07 15:36:44.983957,32.96088031447561,64.65224518468861,56.9103863281087,25.282493746323947
2026-09-07 15:36:45.084729,33.58269233892416,65.60648097377151,56.79761659582175,25.285135393324214
2026-09-07 15:36:45.183948,34.196833762478654,66.54490223982152,56.764307045348005,25.230515726669665
2026-09-07 15:36:45.284150,34.81626960790242,67.49021362894825,56.786733419171355,25.216506633523636
2026-09-07 15:36:45.384130,35.649687996789176,68.75389590698352,56.840115464251255,26.079559713124958
2026-09-07 15:36:45.597600,37.147456871112496,70.99724793334926,56.544444250136564,26.110962677702606
2026-09-07 15:36:45.697175,37.788223194938766,71.96697376076823,56.55558727209956,26.260618084657242
2026-09-07 15:36:45.798304,38.44252675720992,72.95760545501288,56.544270348493285,26.223504008595818
2026-09-07 15:36:45.897456,39.08332406063626,73.92737176707443,56.47769623368532,26.12820073595802
2026-09-07 15:36:45.998059,39.73227464887838,74.90700038687608,56.590276845137566,26.094795989598637
2026-09-07 15:36:46.098488,40.377354250370956,75.8849537921407,56.691424150931425,26.163245034287034
2026-09-07 15:36:46.199039,41.02317757274942,76.86780521918891,56.691424150931425,26.192239424819757
2026-09-07 15:36:46.298657,41.66371744968485,77.84261599221693,56.66912848310511,26.169607326741286
2026-09-07 15:36:46.398325,42.30440421626592,78.81682406734886,56.66912848310511,26.088613420994598
2026-09-07 15:36:46.499114,43.62121131174008,80.20752777167793,55.630953859183364,26.322992800990455
2026-09-07 15:36:46.598447,44.28107681344455,81.17235478010348,55.55314227390096,26.34642812522039
2026-09-07 15:36:46.698986,45.05832298114956,82.30988599951645,55.50201294822773,26.973140646316367
2026-09-07 15:36:46.908503,46.48920225835187,84.39198497043674,55.45512060511743,26.868786965367793
2026-09-07 15:36:47.007618,47.164284068876576,85.37258871970289,55.444029059831394,26.93807257180122
2026-09-07 15:36:47.108245,47.85162483219461,86.37058576971594,55.32016084409764,27.001380874749504
2026-09-07 15:36:47.213418,48.57396440199988,87.41456127803185,55.284852431878505,26.9637016664432
2026-09-07 15:36:47.306882,49.21556032219209,88.34062026256129,55.36852575588489,26.86406530839918
2026-09-07 15:36:47.412782,49.93831107072587,89.38707679656368,55.61739310756292,26.82242421504064
2026-09-07 15:36:47.507614,51.055727273662335,90.58136710785165,54.84942876646011,26.956027058946233
2026-09-07 15:36:47.613468,51.79011643062958,91.62433915643716,54.79020037344668,27.04112298157061
2026-09-07 15:36:47.714977,52.49762101275583,92.62692674171423,54.61980865618318,27.026931158691227
2026-09-07 15:36:47.811916,53.175761562257236,93.58186220690034,54.6306566944063,26.97695484749704
2026-09-07 15:36:47.914394,53.89113398927896,94.58963052045449,54.56184938706713,27.0226231077478
2026-09-07 15:36:48.012514,54.578404113966286,95.55535108301261,54.50694839208836,27.034626368082446
2026-09-07 15:36:48.114330,55.29283953237516,96.55720957410388,54.415797968855486,27.207222640228117
2026-09-07 15:36:48.213809,55.99689914694003,97.54120273188904,54.493723921885305,27.420189067659106
2026-09-07 15:36:48.313802,56.70877973391006,98.53899130119589,54.39301573452656,27.327572407936263
2026-09-07 15:36:48.414050,57.42181634220599,99.53469384485999,54.31448739247111,27.434440781012494
2026-09-07 15:36:48.514025,58.459899117828726,100.89928998140468,54.18030031609294,27.794659189980774
2026-09-07 15:36:48.614362,59.189525042488654,101.91020848298236,54.1466154335011,27.779754474728787
2026-09-07 15:36:48.829215,60.58330548306844,103.8342603011788,53.766194703840824,26.96835746416633
2026-09-07 15:36:49.356791,64.34283424894376,108.96465090979251,52.8215735109535,26.590339417682795
2026-09-07 15:36:49.456658,65.06020597660513,109.91049256222576,52.64276233555876,26.518782849059182
2026-09-07 15:36:49.556993,65.9954858562111,111.05908519886843,52.331735754750525,26.54841269815861
2026-09-07 15:36:49.657843,66.7269029318024,112.00651241645322,52.151164524628825,26.476151791696104
2026-09-07 15:36:49.756523,67.40593925117173,112.87788664334799,51.97621922481966,26.21885337662469
2026-09-07 15:36:49.857133,68.13233588743199,113.80683694785066,51.796077713044326,26.146764434639632
2026-09-07 15:36:49.957686,68.85923230036937,114.73042741290007,51.616038259376296,26.074716334217968
2026-09-07 15:36:50.057376,69.58077009694924,115.64130521761416,51.43754400126193,26.003286589396478
2026-09-07 15:36:50.157532,70.306534487818,116.55167740466334,51.25821537335838,25.93152294688127
2026-09-07 15:36:50.257170,71.02937593597102,117.45258377883354,51.07981422088574,25.86013046102989
2026-09-07 15:36:50.357823,71.76039292238642,118.35789024259692,50.89959571790672,25.788010708742622
2026-09-07 15:36:50.457985,72.48863732743668,119.2539818632964,50.72025634704454,25.716242767115475
2026-09-07 15:36:50.558046,73.45296466060861,120.41794708658138,50.52561339268385,25.769870021731336
2026-09-07 15:36:50.658670,74.18990968294912,121.3127475786278,50.34544681400496,25.697771048485095
2026-09-07 15:36:50.758246,74.91991206882867,122.19346017958554,50.16715667210508,25.62642298679039
2026-09-07 15:36:50.858854,75.65819005888712,123.07853680894958,49.98701874131598,25.55433547784265
2026-09-07 15:36:50.959078,76.39434196664122,123.955444928534,49.807568359880975,25.48252311205883
2026-09-07 15:36:51.059098,77.129660555843,124.82581015191106,49.628483239040406,25.41085691608084
2026-09-07 15:36:51.159204,77.89419171584176,125.72654643806034,49.448183966083036,25.445557794661028
2026-09-07 15:36:53.249172,90.03196597043502,143.29607139285935,53.356922311215044,21.04454024029806
2026-09-07 15:36:53.348901,90.60919172546902,144.0698032886178,53.389619952036696,20.940602476755203
2026-09-07 15:36:53.444101,91.14067367375108,144.78517354501187,53.389619952036696,20.78754011097138
2026-09-07 15:36:53.550485,91.77272526379946,146.96574942941035,55.86581324223641,20.654927458359026
2026-09-07 15:36:53.649123,92.2837949324679,147.71962685764888,55.83269874360593,20.635103711462776
2026-09-07 15:36:53.749639,92.80453866665759,148.48681944056688,55.76520879157232,20.49281715712759
2026-09-07 15:36:53.851102,93.32746953578221,149.2552846901897,55.844688892621434,20.426323133592227
2026-09-07 15:36:53.950531,93.80998859738466,149.9690319248579,55.85565870289116,20.198730511956104
2026-09-07 15:36:54.050728,94.31780238142339,150.71782084978628,55.87808395765626,20.272274580999145
2026-09-07 15:36:54.149549,94.82017581870548,151.45921229751886,55.95549447248209,20.32235764473505
2026-09-07 15:36:54.251460,95.33850171376666,152.22637594909264,55.9668989064391,20.31523363178319
2026-09-07 15:36:54.351330,95.84611929173929,152.97801291030947,55.933370803900175,20.412099701514087
2026-09-07 15:36:54.451500,96.35813254872977,153.7352029126101,55.89974198612384,20.51100732513278
2026-09-07 15:36:54.667702,97.15452563820733,156.26444864496625,59.05346812662225,20.600345966742843
2026-09-07 15:36:54.765037,97.61547588588506,157.03322282233788,58.933652244419136,20.659882113536195
2026-09-07 15:36:54.965612,98.45408709709282,158.44094985956892,58.97284437690274,19.85077937662096
2026-09-07 15:36:55.066137,98.91389851336406,159.20538365490873,58.97284437690274,19.943010400760297
2026-09-07 15:36:55.166201,99.37372785569559,159.96984725221915,59.14081053553156,19.9368898634482
2026-09-07 15:36:55.266141,99.83060684858698,160.7344718497827,59.163178270705544,19.970074463819532
2026-09-07 15:36:55.366834,100.29139311539667,161.50631976599183,59.15191013803661,20.069498496414493
2026-09-07 15:36:55.467004,100.7522199850153,162.2778908879139,59.08465250248395,20.11501350905318
2026-09-07 15:36:55.566728,101.71579911210385,163.55532490726478,58.32351205748904,20.320561942933775
2026-09-07 15:36:55.667405,102.19605529252333,164.33364014916734,58.34604474184073,20.43140652269733
2026-09-07 15:36:55.767557,102.67610693308211,165.112308977078,58.34604474184073,20.54867413297829
2026-09-07 15:36:55.867500,103.15790633147249,165.8938127594544,58.37959735175406,20.58360633982779
2026-09-07 15:36:55.967260,103.63918340820953,166.67549364913788,58.33494245359611,20.642010649285556
2026-09-07 15:36:56.186618,104.70178879871943,168.39834767024607,58.408584763766555,20.749349058600156
2026-09-07 15:36:56.284616,105.1779805733175,169.1726462812946,58.32085239188024,20.771613110754327
2026-09-07 15:36:56.382822,105.34667458697216,169.44683423947828,58.28909912095679,19.313866578599626
2026-09-07 15:36:56.485851,105.8142569736769,170.2035925614448,58.3121582102828,19.322869285991583
2026-09-07 15:36:56.582335,106.8089662503753,171.24246329225466,57.225414420586446,19.4949132812197
2026-09-07 15:36:56.682943,107.28360868657278,171.9796821319311,57.135345455191896,19.44392455537861
2026-09-07 15:36:56.782622,107.75378300672165,172.70744499996187,57.04610817384685,19.411697617143222
2026-09-07 15:36:56.882787,108.22660319766884,173.43680856361212,56.978853895468774,19.286537580079983
2026-09-07 15:36:56.982732,108.5759069757112,173.9678405287217,56.86091788545798,18.535563600969184
2026-09-07 15:36:57.083400,109.03191390850913,174.66631185296947,56.83838721541099,18.375469076429997
2026-09-07 15:36:57.183770,109.41971686813899,175.25666086071956,56.746059632208016,17.88692470700854
2026-09-07 15:36:57.283775,109.85820941165457,175.92537283729618,56.712486207812276,17.843232360546253
2026-09-07 15:36:57.505089,111.17088357036924,177.85941120001297,56.37231624322294,17.509953226936663
2026-09-07 15:36:57.604053,111.59988308599436,178.50443101812488,56.27264441565734,17.430396168284194
2026-09-07 15:36:57.701144,111.96868058934773,179.05420682302355,56.22771199632609,16.925551872675218
2026-09-07 15:36:57.799742,112.38339490497695,179.674348301294,56.20564461637127,16.90745926980411
2026-09-07 15:36:57.902489,112.81534701778476,180.31972819465358,56.20564461637127,16.854488679574487
2026-09-07 15:36:58.001204,113.22904826868987,180.93783946503567,56.22773818228785,16.8631144282491
2026-09-07 15:36:58.100367,113.56628375950754,181.44014208101908,56.237819075037294,16.312243506459417
2026-09-07 15:36:58.201149,113.97471614508353,182.0511231128862,56.21526289046352,16.331617506828515
2026-09-07 15:36:58.301979,114.3840692813935,182.66296003933346,56.14756210786618,16.335141730052385
2026-09-07 15:36:58.402070,114.79122740714278,183.26996309689937,56.05795598494046,16.334267131652354
2026-09-07 15:36:58.502178,115.48511411930694,184.25763505119468,55.91899541949715,15.719386804772242
2026-09-07 15:36:58.602471,115.88004688908669,184.84136508371637,55.94144216017958,15.75181225362749
2026-09-07 15:36:58.701891,116.2073580498298,185.32391215017867,55.941155542441436,15.21246426576431
2026-09-07 15:36:58.802792,116.59165206144218,185.89239118503906,55.907281315203306,15.18777733198881
2026-09-07 15:36:58.903040,116.97317275199337,186.4560491739425,55.873626311465216,15.115071799486126
2026-09-07 15:36:59.003297,117.35323061621241,187.01683608690502,55.929723020123845,15.174643125597882
2026-09-07 15:36:59.103008,117.64906916957479,187.45336090209094,55.92956159869851,14.54994371921021
2026-09-07 15:36:59.202702,118.01233862437327,187.990504403271,55.90724892118766,14.564752919030136
2026-09-07 15:36:59.304340,118.31034862600268,188.4301528630644,55.952647245245885,13.91953600624348
2026-09-07 15:36:59.404116,118.65795724944,188.94458623046856,55.98614379034376,13.951794305277122
2026-09-07 15:36:59.504175,119.3404759185709,189.91163888800165,55.89332695023165,14.053370800683162
2026-09-07 15:36:59.603095,119.68894880846545,190.4262020946027,55.79369943737049,14.017931787954993
2026-09-07 15:36:59.703969,119.96805596764742,190.83577669791416,55.726531907219055,13.297345698804536
2026-09-07 15:36:59.803526,120.30133054074375,191.32482526350174,55.693108884244566,13.260808542593683
2026-09-07 15:36:59.903114,120.5734182251485,191.72282463093094,55.72683722525488,12.640884986332248
2026-09-07 15:37:00.003361,120.89243306697811,192.19095376502548,55.74927367060201,12.54102537156064
2026-09-07 15:37:00.103932,121.15597813545237,192.5776879530967,55.73819282695689,12.011928206699503
2026-09-07 15:37:00.204215,121.45914081408695,193.0227448086686,55.682081570541754,11.926929424781218
2026-09-07 15:37:00.303298,121.67931023948191,193.34475445080056,55.71551171605307,11.1368785669631
2026-09-07 15:37:00.403764,121.96106454738553,193.75803111916852,55.77172536629291,11.1210768140439
2026-09-07 15:37:00.504264,122.45489591755823,194.53252659351546,55.938016593394764,10.464348678672929
2026-09-07 15:37:00.603298,122.7143737685964,194.91632206772863,55.96018155522404,10.490309547666754
2026-09-07 15:37:00.700838,122.91234456506055,195.20959471306634,55.938784872015674,9.86787073304721
2026-09-07 15:37:00.801505,123.16106171590346,195.5774845931345,55.91625442578038,9.876667048114095
2026-09-07 15:37:00.901707,123.32803108728758,195.82429726265707,55.91662280789075,9.04311819149411
2026-09-07 15:37:01.000455,123.5517434804219,196.15492566799185,55.91662280789075,9.019820884485789
2026-09-07 15:37:01.099614,123.77580825187063,196.48607485931674,55.89442986960654,9.072674612270216
2026-09-07 15:37:01.200886,123.91305139788457,196.68868561677397,55.8493078110796,8.168504849417713
2026-09-07 15:37:01.302852,124.05448032019876,196.89701203519772,55.838019286610916,7.520665956441027
2026-09-07 15:37:01.402576,124.24274929920229,197.17443723166426,55.849178982540934,7.555521618126782
2026-09-07 15:37:01.502269,124.6685688499671,197.75177815658844,55.711670285269406,6.948762146605199
2026-09-07 15:37:01.602713,124.84434587962009,198.00957042328332,55.72291055338934,6.995279341654859
2026-09-07 15:37:01.703400,124.96145468171967,198.18111694465026,55.74594674780303,6.28754218325163
2026-09-07 15:37:01.802964,125.11897357185521,198.41242924481182,55.82393928479536,6.309292019675664
2026-09-07 15:37:01.904084,125.21110574679824,198.54821702966552,55.846909567949695,5.64539640466039
2026-09-07 15:37:02.003707,125.35225465422681,198.75627755678263,55.83576117450747,5.679346255694415
2026-09-07 15:37:02.103905,125.42685592276759,198.86628122036944,55.8583952557114,4.989067685033368
2026-09-07 15:37:02.203438,125.55144546622407,199.05001168594396,55.86953357762991,5.0342932590871445
2026-09-07 15:37:02.303832,125.60953947851753,199.1358596302321,55.82472599440388,4.361090452807908
2026-09-07 15:37:02.404146,125.71939651049807,199.29765949670977,55.77982311295011,4.380374486395507
2026-09-07 15:37:02.503666,126.12841254560098,199.7653146980235,55.422473860463185,4.414451673177487
2026-09-07 15:37:02.603468,126.24018742334894,199.92747765417965,55.43364228504714,4.408347161416794
2026-09-07 15:37:02.703034,126.27235190853467,199.9731929533987,55.4340577588423,3.580897767244211
2026-09-07 15:37:02.803298,126.36341402228913,200.10536301692792,55.45649800898718,3.5931633083591
2026-09-07 15:37:02.903294,126.38512515745042,200.13643654351958,55.47910805707329,2.9491639850076865
2026-09-07 15:37:03.003284,126.45983197290438,200.24505076923083,55.49029751995124,2.9596485753128046
2026-09-07 15:37:03.221950,126.54545269560367,200.36939239136117,55.4904335630232,2.212799576409554
2026-09-07 15:37:03.314320,126.5972196865844,200.44468689550246,55.5007703035576,2.205535387942079
2026-09-07 15:37:03.414139,126.65296304890526,200.52579632703262,55.5007703035576,2.226468707667383
2026-09-07 15:37:03.513882,126.78308117557927,200.70358460609623,55.465297754779726,1.11902714631963
2026-09-07 15:37:03.614334,126.78432590249669,200.70527361463039,55.46514489778974,0.8037350229319912
2026-09-07 15:37:03.714912,126.77609424773497,200.69321428964085,55.465020467883164,0.4554598492158041
2026-09-07 15:37:03.938748,126.79239629529827,200.7168836139793,55.464995993046955,0.3161825571593226
2026-09-07 15:37:04.030878,126.79342886014261,200.71837444158848,55.464983838920034,0.22617993329239647
2026-09-07 15:37:04.136928,126.79499728962325,200.7206485937625,55.4649775871178,0.16263700705149386
2026-09-07 15:37:04.231219,126.7957314040109,200.72171275400618,55.46497431826799,0.11826161614229821
2026-09-07 15:37:04.336665,126.79660305083209,200.72297798401203,55.464972593712616,0.0858028156404202
2026-09-07 15:37:04.435471,126.79711300907982,200.72371828581623,55.464971682586906,0.0624805657856361
2026-09-07 15:37:04.530767,126.970492875881,200.98242030381283,55.48260605969256,0.05544968667696965
2026-09-07 15:37:04.636286,126.97110037993546,200.9833029928359,55.4826015017685,0.04036190839707526
2026-09-07 15:37:04.735389,126.97144826572728,200.98380848992628,55.482599082197396,0.0294354312546508
2026-09-07 15:37:04.835989,126.9716964469049,200.98416917431297,55.48259779542826,0.02146515044466486
2026-09-07 15:37:04.935638,126.97186413539873,200.98441290455256,55.48259711071262,0.015663183539731815
2026-09-07 15:37:05.035316,126.97198231305202,200.9845846893362,55.482596746005925,0.011433188879420356
2026-09-07 15:37:05.137577,126.97207269311619,200.98471607945228,55.4825965520177,0.008331280634881815
2026-09-07 15:37:05.234036,126.97212624820683,200.98479393690423,55.48259644866829,0.006091157746979196
2026-09-07 15:37:05.336217,126.97217299634916,200.98486190362928,55.48259639355717,0.004442656745809359
2026-09-07 15:37:05.435083,126.97220320132242,200.98490581929028,55.48259636420647,0.003243988733928678
2026-09-07 15:37:05.536503,127.12106167429997,201.20142500927983,55.48179891607259,0.01057588282713557
2026-09-07 15:37:05.636227,127.1211661419426,201.2015767947876,55.481798424744966,0.007718357484102704
2026-09-07 15:37:05.733713,127.12123227377664,201.20167289173355,55.481798162567486,0.005643400028041763
2026-09-07 15:37:05.832458,127.12127913957444,201.20174100341734,55.48179802239616,0.0041265621505146965
2026-09-07 15:37:05.934611,127.12131469216787,201.20179268045646,55.48179794763263,0.0030100373838318584
2026-09-07 15:37:06.032209,127.12133641690181,201.20182425951208,55.48179790777294,0.002200049213982636
2026-09-07 15:37:06.360626,127.12146451056498,201.20201050598757,55.48179788953615,0.0013771716429698555
2026-09-07 15:37:06.454478,127.12146548032955,201.20201191426327,55.481797881759064,0.0009382052224732255
2026-09-07 15:37:06.553792,127.22826109215646,201.39134156360907,55.549719594420196,0.008769704145225928
2026-09-07 15:37:06.654741,127.2283307122025,201.39144338235303,55.54971926309662,0.006284560347688614
2026-09-07 15:37:06.754271,127.22837654301465,201.39151036296585,55.54971909140511,0.004544451990058114
2026-09-07 15:37:06.854275,127.22840935525154,201.39155828438945,55.549719001236326,0.0033005186758891317
2026-09-07 15:37:06.954754,127.22843311725913,201.39159297048613,55.549718953581646,0.0024017663958710053
2026-09-07 15:37:07.054436,127.22844976649533,201.39161726572218,55.549718928305936,0.0017505734287821765
2026-09-07 15:37:07.153962,127.22846176887865,201.39163477528757,55.54971891486514,0.001277178476406959
2026-09-07 15:37:07.254886,127.22847088252301,201.39164806757807,55.549718907714464,0.0009313315091667264
2026-09-07 15:37:07.711381,127.30745594817645,201.55910835253644,55.63373821077647,0.009228164809034748
2026-09-07 15:37:07.808760,127.30748516554523,201.55915167656386,55.633738148177656,0.006079631097834008
2026-09-07 15:37:07.908724,127.30751191168228,201.5591910616108,55.633738119560974,0.004218592874963598
2026-09-07 15:37:08.128763,127.30764160152995,201.55938083285534,55.63373810654997,0.0027642070385181187
2026-09-07 15:37:08.221545,127.30764314370397,201.55938314475753,55.63373810061944,0.0019228756045340935
2026-09-07 15:37:08.329427,127.3076530903275,201.55939771776178,55.6337380976982,0.001361570498373203
2026-09-07 15:37:08.421836,127.30765645720533,201.55940265548196,55.633738096203956,0.0009835675675538514
2026-09-07 15:37:08.528237,127.36305843727445,201.70654242791616,55.72364441007744,0.006205452788477587
2026-09-07 15:37:08.626264,127.36310862902674,201.70661644523423,55.72364451170063,0.004512363745259927
2026-09-07 15:37:08.721816,127.36314082610075,201.70666388482806,55.72364456570307,0.0032975691931023186
2026-09-07 15:37:08.827942,127.36317111558837,201.70670843245873,55.72364459439717,0.002397638087884724
2026-09-07 15:37:08.921683,127.36318564132536,201.7067298014185,55.723644609663154,0.0017543927541464675
2026-09-07 15:37:09.027528,127.36320086802436,201.706752172617,55.723644617792274,0.0012767317626288983
2026-09-07 15:37:09.126706,127.36320969063695,201.7067651334178,55.72364462210584,0.0009309399663227514
2026-09-07 15:37:09.226136,127.36321611950743,201.70677457458976,55.723644624401174,0.0006793836446375201
2026-09-07 15:37:09.326326,127.36322089081534,201.7067815797647,55.72364462562348,0.0004957529912087451
2026-09-07 15:37:09.427181,127.36322441651461,201.70678675522322,55.723644626273995,0.0003615612977474402
2026-09-07 15:37:09.527077,127.40701767195301,201.8333851466502,55.79187746935088,0.004441225312372125
2026-09-07 15:37:09.627319,127.40706114506213,201.83344927607462,55.79187759718445,0.0032408390676660777
2026-09-07 15:37:09.718843,127.40708423574232,201.8334833391743,55.791877665683444,0.0023798084809885725
2026-09-07 15:37:09.826065,127.40710843351393,201.8335189859025,55.79187770232119,0.0017334129411914856
2026-09-07 15:37:09.918974,127.40711953653098,201.8335353460826,55.79187772187839,0.0012703410721495822
2026-09-07 15:37:10.027258,127.40713174309533,201.83355331670924,55.79187773229887,0.0009235965373068876
2026-09-07 15:37:10.123283,127.40713771067912,201.83356210286598,55.79187773783303,0.0006746609062729931
2026-09-07 15:37:10.223970,127.40714272347803,201.83356948088556,55.79187774078332,0.0004923757496739057
2026-09-07 15:37:10.325398,127.40714638570012,201.83357487025162,55.79187774235311,0.00035897497246725827
2026-09-07 15:37:10.424787,127.40714885027027,201.83357849682818,55.79187774318831,0.000261963980244502
2026-09-07 15:37:10.525059,127.4417560304277,201.95639359902748,55.854803380126214,0.004087680321150416
2026-09-07 15:37:10.625966,127.44179675479802,201.9564537976684,55.854803512884644,0.0029814717333910565
2026-09-07 15:37:10.726096,127.44182347215833,201.9564932724634,55.85480358352578,0.002175065800806027
2026-09-07 15:37:10.825998,127.44184157932507,201.95652001404457,55.85480362113208,0.0015872054661474986
2026-09-07 15:37:10.926452,127.44185431125935,201.9565388099013,55.85480364115239,0.0011579301480464277
2026-09-07 15:37:11.027116,127.44186327738133,201.95655204245526,55.854803651804616,0.0008445117238966525
2026-09-07 15:37:11.126250,127.44186933484201,201.95656098055744,55.854803657476225,0.0006165195463732448
2026-09-07 15:37:11.226704,127.44187384978443,201.95656764122015,55.85480366049751,0.0004498752896942893
2026-09-07 15:37:11.326393,127.44187701041344,201.95657230335826,55.854803662106804,0.00032837914021263063
2026-09-07 15:37:11.427648,127.44187940289687,201.95657583201904,55.85480366296332,0.00023946185560080047
2026-09-07 15:37:11.527506,127.46932420126912,202.08064996994972,55.913148257654825,0.0039784590285201005
2026-09-07 15:37:11.627140,127.4693626755862,202.08070696109922,55.913148387406125,0.0029043724829451944
2026-09-07 15:37:11.962975,127.46953830908008,202.08096656111587,55.91314844639294,0.0018086645008991943
2026-09-07 15:37:12.061561,127.4695425567864,202.08097286428145,55.913148471282625,0.001225509054625907
2026-09-07 15:37:12.161657,127.46954706857652,202.0809795439555,55.91314848313806,0.0008615061439805469
2026-09-07 15:37:12.260700,127.46955069429299,202.080984908055,55.91314848910781,0.0006170960984759791
2026-09-07 15:37:12.361481,127.4695538984839,202.08098964622,55.9131484921964,0.000445723494343266
2026-09-07 15:37:12.461423,127.4695563200725,202.0809932263664,55.913148493815754,0.00032353896270564264
2026-09-07 15:37:12.561723,127.49794629638481,202.19917783181825,55.955546220588246,0.0040799815567580545
2026-09-07 15:37:12.661040,127.49798288547007,202.19923209668013,55.95554635499599,0.002974865492866469
2026-09-07 15:37:12.761193,127.4980082453775,202.19926968993568,55.95554642647704,0.0021698255034986796
2026-09-07 15:37:12.861704,127.49802587879236,202.19929581996516,55.95554646450222,0.0015825148271703137
2026-09-07 15:37:12.961371,127.4980378907758,202.1993136152553,55.95554648474018,0.0011548346825549366
2026-09-07 15:37:13.067020,127.49804786282562,202.1993283834972,55.955546495473925,0.0008393288742962106
2026-09-07 15:37:13.160860,127.49805270306895,202.19933555212745,55.95554650118055,0.000613973424614436
2026-09-07 15:37:13.267210,127.49805794064875,202.19934330666317,55.95554650421684,0.00044657652887498505
2026-09-07 15:37:13.360673,127.4980603896281,202.19934693267794,55.95554650583341,0.00032689689949126063
2026-09-07 15:37:13.467103,127.49806314004809,202.1993510042314,55.95554650669442,0.0002378429120028249
2026-09-07 15:37:13.565594,127.52640253643683,202.3035016648427,55.983331944501685,0.003448246138176691
2026-09-07 15:37:13.666311,127.52643657495658,202.30355215423168,55.98333203834744,0.0025150453756635
2026-09-07 15:37:13.760800,127.5264560055085,202.30358097352152,55.983332088488226,0.0018423627208294874
2026-09-07 15:37:13.867237,127.52647417168448,202.30360790529045,55.98333211522237,0.0013409725223438862
2026-09-07 15:37:13.965861,127.52648428580136,202.30362289928127,55.983332129417704,0.000978262794217991
2026-09-07 15:37:14.064627,127.52649144278422,202.3036335078719,55.983332136980835,0.0007144522897784253
2026-09-07 15:37:14.165949,127.5264969263689,202.3036416349624,55.98333214100967,0.0005211197612387266
2026-09-07 15:37:14.265478,127.52650061729605,202.3036471048542,55.98333214315443,0.00038034289874265597
2026-09-07 15:37:14.366995,127.52650343375379,202.30365127849697,55.98333214429567,0.0002772865689058265
2026-09-07 15:37:14.465630,127.5265052796519,202.30365401380502,55.983332144903216,0.00020245934349798106
2026-09-07 15:37:14.557722,127.55473191862464,202.39282471276653,56.00038957336295,0.0029777784810896624
2026-09-07 15:37:14.667054,127.5547674933998,202.39287748450633,56.00038963991955,0.0021658624137634026
2026-09-07 15:37:14.763026,127.55478475771179,202.3929030957914,56.000389675290194,0.0015825036080074721
2026-09-07 15:37:14.857297,127.55479609306241,202.39291990969946,56.0003896942427,0.001160522100589192
2026-09-07 15:37:14.965964,127.55480766477501,202.39293707015335,56.00038970434849,0.000843818850883201
2026-09-07 15:37:15.064307,127.55481370030064,202.39294602066985,56.00038970970712,0.000615369095350788
2026-09-07 15:37:15.164019,127.55481818172561,202.39295266600385,56.000389712558615,0.00044902861286071413
2026-09-07 15:37:15.374729,127.55483216734405,202.39297340145635,56.00038971396356,0.0003031887362447217
2026-09-07 15:37:15.473398,127.55483335418495,202.39297516133848,56.00038971462999,0.00021299440045371865
2026-09-07 15:37:15.574159,127.58327007486218,202.47109354391912,56.01081260349349,0.0030303821157696186
2026-09-07 15:37:15.673598,127.58329538534248,202.47113110379118,56.0108126659984,0.0021896226444540158
2026-09-07 15:37:15.773746,127.58331292650897,202.47115713085725,56.01081269878273,0.0015894572720744206
2026-09-07 15:37:15.873763,127.58332504689174,202.47117511299513,56.010812716101725,0.0011567156636020429
2026-09-07 15:37:15.973846,127.583333598097,202.47118779881788,56.01081272528586,0.0008428780558842265
2026-09-07 15:37:16.073234,127.58333955521661,202.47119663578994,56.010812730168254,0.0006149226367237668
2026-09-07 15:37:16.292929,127.583359856402,202.47122674656546,56.010812732558634,0.00041265991050847255
2026-09-07 15:37:16.390510,127.58336126698272,202.47122883905348,56.01081273368311,0.0002892804101668786
2026-09-07 15:37:16.492639,127.61163360271826,202.5473645180377,56.018968890203894,0.0031056983011344785
2026-09-07 15:37:16.588930,127.61165693198251,202.5473991464918,56.018968943838956,0.0022467885561883645
2026-09-07 15:37:16.688931,127.61167478370491,202.54742564043764,56.018968972026414,0.001632175908228792
2026-09-07 15:37:16.789022,127.61168722552917,202.5474441040176,56.01896898693337,0.0011882100083355762
2026-09-07 15:37:16.888884,127.61169593641932,202.54745703013157,56.01896899484376,0.000866123962252442
2026-09-07 15:37:16.989267,127.61170223856764,202.54746638143445,56.01896899904824,0.0006315382641521228
2026-09-07 15:37:17.089020,127.6117066643704,202.54747294834092,56.01896900128497,0.0004607755710045213
2026-09-07 15:37:17.189949,127.61170997305896,202.54747785754853,56.018969002475046,0.0003360086209123962
2026-09-07 15:37:17.290043,127.61171229552541,202.5474813034037,56.01896900310811,0.0002451061219386878
2026-09-07 15:37:17.390102,127.61171397738886,202.54748379875522,56.01896900344502,0.00017883188272754336
2026-09-07 15:37:17.490943,127.64322518903823,202.61155582709773,56.02238606797545,0.002438294058215601
2026-09-07 15:37:17.590299,127.64324840757051,202.6115902838564,56.022386097582626,0.0017799668949841268
2026-09-07 15:37:17.690239,127.64326421199027,202.61161373721086,56.02238611335957,0.00129930757068094
2026-09-07 15:37:17.790119,127.64327498307414,202.61162972084017,56.02238612176626,0.0009484562128735344
2026-09-07 15:37:17.890104,127.64328246937154,202.6116408298244,56.02238612624558,0.0006922964839559063
2026-09-07 15:37:17.989727,127.64328766638998,202.61164854160882,56.022386128632604,0.0005054352106082794
2026-09-07 15:37:18.089364,127.64329135346738,202.61165401274357,56.0223861299051,0.00036905146677325954
2026-09-07 15:37:18.189370,127.64329401679777,202.6116579647339,56.02238613058336,0.00026941204269631113
2026-09-07 15:37:18.289479,127.64329593327157,202.61166080847823,56.02238613094477,0.00019663722041984172
2026-09-07 15:37:18.389877,127.64329732556908,202.61166287441634,56.02238613113724,0.0001434760866770859
2026-09-07 15:37:18.489742,127.68060411197582,202.67014599849293,56.02298561322175,0.0023456641501018198
2026-09-07 15:37:18.589449,127.68062682336888,202.67017969934776,56.02298563542962,0.0017125785692449656
2026-09-07 15:37:18.694485,127.68064397484092,202.67020514982687,56.02298564722224,0.0012455732051117933
2026-09-07 15:37:18.789204,127.68065279134073,202.67021823233395,56.02298565349463,0.000910899353652203
2026-09-07 15:37:18.895126,127.68066119394737,202.6702307005986,56.02298565683162,0.0006626589430115613
2026-09-07 15:37:18.995156,127.6806661437026,202.67023804532036,56.02298565860025,0.0004827932097321686
2026-09-07 15:37:19.094793,127.6806696127329,202.67024319285113,56.0229856595401,0.0003521294690569252
2026-09-07 15:37:19.195909,127.68067220777016,202.6702470434986,56.022985660039865,0.0002566995568260876
2026-09-07 15:37:19.295665,127.6806739897953,202.6702496877552,56.02298566030561,0.00018726750337539006
2026-09-07 15:37:19.396006,127.68067530174272,202.6702516344857,56.022985660447034,0.0001366097587420458
2026-09-07 15:37:19.495095,127.72254582003598,202.72033729841596,56.02156694465015,0.0021940901271449813
2026-09-07 15:37:19.595228,127.7225672616799,202.72036911083595,56.021566960921916,0.0016018005800575589
2026-09-07 15:37:19.695988,127.72258182895676,202.7203907242192,56.02156696958838,0.0011685938580532124
2026-09-07 15:37:19.795514,127.72259143445613,202.720404975974,56.02156697420355,0.0008530032558632155
2026-09-07 15:37:19.895661,127.72259820804035,202.7204150260894,56.02156697666214,0.0006225359954227364
2026-09-07 15:37:19.996201,127.7226030060912,202.72042214511447,56.02156697797119,0.0004541660462426845
2026-09-07 15:37:20.096216,127.72260634497118,202.7204270991456,56.02156697866798,0.00033139360516853977
2026-09-07 15:37:20.196240,127.72260872786815,202.72043063476127,56.021566979038994,0.00024183153540200235
2026-09-07 15:37:20.300770,127.72261067094904,202.7204335178139,56.021566979235956,0.0001759044869818384
2026-09-07 15:37:20.396025,127.72261169773607,202.72043504131244,56.02156697934066,0.00012859731567835123
2026-09-07 15:37:20.501063,127.78068799069548,202.7640871285091,56.01725266296694,0.0023198700478698204
2026-09-07 15:37:20.595676,127.78070775754597,202.7641164471176,56.017252676491296,0.0016975898394322845
2026-09-07 15:37:20.700992,127.78072501881621,202.76414205143834,56.01725268369643,0.0012359093934249425
2026-09-07 15:37:20.795162,127.78073370272448,202.76415493252557,56.01725268753614,0.0009046776719394505
2026-09-07 15:37:20.901860,127.78074225875969,202.76416762470586,56.01725268958069,0.0006580888384192425
2026-09-07 15:37:20.995029,127.78074623216003,202.7641735188593,56.017252690669636,0.0004818551646819956
2026-09-07 15:37:21.101065,127.78075046287091,202.76417979496472,56.017252691250064,0.0003507380111277847
2026-09-07 15:37:21.194566,127.78075247451405,202.76418277914917,56.017252691559406,0.0002568361369479029
2026-09-07 15:37:21.301512,127.7807547077149,202.76418609208397,56.017252691724195,0.0001868344128997884
2026-09-07 15:37:21.400616,127.7807559594477,202.76418794902133,56.017252691811564,0.00013621063623778424
2026-09-07 15:37:21.500729,127.84855566935012,202.81057793934008,56.012631187611305,0.0025636503045932467
2026-09-07 15:37:21.600323,127.84858037729994,202.81061458071923,56.012631199073724,0.0018712674932583287
2026-09-07 15:37:21.701189,127.84859743662906,202.81063988047197,56.01263120517666,0.0013649492246022928
2026-09-07 15:37:21.792080,127.84860614702875,202.8106527982917,56.01263120844635,0.0010025584104811545
2026-09-07 15:37:21.900003,127.84861603701935,202.81066746669933,56.01263121019497,0.0007299718473579333
2026-09-07 15:37:21.991878,127.84862029972031,202.81067378884234,56.01263121112862,0.0005352618203827534
2026-09-07 15:37:22.100756,127.84862537796474,202.810681320923,56.01263121162623,0.000389107470383661
2026-09-07 15:37:22.198155,127.84862793032076,202.81068510658324,56.01263121189021,0.0002839265683147949
2026-09-07 15:37:22.298740,127.84862997739853,202.81068814285766,56.012631212030726,0.00020710987838205063
2026-09-07 15:37:22.399130,127.84863143972085,202.81069031182471,56.012631212105475,0.0001510713003459993
2026-09-07 15:37:22.498410,127.91454243193701,202.85499385050363,56.008720497840386,0.002478450400904235
2026-09-07 15:37:22.599230,127.91456705716833,202.85503036512418,56.00872050634405,0.0018083112159472073
2026-09-07 15:37:22.699576,127.91458332835165,202.8550544929932,56.008720510870376,0.0013192299732055406
2026-09-07 15:37:22.798857,127.91459411075856,202.85507048218105,56.008720513281105,0.0009631215695280079
2026-09-07 15:37:22.899137,127.91460179778473,202.85508188153617,56.008720514565596,0.0007028973347128106
2026-09-07 15:37:22.999988,127.91460726599666,202.8550899906916,56.008720515249365,0.000512674804655385
2026-09-07 15:37:23.099429,127.91461096999309,202.85509548364823,56.00872051561339,0.00037419679405636247
2026-09-07 15:37:23.199441,127.91461366490223,202.85509948019566,56.00872051580723,0.00027311225095745837
2026-09-07 15:37:23.300351,127.914615651168,202.8551024258527,56.008720515910454,0.00019919971703190428
2026-09-07 15:37:23.399993,127.91461702307465,202.85510446041852,56.00872051596542,0.0001453723267837776
2026-09-07 15:37:23.500929,127.97911623616476,202.89782972313947,56.00535445994211,0.0024113010390256766
2026-09-07 15:37:23.601026,127.97913975152291,202.89786458830903,56.00535446632881,0.001759359247027826
2026-09-07 15:37:23.701147,127.97915549493538,202.89788793102213,56.00535446972896,0.0012837443923913057
2026-09-07 15:37:23.920117,127.97919914431887,202.89795265568637,56.00535447139487,0.0008619759825731143
2026-09-07 15:37:24.018981,127.97920302390388,202.89795840797697,56.00535447217851,0.0006038743600270687
2026-09-07 15:37:24.119070,127.97920617846654,202.89796308545584,56.00535447257079,0.00043148702010889083
2026-09-07 15:37:24.219088,127.97920857852743,202.89796664425742,56.005354472773035,0.0003114334931242051
2026-09-07 15:37:24.319887,127.97921045229873,202.89796942271792,56.005354472878935,0.0002258350082124401
2026-09-07 15:37:24.418844,127.97921176801084,202.8979713736925,56.00535447293481,0.00016438588972832524
2026-09-07 15:37:24.519343,128.04275099675323,202.93565445079363,56.00214866984737,0.002335284186984345
2026-09-07 15:37:24.619264,128.0427728521248,202.93568685076158,56.00214867480804,0.0017031815118284488
2026-09-07 15:37:24.720158,128.0427879354246,202.93570921204983,56.0021486774458,0.0012417761772981653
2026-09-07 15:37:24.818850,128.04279767328586,202.93572364889602,56.002148678850006,0.0009066707533518013
2026-09-07 15:37:24.919709,128.04280490060174,202.93573436400956,56.00214867959795,0.000661456440472095
2026-09-07 15:37:25.020690,128.04280998931287,202.93574190857746,56.002148679995855,0.0004823091137928747
2026-09-07 15:37:25.230131,128.04282490212734,202.935764019342,56.002148680191794,0.00032582318508061006
2026-09-07 15:37:25.321592,128.04282571200432,202.9357652200449,56.00214868028536,0.000230115334630695
2026-09-07 15:37:25.422724,128.04282694264074,202.9357670446424,56.00214868033265,0.000164972167433608
2026-09-07 15:37:25.522497,128.1051936969868,202.9612556566926,55.99872908559058,0.002052645659818608
2026-09-07 15:37:25.622359,128.10521192204303,202.96128267072936,55.99872908907071,0.001491250062309539
2026-09-07 15:37:25.722255,128.10522428078454,202.96130099009844,55.99872909091164,0.0010858133009019038
2026-09-07 15:37:25.822719,128.10523294665674,202.961313835925,55.99872909188838,0.0007912123966645108
2026-09-07 15:37:25.922780,128.1052389372072,202.9613227161961,55.998729092407416,0.0005769464783375805
2026-09-07 15:37:26.022339,128.1052431152714,202.96132890978333,55.99872909268356,0.0004210163160121301
2026-09-07 15:37:26.122210,128.10524613065118,202.96133337986666,55.998729092830615,0.000307280006283713
2026-09-07 15:37:26.221742,128.1052482740281,202.96133655730188,55.998729092909,0.0002243445349510255
2026-09-07 15:37:26.322106,128.10524986238102,202.96133891196612,55.99872909295078,0.0001637233529606739
2026-09-07 15:37:26.422241,128.105251000909,202.96134059979423,55.99872909297301,0.00011947560383294856
2026-09-07 15:37:26.521846,128.16367285610932,202.98516156268477,55.99585462483316,0.0017704600140576187
2026-09-07 15:37:26.622014,128.1636901824889,202.98518724309116,55.99585462696814,0.0012923622947815354
2026-09-07 15:37:26.728416,128.16370349194017,202.98520697049446,55.995854628100346,0.0009389141456453041
2026-09-07 15:37:26.826534,128.163710771523,202.9852177603932,55.995854628700044,0.0006845353435662408
2026-09-07 15:37:26.927094,128.16371620786006,202.98522581838878,55.99585462901888,0.0004991184663466338
2026-09-07 15:37:27.358061,128.16375638202035,202.98528536954458,55.995854629155474,0.0002932829890264356
2026-09-07 15:37:27.458339,128.1637564458475,202.9852854640829,55.995854629208566,0.00019388354230747237
2026-09-07 15:37:27.558451,128.2164007978571,203.00417001503615,55.99339134627519,0.0019576680375013797
2026-09-07 15:37:27.658786,128.21641413713377,203.004189782844,55.99339134856302,0.001393306312400015
2026-09-07 15:37:27.758791,128.2164234023527,203.00420351385208,55.99339134973593,0.0010036150035209043
2026-09-07 15:37:27.858813,128.21643006208356,203.00421338389924,55.99339135034825,0.0007274100147481915
2026-09-07 15:37:27.959000,128.2164349206256,203.0042205846896,55.99339135067095,0.0005288727255665259
2026-09-07 15:37:28.059040,128.2164384431862,203.00422580553519,55.99339135084182,0.0003852013756933361
2026-09-07 15:37:28.159119,128.21644101949477,203.00422962397823,55.99339135093254,0.0002808132973196375
2026-09-07 15:37:28.259399,128.2164429142919,203.00423243235656,55.9933913509808,0.0002047824600373492
2026-09-07 15:37:28.359423,128.2164442864494,203.00423446611768,55.99339135100644,0.0001493916000290579
2026-09-07 15:37:28.459551,128.21644529283338,203.0042359577509,55.99339135102008,0.0001089960863969881
2026-09-07 15:37:28.559689,128.26079840569793,203.02270314551222,55.99157741285529,0.001368599732792024
2026-09-07 15:37:28.659714,128.2608116450111,203.0227227659016,55.99157741383573,0.0009988664568020625
2026-09-07 15:37:28.759872,128.2608205490361,203.02273596168988,55.99157741435789,0.0007289333712869583
2026-09-07 15:37:28.859885,128.26082660226328,203.0227449327042,55.991577414636026,0.000531970142195137
2026-09-07 15:37:28.960029,128.26083081211422,203.02275117186312,55.9915774147841,0.00038819978724018015
2026-09-07 15:37:29.060319,128.26083377628476,203.0227555649147,55.991577414863,0.0002832437573914918
2026-09-07 15:37:29.160294,128.26083585482462,203.02275864543654,55.99157741490495,0.00020669581812511142
2026-09-07 15:37:31.236905,128.3314724427647,203.04085062232454,55.98916509810391,0.0029144274281258905
2026-09-07 15:37:31.338180,128.33146477857096,203.04083925728236,55.98916510076492,0.001618119986686909
2026-09-07 15:37:31.437059,128.33146395665696,203.04083803670912,55.98916510172205,0.0010482300614952011
2026-09-07 15:37:31.537208,128.38603236704344,203.04549142486,55.98679908623569,0.0019455355045275527
2026-09-07 15:37:31.636125,128.38604550042712,203.0455108820003,55.98679908760835,0.0013798067871560855
2026-09-07 15:37:31.738349,128.38605559449158,203.0455258374787,55.98679908830724,0.0009905239192391643
2026-09-07 15:37:31.836464,128.38606183463963,203.04553508316278,55.98679908867075,0.0007176443097723948
2026-09-07 15:37:31.937626,128.38606684999556,203.04554251445032,55.98679908886203,0.0005212967530618492
2026-09-07 15:37:32.036823,128.38607025161826,203.04554755474607,55.98679908896321,0.00037973328477560733
2026-09-07 15:37:32.137605,128.38607286968536,203.0455514340963,55.98679908901698,0.00027670450952081645
2026-09-07 15:37:32.237611,128.38607472633586,203.04555418523842,55.98679908904552,0.00020177897430875434
2026-09-07 15:37:32.337187,128.38607606360029,203.04555616678272,55.98679908906075,0.00014724585925046896
2026-09-07 15:37:32.437599,128.3860770688647,203.04555765638312,55.986799089068825,0.00010742590776429468
2026-09-07 15:37:32.537946,128.44016621840217,203.04826999679133,55.98441931098853,0.0010382089946509878
2026-09-07 15:37:32.638173,128.44017651582712,203.04828525298956,55.984419311271324,0.0007575472454747257
2026-09-07 15:37:32.862148,128.44020359280742,203.0483253720371,55.9844193114094,0.0005069553547504725
2026-09-07 15:37:32.958706,128.44020579837002,203.04832863967786,55.98441931147414,0.00035517198640666565
2026-09-07 15:37:33.059306,128.44020780061436,203.04833160622505,55.98441931150654,0.0002536939417442757
2026-09-07 15:37:33.158747,128.44020923295184,203.0483337284242,55.984419311523254,0.0001831518617387681
2026-09-07 15:37:33.259929,128.44021038048632,203.04833542867289,55.98441931153201,0.00013279170138568756
2026-09-07 15:37:33.351827,128.44021096880445,203.04833630035583,55.98441931153661,9.715077726429934e-05
2026-09-07 15:37:33.458603,128.44021174607713,203.04833745202197,55.98441931153906,7.064621061259608e-05
2026-09-07 15:37:33.550892,128.49761396286326,203.04176800328565,55.981816880077986,0.0008669194767043208
2026-09-07 15:37:33.659448,128.4976240356369,203.04178292528564,55.98181688024334,0.0006301277853937921
2026-09-07 15:37:33.757417,128.49762926177172,203.04179066736748,55.98181688033094,0.0004595747627263359
2026-09-07 15:37:33.857322,128.4976330422009,203.04179626788735,55.98181688037755,0.00033531671964333516
2026-09-07 15:37:33.957376,128.4976356766419,203.0418001707416,55.98181688040239,0.00024467991015741523
2026-09-07 15:37:34.057783,128.49763754493148,203.041802938597,55.981816880415636,0.00017850608293632183
2026-09-07 15:37:34.157680,128.49763884807828,203.041804869215,55.981816880422684,0.00013026336064114215
2026-09-07 15:37:34.257792,128.49763978540386,203.0418062578774,55.981816880426436,9.505706280126359e-05
2026-09-07 15:37:34.358494,128.49764047039767,203.04180727271213,55.981816880428426,6.933551706147313e-05
2026-09-07 15:37:34.458780,128.49764095682224,203.04180799336456,55.981816880429506,5.05775049934537e-05
2026-09-07 15:37:34.559357,128.54500216019144,203.0238945386421,55.979566875147725,0.00039785729743931823
2026-09-07 15:37:34.658976,128.54500603580848,203.0239002795535,55.9795668752015,0.00029039404743165
2026-09-07 15:37:34.763630,128.54500893812613,203.02390457883757,55.97956687523009,0.00021123269238129704
2026-09-07 15:37:34.859964,128.54501051736838,203.0239069182166,55.97956687524521,0.0001543045358463607
2026-09-07 15:37:34.958880,128.54501170917558,203.02390868370819,55.97956687525334,0.00011276105430072287
2026-09-07 15:37:35.060127,128.54501260359848,203.02391000868423,55.97956687525766,8.227866374270217e-05
2026-09-07 15:37:35.158735,128.54501318684655,203.0239108726984,55.979566875259934,6.0104129221534026e-05
2026-09-07 15:37:35.259604,128.54501363417083,203.0239115353624,55.979566875261185,4.385964475994818e-05
2026-09-07 15:37:35.359871,128.5450139479937,203.02391200026003,55.97956687526181,3.200174051695516e-05
2026-09-07 15:37:35.459846,128.54501417176465,203.0239123317557,55.97956687526221,2.3353220071968246e-05
2026-09-07 15:37:35.665788,128.58578654411758,203.00540571031394,55.9778915702974,0.0002896579997627063
2026-09-07 15:37:35.762701,128.58578855716283,203.00540869197934,55.97789157032918,0.00020410327096567448
2026-09-07 15:37:35.863226,128.5857900750098,203.0054109402495,55.97789157034521,0.00014621734135686053
2026-09-07 15:37:35.963570,128.5857911220058,203.0054124911115,55.977891570353506,0.0001056518044295844
2026-09-07 15:37:36.063238,128.5857918490184,203.00541356801233,55.97789157035788,7.672043900415404e-05
2026-09-07 15:37:36.163597,128.58579238348858,203.00541435971505,55.97789157036016,5.5829330820624364e-05
2026-09-07 15:37:36.263468,128.58579276347083,203.0054149225812,55.97789157036141,4.0686809790332964e-05
2026-09-07 15:37:36.363669,128.58579304234453,203.00541533567812,55.97789157036209,2.966743942703669e-05
2026-09-07 15:37:36.462923,128.58579323898923,203.00541562696992,55.97789157036243,2.1653674801566578e-05
2026-09-07 15:37:36.563059,128.61347765261988,202.97905139794764,55.976661877296806,-0.0001887181874288415
2026-09-07 15:37:36.663281,128.6134758117612,202.979048671295,55.97666187728305,-0.00013773026289620215
2026-09-07 15:37:36.762773,128.6134746002576,202.97904687681674,55.97666187727572,-0.00010055709622677451
2026-09-07 15:37:36.862825,128.61347376052353,202.97904563299164,55.976661877271795,-7.340200203257668e-05
2026-09-07 15:37:36.962719,128.61347318146252,202.97904477527283,55.97666187726975,-5.358042980902788e-05
2026-09-07 15:37:37.062709,128.61347277419262,202.97904417201156,55.97666187726861,-3.9108909203277816e-05
2026-09-07 15:37:37.162525,128.6134724872876,202.9790437470367,55.976661877267986,-2.8548614740156825e-05
2026-09-07 15:37:37.263413,128.61347227591537,202.9790434339428,55.9766618772677,-2.0824561437876407e-05
2026-09-07 15:37:37.362835,128.6134721313613,202.97904321982244,55.97666187726753,-1.5200632805713324e-05
2026-09-07 15:37:37.462953,128.61347202460652,202.97904306169187,55.97666187726742,-1.1093892518752557e-05
2026-09-07 15:37:37.562535,128.72045061613062,202.96005524308984,55.97423040574205,0.0014035543989954129
2026-09-07 15:37:37.670045,128.72046659091282,202.96007890177472,55.97423040581435,0.00101911849615811
2026-09-07 15:37:37.767034,128.72047484484278,202.96009112583658,55.974230405852666,0.0007433988090256833
2026-09-07 15:37:37.869363,128.72048137209254,202.96010079295365,55.974230405873016,0.00054149004278282
2026-09-07 15:37:37.968133,128.72048545402671,202.96010683851216,55.97423040588387,0.00039514084948375687
2026-09-07 15:37:38.069088,128.7204885184996,202.96011137722064,55.974230405889614,0.00028816604707950974
2026-09-07 15:37:38.168970,128.72049061730354,202.96011448572642,55.97423040589268,0.00021024691222355674
2026-09-07 15:37:38.268992,128.7204921240094,202.9601167173002,55.97423040589433,0.00015341801693048555
2026-09-07 15:37:38.368160,128.720493178501,202.96011827910922,55.974230405895185,0.00011202778540477143
2026-09-07 15:37:38.469175,128.72049398657947,202.96011947596094,55.97423040589564,8.172424714724251e-05
2026-09-07 15:37:38.569309,128.83681956842182,202.96536336016916,55.97149186313396,0.0022879952162403647
2026-09-07 15:37:38.669858,128.83684216011872,202.9653968141717,55.9714918632169,0.001669177451893589
2026-09-07 15:37:38.769239,128.83685684641776,202.9654185622131,55.971491863261065,0.001218516564013378
2026-09-07 15:37:38.868931,128.83686695498145,202.9654335316678,55.9714918632846,0.0008896347773805054
2026-09-07 15:37:38.969562,128.83687413681264,202.96544416720013,55.97149186329722,0.0006491152393561976
2026-09-07 15:37:39.070107,128.83687914651713,202.96545158613364,55.97149186330387,0.00047349478475977716
2026-09-07 15:37:39.169737,128.83688259255223,202.96545668945532,55.97149186330745,0.0003455703237171608
2026-09-07 15:37:39.270805,128.83688516132125,202.96546049364449,55.971491863309325,0.0002520132348311619
2026-09-07 15:37:39.369482,128.83688686750128,202.9654630204033,55.97149186331035,0.00018403059870519524
2026-09-07 15:37:39.469744,128.8368881679872,202.9654649463616,55.97149186331086,0.00013432692376369178
2026-09-07 15:37:39.569819,128.93807215242524,202.98120460954084,55.968515617051594,0.002333338849858361
2026-09-07 15:37:39.669703,128.93809490574284,202.9812382987222,55.968515617104515,0.0017033973476702601
2026-09-07 15:37:39.770410,128.9381104333214,202.98126128988403,55.96851561713271,0.0012427377236196675
2026-09-07 15:37:39.986519,128.93815195861407,202.9813227796907,55.96851561714658,0.0008359907644952025
2026-09-07 15:37:40.074785,128.93815395421157,202.98132573427893,55.968515617153116,0.0005905703345491217
2026-09-07 15:37:40.174951,128.93815729088095,202.98133067498108,55.96851561715647,0.0004237323520411369
2026-09-07 15:37:40.275341,128.93815981182556,202.98133440787646,55.96851561715823,0.00030641004378364236
2026-09-07 15:37:40.375211,128.93816166233634,202.9813371480528,55.96851561715914,0.00022256067860854618
2026-09-07 15:37:40.475296,128.93816305550763,202.9813392110312,55.968515617159596,0.000162011263369066
2026-09-07 15:37:40.575063,129.00239340383877,203.00900587091093,55.96661083352325,0.002060904872391752
2026-09-07 15:37:40.682343,129.0024160826219,203.00903944897524,55.966610833543655,0.0014954864995913276
2026-09-07 15:37:40.778896,129.00242770356283,203.0090566548273,55.966610833554455,0.0010908734400996295
2026-09-07 15:37:40.880795,129.00243700799163,203.009070431214,55.966610833560196,0.0007948335838359654
2026-09-07 15:37:40.979368,129.00244288431622,203.00907913192466,55.966610833563266,0.0005801909384411055
2026-09-07 15:37:41.080436,129.00244735834912,203.00908575643035,55.96661083356486,0.00042315255905493694
2026-09-07 15:37:41.180519,129.0024504364113,203.00909031401264,55.96661083356571,0.0003087015465282879
2026-09-07 15:37:41.280229,129.00245261467128,203.00909353930606,55.96661083356622,0.00022529962932413402
2026-09-07 15:37:41.381602,129.00245426447808,203.00909598214463,55.96661083356645,0.00016426726575849543
2026-09-07 15:37:41.481100,129.04901681979948,203.03396937119885,55.96521591390837,0.001648182142540835
2026-09-07 15:37:41.581519,129.04903300286423,203.03399333081921,55.96521591390933,0.0012026373532116458
2026-09-07 15:37:41.681821,129.0490438011719,203.03400931829404,55.965215913909844,0.0008774359318423024
2026-09-07 15:37:41.781420,129.04905102877913,203.03402001925465,55.96521591391013,0.000640461432296367
2026-09-07 15:37:41.881166,129.04905606118845,203.03402747013993,55.96521591391024,0.0004675508001625711
2026-09-07 15:37:42.211598,129.04908320008406,203.03406765247047,55.9652159139103,0.00029214434946352283
2026-09-07 15:37:42.298862,129.04908302187272,203.03406738856668,55.965215913910356,0.0001997671741829966
2026-09-07 15:37:42.399489,129.04908376450294,203.0340684881013,55.965215913910356,0.00014099577991001747
2026-09-07 15:37:42.499174,129.07383149594537,203.06144552159856,55.96491099372207,0.0014458102272364556
2026-09-07 15:37:42.599341,129.0738434367811,203.06146320094385,55.96491099371315,0.001045830916818404
2026-09-07 15:37:42.699402,129.07385159366675,203.06147527790213,55.964910993708486,0.000759660571638687
2026-09-07 15:37:42.798766,129.07385717932524,203.06148354796653,55.964910993705985,0.000553287754088986
2026-09-07 15:37:42.899031,129.07386125000474,203.06148957498658,55.96491099370468,0.0004032916777015839
2026-09-07 15:37:42.998782,129.07386410903626,203.0614938080567,55.96491099370394,0.00029419083619420757
2026-09-07 15:37:43.098520,129.07386616475054,203.06149685174313,55.9649109937036,0.00021469648113761194
2026-09-07 15:37:43.199119,129.07386768948712,203.06149910926771,55.96491099370343,0.00015661986649134478
2026-09-07 15:37:43.298718,129.0738687564412,203.06150068900078,55.96491099370331,0.00011431233712497037
2026-09-07 15:37:43.399097,129.07386955121228,203.06150186574027,55.964910993703256,8.340874891243394e-05
2026-09-07 15:37:43.498640,129.0838580530024,203.0826816467257,55.96511793634545,0.0008095246659986473
2026-09-07 15:37:43.599364,129.08386604543253,203.08269348054768,55.965117936340505,0.0005906751907010326
2026-09-07 15:37:43.699117,129.0838712705006,203.08270121692115,55.96511793633789,0.00043111950666720026
2026-09-07 15:37:43.799443,129.08387489062187,203.0827065769593,55.965117936336526,0.00031458238734271383
2026-09-07 15:37:43.899111,129.08387735171806,203.08271022091282,55.96511793633573,0.00022962539929425116
2026-09-07 15:37:44.006237,129.0838794460404,203.08271332180783,55.96511793633533,0.00016673487746758588
2026-09-07 15:37:44.098933,129.0838803806328,203.0827147055845,55.965117936335105,0.00012200894516575183
2026-09-07 15:37:44.206006,129.0838814514918,203.08271629111758,55.96511793633505,8.871320908082008e-05
2026-09-07 15:37:44.305550,129.08388205731384,203.08271718810846,55.96511793633499,6.463905022820568e-05
2026-09-07 15:37:44.404962,129.08388249437806,203.0827178352333,55.965117936334934,4.7154850903780334e-05
2026-09-07 15:37:44.504934,129.0852972351919,203.09518556871063,55.96542144808666,0.00039324717661850286
2026-09-07 15:37:44.605419,129.08530110304605,203.09519129565592,55.96542144808501,0.0002869212353809153
2026-09-07 15:37:44.705485,129.08530366486,203.09519508880078,55.96542144808416,0.00020936349044954047
2026-09-07 15:37:44.805164,129.0853053944631,203.09519764972865,55.9654214480837,0.00015282126747383825
2026-09-07 15:37:44.905012,129.08530659903485,203.09519943326814,55.96542144808342,0.00011155527104017603
2026-09-07 15:37:45.006456,129.08530748209137,203.09520074075644,55.965421448083305,8.133981898961007e-05
2026-09-07 15:37:45.105236,129.08530805760125,203.09520159287834,55.96542144808325,5.9387895028516476e-05
2026-09-07 15:37:45.205369,129.08530848773125,203.09520222974453,55.96542144808319,4.334844297724872e-05
2026-09-07 15:37:45.305850,129.08530879945852,203.095202691299,55.96542144808319,3.162825973756111e-05
2026-09-07 15:37:45.406684,129.08530902604718,203.09520302679405,55.96542144808319,2.3066024678945494e-05
2026-09-07 15:37:45.505767,129.0832182669045,203.1049115297829,55.96574100013095,0.00023789460210800085
2026-09-07 15:37:45.841282,129.0832327865355,203.10493302832094,55.96574100013049,0.00014819755044094044
2026-09-07 15:37:45.939349,129.08323319139856,203.10493362779832,55.965741000130265,0.00010046526369419305
2026-09-07 15:37:46.040581,129.0832336211125,203.1049342640624,55.96574100013021,7.058527805390332e-05
2026-09-07 15:37:46.141059,129.08323395510985,203.10493475859974,55.96574100013015,5.049401002105233e-05
2026-09-07 15:37:46.241345,129.0832342176257,203.10493514729603,55.96574100013015,3.6459763808753046e-05
2026-09-07 15:37:46.340876,129.0832344158405,203.104935440784,55.96574100013015,2.6468647761761955e-05
2026-09-07 15:37:46.441125,129.08323457243762,203.10493567265019,55.96574100013015,1.926000684681254e-05
2026-09-07 15:37:46.541116,129.08145951424018,203.1085839494255,55.965874368798836,8.146904168984819e-05
2026-09-07 15:37:46.640986,129.08146027061082,203.10858506935907,55.96587436879878,5.942575235285016e-05
2026-09-07 15:37:46.740885,129.0814607817729,203.10858582621916,55.96587436879878,4.336153549941916e-05
2026-09-07 15:37:46.840894,129.0814611340136,203.1085863477692,55.96587436879878,3.164306069746637e-05
2026-09-07 15:37:46.940338,129.081461375577,203.10858670544303,55.96587436879878,2.3102276954313548e-05
2026-09-07 15:37:47.040954,129.08146155189917,203.1085869665164,55.96587436879878,1.685650193290216e-05
2026-09-07 15:37:47.140241,129.08146167209412,203.10858714448437,55.96587436879878,1.2307248032100295e-05
2026-09-07 15:37:47.240182,129.08146176008157,203.10858727476386,55.96587436879878,8.98455838698591e-06
2026-09-07 15:37:47.340343,129.08146182378263,203.1085873690834,55.96587436879878,6.557405165685658e-06
2026-09-07 15:37:47.440602,129.08146186986025,203.10858743730867,55.96587436879878,4.785008417987667e-06
2026-09-07 15:37:47.540626,129.07688963815758,203.11137608412136,55.96603889283591,-4.438443503995234e-06
2026-09-07 15:37:47.647192,129.0768895886044,203.11137601074913,55.96603889283591,-3.224257077980021e-06
2026-09-07 15:37:47.739879,129.07688956537922,203.11137597636014,55.96603889283591,-2.359934904085572e-06
2026-09-07 15:37:47.847701,129.0768895415399,203.11137594106197,55.96603889283591,-1.715205303847257e-06
2026-09-07 15:37:47.940173,129.07688953098926,203.1113759254399,55.96603889283591,-1.2559441507340893e-06
2026-09-07 15:37:48.048438,129.07688951909142,203.11137590782315,55.96603889283591,-9.127343846101595e-07
2026-09-07 15:37:48.139434,129.0768895142582,203.11137590066676,55.96603889283591,-6.690304522520555e-07
2026-09-07 15:37:48.247378,129.07688950819968,203.11137589169613,55.96603889283591,-4.865859256069964e-07
2026-09-07 15:37:48.346787,129.0768895048688,203.11137588676416,55.96603889283591,-3.5462632107523716e-07
2026-09-07 15:37:48.447331,129.07688950237178,203.11137588306693,55.96603889283591,-2.585232000467979e-07
2026-09-07 15:37:48.546623,129.05117199434693,203.11313949423297,55.96657976566729,-0.0004147359381177299
2026-09-07 15:37:48.647061,129.05116790955068,203.11313344575635,55.966579765667234,-0.00030263024861546786
2026-09-07 15:37:48.746637,129.05116523329943,203.11312948296919,55.96657976566718,-0.00022091698963327424
2026-09-07 15:37:48.846989,129.05116337017506,203.1131267242092,55.96657976566712,-0.0001612106543475461
2026-09-07 15:37:48.947020,129.05116209290924,203.11312483294554,55.96657976566712,-0.0001176465122378618
2026-09-07 15:37:49.047563,129.05116118485762,203.1131234883856,55.96657976566712,-8.582486866252529e-05
2026-09-07 15:37:49.146910,129.05116056529872,203.11312257100087,55.96657976566712,-6.265356221527989e-05
2026-09-07 15:37:49.247059,129.05116011126572,203.1131218987125,55.96657976566712,-4.5728101437533415e-05
2026-09-07 15:37:49.347036,129.0511597873752,203.11312141912714,55.96657976566712,-3.3375237486722905e-05
2026-09-07 15:37:49.447674,129.05115954919742,203.1131210664571,55.96657976566712,-2.434770928639991e-05
2026-09-07 15:37:49.547002,129.01517213446115,203.114313500666,55.967049654196046,-0.0006314202435112189
2026-09-07 15:37:49.647643,129.0151658714775,203.11430422674428,55.967049654195364,-0.00046076012720271814
2026-09-07 15:37:49.746712,129.01516184004413,203.1142982572131,55.96704965419502,-0.0003364812079285869
2026-09-07 15:37:50.079436,129.01514191162047,203.11426874868732,55.96704965419485,-0.00020997924326436593
2026-09-07 15:37:50.172597,129.01514170294348,203.11426843967632,55.967049654194795,-0.00014292892470344637
2026-09-07 15:37:50.270423,129.01514124350962,203.11426775937318,55.96704965419474,-0.00010085696633612852
2026-09-07 15:37:50.369714,129.01514080585372,203.11426711132145,55.96704965419474,-7.23691010786183e-05
2026-09-07 15:37:50.471012,129.015140418379,203.11426653757627,55.96704965419474,-5.22990301724808e-05
2026-09-07 15:37:50.570462,128.98343711092835,203.11121432437824,55.96716991328054,-0.0007333556512588056
2026-09-07 15:37:50.671460,128.98343038998212,203.11120437240973,55.96716991327946,-0.0005335819172419796
2026-09-07 15:37:50.771851,128.98342590680937,203.11119773400853,55.967169913278894,-0.0003886810594400988
2026-09-07 15:37:50.871396,128.98342288219737,203.11119325535728,55.96716991327855,-0.0002834796320960634
2026-09-07 15:37:50.972474,128.9834206665357,203.1111899745512,55.96716991327844,-0.00020665687918300824
2026-09-07 15:37:51.072056,128.9834191703828,203.11118775914773,55.967169913278326,-0.00015078047145460627
2026-09-07 15:37:51.172818,128.98341806244073,203.11118611858197,55.96716991327827,-0.00010996687021447079
2026-09-07 15:37:51.272692,128.98341729045657,203.11118497548043,55.96716991327827,-8.023520968330154e-05
2026-09-07 15:37:51.373857,128.98341671108528,203.1111841175872,55.96716991327827,-5.8500332398030594e-05
2026-09-07 15:37:51.473481,128.98341631332443,203.11118352861033,55.96716991327827,-4.268497291394343e-05
2026-09-07 15:37:51.573636,128.95231528330265,203.11286672723804,55.9670881006391,-0.0005441591689095838
2026-09-07 15:37:51.672989,128.95231005766547,203.11285898952931,55.96708810063848,-0.0003973517903201357
2026-09-07 15:37:51.773465,128.95230645900926,203.11285366092088,55.967088100638136,-0.0002899820149230989
2026-09-07 15:37:51.873250,128.95230405132745,203.11285009581218,55.96708810063791,-0.0002116659526371501
2026-09-07 15:37:51.972893,128.95230238987534,203.11284763566152,55.967088100637795,-0.0001545328273107105
2026-09-07 15:37:52.073746,128.95230118396546,203.11284585004202,55.96708810063774,-0.00011273397814170888
2026-09-07 15:37:52.172734,128.95230037818104,203.11284465689755,55.96708810063768,-8.231922661691815e-05
2026-09-07 15:37:52.273481,128.95229976990606,203.11284375620983,55.96708810063768,-6.006338580247615e-05
2026-09-07 15:37:52.372723,128.95229935430294,203.11284314081598,55.96708810063768,-4.3854621976215056e-05
2026-09-07 15:37:52.473324,128.9522990409751,203.1128426768636,55.96708810063768,-3.199988236903628e-05
2026-09-07 15:37:52.678960,128.9176289653411,203.105942009323,55.966899119284506,-0.0009602281541906382
2026-09-07 15:37:52.776241,128.91762226494353,203.10593208806637,55.96689911928348,-0.00067648810100317
2026-09-07 15:37:52.876643,128.91761728254366,203.10592471061395,55.96689911928297,-0.00048462701451250465
2026-09-07 15:37:52.976553,128.91761387096204,203.10591965906585,55.96689911928274,-0.00035028465476551624
2026-09-07 15:37:53.076220,128.9176114632352,203.10591609392537,55.96689911928257,-0.00025440560744272256
2026-09-07 15:37:53.176013,128.91760972273943,203.10591351675606,55.966899119282516,-0.00018522290405913416
2026-09-07 15:37:53.275543,128.91760847293054,203.10591166615,55.96689911928246,-0.0001350544261594109
2026-09-07 15:37:53.375868,128.91760754069986,203.10591028578457,55.96689911928246,-9.849506580397002e-05
2026-09-07 15:37:53.476231,128.91760686309902,203.10590928245216,55.96689911928246,-7.183841891046408e-05
2026-09-07 15:37:53.575868,128.89405696985892,203.08895576891038,55.96674744624977,-0.0009387794345315325
2026-09-07 15:37:53.675976,128.89404786184272,203.088942282699,55.966747446248974,-0.0006851916887351986
2026-09-07 15:37:53.776129,128.89404174994058,203.08893323281225,55.966747446248576,-0.0005000384701584287
2026-09-07 15:37:53.876026,128.89403760663814,203.0889270978221,55.966747446248405,-0.00036496013582785905
2026-09-07 15:37:54.092797,128.89402550989251,203.08890918610376,55.96674744624829,-0.00024544922057753195
2026-09-07 15:37:54.185923,128.8940247531782,203.0889080656377,55.966747446248235,-0.0001727799052001496
2026-09-07 15:37:54.287411,128.89402379478474,203.08890664654115,55.96674744624818,-0.0001236301648744505
2026-09-07 15:37:54.386762,128.8940231263576,203.0889056567982,55.96674744624818,-8.934006703709179e-05
2026-09-07 15:37:54.487622,128.87251156878807,203.06793005080985,55.96661085911802,-0.0010891821566437249
2026-09-07 15:37:54.710738,128.87247286052727,203.06787273561662,55.96661085911717,-0.000727437627532281
2026-09-07 15:37:54.803751,128.87247023080343,203.06786884182847,55.96661085911671,-0.0005104331453483429
2026-09-07 15:37:54.910776,128.87246660354455,203.0678634709706,55.96661085911654,-0.00036321009964433883
2026-09-07 15:37:55.003356,128.87246512110045,203.06786127592773,55.96661085911643,-0.0002630036791539945
2026-09-07 15:37:55.109570,128.872463158184,203.06785836944493,55.96661085911637,-0.00019029210310494174
2026-09-07 15:37:55.208358,128.87246204470557,203.06785672072152,55.966610859116315,-0.0001383686959919569
2026-09-07 15:37:55.308012,128.87246118246625,203.0678554440062,55.966610859116315,-0.00010081393341820777
2026-09-07 15:37:55.409705,128.87246049752486,203.06785442981501,55.966610859116315,-7.342047355989499e-05
2026-09-07 15:37:55.620556,128.84525951316763,203.04255663471736,55.966350882054996,-0.0014509726671925896
2026-09-07 15:37:55.718877,128.8452496162115,203.04254198070643,55.966350882053575,-0.0010193161129616781
2026-09-07 15:37:55.819031,128.8452424768486,203.04253140969251,55.966350882052836,-0.0007293078549283609
2026-09-07 15:37:56.039727,128.8452185656644,203.0424960048353,55.966350882052495,-0.0004845227858726532
2026-09-07 15:37:56.136025,128.84521721827255,203.04249400980177,55.966350882052325,-0.0003383684922594317
2026-09-07 15:37:56.236086,128.84521571499184,203.0424917839316,55.96635088205221,-0.00024139747141709746
2026-09-07 15:37:56.335964,128.8452145148772,203.04249000694784,55.96635088205221,-0.00017411040376648745
2026-09-07 15:37:56.436702,128.8452135397727,203.04248856312958,55.96635088205221,-0.00012621472541375
2026-09-07 15:37:56.534919,128.8209968370865,203.0112107032156,55.96624552643243,-0.0014429720758547804
2026-09-07 15:37:56.636337,128.82098324427946,203.0111905767403,55.96624552643061,-0.0010509691755956347
2026-09-07 15:37:56.738049,128.82097399861144,203.01117688693225,55.966245526429645,-0.0007652452996580238
2026-09-07 15:37:56.834295,128.8209685464877,203.01116881411846,55.966245526429134,-0.0005593436206374322
2026-09-07 15:37:56.934818,128.82096416718085,203.01116232978805,55.96624552642891,-0.00040840246286937996
2026-09-07 15:37:57.034614,128.82096114385075,203.01115785321622,55.966245526428736,-0.0002981801476429049
2026-09-07 15:37:57.134731,128.8209589693196,203.01115463343888,55.96624552642862,-0.00021764918523771356
2026-09-07 15:37:57.234672,128.82095742074165,203.011152340495,55.966245526428565,-0.0001588661789830685
2026-09-07 15:37:57.334745,128.82095630141814,203.01115068313786,55.966245526428565,-0.00011594764347040049
2026-09-07 15:37:57.436114,128.82095546101908,203.01114943877766,55.966245526428565,-8.45392575163405e-05
2026-09-07 15:37:57.535914,128.79876467947258,202.98263807891212,55.966129090393565,-0.0012268102393664464
2026-09-07 15:37:57.636056,128.79875270755394,202.98262035250949,55.96612909039197,-0.0008952527219394699
2026-09-07 15:37:57.735814,128.79874476643337,202.98260859435814,55.96612909039118,-0.0006534606391922332
2026-09-07 15:37:57.836137,128.79873926858616,202.98260045387275,55.96612909039072,-0.00047683743592584385
2026-09-07 15:37:57.935788,128.79873553382095,202.98259492392268,55.96612909039044,-0.00034807177415132435
2026-09-07 15:37:58.035747,128.79873288914044,202.9825910080247,55.96612909039038,-0.0002540669869772016
2026-09-07 15:37:58.135339,128.79873103642822,202.982588264769,55.966129090390325,-0.00018549571432144998
2026-09-07 15:37:58.235466,128.79872969134237,202.98258627313982,55.96612909039027,-0.00013539621058736634
2026-09-07 15:37:58.335296,128.7987287355533,202.98258485793062,55.96612909039027,-9.883552425452344e-05
2026-09-07 15:37:58.435562,128.79872803709998,202.9825838237508,55.96612909039027,-7.212727176382444e-05
2026-09-07 15:37:58.535753,128.79368437205025,202.94858237162828,55.96688819453078,-0.0010511294077737
2026-09-07 15:37:58.635463,128.79367417460458,202.9485672716653,55.966888194529304,-0.000767371126581691
2026-09-07 15:37:58.735131,128.79366735249164,202.94855716982013,55.966888194528565,-0.0005602788390847786
2026-09-07 15:37:58.840256,128.79366204693156,202.9485493136712,55.96688819452817,-0.0004074762898830437
2026-09-07 15:37:58.935272,128.7936593063605,202.9485452555992,55.96688819452794,-0.0002979189938160147
2026-09-07 15:37:59.041140,128.79365665273693,202.9485413263039,55.96688819452788,-0.00021670998255628648
2026-09-07 15:37:59.134661,128.79365538267496,202.94853944568536,55.966888194527826,-0.00015863306115182832
2026-09-07 15:37:59.240466,128.79365402763898,202.94853743925364,55.96688819452777,-0.00011547037794034887
2026-09-07 15:37:59.341404,128.7936531972991,202.94853620975192,55.96688819452777,-8.409898756568183e-05
2026-09-07 15:37:59.440667,128.79365263066262,202.94853537072217,55.96688819452777,-6.134374374201329e-05
2026-09-07 15:37:59.540311,128.79911368811733,202.91404104180563,55.96812664452892,-0.0008677779126288796
2026-09-07 15:37:59.641452,128.79910502259165,202.91402820940928,55.96812664453017,-0.0006329046851730641
2026-09-07 15:37:59.741601,128.7990993681199,202.9140198360263,55.9681266445308,-0.00046170140529737955
2026-09-07 15:37:59.841071,128.7990955801722,202.91401422671785,55.96812664453114,-0.0003370147089171658
2026-09-07 15:37:59.941751,128.79909286508476,202.9140102061664,55.96812664453137,-0.00024586348542209133
2026-09-07 15:38:00.041704,128.79909100392493,202.91400745014124,55.96812664453148,-0.00017940744927818762
2026-09-07 15:38:00.141191,128.79908970339807,202.91400552431574,55.96812664453154,-0.00013097504175848512
2026-09-07 15:38:00.242395,128.7990887251585,202.91400407574045,55.968126644531594,-9.552122821486046e-05
2026-09-07 15:38:00.341759,128.79908806429614,202.91400309713882,55.968126644531594,-6.972070638721827e-05
2026-09-07 15:38:00.446840,128.79908750095768,202.91400226295252,55.968126644531594,-5.069920251907055e-05
2026-09-07 15:38:00.540959,128.812833972605,202.87910980927884,55.96969784939478,-0.0007172569943810724
2026-09-07 15:38:00.648207,128.81282582640225,202.8790977451478,55.9696978493987,-0.0005214656886986025
2026-09-07 15:38:00.741321,128.81282201279615,202.87909209734016,55.9696978494008,-0.00038172235613714514
2026-09-07 15:38:00.847605,128.81281828126217,202.87908657123393,55.96969784940194,-0.0002777645679566607
2026-09-07 15:38:00.945559,128.81281623557,202.87908354172905,55.96969784940251,-0.00020270454511301796
2026-09-07 15:38:01.046521,128.8128146585801,202.87908120635788,55.96969784940285,-0.00014783101333608025
2026-09-07 15:38:01.146032,128.81281359111793,202.8790796255562,55.96969784940296,-0.00010788868438230894
2026-09-07 15:38:01.246406,128.81281280729772,202.87907846480473,55.969697849403076,-7.87185092839483e-05
2026-09-07 15:38:01.345751,128.81281226266265,202.87907765826256,55.96969784940313,-5.747060034517499e-05
2026-09-07 15:38:01.446009,128.81281185740653,202.87907705812628,55.96969784940313,-4.194381243132866e-05
2026-09-07 15:38:01.547248,128.83333088792511,202.85581150137554,55.97115008516943,-0.00028180094756340206
2026-09-07 15:38:01.646697,128.8333281770514,202.85580748646038,55.97115008517221,-0.000205687615824852
2026-09-07 15:38:01.746408,128.83332634923636,202.85580477942545,55.97115008517369,-0.00015015809056776068
2026-09-07 15:38:01.846422,128.83332509265648,202.85580291842254,55.971150085174486,-0.00010960571032878854
2026-09-07 15:38:01.946480,128.8333242219713,202.85580162894314,55.971150085174884,-7.999701098811696e-05
2026-09-07 15:38:02.043634,128.83332366154923,202.8558007989655,55.97115008517511,-5.8507614997949296e-05
2026-09-07 15:38:02.137572,128.83332330049117,202.8558002642454,55.971150085175225,-4.2939304992778506e-05
2026-09-07 15:38:02.246169,128.83332290102874,202.85579967265514,55.971150085175225,-3.123568855537641e-05
2026-09-07 15:38:02.342802,128.83332270378602,202.8557993805452,55.97115008517528,-2.2813179978717327e-05
2026-09-07 15:38:02.443590,128.83332253906065,202.85579913659325,55.97115008517528,-1.664670989693435e-05
2026-09-07 15:38:02.542405,128.86222203274826,202.84173221613744,55.97247157303144,0.00013264435723279783
2026-09-07 15:38:02.645317,128.8622252443773,202.84173697265237,55.97247157303127,0.0001290458392370551
2026-09-07 15:38:02.744780,128.86222824746523,202.8417414203096,55.97247157303116,0.00012555548046843713
2026-09-07 15:38:02.844911,128.86223118290897,202.84174576778196,55.9724715730311,0.0001221605184172185
2026-09-07 15:38:02.945785,128.86223217080922,202.8417472309241,55.972471573030475,8.908571951639824e-05
2026-09-07 15:38:03.155464,128.8622349571748,202.84175135762078,55.972471573030134,6.017566465606145e-05
2026-09-07 15:38:03.254391,128.86223521166272,202.84175173453247,55.97247157303002,4.22746227881583e-05
2026-09-07 15:38:03.354442,128.86223542384525,202.8417520487845,55.972471573029964,3.0249511642359855e-05
2026-09-07 15:38:03.454179,128.86223558619676,202.84175228923345,55.97247157302991,2.1853595425368653e-05
2026-09-07 15:38:03.554020,128.9071073696707,202.8270059855318,55.973830490947535,0.00045529596397968127
2026-09-07 15:38:03.654419,128.90711154537888,202.82701217056334,55.97383049094077,0.00033133285246730653
2026-09-07 15:38:03.754108,128.90711431778718,202.82701627698498,55.97383049093719,0.0002415035890460517
2026-09-07 15:38:03.968275,128.90712220020492,202.82702795174427,55.97383049093543,0.000162597816499947
2026-09-07 15:38:04.064001,128.90712280638715,202.82702884960892,55.97383049093463,0.00011430803167533506
2026-09-07 15:38:04.164188,128.90712340811842,202.8270297408577,55.973830490934176,8.1813615933823e-05
2026-09-07 15:38:04.264096,128.90712386271858,202.82703041417895,55.973830490934006,5.9106255787038366e-05
2026-09-07 15:38:04.365320,128.90712422491,202.82703095062757,55.97383049093389,4.2868708344964326e-05
2026-09-07 15:38:04.464466,128.90712447662332,202.82703132344392,55.973830490933835,3.1203023698372934e-05
2026-09-07 15:38:04.564479,128.95186740553285,202.80743110139184,55.974674814973184,0.0003139984159686085
2026-09-07 15:38:04.663947,128.95187031928617,202.8074354172565,55.97467481496864,0.00022912317311596259
2026-09-07 15:38:04.888416,128.95187846655296,202.80744748464724,55.97467481496636,0.00015328285174374232
2026-09-07 15:38:04.981549,128.95187899126688,202.80744826186398,55.9746748149654,0.00010763221754874848
2026-09-07 15:38:05.082630,128.95187960426458,202.80744916982337,55.974674814964885,7.69405769462633e-05
2026-09-07 15:38:05.187639,128.95188012652486,202.80744994337803,55.9746748149646,5.534648597800095e-05
2026-09-07 15:38:05.281172,128.95188037242977,202.80745030760477,55.97467481496443,4.027564749770057e-05
2026-09-07 15:38:05.387959,128.95188068231835,202.8074507665984,55.97467481496443,2.9204577079252047e-05
2026-09-07 15:38:05.481574,128.9987803724245,202.77654419419997,55.975218550812315,4.235242149697256e-05
2026-09-07 15:38:05.586513,128.9987808171649,202.77654485295423,55.975218550811746,3.082485474393776e-05
2026-09-07 15:38:05.686237,128.99878107969033,202.77654524180883,55.97521855081146,2.2468634704147708e-05
2026-09-07 15:38:05.787000,128.99878126503282,202.7765455163382,55.97521855081129,1.6378345519156134e-05
2026-09-07 15:38:05.886813,128.99878139052097,202.77654570221068,55.975218550811235,1.1947406403533598e-05
2026-09-07 15:38:05.986883,128.9987814797037,202.77654583430737,55.97521855081118,8.716876083156916e-06
2026-09-07 15:38:06.085843,128.99878154104724,202.77654592516873,55.97521855081118,6.3656758308225915e-06
2026-09-07 15:38:06.186488,128.998781587465,202.77654599392204,55.97521855081118,4.645208273312285e-06
2026-09-07 15:38:06.287114,128.99878162073938,202.7765460432075,55.97521855081118,3.388440530754825e-06
2026-09-07 15:38:06.386262,128.99878164362855,202.77654607711057,55.97521855081118,2.4738570051981197e-06
2026-09-07 15:38:06.487058,129.0360136037209,202.7439405827901,55.975566785647516,-0.00019901009918132223
2026-09-07 15:38:06.584604,129.036011771882,202.74393786943352,55.975566785649505,-0.00014549989187725762
2026-09-07 15:38:06.678962,129.0360106368613,202.74393618822145,55.97556678565053,-0.00010673095413865699
2026-09-07 15:38:06.786388,129.03600955265014,202.74393458227846,55.9755667856511,-7.768582586028908e-05
2026-09-07 15:38:06.882970,129.03600899760252,202.74393376013685,55.97556678565144,-5.675817499143942e-05
2026-09-07 15:38:06.983866,129.03600855148895,202.74393309935098,55.97556678565155,-4.1420729913140834e-05
2026-09-07 15:38:07.082501,129.03600825712923,202.7439326633442,55.975566785651665,-3.025930144625002e-05
2026-09-07 15:38:07.184527,129.03600802417444,202.74393231829112,55.97556678565172,-2.2063072950564957e-05
2026-09-07 15:38:07.284802,129.03600786687184,202.74393208529435,55.97556678565172,-1.609102658060593e-05
2026-09-07 15:38:07.385273,129.03600775299472,202.7439319166195,55.97556678565172,-1.1735410067175227e-05
2026-09-07 15:38:07.485458,129.08408818896902,202.70253815847522,55.976076427460384,-0.000248185180864804
2026-09-07 15:38:07.586155,129.08408573636444,202.70253452553968,55.97607642746232,-0.00018102417367283345
2026-09-07 15:38:07.685587,129.08408414567646,202.70253216933182,55.97607642746334,-0.000132130532078441
2026-09-07 15:38:07.786151,129.08408302744735,202.7025305129607,55.97607642746391,-9.63993057802261e-05
2026-09-07 15:38:07.885959,129.08408227005086,202.702529391074,55.97607642746419,-7.035255887718e-05
2026-09-07 15:38:07.986373,129.0840817295236,202.70252859042483,55.97607642746436,-5.1329362500465385e-05
2026-09-07 15:38:08.085617,129.08408136022484,202.7025280434066,55.97607642746442,-3.747647907335558e-05
2026-09-07 15:38:08.187260,129.0840810766221,202.70252762332504,55.97607642746448,-2.7324673238488464e-05
2026-09-07 15:38:08.287002,129.08408088562723,202.7025273404175,55.97607642746448,-1.993589697553061e-05
2026-09-07 15:38:08.387227,129.08408074565622,202.70252713308827,55.97607642746448,-1.454504237256008e-05
2026-09-07 15:38:08.487269,129.13143621982505,202.65797374243928,55.97668955667723,-0.0003473204935675108
2026-09-07 15:38:08.586303,129.13143290593095,202.6579688335745,55.976689556679446,-0.0002536816050463013
2026-09-07 15:38:08.686314,129.13143063001354,202.65796546228154,55.9766895566807,-0.00018522114717064598
2026-09-07 15:38:08.787401,129.13142903623603,202.65796310144648,55.97668955668132,-0.00013510377426234786
2026-09-07 15:38:08.887150,129.1314279754998,202.65796153020094,55.97668955668166,-9.859212584919911e-05
2026-09-07 15:38:08.986820,129.13142723303903,202.65796043041306,55.97668955668189,-7.196931494724235e-05
2026-09-07 15:38:09.086164,129.13142671180074,202.6579596583179,55.976689556682004,-5.255636959441344e-05
2026-09-07 15:38:09.292884,129.13142511745787,202.6579572966779,55.97668955668206,-3.559622212164457e-05
2026-09-07 15:38:09.390695,129.13142497995557,202.6579570929999,55.97668955668206,-2.5058674957548758e-05
2026-09-07 15:38:09.490438,129.17205116662845,202.61880039767803,55.97736373129828,-0.00036435880199360256
2026-09-07 15:38:09.591510,129.17204796471978,202.6187956545388,55.97736373130044,-0.00026319959919848677
2026-09-07 15:38:09.690421,129.17204591992842,202.61879262551028,55.97736373130164,-0.00019120273839856738
2026-09-07 15:38:09.789902,129.17204447348064,202.61879048284595,55.97736373130226,-0.00013925648700023483
2026-09-07 15:38:09.890177,129.17204343017565,202.61878893737688,55.977363731302546,-0.00010150211361979533
2026-09-07 15:38:09.989973,129.1720426999017,202.61878785561103,55.97736373130272,-7.403995802020576e-05
2026-09-07 15:38:10.089609,129.17204217911492,202.61878708416393,55.97736373130283,-5.403613384121568e-05
2026-09-07 15:38:10.189916,129.17204179593435,202.6187865165557,55.97736373130289,-3.942853100329433e-05
2026-09-07 15:38:10.289610,129.17204152472095,202.6187861148059,55.97736373130289,-2.8779439727566588e-05
2026-09-07 15:38:10.389761,129.17204132515315,202.61878581918546,55.97736373130289,-2.1003258048340032e-05
2026-09-07 15:38:10.490007,129.2231819941644,202.59227020132968,55.978182523557564,0.00019900697846999627
2026-09-07 15:38:10.590460,129.2231839477315,202.59227309532994,55.97818252355654,0.0001452039527543737
2026-09-07 15:38:10.689754,129.2231852191426,202.59227497877788,55.978182523556086,0.00010601525614422944
2026-09-07 15:38:10.789589,129.22318610027958,202.5922762840719,55.9781825235558,7.739908988951554e-05
2026-09-07 15:38:10.895423,129.22318680990412,202.59227733528425,55.97818252355563,5.625919279721607e-05
2026-09-07 15:38:10.996026,129.22318723547198,202.5922779657042,55.978182523555574,4.095355818748119e-05
2026-09-07 15:38:11.095876,129.22318753010117,202.59227840215542,55.97818252355552,2.985158375336986e-05
2026-09-07 15:38:11.196655,129.22318774698016,202.59227872342993,55.97818252355552,2.1759840420305074e-05
2026-09-07 15:38:11.296497,129.22318789815387,202.5922789473713,55.97818252355552,1.5872577625262478e-05
2026-09-07 15:38:11.395989,129.22318800631191,202.5922791075912,55.97818252355552,1.1585414291954789e-05
2026-09-07 15:38:11.496006,129.26355727203526,202.56723230353865,55.97859270140464,6.726982536125124e-05
2026-09-07 15:38:11.596249,129.26355793121732,202.5672332800455,55.97859270140435,4.9096694015424826e-05
2026-09-07 15:38:11.696138,129.263558368637,202.56723392803326,55.97859270140418,3.5835909672076406e-05
2026-09-07 15:38:11.795744,129.26355866480813,202.567234366776,55.97859270140407,2.616330342556134e-05
2026-09-07 15:38:12.126337,129.26356019120163,202.56723662792675,55.97859270140401,1.6346886852812615e-05
2026-09-07 15:38:12.214760,129.26356018813055,202.56723662337825,55.97859270140401,1.1168798438689399e-05
2026-09-07 15:38:12.315846,129.26356023173307,202.56723668797002,55.97859270140401,7.877283605333576e-06
2026-09-07 15:38:12.420563,129.26356027425908,202.56723675096683,55.97859270140401,5.628950026790798e-06
2026-09-07 15:38:12.515115,129.28931126491693,202.55126495383143,55.97876682338682,4.518396970922464e-05
2026-09-07 15:38:12.621239,129.2893117161832,202.55126562233178,55.97876682338659,3.271366310536232e-05
2026-09-07 15:38:12.715462,129.2893119365768,202.55126594882043,55.978766823386536,2.387488090661978e-05
2026-09-07 15:38:12.820679,129.28931214931913,202.55126626397333,55.97876682338648,1.7358458894861718e-05
2026-09-07 15:38:12.919501,129.28931227274518,202.5512664468145,55.97876682338642,1.2654128431589212e-05
2026-09-07 15:38:13.015010,129.28931235204286,202.55126656428462,55.97876682338642,9.260113241502448e-06
2026-09-07 15:38:13.121009,129.289312430887,202.5512666810827,55.97876682338642,6.738484370653422e-06
2026-09-07 15:38:13.219833,129.28931247591635,202.5512667477882,55.97876682338642,4.914530910362219e-06
2026-09-07 15:38:13.319241,129.28931250927621,202.55126679720675,55.97876682338642,3.587026004766745e-06
2026-09-07 15:38:13.527864,129.30016178802518,202.53843202711235,55.978830148114014,-0.00017238973235414175
2026-09-07 15:38:13.623051,129.30016068094943,202.53843038710534,55.97883014811464,-0.00012152030430414495
2026-09-07 15:38:13.723410,129.30015978967194,202.53842906678108,55.97883014811498,-8.708368331239624e-05
2026-09-07 15:38:13.823138,129.3001591811945,202.5384281653929,55.978830148115094,-6.29622423994667e-05
2026-09-07 15:38:13.924477,129.30015872627445,202.53842749148245,55.97883014811521,-4.568007597258054e-05
2026-09-07 15:38:14.023592,129.3001584227782,202.53842704188867,55.978830148115264,-3.32557433075216e-05
2026-09-07 15:38:14.124044,129.3001581925288,202.53842670080155,55.978830148115264,-2.4231147640131822e-05
2026-09-07 15:38:14.224119,129.30015802760826,202.53842645649138,55.978830148115264,-1.7668339465853218e-05
2026-09-07 15:38:14.324142,129.300157907804,202.5384262790156,55.978830148115264,-1.2888462219779037e-05
2026-09-07 15:38:14.423830,129.3001578214319,202.5384261510657,55.978830148115264,-9.406116069088578e-06
2026-09-07 15:38:14.523924,129.29618824022884,202.53211503916214,55.97883144328409,-0.0002471672021566014
2026-09-07 15:38:14.624091,129.29618583676853,202.53211147872418,55.97883144328472,-0.00018039280163527878
2026-09-07 15:38:14.724143,129.29618423072318,202.53210909956076,55.978831443285,-0.00013165331827238563
2026-09-07 15:38:14.824410,129.29618312871818,202.5321074670726,55.97883144328517,-9.60655968838708e-05
2026-09-07 15:38:14.924725,129.29618236478782,202.5321063354014,55.97883144328529,-7.008869954629974e-05
2026-09-07 15:38:15.025057,129.29618182921845,202.53210554201962,55.978831443285344,-5.1132019285607255e-05
2026-09-07 15:38:15.229381,129.29618030046112,202.53210327734897,55.978831443285344,-3.4670688460361486e-05
2026-09-07 15:38:15.327003,129.2961801638422,202.53210307496443,55.978831443285344,-2.442354874367781e-05
2026-09-07 15:38:15.427382,129.2961800387404,202.53210288964112,55.978831443285344,-1.749618989390387e-05
2026-09-07 15:38:15.526997,129.27730455368723,202.5268514428465,55.97873200659541,-0.0005281775968087566
2026-09-07 15:38:15.627292,129.27729982219628,202.52684443376995,55.97873200659649,-0.00038354492891074757
2026-09-07 15:38:15.727159,129.2772966544306,202.52683974114026,55.978732006597056,-0.000279205661226404
2026-09-07 15:38:15.826935,129.27729447128237,202.52683650708954,55.97873200659734,-0.00020353007812350964
2026-09-07 15:38:15.926683,129.2772929418615,202.5268342414494,55.97873200659751,-0.00014847682349880623
2026-09-07 15:38:16.026857,129.27729184443325,202.52683261574978,55.97873200659757,-0.00010832458471840773
2026-09-07 15:38:16.126725,129.27729106898875,202.52683146702745,55.978732006597625,-7.905198016711789e-05
2026-09-07 15:38:16.226393,129.27729051540413,202.52683064696205,55.978732006597625,-5.770645146837192e-05
2026-09-07 15:38:16.326908,129.27729010523052,202.52683003934172,55.978732006597625,-4.210508874221359e-05
2026-09-07 15:38:16.427582,129.277289807869,202.5268295988382,55.978732006597625,-3.071052244425335e-05
2026-09-07 15:38:16.526339,129.2529429718256,202.51861926361144,55.97851913014625,-0.0006781371253219344
2026-09-07 15:38:16.626848,129.25293627986275,202.5186093504726,55.97851913014722,-0.0004949821209056059
2026-09-07 15:38:16.727052,129.25293183561325,202.51860276697263,55.97851913014773,-0.00036122448649189933
2026-09-07 15:38:16.833026,129.25292836280659,202.5185976225105,55.978519130148015,-0.0002624794147256841
2026-09-07 15:38:16.925937,129.2529267287254,202.5185952018564,55.97851913014813,-0.00019211343715824344
2026-09-07 15:38:17.033654,129.25292493703643,202.518592547722,55.97851913014824,-0.00013963773234908387
2026-09-07 15:38:17.132150,129.25292397536623,202.5185911231433,55.9785191301483,-0.00010180307093357942
2026-09-07 15:38:17.231321,129.2529232683327,202.51859007577215,55.9785191301483,-7.43023191854664e-05
2026-09-07 15:38:17.332263,129.25292272984126,202.51858927807208,55.9785191301483,-5.419259735390605e-05
2026-09-07 15:38:17.431779,129.25292235933134,202.51858872921306,55.9785191301483,-3.955192602335349e-05
2026-09-07 15:38:17.532676,129.21502056545881,202.51991643529593,55.97785624152493,-0.0006753744170432971
2026-09-07 15:38:17.632359,129.21501403428186,202.51990676075624,55.9778562415255,-0.0004929414806489745
2026-09-07 15:38:17.732371,129.2150096253694,202.5199002298597,55.9778562415259,-0.00035977632453639664
2026-09-07 15:38:17.832458,129.21500661414197,202.51989576932507,55.97785624152607,-0.00026256619434506103
2026-09-07 15:38:17.932888,129.21500451106255,202.51989265401883,55.97785624152618,-0.00019156662060521343
2026-09-07 15:38:18.032857,129.2150030580571,202.51989050166546,55.97785624152624,-0.0001397913473965979
2026-09-07 15:38:18.133019,129.21500202347147,202.51988896911828,55.9778562415263,-0.00010200509605258116
2026-09-07 15:38:18.233454,129.21500127988588,202.51988786763175,55.9778562415263,-7.441609790192704e-05
2026-09-07 15:38:18.334123,129.2150007435001,202.51988707307288,55.9778562415263,-5.4273321857039264e-05
2026-09-07 15:38:18.552769,129.16308578043115,202.528677829182,55.97660220319341,-0.0008809838094470601
2026-09-07 15:38:18.652256,129.16307949209684,202.52866851530175,55.97660220319324,-0.0006170625913890576
2026-09-07 15:38:18.756807,129.16307459703927,202.52866126484417,55.976602203193124,-0.0004394636558922902
2026-09-07 15:38:18.851620,129.163072135119,202.52865761830355,55.976602203193124,-0.000317846982064839
2026-09-07 15:38:18.956838,129.16306961114347,202.5286538797512,55.976602203193124,-0.0002299977588735571
2026-09-07 15:38:19.051321,129.16306835474128,202.52865201875153,55.976602203193124,-0.00016777485952729535
2026-09-07 15:38:19.156973,129.1630670077922,202.52865002360363,55.976602203193124,-0.00012191266012952969
2026-09-07 15:38:19.255600,129.163066234344,202.52864887794397,55.976602203193124,-8.885875015228642e-05
2026-09-07 15:38:19.356282,129.16306562585774,202.52864797662818,55.976602203193124,-6.477483312385213e-05
2026-09-07 15:38:19.455769,129.16306519932866,202.52864734483373,55.976602203193124,-4.726285864163237e-05
2026-09-07 15:38:19.556596,129.1065234357842,202.53946737145029,55.97484950711038,-0.0007683561878307236
2026-09-07 15:38:19.767820,129.10649766417322,202.53942920035868,55.97484950710873,-0.0005185668193614741
2026-09-07 15:38:19.867017,129.10649475884838,202.5394248974633,55.974849507107876,-0.00036408722973395275
2026-09-07 15:38:19.966735,129.10649261741452,202.53942172583706,55.97484950710748,-0.00026050606540573267
2026-09-07 15:38:20.067080,129.1064910076922,202.5394193416747,55.97484950710725,-0.0001881126907471945
2026-09-07 15:38:20.166721,129.10648984878114,202.5394176251918,55.974849507107194,-0.000136557352355112
2026-09-07 15:38:20.266909,129.1064889735038,202.53941632879278,55.97484950710714,-9.936833236070539e-05
2026-09-07 15:38:20.367342,129.1064883224662,202.53941536451651,55.97484950710708,-7.238550538857766e-05
2026-09-07 15:38:20.466782,129.10648785906284,202.53941467814997,55.97484950710708,-5.279823149755843e-05
2026-09-07 15:38:20.566721,129.04620449803534,202.55183534257836,55.97256749703877,-0.0008000018215849098
2026-09-07 15:38:20.666650,129.0461968324296,202.55182399066942,55.97256749703399,-0.0005839206228796535
2026-09-07 15:38:20.766772,129.04619165983505,202.55181633047778,55.97256749703149,-0.00042615010299990454
2026-09-07 15:38:20.866638,129.0461881483705,202.5518111301996,55.972567497030184,-0.0003110453636215625
2026-09-07 15:38:20.966461,129.04618571392288,202.5518075248723,55.9725674970295,-0.00022705255184142438
2026-09-07 15:38:21.066317,129.0461840018903,202.551804989387,55.972567497029104,-0.00016574510231029803
2026-09-07 15:38:21.166885,129.0461827625409,202.55180315391902,55.97256749702893,-0.00012093042134200218
2026-09-07 15:38:21.266037,129.04618191639756,202.55180190077954,55.97256749702882,-8.830034216329529e-05
2026-09-07 15:38:21.373236,129.0461811543023,202.55180077210608,55.97256749702876,-6.412402920270411e-05
2026-09-07 15:38:21.465903,129.04618081907623,202.5518002756329,55.972567497028706,-4.6927002006301124e-05
2026-09-07 15:38:21.573184,128.98609547807382,202.5615600309039,55.97014725444467,-0.0008593938261455637
2026-09-07 15:38:21.672510,128.98608730847474,202.5615479338072,55.97014725443523,-0.0006263495989321382
2026-09-07 15:38:21.772471,128.98608175141348,202.56153970503112,55.97014725443023,-0.00045681143626320053
2026-09-07 15:38:21.871898,128.9860780132762,202.56153416958657,55.970147254427616,-0.0003334137983500404
2026-09-07 15:38:21.972922,128.98607530543921,202.56153015974684,55.970147254426195,-0.0002431632355076184
2026-09-07 15:38:22.072599,128.98607348305438,202.561527461083,55.9701472544254,-0.00017744435166402748
2026-09-07 15:38:22.171728,128.986072211143,202.56152557756707,55.970147254425,-0.00012957859712429214
2026-09-07 15:38:22.272880,128.98607124384088,202.56152414512115,55.97014725442483,-9.452063107944922e-05
2026-09-07 15:38:22.373211,128.98607056966623,202.56152314675344,55.97014725442472,-6.894863776277985e-05
2026-09-07 15:38:22.472369,128.98607010157397,202.56152245356543,55.97014725442466,-5.03384209056204e-05
2026-09-07 15:38:22.573125,128.92628318090448,202.57319815319522,55.96746709622397,-0.0007999153041784244
2026-09-07 15:38:22.672665,128.9262754495585,202.57318670628575,55.96746709621118,-0.0005839895318669581
2026-09-07 15:38:22.774283,128.92627001283913,202.57317865654986,55.96746709620436,-0.00042578682269970366
2026-09-07 15:38:23.000382,128.926254868876,202.57315623250244,55.96746709620106,-0.0002844269431673095
2026-09-07 15:38:23.092319,128.92625404682087,202.57315501539975,55.96746709619947,-0.00019974730232020764
2026-09-07 15:38:23.198866,128.92625271176058,202.57315303859002,55.96746709619873,-0.00014224308956288054
2026-09-07 15:38:23.292409,128.92625213313065,202.57315218182507,55.967467096198334,-0.0001029681676195843
2026-09-07 15:38:23.399888,128.92625135582404,202.57315103085148,55.967467096198106,-7.442099651317196e-05
2026-09-07 15:38:23.497544,128.86730619977243,202.58216859351472,55.9646418897068,-0.0009264922038704378
2026-09-07 15:38:24.029700,128.86720910247053,202.58202483353776,55.96464188969077,-0.0005134119060931571
2026-09-07 15:38:24.130067,128.86720934039394,202.5820251862504,55.96464188968497,-0.0003320430202315335
2026-09-07 15:38:24.230038,128.8672088975538,202.58202453078445,55.96464188968247,-0.0002284857514155932
2026-09-07 15:38:24.330220,128.86720826686724,202.58202359709335,55.96464188968122,-0.00016181010583942815
2026-09-07 15:38:24.430324,128.86720765677967,202.58202269385347,55.96464188968059,-0.00011624962886366597
2026-09-07 15:38:24.530630,128.81048785279276,202.58502664522408,55.96128129894345,-0.0011365390512556052
2026-09-07 15:38:24.630478,128.81047835694693,202.58501259013326,55.961281298908375,-0.0008260320632177458
2026-09-07 15:38:24.730657,128.8104717714834,202.58500284236428,55.96128129888979,-0.0006014579163019879
2026-09-07 15:38:24.830738,128.8104671883806,202.5849960582538,55.961281298879896,-0.00043839574917318226
2026-09-07 15:38:24.930947,128.81046393880538,202.58499124796094,55.96128129887467,-0.00031968875565911855
2026-09-07 15:38:25.030978,128.81046163659275,202.5849878399655,55.96128129887188,-0.00023321210375568674
2026-09-07 15:38:25.131072,128.81045998198238,202.5849853905859,55.961281298870404,-0.0001701537105851397
2026-09-07 15:38:25.231467,128.8104587788882,202.58498360958086,55.96128129886961,-0.0001241285969754397
2026-09-07 15:38:25.331304,128.810457925127,202.5849823457019,55.96128129886915,-9.05831025058883e-05
2026-09-07 15:38:25.431603,128.81045729652283,202.58498141513147,55.96128129886898,-6.609266822153213e-05
2026-09-07 15:38:25.531531,128.75952180278165,202.58759121147497,55.958110783240215,-0.0008927603780168869
2026-09-07 15:38:25.631945,128.75951303126175,202.58757822931636,55.95811078320679,-0.0006514531599662837
2026-09-07 15:38:25.731894,128.75950722685542,202.5875696383749,55.958110783189,-0.00047542914346287833
2026-09-07 15:38:25.831941,128.7595032577996,202.5875637637507,55.95811078317951,-0.0003469654831355307
2026-09-07 15:38:25.931995,128.75950050910174,202.5875596953102,55.958110783174504,-0.0002532114790817243
2026-09-07 15:38:27.885656,129.0009931776801,203.0066963583098,57.267428652572505,5.293103575377551
2026-09-07 15:38:27.978357,129.13880108115941,203.2201019799593,57.298549939296436,5.8004432838672235
2026-09-07 15:38:28.413966,129.81550778407623,204.27282001715142,57.44479141224576,6.591143161848284
2026-09-07 15:38:28.514178,130.1939769518134,204.9195242345063,58.37355555411267,6.624566572051087
2026-09-07 15:38:28.614073,130.39395242369716,205.24193775846481,58.41218320197413,7.213205356720815
2026-09-07 15:38:28.714598,130.56374481489107,205.51806289438426,58.44593119944807,7.212326966014726
2026-09-07 15:38:28.814325,130.70882928198387,205.7550614799736,58.44437626346382,6.941986648366453
2026-09-07 15:38:28.914644,130.85249489901045,205.9894651425423,58.44336168714756,6.718383313420053
2026-09-07 15:38:29.014677,130.99306238419842,206.2186562224566,58.44267124919668,6.518960014801298
2026-09-07 15:38:29.115098,131.20948100644102,206.57011916385227,58.47843044207542,7.309009875318242
2026-09-07 15:38:29.214975,131.38009797048116,206.84830561670566,58.5119608946365,7.308137146857143
2026-09-07 15:38:29.315282,131.6182759984886,207.23641632799365,58.54692029740181,8.153452627123512
2026-09-07 15:38:29.415331,131.80856114509822,207.5475050147782,58.5805084933657,8.152578395720841
2026-09-07 15:38:29.516092,131.90855514849358,208.5432403754141,63.91849686955328,9.015808603891212
2026-09-07 15:38:29.615856,132.0853343809763,208.90438674335718,63.951989386041646,9.014936862827772
2026-09-07 15:38:29.716119,132.26276847469123,209.26740818268613,63.98564942554151,9.014060761486169
2026-09-07 15:38:29.816248,132.43973521767577,209.63001324354536,64.01926447890207,9.013185831040909
2026-09-07 15:38:29.916720,132.69315897041412,210.13768302360023,64.04942027859738,9.946453679605744
2026-09-07 15:38:30.016466,132.8872400571114,210.536480892505,64.08290675217148,9.945582095826886
2026-09-07 15:38:30.116596,133.08181725350644,210.9368927534869,64.11652214124945,9.944707156643592
2026-09-07 15:38:30.216920,133.2765188996284,211.33815941177008,64.15020265951432,9.943830522282013
2026-09-07 15:38:30.316972,133.5516580654071,211.899583310036,64.18213135421388,10.783696198329876
2026-09-07 15:38:32.284043,133.28569680865007,221.60054522869797,84.65870549092068,15.163882279249849
2026-09-07 15:38:32.382736,133.3479752601352,222.26666644790944,84.75810438019289,15.232010507079014
2026-09-07 15:38:32.483641,133.41074871329513,222.95088715435887,84.75810438019289,15.273450931523696
2026-09-07 15:38:32.583396,131.25188561826306,224.83164725173643,95.22176985792942,15.438303190008728
2026-09-07 15:38:32.683891,131.18876312759556,225.52233902714133,95.30049168514654,15.40317804740404
2026-09-07 15:38:32.783110,131.13417206484772,226.25774540915472,95.61964512758749,15.728831378462822
2026-09-07 15:38:32.883830,131.064821775255,226.96254599447872,95.83379705598315,15.675145606496109
2026-09-07 15:38:32.984443,130.9931595819735,227.66393181000325,95.92387049761055,15.57931720432572
2026-09-07 15:38:33.083489,130.92196603247916,228.35006172917062,96.10121167816214,15.452093532366835
2026-09-07 15:38:33.182706,130.84956331240477,229.17632659070725,96.25360677219726,15.941225678249829
2026-09-07 15:38:33.284217,130.77076325868381,229.89542645107363,96.44672118989371,15.617468340050225
2026-09-07 15:38:33.383781,130.68733320315437,230.74623326356252,96.68956160295284,16.236611388160117
2026-09-07 15:38:33.483869,130.60270567174476,231.46776752134886,96.99197320345564,16.087934116551313
2026-09-07 15:38:33.583970,126.81152843254706,232.0112417642877,115.21002614329183,16.775866573813744
2026-09-07 15:38:33.794876,126.12010594791506,233.5442176454536,115.16356032754624,17.43779848843357
2026-09-07 15:38:33.886857,125.81522292327281,234.19319808741182,115.2150263733997,17.256154840074366
2026-09-07 15:38:33.987631,125.44758625689552,235.02512460160307,115.238167666354,17.83643598642952
2026-09-07 15:38:34.087763,125.10715755797972,235.7473232586813,115.238167666354,17.672819091129327
2026-09-07 15:38:34.187351,124.72181368904327,236.6002666335154,115.20514044408841,18.319018315221513
2026-09-07 15:38:34.287141,124.37379470746332,237.33967241729914,115.14930503551798,18.253620696300388
2026-09-07 15:38:34.387431,124.02600234780849,238.0804694364982,115.13808200089423,18.136191502324454
2026-09-07 15:38:34.487302,123.68203467176947,238.81349309674317,115.23866731566329,17.940712070953662
2026-09-07 15:38:34.587208,119.27625187630112,237.8992378533346,133.64343272536985,18.875404330602333
2026-09-07 15:38:34.687431,118.69258499099197,238.51121886533306,133.72194148390693,18.765935353063966
2026-09-07 15:38:34.787346,118.03294134297305,239.26343464330847,133.74693894553508,19.478938035841786
2026-09-07 15:38:34.891641,117.40495341659185,239.91950955490057,133.7702813803957,19.166350786588364
2026-09-07 15:38:34.986799,116.84093661914349,240.50827183298918,133.74898391247808,18.86036111004935
2026-09-07 15:38:35.086814,116.25782208564112,241.11742284708535,133.76017617300153,18.643625401276086
2026-09-07 15:38:35.191682,115.47715718517495,241.97593250526907,133.53136213141107,19.893532389767994
2026-09-07 15:38:35.292391,114.8602935834478,242.6252589164587,133.39612305346614,19.765052608176866
2026-09-07 15:38:35.392239,114.25416508195849,243.26630871927105,133.2843873309501,19.692637178349553
2026-09-07 15:38:35.493242,113.64453270416946,243.91358817283748,133.20526756663932,19.557604353057076
2026-09-07 15:38:35.592780,110.36038750878727,242.55891997947734,145.72018500221157,20.7395484166888
2026-09-07 15:38:35.693274,109.59050958121807,243.08369775619133,145.69769327538972,20.54899641421139
2026-09-07 15:38:35.792064,108.70884561036173,243.7339714336386,145.77089095456185,21.400015228577917
2026-09-07 15:38:35.892240,107.91648670509129,244.27304667280723,146.02872733385007,21.251207236004543
2026-09-07 15:38:36.104697,106.07722236826376,245.54274153084768,146.33527619429952,22.002170368429862
2026-09-07 15:38:36.312482,104.2494934423018,246.77601386624167,146.2642517366729,22.831861982330338
2026-09-07 15:38:36.411578,103.40836487609224,247.33773542426022,146.33078825112557,22.704574085833375
2026-09-07 15:38:36.511759,101.46282281436605,246.6927875163247,151.989326290244,22.413319968083506
2026-09-07 15:38:36.611459,100.58088161085337,247.16193474083357,152.02279732081502,22.22688705659908
2026-09-07 15:38:36.711689,99.5272316308855,247.7503290155694,152.02246980394486,23.350301602175254
2026-09-07 15:38:36.811809,98.60426677681747,248.24061393752808,151.97765376140697,23.312682974647515
2026-09-07 15:38:36.911685,97.54727131118456,248.81695108242113,151.9271299855154,24.141976702584863
2026-09-07 15:38:37.011013,96.60140078931089,249.32142348370525,151.9938222728686,24.012654941668615
2026-09-07 15:38:37.111674,95.64738001730817,249.82881727908836,152.09520323801334,23.952843564331015
2026-09-07 15:38:37.211319,94.7044557156245,250.3281710734498,152.15095751486473,23.9188862160652
2026-09-07 15:38:37.311302,93.57881492260752,250.9307346035868,152.07558638751956,24.875602862428007
2026-09-07 15:38:37.411093,92.59830848123619,251.45042107758474,151.8857440959812,24.714287119219904
2026-09-07 15:38:37.512317,91.49562870706923,251.99457219977575,151.89607500346784,24.59513472686238
2026-09-07 15:38:37.610983,90.53870288369967,252.50560725060487,151.7635794085904,24.307177727768337
2026-09-07 15:38:37.711650,89.57499506697582,253.02313182978915,151.74104896235505,24.113658796296882
2026-09-07 15:38:37.810868,88.63291992298151,253.5295167472027,151.7854612486967,23.832760484624547
2026-09-07 15:38:37.911691,87.68636305233849,254.03736537347507,151.909570733377,23.64070365316092
2026-09-07 15:38:38.010438,86.76570051754425,254.52875576951436,151.9206210973215,23.44052141275738
2026-09-07 15:38:38.110918,85.8367175511248,255.02435689112352,151.85315531694485,23.21312006164786
2026-09-07 15:38:38.210002,84.93009878968732,255.50939922024853,151.7977149359168,22.95684349802939
2026-09-07 15:38:38.317135,83.96115628383525,256.02899138792674,151.76174851747982,22.778978489445148
2026-09-07 15:38:38.410707,83.12170321219763,256.4798239919841,151.8141047741263,22.63998051107632
2026-09-07 15:38:38.518678,81.47437677304119,258.11829814511486,149.75765518667956,25.11090932893809
2026-09-07 15:38:38.616443,80.52627029605658,258.67104775639694,149.79047660396918,24.93236611796983
2026-09-07 15:38:38.717970,79.548354945267,259.2404257068569,149.75639221760224,24.76469548342091
2026-09-07 15:38:38.816886,78.6023242549599,259.7919930683565,149.74532294157427,24.643689113744816
2026-09-07 15:38:38.917663,77.64331255540318,260.3513770752403,149.7114903433009,24.52745087863163
2026-09-07 15:38:39.127399,75.6575264434813,261.5112426262514,149.78190238008972,24.09860376763485
2026-09-07 15:38:39.226192,74.7378471211626,262.04689773955323,149.79295789170186,24.012278124236047
2026-09-07 15:38:39.326658,73.8058391198611,262.58949271486415,149.87165700203767,23.766473078826245
2026-09-07 15:38:39.426186,72.89125445073267,263.1202635307535,149.67117727902829,23.761255005499475
2026-09-07 15:38:39.526713,72.00131058888427,264.6615292672618,146.82243421200008,23.811382303481345
2026-09-07 15:38:39.626360,71.11352191612382,265.24198555476994,146.58826154917986,23.70776677655702
2026-09-07 15:38:39.845574,69.17418182528067,266.5213148801491,146.53919890460887,23.81886572044347
2026-09-07 15:38:39.950415,68.24285584086427,267.136830212058,146.316284862463,23.817949616389583
2026-09-07 15:38:40.050399,67.3570002328246,267.7272587619438,146.29390727957693,23.772519118000176
2026-09-07 15:38:40.150146,66.47515980069905,268.3155087134722,146.45017905627083,23.728939492155735
2026-09-07 15:38:40.249150,65.59990629973596,268.8959214841543,146.42802080879068,23.886387721061425
2026-09-07 15:38:40.346250,63.76786197976017,270.0653005997479,146.42418953630062,26.3048164716677
2026-09-07 15:38:40.454118,62.711044498879396,270.76680550819583,146.46040270706928,26.298218593122154
2026-09-07 15:38:40.549463,61.776761557505104,271.3861228782619,146.4283937260282,26.368201319779725
2026-09-07 15:38:40.651253,60.77704045960518,272.0496221034061,146.4170028326754,26.365532986828537
2026-09-07 15:38:40.750877,59.79882065380324,272.69913143671323,146.47274535941574,26.387295930301157
2026-09-07 15:38:40.846771,58.855840637455366,273.3239215676745,146.53713193926686,26.375564982007937
2026-09-07 15:38:40.951563,57.82505339517293,274.00522448712627,146.6309466162471,26.41127634172966
2026-09-07 15:38:41.051960,56.835091610908414,274.6572171116348,146.68712165897927,26.45864904257858
2026-09-07 15:38:41.151751,55.50927608112648,275.52157315897307,146.82593919550723,27.440999178305002
2026-09-07 15:38:41.251973,54.480215083029336,276.19430662549877,146.8932317456755,27.63979285798132
2026-09-07 15:38:41.351070,53.45454793284914,276.863103291225,146.81560502880666,27.702138579281424
2026-09-07 15:38:41.451196,52.416811465971065,277.54177541222225,146.8492190750148,27.6102736350091
2026-09-07 15:38:41.550970,51.38575717731881,278.21521415633146,146.98320256966647,27.667814312297484
2026-09-07 15:38:41.651164,50.3466229654561,278.8904690071696,147.08411319465242,27.72034421733954
2026-09-07 15:38:41.751662,49.30116349660015,279.5672183453764,147.01663532844728,27.90212225663692
2026-09-07 15:38:41.850131,48.270880786674574,280.235866553261,146.95051980368706,27.894378428833473
2026-09-07 15:38:41.940806,47.17310732987609,280.94896036358443,147.0326821433365,28.312752217188716
2026-09-07 15:38:42.040415,46.115366594770094,281.63500774953326,147.06612262361884,28.34930845726231
2026-09-07 15:38:42.141054,45.04490364229752,282.32841946256315,147.07738471337356,28.411744923028795
2026-09-07 15:38:42.364610,42.661473751319306,283.8716642429506,146.97731584396087,28.343374538107987
2026-09-07 15:38:42.464667,41.598493709724735,284.562570039382,147.04449760736796,28.332008621117897
2026-09-07 15:38:42.564896,40.379597632872134,285.3522577220344,147.2132778251813,28.825939431265297
2026-09-07 15:38:42.663881,39.30724847038268,286.04298793162565,147.2797398103583,28.947895144470493
2026-09-07 15:38:42.766121,38.19412004659114,286.7581596414137,147.33694606521587,28.816568809019525
2026-09-07 15:38:42.849069,37.29455221781501,287.3348531186639,147.41120497645105,28.802072762804418
2026-09-07 15:38:42.949744,36.202379205251056,288.0330259913357,147.41120497645105,28.636688897546275
2026-09-07 15:38:43.050173,35.11913094734316,288.7254937041799,147.60226099850618,28.683199145860186
2026-09-07 15:38:43.155389,33.97998914552165,289.44835201886025,147.7317781080955,28.585744779360542
2026-09-07 15:38:43.249355,32.96465246419539,290.0894333065499,147.6371400280964,28.67606335404066
2026-09-07 15:38:43.355790,31.812154779811095,290.8197830659538,147.41083680630533,28.677923418995697
2026-09-07 15:38:43.448905,30.80635479711925,291.4627509826588,147.2232748196481,28.740573844223306
2026-09-07 15:38:43.557418,30.063144512406215,294.29320570899733,144.6739131289484,29.050656564169905
2026-09-07 15:38:43.655294,29.026089348524962,295.02819080608657,144.4986668253352,28.91980428445221
2026-09-07 15:38:43.760312,27.920778832130505,295.81663993996267,144.43990619864667,28.840886325488803
2026-09-07 15:38:43.864640,26.826528632527378,296.59889393504903,144.43990619864667,28.712347701987554
2026-09-07 15:38:43.964402,25.784832620425977,297.34357816487824,144.48456199205123,28.640866367822824
2026-09-07 15:38:44.065304,24.733270699288084,298.0940775712451,144.5410195969773,28.577385051833204
2026-09-07 15:38:44.165199,23.400721060173215,299.034840789245,144.52610794661763,29.37787020055643
2026-09-07 15:38:44.256147,22.42800302687483,299.72800528482816,144.53628555707692,29.341313698341864
2026-09-07 15:38:44.357244,21.34794697900226,300.49737022903327,144.57022558493688,29.128416982933288
2026-09-07 15:38:44.456630,20.293429683835402,301.2476017193393,144.61471307198912,29.096284773707044
2026-09-07 15:38:44.555960,18.76548096085831,302.0044829992766,145.39662028047846,29.19228005422155
2026-09-07 15:38:44.658093,17.668410284764644,302.7613968790533,145.46519594277154,29.19852714445676
2026-09-07 15:38:44.773226,16.43041373036506,303.6133560338671,145.452311890071,29.222672005654864
2026-09-07 15:38:44.865298,15.439721065530453,304.2954549901631,145.40079492706974,29.27737991769853
2026-09-07 15:38:44.973006,14.279335008973606,305.0959279505925,145.28026340715186,29.280203385676785
2026-09-07 15:38:45.072968,13.20386155041264,305.841169301773,145.2355180890918,29.3002932231354
2026-09-07 15:38:45.155596,12.314753256410118,306.4582986104697,145.2262715350496,29.324119425768277
2026-09-07 15:38:45.257124,11.221507982384985,307.2173806830143,145.2262715350496,29.271777283566237
2026-09-07 15:38:45.374174,9.963372797013069,308.090952137421,145.23937011120586,29.307574817763403
2026-09-07 15:38:45.473195,8.897555144061243,308.830629089321,145.25045113734484,29.32747553798698
2026-09-07 15:38:45.561985,7.941082100055554,309.4941468943535,145.24051501964374,29.305751740899474
2026-09-07 15:38:45.663010,6.853746851911403,310.2487248553163,145.16137802183678,29.306634500621758
2026-09-07 15:38:45.763445,5.7737664296796805,311.00041096012876,145.2288135876422,29.264509495029415
2026-09-07 15:38:45.858263,4.7548179729266735,311.707838905576,145.23942427362243,29.093005284695888
2026-09-07 15:38:45.958108,3.341721791395417,312.69082951417545,145.33325929092086,30.080897829796463
2026-09-07 15:38:46.059010,2.225734313056241,313.46261784934376,145.4348829797878,30.206978776831402
2026-09-07 15:38:46.159894,1.103896580553852,314.23551424687207,145.6268045933557,30.56928664497519
2026-09-07 15:38:46.258522,-0.008564060062218326,314.99646774887776,145.64887868765965,31.013121194176602
2026-09-07 15:38:46.360600,-1.1769630035041,315.7950239905455,145.67172493211723,31.080910220326388
2026-09-07 15:38:46.456501,-2.277358228115268,316.54645871781554,145.76831185196048,30.907447109153452
2026-09-07 15:38:46.656470,-4.597039103683252,317.79387767123757,146.24162506268226,30.77473512590243
2026-09-07 15:38:46.757499,-5.7525943691244095,318.5662393572087,146.10595626639102,30.757079232414156
2026-09-07 15:38:46.857159,-6.890031008531684,319.33039343461076,146.01673599473048,30.703958461621834
2026-09-07 15:38:46.957864,-7.89281300138073,320.00459063791476,145.99432637458185,30.086004400796778
2026-09-07 15:38:47.057554,-9.004308474080007,320.7544639504481,145.9831704834497,29.98321525580975
2026-09-07 15:38:47.158232,-10.122837629630524,321.50939950894934,145.88177239671464,29.945386967932826
2026-09-07 15:38:47.258131,-11.229986092400965,322.259509157931,145.79233816112747,29.74374228673819
2026-09-07 15:38:47.358196,-12.33034038086048,323.007524283121,145.8483274401995,29.703521211023492
2026-09-07 15:38:47.457905,-13.426024138492599,323.7507999527777,145.99338166565482,29.57021835885981
2026-09-07 15:38:47.558049,-15.08170546625417,324.4148558844443,147.01895288792093,29.377188443959145
2026-09-07 15:38:47.658103,-16.183944361006866,325.1301399265694,147.11972251157448,29.308994986718183
2026-09-07 15:38:47.758605,-17.28980753483882,325.8450150405352,147.25468361546413,29.24400894659873
2026-09-07 15:38:47.858259,-18.38557147100591,326.54970746283607,147.28813920303207,29.14386926041293
2026-09-07 15:38:47.958030,-19.479275657071128,327.2521728351926,147.3886238025637,29.08109949987696
2026-09-07 15:38:48.058267,-20.57695496807488,327.9544751657462,147.4783606314864,29.19496313973581
2026-09-07 15:38:48.163253,-21.698590506145354,328.66899755755816,147.32539142844598,28.713067809651495
2026-09-07 15:38:48.261885,-22.76427097085356,329.3524855287315,147.15982900681703,28.629468397406505
2026-09-07 15:38:48.362747,-23.848854470404053,330.05252862290826,147.21626423057924,28.168529971175072
2026-09-07 15:38:48.463713,-24.91775495479191,330.74095861511034,147.39704315790166,27.87386041559839
2026-09-07 15:38:48.563682,-26.34774898785662,331.6982169609679,147.43581113905321,27.79276328501737
2026-09-07 15:38:48.664203,-27.400325705916362,332.37044127105656,147.45830890878926,27.693509084819958
2026-09-07 15:38:49.316003,-34.17354362817068,336.692286381748,147.38507515961197,27.36417670844503
2026-09-07 15:38:49.415898,-35.20285204219683,337.35093442052704,147.37389632778684,27.330134164363404
2026-09-07 15:38:49.515999,-36.4885264323893,338.61193267129295,146.32159527785763,27.09116996046625
2026-09-07 15:38:49.616301,-37.4993892884092,339.2855440654511,146.310370900364,27.056988717596482
2026-09-07 15:38:49.716152,-38.504305974860046,339.95547741593356,146.29919699239494,27.02296116797844
2026-09-07 15:38:49.816377,-39.51158712088055,340.6272708294474,146.28798123164947,26.988806165419945
2026-09-07 15:38:49.916656,-40.43633487631596,341.24542364195935,146.27580285533335,26.56228562863133
2026-09-07 15:38:50.016643,-41.42382410423921,341.9045997853723,146.26461372817283,26.52821173248949
2026-09-07 15:38:50.116935,-42.41292598372151,342.5651316833904,146.25339046973744,26.494033897452354
2026-09-07 15:38:50.216444,-43.392913145460525,343.21985429237196,146.2422548335586,26.46012289571034
2026-09-07 15:38:50.317006,-44.381874434850886,343.88085048961375,146.23100136055194,26.42585304919213
2026-09-07 15:38:50.417436,-45.36812891117318,344.54031780516,146.21976265911348,26.391628186064676
2026-09-07 15:38:50.517228,-46.426349373582994,345.7856238606351,144.87471799657362,25.975498605021013
2026-09-07 15:38:50.617328,-47.377046964332344,346.45441222139175,144.86351622405553,25.941386200370424
2026-09-07 15:38:50.717433,-48.32641286722593,347.12254127710565,144.85231389200834,25.907272091803517
2026-09-07 15:38:50.817589,-49.274882799492076,347.7903171086636,144.84110585276437,25.873140603290185
2026-09-07 15:38:50.917701,-50.129446506824046,348.39425474447995,144.82993832502635,25.391510623136107
2026-09-07 15:38:51.017936,-51.059511683120334,349.0496160088664,144.81872144522262,25.357352212744978
2026-09-07 15:38:51.117938,-51.986038760468425,349.7027556738706,144.80753063947486,25.323273204854186
2026-09-07 15:38:51.218154,-52.913173007802754,350.35659446146923,144.7963158858817,25.289121269345056
2026-09-07 15:38:53.194165,-68.75516109608891,361.99964909439984,141.2413487160421,20.078268787261457
2026-09-07 15:38:53.294264,-69.45577705965273,362.5621268058414,141.09572712808264,19.836860335277294
2026-09-07 15:38:53.393693,-70.14193100030259,363.11586773184086,141.14023386293582,19.656147060178867
2026-09-07 15:38:53.493912,-71.70361003061178,364.2524964192264,141.707641596533,19.466246470834204
2026-09-07 15:38:53.595080,-72.39458676207822,364.79804734059303,141.94538864312943,19.260272313040716
2026-09-07 15:38:53.694970,-73.02460430267702,365.2924926972653,142.16058026851493,19.027979440823085
2026-09-07 15:38:53.794508,-73.6932689042796,365.81189936471276,141.99349704680088,18.909691228358877
2026-09-07 15:38:53.894695,-74.32203526910553,366.30387695341483,141.6586759221969,18.396310237392626
2026-09-07 15:38:53.993924,-74.9620855369247,366.8101081775379,141.6697802247463,18.02867416176181
2026-09-07 15:38:54.095019,-75.5797575091448,367.29878364523853,141.6929725181709,17.637390078799893
2026-09-07 15:38:54.193955,-76.19188078959978,367.7823314001938,141.83690220204747,17.41521204383658
2026-09-07 15:38:54.294978,-76.75140504837077,368.2224086476112,141.89445389922753,16.880226930768615
2026-09-07 15:38:54.395131,-77.34610038896517,368.68880232221363,141.80479227101543,16.701698338528548
2026-09-07 15:38:54.495998,-78.67009046068372,369.49738943434124,142.56787907385203,16.16742551549292
2026-09-07 15:38:54.594975,-79.23813515911326,369.93219722373595,142.51249856243732,16.03769588070073
2026-09-07 15:38:54.695352,-79.77132211622884,370.34084663808613,142.54763053340523,15.451567286535804
2026-09-07 15:38:54.795607,-80.32107613145992,370.7619620909623,142.62616435884584,15.234311490074639
2026-09-07 15:38:54.895715,-80.82785359190116,371.14878811598675,142.8174090535495,14.779304640575814
2026-09-07 15:38:54.994912,-81.35001064257638,371.5448768839716,142.8396104966759,14.8893865386582
2026-09-07 15:38:55.096735,-81.82860787121561,371.9070863751053,142.62397818793107,14.50832407524113
2026-09-07 15:38:55.193399,-82.32682025977489,372.28766823406534,142.37518111310763,14.432305290568618
2026-09-07 15:38:55.294040,-82.782397852224,372.63902254503455,142.27434090070943,13.758834123492251
2026-09-07 15:38:55.396913,-83.28286805976117,373.0261880150223,142.17073211451287,13.542197390411879
2026-09-07 15:38:55.593228,-84.72654552333452,373.92906032598137,143.14525473443874,12.77125538664369
2026-09-07 15:38:55.693813,-85.12959553119288,374.2301368488072,143.23675303620016,12.193424030033327
2026-09-07 15:38:55.793251,-85.56382525969808,374.55454797060514,143.38141301745384,12.182997320454765
2026-09-07 15:38:55.894167,-85.94066508134154,374.83360438743875,144.92952547643722,11.583319339930169
2026-09-07 15:38:55.993619,-86.36215085702047,375.1295051866774,145.0630765670029,11.435586824383462
2026-09-07 15:38:56.094331,-86.69235772692826,375.35681845019985,145.1427833713113,10.579491562591517
2026-09-07 15:38:56.195063,-87.08328770025474,375.62910122980776,145.00751340736025,10.516997399597155
2026-09-07 15:38:56.294857,-87.3751333371573,375.83146072788134,144.89633874956593,9.916170679296266
2026-09-07 15:38:56.394782,-87.73752467960705,376.08618822615955,144.92988531656502,10.039284531314541
2026-09-07 15:38:56.494833,-88.48480873552836,376.7668314384441,144.47239635621943,9.387288459958082
2026-09-07 15:38:56.594975,-88.826819300496,377.01103389485326,144.50601577390694,9.325160333140573
2026-09-07 15:38:56.694711,-89.08552638500274,377.1946502995172,144.58732514537317,8.677547804529889
2026-09-07 15:38:56.794720,-89.40171038894708,377.4194558628557,144.55375037810762,8.811251732380304
2026-09-07 15:38:56.894403,-89.62406378639353,377.57701079636314,144.50028877155466,8.132908163822515
2026-09-07 15:38:56.994145,-89.91929204137301,377.78759281908873,144.64539100460647,8.186944191079583
2026-09-07 15:38:57.094261,-90.12046908773368,377.9296425596237,144.83727164305944,7.473868350569889
2026-09-07 15:38:57.193655,-90.39195682920248,378.1208917261128,144.8039033420306,7.59285394539921
2026-09-07 15:38:57.294459,-90.55967717824566,378.2384159690157,144.50034112394727,7.0151522086831095
2026-09-07 15:38:57.394256,-90.81447097271351,378.42015632757034,144.36632674328945,7.0264885911237185
2026-09-07 15:38:57.498651,-91.42193837252154,378.9848948860848,143.97698770855672,6.318143489296242
2026-09-07 15:38:58.030364,-92.52751142093769,379.78902628069,144.63235137317153,5.303450025288031
2026-09-07 15:38:58.130483,-92.72107392651581,379.92641956921057,144.7555942591867,5.280704105599636
2026-09-07 15:38:58.230896,-92.91466690452455,380.06320921805985,144.87919904862167,5.257891392391646
2026-09-07 15:38:58.330739,-93.10662107314245,380.19822100390206,145.0021021885693,5.235208176823688
2026-09-07 15:38:58.430253,-93.29740430433918,380.3317984289953,145.12460034135663,5.212599706384801
2026-09-07 15:38:58.530948,-93.83624975679969,380.8303192200862,144.7419943087053,5.285501930355861
2026-09-07 15:38:58.631129,-94.02953850163216,380.96696269999694,144.8653135144893,5.262741924959252
2026-09-07 15:38:58.731288,-94.22224498271555,381.10257344587916,144.98860563906499,5.239986917717171
2026-09-07 15:38:58.831315,-94.41415509613242,381.2370072388064,145.11173527639096,5.2172618994022555
2026-09-07 15:38:58.931762,-94.60632364728563,381.3710073706791,145.2353819186024,5.194441461773631
2026-09-07 15:38:59.031531,-94.79664574391973,381.503110445902,145.35819396721303,5.1717750581799935
2026-09-07 15:38:59.131809,-94.96392327842545,381.61838487199327,145.48172611652095,5.058149415305722
2026-09-07 15:38:59.231962,-95.15051848630888,381.74671584818907,145.60501085531257,5.0353957711966935
2026-09-07 15:38:59.332081,-95.33648561877791,381.87402631375096,145.72825374132773,5.012649851508298
2026-09-07 15:38:59.432207,-95.52189784050886,382.00037202464506,145.85150524409102,4.989902341498008
2026-09-07 15:38:59.532180,-95.85944716811252,382.6580764045859,143.94776582715565,5.330704851805517
2026-09-07 15:38:59.632375,-96.05248693367521,382.79859706529965,144.07110226643584,5.307941665765118
2026-09-07 15:38:59.732506,-96.24488016118593,382.93801447199974,144.19435992401918,5.2851930198106185
2026-09-07 15:38:59.832541,-96.43656307637556,383.07628923628863,144.31749940905726,5.262466183984965
2026-09-07 15:39:01.811826,-99.15744334383373,387.88170978077386,130.35327508852012,8.457954037404077
2026-09-07 15:39:01.909946,-99.45027783025533,388.20555458616724,130.18919428444298,8.932213054082833
2026-09-07 15:39:02.010519,-99.70943170080713,388.51233911996957,129.95284550105947,9.05700409277624
2026-09-07 15:39:02.110195,-100.01579965265388,388.86377783587,129.70785833209786,9.460301366646734
2026-09-07 15:39:02.209839,-100.28502582255639,389.1879718418794,129.4959942062732,9.561301696594837
2026-09-07 15:39:02.636393,-99.20486919621966,392.4209872028993,111.37133158805239,10.720848706370012
2026-09-07 15:39:02.715028,-99.39844927747457,392.83800184129706,111.18850804326271,11.408260697943673
2026-09-07 15:39:02.815916,-99.58441744899635,393.317741787679,111.0191587287066,11.52815321315484
2026-09-07 15:39:02.915766,-99.81198087275915,393.86455447219316,110.84641248451754,12.135404106336784
2026-09-07 15:39:03.015893,-100.00528272334392,394.3721860898846,110.65593098693901,12.215896099502944
2026-09-07 15:39:03.115581,-100.23753599688283,394.95628145023045,110.36989541697847,12.804449920647466
2026-09-07 15:39:03.220698,-100.44697557306066,395.5203544790302,110.19344735677114,12.865071960202092
2026-09-07 15:39:03.319847,-100.68266425878166,396.1378007736109,110.05187879567276,13.371058419051792
2026-09-07 15:39:03.421198,-100.8903806538911,396.70689305848043,110.04053702897468,13.36131672752251
2026-09-07 15:39:03.520886,-97.28711178971612,398.7172316092943,87.04913287700577,13.897991819899316
2026-09-07 15:39:03.621792,-97.25483796488761,399.34332510318,86.97008909674634,13.971174571302994
2026-09-07 15:39:03.722728,-97.24023332912144,400.0478421454016,86.95450100086015,14.538329987413078
2026-09-07 15:39:03.821594,-97.20609524265029,400.6894860379627,86.96556468159707,14.583252491551411
2026-09-07 15:39:03.921190,-97.18287530456654,401.4266690078793,86.92239912420058,15.169852560256123
2026-09-07 15:39:04.022026,-97.14616194237298,402.1095052037201,86.89983085379833,15.22183794607171
2026-09-07 15:39:04.121501,-97.11674809025281,402.91332800121825,86.8884703972472,16.0072392811237
2026-09-07 15:39:04.221722,-97.07782033442223,403.62943980099107,86.79874789226943,16.013369421533394
2026-09-07 15:39:04.322015,-97.03772710925473,404.3462785986833,86.7314076702221,15.935373071584284
2026-09-07 15:39:04.421944,-96.99713863779523,405.0569896767665,86.776138216714,15.793044268862491
2026-09-07 15:39:04.522616,-92.21396910596906,405.9494979380441,64.44469969110793,16.611717259533197
2026-09-07 15:39:04.622827,-91.892944458663,406.6208717204231,64.48955646736403,16.4724893922702
2026-09-07 15:39:04.727191,-91.54366198016517,407.46003431081414,64.55411386543312,17.16635336248666
2026-09-07 15:39:04.821940,-91.2312537838573,408.1166068615946,64.56471682991179,16.99414603763877
2026-09-07 15:39:04.927603,-90.8864888624313,408.8415276500246,64.67113557123253,16.74947505776281
2026-09-07 15:39:05.021521,-90.58563840984012,409.477152721171,64.71317545420374,16.554978987081217
2026-09-07 15:39:05.127688,-90.2500206552658,410.1875803515326,64.72505615932789,16.402837714767777
2026-09-07 15:39:05.226200,-89.9415994736161,410.8407895932918,64.72505615932789,16.221208693874793
2026-09-07 15:39:05.551941,-85.70043464605575,412.3812385917922,51.001986563730156,17.525995047914407
2026-09-07 15:39:05.650194,-85.2160079181001,412.979498192128,50.87004557409347,17.527712123707403
2026-09-07 15:39:05.749898,-84.72298216332968,413.5855186331498,50.892360489720716,17.321233746492833
2026-09-07 15:39:05.850861,-84.2298482509164,414.19215449486853,50.960150573161854,17.151847897351818
2026-09-07 15:39:05.950757,-83.58767500485341,415.08520424342146,51.02755208236732,18.381684519006274
2026-09-07 15:39:06.050052,-83.07449130636309,415.71955680847293,50.97199364069985,18.24286165080656
2026-09-07 15:39:06.150241,-82.55998202521425,416.3542882253199,51.072899229923905,18.016994331187508
2026-09-07 15:39:06.250471,-82.05274025546001,416.9823117748272,51.084115550198476,17.820812222203973
2026-09-07 15:39:06.350897,-81.42929996143961,417.78861162947084,51.08765040660097,18.332547076305804
2026-09-07 15:39:06.450124,-80.91850202459,418.4213713294576,51.04323409164982,17.920698924784126
2026-09-07 15:39:06.549871,-79.4747257508904,418.43708956537034,46.73554943327571,17.5498500143792
2026-09-07 15:39:06.650369,-78.93434459775962,419.01124142526766,46.758042055344106,17.205613340927158
2026-09-07 15:39:06.750029,-78.3091479291094,419.70939395282846,46.78000499701369,17.65766311766716
2026-09-07 15:39:06.851302,-77.76170611859578,420.2919527312682,46.79133803505789,17.332010072078397
2026-09-07 15:39:06.951140,-77.19573665387671,420.90222699409145,46.74656828248504,17.589751246013975
2026-09-07 15:39:07.051008,-76.65763211205729,421.4741803226708,48.210599440692135,17.58364269728232
2026-09-07 15:39:07.150805,-76.13486993607843,422.0590757254632,48.210599440692135,17.60980357983757
2026-09-07 15:39:07.250884,-75.60985061056599,422.64649655271484,48.177001173204474,17.678888569785336
2026-09-07 15:39:07.351200,-75.1041525146433,423.2101053187869,48.14334593616462,17.59300349962515
2026-09-07 15:39:07.451428,-74.57816363435055,423.7972224688559,48.07604935738681,17.649930207805628
2026-09-07 15:39:07.551103,-74.0905688039971,424.4826716272858,48.456706972861866,17.624686618831404
2026-09-07 15:39:07.651810,-73.56435450072772,425.07654388870435,48.456706972861866,17.626446580887375
2026-09-07 15:39:07.751728,-73.09080803726542,425.6083081815573,48.418279715638505,17.245271014436785
2026-09-07 15:39:07.851716,-72.57921103190596,426.1849041739689,48.42946895470482,17.28109264812728
2026-09-07 15:39:07.949621,-72.07734182303795,426.7507589968213,48.41851281546025,17.311035045270152
2026-09-07 15:39:08.049663,-71.56351887337617,427.3298684880928,48.42970809744082,17.352995216619476
2026-09-07 15:39:08.149554,-71.13042565681984,427.8165236135159,48.42328309324006,16.81844835775494
2026-09-07 15:39:08.249982,-70.62934448876601,428.3813670685456,48.445760048493696,16.80879538346852
2026-09-07 15:39:08.349736,-70.13213189190763,428.9422927844819,48.501575314016634,16.827971764497065
2026-09-07 15:39:08.449295,-69.63587133365503,429.50324438461394,48.501575314016634,16.854070257501046
2026-09-07 15:39:08.549906,-69.21127959825012,430.3359405319685,49.37791695529074,16.915704399456303
2026-09-07 15:39:08.650802,-68.71453177078045,430.9150542938278,49.37791695529074,16.898071749134182
2026-09-07 15:39:09.191081,-66.0573138227451,434.0128664972655,49.559298047827156,16.84142004430911
2026-09-07 15:39:09.291227,-65.73526517692694,434.3946430597343,49.60423944629639,16.013324413211727
2026-09-07 15:39:09.391317,-65.27092509664514,434.94032260768535,49.637841406676046,16.00282933726774
2026-09-07 15:39:09.491828,-64.80525874677691,435.4882114512277,49.671584704105555,15.992290116784115
2026-09-07 15:39:09.590778,-64.46805151638245,436.20074449365086,50.45430311109277,15.993030736351702
2026-09-07 15:39:09.691695,-64.00867175244102,436.75711202917773,50.4881827098103,15.982448944174267
2026-09-07 15:39:09.792101,-63.55224768181715,437.3105660887761,50.521890756906714,15.971920733611455
2026-09-07 15:39:09.891883,-63.01391273398241,437.9602102856117,50.54803330436147,16.418536968348437
2026-09-07 15:39:09.992013,-62.54691633490123,438.52769084022026,50.58164869343943,16.408037698148902
2026-09-07 15:39:10.092130,-62.080611925614576,439.0950085527721,50.61525971819049,16.397539791082423
2026-09-07 15:39:10.192276,-61.61480364056917,439.6624008701303,50.648880478747856,16.38703884318067
2026-09-07 15:39:10.292488,-61.149319897498586,440.2300767645403,50.68252339665736,16.376530974757262
2026-09-07 15:39:10.392477,-60.68550225809315,440.7963986606356,50.71609144957381,16.366046489308534
2026-09-07 15:39:10.492885,-59.97422549764662,441.6833814303198,50.80302923336808,16.94426921366488
2026-09-07 15:39:10.592896,-59.495456460193836,442.2704736389218,50.836604672068574,16.9337824213756
2026-09-07 15:39:10.692871,-58.945469164854565,442.9433034404427,50.86701103666189,17.37686022416932
2026-09-07 15:39:10.793300,-58.45310038152884,443.5484508683918,50.90072680525981,17.366329601909566
2026-09-07 15:39:10.893136,-57.96428936066143,444.1499482841783,50.93424349340512,17.355861159488306
2026-09-07 15:39:10.993269,-57.47467249834848,444.75315793751776,50.96785988963552,17.345361574719607
2026-09-07 15:39:11.092821,-56.897266499501974,445.46330062438733,50.99924448643338,17.905360948467514
2026-09-07 15:39:13.070244,-47.54072640095018,457.12435571215747,51.83557684508838,19.929150105740252
2026-09-07 15:39:13.170771,-46.98731212758836,457.82851907292763,51.8130777324825,19.92651488119379
2026-09-07 15:39:13.269845,-46.441696490568894,458.5221986110874,51.824164689629924,19.894483543813465
2026-09-07 15:39:13.370229,-45.889890939277755,459.22402725965907,51.79046402831756,19.84536265977624
2026-09-07 15:39:13.469213,-45.34671860897494,459.91403982816325,51.77938714269385,19.81768504703465
2026-09-07 15:39:13.569847,-44.35877153298358,461.29530709469367,51.98472692870047,19.933336983619842
2026-09-07 15:39:13.784905,-43.178526694054334,462.80512185691157,51.88846196189951,19.649580234363622
2026-09-07 15:39:13.883515,-42.60761696126564,463.5325502952664,51.87811944895782,19.74950411829088
2026-09-07 15:39:13.984159,-42.05907188703542,464.23158582046955,51.82180620253877,19.66156106509653
2026-09-07 15:39:14.083238,-41.54284332995941,464.88820530309073,51.788236720385896,19.466745442593638
2026-09-07 15:39:14.183652,-41.002309771135835,465.5748108201169,51.788236720385896,19.426384086506935
2026-09-07 15:39:14.284054,-40.462961389660954,466.25991088148174,51.79947228846146,19.40006460866379
2026-09-07 15:39:14.384076,-39.926515953525865,466.9415985129467,51.82185837618982,19.343254902737026
2026-09-07 15:39:14.484260,-39.44737619581882,467.5510679164572,51.76538911142171,19.004189456956066
2026-09-07 15:39:14.583998,-38.63981581092171,468.81171311088565,52.210701160903795,19.115919153678448
2026-09-07 15:39:14.684429,-38.16932317995604,469.41939945443283,52.15314617233321,18.693722729294773
2026-09-07 15:39:14.784246,-37.6575249509761,470.0780928085093,52.07495545013478,18.614352148991557
2026-09-07 15:39:14.884533,-37.144601275975035,470.73637845475355,52.09740084794737,18.484658112943332
2026-09-07 15:39:14.984908,-36.6350607590686,471.390850817145,52.1310984878026,18.528512113004847
2026-09-07 15:39:15.091063,-36.1615588786642,472.00009899575895,52.23729447877594,18.005635369685344
2026-09-07 15:39:15.183606,-35.705387171555365,472.5889831065124,52.23729447877594,18.191623427940755
2026-09-07 15:39:15.289651,-35.177260653672306,473.27075558385434,52.33223089968942,18.31393788106576
2026-09-07 15:39:15.383599,-34.70724205138915,473.87959613089447,52.35325755552418,18.391925344435926
2026-09-07 15:39:15.489874,-34.17354162611491,474.57145194213723,52.28190080980829,18.534935040855707
2026-09-07 15:39:15.583680,-33.34628220703768,475.5948642984777,52.20040995270875,18.69748819451232
2026-09-07 15:39:15.689591,-32.92797110621974,476.1345208511647,52.19925517907092,17.713419973125323
2026-09-07 15:39:15.788333,-32.44873158984373,476.7523361289918,52.232404592317096,17.69012408167825
2026-09-07 15:39:15.888309,-32.046763913887695,477.2714002817988,52.19831477434667,17.04554529029926
2026-09-07 15:39:15.988840,-31.577228479387376,477.876684954592,52.20956477827292,16.94979498866238
2026-09-07 15:39:16.199770,-30.59785052478252,479.1397267238651,52.25677336722873,16.905560272529595
2026-09-07 15:39:16.299272,-30.224796475538515,479.62187120544746,52.28990804648629,16.240164484453008
2026-09-07 15:39:16.399667,-29.7789724047087,480.19849021329486,52.312377615955825,16.227005663024837
2026-09-07 15:39:16.499465,-28.92121805123752,481.22129188700575,52.16486412537603,16.312240431750908
2026-09-07 15:39:16.599506,-28.473735846228074,481.7974525558707,52.16486412537603,16.264161549338258
2026-09-07 15:39:16.699715,-28.111704491286275,482.26345602631693,52.09706681059788,15.687565888597197
2026-09-07 15:39:16.799395,-27.68225846654156,482.8150454772579,52.041292950228126,15.70498602997157
2026-09-07 15:39:16.899426,-27.319342051005435,483.2798701099566,52.05220444477078,15.100757952115414
2026-09-07 15:39:16.998831,-26.906685839542774,483.8090390820818,52.029956448823555,15.075568432930888
2026-09-07 15:39:17.098716,-26.4925226031439,484.33971552172915,51.98524559775586,15.043274893412612
2026-09-07 15:39:17.437816,-25.178997599993327,486.019713268777,52.06099376482723,14.387917188941575
2026-09-07 15:39:17.524373,-24.574512584356548,486.7571770187707,51.979872335522145,13.97332178259372
2026-09-07 15:39:17.626207,-24.182702120647793,487.2583085758076,51.95708070110442,13.886118561125842
2026-09-07 15:39:17.727087,-23.796788258864623,487.7514938547852,51.96836976016158,13.865844228851325
2026-09-07 15:39:17.826057,-23.418829037370816,488.2347095071734,51.97944507910381,13.862385016588439
2026-09-07 15:39:17.926817,-23.11290599819023,488.6257971782969,51.990455893756064,13.226015679244933
2026-09-07 15:39:18.026234,-22.750937622321924,489.08893653197754,51.97933055291264,13.219066007515334
2026-09-07 15:39:18.126340,-22.38656167706374,489.5549698398087,51.95692566500662,13.226063843279473
2026-09-07 15:39:18.226731,-22.020772094659957,490.02243434239267,51.9232226536721,13.226063843279473
2026-09-07 15:39:18.326895,-21.746969569217853,490.3716245342837,51.95670894566439,12.573139967761275
2026-09-07 15:39:18.427380,-21.398910444183187,490.81642675262367,51.95670894566439,12.59860316212028
2026-09-07 15:39:18.531671,-20.815434632486422,491.6646048855258,52.23660275847044,12.656535408044576
2026-09-07 15:39:18.626454,-20.487015554068634,492.0885591798165,52.247209527746975,12.719479894276233
2026-09-07 15:39:18.732919,-20.209582899978468,492.4474714778899,52.25891245780912,12.052899186894326
2026-09-07 15:39:18.830908,-19.886411027348128,492.86498788314776,52.269877997142544,12.072592501181079
2026-09-07 15:39:18.926395,-19.571054305476817,493.2725687686936,52.28056354811588,12.081770554669022
2026-09-07 15:39:19.032328,-19.22101690055824,493.7251468629715,52.26870902895348,12.080844908683764
2026-09-07 15:39:19.126050,-19.01209278714667,493.99552237852816,52.237136739260734,11.41098591547076
2026-09-07 15:39:19.231611,-18.682327810090097,494.4212222804283,52.237136739260734,11.412830706345177
2026-09-07 15:39:19.332004,-18.36865659120517,494.826146442782,52.24837130018392,11.409321757201925
2026-09-07 15:39:19.431323,-18.05851495206942,495.2266763994306,52.22614255203757,11.412793167758027
2026-09-07 15:39:19.531532,-17.542306796767647,495.99474596961267,52.472591793050924,11.42943317787353
2026-09-07 15:39:19.631059,-17.232543662121348,496.3980375486843,52.41690354063297,11.352902204694397
2026-09-07 15:39:19.723424,-17.04701323308351,496.63983004770114,52.36548592486457,10.572029073222522
2026-09-07 15:39:19.829908,-16.739713797870706,497.03836964246574,52.32973738705789,10.491078997446303
2026-09-07 15:39:19.923690,-16.54160136091861,497.29511719362523,52.319373083751145,9.981860831569664
2026-09-07 15:39:20.030120,-16.251301010421717,497.6709845490889,52.30746294739657,9.954891156736316
2026-09-07 15:39:20.123982,-15.99590437654288,498.00151815004745,52.317966651413485,9.898299482193769
2026-09-07 15:39:20.231383,-15.705398645413347,498.37763233805117,52.281910260697714,9.854191231603776
2026-09-07 15:39:20.330206,-15.515703136413146,498.62286440208305,52.28197950130311,9.319598626245646
2026-09-07 15:39:20.422844,-15.279587307873339,498.928164085417,52.271612770009085,9.305837570887066
2026-09-07 15:39:20.531755,-14.883413476579232,499.5895394296214,52.67301576427184,8.85865737717228
2026-09-07 15:39:20.630092,-14.647276543985097,499.89921080197723,52.67301576427184,8.849205386368885
2026-09-07 15:39:20.729543,-14.46586221481547,500.13783290598747,52.66193275630303,8.3442665723137
2026-09-07 15:39:20.830626,-14.237167832687302,500.43762378758913,52.68455630818005,8.350449438010841
2026-09-07 15:39:20.930975,-14.075600949385196,500.65015839365424,52.707049903820064,7.799139722890332
2026-09-07 15:39:21.031371,-13.863519027287307,500.92862678388383,52.67334521389819,7.814930465888722
2026-09-07 15:39:21.130664,-13.718909754536705,501.11860145377295,52.71781346717876,7.2254185739125205
2026-09-07 15:39:21.231094,-13.52241097008048,501.376709409759,52.75152957149419,7.235071740435651
2026-09-07 15:39:21.331481,-13.392651924723376,501.54775586190897,52.74031040814009,6.654493461477018
2026-09-07 15:39:21.430992,-13.21342823778012,501.783364266591,52.74031040814009,6.67188406830191
2026-09-07 15:39:21.532216,-12.953029076248587,502.32315676269775,53.382353803371245,6.143823030043258
2026-09-07 15:39:21.630817,-12.79149783244932,502.54051887759294,53.415455880455795,6.196379332681166
2026-09-07 15:39:21.732552,-12.690270516333658,502.67850822238495,53.43868135988697,5.567002494923933
2026-09-07 15:39:21.831924,-12.542955557062083,502.8771480108983,53.42756105480538,5.623443018982183
2026-09-07 15:39:21.932252,-12.392676143548531,503.0797028985718,53.438788341850284,5.6409764052563425
2026-09-07 15:39:22.031087,-12.244210706955442,503.27989477426803,53.46090876516348,5.662566991040053
2026-09-07 15:39:22.247739,-12.031452488140031,503.56800686699216,53.41266259939766,4.752570610310185
2026-09-07 15:39:22.335991,-11.919694045353618,503.7185592386393,53.402786687027344,4.740232228957286
2026-09-07 15:39:22.436859,-11.792261293705048,503.8901650206189,53.39149897084002,4.738469453254888
2026-09-07 15:39:22.536697,-11.593856617903459,504.20217163786367,53.53594599106299,4.061999316018957
2026-09-07 15:39:22.636520,-11.486126784772235,504.3479513380181,53.60297063869973,4.2547680262434335
2026-09-07 15:39:22.736622,-11.37314827359707,504.5012082980489,53.6589806203483,4.452448987399035
2026-09-07 15:39:22.836062,-11.255858329827221,504.6606398534634,53.68123644970291,4.6575117334620275
2026-09-07 15:39:22.936329,-11.132211414148125,504.8288492485599,53.68123644970291,4.846757172908162
2026-09-07 15:39:23.037179,-11.002792285009669,505.0049111689623,53.64737934405514,4.850282095174626
2026-09-07 15:39:23.136157,-10.875580927249132,505.1777555162883,53.614150701488825,4.8537415870545475
2026-09-07 15:39:23.236078,-10.74696473461502,505.3522965109017,53.614150701488825,4.874696297483144
2026-09-07 15:39:23.336418,-10.617251620199275,505.5283261036057,53.602922071574085,4.890478232544883
2026-09-07 15:39:23.442393,-10.609408080268956,505.5393828789332,53.59177500042529,4.231883188439498
2026-09-07 15:39:23.535660,-10.432539411731135,505.80544936363515,53.70371274230678,4.316731283820775
2026-09-07 15:39:23.642870,-10.316577275145155,505.96341003651787,53.70383464350891,4.359948078377623
2026-09-07 15:39:23.736121,-10.208987003809654,506.1098969896297,53.76644662087659,4.44632008577629
2026-09-07 15:39:23.843297,-10.083068502014905,506.2817315723151,53.790433857068365,4.558700968918738
2026-09-07 15:39:23.941392,-9.96497363358203,506.44303123470684,53.812388659768885,4.649559641380934
2026-09-07 15:39:24.274019,-9.485171111341563,507.09838118211644,53.92356542525903,5.173341789924144
2026-09-07 15:39:24.363598,-9.363177030042968,507.2658214413354,53.92356542525903,5.1796037435524545
2026-09-07 15:39:24.472557,-9.148892390689884,507.55931294130465,53.89884785386056,5.606917767538869
2026-09-07 15:39:24.568466,-8.881215482941,507.81749910655543,53.5514396173449,5.6014393775472975
2026-09-07 15:39:24.670821,-8.67565113236153,508.09606845187614,53.60801920596731,6.046793414851081
2026-09-07 15:39:24.769468,-8.517440996197275,508.3107223533382,53.59698003260479,6.045931434169821
2026-09-07 15:39:24.869089,-8.296126725052547,508.6109628714709,53.585304968418825,6.574507895768311
2026-09-07 15:39:24.970359,-8.119440435574907,508.850485684305,53.585304968418825,6.56654379090633
2026-09-07 15:39:25.070740,-7.879913590665263,509.17527772243375,53.55124349464734,7.097303645380109
2026-09-07 15:39:25.171002,-7.690923809545529,509.4311610578128,53.60734300095146,7.148117016387178
2026-09-07 15:39:25.270633,-7.439232985134324,509.77261285833924,53.58481486819113,7.702617503108083
2026-09-07 15:39:25.370994,-7.234085056017497,510.05071439828913,53.53989094844337,7.5701968951227805
2026-09-07 15:39:25.471319,-6.963597292344346,510.41694176604426,53.55095498697136,8.19432172091474
2026-09-07 15:39:25.571747,-6.737662517963992,510.7498141283944,53.63366442599283,8.208261305952622
2026-09-07 15:39:25.671331,-6.467241761255978,511.1169238410258,53.58934117554418,8.820114604792323
2026-09-07 15:39:25.771690,-6.232360773167895,511.43538461157664,53.61180268779475,8.826253186141308
2026-09-07 15:39:25.872759,-5.935288349550703,511.8384406419582,53.66852283789848,9.475053101235748
2026-09-07 15:39:25.972485,-5.685027779595764,512.178737131342,53.70200259712345,9.475924510253956
2026-09-07 15:39:26.071404,-5.375579331498174,512.5998110844254,53.76852601366937,10.10296858058526
2026-09-07 15:39:26.171975,-5.107111941598683,512.9662027824336,53.79103497398734,10.115271677763365
2026-09-07 15:39:26.272374,-4.7761243580715265,513.4179672508636,53.869749083022214,10.709698989448684
2026-09-07 15:39:26.372059,-4.494721964520196,513.8034385840713,53.90321507783136,10.711441090966446
2026-09-07 15:39:26.472104,-4.147943223070243,514.2785904892122,53.99282386801832,11.295611358524052
2026-09-07 15:39:26.572579,-3.8067567396452477,514.6785637406732,53.82131698867539,11.317916118473082
2026-09-07 15:39:26.672370,-3.4573427660306963,515.1562166613163,53.78756122493559,11.93209996150448
2026-09-07 15:39:26.772582,-3.1415447471077007,515.5875034467389,53.85484706075471,11.908457257551815
2026-09-07 15:39:26.873027,-2.763258737599357,516.1052027482905,53.7759812818536,12.50201140346105
2026-09-07 15:39:26.972858,-2.4335443116549547,516.5553043588278,53.80949629141162,12.487181852763687
2026-09-07 15:39:27.072267,-2.04253951106836,517.0896719725649,53.77601033357814,13.151749213472678
2026-09-07 15:39:27.172329,-1.6948872691134942,517.5642614601065,53.83199793406283,13.159618318446507
2026-09-07 15:39:27.267649,-1.3015557576982086,518.1021989702016,53.821261398193656,13.793544259419763
2026-09-07 15:39:27.490150,-0.25774972331177587,519.3290444744268,53.408905748183486,14.347379409972797
2026-09-07 15:39:27.587961,0.11621087706309835,519.8327463976623,53.43079698837863,14.381566437420007
2026-09-07 15:39:27.814809,1.0774109871671609,521.1291361892838,53.43078305899934,15.392791481539835
2026-09-07 15:39:28.024116,1.9355215684546598,522.2858809233152,53.33709237366696,15.354383923281624
2026-09-07 15:39:28.123409,2.342478848769767,522.8325942962553,53.2704235865358,15.352648672381259
2026-09-07 15:39:28.455222,3.8668700123884516,524.8764629879761,53.12188964250919,16.252141528939955
2026-09-07 15:39:28.542174,4.405829102530903,525.3940894275521,52.57384491587732,16.271865384059314
2026-09-07 15:39:28.643092,4.933409002769138,526.0862418546373,52.56328812631824,16.95757720098584
2026-09-07 15:39:28.742848,5.393104710273477,526.6867011144864,52.619104510899376,16.992444047353054
2026-09-07 15:39:28.842698,5.853592740774718,527.2894108514615,52.663799695152306,17.009893898037557
2026-09-07 15:39:28.942846,6.315457193201217,527.8949006169726,52.68621398314713,17.009893898037557
2026-09-07 15:39:29.042358,6.868892791902536,528.6221141619553,52.70885582426473,17.71216399362414
2026-09-07 15:39:29.142319,7.3484327297197645,529.2518021882753,52.69766960665555,17.70430283152176
2026-09-07 15:39:29.242380,7.828362345390537,529.8817467075697,52.7088670148467,17.69293646015398
2026-09-07 15:39:29.342113,8.306289003239826,530.5093165763519,52.742349124093835,17.706879983104947
2026-09-07 15:39:29.442433,8.89075801924553,531.2781068620008,52.75376858918639,18.46139746625252
2026-09-07 15:39:29.542383,9.510556073955978,531.9965495628317,52.489461662493625,18.505477370430622
2026-09-07 15:39:29.648270,10.043940744324063,532.6914053366961,52.45391354800944,18.48789773375102
2026-09-07 15:39:29.741793,10.514977012788966,533.304250447456,52.4434477800653,18.441316934563588
2026-09-07 15:39:29.848969,11.053545646570736,534.0046941865603,52.5034158705447,18.41603123585654
2026-09-07 15:39:29.946513,11.542373980513354,534.6418263199544,52.45975290556953,18.419440606382665
2026-09-07 15:39:30.048034,12.172815073116817,535.4633071433751,52.44847513924873,19.16472288597964
2026-09-07 15:39:30.148254,12.696124981710982,536.1440295113416,52.336323127084654,19.081528953389714
2026-09-07 15:39:30.248260,13.217373478292853,536.8193306210376,52.336323127084654,18.97579241764906
2026-09-07 15:39:30.347897,13.733820944945904,537.488411778331,52.35862304733212,18.9131069616496
2026-09-07 15:39:30.565178,15.008207836336888,539.018563271721,51.8289388862911,18.770222922416092
2026-09-07 15:39:30.662129,15.628486060650808,539.8109914097735,51.806393296647116,19.77003329607367
2026-09-07 15:39:30.762111,16.174859265716993,540.5054673465152,51.929467540592555,19.81895746952571
2026-09-07 15:39:30.861561,16.718181377584504,541.1991261384887,52.007370776741084,19.831992429344744
2026-09-07 15:39:30.961940,17.26598645937117,541.900470622445,52.063535747949516,19.872339717199296
2026-09-07 15:39:31.061616,17.810377352894374,542.5988541132035,50.613473569361645,19.922856099961464
2026-09-07 15:39:31.162047,18.37796218855549,543.2901745887405,50.62471238270592,19.914957975982066
2026-09-07 15:39:31.262352,19.05865213986001,544.1254817977581,50.590734012437736,20.546431659142293
2026-09-07 15:39:31.362081,19.64019151379425,544.833226027579,50.590734012437736,20.540331612516148
2026-09-07 15:39:31.462672,20.226583232911313,545.5468756517004,50.647017603814675,20.605375201316928
2026-09-07 15:39:31.562015,20.898109733063,546.3681227888071,50.677861816228756,20.685885498820692
2026-09-07 15:39:31.661702,21.482265821640254,547.0812597058907,50.63323959457,20.677174816471236
2026-09-07 15:39:31.762343,22.07232421349944,547.8004588175316,50.62197728100364,20.714989202138625
2026-09-07 15:39:31.862118,22.658515455488025,548.5146580757408,50.58848107162328,20.672269180230632
2026-09-07 15:39:31.957226,23.216532205086406,549.1937203962082,50.60976734895894,20.667282839522866
2026-09-07 15:39:32.058858,23.926458928081168,550.060463800114,50.620378968302475,21.2537333028959
2026-09-07 15:39:32.158734,24.52852479361577,550.7939625373592,50.642732379531594,21.219697233696273
2026-09-07 15:39:32.259608,25.13534433375511,551.5338411076589,50.642732379531594,21.18884682391751
2026-09-07 15:39:32.358639,25.730210977916673,552.2591458368048,50.63165023433436,21.209614889974237
2026-09-07 15:39:32.461186,26.346946941905134,553.0108186758747,50.66607705250857,21.2221597160804
2026-09-07 15:39:32.560180,27.105797980999554,553.9168373453966,50.64738024273174,21.265339568568404
2026-09-07 15:39:32.661258,27.715092308470794,554.6598562734351,50.613446593503454,21.258273785864397
2026-09-07 15:39:32.878886,29.157455666180308,556.417591898443,50.61096697416821,21.905571361978243
2026-09-07 15:39:32.977542,29.770529283929115,557.1642512753517,50.622007154683104,21.931433141684757
2026-09-07 15:39:33.078526,30.39866311268346,557.9295530393183,50.655909246470344,21.912902710962673
2026-09-07 15:39:33.176746,31.008648124178528,558.6736401149584,50.72185758393647,21.90002896784125
2026-09-07 15:39:33.278163,31.637233510487864,559.4422194062569,50.72185758393647,21.886736192376528
2026-09-07 15:39:33.378209,32.256945022671474,560.1999484995788,50.677074665521104,21.870126293793625
2026-09-07 15:39:33.478733,32.87973928236155,560.9602335331551,50.710822327277526,21.845531598688044
2026-09-07 15:39:33.578089,33.38039268983618,562.0359617169672,51.62511218625673,21.891492040919353
2026-09-07 15:39:33.678302,33.989228910642524,562.804813862694,51.56904009687838,21.937902256238456
2026-09-07 15:39:33.778771,34.60167013621676,563.5766652343546,51.512824768051246,21.927367439723152
2026-09-07 15:39:33.877869,35.20621021385063,564.3370255546407,51.512824768051246,21.864155167750845
2026-09-07 15:39:33.979623,35.825163545607396,565.1155141461975,51.535598497537876,21.84192692405341
2026-09-07 15:39:34.080501,36.437857962615105,565.886759684872,51.592042673765604,21.80754939002402
2026-09-07 15:39:34.178297,37.030162919216146,566.6338493864656,51.60298661527588,21.781058506937494
2026-09-07 15:39:34.277059,37.61867943837299,567.3766230484074,53.01774218556562,21.717332361968694
2026-09-07 15:39:34.376467,38.19925493233642,568.1475693385805,52.96212051711018,21.69561660387098
2026-09-07 15:39:34.476541,38.78388806882636,568.922337467486,52.93972279117662,21.675504257240924
2026-09-07 15:39:34.576934,39.51782176016947,569.9456504511861,52.98142474542493,21.7265993519104
2026-09-07 15:39:34.676834,40.102010841502704,570.7203728461301,52.94788657136229,21.727472281346248
2026-09-07 15:39:34.778160,40.69502247962021,571.5058384263624,52.97056450946752,21.74252390913683
2026-09-07 15:39:34.877575,41.27694774157017,572.2772544459438,53.026190094626656,21.689533728238583
2026-09-07 15:39:34.977814,41.86151270740516,573.0537365749095,53.07105940433456,21.70705156081509
2026-09-07 15:39:35.078207,42.361581411553836,573.7223863654756,53.070711464476915,21.365136070613364
2026-09-07 15:39:35.178021,42.934369982853184,574.484457476549,53.05954169702312,21.329376774045944
2026-09-07 15:39:35.278334,43.509207660818866,575.2489444874012,53.0258648716503,21.29869793553317
2026-09-07 15:39:35.377968,44.07977871742921,576.0068294464317,53.014715247244,21.223825895279504
2026-09-07 15:39:35.478316,44.57693688460433,576.6685901879416,53.02575195137041,20.85731966002417
2026-09-07 15:39:35.577742,45.36634456047173,577.6447762869775,52.85596700186909,20.910736955117887
2026-09-07 15:39:35.678164,45.93317431172716,578.3930635597401,52.90091822663675,20.885289725144062
2026-09-07 15:39:35.777658,46.49350145493639,579.1339735286392,52.93432009941142,20.88442034334937
2026-09-07 15:39:35.877839,47.05723914692008,579.8802971516769,52.956741773190345,20.88179418888053
2026-09-07 15:39:35.977308,47.616609902858755,580.6214423265903,52.94561061324424,20.894831639038795
2026-09-07 15:39:36.077478,48.08997571600611,581.2490532223937,52.888018586192175,20.366706466918362
2026-09-07 15:39:36.177155,48.63755787177788,581.9727720014469,52.8545552771227,20.316189577350315
2026-09-07 15:39:36.277484,49.187779044042685,582.6990966581022,52.843327878171976,20.311806187091616
2026-09-07 15:39:36.382802,49.765385477428694,583.4612611516226,52.90225636358957,20.318248091758985
2026-09-07 15:39:36.482161,50.223148704042146,584.0668083094107,52.879193266092784,19.821059381165096
2026-09-07 15:39:36.576565,51.18288844817006,584.8727597084079,51.921619926196115,19.884870544247793
2026-09-07 15:39:36.683800,51.770793298664465,585.6231255014958,51.93362014673539,19.94109191845368
2026-09-07 15:39:36.782866,52.31530242281224,586.3184035497267,51.97796439433881,19.92810728970122
2026-09-07 15:39:36.883782,52.776584181393,586.9061985803298,51.97633693065086,19.312776504118247
2026-09-07 15:39:36.984354,53.3114435914263,587.5902049351574,51.98759152271566,19.375171403064652
2026-09-07 15:39:37.083134,53.8383376431736,588.2642976035464,51.98759152271566,19.39070797417686
2026-09-07 15:39:37.183774,54.375583425472705,588.9516339698799,51.97632932105512,19.41357225925202
2026-09-07 15:39:37.283138,54.9067765388897,589.6309514857653,51.998568140725126,19.42399120945782
2026-09-07 15:39:37.383550,55.44359364267448,590.3180106536835,52.02104151499259,19.425746016074676
2026-09-07 15:39:37.483435,55.84999850264567,590.8375574663226,52.042570101019464,18.679678341764454
2026-09-07 15:39:37.583546,56.7221151862922,591.6644646343153,51.39644604430214,18.70397974746623
2026-09-07 15:39:37.683708,57.24465323803165,592.3189534791734,51.35161120158659,18.745990249882123
2026-09-07 15:39:37.783945,57.769270618745914,592.9749932067584,51.36282830520196,18.776645845228735
2026-09-07 15:39:37.889199,58.320911580810865,593.6651031660062,51.35104977009087,18.790441538147714
2026-09-07 15:39:37.983352,58.81486124806877,594.2827801762583,51.361586038701205,18.767405603164267
2026-09-07 15:39:38.088802,59.36727246252785,594.9738230101511,51.467790256566275,18.627348924790965
2026-09-07 15:39:38.182688,59.85430120670281,595.5853960421041,51.520322205349146,18.633911956063333
2026-09-07 15:39:38.289410,60.26772792505215,596.1043972126317,51.50783372155536,17.9428218376865
2026-09-07 15:39:38.382994,60.73493955068157,596.6919275934582,51.497361127356214,17.919925117035106
2026-09-07 15:39:38.489069,61.263957402477644,597.3569313126035,51.521101946933754,17.868946343812908
2026-09-07 15:39:38.699431,62.449851720331246,598.710553727855,51.08702851256595,17.91091681684799
2026-09-07 15:39:38.798354,62.947379573740456,599.3268611976121,51.208799165621656,17.924747094899175
2026-09-07 15:39:38.899298,63.35359766049908,599.8306791150892,51.26582613970214,17.313610472569273
2026-09-07 15:39:38.999519,63.8389582250873,600.435768158462,51.25461082657989,17.37316040797774
2026-09-07 15:39:39.098660,64.31396089513181,601.0276385372202,51.265732796335385,17.455893402129337
2026-09-07 15:39:39.199241,64.80506891390122,601.6398907700415,51.412055586159,17.44710460177031
2026-09-07 15:39:39.299385,65.29223940246352,602.2504221271307,51.468089068029656,17.460230524506528
2026-09-07 15:39:39.399097,65.77707808684815,602.859251567085,51.34534718436777,17.597893820855848
2026-09-07 15:39:39.499508,66.58241787474536,603.9426684047445,51.36990563080684,17.959645663327834
2026-09-07 15:39:39.598698,67.07958043714034,604.5647827284461,51.25890624858221,17.993447955208875
2026-09-07 15:39:40.142597,69.81747139768623,607.9772106652284,50.65025161613323,18.25008873749346
2026-09-07 15:39:40.242749,70.33555069366801,608.6090597617003,50.53817569992634,18.297345834173843
2026-09-07 15:39:40.343039,70.85692709404674,609.2423992132187,50.42594535368869,18.344668046671607
2026-09-07 15:39:40.442925,71.37878399931424,609.8737977765201,50.31416710696129,18.391799630254734
2026-09-07 15:39:40.543009,72.03262447654454,610.8942554166844,50.73579945348007,18.62335759126193
2026-09-07 15:39:40.643139,72.5602208289417,611.5396745495167,50.62374815655346,18.670604307159838
2026-09-07 15:39:40.743313,73.09065306996642,612.1859793095282,50.51164762106623,18.7178717846227
2026-09-07 15:39:40.843467,73.62358845087442,612.8327494633519,50.39956946674289,18.76512982501059
2026-09-07 15:39:40.943510,74.15854315809989,613.4793887279809,50.2876155278791,18.81233548963232
2026-09-07 15:39:41.044030,74.32215001488693,613.6683979326839,50.17824075631961,17.431783117571545
2026-09-07 15:39:41.143733,74.81971374376498,614.2651315085438,50.06666729724162,17.478828351918583
2026-09-07 15:39:41.244061,75.32291928309921,614.8662475867459,49.954394426792646,17.526168494858812
2026-09-07 15:39:41.344019,75.8268026928227,615.4657826583729,49.84253560787528,17.57333405191187
2026-09-07 15:39:41.444256,76.33462827350074,616.0676187954875,49.73036457172191,17.62063125616093
2026-09-07 15:39:41.544454,76.91888462157894,617.1400178358736,50.52265917809382,17.805118859154287
2026-09-07 15:39:41.644317,77.4242412399814,617.7535586403365,50.41090666970484,17.85223959010118
2026-09-07 15:39:41.744666,77.93460589847884,618.3707226980454,50.29861029903378,17.899589641970138
2026-09-07 15:39:41.844619,78.21135754232667,618.7026322216723,50.19074890906148,16.913950313578205
2026-09-07 15:39:41.944677,78.69573264289411,619.2838064386098,50.07877818432479,16.961163056006175
2026-09-07 15:39:42.045158,79.18465605572403,619.8681123498296,49.96633409797221,17.008575392570016
2026-09-07 15:39:44.022329,87.5818649776214,629.9069993948693,50.03015526660755,15.937520315800937
2026-09-07 15:39:44.222310,88.49713833354035,630.9989463235875,50.09729237959277,16.09129507588952
2026-09-07 15:39:44.321052,88.95278312206212,631.5438390474785,50.09729237959277,16.103374427010223
2026-09-07 15:39:44.421645,89.41731780040718,632.0993629393384,50.06352155333167,16.09897950254877
2026-09-07 15:39:44.521594,90.19430518093472,633.2327641534602,50.53296194817682,16.23342870580647
2026-09-07 15:39:44.621485,90.65508161765808,633.7923863042577,50.49942679557131,16.259614229613067
2026-09-07 15:39:44.721051,91.11542666783897,634.3508181228133,50.51056881038187,16.26570430614425
2026-09-07 15:39:44.822337,91.58378904685976,634.9192007021454,50.54457228884144,16.257738943005606
2026-09-07 15:39:44.920746,92.03829722460873,635.4714379390191,50.566597368396515,16.267197854330657
2026-09-07 15:39:45.022620,92.50886254888582,636.0436330985533,50.63499912904632,16.292122847060615
2026-09-07 15:39:45.121773,92.96689487182286,636.6019457590912,50.64609492675345,16.31291649807618
2026-09-07 15:39:45.222020,93.43046244711044,637.1672287576994,50.67974959477408,16.32605592107245
2026-09-07 15:39:45.322298,93.89421438660811,637.7334145151286,50.690971286528,16.32868461830871
2026-09-07 15:39:45.422535,94.35774048222973,638.2995507005725,50.690971286528,16.356712591197045
2026-09-07 15:39:45.522129,94.8523987693843,639.3488013946604,51.958843380891494,16.576084918170164
2026-09-07 15:39:45.622833,95.14907739351477,639.7377143581375,51.958759740735104,15.848152722923293
2026-09-07 15:39:45.724818,95.59432656371321,640.3067625774772,51.93593431075993,15.885580948725236
2026-09-07 15:39:45.822782,96.02324904627048,640.8544948153736,51.93593431075993,15.930093604192308
2026-09-07 15:39:45.923324,96.46469246561581,641.4182162378113,51.924683075869666,15.909887201381597
2026-09-07 15:39:46.020361,96.89031297311116,641.9615120480154,51.96811909584318,15.907343464034268
2026-09-07 15:39:46.234845,97.83001474621639,643.1628969750708,51.872111064803505,15.886727614501787
2026-09-07 15:39:46.323341,98.21806176957259,643.6572958925238,51.8126917604622,15.863529187068
2026-09-07 15:39:46.424174,98.66014290517798,644.2193369446701,51.75627276304385,15.767491246880882
2026-09-07 15:39:46.523981,99.17776238696523,645.118402450617,52.38061811605354,15.818169115948526
2026-09-07 15:39:46.623994,99.60946326238218,645.678585360536,52.42538626290076,15.772725440606276
2026-09-07 15:39:46.729178,100.06172099469704,646.2663925698174,52.37830345608586,15.87842207849103
2026-09-07 15:39:46.823530,100.47055920494589,646.7968641447995,52.29383515313867,15.917995718433765
2026-09-07 15:39:46.923625,100.90619471200748,647.3603853039149,52.26023151417178,15.89350598457326
2026-09-07 15:39:47.028460,101.4133787480171,648.014632864908,52.237150043289205,16.101221626744504
2026-09-07 15:39:47.128198,101.85301876619225,648.5821728263753,52.237150043289205,16.084662863127154
2026-09-07 15:39:47.228388,102.29419699521596,649.1516984945337,52.27078557541466,16.06014988610049
2026-09-07 15:39:47.328758,102.73515977013555,649.721636815812,52.24832160123606,16.050502486678738
2026-09-07 15:39:47.429347,103.17704300241182,650.2923023840417,52.23706510677226,16.058413036140195
2026-09-07 15:39:47.529779,103.80096341479138,650.9661409956929,51.9110549413889,16.099402661342914
2026-09-07 15:39:47.630650,104.24880663046373,651.5375236309042,51.899766889484056,16.072960239384027
2026-09-07 15:39:47.729820,104.68848513776025,652.0982617186623,51.9330599898023,16.04696371921805
2026-09-07 15:39:47.829191,105.12801617788962,652.6594830379739,51.9330599898023,16.02699265783372
2026-09-07 15:39:47.929623,105.57168730719307,653.2259906877064,51.91058213930205,15.955908834238516
2026-09-07 15:39:48.030340,106.01486593696987,653.791412381529,51.899311320893446,15.903104729740036
2026-09-07 15:39:48.129676,106.45063063455046,654.3471499443015,51.86596249147715,15.79373658035743
2026-09-07 15:39:48.229988,106.88797488092821,654.9042338557572,51.80983500871821,15.753416223118704
2026-09-07 15:39:48.336854,107.3532837307469,655.4957448298047,51.702204663091266,15.567590307792337
2026-09-07 15:39:48.429651,107.80875080061999,656.073081871681,51.692274912046344,15.405181118316303
2026-09-07 15:39:48.530293,108.48390700434982,656.6257995706043,50.93554521583428,15.156235783850857
2026-09-07 15:39:48.635989,108.93585734345986,657.1826548482833,50.852759739345004,14.896230853036599
2026-09-07 15:39:48.729590,109.32936182185028,657.66604713345,50.842285242746925,14.61078774217124
2026-09-07 15:39:48.835856,109.76624667818889,658.2024821653517,50.85415960739124,14.311578254659013
2026-09-07 15:39:48.929324,110.14375822616948,658.6662514148821,50.83324038114313,14.028174189866155
2026-09-07 15:39:49.035873,110.56105116100977,659.1783896376882,50.821273366218804,13.748068415676569
2026-09-07 15:39:49.133890,110.94161621219955,659.6453623798599,50.876116729700584,13.509968165279513
2026-09-07 15:39:49.234370,111.31056360554926,660.0987292521062,50.89851226740387,13.164050997880153
2026-09-07 15:39:49.334130,111.68082840703185,660.5543158175326,50.87618481832487,12.960071767833625
2026-09-07 15:39:49.434430,112.03064903178188,660.9842007596425,50.81998562326879,12.617425910877609
2026-09-07 15:39:49.535485,112.68306364059298,661.4965329655553,50.09642766421064,12.451339258101958
2026-09-07 15:39:49.634297,113.03589492302352,661.9184609834745,50.085370026387864,12.458246637754787
2026-09-07 15:39:49.734805,113.39506412723367,662.3477997078942,50.107864886572656,12.481959176062322
2026-09-07 15:39:49.834172,113.71301187459157,662.727275595602,50.09649663916673,12.210011816980002
2026-09-07 15:39:49.934638,114.06479572457488,663.1479520861723,50.09649663916673,12.228447195385737
2026-09-07 15:39:50.034374,114.36566482854766,663.5069642228249,50.12976876688623,11.812186449414968
2026-09-07 15:39:50.126674,114.67810792270424,663.8810367497692,50.15042658114038,11.857351591236728
2026-09-07 15:39:50.232712,115.03827218948544,664.3125595849228,50.15042658114038,11.874029733852602
2026-09-07 15:39:50.326327,115.35668825442335,664.6940627371607,50.139950517860825,11.890389951897966
2026-09-07 15:39:50.434190,115.64301473831016,665.0364689612205,50.15186579785927,11.334796138372917
2026-09-07 15:39:50.530993,116.15071154460742,665.6094916798882,50.06175918980949,11.371266659429917
2026-09-07 15:39:50.632282,116.41775603276707,665.9275309651073,50.06113951265826,10.798403707080478
2026-09-07 15:39:50.731714,116.72589507149142,666.2955535982301,50.07226653208903,10.828813108364479
2026-09-07 15:39:50.833270,117.04142944838715,666.6725574977639,50.02680770252476,10.827038309129511
2026-09-07 15:39:50.932465,117.34986970680549,667.0404917581722,50.049008698027876,10.8166370796534
2026-09-07 15:39:51.143883,117.90326901130207,667.7006072988353,50.00134899223684,10.110770727097202
2026-09-07 15:39:51.243450,118.19253766826318,668.0453607440993,49.99020686552046,10.1003304910445
2026-09-07 15:39:51.342976,118.4814555784861,668.3895602064698,49.97906932694269,10.1003304910445
2026-09-07 15:39:51.442836,118.77141019720929,668.7348584134224,49.990244242064136,10.10992887010454
2026-09-07 15:39:51.542675,119.16952713141076,669.2551666630293,50.12838544458339,10.137751544027509
2026-09-07 15:39:51.642856,119.36921971999652,669.4940315872468,50.08363587378295,9.412345563648826
2026-09-07 15:39:51.857198,119.87882707730576,670.1029667134844,49.987739931214435,8.823598618232893
2026-09-07 15:39:51.952998,120.06249223272931,670.3214167374048,49.977053958241584,8.379755744154838
2026-09-07 15:39:52.052770,120.30285163432922,670.6076330528595,49.96588889083222,8.362319524800865
2026-09-07 15:39:52.152743,120.54324989144035,670.8937823916427,49.977076451311234,8.339606774683427
2026-09-07 15:39:52.252869,120.78330630488924,671.1796381412925,49.977076451311234,8.336982061989932
2026-09-07 15:39:52.354077,120.93682140068817,671.3622051745864,49.897819103218524,7.682556746621921
2026-09-07 15:39:52.453081,121.15584643885295,671.6222856759257,49.86458173199833,7.629785636933749
2026-09-07 15:39:52.553666,121.36223429620708,672.0595277085883,50.46385395775553,7.085459589813595
2026-09-07 15:39:52.652771,121.56206059971834,672.3016250568386,50.46385395775553,7.073335832012279
2026-09-07 15:39:52.753410,121.70487136591453,672.4753050300995,50.475302914052406,6.52755673102356
2026-09-07 15:39:52.854174,121.8919998747383,672.7021108058948,50.475302914052406,6.55661254118596
2026-09-07 15:39:52.953475,122.01327054278684,672.8495618726486,50.4976538371036,5.991479091900918
2026-09-07 15:39:53.053383,122.183491408677,673.0560390682508,50.52001441030512,6.018542071444135
2026-09-07 15:39:53.152622,122.35325575655006,673.2621263223743,50.52001441030512,6.029815068197782
2026-09-07 15:39:53.253735,122.52654986502276,673.4724985673031,50.508699277191965,6.043067998234804
2026-09-07 15:39:53.354102,122.60054445131924,673.5626378637252,50.508779567543115,5.289208842284958
2026-09-07 15:39:53.454048,122.75083521834924,673.7450120731223,50.53114864558694,5.263008900724918
2026-09-07 15:39:53.554506,122.8896790390344,674.1210959580316,51.22341337440639,4.687814749566228
2026-09-07 15:39:53.653979,123.02023426261098,674.2836098551086,51.21228176683701,4.7112831035586
2026-09-07 15:39:53.754534,123.15290235292512,674.4486881305255,51.20102907717114,4.7244628962645105
2026-09-07 15:39:53.855430,123.28642536060902,674.6147633674483,51.268774174472924,4.97220163329028
2026-09-07 15:39:53.952734,123.42174775673429,674.7834848037022,51.39944078063871,5.22132356589139
2026-09-07 15:39:54.055070,123.57077357737273,674.9701624879411,51.49105673208015,5.493165011847008
2026-09-07 15:39:54.154460,123.72273959962472,675.1611487637002,51.50217905146644,5.738074408936754
2026-09-07 15:39:54.252291,123.8789528448086,675.3575510597589,51.4693354768246,5.762010221447939
2026-09-07 15:39:54.352312,124.03944478086737,675.55909557502,51.42456374899115,5.789977797056386
2026-09-07 15:39:54.452571,124.20125803630944,675.7619738664058,51.39090505236112,5.819764054298467
2026-09-07 15:39:54.553007,124.21177581497844,675.9280818623284,51.96189916117521,4.998731045813367
2026-09-07 15:39:54.652462,124.34872017424352,676.103122598515,52.0286767207628,5.110837336287933
2026-09-07 15:39:54.874829,124.62054675823967,676.4525199889188,52.07954939706707,5.283989512521416
2026-09-07 15:39:54.965625,124.76089684773065,676.6324539920786,52.069188563896205,5.5023983200527224
2026-09-07 15:39:55.072077,124.92185839020216,676.8389889677095,52.08110116217887,5.699596697155442
2026-09-07 15:39:55.173609,125.10667287272933,677.0757524363736,52.16020914691677,5.875266301461828
2026-09-07 15:39:55.265952,125.2554585388209,677.2672909441168,52.242878899535185,5.857514586710351
2026-09-07 15:39:55.373906,125.47234215243284,677.5465098933009,52.290701969064,6.202906893013496
2026-09-07 15:39:55.471228,125.6374088678833,677.7600096513622,52.30159286721596,6.239474212912162
2026-09-07 15:39:55.572304,125.83846549693943,678.1174830433499,52.66272289543633,6.674391301373183
2026-09-07 15:39:55.772486,126.253491962181,678.6601236260826,52.8626040503226,7.110511128596302
2026-09-07 15:39:55.872107,126.44467076078425,678.9125646740343,53.018678425151165,7.11486358622034
2026-09-07 15:39:55.972276,126.69250513414545,679.2400752028562,53.07360200374677,7.700370712428491
2026-09-07 15:39:56.071744,126.89821877388128,679.5137973018359,53.095864099827224,7.710800567698713
2026-09-07 15:39:56.282820,127.40218209843913,680.1837930453702,53.23691162828936,8.363045395120098
2026-09-07 15:39:56.381969,127.67657091804472,680.5500734730649,53.18101034394965,8.91857387727942
2026-09-07 15:39:56.481971,127.91550976139959,680.8692490194854,53.24815517843632,8.92993354657635
2026-09-07 15:39:56.581308,128.16569615338307,681.2429215655538,53.42619209711842,9.51498131564845
2026-09-07 15:39:56.681841,128.4204997804469,681.5863428095589,53.36994095842908,9.50971055198636
2026-09-07 15:39:56.781464,128.72795536006151,681.9988385527545,53.30126365250777,10.091535784171336
2026-09-07 15:39:56.881262,128.99701062806162,682.3598205018935,53.30126365250777,10.082815402605927
2026-09-07 15:39:56.981446,129.32602185058016,682.8006610707099,53.27768936077433,10.6946494796823
2026-09-07 15:39:57.081483,129.61199762900037,683.1840153847413,53.31127352812871,10.685908214219477
2026-09-07 15:39:57.181904,129.95981727040814,683.6504180124126,53.333018603414814,11.31133598227812
2026-09-07 15:39:57.281191,130.25962689112438,684.0531276036255,53.3552401895887,11.29224937579436
2026-09-07 15:39:57.388482,130.64579477940646,684.5718781494521,53.342771766762155,11.928018312489028
2026-09-07 15:39:57.481279,130.94121634057674,684.9688346731712,53.23892652356926,11.913422775037121
2026-09-07 15:39:57.589084,131.35185342287573,685.4344782337412,52.905647266262065,12.54437932253157
2026-09-07 15:39:57.681349,131.66391696050363,685.8471847377315,52.864347304568525,12.534704747829084
2026-09-07 15:39:57.787986,132.08313191278285,686.4011140629574,52.86375467085992,13.160634099268696
2026-09-07 15:39:57.888115,132.43877403060114,686.8707394386333,52.78531954635196,13.169383403721316
2026-09-07 15:39:58.097809,133.28452702061932,687.984872217539,52.92563296990153,14.055327319245613
2026-09-07 15:39:58.197654,133.7400176009955,688.5875832498018,52.95885455574194,14.711137833850174
2026-09-07 15:39:58.297313,134.13482543786486,689.1107288759594,53.025769088052414,14.675434067478596
2026-09-07 15:39:58.396943,134.6051858923346,689.7351490505608,53.1593723094893,15.399670754990101
2026-09-07 15:39:58.938481,136.56332419451766,692.2930943300163,53.70162032860702,16.514548466203195
2026-09-07 15:39:59.038287,137.0625357822829,692.9712240627719,53.8247521341753,17.257150079367328
2026-09-07 15:39:59.138438,137.51858519117775,693.5949017108057,53.94803441103892,17.23527201231796
2026-09-07 15:39:59.238519,138.0413836995463,694.3115839802404,54.07140424128693,17.964992859113874
2026-09-07 15:39:59.338438,138.51224638429733,694.961372257399,54.19440093449953,17.94316547265237
2026-09-07 15:39:59.438813,138.9832825869632,695.6143455541472,54.317958947301975,17.92123847262161
2026-09-07 15:39:59.538993,139.75666482001327,696.3681308364509,53.67212966378315,17.929196439344317
2026-09-07 15:39:59.639016,140.31257946613567,697.124112311049,53.79456089508568,18.7663406189828
2026-09-07 15:39:59.739199,140.80902767359618,697.8022876770502,53.91788256279773,18.744455561507518
2026-09-07 15:39:59.838946,141.3012861102374,698.4777852481523,54.04066753020004,18.722665748585293
2026-09-07 15:39:59.939362,141.7948132935873,699.1580820409902,54.164276012527125,18.700729792071336
2026-09-07 15:40:00.039494,142.38614392564065,699.9753650473344,54.28718886053508,19.505686113000642
2026-09-07 15:40:00.139841,142.8969060069014,700.6858304189486,54.410712406345226,19.483765229592557
2026-09-07 15:40:00.239938,143.40429568831928,701.3948248474404,54.5339282111521,19.461898958886916
2026-09-07 15:40:00.339380,143.9062852862293,702.0994705459865,54.65633773453055,19.440175773461675
2026-09-07 15:40:00.440003,144.41214690223703,702.8127713218454,54.780201026408236,19.418194597630094
2026-09-07 15:40:00.540209,145.4178123281164,703.5222944721733,53.34718292755991,19.4607824203513
2026-09-07 15:40:00.640194,146.04538166301447,704.3690466304769,53.47025309299784,20.286706248357724
2026-09-07 15:40:00.740645,146.58763762685592,705.101068366839,53.593904659065345,20.264762646065424
2026-09-07 15:40:02.719359,158.35177901740042,719.2689112784756,52.00526837735032,22.211900880911138
2026-09-07 15:40:02.819263,158.9624479828366,720.050680069557,51.97172886041784,22.244200563266187
2026-09-07 15:40:02.918736,159.57182282782776,720.8298515334886,51.92720243014048,22.23029339052997
2026-09-07 15:40:03.018679,160.18430193973978,721.611739320237,51.88246561692267,22.219813728475117
2026-09-07 15:40:03.117242,160.788640879191,722.38199576282,51.84937629710146,22.172445160715522
2026-09-07 15:40:03.217366,161.40169316092158,723.162429238332,51.86058075535925,22.153197652103316
2026-09-07 15:40:03.319178,162.0243847295885,723.9554529989051,51.82640068951673,22.16743183696373
2026-09-07 15:40:03.417806,162.62844872333028,724.7238096570294,51.82640068951673,22.153642802425434
2026-09-07 15:40:03.518668,164.01841817101212,726.1239640732714,51.05255491978454,22.486366539133183
2026-09-07 15:40:03.618473,164.64908120872798,726.9042303665224,51.086061200688675,22.454970963513553
2026-09-07 15:40:03.718991,165.28290381183257,727.6893444242199,51.17604959389331,22.471659224770935
2026-09-07 15:40:03.818293,165.90830434511545,728.4665203304157,51.25383689561295,22.484674786158056
2026-09-07 15:40:03.919405,166.54439745924685,729.2591846603774,51.36698710768576,22.476723106778135
2026-09-07 15:40:04.019309,167.23744802082848,730.1274660481914,51.42113848903625,22.851537926253776
2026-09-07 15:40:04.118513,167.8694100658277,730.9197105249011,51.454443003748054,22.8836112935699
2026-09-07 15:40:04.219281,168.511767745,731.7259481367263,51.54465520859145,22.966379614078132
2026-09-07 15:40:04.319720,169.15307329972194,732.5334707596783,51.600853751545685,22.991831151901927
2026-09-07 15:40:04.419481,169.78996782007312,733.3370562561845,51.61201758799098,23.057209765602604
2026-09-07 15:40:04.518695,170.85686711139277,734.688957040853,51.6339989568437,23.229005674444224
2026-09-07 15:40:04.617483,171.49359048208177,735.4932820095544,51.54555934017901,23.241953865601612
2026-09-07 15:40:04.717514,172.13994188842162,736.3071846671916,51.45600693204665,23.240205717365438
2026-09-07 15:40:04.817379,172.78644127107486,737.1186660720294,51.288374812288566,23.234969975737172
2026-09-07 15:40:04.917847,173.43908297540867,737.9329574364151,51.1871882275521,23.20073216284571
2026-09-07 15:40:05.017514,174.08699083447985,738.7384234061067,51.13142164106057,23.111901028467358
2026-09-07 15:40:05.117757,174.7369332333372,739.5448103500656,51.13142164106057,23.048834314638615
2026-09-07 15:40:05.218801,175.4935021873662,740.4844010027316,51.21932771936736,23.38053313522085
2026-09-07 15:40:05.318859,176.14853547432799,741.2996611159662,51.320101371630415,23.49594206115589
2026-09-07 15:40:05.419052,176.80624627711165,742.1212089099519,51.465859708501114,23.542343014160657
2026-09-07 15:40:05.618838,178.2511245910155,743.9378624775727,51.92395780493797,23.67538687725467
2026-09-07 15:40:05.719018,178.9050123576905,744.7725149783196,52.30512245438155,23.68589139027364
2026-09-07 15:40:05.818062,179.5462658053089,745.6023533100207,52.46029285400124,23.710989430997063
2026-09-07 15:40:05.918094,180.19232765750493,746.4431104342394,52.39312787646708,23.801894048033567
2026-09-07 15:40:06.018467,180.8440695115834,747.2892045335452,52.17971374313839,23.80978761076006
2026-09-07 15:40:06.118189,181.49492664384115,748.1276713271883,51.91188641229758,23.78887463317416
2026-09-07 15:40:06.218192,182.1509643413728,748.9647047788043,51.85593182402954,23.653431067931116
2026-09-07 15:40:06.318168,182.80390298285116,749.7961105604005,51.81118023924364,23.581796398773996
2026-09-07 15:40:06.418330,183.4567236898788,750.6260308816413,51.78876281788587,23.476770142734267
2026-09-07 15:40:06.518232,184.4973825349564,751.9080624951373,51.71471144527425,23.754870160238102
2026-09-07 15:40:06.618278,185.2100940456271,752.8110310268817,51.71442027583197,24.066806761027724
2026-09-07 15:40:06.723336,185.9104074272829,753.6982405664311,51.690907072691004,24.111788771166637
2026-09-07 15:40:06.817930,186.54247504666188,754.4983159016572,51.70149269176767,24.089471504395203
2026-09-07 15:40:06.922922,187.24320780008526,755.3856449898913,51.66624504440847,24.11607678580179
2026-09-07 15:40:07.023222,187.91388668119927,756.2338438930204,51.767262427546086,24.064367731522534
2026-09-07 15:40:07.123444,188.581114944711,757.0807436049627,51.83455497771439,24.042474154465673
2026-09-07 15:40:07.223299,189.24430451061158,757.9245538807293,51.90160111126846,24.08522842946064
2026-09-07 15:40:07.324246,189.91493841805251,758.779894231374,51.92419422476257,24.08875674208367
2026-09-07 15:40:07.424044,190.5777026112318,759.6258842028658,51.89069029388065,24.133230688067254
2026-09-07 15:40:07.524267,191.57172531389432,760.813131647027,51.735287929228036,24.292223758800624
2026-09-07 15:40:07.624026,192.2426344767643,761.6637265382069,51.612488190257466,24.215514389952197
2026-09-07 15:40:07.725182,192.92263181406682,762.5220539074558,51.521928629750846,24.224353433997475
2026-09-07 15:40:07.940103,194.37079650367906,764.344077363997,51.570030450956835,24.1248201410455
2026-09-07 15:40:08.037106,195.1536727943129,765.3315430439236,51.635443499324765,24.643964466872664
2026-09-07 15:40:08.136838,195.83561449439617,766.1930335733545,51.72472822873726,24.60474870178453
2026-09-07 15:40:08.237167,196.5191974721297,767.0593682192226,51.7920926224416,24.638939145802404
2026-09-07 15:40:08.337982,197.20602086089514,767.931917245856,51.74696548172585,24.61074955426697
2026-09-07 15:40:08.437973,197.8871318259401,768.7958082746626,51.75815505650962,24.593275062331127
2026-09-07 15:40:08.537773,198.85921903784825,769.8594221790511,51.40285739674363,24.64900628429741
2026-09-07 15:40:08.637905,199.54754213151676,770.7217578252373,51.44767881076086,24.62188262785727
2026-09-07 15:40:08.737982,200.23405644816134,771.5832087337784,51.41408121470812,24.62712948426274
2026-09-07 15:40:08.837793,200.91939573924697,772.4421513033938,51.40291178297184,24.648933278036786
2026-09-07 15:40:08.938196,201.60957886450126,773.3068188926284,51.38044042300919,24.664725122027257
2026-09-07 15:40:09.037750,202.41214983675897,774.3125100764862,51.458494731785436,25.199043787759106
2026-09-07 15:40:09.137730,203.1139094381082,775.1934321945196,51.458494731785436,25.25408238190057
2026-09-07 15:40:09.233606,203.7883328986269,776.0400391267927,51.49068197879677,25.20297855869683
2026-09-07 15:40:09.334790,204.49815324499303,776.932107778151,51.456712743517926,25.218893241946652
2026-09-07 15:40:09.434292,205.19713519051666,777.8094870977835,51.47898244919418,25.21019872495712
2026-09-07 15:40:09.534107,206.13694007840562,778.8910035588847,51.303538771491105,25.24014963597732
2026-09-07 15:40:09.634041,206.84190368450723,779.7710533640824,51.31472196764315,25.15195375655378
2026-09-07 15:40:09.736144,207.5594763521916,780.6672022569827,51.326147887517436,25.103776073208888
2026-09-07 15:40:09.835640,208.23468776829276,781.5106628538189,51.27054823279076,24.978991352780934
2026-09-07 15:40:09.936658,208.94043169666097,782.3906478886498,51.202721220429225,24.88719070295094
2026-09-07 15:40:10.036347,209.6353550015484,783.2550422318126,51.202721220429225,24.814890588937093
2026-09-07 15:40:10.136556,210.33187381922545,784.12142118568,51.29243298244836,24.75972593120233
2026-09-07 15:40:10.236577,211.02418858257064,784.98533741796,51.22527539069824,24.867226299947298
2026-09-07 15:40:10.338088,211.73089897697048,785.8651023328786,51.11167867440622,24.89827152415822
2026-09-07 15:40:10.437642,212.42656158811957,786.7276061335044,51.07825665858405,24.864345187169356
2026-09-07 15:40:10.537232,213.3133872403513,787.8507434030668,51.137718929731534,24.879905783561085
2026-09-07 15:40:10.637122,214.0104897725006,788.7158367568009,51.08182756825147,24.878160099450046
2026-09-07 15:40:10.737128,214.70919734244418,789.5811927854282,51.09301882162259,24.85281828509898
2026-09-07 15:40:10.837296,215.40815472875036,790.4472042349527,51.025762528939765,24.810805266129762
2026-09-07 15:40:10.937422,216.10665190949896,791.3105698829978,50.980943800662146,24.76531024610918
2026-09-07 15:40:11.037440,216.74220242774155,792.0943455678598,50.98120216782479,24.349943743906383
2026-09-07 15:40:11.137029,217.42470362482138,792.9365991985553,50.90319004731407,24.30382251279451
2026-09-07 15:40:11.237205,218.11107801735835,793.78127878365,50.93682087939516,24.210161011586568
2026-09-07 15:40:11.337269,218.7935493897334,794.6221631569686,50.94801862330377,24.15507617577769
2026-09-07 15:40:11.437035,219.4072456920424,795.3782268585331,51.00401227848943,23.872841118575444
2026-09-07 15:40:11.536761,220.26006714297546,796.5653376103426,51.27768747106364,23.95490588210314
2026-09-07 15:40:11.637000,220.8688042679148,797.3250109677432,51.30072213586442,23.55875389252009
2026-09-07 15:40:11.737027,221.5274588395833,798.1471674982176,51.32310934265092,23.53865099170305
2026-09-07 15:40:11.836439,222.18118615464724,798.9638273840468,51.32310934265092,23.476107091828318
2026-09-07 15:40:11.936754,222.83909876454152,799.7857156920629,51.356786839458664,23.463835311758302
2026-09-07 15:40:12.037487,223.4210217353008,800.5140704448414,51.34589589593509,23.00407120166109
2026-09-07 15:40:12.136798,224.05893620624832,801.3116262939023,51.357009374761674,23.039650293786515
2026-09-07 15:40:12.243730,224.66565491987888,802.0708880028757,51.381224727613755,22.510879654519698
2026-09-07 15:40:12.336874,225.2506776385504,802.8032409745986,51.381224727613755,22.502740701629577
2026-09-07 15:40:12.444091,225.84770512630368,803.5509616568229,51.39341102094579,21.992460539336264
2026-09-07 15:40:12.541598,226.68166608865167,804.6471328642072,51.528196587395485,22.053293959591084
2026-09-07 15:40:12.643613,227.30736388457464,805.4345378759542,51.528196587395485,22.04437985584757
2026-09-07 15:40:12.742956,227.91642697468757,806.2010090586083,51.517079527582666,22.07128978875346
2026-09-07 15:40:12.843350,228.449586642925,806.872185677919,51.48358800292334,21.374593085434437
2026-09-07 15:40:12.943206,229.0437752489848,807.6187440902107,51.48358800292334,21.333583472200722
2026-09-07 15:40:13.043228,229.5648850501235,808.2737046054685,51.47251887023066,20.802963372681248
2026-09-07 15:40:13.142483,230.1398419550345,808.9958133082356,51.52805493073424,20.798626905656484
2026-09-07 15:40:13.243602,230.66024017018032,809.6509458636838,51.44891762955194,20.17373926274795
2026-09-07 15:40:13.343479,231.22159074675133,810.3553702366935,51.437740812031564,19.953811690550832
2026-09-07 15:40:13.443860,231.7236910472102,810.9851785124,51.3928502807791,19.40153170573229
2026-09-07 15:40:13.543718,232.44360196438615,812.0459461035314,51.67850534630361,19.45333991395411
2026-09-07 15:40:13.644880,232.9392181311369,812.6734917445319,51.70107734887756,18.920338963037864
2026-09-07 15:40:13.744062,233.45913594457807,813.3318473320514,51.73437447780532,19.015671071182545
2026-09-07 15:40:13.844968,233.9286714183161,813.9275760640071,51.73432275696018,18.47453837463146
2026-09-07 15:40:13.944094,234.43567942232906,814.5703508265204,51.800879414460326,18.479735371824106
2026-09-07 15:40:14.043928,234.88137146374922,815.1371916646821,51.82318995797539,17.884839192117354
2026-09-07 15:40:14.144070,235.37625111436867,815.7665955462205,51.87922232078785,17.906715293109436
2026-09-07 15:40:14.244208,235.8053771247619,816.3139342028359,51.890406883214325,17.28391366541217
2026-09-07 15:40:14.343733,236.27997281975186,816.9189998652761,51.868132029870424,17.25782408520123
2026-09-07 15:40:14.444876,236.69227893150156,817.4445064948632,51.834162204206564,16.62979997893961
2026-09-07 15:40:14.544413,237.43356139551935,818.3626663431752,51.76299194441572,16.648879791346296
2026-09-07 15:40:14.644864,237.8384354644079,818.8766175781299,51.80798758967177,16.04845464023875
2026-09-07 15:40:14.744773,238.28161800476607,819.439963714147,51.81916798817838,16.04845464023875
2026-09-07 15:40:14.844668,238.66316814382543,819.9253429476521,51.81918768234965,15.420269887434433
2026-09-07 15:40:14.945214,239.09161173299069,820.4701729747358,51.852942729890174,15.38161262242459
2026-09-07 15:40:15.044403,239.45061111081762,820.9274362223487,51.91955386535682,14.77896922053052
2026-09-07 15:40:15.145138,239.8610913379945,821.4513091654912,51.998463694350505,14.7710471892945
2026-09-07 15:40:15.245255,240.20524196637405,821.8921946481678,52.0432860317585,14.054159707538183
2026-09-07 15:40:15.347355,240.59978893457452,822.3979788933945,52.466032645560404,13.878405545438595
2026-09-07 15:40:15.543555,241.37583917012162,823.7356156309152,54.533435889697614,13.462655743323587
2026-09-07 15:40:15.643187,241.72375523385597,824.223978539551,54.91251550991484,13.661149725964963
2026-09-07 15:40:15.743807,242.0769829296188,824.7268041514511,55.00259521826803,14.040973119844704
2026-09-07 15:40:15.843235,242.3270433095794,825.0920609387744,54.824854592410645,13.29738910805831
2026-09-07 15:40:15.943226,242.66945990474025,825.5779147161678,54.075153081897724,13.860067748392508
2026-09-07 15:40:16.043463,242.909253112236,825.9102641868227,52.998521257644825,13.074412783840135
2026-09-07 15:40:16.265683,243.69093422570455,826.9475343601761,53.44614005885802,12.654991423335481
2026-09-07 15:40:16.363626,243.9811559180043,827.3388071542396,53.9941944268096,12.299662844210621
2026-09-07 15:40:16.456695,244.28198781756663,827.7527785256822,54.51494256191734,12.354963159898254
2026-09-07 15:40:16.562622,244.1486104751734,829.0287038403588,58.595278136388345,12.565854592663184
2026-09-07 15:40:16.656942,244.42469787612117,829.4809238029914,59.08080615296848,12.649920056603772
2026-09-07 15:40:16.764281,244.73659404797377,830.0016683670312,59.729446525168385,12.743713222483782
2026-09-07 15:40:16.861966,245.01711998187915,830.4822978549057,60.07925516402685,12.884553047010112
2026-09-07 15:40:16.962113,245.30484757146976,830.982252495633,60.11287626030162,13.095449189902805
2026-09-07 15:40:17.061179,245.59383311452214,831.4850752172614,60.013101703193854,13.091986622235483
2026-09-07 15:40:17.162450,245.8900671713159,831.9984387187534,60.13776265975196,12.99907114801897
2026-09-07 15:40:17.263020,246.1810607979665,832.505264848499,60.37410439306882,12.998192364101422
2026-09-07 15:40:17.362893,246.4679397074466,833.0097320430074,60.48586809203971,13.05317205516654
2026-09-07 15:40:17.462391,246.75396530245186,833.5149897561171,60.608346549402825,12.861900370865358
2026-09-07 15:40:17.662799,245.75719854599762,835.3510169109771,69.42087189279454,12.437711214746567
2026-09-07 15:40:17.763405,245.95382269163815,835.874706138396,70.10763410141817,12.351559563048733
2026-09-07 15:40:17.973122,246.3478310120737,836.963595395048,70.8351592357082,12.270928949736724
2026-09-07 15:40:18.072368,246.5265581992684,837.4778458256964,71.17945158910709,12.04632032620751
2026-09-07 15:40:18.172944,246.70128780036774,837.9905079074586,71.39329734318102,11.901312329160266
2026-09-07 15:40:18.272240,246.86984961918176,838.4911854581326,71.55997434677079,11.703487749704289
2026-09-07 15:40:18.491115,247.4117108725086,839.993822217207,71.33648664958696,12.134342786424064
2026-09-07 15:40:18.583832,244.90570837783875,841.3173753961735,83.99891691659184,11.707796700541016
2026-09-07 15:40:18.684008,244.96052318762065,841.8388086561113,84.40248690156466,11.418058785589334
2026-09-07 15:40:18.782876,245.0097470664798,842.3410570771463,84.75653184712087,11.050032364575554
2026-09-07 15:40:18.883244,245.0550571460401,842.834780830814,85.0036306392297,10.71062607542917
2026-09-07 15:40:18.982726,245.23723711145445,843.8070889185035,85.08604062074875,12.07470564958578
2026-09-07 15:40:19.082958,245.2835824134592,844.3461402509918,85.14212334117991,11.832100611446018
2026-09-07 15:40:19.182922,245.32835944084465,844.8729926883309,85.30992164107965,11.468729324760263
2026-09-07 15:40:19.282746,245.37020689156964,845.3830746985674,85.45514316573491,11.234089946852245
2026-09-07 15:40:19.383882,245.41045376023874,845.8893914640643,85.51173170046968,11.026413480540507
2026-09-07 15:40:19.483966,245.44905997600927,846.3812174252998,85.52293168249463,10.724698134877926
2026-09-07 15:40:19.582912,241.65291761201675,847.08535028864,103.71000261025836,10.173181807238322
2026-09-07 15:40:19.684144,241.54380283681644,847.5326177254915,103.9365716083704,10.037842827504965
2026-09-07 15:40:19.783563,241.49255162383963,848.6528644257098,104.04437971892676,12.35612453482583
2026-09-07 15:40:19.984031,241.22383417322752,849.7270858925369,104.11168032631403,11.96549635418204
2026-09-07 15:40:20.084091,241.0933391436476,850.2461604973528,104.17886410402588,11.820357985691524
2026-09-07 15:40:20.184148,240.93555107299755,851.2032830323831,104.17760840621116,13.277031373452875
2026-09-07 15:40:20.284113,240.7902279705202,851.7785395923835,104.2111684019086,13.095343912599262
2026-09-07 15:40:20.382428,240.6489325399473,852.3364763553977,104.27718052569176,12.879714919318458
2026-09-07 15:40:20.484594,240.5038633806169,852.9065538615783,104.26574755575086,12.695812576966544
2026-09-07 15:40:20.582204,236.25316622191545,852.7953890771788,124.30498173400463,13.878898053380045
2026-09-07 15:40:20.682018,235.90413668865003,853.3069516873533,124.18211429201341,13.844883112742743
2026-09-07 15:40:20.782080,235.55619533774598,853.8192757816344,124.17091677191647,13.653401558379597
2026-09-07 15:40:20.882216,235.21291124903863,854.3249549249423,124.42865019785086,13.513402900541372
2026-09-07 15:40:21.096680,234.35593430618962,855.6883337295318,124.4241187388206,14.863062020494278
2026-09-07 15:40:21.184929,233.94809118929908,856.3396709031737,124.60950335032794,15.483850715557907
2026-09-07 15:40:21.504039,229.67513179720905,856.6016505102314,139.85087140147493,15.382025282612704
2026-09-07 15:40:21.603176,229.15405871779208,857.0411989574807,139.79540136540473,15.099623767228175
2026-09-07 15:40:21.703660,228.51190228998175,857.6598411750208,139.88683924498554,16.05963738816422
2026-09-07 15:40:21.804568,227.95786307251615,858.1266030621503,140.12397528580823,15.772191004730972
2026-09-07 15:40:21.904266,227.41839516958427,858.5772848204244,140.25785672235267,15.575307860884783
2026-09-07 15:40:22.004776,226.88027555218324,859.0247093649068,140.11163722160038,15.582333937969608
2026-09-07 15:40:22.104824,226.3455266414137,859.4716443431811,140.0444615011075,15.612931731231956
2026-09-07 15:40:22.205808,225.80524533028444,859.9242802041139,139.93145452848347,15.490277927881026
2026-09-07 15:40:22.305909,225.03409754848653,860.6095611769166,139.85953146162512,16.781976837305532
2026-09-07 15:40:22.405472,224.46308480826178,861.0910882608053,139.84838978253205,16.61667974070903
2026-09-07 15:40:22.506163,222.50261120341233,860.3588465996446,147.8610945053301,16.564852708960917
2026-09-07 15:40:22.605867,221.87742794984504,860.7516151342917,147.88340942095735,16.604928680909737
2026-09-07 15:40:22.705681,221.24988729220084,861.1455239074571,147.95042802567983,16.467124562430406
2026-09-07 15:40:22.806221,220.62256820865443,861.5382714620486,148.09669116970167,16.46800308420698
2026-09-07 15:40:22.905740,220.0005960819615,861.9254648512675,148.04100739351648,16.374955857938076
2026-09-07 15:40:23.005322,219.38212140249414,862.3113155091581,147.69554942910315,16.215718272235456
2026-09-07 15:40:23.105469,218.76851419774096,862.6992885963938,147.5834791081872,16.04507616491564
2026-09-07 15:40:23.205881,218.16051158991877,863.0853847493697,147.47111223684993,15.846783017210738
2026-09-07 15:40:23.306451,217.0798331007014,863.8205472529924,147.62685645905168,17.43174338142992
2026-09-07 15:40:23.405705,216.426588992375,864.2346791818733,147.79346296197528,17.329403790733338
2026-09-07 15:40:23.506118,215.63272419283396,864.6185577392606,148.21309914774736,17.441347193917235
2026-09-07 15:40:23.605546,214.97376160662162,865.0269233120241,148.1129600014801,17.570799151516105
2026-09-07 15:40:23.703808,214.31840476740305,865.4346413752022,147.86004994017185,17.6309023092313
2026-09-07 15:40:23.802417,213.660302639501,865.8481077764866,147.74970073075767,17.516303040639563
2026-09-07 15:40:23.903538,212.99063490164735,866.2706415426519,147.62522441880148,17.473006710543263
2026-09-07 15:40:24.002131,212.04923768089907,866.8822008623126,147.58295482648683,18.431365864645716
2026-09-07 15:40:24.221603,210.5226837239195,867.8516186253179,147.65663540844756,18.35273797340556
2026-09-07 15:40:24.320903,209.8343805248116,868.2874753326174,147.85665586997428,18.371827078966582
2026-09-07 15:40:24.422946,209.12476745767606,868.733363187485,147.85665586997428,18.495767129423477
2026-09-07 15:40:24.520747,208.3428248540559,869.4827039221177,146.7856617176781,19.21974787180187
2026-09-07 15:40:24.620794,207.62365718997557,869.9535711352593,146.5953324120139,19.14106861840732
2026-09-07 15:40:24.722953,206.89390869668222,870.4348369099121,146.51530710581284,19.024129025124278
2026-09-07 15:40:24.821383,206.19573735870478,870.896678247804,146.81270913040612,18.948441586640026
2026-09-07 15:40:24.922221,205.48089500070282,871.3642315491554,146.93683707954665,18.892930666895708
2026-09-07 15:40:25.020759,204.7834185148779,871.8182720252917,146.95889103080313,18.701782398564017
2026-09-07 15:40:25.121856,203.81991238588378,872.4452518098335,147.0558310846169,19.572818614605133
2026-09-07 15:40:25.221470,203.088459986357,872.919249849148,146.97779938058775,19.531908387751834
2026-09-07 15:40:25.321978,202.3526362908311,873.3975047993517,147.01154167086491,19.445840656117078
2026-09-07 15:40:25.421551,201.6265923557617,873.8687953366683,146.94468488195722,19.507615775164034
2026-09-07 15:40:25.522523,201.4236301960263,875.1425140901414,143.35789358717443,19.365308490211607
2026-09-07 15:40:25.623490,200.7222881727004,875.6641767708536,143.42568635635524,19.24620434649684
2026-09-07 15:40:25.720836,200.04966638044098,876.163242092788,143.31675051743963,19.431637871740662
2026-09-07 15:40:25.824046,199.33067275580083,876.6988365124278,143.14350352319514,19.47492678324746
2026-09-07 15:40:25.924195,198.6330269494628,877.2218159501235,143.0986744995822,19.338410371125505
2026-09-07 15:40:26.023548,197.94618096694046,877.7375393487869,142.8985472799038,19.141340381932704
2026-09-07 15:40:26.234400,196.14047578120253,879.085352298159,143.10368097599994,20.33182275882944
2026-09-07 15:40:26.322699,195.49864846522328,879.5671854018547,143.10368097599994,20.388146603941177
2026-09-07 15:40:26.423490,194.76398981221925,880.1187089193505,143.25030926871037,20.20407716419585
2026-09-07 15:40:26.523940,194.4646396782197,881.3562860080526,140.3526454265268,20.20082834693167
2026-09-07 15:40:26.623513,193.77226676382654,881.9300312275133,140.1743606561063,20.01898327818782
2026-09-07 15:40:26.723308,193.0863732290683,882.5020163637486,140.2413665035654,20.004159075166278
2026-09-07 15:40:26.823300,192.39896534480135,883.0739027166553,139.9951933963943,19.9482401417375
2026-09-07 15:40:26.928582,191.67980043073317,883.6774565482505,139.9834117279203,19.55081849043113
2026-09-07 15:40:27.027984,191.01444320057496,884.2360859001222,140.18363764853137,19.40837171553403
2026-09-07 15:40:27.128348,190.3455887768788,884.793678076077,140.46442053989128,19.34084395655273
2026-09-07 15:40:27.228775,189.67592640556143,885.3464039189352,140.6779494885906,19.300477375122657
2026-09-07 15:40:27.329811,189.00154588715125,885.8988115236139,140.7231755540506,19.069169144874806
2026-09-07 15:40:27.428928,188.34748027036375,886.4337163735225,140.50134017209757,19.00507866569509
2026-09-07 15:40:27.528588,187.9016496381719,887.7703654499066,137.91788599631832,19.05399396109364
2026-09-07 15:40:27.629269,187.26515880322236,888.3451182401295,137.92915278611744,19.006487253779976
2026-09-07 15:40:27.729008,186.63608357915035,888.9129501833069,137.95147553515204,18.901904540264407
2026-09-07 15:40:27.829485,186.00561912082043,889.4815905032161,137.96271949616403,18.7912801589171
2026-09-07 15:40:27.929745,185.38008744506573,890.0455591759259,137.79442433442628,18.790404083789596
2026-09-07 15:40:28.029804,184.75749477238026,890.6102021485294,137.8056215188058,18.635649659199515
2026-09-07 15:40:28.129859,184.13994492427452,891.1700517599047,138.0743432009549,18.639146794522976
2026-09-07 15:40:28.229581,183.52172417375525,891.7252494209674,137.96274847977125,18.801222370813687
2026-09-07 15:40:28.337021,182.8510408275589,892.3299254533589,137.92667899607466,18.858490037018054
2026-09-07 15:40:28.428616,182.27785232545125,892.8473564098026,137.83442887435493,18.780054749487856
2026-09-07 15:40:28.535974,181.13837044914598,894.1294094477205,137.05201991395268,19.091074972099545
2026-09-07 15:40:28.629670,180.55305142184687,894.674235572549,137.17784144576342,18.901950956351516
2026-09-07 15:40:28.735428,179.89759043143908,895.2816701349968,137.23701612398358,18.980500886866682
2026-09-07 15:40:28.829403,179.31217760541463,895.8230662565425,137.37372866585204,18.784244460917662
2026-09-07 15:40:28.936495,178.65049602095345,896.4320738359071,137.76920786008503,18.652300416480923
2026-09-07 15:40:29.036113,178.0354487104405,896.9903672831368,137.75806002617188,18.597461101906166
2026-09-07 15:40:29.128808,177.46492781559138,897.5084455200753,137.4468667284005,18.52132374213411
2026-09-07 15:40:29.235080,176.81674314510366,898.1035040919714,137.32794217604865,18.61232734360154
2026-09-07 15:40:29.334996,176.20549954603428,898.6669917768534,137.4509351763692,18.25698816114583
2026-09-07 15:40:29.433947,175.61054264129424,899.2131073564681,137.6281062600754,18.039964263326283
2026-09-07 15:40:29.535208,173.93708793114888,900.3586020178523,138.8785767697422,18.96229808376111
2026-09-07 15:40:29.634654,173.30204548514325,900.9130031324297,138.80067666695663,19.13956640706551
2026-09-07 15:40:29.734631,172.6584092844003,901.4764506053865,138.53216447250136,19.04084935119523
2026-09-07 15:40:29.833745,172.0262312182373,902.035122150836,138.53216447250136,18.81220915680547
2026-09-07 15:40:29.935265,170.84175613272592,903.09178809891,138.65248806319744,20.069501356493568
2026-09-07 15:40:30.026143,170.2296626822667,903.6304253066329,138.5202809615223,20.22593805329363
2026-09-07 15:40:30.132811,169.33514800991458,904.4244105261223,138.41122122193002,20.633504268089283
2026-09-07 15:40:30.226510,168.68872890255827,904.9981019120172,138.41122122193002,20.557360992669295
2026-09-07 15:40:30.334425,167.9469825584843,905.656395398815,138.54406070339036,20.48946752955638
2026-09-07 15:40:30.432729,167.27214439390983,906.252517242827,138.62106623105595,20.574506899635118
2026-09-07 15:40:30.532701,166.07548292747563,906.9067953716145,139.7502483637353,20.94520377237168
2026-09-07 15:40:30.843457,163.9446483501215,908.7073813870401,139.44090071699623,20.82382180131845
2026-09-07 15:40:30.943194,163.23926429002822,909.311095727523,139.46322301840755,20.78373256503646
2026-09-07 15:40:31.043046,162.53419147372352,909.9140679331115,139.54144115753172,20.971322217248787
2026-09-07 15:40:31.142968,161.82142556863343,910.5219364863017,139.75389636989425,20.972195338921342
2026-09-07 15:40:31.242756,161.10733970505663,911.1263714342599,139.7650632277967,20.88587221207587
2026-09-07 15:40:31.342910,160.39143575261406,911.7321525671293,139.80985309654966,21.09198397739497
2026-09-07 15:40:31.442392,159.67488191913674,912.3374763109247,139.6985269493325,20.97202375990884
2026-09-07 15:40:31.542745,158.62012117335883,912.9572885807762,140.20965124495703,20.802747282325047
2026-09-07 15:40:31.642807,157.90510030621192,913.5528174866631,140.13126860427838,20.724930577583862
2026-09-07 15:40:31.743380,157.18993275114667,914.1501275250175,140.07499508442518,20.555320222176626
2026-09-07 15:40:31.842353,156.49247534961725,914.7338098005014,140.0971463937445,20.757690273654124
2026-09-07 15:40:31.942752,155.77777239138362,915.3314547131192,139.90614744365723,21.17791204666381
2026-09-07 15:40:32.049441,155.00508252810357,915.9819783170071,139.72706064422937,21.182573306352538
2026-09-07 15:40:32.142864,154.3301062778538,916.5538519586909,139.758424376316,21.283798623158642
2026-09-07 15:40:32.248642,153.56185770041566,917.2040284997071,139.86495894015977,21.686789756502414
2026-09-07 15:40:32.348752,152.81984365443142,917.8296383368026,139.7977415907021,21.761144732427386
2026-09-07 15:40:32.448173,152.08114181905208,918.4539396995154,139.7421126483684,21.746376085815786
2026-09-07 15:40:32.549258,151.052170402215,919.1051023608308,140.25033416417688,21.753021841159843
2026-09-07 15:40:32.648283,150.3117984754445,919.7208558876653,140.23925269041462,21.563524720166754
2026-09-07 15:40:32.748970,149.79977856641895,920.1441604947786,140.21461747626896,20.553804818599914
2026-09-07 15:40:32.849297,149.09139211212155,920.7340597224905,140.0686641994609,20.357432849648593
2026-09-07 15:40:32.948863,148.39657482804967,921.3156631132374,140.336072554914,20.12426991959759
2026-09-07 15:40:33.048943,147.70348008904335,921.8903447087607,140.75045532777685,20.06130575531699
2026-09-07 15:40:33.148642,147.0110747267426,922.4560544427665,140.75045532777685,20.234669200492476
2026-09-07 15:40:33.248490,146.3116420756473,923.0275056194172,140.7392817555252,20.102052991652105
2026-09-07 15:40:33.458738,144.99471920864104,924.1020307179292,140.64466325265136,19.705709516557068
2026-09-07 15:40:33.558698,143.99669094142743,924.7403919594345,141.35998470960095,19.566022505803062
2026-09-07 15:40:33.663563,143.280254694275,925.3131351781212,141.50080475456906,19.505545797203162
2026-09-07 15:40:33.758098,142.63512602502755,925.8262788982418,141.5960159042691,19.401463510802614
2026-09-07 15:40:33.857979,141.9562569247872,926.3644207811674,141.47306598768904,19.549833291051584
2026-09-07 15:40:33.962926,141.3704186158271,926.8285305776865,141.4014965540077,19.144890094294404
2026-09-07 15:40:34.064855,140.68863518914569,927.3727619809065,141.35587076096093,19.170719202497807
2026-09-07 15:40:34.162440,140.0354430010147,927.8950226515885,141.21390647898986,19.115293644591915
2026-09-07 15:40:34.263736,139.36071269407472,928.4372501661197,141.40661188091656,18.82851226037574
2026-09-07 15:40:34.364351,138.6987927240833,928.9655288850912,141.56424353712734,18.72301100489524
2026-09-07 15:40:34.463992,138.04552466749297,929.4839668854304,141.6422963913563,18.666417696340638
2026-09-07 15:40:34.563846,137.18900796613718,930.0969879091838,141.7961935290028,18.25470183152038
2026-09-07 15:40:34.663694,136.54871127287595,930.6009206059114,141.61741637297712,18.368996064139385
2026-09-07 15:40:34.765108,135.89591068112327,931.118000967372,141.62876518974184,18.493944457320087
2026-09-07 15:40:34.863904,135.2555358706589,931.6250325325433,141.63982103707147,18.393803670142205
2026-09-07 15:40:34.964597,134.69083895572072,932.0713593520358,141.44747783618493,17.8423616252417
2026-09-07 15:40:35.064210,134.06948060178237,932.566540762251,141.49206693372113,17.817119398245797
2026-09-07 15:40:35.164691,133.44320663979948,933.0648431583247,141.63824424597954,17.5967398338472
2026-09-07 15:40:35.264713,132.82625665695144,933.5531615402825,141.66063033370787,17.428932702494297
2026-09-07 15:40:35.364785,132.2737422475655,933.98983771418,141.55955224801474,17.11453848777163
2026-09-07 15:40:35.469343,131.64716893974662,934.4871741986273,141.60635484265794,17.05241156680259
2026-09-07 15:40:35.564265,130.82167223672351,935.1335613273708,141.5847575136638,17.021649330697173
2026-09-07 15:40:35.768681,129.63859278786606,936.0716972337624,141.49282143085537,16.440299170516035
2026-09-07 15:40:35.868608,129.06389432866513,936.5289506030693,141.44809177961005,16.461255139221297
2026-09-07 15:40:35.968468,128.48920649754953,936.9869286321521,141.42574194936716,16.408900344348353
2026-09-07 15:40:36.068881,127.91335320481048,937.446202834027,141.57182033688125,16.349236325188993
2026-09-07 15:40:36.168623,127.34227081531537,937.8992946560597,141.58298204711602,16.348364776362267
2026-09-07 15:40:36.268617,126.76968762234576,938.3533954728697,141.5494123156123,16.426128598531424
2026-09-07 15:40:36.369382,126.3062219797318,938.7213456367949,141.4699894739017,16.004839988422887
2026-09-07 15:40:36.468565,125.75108738600633,939.1633945742909,141.55878271295555,15.864440377230377
2026-09-07 15:40:36.569962,124.93278428843975,939.7989266590056,141.57105584841608,15.979230233387876
2026-09-07 15:40:36.669402,124.37632218061785,940.2404309747677,141.48203253099766,15.910586348053231
2026-09-07 15:40:36.769652,123.90615621203463,940.6147987017313,141.4251831080367,15.429137364518182
2026-09-07 15:40:36.861381,123.411518345105,941.0093070945119,141.37385806351566,15.429938895491361
2026-09-07 15:40:36.967086,122.84189441842842,941.4644575787527,141.2910550310664,15.468732351474046
2026-09-07 15:40:37.069285,122.2904171574165,941.9064155508761,141.0966317629067,15.221366317743843
2026-09-07 15:40:37.160493,121.87247892557804,942.2442913420392,141.0146943246006,14.678713314017996
2026-09-07 15:40:37.269113,121.31844426293219,942.692704548761,141.02684953469966,14.58474993126701
2026-09-07 15:40:37.366847,120.88574691376601,943.0432669557357,141.01571739392702,14.186126452003794
2026-09-07 15:40:37.466273,120.39561924445796,943.4399419471533,140.89332756597284,14.087084664635775
2026-09-07 15:40:37.667033,119.25677757553021,944.2612854095205,141.2673476213352,13.528541422258781
2026-09-07 15:40:37.768076,118.82865222803636,944.604690605844,141.085991591134,13.092902953150416
2026-09-07 15:40:37.866950,118.37836042228544,944.9682120981873,141.06386243916688,12.977995712607065
2026-09-07 15:40:38.067829,117.53437743919746,945.650316045835,144.61533184255836,12.506242148190372
2026-09-07 15:40:38.168563,117.13959019054403,945.9259247519284,144.6038180905334,12.141471687160635
2026-09-07 15:40:38.268070,116.69932168720827,946.2387631375278,144.3031619566189,12.183207465838159
2026-09-07 15:40:38.368894,116.25336788652314,946.5591761345618,144.11135448698676,11.882785314017292
2026-09-07 15:40:38.468497,115.8247140775502,946.8693403019165,144.34542374882986,11.663461085480696
2026-09-07 15:40:38.569750,115.2604405266788,947.5312167656964,143.78477856306628,11.213296323562014
2026-09-07 15:40:38.788702,114.43518902222077,948.1344612610583,143.39472755273337,10.619347147652205
2026-09-07 15:40:38.887962,114.0569157922914,948.415445766337,143.2503265215457,10.533480775235866
2026-09-07 15:40:39.107062,113.29190334422967,948.9865915527165,143.15325421080865,9.896490945111665
2026-09-07 15:40:39.206287,112.99006484149325,949.212808312245,143.0095505319164,9.357472262727685
2026-09-07 15:40:39.311269,112.63929444533062,949.4770411057249,142.79808479080867,9.286837381760659
2026-09-07 15:40:39.405862,112.3753187502336,949.6777854826997,142.66088300028912,8.730988114237217
2026-09-07 15:40:39.738436,111.51239879116082,950.8384830097007,141.29522085123122,7.940660279165307
2026-09-07 15:40:39.823393,111.27705251735136,951.0270631615571,141.4948716878366,8.029000764286884
2026-09-07 15:40:39.923782,110.99507956020129,951.2513957890939,141.7083198405343,8.159703912005767
2026-09-07 15:40:40.023485,110.70963305804628,951.4767605589086,141.7641065700733,8.338301560915822
2026-09-07 15:40:40.123446,110.60840070166525,951.557946011607,141.70767496418634,7.2597791471168795
2026-09-07 15:40:40.223100,110.35456284929832,951.758359863636,141.54039702634662,7.505339073242058
2026-09-07 15:40:40.323593,110.09054075427971,951.9680687578084,141.32672774774983,7.638811958778028
2026-09-07 15:40:40.423270,109.82479668911044,952.1807664430856,141.19287451147187,7.803427340301494
2026-09-07 15:40:40.524295,109.50210395190699,952.8984882536782,139.2657962715766,8.061030865478102
2026-09-07 15:40:40.623683,109.23071388193553,953.1322025571745,139.14345322025488,8.075794610053533
2026-09-07 15:40:40.724154,108.95637012885966,953.3694826272272,139.04226361406126,8.096864662509688
2026-09-07 15:40:40.962367,108.30521141446155,953.9346835233952,138.69571714174302,8.219673924194884
2026-09-07 15:40:41.049224,108.06545516726642,954.1453462890615,138.60823890797246,8.202217860769352
2026-09-07 15:40:41.152161,107.78229652879376,954.3949118539795,138.5736811599896,8.222006131254096
2026-09-07 15:40:41.251584,107.50829015818698,954.6367047490073,138.47354704948424,8.367089284117935
2026-09-07 15:40:41.346825,107.63112545505008,954.5415220344356,138.3409374407767,7.086984398850057
2026-09-07 15:40:41.470728,107.3378497096071,954.8024455472465,138.13295543973152,7.146531162352764
2026-09-07 15:40:41.581245,107.07491403100501,955.0380913910909,137.87323803552567,7.101143209443069
2026-09-07 15:40:41.663861,106.88040256491466,955.2140110865953,137.73455986794013,7.052775823414973
2026-09-07 15:40:41.765814,106.64252151036293,955.4302040472646,137.540604589917,6.911127713416428
2026-09-07 15:40:41.858443,106.43138905985647,955.6233962104457,137.198535693243,6.835044564397323
2026-09-07 15:40:41.970034,106.1789450030047,955.8570711977919,136.92381975337716,6.793464306927399
2026-09-07 15:40:42.065555,105.9670479970454,956.055195738673,136.77416877257997,6.698312429438807
2026-09-07 15:40:42.169816,105.73955996171472,956.2690143075927,136.72749912205018,6.5243045543744955
2026-09-07 15:40:42.267321,105.53249833534683,956.4639517673479,136.54200571446387,6.455292404664737
2026-09-07 15:40:42.359866,105.20337212837467,956.7697783937145,136.31466100455032,6.9445151439994435
2026-09-07 15:40:42.464708,104.96800362692885,956.9945862208618,136.16213941567486,6.795188758916453
2026-09-07 15:40:42.565067,104.7481053645754,957.205740183145,135.98244731767005,6.629447062493873
2026-09-07 15:40:42.667369,104.53007680563807,957.4164170354139,135.764931724156,6.478374888443453
2026-09-07 15:40:42.768219,104.14048734168267,957.7874613364688,135.62989789361157,7.237830239665381
2026-09-07 15:40:42.863216,103.92076607032608,958.0024038123844,135.34286853132073,7.271863801049709
2026-09-07 15:40:42.954199,103.71037815838196,958.2102886728941,135.1086934065725,7.310024396298456
2026-09-07 15:40:43.055747,103.47528287936856,958.4444936610977,134.7791428543814,7.326883660849726
2026-09-07 15:40:43.155132,103.10575044541322,958.8094781165138,134.4456721447003,7.946408364877781
2026-09-07 15:40:43.364280,102.58549895387719,959.3398949799732,134.04778921346744,7.98113166284888
2026-09-07 15:40:43.475584,102.30939813256045,959.6253289267108,133.81113347242143,7.98210424080611
2026-09-07 15:40:43.567348,101.96413835783474,959.9787128114509,133.58530477653025,8.625517148290497
2026-09-07 15:40:43.676410,101.67420542614556,960.2833287874282,133.40223468946223,8.633141046599373
2026-09-07 15:40:43.775198,101.41223674134488,960.5603312621762,133.2916851686314,8.717735895494327
2026-09-07 15:40:43.862350,101.17933664799578,960.8075507079791,133.1648985610345,8.778658855408429
2026-09-07 15:40:43.976352,100.77364878003205,961.2355241423435,132.90978910094378,9.319097100548557
2026-09-07 15:40:44.076193,100.49045869510587,961.5401685733146,132.77571563401332,9.340035033954964
2026-09-07 15:40:44.176586,100.11392567045309,961.9429438363339,132.6072248559458,9.852606991183984
2026-09-07 15:40:44.276323,99.81653832221055,962.2662683106635,132.4956133488892,9.902282783968186
2026-09-07 15:40:44.363238,99.55662801627908,962.5499542387557,132.4664344660198,9.967596867299656
2026-09-07 15:40:44.463563,99.25480556135517,962.8797232940819,132.3317110500905,9.954447220805493
2026-09-07 15:40:44.579223,98.81159986557947,963.3628826365534,132.22818207150652,10.513013327415143
2026-09-07 15:40:44.675477,98.50756981215348,963.6978498209622,132.142011009612,10.5281525976706
2026-09-07 15:40:44.778004,98.10272031184256,964.1427268428807,132.0731800787082,11.046024221633612
2026-09-07 15:40:44.876827,97.77572873484024,964.5049563089048,132.00682686598762,11.063294593132808
2026-09-07 15:40:45.077496,97.11155834992506,965.2424155249608,131.6924424618713,10.965101268709937
2026-09-07 15:40:45.173522,96.69775899685823,965.7040093398575,131.6494649621145,11.601852967045442
2026-09-07 15:40:45.273222,96.35411350473487,966.0903941785208,131.6159939315435,11.614049512656573
2026-09-07 15:40:45.373624,95.92086641844892,966.5760811988503,131.63846872142867,12.127405304632994
2026-09-07 15:40:45.473194,95.5621999301999,966.9795110933475,131.68303857116396,12.100433882193167
2026-09-07 15:40:45.573558,108.48114820774944,975.1160310337679,84.87579923518359,11.918000695601942
2026-09-07 15:40:45.673703,108.52880265792963,975.6474534814769,84.88700604346349,11.868121691136459
2026-09-07 15:40:45.780301,108.52783262489454,976.3292162408586,84.82302064273756,12.66608774898669
2026-09-07 15:40:45.890392,108.58408014727186,976.9500359087044,84.72446205426297,12.608369025550308
2026-09-07 15:40:45.990108,108.61124783778297,977.6249416669676,84.64390094495496,13.253114593712123
2026-09-07 15:40:46.081309,108.66168575977994,978.1629184835513,84.63369502232331,13.190158127638059
2026-09-07 15:40:46.191023,108.72218863583352,978.8070147749459,84.6091397521925,13.093330994579496
2026-09-07 15:40:46.272202,108.76682971733965,979.2800735115874,84.5909709471726,13.080562789413293
2026-09-07 15:40:46.374158,108.82302980510418,979.8736100016549,84.54533306829734,13.024436415095556
2026-09-07 15:40:46.473934,108.87825290594265,980.4519195204991,84.54533306829734,13.014846109977446
2026-09-07 15:40:46.575314,113.60773509668874,980.288423247472,62.571514480144344,13.847804316219515
2026-09-07 15:40:46.673954,113.88901782703763,980.830412960932,62.53839931007889,13.81074177707313
2026-09-07 15:40:46.775680,114.17864638039782,981.3876958064263,62.492864384557436,13.749408706346797
2026-09-07 15:40:46.874703,114.4597561699035,981.9275385268967,62.448539384754895,13.713932792907842
2026-09-07 15:40:46.975234,114.78362885882309,982.6347538426894,62.42682068824189,14.575294962460042
2026-09-07 15:40:47.075134,115.08492856969686,983.2117447184335,62.4491794709503,14.64425638789177
2026-09-07 15:40:47.174940,115.38714296366975,983.7910380593252,62.38216623770711,14.661698549107768
2026-09-07 15:40:47.388307,116.03544140549096,985.0301790544322,62.167273157069815,14.618817170693644
2026-09-07 15:40:47.476222,116.30369025813259,985.5382546252501,62.10824395641481,14.557360841282405
2026-09-07 15:40:47.576969,119.85259274722392,984.6333112246956,44.96263919697009,15.363563640275233
2026-09-07 15:40:47.676751,120.33749986642246,985.1175863700712,44.92914063756757,15.401055269240203
2026-09-07 15:40:47.776674,120.82456133218425,985.6034445970454,44.92914063756757,15.340809270909517
2026-09-07 15:40:47.876742,121.31042152469664,986.0881045184009,44.9851315952269,15.289219822817623
2026-09-07 15:40:47.976785,121.79405470574447,986.5714867564104,45.02991317077243,15.184318345880436
2026-09-07 15:40:48.076800,122.27385992728254,987.0517932362984,45.085874473389595,15.163343922450766
2026-09-07 15:40:48.181452,122.77472645665797,987.5541634102499,45.167852648044345,15.141397060872384
2026-09-07 15:40:48.276120,123.37836764195488,988.2038951721155,45.26876516337154,16.065256278137827
2026-09-07 15:40:48.383880,123.92303310331401,988.7536946276751,45.26876516337154,16.072789161101323
2026-09-07 15:40:48.483488,124.42673091450088,989.2621402736797,45.27991187822647,16.081492940405187
2026-09-07 15:40:48.582251,125.77002801974554,988.9396284644602,40.146410328136255,15.92051370493976
2026-09-07 15:40:48.682766,126.33751429526062,989.4260500353944,40.16189495689912,16.038600251590132
2026-09-07 15:40:48.782952,126.88647492336649,989.8893322698173,40.26279752466604,15.87489511963885
2026-09-07 15:40:48.883124,127.42894813139429,990.3487777808184,40.26279752466604,15.848635934219203
2026-09-07 15:40:48.983019,127.96902642732292,990.8061949306085,40.318691683791656,15.783169503293
2026-09-07 15:40:49.083392,128.50900065093526,991.2644293076759,40.29622703817813,15.685815562999624
2026-09-07 15:40:49.183013,129.04180081466308,991.7162163903878,40.19589351150262,15.652736885056935
2026-09-07 15:40:49.398944,130.19593249817547,992.691391498702,40.24422138246371,15.539528160725778
2026-09-07 15:40:49.496671,130.61653685116968,993.5588078973095,41.89456182348056,15.711133227176633
2026-09-07 15:40:49.596921,131.14065598525957,994.0289833135714,41.83846903152562,15.751428663546982
2026-09-07 15:40:49.695961,131.625302760994,994.4604946310602,41.73847099115869,15.620865203649423
2026-09-07 15:40:49.796348,132.14839605713684,994.927184176618,41.63736598576452,15.625251127937519
2026-09-07 15:40:49.896690,132.6722242483584,995.3928718671027,41.63736598576452,15.621743961352873
2026-09-07 15:40:49.995672,133.18883667513134,995.8521446819899,41.52659936764417,15.591472184079027
2026-09-07 15:40:50.096873,133.71691214425402,996.3197836220023,41.537924348469346,15.541067219967875
2026-09-07 15:40:50.195546,134.23004190525793,996.7743683352309,41.48271393390007,15.533307349136965
2026-09-07 15:40:50.296596,134.66743767914585,997.1580530166327,41.53899661342746,15.20779425059212
2026-09-07 15:40:50.396540,135.176022960544,997.6086287364885,41.53899661342746,15.078543792020179
2026-09-07 15:40:50.497851,135.23503109516076,998.8321618487555,45.089302084938595,14.73881912063449
2026-09-07 15:40:50.593405,135.67952416410841,999.2780426692926,45.110688182265164,14.717110318010564
2026-09-07 15:40:50.693155,136.14267900905995,999.7429904931694,45.07720036582123,14.622975495064072
2026-09-07 15:40:50.792889,136.60306745777805,1000.2046212718694,45.14416525575041,14.637790636746026
2026-09-07 15:40:50.895089,137.0031352364986,1000.609992938643,45.160009619264486,14.201291532326737
2026-09-07 15:40:50.992591,137.43960735691047,1001.0489097594592,45.192742742862606,14.213219191205138
2026-09-07 15:40:51.095478,137.82373448661278,1001.4383415438502,45.219126028941105,13.695003436985271
2026-09-07 15:40:51.194404,138.25035002181008,1001.8682327800543,45.26340760928571,13.649189251593583
2026-09-07 15:40:51.294407,138.67983251777497,1002.3016824881274,45.40888953878266,13.616857561825888
2026-09-07 15:40:51.395517,139.11192910712833,1002.7399908002948,45.45414872836517,13.73347988589085
2026-09-07 15:40:51.495595,139.1960751992525,1003.7613007084609,48.0595888295411,13.247132931474157
2026-09-07 15:40:51.595455,139.59132219197207,1004.2011861249671,47.95901459344816,13.28116354814157
2026-09-07 15:40:51.695637,139.9124055714934,1004.56435980185,47.87618417326195,12.698094419198322
2026-09-07 15:40:51.796580,140.2967424835687,1004.9893586251619,47.7632230820239,12.719263456085402
2026-09-07 15:40:51.895854,140.67617955941512,1005.4072800209357,47.7187857287787,12.740949941774602
2026-09-07 15:40:51.996316,141.06114045245494,1005.8306252795763,47.65133203423051,12.702324972532475
2026-09-07 15:40:52.095990,141.44241665270255,1006.2489280061384,47.70710253742567,12.736292203512924
2026-09-07 15:40:52.196329,141.82685184182688,1006.6715219894834,47.785702163488054,12.77486988252375
2026-09-07 15:40:52.296302,142.07230900374984,1006.9462480231891,47.879022918602175,12.020797538100767
2026-09-07 15:40:52.395469,142.42972501145942,1007.3415171399223,47.85682818982491,11.95840777711741
2026-09-07 15:40:52.495915,142.61581201688665,1008.2821174227236,49.916133018170456,12.032026438526191
2026-09-07 15:40:52.595834,142.96187664497526,1008.6933173202337,49.94967757086482,12.004960479313928
2026-09-07 15:40:52.695589,143.21197361502752,1008.9997367785255,50.01097894781475,11.316300187200365
2026-09-07 15:40:52.796131,143.53883729424172,1009.3894293668678,50.022230182705016,11.33123535449524
2026-09-07 15:40:52.896554,143.78136442070723,1009.6845165939624,50.04812600029601,10.744406683150729
2026-09-07 15:40:52.995568,144.08675653295074,1010.049090203507,50.025965514699465,10.708068806506581
2026-09-07 15:40:53.095618,144.3944423404138,1010.4161135313457,50.10433875528929,10.663482559330712
2026-09-07 15:40:53.196116,144.70171653624774,1010.7836659028244,50.194309243562884,10.670507797564426
2026-09-07 15:40:53.296044,144.91379752897464,1011.0418927586156,50.28560282445261,10.056907435509123
2026-09-07 15:40:53.396150,145.20136872622723,1011.3880968953625,50.352817488170615,10.084024049095156
2026-09-07 15:40:53.495531,145.3908629168809,1012.0412558908415,51.51621215338565,9.568603841919064
2026-09-07 15:40:53.603393,145.67797962162055,1012.4024207747713,51.52828253887361,9.627981445852717
2026-09-07 15:40:53.702869,145.9443462805014,1012.7376290646279,51.52828253887361,9.697519406661593
2026-09-07 15:40:53.801964,146.21160919760223,1013.0739652478419,51.483925310195104,9.726093952214004
2026-09-07 15:40:54.012229,146.6766196046269,1013.662465837506,51.48572026270659,8.916151726963895
2026-09-07 15:40:54.108663,146.84614121219823,1013.8778739607153,51.454355023549795,8.37512581335843
2026-09-07 15:40:54.209354,147.0810571866582,1014.1727213699241,51.33040802611919,8.331133752385139
2026-09-07 15:40:54.309344,147.3137418749155,1014.4634754366705,51.21851339733962,8.245509598226674
2026-09-07 15:40:54.529393,147.92898679254415,1015.1676035364802,50.88308459460677,7.579700109265713
2026-09-07 15:40:54.621608,148.12612185413164,1015.410031905949,50.872765199474316,7.575671220981107
2026-09-07 15:40:54.727420,148.2910267317764,1015.6134441374836,50.837740742662845,7.028591839643499
2026-09-07 15:40:54.822168,148.47903241654765,1015.8442721487176,50.869549300381436,6.973121796414706
2026-09-07 15:40:54.928574,148.62983685702397,1016.0300751791751,50.96511603031803,6.435052120526641
2026-09-07 15:40:55.021578,148.7983361984924,1016.2378956967569,51.058785229733076,6.44805487195828
2026-09-07 15:40:55.126957,148.92757197187206,1016.3985014676329,51.129751659388944,5.913309541857702
2026-09-07 15:40:55.221661,149.08468050915366,1016.5934152263048,51.19333923168978,5.898414062705949
2026-09-07 15:40:55.328462,149.19228682239583,1016.7280061499193,51.253250499807905,5.337910733342404
2026-09-07 15:40:55.427141,149.3396649274971,1016.9116568057923,51.29742151720302,5.346533336325359
2026-09-07 15:40:55.526820,149.68319107581854,1017.1466463566012,50.67586098950744,4.76326724513294
2026-09-07 15:40:55.626246,149.8173562178983,1017.3104233028356,50.753745425478314,4.766742395566905
2026-09-07 15:40:55.728774,149.89636827644682,1017.4070575188274,50.77594762320416,4.168686203432477
2026-09-07 15:40:55.826878,150.011977627037,1017.5486871562518,50.786926031706855,4.174686854940172
2026-09-07 15:40:55.926055,150.065134249808,1017.6138342435038,50.786436432183166,3.595700796688545
2026-09-07 15:40:56.027323,150.16804610437953,1017.739955673878,50.786436432183166,3.6107438087791857
2026-09-07 15:40:56.118607,150.19523692061856,1017.7732758268255,50.78611815426831,3.0083949909703445
2026-09-07 15:40:56.225577,150.28618833030248,1017.8847381247895,50.79808871976542,3.0242850154927585
2026-09-07 15:40:56.324446,150.29594189764347,1017.8967228737351,50.79786548671183,2.404912713317452
2026-09-07 15:40:56.536199,150.68125671209174,1018.2265854508732,50.35054875640475,2.519554206884312
2026-09-07 15:40:56.634496,150.75190334328173,1018.3118326462093,50.361548762730536,2.5393094213925216
2026-09-07 15:40:56.735546,150.68006257287584,1018.2237014021133,50.35804167011486,1.1827717223251988
2026-09-07 15:40:56.835185,150.67910924409563,1018.2222803287162,50.35738129362443,0.8433123722894509
2026-09-07 15:40:56.935487,150.66765625059526,1018.2082383591096,50.356850646172916,0.475209830459149
2026-09-07 15:40:57.035091,150.67131412308078,1018.2126062132538,50.35673719568217,0.3605942220015253
2026-09-07 15:40:57.135887,150.6742524351596,1018.2161259467666,50.35667304638372,0.2687020309248051
2026-09-07 15:40:57.235240,150.67634627076356,1018.2186383949398,50.35663774717324,0.1984229231830184
2026-09-07 15:40:57.335128,150.6779189758545,1018.22052857535,50.35661860073884,0.14574506773285453
2026-09-07 15:40:57.435176,150.67907451086134,1018.2219189369425,50.35660830189528,0.10673144633357494
2026-09-07 15:40:57.534764,150.91973161543442,1018.4418768012322,50.08533567942726,0.0878732154773957
2026-09-07 15:40:57.635028,150.9207409871806,1018.4430687223004,50.08527803175497,0.06420402557340034
2026-09-07 15:40:57.734907,150.92140860322243,1018.4438589454729,50.0852472701153,0.046890430882603744
2026-09-07 15:40:57.834714,150.92186176977708,1018.444396471036,50.085230865040785,0.034239781666297056
2026-09-07 15:40:57.934719,150.92217646983855,1018.4447704262685,50.08522211985871,0.024996250599669118
2026-09-07 15:40:58.034863,150.92239736139197,1018.4450332855041,50.085217460161175,0.018243991372700035
2026-09-07 15:40:58.134138,150.92254943449635,1018.4452144355178,50.0852149766248,0.013322559519731518
2026-09-07 15:40:58.235191,150.9226638696597,1018.4453508899493,50.08521365362037,0.00971875474601995
2026-09-07 15:40:58.342159,150.94622060396148,1018.473530145797,50.085294140768724,0.38950018590432656
2026-09-07 15:40:58.435094,150.95660375561084,1018.4859417808573,50.05409423880167,0.4390363973591181
2026-09-07 15:40:58.541022,151.19061314862228,1018.7326973673568,49.898542827124004,0.522522732695175
2026-09-07 15:40:58.641093,151.20567027728313,1018.7505773595227,49.853748718126724,0.536513510925311
2026-09-07 15:40:58.740344,151.26997648487372,1018.8271327971036,49.843999854015294,1.0894181737910649
2026-09-07 15:40:58.839228,151.30103207863786,1018.8639394260708,49.76653998872308,1.1049711024999054
2026-09-07 15:40:58.940825,151.38704605631517,1018.9659504208959,49.69918690759209,1.639268822752234
2026-09-07 15:40:59.041747,151.43488183278853,1019.0223548097046,49.59754307567772,1.6357413839324417
2026-09-07 15:40:59.140581,151.5422211465717,1019.1490148717515,49.49859828269092,2.1471016366598428
2026-09-07 15:40:59.241082,151.60487188963828,1019.2223658332731,49.37488516842279,2.144467093679908
2026-09-07 15:40:59.341341,151.72968652758607,1019.3686244110662,49.195754929701195,2.7358261793553864
2026-09-07 15:40:59.440883,151.80924223599175,1019.4607767821536,49.02866499363802,2.7097321427479235
2026-09-07 15:40:59.660714,152.33134670620694,1019.919193799268,48.00446730228089,3.636245540421086
2026-09-07 15:40:59.759475,152.43876007806566,1020.0385071410011,47.81658448163955,3.605178375010832
2026-09-07 15:40:59.860228,152.5477988901469,1020.1588301678735,47.61363723531326,3.4335036944033916
2026-09-07 15:40:59.959775,152.76575333894033,1020.4019038140158,47.438671552213236,4.205197611554626
2026-09-07 15:41:00.060297,152.8935689860305,1020.5410907176132,47.247438607057745,4.088375134119721
2026-09-07 15:41:00.160269,153.12391599245998,1020.7938380609338,47.11510374194131,4.810411683497253
2026-09-07 15:41:00.260380,153.2704222795663,1020.9515809714146,47.0254797140845,4.819159415104044
2026-09-07 15:41:00.364966,153.516968026175,1021.2187610734245,46.82758381095101,5.548978113000524
2026-09-07 15:41:00.459546,153.67749177289002,1021.3898665026352,46.63707086783728,5.471292461269135
2026-09-07 15:41:00.679192,154.61853231331264,1021.7155606793356,41.458700208798575,6.409633824077545
2026-09-07 15:41:00.776776,154.82808398117538,1021.9006872257178,41.218455424314016,6.326069993100451
2026-09-07 15:41:00.876565,155.04035853470373,1022.0866403607811,41.18495451488923,6.206611539648299
2026-09-07 15:41:00.976249,155.24851198228308,1022.2687684013139,41.10686797700862,6.035887303562043
2026-09-07 15:41:01.076589,155.61570268732908,1022.6022632179685,40.73159764066571,7.272194924204877
2026-09-07 15:41:01.176630,155.86215333497879,1022.8144807957199,40.250205327451795,7.163798898401817
2026-09-07 15:41:01.276574,156.24595386552025,1023.1494475529915,39.81764935802312,7.862879879739096
2026-09-07 15:41:01.376233,156.51501723341818,1023.3737631520831,39.62805818314342,7.619049280128323
2026-09-07 15:41:01.476424,156.7778502720023,1023.5914144379516,39.392607108242885,7.4299472842219165
2026-09-07 15:41:01.576135,157.99735688016472,1022.8924887055764,28.010093405877342,7.321565773742751
2026-09-07 15:41:01.676994,158.46300179946792,1023.189648278167,27.712084718742233,8.323341655041274
2026-09-07 15:41:01.776313,158.790165213697,1023.3615009453949,27.36753912247417,8.17667455904595
2026-09-07 15:41:01.876125,159.11417339256758,1023.5292180127713,27.021283269568755,8.041489683251836
2026-09-07 15:41:01.975779,159.43330974463115,1023.6919754584899,26.854005331729013,7.858625908477768
2026-09-07 15:41:02.082954,160.00751668674326,1024.0133110570193,26.55198748047792,9.085582882046221
2026-09-07 15:41:02.175679,160.344408541503,1024.181660979261,26.31332873717116,8.879783432472358
2026-09-07 15:41:02.283551,160.9170370308673,1024.4830571751222,26.023225637143184,9.701512901808591
2026-09-07 15:41:02.381331,161.2981117706216,1024.6691110028546,26.056052090194726,9.474241223099751
2026-09-07 15:41:02.482709,161.6838451743815,1024.8577131056777,26.214879124367883,9.385656798327918
2026-09-07 15:41:02.581750,163.26355381282116,1022.9264066750706,10.1677722341106,9.231336376462206
2026-09-07 15:41:02.683142,163.87075024040317,1023.1007562856205,10.325573754934112,10.309083384941673
2026-09-07 15:41:03.013159,165.3670266632902,1023.37336576713,10.03012717262834,9.948620980500795
2026-09-07 15:41:03.110220,166.01431328505325,1023.5218726345277,9.97070677327855,11.093380036970927
2026-09-07 15:41:03.303876,166.9601840115195,1023.6881565844603,9.667309506318816,11.18306517420697
2026-09-07 15:41:03.420271,167.53381173513117,1023.7858717498334,9.537056727872994,11.079324719633552
2026-09-07 15:41:03.518209,168.21808676296692,1023.9171678935418,9.509559173999321,11.958977023868389
2026-09-07 15:41:03.618783,168.74838074752302,1024.0059996263667,9.47579472636994,11.92294545021167
2026-09-07 15:41:03.724407,169.30367848977826,1024.0986834549567,9.38123520425603,11.814037830088191
2026-09-07 15:41:03.810990,169.7548376199969,1024.1732205653511,9.419991770487172,11.802689354210752
2026-09-07 15:41:03.919885,170.534633193402,1024.3114782453824,9.3795611513994,12.708120336179716
2026-09-07 15:41:04.022812,171.11154774510067,1024.406774402353,9.356524890860555,12.798058282168888
2026-09-07 15:41:04.120901,171.66527265042376,1024.4980113476154,9.279687781453106,12.857198517452645
2026-09-07 15:41:04.221288,172.23471407280567,1024.5910536796,9.189816665547198,12.900180575475977
2026-09-07 15:41:04.321596,172.98342039011698,1024.7166587727497,9.204601366537133,13.50674610654838
