timestamp,fused_x_m,fused_y_m,fused_heading_deg,fused_speed_mph
2026-09-07 13:00:00.884907,0.0,0.0,0.0,3.3372549019607844
2026-09-07 13:00:01.043727,0.24517725330214424,0.0,0.24882035123388335,3.5816803059077125
2026-09-07 13:00:01.119341,0.3875330589341903,0.0005586987146874667,0.30805187761028074,3.878799064625401
2026-09-07 13:00:01.214729,0.5529313936329832,0.0014479746604036678,0.41479660058281775,3.9054711745037114
2026-09-07 13:00:01.316099,0.7756578471264035,0.0029219265542589612,0.5168916367608849,4.337086639985962
2026-09-07 13:00:01.419293,0.9757275172630375,0.004726896235317345,0.7016597827319168,4.356924315305844
2026-09-07 13:00:01.500422,1.1337321993732867,0.0066619615125075825,0.8741571198925032,4.297376057599599
2026-09-07 13:00:01.611884,1.474663067291255,0.01109073496086967,1.0986755557705683,4.992255722526698
2026-09-07 13:00:01.711620,1.7969631312226872,0.016491475148470797,1.3777015257665046,5.567906807837727
2026-09-07 13:00:01.810238,2.042359973478049,0.022393284670192935,1.4880608067044176,5.595482080743954
2026-09-07 13:00:01.913783,2.41046943008687,0.030947392637789308,1.499648094770203,6.2682540232149515
2026-09-07 13:00:02.010964,2.682692895747563,0.0380741418420254,1.499648094770203,6.224946316200478
2026-09-07 13:00:02.136577,3.152325795437653,0.04969963814824808,1.5418185718325672,6.872294673674976
2026-09-07 13:00:02.216926,3.3990838684325797,0.05634145441782456,1.5148440097929383,6.840700526269263
2026-09-07 13:00:02.319022,3.8263561664158257,0.06721024626662607,1.309191552189388,7.495574002864825
2026-09-07 13:00:02.429061,4.1949809506115425,0.07563467935830812,1.112167480881886,7.464805223784653
2026-09-07 13:00:02.513577,4.588413401150541,0.08357615261811906,0.9702999974445521,8.147646147961554
2026-09-07 13:00:02.629350,5.010035680664273,0.09071697893300074,0.7759649110704873,8.266006650167732
2026-09-07 13:00:02.718428,5.286403113209855,0.09414236813471717,0.7759649110704873,7.969709423274882
2026-09-07 13:00:02.813683,5.582380254185795,0.09794034762884268,0.7759649110704873,7.720971768252228
2026-09-07 13:00:02.913823,5.890604600005634,0.10197037237380892,0.7759649110704873,7.495591227717696
2026-09-07 13:00:03.014483,6.194735680151436,0.1059887390067186,0.7759649110704873,7.284289254317112
2026-09-07 13:00:03.114463,6.490336130507152,0.10992147214350559,0.7759649110704873,7.082988619085855
2026-09-07 13:00:03.215422,6.782429457952525,0.11382754163264651,0.7759649110704873,6.8889529725555345
2026-09-07 13:00:03.311450,7.052660464711415,0.11745202112302776,0.7759649110704873,6.702910497789108
2026-09-07 13:00:03.412625,7.559506992684691,0.12453026611454024,0.7986090536182845,8.258822473770312
2026-09-07 13:00:03.513486,7.931852053095875,0.12972048076968246,0.256836276980566,8.312583401553619
2026-09-07 13:00:03.612948,8.51581275594073,0.13392455863324945,359.60014405726594,9.681814614251492
2026-09-07 13:00:03.711627,8.942900698613089,0.130943947742038,359.24677591810524,9.400717757007174
2026-09-07 13:00:03.811699,9.626704456592082,0.12602212165321175,359.3699609488118,10.870804124204238
2026-09-07 13:00:03.913585,10.121808313800551,0.12057761351491796,359.4611740393035,10.763079860855322
2026-09-07 13:00:04.013362,10.83850273094215,0.11539974244914523,359.5393334278725,12.144897994309826
2026-09-07 13:00:04.112068,11.374385473386745,0.11109107281120145,359.60560808270793,12.071585815170375
2026-09-07 13:00:04.212220,12.122951470427653,0.10641470162324985,359.5607777162252,13.222261364891452
2026-09-07 13:00:04.311606,12.710392901227006,0.10191136083067472,359.2271215633333,13.132812241910287
2026-09-07 13:00:04.412473,13.302518327583455,0.09392353454976336,358.5498653064412,12.85605920037597
2026-09-07 13:00:04.513045,13.880337862469094,0.07929601531937314,357.7732984539684,12.341081583719744
2026-09-07 13:00:04.625535,14.915176516755592,0.04819065822940857,358.3523595924872,13.4916693512214
2026-09-07 13:00:04.725778,15.519523744386415,0.030806803963725475,359.5526615228643,13.333126640068597
2026-09-07 13:00:04.810343,16.346471625314845,0.021302028048975914,0.48006645306614176,14.842515233235913
2026-09-07 13:00:04.923309,17.095997093351613,0.02758225420956728,1.541956887425298,14.813889316791077
2026-09-07 13:00:05.009508,17.666634734437892,0.0429430912094962,1.1078792498839538,14.73329588380689
2026-09-07 13:00:05.110063,18.3288036231795,0.05574847791918343,0.4552232492620718,14.615556402300763
2026-09-07 13:00:05.210678,18.986174956729243,0.060971498077008315,359.7796590083587,14.277073207634178
2026-09-07 13:00:05.310625,19.624074251948283,0.058518332113023895,359.2987190184666,13.890183532982581
2026-09-07 13:00:05.410699,20.785408426910138,0.049740213360156105,359.2987190184666,15.819691604200903
2026-09-07 13:00:05.511109,21.49545826534271,0.04104900924477291,359.37737426172123,15.794247415062346
2026-09-07 13:00:05.610304,22.493821389773792,0.03201184950276585,359.4439772482306,16.88309223266624
2026-09-07 13:00:05.709788,23.244633321897535,0.02472542062855321,359.3215160243637,16.830934567804036
2026-09-07 13:00:05.809889,23.997750547969016,0.01580675576744616,358.82863310971186,16.82043833843977
2026-09-07 13:00:05.909822,24.749030591079258,0.00044528931207666635,358.39249282410805,16.597767801756813
2026-09-07 13:00:06.028085,25.954162031578466,-0.02818273303265278,358.5910075928353,17.72444086591398
2026-09-07 13:00:06.120424,26.685592021800222,-0.04617336179094014,358.96300536518004,17.57597841009347
2026-09-07 13:00:06.221126,27.688792145166595,-0.06359391533399923,359.90961311017264,18.55006478122019
2026-09-07 13:00:06.318335,28.4949085329715,-0.06486560435184739,0.3012302107678237,18.673230012868924
2026-09-07 13:00:06.439316,29.661536345564375,-0.061003058694908206,359.88153739487046,19.372377657643515
2026-09-07 13:00:06.509690,30.27098990763946,-0.06226314382089006,359.62952907065466,19.359464121522585
2026-09-07 13:00:06.622436,31.246724675845357,-0.06857227177366992,359.5790613366157,19.055044057741938
2026-09-07 13:00:06.716325,32.04648404132645,-0.07444802210311173,359.4739940818754,19.08621945242139
2026-09-07 13:00:06.816276,33.09630940234954,-0.08387629850051491,359.5299195746304,19.966190096280968
2026-09-07 13:00:06.916555,33.99133810631485,-0.09121968256881478,359.7319120405059,19.84001137066357
2026-09-07 13:00:07.004979,34.94424282547164,-0.09617267723412512,359.81107332187565,20.48882295837013
2026-09-07 13:00:07.115775,35.95905370565255,-0.09951891922631381,359.64988999877,20.44428856267847
2026-09-07 13:00:07.222316,36.932757914598504,-0.10546888321602604,359.5545095355653,20.297197086664017
2026-09-07 13:00:07.322868,37.845104894300015,-0.11256277518911385,359.49824776582307,20.175946611315055
2026-09-07 13:00:07.421782,38.971514571112984,-0.12206169679798942,359.5535930269047,21.14275315287685
2026-09-07 13:00:07.523175,39.92981727828486,-0.1295282444372704,359.5649394936472,21.055041596374636
2026-09-07 13:00:07.620354,41.025484630944966,-0.13780257802523385,359.6084390761261,21.77212046404168
2026-09-07 13:00:07.720684,42.00197459364807,-0.14447604102388342,359.417571391565,21.687958532223497
2026-09-07 13:00:07.820101,42.9658108821106,-0.15427406052442877,359.45094741409537,21.59935021767111
2026-09-07 13:00:07.921884,43.94855935401153,-0.16369180667380445,359.6331891742885,21.595792685067764
2026-09-07 13:00:08.020706,45.12124813397336,-0.17150379141406608,359.7769530137407,22.428331829234605
2026-09-07 13:00:08.119964,46.1164371789182,-0.17537798669411525,359.854705848468,22.327722753424837
2026-09-07 13:00:08.222223,47.13712036420052,-0.17796630326007903,359.8775926028322,22.298235852434434
2026-09-07 13:00:08.322667,48.13836429706607,-0.1801053761771182,359.9337939434319,22.2359203647264
2026-09-07 13:00:08.423164,49.36545454281825,-0.18239719548319744,359.92254774430353,23.117916837576903
2026-09-07 13:00:08.544094,50.61522063529785,-0.18408662641055568,359.71955618327274,23.047118590356295
2026-09-07 13:00:08.622442,51.42242914791825,-0.18803767561421347,359.72832378040806,23.044380160909263
2026-09-07 13:00:08.732050,52.551571732413514,-0.19339170850029838,359.7405895534567,23.085563765843943
2026-09-07 13:00:08.845429,53.948234326178664,-0.19970361586595115,359.65177516420295,23.916459448048883
2026-09-07 13:00:08.948305,55.04812449707564,-0.206388467583691,359.7093372795661,24.038714447601496
2026-09-07 13:00:09.018691,55.804501506575114,-0.21022561732027473,359.6699542645582,24.05716550203734
2026-09-07 13:00:09.142731,57.13846944798368,-0.2179098709210361,359.6699542645582,24.002972225149364
2026-09-07 13:00:09.221648,57.98525759233005,-0.22278775040021218,359.63462917837205,24.010557597473426
2026-09-07 13:00:09.331713,59.16663602415268,-0.23032141279160095,359.53609386630785,23.966317026858942
2026-09-07 13:00:09.421826,60.132066261931385,-0.23813837243349079,359.51592552810763,24.00175049093654
2026-09-07 13:00:09.530174,61.29457091532876,-0.24796025147661924,359.5886741584047,23.966720802597692
2026-09-07 13:00:09.629938,62.36342313474004,-0.25563366294605544,359.521689125428,23.923133749425716
2026-09-07 13:00:09.745054,63.59449954630362,-0.26591105020398326,359.3671033218086,23.93218673545605
2026-09-07 13:00:09.841682,64.62822512274384,-0.2773301826405902,359.3238503797555,23.987913082650934
2026-09-07 13:00:09.919912,65.46707054653106,-0.28722988817910355,359.262569634015,24.023459048895564
2026-09-07 13:00:10.038672,67.10310226075327,-0.3065561014375272,359.34230924465925,24.95610766081412
2026-09-07 13:00:10.127197,68.09065559006527,-0.3178925947940159,359.61969019911055,24.99865204827106
2026-09-07 13:00:10.240265,69.35420758898881,-0.3262797442602004,359.5817312975598,25.072751436748604
2026-09-07 13:00:10.319333,70.24041945520625,-0.3327493529360554,359.71445383743895,25.114896260198407
2026-09-07 13:00:10.444420,71.64479919802484,-0.33974844728208914,359.44849253613603,25.14987271644393
2026-09-07 13:00:10.540819,72.72856285949591,-0.3501806678352964,359.45928014521667,25.097647786208384
2026-09-07 13:00:10.637185,73.80970774205066,-0.36038410454336345,359.56711930710253,25.093437540061505
2026-09-07 13:00:10.742254,74.98831401280214,-0.3692888722449643,359.56711930710253,25.05763178337586
2026-09-07 13:00:10.840820,76.09239554312357,-0.37763058040919445,359.63329996104966,25.05763178337586
2026-09-07 13:00:10.944170,77.25007411223083,-0.38503996686720043,359.7836510246528,25.149745499430356
2026-09-07 13:00:11.118855,79.44346707415735,-0.3941046076375605,0.018230241314722288,25.80732919869286
2026-09-07 13:00:11.160764,79.9269673457041,-0.39395076861139866,359.99478093639664,25.84541422743749
2026-09-07 13:00:11.246431,80.91675820353979,-0.39404092850623346,359.8701546706425,25.91428184135347
2026-09-07 13:00:11.347645,82.08929109877985,-0.3966981605379331,359.80219605703735,25.937276532824033
2026-09-07 13:00:11.455818,83.34354957020166,-0.40102829198758966,359.9716686918064,25.90608429995617
2026-09-07 13:00:11.555349,84.4962235066005,-0.4015982600284806,359.96053059369956,25.849553468333163
2026-09-07 13:00:11.662166,85.73057743410695,-0.4024485709030997,0.008344369326509027,25.829019319403535
2026-09-07 13:00:11.757709,86.83377468448393,-0.4022879048742849,359.99765255162725,25.884954793927626
2026-09-07 13:00:11.856213,87.97362457378914,-0.4023346053257328,359.9756062099665,25.923687695345844
2026-09-07 13:00:11.947448,89.03094008202554,-0.4027847594956328,359.873508935672,25.97072334407135
2026-09-07 13:00:12.060632,90.34499770544245,-0.40568579023170026,359.97483652174094,26.013250578770705
2026-09-07 13:00:12.154962,91.4419577302582,-0.4061675592510741,0.069841205204241,25.955552477090766
2026-09-07 13:00:12.253816,92.58897666301263,-0.4047693895252495,0.4570230305548628,25.920137109478247
2026-09-07 13:00:12.359165,93.80965230976472,-0.39503239458131006,0.5749146921939978,25.981813488759187
2026-09-07 13:00:12.456742,94.94294331860107,-0.3836603960724336,1.0662892283066179,25.988634536651993
2026-09-07 13:00:12.559272,96.1339264003441,-0.3614933346859019,1.1580788575796856,25.895459848704604
2026-09-07 13:00:12.659389,97.2926747293999,-0.3380691885475535,1.1020604829946148,25.911206709304327
2026-09-07 13:00:12.758871,98.44479598342335,-0.3159058822123792,1.0463974093860164,25.838187446486682
2026-09-07 13:00:12.859028,99.6014868472499,-0.29477879537827134,0.6092795145442593,25.601890166741022
2026-09-07 13:00:12.959274,100.74874436292477,-0.28257847526524354,0.8560779514339193,25.495899878539742
2026-09-07 13:00:13.058420,101.8786533114437,-0.2656948211211424,0.8116978939682626,25.484637446067257
2026-09-07 13:00:13.158738,103.02142672137263,-0.24950429473333638,0.7555670540347333,25.545121599470757
2026-09-07 13:00:13.261086,104.19010764775285,-0.23409185072093852,0.560860328434569,25.593414886984178
2026-09-07 13:00:13.357502,105.29317726750513,-0.22329371243124527,0.39901765624120933,25.632169249009948
2026-09-07 13:00:13.457111,106.43452976890039,-0.21534500893793382,0.17608112102563833,25.707892889162395
2026-09-07 13:00:13.556798,107.40874253086412,-0.21294686031726884,0.1872366764403271,25.576153929682388
2026-09-07 13:00:13.660942,108.59947324671961,-0.2090556617455164,0.10565643887924678,25.39870126884667
2026-09-07 13:00:13.760107,109.97288643709953,-0.2054749548720296,0.06126787657131859,25.704996537567908
2026-09-07 13:00:13.858880,111.10790229804572,-0.20426125224382038,0.14969406453765732,25.822375645142174
2026-09-07 13:00:13.960388,111.71668530250997,-0.20431552510442672,0.14969406453765732,24.76860933685148
2026-09-07 13:00:14.057015,112.39869384425737,-0.20358217240752394,0.14969406453765732,23.93782075949218
2026-09-07 13:00:14.153989,113.15040532337242,-0.20232564725829577,0.14969406453765732,23.2152144598326
2026-09-07 13:00:14.257876,114.44915972218759,-0.19844409571901223,0.045064025833594354,23.847570002261495
2026-09-07 13:00:14.357517,115.51141392945767,-0.1976086160149945,0.00046239484560189236,23.75266737714685
2026-09-07 13:00:14.457200,116.56988714145268,-0.19760007380540062,359.9669970714714,23.70214744674353
2026-09-07 13:00:14.558328,117.64141983456933,-0.19821728716908343,359.89909620126906,23.69154352986808
2026-09-07 13:00:14.666879,118.79108903290016,-0.20024197572925084,359.76547382669645,23.581514959997378
2026-09-07 13:00:14.757505,119.74644948689705,-0.2041525304795679,359.5220759838455,23.494406738417656
2026-09-07 13:00:14.866886,120.89523155582509,-0.21373514334539764,359.64447968812135,23.355819403881036
2026-09-07 13:00:14.957601,121.8423673224151,-0.2196121962034276,359.5328127876842,23.2638696133142
2026-09-07 13:00:15.068154,122.99206706502574,-0.22898700402649166,359.8544724129288,23.274495785958145
2026-09-07 13:00:15.165358,124.00343551517881,-0.23155582022807022,0.017637811907022526,23.13774694217459
2026-09-07 13:00:15.257102,124.95238938678551,-0.23126369626070675,0.3359051241435361,23.12011037721396
2026-09-07 13:00:15.365333,126.07100401705752,-0.22470557462573426,0.32379344540822286,23.073769804013015
2026-09-07 13:00:15.456431,127.43048146619354,-0.21945350006050693,0.7519580913603253,24.12798116535802
2026-09-07 13:00:15.565752,128.60953510269215,-0.20397854122948078,0.6663224988114039,24.043919126726127
2026-09-07 13:00:15.656370,129.5834852930846,-0.19265145591420466,0.6561818172725046,23.972655054998764
2026-09-07 13:00:15.778374,130.89088417311115,-0.17767777217321548,0.3558167503941645,23.922549534519614
2026-09-07 13:00:15.865878,131.8266633530085,-0.17186634609279935,0.2578946822200872,23.83844212802355
2026-09-07 13:00:16.096612,134.28551003860906,-0.1607987286786978,0.2578946822200872,23.796102743544537
2026-09-07 13:00:16.180945,135.18261936218687,-0.1567607124696646,0.295644096076937,23.774732513461657
2026-09-07 13:00:16.278919,136.33047037623226,-0.15093747015144973,0.18600548861571184,24.01121392232797
2026-09-07 13:00:16.379985,137.41530438206252,-0.14741564376351346,0.12945612091777065,23.956460607468003
2026-09-07 13:00:16.481919,138.50696337612055,-0.14494910643000689,0.17508415208094671,23.974274659342555
2026-09-07 13:00:16.580910,139.56789048018476,-0.1417071206818276,0.008919117614749481,23.713048716893333
2026-09-07 13:00:16.680609,140.62476779214853,-0.1415425987361273,0.04238981246831273,23.513550078977822
2026-09-07 13:00:16.782619,141.6970453512439,-0.14074928283531274,359.97389673666993,23.62942774792244
2026-09-07 13:00:16.881382,142.74030837968343,-0.1412245808706909,359.255506698226,23.729535085912328
2026-09-07 13:00:16.992813,143.9222743625013,-0.15658374506290373,358.7193062718634,23.46469203495492
2026-09-07 13:00:17.080108,144.87469739427635,-0.1770913685851188,358.9732955528936,23.535034388016676
2026-09-07 13:00:17.180719,145.93306601884132,-0.1960587009949292,359.3223232010387,23.496352132234197
2026-09-07 13:00:17.291174,147.0931831187389,-0.20978084793690635,359.86618772125195,23.423000020286718
2026-09-07 13:00:17.379715,148.02029498877317,-0.21194608905229037,359.55903187353726,23.46323107483441
2026-09-07 13:00:17.481460,149.0107550405863,-0.21984494270503654,359.433787440037,23.207639689905463
2026-09-07 13:00:17.592593,150.16367508286308,-0.23123878472179057,359.24724099869053,23.05032412180753
2026-09-07 13:00:17.693453,151.20288887499305,-0.24489288901675324,359.1230859683417,22.896093481093054
2026-09-07 13:00:17.796476,152.25725416115287,-0.2610312489734736,359.0769704754294,22.972612037528158
2026-09-07 13:00:17.891423,153.12743265902606,-0.27590846742622044,359.2682226683859,22.743160430240998
2026-09-07 13:00:17.981974,154.04799886453455,-0.28766650822053375,359.17702401374487,22.76610631980066
2026-09-07 13:00:18.096456,155.21300322263863,-0.30440136304196835,359.33075843789055,22.889149052973305
2026-09-07 13:00:18.227286,156.55161224014412,-0.320037654949774,359.30147716119643,22.834275607644027
2026-09-07 13:00:18.278344,156.9069885482128,-0.324761853039916,359.3757550964209,22.321581733012465
2026-09-07 13:00:18.379366,157.91499087815134,-0.3357446029306752,359.43227984483855,22.359539273864517
2026-09-07 13:00:18.480007,158.92090952425394,-0.3457121604890353,359.2858697684759,22.349865826368205
2026-09-07 13:00:18.579995,159.9198404340676,-0.3581634040295828,359.2858697684759,22.431119775958845
2026-09-07 13:00:18.679596,160.71179945541465,-0.36842241678390464,359.37503722058966,21.916269214349413
2026-09-07 13:00:18.779049,161.6861271856033,-0.3790504721440464,359.3193903733249,22.08051466253358
2026-09-07 13:00:18.879075,162.6734014956515,-0.39077873577523564,359.30819688183743,22.172287857465804
2026-09-07 13:00:18.978335,163.6571849304207,-0.40265775250232205,359.3304124250971,22.454172413378025
2026-09-07 13:00:19.079312,164.56578364334516,-0.41334022384189245,359.18351354411544,22.12747988155871
2026-09-07 13:00:19.278708,166.53798240861218,-0.4414467022571027,359.1165728258432,22.3261053541115
2026-09-07 13:00:19.385181,167.60052713292401,-0.45783107270405404,358.9259336529652,22.30842842817926
2026-09-07 13:00:19.479159,168.5375824870954,-0.47539916481220135,358.98903376351694,22.4102550963745
2026-09-07 13:00:19.586460,169.61238666258225,-0.4943657190702507,359.16914785836656,22.615589411746168
2026-09-07 13:00:19.687552,170.63432671421526,-0.5091860183706387,359.327526821639,22.74190777112117
2026-09-07 13:00:19.785455,171.6295931647244,-0.5208678688168908,359.21796766730955,22.95492218782605
2026-09-07 13:00:19.884543,172.64631656017596,-0.534746027984287,359.21796766730955,23.112504003770933
2026-09-07 13:00:19.984182,173.67571211626395,-0.5487971607087927,359.1622167476328,23.180414610903405
2026-09-07 13:00:20.086251,174.7332964650883,-0.5642623418094523,359.05941771194506,23.159009437429
2026-09-07 13:00:20.185585,175.76156315143092,-0.581144149372289,358.8593287640569,23.25535562918477
2026-09-07 13:00:20.284637,176.7911110282831,-0.6016435794735425,358.6708923453272,23.284783295053597
2026-09-07 13:00:20.385960,177.84552163069125,-0.6261074517658597,358.75026277867335,23.379517206238837
2026-09-07 13:00:20.487476,178.90627177847904,-0.6492482350378114,358.60257977361545,23.45314236422246
2026-09-07 13:00:20.587395,179.95356024287457,-0.6747962309541347,358.60257977361545,23.424330214093278
2026-09-07 13:00:20.686912,180.99535377868816,-0.7002101812681766,358.8475834649742,23.41128647255169
2026-09-07 13:00:20.787817,182.05118985543697,-0.721449565234461,358.74595675465014,23.385716848958165
2026-09-07 13:00:20.887751,183.0956847223398,-0.7443142673684513,358.880155108475,23.41715300400022
2026-09-07 13:00:20.987685,183.25838969355664,-0.7486642657928481,358.880155108475,21.782834704445175
2026-09-07 13:00:21.092291,184.2768272800009,-0.7685721435710913,358.75138888693357,21.677718883573444
2026-09-07 13:00:21.188378,185.20776679654145,-0.7888627387722396,358.54708769209884,21.56437135559776
2026-09-07 13:00:21.288269,186.17042008667144,-0.8132790342753317,358.5023741552915,21.33219304451262
2026-09-07 13:00:21.388329,186.9580379223492,-0.8349364241826213,358.6367417107152,20.809916309331552
2026-09-07 13:00:21.491586,187.9183519600932,-0.8577898208424439,358.648296769905,20.60329807990857
2026-09-07 13:00:21.592232,188.8450938226255,-0.879657267826326,358.58071953133225,20.371123805794397
2026-09-07 13:00:21.700844,189.83388805979666,-0.9041558167918349,358.3740961788399,20.19839576412027
2026-09-07 13:00:21.801156,190.7042882295745,-0.9290994942535956,358.3853216753917,19.99202900016788
2026-09-07 13:00:21.901050,191.59671005144486,-0.9542558980378282,358.4859301546654,19.845385662882624
2026-09-07 13:00:21.991031,192.33216598731795,-0.9739309933227123,358.314750396622,19.55913932967494
2026-09-07 13:00:22.109621,193.36863495918777,-1.0044256095963324,358.4341885966847,19.37157929939242
2026-09-07 13:00:22.200291,194.0897779590858,-1.0243533048142488,358.2616980857791,18.94156402226793
2026-09-07 13:00:22.288870,194.8394875860406,-1.0471057953587195,358.2815230969255,18.958592158033184
2026-09-07 13:00:22.390333,195.69902502082192,-1.0728937037379749,358.1112085946774,18.928448200697154
2026-09-07 13:00:22.486866,196.51542159714037,-1.0998164836415294,358.381273706188,19.109802524065866
2026-09-07 13:00:22.603128,197.35612633043888,-1.1238000607697043,358.9537310584946,18.720103062075783
2026-09-07 13:00:22.699429,198.1618998727648,-1.1385157965332913,358.9860609854256,19.013780020863027
2026-09-07 13:00:22.787701,198.9120873475084,-1.1517929308814798,358.6798383203386,19.274487396041984
2026-09-07 13:00:22.889074,199.78533258880287,-1.1719170825634369,358.8159690638522,19.433045695844573
2026-09-07 13:00:22.995780,200.71212689435913,-1.1910722345522198,358.57714861663646,19.62698499657829
2026-09-07 13:00:23.088061,201.5215551087116,-1.211177255776772,358.91793238688086,19.695525117778292
2026-09-07 13:00:23.188551,202.4061803784877,-1.227885958968351,358.389397844862,19.86236124401979
2026-09-07 13:00:23.288606,203.29424475023217,-1.252856301691575,359.02761183996614,19.97864099352487
2026-09-07 13:00:23.396105,204.25420710907238,-1.2691497472198798,359.1238499493705,19.96924769608504
2026-09-07 13:00:23.488160,205.07589084698847,-1.2817156704738515,359.4947035966181,19.879157184050325
2026-09-07 13:00:23.597254,206.04534735118398,-1.2902656123590515,359.60457787773487,19.704709340317102
2026-09-07 13:00:23.694740,206.90406092078422,-1.2961920477097877,359.67003338197253,19.634006966787886
2026-09-07 13:00:23.795576,207.78910261921507,-1.3012890626577829,359.7715905987827,19.796130881873783
2026-09-07 13:00:23.886147,208.59061901891351,-1.3044843215807878,359.933757350229,19.8546953944174
2026-09-07 13:00:24.004908,209.64472230839075,-1.305703026112481,359.70782655100476,20.032148500892774
2026-09-07 13:00:24.086936,210.37928757896145,-1.3094488924009136,359.79962065651057,20.125327732617006
2026-09-07 13:00:24.205176,211.44306583990613,-1.3131692372571928,359.65407147161625,20.349528866743707
2026-09-07 13:00:24.293450,212.2460844941304,-1.3180175950084287,359.66394984591454,20.49376964707097
2026-09-07 13:00:24.396063,213.1861608931081,-1.3235313770699972,359.618017878546,20.666820340591126
2026-09-07 13:00:24.503619,214.17983743969623,-1.3301561634354597,0.015210574685072207,20.850086763897764
2026-09-07 13:00:24.603445,214.18039069598368,-1.320278735000645,0.21629056050951206,19.283652259201844
2026-09-07 13:00:24.694681,214.96689086046672,-1.3173096966014868,0.3490184718679545,19.494916386852616
2026-09-07 13:00:24.792881,215.82268871113143,-1.3120965211265898,0.5248448952487259,19.594453061423124
2026-09-07 13:00:24.904746,216.80252954832747,-1.3031206619884959,0.5373632397315988,19.726412860532264
2026-09-07 13:00:25.002829,217.66743601231423,-1.2950086758845016,0.43857871340770255,19.782978320977637
2026-09-07 13:00:25.102411,218.54809177303156,-1.288267439136992,0.4608663240150141,19.903929274052306
2026-09-07 13:00:25.203024,219.44330245003434,-1.281066536112604,0.3820520625910917,19.999757676222693
2026-09-07 13:00:25.282828,220.15678954597166,-1.2763088862633802,0.3820520625910917,20.059728050797677
2026-09-07 13:00:25.406999,221.2702683364406,-1.2688840257021266,0.5210066375504461,20.129168704877845
2026-09-07 13:00:25.502059,222.12563452357188,-1.2611057259995502,0.7656752828860182,20.292804264615228
2026-09-07 13:00:25.603242,223.04345390056164,-1.2488396663767816,0.7090604502837505,20.40155352537769
2026-09-07 13:00:25.702487,223.9485298036519,-1.2376383825006183,0.5979995198584409,20.60101091104228
2026-09-07 13:00:25.802895,224.3573509374225,-1.2289690257060262,0.19349489748229926,19.78197214628992
2026-09-07 13:00:25.902582,225.23891122997114,-1.2259918768067537,0.1488726758235443,19.889113539188205
2026-09-07 13:00:26.003011,226.13184548478043,-1.2236717441174938,359.9353394747031,19.918950302257503
2026-09-07 13:00:26.103517,227.02680738035716,-1.22468174400488,1.026318483935443,19.902264033271507
2026-09-07 13:00:26.204753,227.92737051951596,-1.2085485581021747,1.717381233197104,19.873072119516586
2026-09-07 13:00:26.289345,228.67855319547604,-1.1860258953735212,2.3610921540541447,19.866419610792533
2026-09-07 13:00:26.405974,229.71346581744248,-1.1433541976646706,1.995651167477434,20.306674258027677
2026-09-07 13:00:26.503997,230.6027686702664,-1.1123666392392322,1.809172317245823,19.791044312301345
2026-09-07 13:00:26.604542,231.49188591290394,-1.0842825267047245,1.246593786860778,19.610059826153574
2026-09-07 13:00:26.703727,232.36118355308005,-1.065366088684522,1.3131900590209937,19.160252001699945
2026-09-07 13:00:26.805577,233.29731526145295,-1.0444734854659863,2.4871436523236614,19.82595875033273
2026-09-07 13:00:26.903753,234.1666291358941,-1.0067138534670164,3.366060910054344,20.052435128285484
2026-09-07 13:00:27.005673,234.9497019293773,-0.9556450156456785,3.0124922356653325,19.63488672074855
2026-09-07 13:00:27.104987,235.8202338330332,-0.9098320456640713,1.4232167558637643,20.065319959384915
2026-09-07 13:00:27.205023,236.61432829691367,-0.889912131429957,0.6507886282141969,20.302422414014107
2026-09-07 13:00:27.300360,237.47955060860255,-0.8800841639571527,0.5441009772095342,20.289093489309384
2026-09-07 13:00:27.402299,238.40409935463103,-0.8713040582887386,0.7950674582471322,20.254354384237686
2026-09-07 13:00:27.502086,239.30753441409277,-0.8587666963665925,0.6275662682977587,20.569125460022292
2026-09-07 13:00:27.602906,240.2345410711355,-0.8486126958611029,0.4921781318014551,20.710961376551015
2026-09-07 13:00:27.701502,241.14737109451403,-0.8407711754137503,0.12807374833119814,20.874653034456347
2026-09-07 13:00:27.803146,242.09589070131608,-0.8386509378539947,0.5944305075615445,20.848896146090656
2026-09-07 13:00:27.903021,243.0267046215971,-0.8289936114606247,1.7344430658518726,20.542574590343406
2026-09-07 13:00:28.002742,243.94205815543307,-0.8012757980883761,3.2855941353959106,20.51207680386177
2026-09-07 13:00:28.102411,244.85449258413496,-0.74889533250999,3.319054758725731,20.578266036089314
2026-09-07 13:00:28.203110,245.77929984334565,-0.6952626914368613,4.840343312749878,20.711132615771778
2026-09-07 13:00:28.302709,246.69816887733836,-0.6174515045793203,4.9740918051808976,20.712002915059873
2026-09-07 13:00:28.402571,247.222027639787,-0.5519951131416305,4.560611664657049,19.902683021256603
2026-09-07 13:00:28.501781,248.10193349025582,-0.48180834827509456,4.693837780723288,19.70763047772023
2026-09-07 13:00:28.602545,248.9866970080147,-0.4091633455233379,4.648733468794724,19.81504892741153
2026-09-07 13:00:28.702072,249.86541879615584,-0.33771077399924276,4.236640400901861,19.864620125948015
2026-09-07 13:00:28.801954,250.74997517293767,-0.27218426691193676,4.035447614011504,19.896039923393435
2026-09-07 13:00:28.895861,251.58314380826698,-0.2134054347151526,3.6571329819754483,19.797572434466268
2026-09-07 13:00:29.002896,252.52850734704526,-0.15298173376274543,2.591105277568678,19.553465581961458
2026-09-07 13:00:29.101990,253.3938203607436,-0.11382270888267919,2.87942435442767,19.502378273638936
2026-09-07 13:00:29.202332,254.267531863461,-0.06987695394538217,3.294891942303379,19.638280978793954
2026-09-07 13:00:29.303152,255.15117730249412,-0.019005319146229174,3.103092082266949,19.68321036850181
2026-09-07 13:00:29.403079,256.0291639605643,0.02859225998520689,2.9577207157195877,19.68321036850181
2026-09-07 13:00:29.502616,256.90384144780495,0.07378498121310122,3.2807450324313385,19.766707091390142
2026-09-07 13:00:29.603010,257.78951998942495,0.1245542574123491,4.280630914210319,19.9404018041116
2026-09-07 13:00:29.703473,258.68256478076165,0.19139903582494738,5.101325700337788,19.9948284388926
2026-09-07 13:00:29.811732,259.6464036246736,0.27744183981074794,6.070510668198222,20.169833008883543
2026-09-07 13:00:29.901980,260.4555817157792,0.3634968252423064,6.383588236156027,20.452148209984113
2026-09-07 13:00:30.000083,261.05793284652935,0.4441966226187754,6.954459659190674,20.135976043575198
2026-09-07 13:00:30.100881,261.95859920201303,0.5540579481394545,6.773981534710685,20.00385961523545
2026-09-07 13:00:30.200342,262.8418227473163,0.6589692199897242,6.506855181922371,19.933463046625818
2026-09-07 13:00:30.299167,263.71678500639695,0.7587646229116689,6.971337071055135,19.89201331617664
2026-09-07 13:00:30.401108,264.6165961063085,0.8687906336426378,6.788812412950662,19.809172286500885
2026-09-07 13:00:30.500589,265.4913726358512,0.9729281857579491,6.421439820025953,19.873498133321082
2026-09-07 13:00:30.600263,266.37134554752396,1.0719664015234276,5.94181349254736,19.815144172405947
2026-09-07 13:00:30.700389,267.25351286898,1.163780241252122,6.390000775322898,19.551797998825286
2026-09-07 13:00:30.800943,268.12693844501115,1.2615962723752072,5.996160553720268,19.568492236896823
2026-09-07 13:00:30.900391,268.9921398360103,1.35247398487037,6.140835082730465,19.52156732525581
2026-09-07 13:00:31.000137,269.85762051733343,1.4455911137416424,6.844051027786422,19.566889681756347
2026-09-07 13:00:31.100642,270.73049152027147,1.5503553782191934,6.585367857163114,19.381586117268267
2026-09-07 13:00:31.200243,271.58777502212746,1.6493246070140952,6.273281774764851,19.077845566576492
2026-09-07 13:00:31.299916,272.43275200495845,1.7422121217937292,5.949816101501538,19.040394892769342
2026-09-07 13:00:31.400120,273.89501225550447,1.8906008397297107,5.501279672569593,19.994265744452974
2026-09-07 13:00:31.629259,275.93367741783646,2.0869479226282754,4.603810108576066,19.171351678807284
2026-09-07 13:00:31.726355,276.7631403058543,2.153740437772146,4.353901137531434,19.323220289557998
2026-09-07 13:00:31.826119,277.62243993626987,2.2191645177079713,4.387393654019773,19.5019272075631
2026-09-07 13:00:31.926684,278.4966106485136,2.2862348156750656,4.184825096986186,19.442172872100947
2026-09-07 13:00:32.027436,279.3699547988301,2.3501366512401627,3.880407248953851,19.416642019157138
2026-09-07 13:00:32.127059,280.23270158780065,2.408656439299394,3.222652035861124,19.39662031213707
2026-09-07 13:00:32.235586,281.6838416856422,2.5058386804391115,3.2347968387189683,20.439945452772413
2026-09-07 13:00:32.325817,282.50701136434026,2.55236251710539,3.6285944242044215,20.421811300557287
2026-09-07 13:00:32.435300,283.50451804838684,2.6156201269776678,4.094162247408269,20.70594110263037
2026-09-07 13:00:32.526136,284.343185235329,2.6756506498820563,4.775222406912123,20.740071402771296
2026-09-07 13:00:32.636634,285.36412699941576,2.7609369211527306,4.280607637799891,21.035525144326858
2026-09-07 13:00:32.734904,286.2856528479099,2.8299131422106973,4.566529244384882,21.082752898694476
2026-09-07 13:00:32.834084,287.2174405446639,2.904335175227416,4.544331606056337,21.071486604011675
2026-09-07 13:00:32.933842,288.1541865827283,2.978788012008901,4.466187100961293,20.97124241095848
2026-09-07 13:00:33.034504,289.27800026932226,3.067027254272758,4.342275801487065,21.417333280273
2026-09-07 13:00:33.133481,290.2229259397409,3.1387777683594535,4.220438676374703,21.47527918381351
2026-09-07 13:00:33.234034,291.185648067562,3.2098209475575437,4.006641825143842,21.46649283010355
2026-09-07 13:00:33.333922,292.1418685987026,3.2767977904582413,4.028997922112603,21.49791451496397
2026-09-07 13:00:33.435077,293.11160887702823,3.3451018483918,4.051637588427625,21.496146723630975
2026-09-07 13:00:33.533053,294.0507696613381,3.41162497538218,3.8871763200612066,21.538096479245684
2026-09-07 13:00:33.634265,295.0230364559209,3.477688859471315,3.5587161781739716,21.60796358425866
2026-09-07 13:00:33.734355,295.98800389638615,3.537701447953869,3.525114217794297,21.668310270936587
2026-09-07 13:00:33.834007,296.95146671961965,3.5970532604421472,3.670085521037441,21.818952166796016
2026-09-07 13:00:33.934207,297.92680758210827,3.659614380956304,4.073752192638204,21.9940623359084
2026-09-07 13:00:34.036246,299.0656561968169,3.740916843968075,4.781715182551476,22.21124685279458
2026-09-07 13:00:34.136068,300.0533706235768,3.823540118000256,5.418442956468721,22.060347971402535
2026-09-07 13:00:34.235085,301.0254988778917,3.9157490178837597,5.617893369751618,21.94960061098736
2026-09-07 13:00:34.334577,301.9970600994416,4.011317771826797,5.48428856439266,22.013064206247293
2026-09-07 13:00:34.436629,302.9551430315793,4.103991228271384,5.198783247455694,21.799233842811866
2026-09-07 13:00:34.535672,303.91635942546196,4.191448191140315,5.475870449131192,21.76375076418635
2026-09-07 13:00:34.635498,304.9830690017629,4.292343479001706,5.598752662690573,22.011367246302786
2026-09-07 13:00:34.736076,305.9680313989488,4.38889823756057,6.5216842696692385,22.087827528799878
2026-09-07 13:00:34.836609,306.95428488665124,4.501645749715133,6.476683358717764,22.067622934761875
2026-09-07 13:00:34.936763,307.93600936387236,4.61309444282398,6.633592774770392,22.002861916452552
2026-09-07 13:00:35.040559,308.9242988993573,4.728603918342801,6.2851314819770385,21.80225710725564
2026-09-07 13:00:35.139268,309.8805817024253,4.833927345426208,6.2851314819770385,21.740155491628407
2026-09-07 13:00:35.237920,310.83358998932636,4.938890122643669,6.638402934509826,21.6203341040009
2026-09-07 13:00:35.335100,311.76655240852085,5.047471303498806,6.7145279871886725,21.594010082380912
2026-09-07 13:00:35.434714,312.72156916167467,5.159905492115577,6.803707077507675,21.606196107401043
2026-09-07 13:00:35.533123,313.6653916655977,5.27251144670203,6.7596569183974955,21.575239670337247
2026-09-07 13:00:35.634484,314.6362221781608,5.3875827341575695,6.918457318985694,21.538040450888207
2026-09-07 13:00:35.734620,315.59334785318157,5.503720524370497,6.996897926878769,21.49429087031376
2026-09-07 13:00:35.834153,316.54261881620505,5.620224173409691,7.241941009085924,21.580393405531527
2026-09-07 13:00:35.934086,317.49901156120336,5.7417560009318755,6.6604206282808365,21.40313019397607
2026-09-07 13:00:36.034649,318.4239467496529,5.84988811728208,5.850162514584479,21.157516960195373
2026-09-07 13:00:36.134388,319.3623906405001,5.946041931335176,5.1358345454775645,20.936150216587418
2026-09-07 13:00:36.233952,320.29049852745345,6.029458477045736,4.233349474566074,20.515943376875093
2026-09-07 13:00:36.334386,321.20911054361403,6.0974547187762385,4.727872033283153,20.525596927871646
2026-09-07 13:00:36.435323,322.13213312741516,6.173793054434859,4.581031343327575,20.320975067970966
2026-09-07 13:00:36.534714,323.0321452491225,6.245906426514612,4.581031343327575,20.165516829823932
2026-09-07 13:00:36.634449,324.0479510612276,6.329428841229271,4.101111486884797,20.230350094086536
2026-09-07 13:00:36.735211,324.9568865898387,6.394599873207869,3.6275256117236983,20.138782085630915
2026-09-07 13:00:36.836215,325.8643876807678,6.452132716255747,3.7518579008903643,20.03640324369283
2026-09-07 13:00:36.937647,326.7709744128107,6.511583073792204,3.763208731959839,20.07451483605593
2026-09-07 13:00:37.037503,327.6868760342565,6.5722631200650365,3.37210236952421,19.833662122133457
2026-09-07 13:00:37.134601,328.5462990582384,6.622902333148477,2.61149418213888,19.651246346280068
2026-09-07 13:00:37.234975,329.41992428817514,6.66251217532551,3.0270942665047134,19.333586068093307
2026-09-07 13:00:37.334156,330.2759383085378,6.707779886529188,3.015995335434621,19.242588155084963
2026-09-07 13:00:37.435089,331.07087400508595,6.748258032461538,3.987364481077353,19.02752203418065
2026-09-07 13:00:37.534972,331.91842858003076,6.80733699836866,3.8867670804798005,18.970791276376534
2026-09-07 13:00:37.642593,332.7496552432938,6.863551373009313,3.573638259656728,18.548438034354987
2026-09-07 13:00:37.734118,333.507095116015,6.910855583773817,3.501942998837306,18.303715019496142
2026-09-07 13:00:37.843528,334.4006699799854,6.965539379843083,3.59989192440803,18.08478457912727
2026-09-07 13:00:37.931427,335.1098979955983,7.010158881358125,3.521200647479586,17.902753337865306
2026-09-07 13:00:38.031349,335.87205226128737,7.05687341164236,3.4988369409151083,17.599583898751142
2026-09-07 13:00:38.131677,336.659933348068,7.105046230103801,3.4314732186457118,17.541723724046417
2026-09-07 13:00:38.234068,337.2934266479761,7.142218399618638,3.420015069895469,16.64834869307738
2026-09-07 13:00:38.332217,338.02259746757346,7.185794753394297,3.3211640715148723,16.617474043996765
2026-09-07 13:00:38.431926,338.76205925636873,7.228705910238087,3.332322088857587,16.57913858324381
2026-09-07 13:00:38.532111,339.50332872934274,7.271866813109324,3.9377314525450484,16.52223629786387
2026-09-07 13:00:38.632424,340.2425015150721,7.322747615984287,4.207146055527665,16.417051708677217
2026-09-07 13:00:38.732084,340.8043350766436,7.365525075876498,4.195993521570099,15.661913107014788
2026-09-07 13:00:38.831496,341.4985027068689,7.416452758078828,4.629859992830308,15.615873847384778
2026-09-07 13:00:38.931819,342.08142212042895,7.465095588581791,4.652313447861913,15.006796513818001
2026-09-07 13:00:39.031920,342.7507509551586,7.519563634705844,4.529092719198965,14.835358100868378
2026-09-07 13:00:39.131620,343.31835998109244,7.56519399253758,4.495621688627943,14.364610414893534
2026-09-07 13:00:39.231733,343.95926322525787,7.615584893478857,5.4254895540080925,14.11791945533175
2026-09-07 13:00:39.339953,344.63920950683826,7.6801639487913915,5.970459703716608,14.007280761087387
2026-09-07 13:00:39.430744,345.20464210461085,7.739298581936311,5.960299662470958,14.207201105184112
2026-09-07 13:00:39.539056,345.74658227971867,7.798571258089451,6.287559726351361,13.782800067165027
2026-09-07 13:00:39.630298,346.3053848074244,7.8601408263357255,6.287559726351361,13.994078088287297
2026-09-07 13:00:39.739001,346.9813306982387,7.9346173982763535,6.251066231505205,14.340773460555438
2026-09-07 13:00:39.838120,347.6129944932678,8.003807730630147,5.6853745931313435,14.502735101641806
2026-09-07 13:00:39.939722,348.2684707151855,8.069063974920196,5.730854013366407,14.714031874581588
2026-09-07 13:00:40.039145,348.9191827943195,8.13436759625366,5.719728001088029,14.952941258040005
2026-09-07 13:00:40.139265,349.5851091998288,8.20106747116643,5.764544043625919,15.38861745591939
2026-09-07 13:00:40.238552,350.2646829595788,8.269671208090791,5.920095146843137,15.714824912187286
2026-09-07 13:00:40.340525,350.5841896516832,8.304797972085426,5.737513192959151,14.725326914534152
2026-09-07 13:00:40.440344,351.2379873752225,8.37048801354455,5.748683519941995,15.030604493861507
2026-09-07 13:00:40.541302,351.91294096935763,8.438436601159982,5.759981307653092,15.259969805131192
2026-09-07 13:00:40.639986,352.5827461740573,8.506000308502813,5.494941774584231,15.399663051261292
2026-09-07 13:00:40.741042,353.27524553142246,8.572618710496053,5.66457309180515,15.471188529965659
2026-09-07 13:00:40.842248,353.9717924535033,8.641708385884032,5.698549712868047,15.601186701969283
2026-09-07 13:00:40.941044,354.65742561123136,8.710126145215046,5.499544460934569,15.84722225667356
2026-09-07 13:00:41.041303,355.3644252829651,8.778196797458435,5.230274887893844,16.013674870673423
2026-09-07 13:00:41.141857,356.08126940070645,8.843816656202279,5.342800665494597,16.080451822959574
2026-09-07 13:00:41.241099,356.7915814815419,8.910245531194295,5.287271878869232,16.214864693591956
2026-09-07 13:00:41.341450,357.51590007997805,8.977276248979553,4.905456608991909,16.41040676791696
2026-09-07 13:00:41.441395,358.24642179475586,9.039974135929274,4.804796764947154,16.14317003784247
2026-09-07 13:00:41.541338,358.19984749091543,9.027940936131587,4.939007204600498,14.005410601913306
2026-09-07 13:00:41.641162,358.8225227699524,9.081750098933359,5.22945025391097,13.701862261720034
2026-09-07 13:00:41.740947,359.15564876856234,9.111649257857259,4.84978849962144,12.616690131053593
2026-09-07 13:00:41.841632,359.7214956557537,9.159659957806953,4.804719549931795,12.09057643387325
2026-09-07 13:00:41.941690,360.1392136171419,9.193827946401166,4.6143693178793725,11.129395687316622
2026-09-07 13:00:42.040947,360.63144484464834,9.233556179872231,4.66990649744119,10.60120336077705
2026-09-07 13:00:42.142061,361.0211798911774,9.264708052851482,4.703852232497942,9.793467169642346
2026-09-07 13:00:42.243954,361.46577223401937,9.301290291092405,4.646840134236942,9.2183047296202
2026-09-07 13:00:42.341295,361.8071471796285,9.328672883722485,4.4725517444374745,8.491931096577828
2026-09-07 13:00:42.440368,362.1821060493534,9.358002052237895,4.627767577819886,8.466825707169162
2026-09-07 13:00:42.541734,362.41328809709034,9.37605038965849,4.729858585388456,7.947370567751807
2026-09-07 13:00:42.642034,362.76841967361327,9.405433848945659,4.7972035074802,8.060429347447135
2026-09-07 13:00:42.741964,362.9312827433026,9.418939014140122,4.830751753066581,7.220815590187958
2026-09-07 13:00:42.848953,363.27541574374965,9.448022683226169,4.842724444774247,7.238578183789761
2026-09-07 13:00:42.942399,363.35595435178647,9.45484854850522,4.832267293578193,6.23673257069373
2026-09-07 13:00:43.049638,363.65388133944913,9.480035151452324,4.8442679617407,6.349179513361054
2026-09-07 13:00:43.149560,363.74140103734953,9.48746370726865,4.855449815022938,5.457942551586698
2026-09-07 13:00:43.237914,363.9562039929385,9.505710580745998,4.8356751614952085,5.5027208781905825
2026-09-07 13:00:43.351041,364.0583787680789,9.514335699553211,4.8736538703759305,4.725216581380343
2026-09-07 13:00:43.438886,364.2432682049955,9.530100677103334,4.90314497048136,4.852636928972281
2026-09-07 13:00:43.539825,364.2950905806276,9.534677966904937,4.9483276164834775,4.112227913017006
2026-09-07 13:00:43.640132,364.4788007161218,9.550583586527983,4.9483276164834775,4.222665125710501
2026-09-07 13:00:43.739625,364.50261030223965,9.552813185885794,4.981729153540676,3.4917663228595948
2026-09-07 13:00:43.839454,364.6578506465571,9.566345074569437,4.937043369376523,3.619995751084698
2026-09-07 13:00:43.946705,364.6653626828762,9.567061660897089,4.9130393473118446,2.7955898309190963
2026-09-07 13:00:44.038056,364.77910826365155,9.576839173969605,4.9130393473118446,2.8482728787168323
2026-09-07 13:00:44.139307,364.66233347644743,9.566799209325326,4.9130393473118446,1.5099153057925
2026-09-07 13:00:44.246914,364.6678098894317,9.567269513089341,4.9130393473118446,1.1019607248133354
2026-09-07 13:00:44.338311,364.641940431159,9.565045409682702,4.9130393473118446,0.6394993873537579
2026-09-07 13:00:44.445491,364.6520219250272,9.56591192661363,4.9130393473118446,0.48556702942927077
2026-09-07 13:00:44.538280,364.65682471145544,9.566324724337552,4.9130393473118446,0.3641306863222008
2026-09-07 13:00:44.646904,364.66277403432986,9.56683609899298,4.9130393473118446,0.2679962067259176
2026-09-07 13:00:44.737973,364.66518949824064,9.567043716853652,4.9130393473118446,0.19777151268337617
2026-09-07 13:00:44.846101,364.6683388165323,9.567314423023353,4.9130393473118446,0.14434147381660928
2026-09-07 13:00:44.945952,364.67009599397613,9.567465465039174,4.9130393473118446,0.10535786024302009
2026-09-07 13:00:45.045262,364.6713520441041,9.567573432305611,4.9130393473118446,0.07693785585494363
2026-09-07 13:00:45.144932,364.6722794397641,9.567653149612859,4.9130393473118446,0.056182912708008355
2026-09-07 13:00:45.245279,364.6729699956724,9.567712508834898,4.9130393473118446,0.04100614985578318
2026-09-07 13:00:45.346661,364.6734881400158,9.56775704793417,4.9130393473118446,0.029898470591708803
2026-09-07 13:00:45.454618,364.6739381937063,9.567795734149913,4.9130393473118446,0.021683858073259555
2026-09-07 13:00:45.542667,364.6740915585538,9.567808917222813,4.9130393473118446,0.015911263482773077
2026-09-07 13:00:45.646554,364.6743114417784,9.567827818224988,4.9130393473118446,0.011613186018333294
2026-09-07 13:00:45.755016,364.6744891594909,9.5678430947242,4.9130393473118446,0.008423959398007991
2026-09-07 13:00:45.844871,364.6745546736041,9.567848726270574,4.9130393473118446,0.006173768104180561
2026-09-07 13:00:45.954596,364.674653274863,9.567857201977914,4.9130393473118446,0.0044840029306456
2026-09-07 13:00:46.053193,364.67470341321064,9.567861511841205,4.9130393473118446,0.003267514515609751
2026-09-07 13:00:46.153900,364.6747430390727,9.567864918058346,4.9130393473118446,0.002381566549817369
2026-09-07 13:00:46.252224,364.674769771378,9.567867215952791,4.9130393473118446,0.0017390524326105373
2026-09-07 13:00:46.353032,364.6747911604184,9.567869054543383,4.9130393473118446,0.0012688308895729777
2026-09-07 13:00:46.453023,364.67480633450856,9.567870358900246,4.9130393473118446,0.0009258967681585172
2026-09-07 13:00:46.553141,364.6748174692183,9.567871316034141,4.9130393473118446,0.0006756429097955654
2026-09-07 13:00:46.651842,364.674825234392,9.567871983524494,4.9130393473118446,0.0004935361323047466
2026-09-07 13:00:46.751512,364.6748311275634,9.567872490098498,4.9130393473118446,0.00036045554730749336
2026-09-07 13:00:46.853281,364.6748357241584,9.567872885219478,4.9130393473118446,0.0002628345607717734
2026-09-07 13:00:46.953166,364.6902090097432,9.569194365161875,4.9130393473118446,0.12787806498708765
2026-09-07 13:00:47.052615,364.6924574511014,9.56938764004934,4.9130393473118446,0.09744370932359912
2026-09-07 13:00:47.153029,364.69409582780696,9.569528474086953,4.9130393473118446,0.07280562253348492
2026-09-07 13:00:47.252234,364.6952082551879,9.569624097785422,4.9130393473118446,0.053848348842328635
2026-09-07 13:00:47.355397,364.7306318396432,9.572669091351663,4.889950267226267,0.39380974946001795
2026-09-07 13:00:47.451792,364.74754028796224,9.574115669204208,4.8791631057689155,0.4350825784434422
2026-09-07 13:00:47.553972,364.8238971044596,9.580653328824136,4.8791631057689155,0.9239534001255701
2026-09-07 13:00:47.653845,364.86499957569674,9.584161996393279,4.856810365974736,0.9335530287242414
2026-09-07 13:00:47.753803,364.90656581665615,9.587693919341955,4.845624484083,0.9213249213401147
2026-09-07 13:00:47.854403,364.94785175847653,9.591193906671847,4.811851307799703,0.932752520100852
2026-09-07 13:00:47.955402,365.1004718702647,9.604136403111292,4.7440370527015565,1.602102564761429
2026-09-07 13:00:48.053848,365.1707377321405,9.6099676827756,4.644886930065806,1.6098445837921644
2026-09-07 13:00:48.155813,365.34744113504047,9.62460137283022,4.5079612076114755,2.187641748804698
2026-09-07 13:00:48.255370,365.444503033693,9.63225388028769,4.374269115713414,2.1545843217567833
2026-09-07 13:00:48.356190,365.5413285168265,9.639660456009251,4.227598634509086,2.1228694584335903
2026-09-07 13:00:48.450812,365.6308811803148,9.646280163051625,4.089944852793989,2.1030260160123304
2026-09-07 13:00:48.551139,365.8729181999547,9.664638332218853,3.955218751125028,2.7956576702006264
2026-09-07 13:00:48.652335,365.9990887841052,9.673361949698952,3.83065011686787,2.7744355759808697
2026-09-07 13:00:48.752213,366.25192927336514,9.691353467635784,3.6629961754750675,3.34815017291801
2026-09-07 13:00:48.851908,366.400843626052,9.700886754049657,3.4844929648951695,3.2897839175913055
2026-09-07 13:00:48.953262,366.54962584129976,9.709946246466922,3.30301932624614,3.2242469620056755
2026-09-07 13:00:49.053277,366.6935447195089,9.718252166129606,3.1910967210117467,3.135105662429575
2026-09-07 13:00:49.152970,367.0239637352286,9.738714733989433,2.9568159571700434,3.9360352691329292
2026-09-07 13:00:49.252949,367.1996491027639,9.74778924076976,2.7778042465469666,3.9238045927672798
2026-09-07 13:00:49.353658,367.52776431212493,9.765662488022372,2.7214546307365857,4.548732968518273
2026-09-07 13:00:49.452570,367.7286716142079,9.77521243505415,2.5332845478569648,4.439831639778116
2026-09-07 13:00:49.551877,367.9255817677716,9.78392432902717,2.333249986197,4.495367497866877
2026-09-07 13:00:49.648914,368.1204265321522,9.791863360877715,2.2355189412565726,4.418207464997895
2026-09-07 13:00:49.753054,368.51042270719444,9.809357365223754,2.060710860831991,5.199241521127797
2026-09-07 13:00:49.852069,368.740411362199,9.81763274932347,1.7283002197096562,5.171555240258075
2026-09-07 13:00:49.951758,369.1267115141928,9.831728218831868,1.4270941805988144,5.7359907954012685
2026-09-07 13:00:50.052866,369.38589398249934,9.838185139446532,1.166858988166782,5.560177284585682
2026-09-07 13:00:50.152841,369.63434247577237,9.843245624639925,0.9431033023534848,5.389828250872255
2026-09-07 13:00:50.252686,369.87488330047694,9.847205346251226,0.6749456255339361,5.446537425736361
2026-09-07 13:00:50.353525,370.3407851803757,9.856930473019444,0.46054067808066573,6.318252272231457
2026-09-07 13:00:50.452399,370.62004690840354,9.859175213496938,0.4162823741464743,6.287149560505437
2026-09-07 13:00:50.551127,370.8975252259714,9.86119126714552,0.018545815725315506,6.340636245142158
2026-09-07 13:00:50.652809,371.185744672897,9.861284559618076,359.5406358997041,6.267779195157816
2026-09-07 13:00:50.753036,371.71038391483324,9.86286889384702,359.17050840931836,6.937633532272692
2026-09-07 13:00:50.853325,372.02138759368273,9.85836606722859,358.83382072778,6.601123376581925
2026-09-07 13:00:50.953395,372.3166296149633,9.852355979197439,358.66584449762746,6.319561778346868
2026-09-07 13:00:51.061422,372.6217336235624,9.845250224091446,358.4361563486123,6.123221545929188
2026-09-07 13:00:51.152051,372.86972224607274,9.83847988657038,358.3043114860745,6.018688219772692
2026-09-07 13:00:51.251086,373.1360685737626,9.830594972179293,358.0383292583833,5.9044592427795815
2026-09-07 13:00:51.351733,373.80542121935287,9.817248265874325,357.83559552836033,7.366602178857951
2026-09-07 13:00:51.449979,374.1287307676295,9.80502911653346,357.63769814403855,7.422403166325515
2026-09-07 13:00:51.550338,374.4614500840454,9.791303338910156,357.32323697253014,7.580252401013686
2026-09-07 13:00:51.649906,374.79848563727927,9.775546135773975,356.97782757524243,7.7029264066955045
2026-09-07 13:00:51.751132,375.3520169523496,9.751792220195586,356.7625997842994,8.526617227575372
2026-09-07 13:00:51.849650,375.72694255666386,9.730585115371207,356.59722872162155,8.542973443601902
2026-09-07 13:00:51.950547,376.11159397584845,9.70771393975113,356.4730281456043,8.513879282215337
2026-09-07 13:00:52.050225,376.49025432605214,9.684375155122797,356.28340082514495,8.651495637854655
2026-09-07 13:00:52.151007,377.05647953067836,9.651697766571631,356.2495665482843,9.19312891091389
2026-09-07 13:00:52.250472,377.4643750657241,9.6249597816851,356.1827822743475,9.195736296089155
2026-09-07 13:00:52.350276,378.01132560205525,9.591035018728746,356.171613625952,9.8337776056067
2026-09-07 13:00:52.446578,378.4337333419732,9.562768521552327,356.07462283800663,9.874169125381217
2026-09-07 13:00:52.550908,378.8931810886564,9.531242068220864,355.8994958259969,9.908811404315987
2026-09-07 13:00:52.650534,379.33335823255436,9.49968588497794,355.81030599271924,9.899235516951322
2026-09-07 13:00:52.749976,379.92025692246807,9.458831797464754,355.84369040818603,10.480593763474747
2026-09-07 13:00:52.857637,380.4233484429302,9.422272741038983,355.6870678067484,10.547386680146074
2026-09-07 13:00:52.949237,380.9720453827641,9.382352190907921,355.79982411033706,11.053954053736103
2026-09-07 13:00:53.057268,381.5044532462169,9.34325295815629,355.8965384909086,11.138912107685414
2026-09-07 13:00:53.156409,381.99686419018127,9.30792660095209,355.9298218554205,11.219477753726597
2026-09-07 13:00:53.256269,382.49645432440303,9.272376892655203,356.04157100663497,11.229948712701185
2026-09-07 13:00:53.356759,383.12532535080635,9.229120563443836,356.04157100663497,11.75647961877407
2026-09-07 13:00:53.456415,383.6478296164213,9.192964443847474,355.9969626612978,11.802631878638959
2026-09-07 13:00:53.557627,384.2885354450797,9.148357535693034,355.89502675519486,12.293098990390662
2026-09-07 13:00:53.659079,384.84463531563927,9.108447283818263,355.89502675519486,12.216860776248751
2026-09-07 13:00:53.759088,385.38942579780945,9.069348685682446,355.9062183442834,12.241329468927258
2026-09-07 13:00:53.858747,385.9334046219509,9.030415139948042,355.92852318838686,12.292708059559528
2026-09-07 13:00:53.960018,386.62968022948394,8.981058142628447,355.9398560026194,12.958183947283946
2026-09-07 13:00:54.059960,387.2071739046842,8.94006664054809,356.04051282520703,12.996608990344969
2026-09-07 13:00:54.164381,387.9284237765113,8.890075511019615,356.12231004815186,13.53194408877713
2026-09-07 13:00:54.260567,388.50895163815306,8.850726184521951,356.1546013675752,13.555477427516392
2026-09-07 13:00:54.361013,389.22605227900107,8.802317467265453,356.1883228433699,14.058543086726907
2026-09-07 13:00:54.459475,389.84349063446405,8.761180863169566,356.11119354786814,14.093818016682839
2026-09-07 13:00:54.560624,390.5870223213243,8.710573761780353,356.0545977392552,14.598991328603603
2026-09-07 13:00:54.660659,391.2383368140835,8.66565305346136,356.1105702324543,14.588502019760995
2026-09-07 13:00:54.761156,392.00667848515207,8.613354060297949,356.223032223738,15.188020599131047
2026-09-07 13:00:54.859978,392.6761882260965,8.569155587458608,356.223032223738,15.178521990924846
2026-09-07 13:00:54.961784,393.47765002293806,8.51605979411272,356.17746148835437,15.771616382606819
2026-09-07 13:00:55.085942,394.3510839461893,8.457701268366272,356.1635674856341,15.676145479555638
2026-09-07 13:00:55.182409,395.15196203846574,8.403951611380956,356.098796173576,16.257256256676072
2026-09-07 13:00:55.260410,395.7175319710756,8.365382983195843,356.04642357867993,16.24907735350186
2026-09-07 13:00:55.371218,396.52052441680644,8.309886045979546,355.8728227382346,16.205506378309483
2026-09-07 13:00:55.462352,397.1790334383433,8.262369564417359,355.7810369137594,16.151355812923832
2026-09-07 13:00:55.571032,398.13531066409035,8.192543945161818,355.7323892159666,16.905438095466096
2026-09-07 13:00:55.669671,398.87869885882964,8.137070900151127,355.72135093785056,16.8890617907031
2026-09-07 13:00:55.760459,399.56224571712306,8.085930906364457,355.8127882876043,16.870815695555013
2026-09-07 13:00:55.871615,400.39833875372074,8.024719689120202,355.7879102810904,16.932006633446477
2026-09-07 13:00:55.959881,401.0646446315332,7.975647889547606,355.7582778439351,16.988309428638182
2026-09-07 13:00:56.061055,401.8309012725164,7.918816500461543,355.7129900064628,17.018367526067944
2026-09-07 13:00:56.160915,402.8054836283384,7.846254497008936,355.7129900064628,17.790792795688525
2026-09-07 13:00:56.260172,403.59268531903626,7.787243983611308,355.7129900064628,17.794262039212597
2026-09-07 13:00:56.360609,404.3894008544241,7.727520289759202,355.7129900064628,17.78022009106478
2026-09-07 13:00:56.460849,405.18392621194386,7.667960776855828,355.6681202491316,17.852043921147096
2026-09-07 13:00:56.560584,406.1762080200929,7.593170575008982,355.74624673738975,18.503651648649726
2026-09-07 13:00:56.659830,406.9948968231962,7.532277561539457,355.63518468790625,18.514058225801655
2026-09-07 13:00:56.760167,407.82292992149246,7.469075359189704,355.66886957049803,18.502660502373665
2026-09-07 13:00:56.867686,408.70972601158786,7.40191226078335,355.59667755974647,18.40964955641525
2026-09-07 13:00:56.959216,409.4607807083337,7.344077941577658,355.4737646839926,18.31927304858038
2026-09-07 13:00:57.067086,410.34142140177283,7.274364264713257,355.3651231573819,18.204279318992423
2026-09-07 13:00:57.165796,411.14210052074856,7.209452587244847,355.3651231573819,18.137001887163056
2026-09-07 13:00:57.266501,411.95594307060304,7.14347374022083,355.37639263292067,18.034046151588498
2026-09-07 13:00:57.367120,412.76448761380396,7.078084481575193,355.5452904074957,18.028770879101696
2026-09-07 13:00:57.466282,413.5612774948972,7.016009455731109,355.62296804151237,18.01230774451083
2026-09-07 13:00:57.567845,414.3767001265862,6.953594905708322,355.60023706004876,17.937761038679138
2026-09-07 13:00:57.667431,415.17291664310454,6.892332697541387,355.67824683053726,17.86292506902318
2026-09-07 13:00:57.768338,416.20701166730123,6.813833664212763,355.87021219928056,18.263134406211567
2026-09-07 13:00:57.868010,417.0186559810091,6.755230122420623,355.82559669197093,18.29797189278995
2026-09-07 13:00:57.975529,417.8958201536315,6.691209182556438,355.82559669197093,18.331794054956646
2026-09-07 13:00:58.065524,418.63137669670914,6.637523655170733,355.7248870498366,18.367181120082247
2026-09-07 13:00:58.176189,419.5375037969849,6.569787414769428,355.7001189348373,18.41262985474525
2026-09-07 13:00:58.266517,420.27891725422916,6.514041804617755,355.58892841747314,18.42604776757185
2026-09-07 13:00:58.376404,421.1813951325237,6.444424490494059,355.6750073808784,18.404923451934543
2026-09-07 13:00:58.465777,421.9146386729555,6.388969969515282,355.6650060220846,18.409609116947742
2026-09-07 13:00:58.572983,422.79440191724984,6.322279851877868,355.700996947896,18.41710327295168
2026-09-07 13:00:58.673973,423.623531562317,6.259951789123015,355.58798326092284,18.437399712448148
2026-09-07 13:00:58.774629,424.450705498784,6.196129708953167,355.5091353158473,18.411013650798186
2026-09-07 13:00:58.873546,425.26233834113447,6.132383026686983,355.58662103138374,18.422250070148245
2026-09-07 13:00:58.974344,426.08999705988555,6.068503747183911,356.45517200544367,18.208221456237855
2026-09-07 13:00:59.062735,426.80810584450694,6.024018357957428,357.4146443315243,18.10472475781601
2026-09-07 13:00:59.178061,427.7405509217451,5.981915088756075,357.86634209985317,17.96364363252521
2026-09-07 13:00:59.273756,428.5084936974867,5.953304167942662,357.3737360401985,18.187741483109047
2026-09-07 13:00:59.374810,429.0793885471341,5.932611298154755,355.0667957835683,18.20087010958784
2026-09-07 13:00:59.474177,429.88489483961234,5.863084785288781,353.34323522293187,18.27380496301259
2026-09-07 13:00:59.573929,430.69428744245323,5.768622145886698,352.74044244111275,17.64186871290074
2026-09-07 13:00:59.675057,431.48545233117665,5.667839145978983,354.087143033459,17.059536944490755
2026-09-07 13:00:59.775610,432.71910214079406,5.55139976898881,356.1350918189335,17.71897580119172
2026-09-07 13:00:59.876016,433.5126184290336,5.49779149712925,357.31487346730853,17.89093657371767
2026-09-07 13:00:59.975784,434.2367413747353,5.4659286123226165,356.8794532956523,18.237879584902423
2026-09-07 13:01:00.075778,435.0507897725128,5.421548541110096,355.55904385650683,18.250985847065763
2026-09-07 13:01:00.175773,435.8641915840424,5.358375772456059,354.6414620191286,18.02468212389502
2026-09-07 13:01:00.275399,436.6634451484237,5.283407573591739,354.6860569357674,17.77222691155384
2026-09-07 13:01:00.375286,437.5778129539642,5.200202491233297,355.1219964623313,18.155437681049907
2026-09-07 13:01:00.473621,438.3730294235097,5.132335916828708,355.3200731197757,18.16746724286205
2026-09-07 13:01:00.576347,439.2045457962816,5.064266102500617,355.38904694297406,18.325448911169136
2026-09-07 13:01:00.676437,440.0218501922466,4.998350096762099,355.28824106183504,18.441769336214996
2026-09-07 13:01:00.776733,440.8459169980126,4.930429201468481,355.18722770730693,18.551318048298924
2026-09-07 13:01:00.872395,441.63646211866444,4.8638677997887365,355.0694712278976,18.611502679428128
2026-09-07 13:01:00.973474,442.4743361584022,4.791586911583997,355.11471654115854,18.723673089584377
2026-09-07 13:01:01.072481,443.30003706042214,4.7210130106673,354.9817630276683,18.747031501653208
2026-09-07 13:01:01.173651,444.1446597686584,4.646847194054256,354.95912000417866,18.693105870697366
2026-09-07 13:01:01.274047,444.98038067183194,4.573130208520586,354.9815897974599,18.650997222701662
2026-09-07 13:01:01.371456,445.78943842004634,4.502084864853162,355.03609296725085,18.627164658781204
2026-09-07 13:01:01.474038,446.6404439348481,4.428171686699846,355.03609296725085,18.51422268910288
2026-09-07 13:01:01.574426,447.4681988035826,4.356277918662051,355.14843298119143,18.49667881718985
2026-09-07 13:01:01.674260,448.29074406231183,4.286461284305759,355.0925729533408,18.48795528993278
2026-09-07 13:01:01.773749,449.1099920383686,4.216119979364533,355.07030615721584,18.413192212943024
2026-09-07 13:01:01.874604,449.8195801767268,4.154720077602647,354.8784397132169,18.127539569756863
2026-09-07 13:01:01.974091,450.62257770641276,4.08274987391448,355.0120378042267,18.111022477815986
2026-09-07 13:01:02.075233,451.4383577753606,4.011551069517388,354.91017239878994,18.011155103671612
2026-09-07 13:01:02.173496,452.2264228637433,3.941359160850409,354.9871458094854,18.001710225626585
2026-09-07 13:01:02.268974,452.8534484160303,3.8860897908807623,355.02988398476936,17.704527539216837
2026-09-07 13:01:02.373436,453.67711803388477,3.814460910020035,355.1584729474929,17.665277468613535
2026-09-07 13:01:02.473590,454.4652206894481,3.7477068141016368,355.3041745481132,17.660901724133172
2026-09-07 13:01:02.573837,455.2540270759816,3.682912984293428,355.28173810276616,17.599584416817272
2026-09-07 13:01:02.674285,455.90849145418963,3.62923432852563,355.19181237682034,17.190185549743294
2026-09-07 13:01:02.773348,456.6670819546032,3.565424535395194,355.22506955537057,17.119205062119146
2026-09-07 13:01:02.873729,457.3264101124755,3.51048524026226,355.22506955537057,16.67244759999631
2026-09-07 13:01:02.974869,458.0776156846495,3.4477357386672702,355.1571606279493,16.59732760933552
2026-09-07 13:01:03.074170,458.8117659741792,3.3855345955759546,355.21272242679134,16.54960436484118
2026-09-07 13:01:03.174043,459.5480822050279,3.3238690416825354,355.21272242679134,16.522550866063106
2026-09-07 13:01:03.275044,460.16277220230876,3.272477733260048,355.30314322408196,16.05218818979569
2026-09-07 13:01:03.375096,460.8783313439154,3.2136875833903935,355.3367324271982,16.006726793723747
2026-09-07 13:01:03.474265,461.4716940070857,3.1655382875363856,355.3367324271982,15.557893687539918
2026-09-07 13:01:03.575275,462.1718930790922,3.1084233541761477,355.34803603401195,15.54024111450395
2026-09-07 13:01:03.672119,462.7306296015101,3.0631572543175376,355.3913856626929,15.075729286794818
2026-09-07 13:01:03.772331,463.4038201543923,3.008891758825949,355.3913856626929,15.068724041179212
2026-09-07 13:01:03.871735,463.96133535575973,2.9641483651021576,355.3691378905573,14.558129148296949
2026-09-07 13:01:03.971406,464.60788326185656,2.9117778259739713,355.3914454204005,14.54245243662126
2026-09-07 13:01:04.073143,465.1518303293895,2.868079784264771,355.45975519446677,13.97154314498931
2026-09-07 13:01:04.167925,465.7419657206577,2.8212180174336856,355.4915751665789,13.964917479500762
2026-09-07 13:01:04.271840,466.2781299405198,2.779177835515657,355.54971863267366,13.385348599521093
2026-09-07 13:01:04.372106,466.8762913659045,2.7326237467373424,355.68436281928285,13.372206686185597
2026-09-07 13:01:04.472161,467.36584786473856,2.696108183697421,355.7627399765763,12.785390654253476
2026-09-07 13:01:04.571332,467.9311184283821,2.654227707088304,355.74054435255255,12.7914565701251
2026-09-07 13:01:04.671539,468.39066180568943,2.6203623772012863,355.76297184543404,12.256881791416482
2026-09-07 13:01:04.772133,468.94034173666125,2.57963923569399,355.7517147914412,12.321048326430128
2026-09-07 13:01:04.871933,469.3717598281082,2.5478487599598916,355.6512009844907,11.718254479341686
2026-09-07 13:01:04.971604,469.8923859441817,2.5082567309930033,355.5396633352749,11.687771984416736
2026-09-07 13:01:05.071670,470.29981034275954,2.476328538409031,355.4276836580727,11.001379040351132
2026-09-07 13:01:05.178978,470.82587760025075,2.4342579878092043,355.36764170975243,10.929179160306841
2026-09-07 13:01:05.270472,471.1271446029442,2.4094189904880388,355.33692557664244,10.108608044994446
2026-09-07 13:01:05.378486,471.61363904867017,2.369737501353058,355.3852751573325,10.110495704655774
2026-09-07 13:01:05.478419,471.93074571537136,2.343935997312968,355.35172590459376,9.382983292326811
2026-09-07 13:01:05.568575,472.3076674607069,2.3132899438319274,355.3920818287952,9.382983292326811
2026-09-07 13:01:05.681944,472.655578666808,2.285146812085531,355.41745513046556,8.717244118444116
2026-09-07 13:01:05.779426,473.0342474247973,2.254795952417166,355.37381991813356,8.717244118444116
2026-09-07 13:01:05.879509,473.29712720682363,2.233417161816793,355.4186193986102,8.03017217552901
2026-09-07 13:01:05.979267,473.6540950819854,2.204812960212647,355.39629239715447,8.037145684610971
2026-09-07 13:01:06.080372,473.8544986941717,2.1886185811842553,355.4302351107541,7.1817448451903925
2026-09-07 13:01:06.181545,474.17828478535836,2.1627393322815704,355.3962695683673,7.1817448451903925
2026-09-07 13:01:06.281459,474.35541288525155,2.148430454150608,355.407450526403,6.395425749613631
2026-09-07 13:01:06.380999,474.6390851323343,2.125643853143668,355.3851723158845,6.382378993450872
2026-09-07 13:01:06.481445,474.78871749455624,2.1135122664919437,355.43013428361087,5.6341496512531375
2026-09-07 13:01:06.581544,475.0400343665681,2.0934248193367626,355.45253760483536,5.649893680730366
2026-09-07 13:01:06.681904,475.12396997485996,2.0868449770908537,355.418845000742,4.7558857540535815
2026-09-07 13:01:06.781188,475.3343804513139,2.06998540382604,355.46328683021994,4.78711743913769
2026-09-07 13:01:06.881871,475.39091171429567,2.065596119373307,355.53088891188463,4.054994568645531
2026-09-07 13:01:06.981390,475.57076574500263,2.051538858308874,355.6311197090179,4.171521001543035
2026-09-07 13:01:07.081777,475.7574271442579,2.037278025939841,355.6311197090179,4.279414739030172
2026-09-07 13:01:07.181365,475.9473923208253,2.0227647867281466,355.66455313923365,4.365564852834306
2026-09-07 13:01:07.282125,475.91435112451774,2.025760766695285,355.6194506177982,3.3685762897517955
2026-09-07 13:01:07.381134,476.0630120738587,2.0143726945504485,355.6416099843365,3.4871009970626625
2026-09-07 13:01:07.480888,476.218066268583,2.0025551900743688,355.6416099843365,3.5219671443872866
2026-09-07 13:01:07.581701,476.37633332073625,1.9904928166534994,355.67545466843836,3.580107023508842
2026-09-07 13:01:07.681818,476.27663009451516,1.9983788621098733,355.73147304302347,2.5495367708581425
2026-09-07 13:01:07.781053,476.38941895405304,1.9899605287153883,355.8314178088825,2.70388388954439
2026-09-07 13:01:07.881081,476.5100073598929,1.9811715476147187,355.86499895477976,2.876945374534547
2026-09-07 13:01:07.981874,476.63930077142885,1.9718242881142478,355.9101162477834,3.0442845493007873
2026-09-07 13:01:08.082006,476.77522507915967,1.962105234638101,355.9213216012877,3.04078472266335
2026-09-07 13:01:08.181630,476.91030621697786,1.952473023255156,355.95476711733187,3.0460078290967783
2026-09-07 13:01:08.282157,476.8754815933414,1.9554507091796258,355.8985193358171,2.483967339306471
2026-09-07 13:01:08.382274,476.9863700681199,1.9474992441124375,355.96574138531923,2.611691875281999
2026-09-07 13:01:08.482398,477.10297826168386,1.9392751379964743,355.99935476009244,2.7254271534450267
2026-09-07 13:01:08.589202,477.2327884945031,1.930196453242617,355.9634987926992,2.843950768501845
2026-09-07 13:01:08.676778,477.2905805596131,1.9262117177147167,355.9438982646264,2.7055549949577573
2026-09-07 13:01:08.790509,477.42779267283936,1.916481893224483,355.96935258611,2.758225608535401
2026-09-07 13:01:08.889041,477.5836803134913,1.9054482669328985,355.9252473693367,2.913350201760817
2026-09-07 13:01:08.989676,477.7144144265016,1.896135031313643,355.8914624429424,2.9432481660089826
2026-09-07 13:01:09.078711,477.89904952159947,1.8828750511585888,355.8914624429424,3.243761911200637
2026-09-07 13:01:09.190883,478.06129114961306,1.8712211268027574,355.9793313399283,3.2751271134196775
2026-09-07 13:01:09.278659,478.27189092604414,1.8563118309290159,355.98915398512855,3.6697818510971927
2026-09-07 13:01:09.379903,478.43757889007594,1.8446942815331109,356.0118135706794,3.6936680315843975
2026-09-07 13:01:09.479912,478.70309189116665,1.8260478617409035,356.03419674885646,4.162405588366516
2026-09-07 13:01:09.579151,478.88730986334855,1.8132765690075163,356.10082927850215,4.216169111345444
2026-09-07 13:01:09.679233,479.17147309525336,1.7937039871504983,356.1232287949288,4.753673236261147
2026-09-07 13:01:09.780252,479.3856555398539,1.7791897277187265,356.1345334088949,4.7580867727315965
2026-09-07 13:01:09.879614,479.73832501093824,1.755099895099995,356.23460608310546,5.501916554078453
2026-09-07 13:01:09.979189,479.982708679826,1.7390162002839111,356.32375025880884,5.480164314695512
2026-09-07 13:01:10.079429,480.36618086493286,1.713876017798302,356.40227233413844,6.200172722164446
2026-09-07 13:01:10.186537,480.6624697352676,1.6952468993245864,356.3783003171381,6.144017931765377
2026-09-07 13:01:10.278347,481.04787395296944,1.6704614773787274,356.3783003171381,6.820322941469141
2026-09-07 13:01:10.385918,481.3751983090339,1.6497435129128348,356.36626249624356,6.775204915118032
2026-09-07 13:01:10.478547,481.7852231417165,1.6234802295797583,356.3351653238186,7.443854942078298
2026-09-07 13:01:10.576170,482.10941896101826,1.6027152259643243,356.34608990562214,7.426794283356484
2026-09-07 13:01:10.686525,482.5949430373767,1.57160199108063,356.5189810393611,8.152591229147292
2026-09-07 13:01:10.785229,482.9540094455056,1.5497599434263178,356.4637532793898,8.175878155373134
2026-09-07 13:01:10.886997,483.4395348509239,1.519554480169906,356.31570367086766,8.796186293991488
2026-09-07 13:01:10.985375,483.82558194986177,1.4946961828115803,356.2826764587762,8.883008939196614
2026-09-07 13:01:11.086296,484.3390087161276,1.4614520870999248,356.2600891643847,9.494756634043435
2026-09-07 13:01:11.186540,484.76359187198267,1.4336985216121063,356.28252493829683,9.476361992344707
2026-09-07 13:01:11.295030,485.33816709204973,1.3964330258229731,356.3675095746945,10.086360142233767
2026-09-07 13:01:11.384396,485.7403094156346,1.370903423714256,356.45751475377205,10.076208663199454
2026-09-07 13:01:11.482084,486.28976819667264,1.3366815792704427,356.43565104240844,10.703158260401086
2026-09-07 13:01:11.594822,486.828146744901,1.3031459791687758,356.4230350041453,10.688381635965913
2026-09-07 13:01:11.685911,487.3763372589542,1.2687902833384779,356.5453556743031,11.281152290557989
2026-09-07 13:01:11.795527,487.92814003882376,1.2354790027379636,356.48402233282746,11.246670476850044
2026-09-07 13:01:11.894463,488.53873791007464,1.1978506530691193,356.4729508186831,11.896957443474701
2026-09-07 13:01:11.992931,489.06143973653707,1.1656331434083425,356.483969960904,11.884911611446249
2026-09-07 13:01:12.092999,489.7171648689502,1.125260599508929,356.4503753863084,12.479541857984824
2026-09-07 13:01:12.192639,490.27197549777213,1.0908445758548428,356.58417893640257,12.33327139001775
2026-09-07 13:01:12.293234,490.9631445122824,1.049326312249881,356.6179504340986,12.954743880911073
2026-09-07 13:01:12.393116,491.54058256643015,1.0152017137316887,356.59559567999963,12.913723589801776
2026-09-07 13:01:12.493594,492.11961349440037,0.9807562705700194,356.4943990237394,12.904065809597542
2026-09-07 13:01:12.593182,492.69302521067584,0.9456286434141427,356.3829542563537,12.964109828309516
2026-09-07 13:01:12.693597,493.4459304008918,0.8983609486083859,356.3042950963954,13.799974966071678
2026-09-07 13:01:12.792927,494.0574368510742,0.858862632533656,356.3042950963954,13.810390351160262
2026-09-07 13:01:12.882338,494.6082942848738,0.823281746958626,356.3143007076103,13.776014197739986
2026-09-07 13:01:12.995445,495.303415055336,0.7785045241652426,356.3143007076103,13.699912585258442
2026-09-07 13:01:13.095524,496.0974617125968,0.7276081245978722,356.3590983975938,14.556349970551882
2026-09-07 13:01:13.194331,496.73912788157605,0.6867780125099486,356.42544086735575,14.643551225962472
2026-09-07 13:01:13.293956,497.5249190668939,0.6376166011333042,356.3919950155941,15.30107244986618
2026-09-07 13:01:13.396622,498.22578225253375,0.5934237186289091,356.3115725556401,15.3871939378762
2026-09-07 13:01:13.494436,498.897220868192,0.5501399130646085,356.3553563789002,15.42907433098979
2026-09-07 13:01:13.594326,499.58481002457995,0.5063425684863033,356.3665346511962,15.491918958987286
2026-09-07 13:01:13.694379,500.41727491994715,0.4534995606888426,356.3441416253071,16.051002095380106
2026-09-07 13:01:13.794358,501.13320836588093,0.4077560676998824,356.3777063210489,16.074589828371003
2026-09-07 13:01:13.895488,501.9755176400297,0.3544195125544948,356.3324381790008,16.61482446250654
2026-09-07 13:01:13.995725,502.71850230805165,0.30679523600244313,356.1529645211554,16.643728309547633
2026-09-07 13:01:14.095999,503.5701394222185,0.24985802131787405,356.2988406948539,17.176291894329847
2026-09-07 13:01:14.191587,504.3025800440532,0.20247832901546953,356.1918721602426,17.203855178655637
2026-09-07 13:01:14.290053,505.05819144242605,0.15218301222594466,356.1037208129687,17.252897927207222
2026-09-07 13:01:14.391380,505.83789348616807,0.09907912879555594,355.8996173557167,17.245814738342688
2026-09-07 13:01:14.491221,506.74242072839667,0.03496374928313047,355.77671667769715,17.811495031815227
2026-09-07 13:01:14.593287,507.55290945901277,-0.024885967493098758,355.571124649236,17.79633347957717
2026-09-07 13:01:14.693482,508.34764788015116,-0.08644066755359009,355.5599122456651,17.78845391517857
2026-09-07 13:01:14.792378,509.13172352270254,-0.147323866975187,355.7259178143387,17.77203494260341
2026-09-07 13:01:14.892753,510.09742153718486,-0.21891381037504073,355.8382432805228,18.45950020588944
2026-09-07 13:01:14.993257,510.9246071705909,-0.27910345327845776,355.80450233311547,18.489359250941337
2026-09-07 13:01:15.092621,511.8749233180776,-0.34861529828020127,355.960174070806,19.05609709677299
2026-09-07 13:01:15.192136,512.7205690553678,-0.40833931467720264,355.9044925327372,19.01435796269103
2026-09-07 13:01:15.293222,513.5776239172152,-0.46970622491815406,355.983677314329,19.01347466994877
2026-09-07 13:01:15.391961,514.4148229538542,-0.5284885606452954,355.8842320960476,19.032455930714026
2026-09-07 13:01:15.491686,515.419804096772,-0.6007306854006721,355.7837938255252,19.6692610280764
2026-09-07 13:01:15.592627,516.3049708962877,-0.6659849977098697,355.7837938255252,19.55371565776558
2026-09-07 13:01:15.691637,517.1681041036825,-0.7296149981918104,355.9943099338498,19.56669294657083
2026-09-07 13:01:15.792619,518.0492453962597,-0.7913183346346065,356.01691088075137,19.547280498859216
2026-09-07 13:01:15.892795,519.108838432502,-0.8654393478001883,356.005700603391,20.223292594735597
2026-09-07 13:01:15.992678,520.0096493416219,-0.928340119668333,355.62566597891134,20.12379557335608
2026-09-07 13:01:16.092924,520.9088495441706,-0.9971246315497608,355.3900856527894,20.015177426769643
2026-09-07 13:01:16.193297,521.8040401321534,-1.0693058630214924,355.3226917159488,19.94325829970607
2026-09-07 13:01:16.292376,522.6844307277256,-1.1413361258747088,355.36704178265484,19.884386924940948
2026-09-07 13:01:16.393064,523.5765336432928,-1.2136295319633787,355.41211207521434,19.79200634937724
2026-09-07 13:01:16.493482,524.7484454499751,-1.3065204949767968,355.3783999995084,20.76069732776158
2026-09-07 13:01:16.593450,525.6732180371052,-1.3812768292498752,355.2665299900091,20.774673705714335
2026-09-07 13:01:16.693032,526.5948927716888,-1.4575943585865545,355.2665299900091,20.749439334209548
2026-09-07 13:01:16.793422,527.5229172834396,-1.5344376691853814,354.9182690086324,20.76259750028529
2026-09-07 13:01:16.901740,528.5243419453423,-1.6234905964377273,354.8576619359244,20.64996564337651
2026-09-07 13:01:16.992298,529.3569507973808,-1.698419145215779,354.92859970625256,20.584287848184808
2026-09-07 13:01:17.086903,530.2240980605758,-1.775373704035831,355.0662287567816,20.58676783284781
2026-09-07 13:01:17.291083,532.4363289777245,-1.965218777005478,354.79204159441485,21.644210900749663
2026-09-07 13:01:17.390343,533.3927868522317,-2.052397216807051,354.6032094767079,21.63813954108386
2026-09-07 13:01:17.490463,534.3796560190926,-2.1454177027876042,354.33431322148056,21.609034687684385
2026-09-07 13:01:17.590877,535.3449269674489,-2.2411807474606973,354.12081191351865,21.469524782949907
2026-09-07 13:01:17.690736,536.2983061172188,-2.3393529115269223,354.0537630942249,21.298500832352644
2026-09-07 13:01:17.790077,537.239070646966,-2.437338824162888,354.03152942222255,21.21430047940604
2026-09-07 13:01:17.890903,538.1900849302442,-2.536765366673658,354.0428124383655,21.2019661874523
2026-09-07 13:01:17.991031,539.1339858244766,-2.635260313070539,354.1324516854137,21.250086881349937
2026-09-07 13:01:18.090377,540.0727925174605,-2.7317391707521725,354.3103300138983,21.19366112456643
2026-09-07 13:01:18.190221,541.0140956095257,-2.8255223121210893,354.5449656310932,21.086350991524643
2026-09-07 13:01:18.291192,541.9615823357897,-2.9160044835246874,354.8500451782354,20.961948402061175
2026-09-07 13:01:18.390366,542.8871733850026,-2.999424776058346,355.2606766442216,20.94808303207191
2026-09-07 13:01:18.490410,543.8208452777054,-3.076831746198254,355.1487215862996,20.926228339259186
2026-09-07 13:01:18.590271,544.7516844088899,-3.1558355093268924,355.3498720727902,20.839842062653627
2026-09-07 13:01:18.698711,545.8626710085576,-3.2472705736051086,355.24065646932615,20.945237005153828
2026-09-07 13:01:18.788932,546.7045298135246,-3.3173618820890654,355.4829665876129,20.879803621466124
2026-09-07 13:01:18.897312,547.713018214431,-3.3970333172859037,355.4829665876129,20.909161487932213
2026-09-07 13:01:18.996993,548.641865581027,-3.4704130435266745,355.2375591400579,20.91438758277272
2026-09-07 13:01:19.096936,549.5730633384214,-3.5479932046836957,354.9579540574467,20.97551894475934
2026-09-07 13:01:19.196130,550.4995959875525,-3.629739483167499,354.83584981314357,20.92264656127576
2026-09-07 13:01:19.297943,551.3629420227869,-3.707949858462872,354.93839101782345,20.674692019070044
2026-09-07 13:01:19.397689,552.2812408692618,-3.78928567729574,355.19512064855815,20.652902424598633
2026-09-07 13:01:19.497433,553.198908349891,-3.866423069517783,355.1281490442798,20.65028772569026
2026-09-07 13:01:19.715377,555.0535084219413,-4.0241964852633165,354.76231101585597,20.334656475417674
2026-09-07 13:01:19.805473,555.8690978165305,-4.098961902720992,354.68165288224645,20.447234907996414
2026-09-07 13:01:19.913555,556.8527933499835,-4.190534295162386,355.3831631588037,20.07040972526668
2026-09-07 13:01:20.006353,557.6827010211755,-4.2575525407506385,355.6635483368816,19.70308474106504
2026-09-07 13:01:20.114582,558.633260259839,-4.329633644353105,355.9542232550498,19.580142635073408
2026-09-07 13:01:20.205467,559.4268039347998,-4.385760765170921,355.547400839343,19.791388150715182
2026-09-07 13:01:20.314044,560.0971917256327,-4.43635060907814,352.959366033646,19.3701169113197
2026-09-07 13:01:20.412568,560.9438992969222,-4.540922814559584,351.6363169600334,19.102375175401214
2026-09-07 13:01:20.509613,561.8160344438825,-4.666421790289639,351.87523476531203,19.07083907525951
2026-09-07 13:01:20.612989,562.6885129259617,-4.790978644303545,353.73774329846447,18.745650054142832
2026-09-07 13:01:20.714690,563.6601615016395,-4.896652823520154,356.0935965815852,19.190277453144812
2026-09-07 13:01:20.814200,564.5118566663365,-4.954811204038574,356.57243374922564,19.793725445774108
2026-09-07 13:01:20.922408,565.467631796287,-5.012056190299536,355.40995967868474,20.528398377726504
2026-09-07 13:01:21.011536,566.2829375495925,-5.077511494270358,354.14326906144225,20.779951860077077
2026-09-07 13:01:21.122830,567.141129983403,-5.167325925378849,353.34618450080114,20.128086485176308
2026-09-07 13:01:21.212932,567.9464123012996,-5.2612668454613605,353.6486726448844,20.153280539399645
2026-09-07 13:01:21.323153,568.9105640390355,-5.368887597768961,353.94469755646463,20.04367114376906
2026-09-07 13:01:21.410476,569.6886406972395,-5.451426130638503,354.21831220865954,20.349646655957564
2026-09-07 13:01:21.522653,570.7039355045579,-5.554228182204348,354.0174600630833,20.716243797013174
2026-09-07 13:01:21.620098,571.6014576978649,-5.648285046456207,353.7993668117297,20.861846460854775
2026-09-07 13:01:21.720806,572.4893593035715,-5.745072180015816,353.7204781329359,20.738697187017987
2026-09-07 13:01:21.821062,573.4132586532573,-5.846737394599198,353.77657428206544,20.803524159995796
2026-09-07 13:01:21.920721,574.3346260337194,-5.947211092015613,353.44200162051305,20.833132161377105
2026-09-07 13:01:22.021027,575.2626876959729,-6.053902109529087,353.35220301957804,20.894485556766778
2026-09-07 13:01:22.121381,576.1937589791789,-6.162417920234589,353.36343321617426,20.934822795884084
2026-09-07 13:01:22.220410,577.1143318175115,-6.269527260666434,353.36343321617426,20.964243628611584
2026-09-07 13:01:22.307813,577.9493787002189,-6.366542710800401,353.34387140751494,21.025148778309088
2026-09-07 13:01:22.423049,579.0251908606436,-6.4920865515816795,353.2020200385156,21.00803086799905
2026-09-07 13:01:22.520055,579.9298111348205,-6.5999236415960265,352.95234271251707,20.874951141492474
2026-09-07 13:01:22.620336,580.8585566108763,-6.714743482452431,352.9411206850457,20.769800106350203
2026-09-07 13:01:22.721783,581.7933456004235,-6.830496368490767,352.79353805950774,20.72990998361231
2026-09-07 13:01:22.821506,582.7101882981352,-6.946425591829816,352.92745306779796,20.67936978097384
2026-09-07 13:01:22.921315,583.625852478816,-7.060032077220394,352.86043782025,20.65843855837631
2026-09-07 13:01:23.021434,584.5432971721218,-7.174949224785695,352.8156222253354,20.666312145960752
2026-09-07 13:01:23.122114,585.4661435330158,-7.291276202470262,352.83815558112207,20.707660165712902
2026-09-07 13:01:23.222186,586.3852976073713,-7.406770547055831,352.95014197267346,20.768870432132015
2026-09-07 13:01:23.322052,587.3054951243263,-7.520569497902841,352.93896638611716,20.851770504692638
2026-09-07 13:01:23.422236,588.2322851361861,-7.635367269370491,352.826854660048,20.901668933804128
2026-09-07 13:01:23.522959,589.1660629546631,-7.752886218601874,352.9170265787964,20.927192438062693
2026-09-07 13:01:23.623373,590.098296324827,-7.868720703801714,352.99568495541394,20.96316669022693
2026-09-07 13:01:23.723793,591.0323464473666,-7.9834790440788215,353.0855856144562,20.92982270814479
2026-09-07 13:01:23.819206,592.1756629711082,-8.122243880023602,353.04287653468526,21.430465845170584
2026-09-07 13:01:23.920203,593.1361178367627,-8.239443396424155,353.12199159895164,21.441938540916492
2026-09-07 13:01:24.019002,594.0763307840782,-8.352855519057197,353.1441039650458,21.472154351092875
2026-09-07 13:01:24.143218,595.2601434352292,-8.495188081184724,353.22750692459266,21.443933861874907
2026-09-07 13:01:24.225078,596.0394019529625,-8.587729624550997,353.0717765482528,21.390286712011356
2026-09-07 13:01:24.320968,596.9496368351689,-8.698335116295874,353.13616044236426,21.38861093215944
2026-09-07 13:01:24.421237,597.9014941181124,-8.812913018322714,353.1810431807705,21.435047081958675
2026-09-07 13:01:24.520773,598.8485334474514,-8.926158425598535,353.1699045231345,21.454181555383876
2026-09-07 13:01:24.620715,599.8002623813189,-9.040152280125625,353.0021431521551,21.512692416408612
2026-09-07 13:01:24.720977,600.757302668277,-9.15762571384762,352.8899441395469,21.499551027355064
2026-09-07 13:01:24.820125,601.7029020981184,-9.275574887601556,352.90103937772494,21.522076346677718
2026-09-07 13:01:24.920408,602.660351473324,-9.39481387338587,352.8224836187438,21.50542710073496
2026-09-07 13:01:25.020487,603.6149500760035,-9.51502716506892,352.77768592876026,21.44158907204905
2026-09-07 13:01:25.120041,604.5616286585793,-9.634995072144626,352.65513853741237,21.46333672396499
2026-09-07 13:01:25.220363,605.5163168835046,-9.758053299496009,352.56532561253255,21.48788199675937
2026-09-07 13:01:25.320494,606.4700832781289,-9.882512911280537,352.53170988773707,21.428385538109136
2026-09-07 13:01:25.420359,607.4186093755844,-10.00685472705804,352.6099382102908,21.39871633554896
2026-09-07 13:01:25.519364,608.3578323244222,-10.128672833291557,352.72073056674964,21.450622869360256
2026-09-07 13:01:25.620087,609.1571003101604,-10.231258413973848,352.24732799332065,21.20384702147249
2026-09-07 13:01:25.720646,610.1015832492031,-10.359841763008394,352.2360748560315,21.16167000711136
2026-09-07 13:01:25.820442,611.0370103764099,-10.487379372106048,352.2695781154785,21.335202122526088
2026-09-07 13:01:25.920677,611.9843323099964,-10.615974546484013,352.11254179822674,21.273016298480698
2026-09-07 13:01:26.020287,612.9226506549481,-10.745967634115566,352.3243336328921,21.33394397693229
2026-09-07 13:01:26.120727,613.8719767716573,-10.87391103343654,352.2456548894154,21.414687590479176
2026-09-07 13:01:26.220942,614.8225843151115,-11.003356468928189,352.0101474139819,21.35426553827188
2026-09-07 13:01:26.322201,615.7798406205332,-11.137717189167237,351.715529158551,21.347187102896967
2026-09-07 13:01:26.420865,616.7115705201306,-11.273383986135219,351.5940773251747,21.25752566320477
2026-09-07 13:01:26.521659,617.6591224242361,-11.413406363725054,351.56023901970457,21.179139693129382
2026-09-07 13:01:26.618334,618.3085558641926,-11.513589698404257,351.67924246565906,20.768370208282413
2026-09-07 13:01:26.719046,619.2337527378313,-11.648903664277183,351.84829634885205,20.799171073417522
2026-09-07 13:01:26.818856,620.1524154365131,-11.780494628522783,351.7142645108864,20.82446322079248
2026-09-07 13:01:26.910875,621.000112319926,-11.903944701239034,351.66277720292726,20.806773790735885
2026-09-07 13:01:27.018015,621.986138929822,-12.04844470472123,351.84262104522315,20.830178610494745
2026-09-07 13:01:27.118737,622.9145646657716,-12.181527996056966,351.763721399659,20.87330410331977
2026-09-07 13:01:27.218596,623.836758262952,-12.315014218689937,351.51787572891544,20.848872110377304
2026-09-07 13:01:27.317767,624.7509496559919,-12.451349461984785,351.5067779169035,20.85233834801823
2026-09-07 13:01:27.417992,625.4125009006216,-12.552631681707263,351.51799367764903,20.27558914312168
2026-09-07 13:01:27.518476,626.3133258392211,-12.68697166247608,351.52923842200175,20.241345877698006
2026-09-07 13:01:27.618683,627.2101765412572,-12.820539042334529,351.5740934077648,20.26323617799272
2026-09-07 13:01:27.718098,628.1010046834901,-12.952496700897607,351.7743455143376,20.269317018423667
2026-09-07 13:01:27.817702,628.9942509985434,-13.081623748583448,351.86351565219104,20.251910158858525
2026-09-07 13:01:27.917786,629.891231815471,-13.209865817751677,351.6843159397914,20.245788398221894
2026-09-07 13:01:28.025818,630.8587146128542,-13.351276778446001,352.0590876335865,20.271276050333558
2026-09-07 13:01:28.116991,631.6770083031048,-13.46542002812075,352.7426745145857,20.17726868032752
2026-09-07 13:01:28.217793,632.3236911775082,-13.544286184455283,352.96828112265126,19.711928926325726
2026-09-07 13:01:28.314581,633.1701739944584,-13.648696914555948,352.6325157688761,19.865853001911805
2026-09-07 13:01:28.425931,633.9738875629117,-13.7510093864154,350.06560889378034,19.156785531024575
2026-09-07 13:01:28.516864,634.7409476667065,-13.885357298106534,348.9666082516045,19.158374682023364
2026-09-07 13:01:28.625820,635.7346958997831,-14.075454513099542,348.58863112751965,18.947409310319667
2026-09-07 13:01:28.724299,636.5523482677669,-14.240490995403412,349.77883143148887,18.734862675440795
2026-09-07 13:01:28.825535,637.38676767653,-14.390945031243234,351.45550826576306,19.197510278283943
2026-09-07 13:01:28.925119,638.2319172613134,-14.517924501118591,351.25491574168774,19.515991845928898
2026-09-07 13:01:29.025367,638.9923063876391,-14.634671304696369,350.6827806781409,19.052956573599644
2026-09-07 13:01:29.126709,639.8440923929686,-14.774419480515844,349.956972067214,18.87142298949643
2026-09-07 13:01:29.227095,640.6780001381527,-14.922105719118942,349.7884654034777,18.725811753645054
2026-09-07 13:01:29.326187,641.494378178001,-15.069164990427959,350.0213338039732,18.75005608860389
2026-09-07 13:01:29.427836,642.333513509818,-15.216805048698337,350.3170867844124,18.753608937621873
2026-09-07 13:01:29.527792,643.159567649628,-15.357751537386335,350.48487165561386,18.85317867690695
2026-09-07 13:01:29.627980,643.9923474128891,-15.497337130047264,350.32790897239124,18.933719707910885
2026-09-07 13:01:29.713763,644.7081049840293,-15.619325007265344,350.32790897239124,19.017672066760205
2026-09-07 13:01:29.829030,645.6741361129923,-15.783967466528557,350.2247165877485,18.96630452100088
2026-09-07 13:01:29.928100,646.501925063014,-15.926583722613662,350.26906262584504,18.887527925925493
2026-09-07 13:01:30.029434,647.1694964805399,-16.041691836220508,350.23504303294754,18.335771896331543
2026-09-07 13:01:30.127309,647.9601372285308,-16.17776126307434,350.2021846867375,18.251103639226475
2026-09-07 13:01:30.228401,648.7729138504736,-16.318120247509487,350.2474358191011,18.276720649169658
2026-09-07 13:01:30.327497,649.5708695388096,-16.455270877906937,350.08109453296936,18.395349505088593
2026-09-07 13:01:30.428420,650.3884000613923,-16.598230782273454,349.7309845317394,18.32039068743525
2026-09-07 13:01:30.527564,651.1873775142758,-16.742983295466843,349.55346788286295,18.209501281565533
2026-09-07 13:01:30.628409,651.9946866137166,-16.89183007539156,349.66631930639807,18.30114471671675
2026-09-07 13:01:30.727098,652.7889988845446,-17.036663479984185,349.66631930639807,18.306318802788464
2026-09-07 13:01:30.827597,653.5981078805089,-17.1841948915912,349.9024941881383,18.29929349465049
2026-09-07 13:01:30.927980,654.4065731504246,-17.328168179621983,349.9024941881383,18.328239441531643
2026-09-07 13:01:31.028363,655.0061433886002,-17.435546369508117,349.8800273044084,17.71301103918394
2026-09-07 13:01:31.127366,655.7778944969406,-17.573293757008646,349.78031619790016,17.605739703005966
2026-09-07 13:01:31.227989,656.5572802686559,-17.713803832584883,349.79157649716177,17.585517021240914
2026-09-07 13:01:31.328451,657.334552719463,-17.853775196013775,349.79157649716177,17.542502850948544
2026-09-07 13:01:31.428562,658.1072149247382,-17.99291634559401,349.7131554727871,17.47602009073693
2026-09-07 13:01:31.527873,658.8706089221574,-18.131467486165114,349.66870155748063,17.443044346815807
2026-09-07 13:01:31.629048,659.2626903532001,-18.204681651476566,349.66870155748063,16.486383512378126
2026-09-07 13:01:31.728777,659.7414788115069,-18.292960061875977,349.66870155748063,15.838024883819118
2026-09-07 13:01:31.836427,660.3152925231892,-18.398202038807202,349.66870155748063,15.30944410544995
2026-09-07 13:01:31.927927,660.7975562250822,-18.486549429965912,349.66870155748063,14.852664530758505
2026-09-07 13:01:32.036605,661.6078838337587,-18.633988774758578,349.74167176130004,15.21206336530154
2026-09-07 13:01:32.136232,662.274557350557,-18.754643060895493,349.8531601719553,15.197264118100508
2026-09-07 13:01:32.227152,662.8825872754055,-18.863462603014224,349.9752538971115,15.208386584770157
2026-09-07 13:01:32.326040,663.5446383036657,-18.980494915092223,350.0748491810966,15.276649421988303
2026-09-07 13:01:32.437118,664.316294622376,-19.115601670287028,350.0499886318906,15.336807463096186
2026-09-07 13:01:32.524365,664.9054772767885,-19.218960526072962,350.0597520789124,15.2727686256879
2026-09-07 13:01:32.625695,665.5639419995356,-19.334307438077712,350.0370732455606,15.081879759463787
2026-09-07 13:01:32.726571,666.2338121506496,-19.45197675443747,350.0370732455606,15.100390372328407
2026-09-07 13:01:32.825518,666.8327196429533,-19.557109467474696,350.05921873577734,14.806449241204064
2026-09-07 13:01:32.925307,667.4833140790237,-19.671133609859563,350.11505358481867,14.777674577233839
2026-09-07 13:01:33.026287,668.0630788863891,-19.772015320891498,350.1376540840969,14.399765350333054
2026-09-07 13:01:33.123490,668.6795540932108,-19.87919003542191,350.0506334332217,14.406560254032946
2026-09-07 13:01:33.225349,669.2296150191127,-19.975654600267692,349.91385005496966,13.9003877273247
2026-09-07 13:01:33.332475,669.8850113383168,-20.092235017613202,349.92583807777453,13.842351358934845
2026-09-07 13:01:33.424991,670.3578421894629,-20.176354214014324,350.06042810196715,13.27089992624574
2026-09-07 13:01:33.532541,670.9863188406324,-20.28648828778664,350.2168892233074,13.262441947793029
2026-09-07 13:01:33.623794,671.4251994494244,-20.36187513457915,350.38027709105455,12.718641928061231
2026-09-07 13:01:33.732562,672.0349302379853,-20.465219282488537,350.5628536734592,12.77566702648643
2026-09-07 13:01:33.824146,672.4453515970891,-20.532746881394246,350.66534149906323,12.235867858647662
2026-09-07 13:01:33.933697,673.0366518550569,-20.629943320541784,350.7021196823138,12.225337996596727
2026-09-07 13:01:34.030744,673.4448384965241,-20.69609510710962,350.7129798063654,11.721581364296794
2026-09-07 13:01:34.132004,673.9684874921586,-20.78172411446033,350.66765347329124,11.693267343180114
2026-09-07 13:01:34.232887,674.3695350565015,-20.847244290733766,350.74667923671376,11.065864707959934
2026-09-07 13:01:34.331723,674.8521028737309,-20.925864161273346,350.8241015016506,11.02872852467656
2026-09-07 13:01:34.432684,675.3434994553198,-21.005240926372856,350.92578461250764,11.038432730046884
2026-09-07 13:01:34.527408,675.80507658737,-21.07896056863836,350.9363847793408,11.031811119005365
2026-09-07 13:01:34.640584,676.0972603542782,-21.124542746198262,350.9110546733167,9.741538704273573
2026-09-07 13:01:34.730952,676.4858589476443,-21.186709258665772,350.85037844281237,9.70600497127429
2026-09-07 13:01:34.841607,676.9598790059916,-21.263056091174967,350.85037844281237,9.69053445968696
2026-09-07 13:01:34.939973,677.3805842341864,-21.33081590645516,350.7843320758485,9.693113035569432
2026-09-07 13:01:35.031450,677.77185682908,-21.39429804634471,350.7229112240221,9.662738533986799
2026-09-07 13:01:35.141259,677.9864591731422,-21.429572909405174,350.6491816273125,8.605271706780735
2026-09-07 13:01:35.239028,678.3575690837154,-21.49068251887906,350.5616542668873,8.604417398091915
2026-09-07 13:01:35.339901,678.5651407507834,-21.525695864447403,350.53907771545437,7.860293338319956
2026-09-07 13:01:35.439497,678.9103474311487,-21.583221642388366,350.5167869714841,7.871606888281928
2026-09-07 13:01:35.538696,679.059349145353,-21.60863519849871,350.5167869714841,7.013863045627873
2026-09-07 13:01:35.639203,679.370179871543,-21.660556807866723,350.5392816078573,6.9787337087676375
2026-09-07 13:01:35.740185,679.5266509530582,-21.6868666240738,350.5392816078573,6.24378192731432
2026-09-07 13:01:35.838618,679.7976621576753,-21.732027361377963,350.55029683337443,6.211957829848209
2026-09-07 13:01:35.939496,679.9329542111475,-21.754669659344792,350.56158566862,5.524569116079208
2026-09-07 13:01:36.039316,680.1761426438546,-21.795096777757585,350.595096985286,5.5280580376522215
2026-09-07 13:01:36.140705,680.2927868371638,-21.814412775380838,350.60644300440526,4.885835731071389
2026-09-07 13:01:36.238433,680.5033785105418,-21.84925167088379,350.66112466397806,4.894375235366307
2026-09-07 13:01:36.340902,680.6005265120499,-21.86511036009718,350.72992592840296,4.263295730258019
2026-09-07 13:01:36.440050,680.7870212350499,-21.895550031341283,350.7521164047591,4.278023823661294
2026-09-07 13:01:36.539694,680.8551715842485,-21.906436390825508,350.77441789168796,3.6508356721072546
2026-09-07 13:01:36.640078,681.0168860324189,-21.93270251981169,350.8081185530003,3.6745189554823443
2026-09-07 13:01:36.739409,681.055920558132,-21.938789065940878,350.84146570382933,3.086475408528327
2026-09-07 13:01:36.840775,681.1940001235029,-21.96105053613815,350.8868394849709,3.166191953747994
2026-09-07 13:01:36.941113,681.1998585832004,-21.961687784015094,350.9092962971771,2.512275359685691
2026-09-07 13:01:37.041274,681.31093522762,-21.979460895686515,350.898087698404,2.569164013735105
2026-09-07 13:01:37.141280,681.2062742356178,-21.9623551738764,350.898087698404,1.371321883600883
2026-09-07 13:01:37.234607,681.20323176698,-21.961792460610127,350.898087698404,1.0103559666826438
2026-09-07 13:01:37.342253,681.2100247471836,-21.96284029054865,350.898087698404,0.7370176481490744
2026-09-07 13:01:37.437746,681.2129296309345,-21.96328407030592,350.898087698404,0.5395326874121772
2026-09-07 13:01:37.537970,681.2056857146981,-21.9621053161135,350.898087698404,0.3107279042780832
2026-09-07 13:01:37.639004,681.2104825027632,-21.962869805853273,350.898087698404,0.23664161858280647
2026-09-07 13:01:37.738503,681.2138660056404,-21.9634095967634,350.898087698404,0.17687182368828896
2026-09-07 13:01:37.838642,681.2163512200713,-21.963806492076973,350.898087698404,0.13075328757382612
2026-09-07 13:01:37.940306,681.2182021686274,-21.964102347512156,350.898087698404,0.09597208871301405
2026-09-07 13:01:38.039061,681.2194100713381,-21.964295496816998,350.898087698404,0.07032151950624468
2026-09-07 13:01:38.138457,681.2202966302104,-21.964437334279943,350.898087698404,0.051454752687495706
2026-09-07 13:01:38.239387,681.2209648295586,-21.96454428028134,350.898087698404,0.03757952879353689
2026-09-07 13:01:38.339927,681.2214386446059,-21.964620133372666,350.898087698404,0.027426334322163622
2026-09-07 13:01:38.438146,681.2217561623227,-21.9646709724717,350.898087698404,0.02004266084093633
2026-09-07 13:01:38.538978,681.2220080525215,-21.964711311435646,350.898087698404,0.014629141405659251
2026-09-07 13:01:38.633196,681.2221535231294,-21.964734608508266,350.898087698404,0.01072267839945721
2026-09-07 13:01:38.739534,681.2223119008468,-21.964759977381203,350.898087698404,0.00780756159264877
2026-09-07 13:01:38.838557,681.2224022829672,-21.96477445492924,350.898087698404,0.0056952601526975176
2026-09-07 13:01:38.939129,681.222471753066,-21.96478558332894,350.898087698404,0.004153735719236111
2026-09-07 13:01:39.040134,681.222522906742,-21.964793777887976,350.898087698404,0.003028226004062235
2026-09-07 13:01:39.138742,681.2225572870188,-21.96479928552921,350.898087698404,0.0022110759203079304
2026-09-07 13:01:39.238575,681.2225835894915,-21.96480349920919,350.898087698404,0.0016143040577085177
2026-09-07 13:01:39.339604,681.2226035239582,-21.964806692772555,350.898087698404,0.001177524686823421
2026-09-07 13:01:39.438633,681.2226171035446,-21.964808868279736,350.898087698404,0.000859759841835519
2026-09-07 13:01:39.538148,681.2226272233671,-21.96481048952977,350.898087698404,0.0006278491214073808
2026-09-07 13:01:39.639161,681.2226349804934,-21.964811732269997,350.898087698404,0.00045803262915302306
2026-09-07 13:01:39.740028,681.222640585614,-21.964812630248428,350.898087698404,0.0003340035968608367
2026-09-07 13:01:39.839242,681.2226444504792,-21.964813249427394,350.898087698404,0.00024379816477079704
2026-09-07 13:01:39.940323,681.222647456363,-21.964813730992528,350.898087698404,0.00017780506266148853
2026-09-07 13:01:40.040365,681.2226495692479,-21.964814069492927,350.898087698404,0.00012971565134230933
2026-09-07 13:01:40.147462,681.2226514581848,-21.964814372115587,350.898087698404,9.416344789284847e-05
2026-09-07 13:01:40.238340,681.2226522203758,-21.96481449422455,350.898087698404,6.8986435755278e-05
2026-09-07 13:01:40.337570,681.2226530344892,-21.964814624652075,350.898087698404,5.048013394649672e-05
2026-09-07 13:01:40.447635,681.2226538377012,-21.96481475333317,350.898087698404,3.662426035432627e-05
2026-09-07 13:01:40.535339,681.2226540914114,-21.964814793979603,350.898087698404,2.6886392970699892e-05
2026-09-07 13:01:40.636356,681.2226544318571,-21.96481484852179,350.898087698404,1.9669573276187403e-05
2026-09-07 13:01:40.737817,681.2226546817315,-21.9648148885537,350.898087698404,1.4358610062907447e-05
2026-09-07 13:01:40.837441,681.2226548523375,-21.964814915886198,350.898087698404,1.0483545092278317e-05
2026-09-07 13:01:40.930701,681.2226549516389,-21.964814931795093,350.898087698404,7.690746920011629e-06
2026-09-07 13:01:41.036452,681.2226550633007,-21.964814949684232,350.898087698404,5.6048909135796796e-06
2026-09-07 13:01:41.137475,681.2226551324792,-21.964814960767182,350.898087698404,4.084485023667617e-06
2026-09-07 13:01:41.237197,681.222655180617,-21.964814968479274,350.898087698404,2.9792314575751374e-06
2026-09-07 13:01:41.336616,681.2226552154426,-21.96481497405863,350.898087698404,2.1745944837952135e-06
2026-09-07 13:01:41.436280,681.2226552411331,-21.96481497817447,350.898087698404,1.5875895137793449e-06
2026-09-07 13:01:41.536598,681.2226552603021,-21.964814981245507,350.898087698404,1.158608241909707e-06
2026-09-07 13:01:41.636857,681.2226552742388,-21.9648149834783,350.898087698404,8.454105340548896e-07
2026-09-07 13:01:41.743661,681.222655286488,-21.964814985440714,350.898087698404,6.13894673727111e-07
2026-09-07 13:01:41.835082,681.2226552916087,-21.964814986261082,350.898087698404,4.4965034416167104e-07
2026-09-07 13:01:41.944132,681.2226552985896,-21.964814987379487,350.898087698404,3.266395769989204e-07
2026-09-07 13:01:42.035336,681.2226553012989,-21.964814987813522,350.898087698404,2.393360499572832e-07
2026-09-07 13:01:42.144725,681.238010043205,-21.967274944627203,350.898087698404,0.12889751258638005
2026-09-07 13:01:42.246494,681.2403501341851,-21.967649846580283,350.898087698404,0.09790195373904692
2026-09-07 13:01:42.347025,681.2419613439431,-21.967907975725883,350.898087698404,0.07300680240015903
2026-09-07 13:01:42.448199,681.2431064110554,-21.96809142495958,350.898087698404,0.053861251582409085
2026-09-07 13:01:42.547172,681.2797854432216,-21.973967709662094,350.931314662383,0.3510153086408857
2026-09-07 13:01:42.647539,681.2953379547959,-21.976450100963664,350.931314662383,0.3448762379620874
2026-09-07 13:01:42.743989,681.3100221123943,-21.978793891220267,350.94210797866043,0.3339200560488358
2026-09-07 13:01:42.847213,681.3252387876333,-21.981219739057604,350.96521071125596,0.3176845122496232
2026-09-07 13:01:42.947627,681.3393224230493,-21.983459134541626,350.9876845331467,0.3150522498961425
2026-09-07 13:01:43.047701,681.3532429399064,-21.985666995129236,351.01008225908026,0.30630775136133576
2026-09-07 13:01:43.147988,681.3668067292358,-21.987812841703345,351.03252765689285,0.28527628605621763
2026-09-07 13:01:43.244629,681.3789807034457,-21.989733925711647,351.0433423471818,0.2565649116545981
2026-09-07 13:01:43.348204,681.3907153610207,-21.99158341441311,351.0665236376625,0.21402795152519133
2026-09-07 13:01:43.447854,681.4001341197722,-21.993063991262208,351.0888264674613,0.1548172964383982
2026-09-07 13:01:43.547519,681.4069486287173,-21.994132476446175,351.12228574792124,0.1164987525161541
2026-09-07 13:01:43.647166,681.4120760335575,-21.994933363481323,351.12228574792124,0.09386006596125968
2026-09-07 13:01:43.747915,681.416252737624,-21.995585753577426,351.1561089461058,0.07273171335299196
2026-09-07 13:01:43.847323,681.4194464604938,-21.99608267345995,351.1672332797969,0.06578267076172496
2026-09-07 13:01:43.947513,681.422357855034,-21.996535086190104,351.20086881192236,0.0605298899702969
2026-09-07 13:01:44.047713,681.4250372845202,-21.996949842186446,351.2120817750224,0.0657831950436684
2026-09-07 13:01:44.145163,681.427869424277,-21.997387669088713,351.20117655292563,0.06918928006961687
2026-09-07 13:01:44.247158,681.4309870414237,-21.99787023616893,351.2125903869714,0.07275422252443076
2026-09-07 13:01:44.348035,681.434229458159,-21.998371459248315,351.2125903869714,0.07451715551141178
2026-09-07 13:01:44.448500,681.4375368795215,-21.998882730949468,351.2350756232557,0.07627288835970275
2026-09-07 13:01:44.548304,681.4409001587309,-21.999401285985886,351.2462442716512,0.07627288835970275
2026-09-07 13:01:44.647172,681.4442319958947,-21.99991432835105,351.2462442716512,0.08232027086462401
2026-09-07 13:01:44.756035,681.4481915375416,-22.000524025797695,351.2340618684381,0.09468650032675269
2026-09-07 13:01:44.848183,681.452046477126,-22.001118455538634,351.25468566332313,0.10193323020551075
2026-09-07 13:01:44.956213,681.4569119811603,-22.001866920911652,351.2425964776575,0.10665307840142163
2026-09-07 13:01:45.055670,681.4615986289665,-22.00258888494918,351.2425964776575,0.11795083873886347
2026-09-07 13:01:45.156088,681.5629224998089,-22.018311794621244,351.2425964776575,0.27302399054081516
2026-09-07 13:01:45.255653,681.5243452994263,-22.01231292135946,351.2425964776575,0.17897636684319035
2026-09-07 13:01:45.345180,681.5065986276948,-22.009553421773514,351.2425964776575,0.12480974595675903
2026-09-07 13:01:45.446336,681.4986415586842,-22.00831490333538,351.2425964776575,0.08890831949583256
2026-09-07 13:01:45.544123,681.4947258693427,-22.007705144465767,351.2425964776575,0.06417352023343238
2026-09-07 13:01:45.645741,681.492968461385,-22.00743099015945,351.2425964776575,0.046508493279972606
2026-09-07 13:01:45.745749,681.4921677433317,-22.007305833972893,351.2425964776575,0.033817528343350965
2026-09-07 13:01:45.845852,681.4918537687067,-22.00725650962533,351.2425964776575,0.024630802253052374
2026-09-07 13:01:45.945985,681.4917668459931,-22.007242611063152,351.2425964776575,0.017955244361436903
2026-09-07 13:01:46.044051,681.4917643116091,-22.00724194996152,351.2425964776575,0.013114721503234979
2026-09-07 13:01:46.145606,681.4918212905972,-22.007250583207828,351.2425964776575,0.009564807709587696
2026-09-07 13:01:46.245894,681.4918786990748,-22.007259350103357,351.2425964776575,0.006976673817562252
2026-09-07 13:01:46.352882,681.4919497009731,-22.007270247116704,351.2425964776575,0.005064452067033799
2026-09-07 13:01:46.444815,681.4919766152175,-22.007274371591663,351.2425964776575,0.0037074484976907713
2026-09-07 13:01:46.552375,681.5330456376772,-22.013604559224394,351.26666965751855,0.34873828100415144
2026-09-07 13:01:46.644582,681.5472540369415,-22.015787209497134,351.27698815740445,0.36888097482070026
2026-09-07 13:01:46.753057,681.5649351483673,-22.01850006777779,351.3619610436911,0.3774116973930652
2026-09-07 13:01:46.851423,681.5813430237073,-22.0209926691636,351.3729687715184,0.39718077915867894
2026-09-07 13:01:46.951500,681.5989112189224,-22.023658087458767,351.44016396362383,0.544092758511757
2026-09-07 13:01:47.051375,681.6229333401633,-22.02727386904487,351.48487033845873,0.6941990479377591
2026-09-07 13:01:47.153667,681.7573277566077,-22.04762154092428,351.4619761983105,1.30816582727009
2026-09-07 13:01:47.251236,681.8137539982017,-22.05609278617244,351.4183020427534,1.3482361981401465
2026-09-07 13:01:47.361254,681.9761624316842,-22.08065531250187,351.4183020427534,1.810267170435969
2026-09-07 13:01:47.440705,682.0397392346016,-22.090249628048625,351.40941101349927,1.7866628264454982
2026-09-07 13:01:47.561276,682.2354382569648,-22.119838529462594,351.4229036100455,2.2877621453340073
2026-09-07 13:01:47.651010,682.3261847396179,-22.133525541868604,351.4429871236347,2.3457854416274038
2026-09-07 13:01:47.761758,682.5341600752679,-22.1648767131432,351.467773815,2.889504390019386
2026-09-07 13:01:47.851978,682.6494096274866,-22.182167150014347,351.51825453011395,2.940746833368975
2026-09-07 13:01:47.961597,682.8836550874461,-22.21722964608588,351.5550555421517,3.462966373000722
2026-09-07 13:01:48.051653,683.0215577757316,-22.237703889881775,351.5348999612149,3.460605636265754
2026-09-07 13:01:48.160878,683.2943324388483,-22.2784151693711,351.4982312218556,4.004975400032349
2026-09-07 13:01:48.258996,683.4680709830075,-22.304386052073557,351.5311711474079,4.004118041770226
2026-09-07 13:01:48.357755,683.7474928025551,-22.346069757765083,351.57537797466523,4.590494591025066
2026-09-07 13:01:48.459284,683.9535957658769,-22.37659490230865,351.6094630324671,4.6162223380527365
2026-09-07 13:01:48.559084,684.2601391790209,-22.42196261345093,351.6317994340116,5.200684150391013
2026-09-07 13:01:48.659993,684.4922461337754,-22.456105567847633,351.6882609556414,5.206856373164702
2026-09-07 13:01:48.759429,684.8257768927136,-22.50504399764208,351.7661532250196,5.777395724962225
2026-09-07 13:01:48.856641,685.0742608478885,-22.541000932320173,351.8096675790666,5.779094608171781
2026-09-07 13:01:48.959531,685.4894924524267,-22.601193875199964,351.8787515175913,6.604533250410704
2026-09-07 13:01:49.058892,685.7799128321999,-22.64263670757314,351.88987059170887,6.60106037186516
2026-09-07 13:01:49.158651,686.2081219464224,-22.704035774286588,351.8675433664415,7.349014824167132
2026-09-07 13:01:49.259390,686.5357519235329,-22.750853793844115,351.82245024509484,7.341972739006967
2026-09-07 13:01:49.360473,686.992394200185,-22.816586902305243,351.83376202103335,8.036175524726035
2026-09-07 13:01:49.459107,687.3431430575538,-22.866919629098795,351.80064886527265,8.031866189291847
2026-09-07 13:01:49.560177,687.8275072419832,-22.93673994021509,351.8232695075984,8.662859037505577
2026-09-07 13:01:49.660968,688.2138669119897,-22.992255058118314,351.8571068059162,8.676069762846149
2026-09-07 13:01:49.756341,688.702114402512,-23.062224776924843,351.84643401220626,9.382763647265746
2026-09-07 13:01:49.860681,689.1353414737367,-23.12429540396386,351.78805274624534,9.403733352157927
2026-09-07 13:01:49.961606,689.6728125150388,-23.201815480078306,351.8784055047978,10.042677647912654
2026-09-07 13:01:50.060583,690.1127109724523,-23.26459146460345,351.88948160708077,9.958785817413705
2026-09-07 13:01:50.162297,690.6766512345401,-23.34506671782204,351.9691583266545,10.659969280808271
2026-09-07 13:01:50.261264,691.1436466310463,-23.410955003591575,352.035608226003,10.646132851182287
2026-09-07 13:01:50.361410,691.7300839202926,-23.49328368510717,352.035608226003,11.267750883715198
2026-09-07 13:01:50.457395,692.2089097975661,-23.56027484121812,352.01412566586015,11.159555998679744
2026-09-07 13:01:50.558464,692.8315926742418,-23.647789391992085,352.2403298510011,11.771255148722952
2026-09-07 13:01:50.658621,693.3538149166119,-23.718950493065954,352.38603581594833,11.644354757748431
2026-09-07 13:01:50.758870,694.0085019157011,-23.807218752484292,352.7001523175331,12.335128163632241
2026-09-07 13:01:50.856942,694.5449166364103,-23.875933613590448,353.04037197054214,12.22115297405189
2026-09-07 13:01:50.959490,695.101043576254,-23.94381968206167,353.32726491963916,12.326888968034531
2026-09-07 13:01:51.059822,695.6501890930957,-24.008064544932,353.42831453165275,12.333902602161231
2026-09-07 13:01:51.152210,696.3268323438916,-24.08817595527179,353.5833958542403,13.184242564739261
2026-09-07 13:01:51.259288,696.9539841206758,-24.15870633763083,353.48753464363557,13.073835742922421
2026-09-07 13:01:51.359565,697.6851647907802,-24.243490124266227,353.35287568545823,13.768465422502953
2026-09-07 13:01:51.458608,698.2906819860184,-24.31405559193397,352.9982040673136,13.858471280479867
2026-09-07 13:01:51.558799,699.0364866478066,-24.405550854024163,352.7403290805177,14.41179059120183
2026-09-07 13:01:51.659181,699.6780280352875,-24.4872752670234,352.8189623902317,14.309165074609357
2026-09-07 13:01:51.759091,700.3121162127243,-24.567166036781465,352.91958698394336,14.28908568783748
2026-09-07 13:01:51.858460,700.9420242943129,-24.645406565638748,352.8973470452151,14.412382802609088
2026-09-07 13:01:51.959200,701.7688570234727,-24.748293166811997,353.2580955969744,15.108930916719645
2026-09-07 13:01:52.516578,705.7391273697864,-25.21824592481486,353.1957217551903,16.255120976542614
2026-09-07 13:01:52.616863,706.4627345442809,-25.304585656528882,353.1844992800956,16.256873563699244
2026-09-07 13:01:52.717454,707.3427782314393,-25.40989959022466,353.17324256182025,16.975079845313594
2026-09-07 13:01:52.816967,708.0925825882492,-25.499663508088464,353.16210647801813,16.976818940948213
2026-09-07 13:01:52.917159,708.9778175754491,-25.60585350986416,353.15089441016465,17.593608995690072
2026-09-07 13:01:53.017176,709.7588422624788,-25.69966403320252,353.13970192582957,17.59535689926134
2026-09-07 13:01:53.117597,710.5430812439058,-25.794016043758745,353.1284642315435,17.59711186316278
2026-09-07 13:01:53.217779,711.32551330743,-25.888306350620613,353.1172532827482,17.59886265028474
2026-09-07 13:01:53.317792,712.2732824543986,-26.002648514436576,353.1060612460364,18.345260993290005
2026-09-07 13:01:53.417829,713.0877609143841,-26.101123814740745,353.0948665235849,18.34700924638257
2026-09-07 13:01:53.517933,713.9028432718,-26.199833716363074,353.0836643034436,18.348758670371474
2026-09-07 13:01:53.618140,714.7188227549101,-26.29881414405614,353.0724505570028,18.350509894395053
2026-09-07 13:01:53.718651,715.7079513640266,-26.41887633328513,353.06120279119295,19.05840413362517
2026-09-07 13:01:53.818418,716.5517275202322,-26.52156423607657,353.05003828331274,19.060147668180242
2026-09-07 13:01:53.917858,717.3927950616821,-26.62408881889226,353.0389103686354,19.06188548806213
2026-09-07 13:01:54.018545,718.2444672462204,-26.728073960698858,353.0276429074014,19.063645100596805
2026-09-07 13:01:54.119080,719.2633438127139,-26.85252944060646,353.01639245585187,19.727326963763883
2026-09-07 13:01:54.218950,720.1375535209891,-26.95961502053142,353.00521642167223,19.72907229835363
2026-09-07 13:01:54.319360,721.0165468492476,-27.06746059796346,352.99397995835017,19.730827070018357
2026-09-07 13:01:54.419228,721.8908521911146,-27.17490504445904,352.98280414798216,19.732572369655973
2026-09-07 13:01:56.445271,739.4188603790545,-29.33246772031448,351.6224481361225,22.639916417431614
2026-09-07 13:01:56.522270,740.1898477140523,-29.446008587713486,351.5707483190124,22.753622956206108
2026-09-07 13:01:56.625611,741.229654543561,-29.600096379220833,351.4782326447833,22.868303575879402
2026-09-07 13:01:56.726237,742.2425950726811,-29.75195882017254,351.4106688349089,23.013174750478004
2026-09-07 13:01:56.825067,743.2479357080159,-29.903810819193616,351.34431092214396,23.166891944409198
2026-09-07 13:01:56.925005,744.2711581617115,-30.05957609206459,351.29957634704255,23.258584399922125
2026-09-07 13:01:57.025929,745.3084420071231,-30.218310674530745,351.2205184666499,23.320315802593026
2026-09-07 13:01:57.125393,746.3332160190236,-30.376578312347736,351.187126665399,23.43764695584553
2026-09-07 13:01:57.224858,747.3630634379615,-30.536244057894333,351.1426038161078,23.514999382711697
2026-09-07 13:01:57.324919,748.4023754437343,-30.698204307390835,351.12020899972555,23.606804689912952
2026-09-07 13:01:57.433002,749.5293243966549,-30.874272588819917,351.0839236497034,23.672914982755877
2026-09-07 13:01:57.523931,750.4799745891272,-31.023413727656223,351.11445010244955,23.74839633474619
2026-09-07 13:01:57.628804,751.5799951543288,-31.195388132025958,351.0792424054679,23.775887844873917
2026-09-07 13:01:57.724265,752.5194725697821,-31.34339376525949,351.0365118397796,23.707295351525534
2026-09-07 13:01:57.832618,753.6537858202885,-31.522310433112313,350.95163452106266,23.80102776186633
2026-09-07 13:01:57.931461,754.6923891669759,-31.687707879800843,350.85208455893434,23.830393335276987
2026-09-07 13:01:58.030601,755.735108378932,-31.85561893726633,350.9297449594548,23.969865788804636
2026-09-07 13:01:58.133046,756.8191301447997,-32.028673935052176,350.99853010944173,24.00388216247925
2026-09-07 13:01:58.232414,757.8722858422457,-32.1955051067546,350.9540506796085,24.090710242740524
2026-09-07 13:01:58.332087,758.9323646163383,-32.36427667560591,350.93174270214206,24.08896835093554
2026-09-07 13:01:58.440776,760.0881783337326,-32.54875133049135,350.9074168389409,24.03863276680157
2026-09-07 13:01:58.530115,761.0361719893833,-32.7004694506491,350.9374095009287,23.997258471786026
2026-09-07 13:01:58.632438,762.1201632924203,-32.87337088577643,350.9603105792378,23.97132952282452
2026-09-07 13:01:58.741518,763.274561935163,-33.0570294836091,350.9847239527897,23.947500908494707
2026-09-07 13:01:58.831125,764.2219983923172,-33.20734762723408,350.96466886327863,23.91774733149377
2026-09-07 13:01:58.941252,765.3848864029214,-33.3922661431557,350.9030496024345,23.870594960131587
2026-09-07 13:01:59.020587,766.2208307236915,-33.526117094804604,350.8586593615393,23.847025078940867
2026-09-07 13:01:59.143009,767.2083582961354,-33.68620511163708,350.7901606904499,23.294373938272074
2026-09-07 13:01:59.238742,768.1924240471415,-33.84576241446959,350.7580214510351,23.2726244688454
2026-09-07 13:01:59.338520,769.2170184812102,-34.01248096894988,350.7133584956581,23.22641570886307
2026-09-07 13:01:59.438954,770.2461705923346,-34.18076471874103,350.7133584956581,23.260641935123584
2026-09-07 13:01:59.527784,771.1577572767404,-34.32982453589858,350.6338337441871,23.276165923469147
2026-09-07 13:01:59.641379,772.3239982075402,-34.522186987680044,350.59569791953595,23.2563139876804
2026-09-07 13:01:59.738962,773.3248848406296,-34.68795990796103,350.59569791953595,23.22305933450339
2026-09-07 13:01:59.839327,774.3528338259159,-34.85821505930101,350.57323506441554,23.267785958169615
2026-09-07 13:01:59.939308,775.1288548670707,-34.988340288615554,350.62917734304347,22.759120466220075
2026-09-07 13:02:00.039156,776.1311754317834,-35.153749014951664,350.61800377079186,22.69106741168357
2026-09-07 13:02:00.138879,777.1292157178582,-35.31865132543391,350.6626421068886,22.619614021746425
2026-09-07 13:02:00.238394,778.1221655746018,-35.48191795411551,350.45105226222717,22.610918368812683
2026-09-07 13:02:00.338455,779.1195667334372,-35.649701732025356,350.08153779191986,22.603923678740205
2026-09-07 13:02:00.436943,780.0998995000557,-35.821122718530056,349.8280460441626,22.49118621397195
2026-09-07 13:02:00.539731,781.1171332963711,-36.003637960585294,349.98908209920995,22.43190733232825
2026-09-07 13:02:00.639605,782.1034170724274,-36.177740190366734,350.357905998706,22.417071394129206
2026-09-07 13:02:00.740593,782.8326366333423,-36.30251631164328,350.29009912939193,22.135985793444778
2026-09-07 13:02:00.839978,783.8020288851798,-36.46838997700229,350.0231768928181,22.432988630858656
2026-09-07 13:02:00.937453,784.764769211745,-36.637745551352964,349.83774055719965,22.525828258954018
2026-09-07 13:02:01.039773,785.7789619153282,-36.819538029559546,349.8606409640738,22.442679239850584
2026-09-07 13:02:01.141074,786.7794195324032,-36.99845582599004,350.0987005636237,22.349736240832037
2026-09-07 13:02:01.240980,787.7627354496867,-37.17009490675426,350.2440413798824,22.3130710025424
2026-09-07 13:02:01.341327,788.4736042960345,-37.29268955290674,350.10928842081677,21.677299110058893
2026-09-07 13:02:01.441596,789.4308313194471,-37.45959251066594,350.10928842081677,21.74651525787285
2026-09-07 13:02:01.536992,790.3444457184066,-37.61889113231804,350.0772623181854,21.809866831557535
2026-09-07 13:02:01.638520,791.3195241387549,-37.78946833099095,350.0545391701291,21.729135730873033
2026-09-07 13:02:01.739408,792.2848023418379,-37.9587256762189,349.9755094900029,21.618058841780336
2026-09-07 13:02:01.836924,793.2128229987994,-38.12276979377864,349.98642209788375,21.4766105793206
2026-09-07 13:02:01.938223,794.0150294779064,-38.26496717402559,350.04310183586125,20.8647274715207
2026-09-07 13:02:02.039059,794.9413977025304,-38.42759243643239,350.0543859710624,20.67088366000495
2026-09-07 13:02:02.138897,795.7425662684964,-38.56827211867787,350.11024823702945,20.328683150794845
2026-09-07 13:02:02.238655,796.6356688521411,-38.723978865898545,350.1214117377573,20.20315998731954
2026-09-07 13:02:02.333983,797.4838700742998,-38.871687065816054,350.17475052749774,20.227316382720403
2026-09-07 13:02:02.438567,798.4156918114469,-39.033063552884435,350.17475052749774,20.209039215129135
2026-09-07 13:02:02.538556,799.2161308717714,-39.171653082948154,350.2083185804142,19.664999996774384
2026-09-07 13:02:02.638575,800.0825933664997,-39.32118759458678,350.2978602455879,19.524290945640818
2026-09-07 13:02:02.735614,800.8302705696011,-39.44883295407096,350.33043793200295,19.089215298510236
2026-09-07 13:02:02.838363,801.6946366647841,-39.59610919505939,350.4339218313051,19.05958710353607
2026-09-07 13:02:02.939379,802.5433648410487,-39.73914401025802,350.0382720926034,19.016335730616422
2026-09-07 13:02:03.038243,803.3711428976216,-39.884533557094215,349.9055106094992,18.980916780410624
2026-09-07 13:02:03.137820,804.1093133719249,-40.0163791278316,349.82750788907725,18.458105816617685
2026-09-07 13:02:03.236871,804.9137859915967,-40.160727899161515,349.79425473913653,18.41742680683948
2026-09-07 13:02:03.339092,805.7420886344365,-40.309848815245694,349.6112287429613,18.398669388249978
2026-09-07 13:02:03.437732,806.5400969174414,-40.456149087701476,349.6001903529395,18.36677836619379
2026-09-07 13:02:03.537810,807.3483068351871,-40.604480589694184,349.74578139061026,18.358908002943295
2026-09-07 13:02:03.637879,808.1564718881926,-40.75068208840743,349.77937630092333,18.39213543714941
2026-09-07 13:02:03.739440,808.8305569033621,-40.87251394620861,349.8475679024444,17.896509665603553
2026-09-07 13:02:03.849963,809.7009461790933,-41.02837580104697,349.9341450705574,18.038475438031632
2026-09-07 13:02:03.937289,810.3942968292328,-41.15145409918733,349.86573905748645,18.067471619861003
2026-09-07 13:02:04.038542,811.1993460797433,-41.29535193130364,349.85440825755865,18.347053249860558
2026-09-07 13:02:04.139463,812.0141435564232,-41.441158489865295,349.7527654327966,18.37350877886803
2026-09-07 13:02:04.247239,812.8852623773187,-41.5986390138165,349.78894771755915,18.4074117853104
2026-09-07 13:02:04.337942,813.6198220885603,-41.73095345482802,348.39837120346346,18.626952498599483
2026-09-07 13:02:04.436504,814.4237793609029,-41.89600600034536,348.332193235256,18.837955795983383
2026-09-07 13:02:04.536574,815.2490873365077,-42.06643551221021,348.6681456955611,18.761881699565834
2026-09-07 13:02:04.636566,816.071402118251,-42.23122570289955,349.37309595700555,18.800325966298118
2026-09-07 13:02:04.735682,816.6636856791356,-42.342527944741036,349.97204544536453,18.40073881137222
2026-09-07 13:02:04.836302,817.4787277028842,-42.48665190112527,350.0170852995412,18.687364798420358
2026-09-07 13:02:04.936765,818.035955269687,-42.58238651922627,348.8816034721593,18.35153231067173
2026-09-07 13:02:05.035905,818.8340212585474,-42.739226964205095,346.56288579947625,18.419102816107483
2026-09-07 13:02:05.135981,819.6354971654301,-42.93071417644573,344.6702401339232,18.047454201050666
2026-09-07 13:02:05.236573,820.4181913154193,-43.14527209081198,344.4225898699366,17.643125170091466
2026-09-07 13:02:05.337137,821.3557334858762,-43.395017676142544,345.66049651994615,17.93342814427621
2026-09-07 13:02:05.435972,822.1234040031585,-43.591258207811606,347.5517927132235,18.110470947702638
2026-09-07 13:02:05.532232,822.8844139723097,-43.75924847294013,349.2860934348731,18.776640362072715
2026-09-07 13:02:05.636286,823.7426080977526,-43.92162167993993,349.29773768300095,19.31944901384325
2026-09-07 13:02:05.743555,824.6294964964426,-44.088742265341565,348.31340760535977,19.393879578051433
2026-09-07 13:02:05.834862,825.404703536623,-44.24909075139956,347.9557851426644,19.435367441273964
2026-09-07 13:02:05.943383,826.3629875036863,-44.45344095226282,347.9072086169727,19.6976460881578
2026-09-07 13:02:06.035389,827.155180798546,-44.62316823208922,348.2160888214579,19.942851267643977
2026-09-07 13:02:06.144263,828.1198312569261,-44.824437766263436,348.447577870824,20.401494032428534
2026-09-07 13:02:06.363567,830.0881098695006,-45.22680190272732,348.27578811415924,21.03207260149474
2026-09-07 13:02:06.451599,830.8985342558565,-45.394989910120024,348.31519328651933,21.25207137117978
2026-09-07 13:02:06.563022,831.946555744676,-45.61175089360554,348.2029733475229,21.60273236896861
2026-09-07 13:02:06.653617,832.8029778469653,-45.790620409404696,348.06103983965215,21.821220053236235
2026-09-07 13:02:06.762394,833.8715636233605,-46.01648934903225,348.1705948534663,22.124621807553307
2026-09-07 13:02:06.860965,834.8257838970626,-46.21634750012194,348.35811621831107,22.280520110487608
2026-09-07 13:02:06.962351,835.8541263911859,-46.42831450562631,348.52830146933786,22.63143013023321
2026-09-07 13:02:07.078388,837.0046384415291,-46.66179706383662,348.6451684093891,22.828133532753117
2026-09-07 13:02:07.177560,838.0410163835437,-46.87014810168392,348.86712688774344,23.188422669093278
2026-09-07 13:02:07.270446,838.985767568478,-47.056063887916416,349.0854110504249,23.301240750948367
2026-09-07 13:02:07.370984,840.014085932322,-47.254358351346816,349.2091697103615,23.400511736906
2026-09-07 13:02:07.470812,841.0399170528597,-47.44987595857966,349.15331303968543,23.549675087780646
2026-09-07 13:02:07.571196,842.1305389288319,-47.65920111052169,348.98480973312365,23.86358972693204
2026-09-07 13:02:07.670851,843.1740701121363,-47.86233015378072,348.8844419632674,23.845303165955954
2026-09-07 13:02:07.771261,844.3101634079203,-48.08563139456034,348.79455025669074,24.246501317743686
2026-09-07 13:02:07.871271,845.3735222940451,-48.29628723363725,348.6266747417756,24.128526084123653
2026-09-07 13:02:07.972226,846.5420244587195,-48.53103954926989,348.457212961871,24.6518981975597
2026-09-07 13:02:08.070931,847.6077920255622,-48.7487013698159,348.44616729797093,24.640685860226913
2026-09-07 13:02:08.172510,848.7040495793701,-48.97281032725056,348.4234327355211,24.694829496352874
2026-09-07 13:02:08.272906,849.7898326139211,-49.195226841716874,348.3223186657556,24.731674563349117
2026-09-07 13:02:08.373117,851.0025271233321,-49.44528422474967,348.2438193073073,25.332386100371384
2026-09-07 13:02:08.471667,852.0951548773094,-49.672674092035905,348.30998921829575,25.297079643594586
2026-09-07 13:02:08.559009,853.1860456888882,-49.89798879544885,348.44682631134117,25.77114027380098
2026-09-07 13:02:08.675076,854.4961301307133,-50.16579488543023,348.537746320492,25.79142421791113
2026-09-07 13:02:08.774038,855.6143854988627,-50.39253941594008,348.42700208353546,25.762888023582878
2026-09-07 13:02:08.872315,856.7232349542483,-50.61960898074485,348.3500177060697,25.569669811496155
2026-09-07 13:02:08.973426,857.8551915453469,-50.852995560346216,348.3160729781653,25.392967572882156
2026-09-07 13:02:09.073913,858.9722514329534,-51.08400075724622,348.41727869879696,25.210331371423674
2026-09-07 13:02:09.174586,860.0837339001905,-51.311806049665314,348.4510763824547,25.124122345805162
2026-09-07 13:02:09.269217,861.1250625283009,-51.52459288762928,348.36635830571873,25.054663691378266
2026-09-07 13:02:09.370736,862.6080175116327,-51.82951647409093,348.2868343375884,26.228135474112342
2026-09-07 13:02:09.470285,863.7509262356455,-52.06647539077632,348.1308727638258,26.148977996943074
2026-09-07 13:02:09.571392,864.9075614073408,-52.30956581701388,348.00641368536577,25.944011509044902
2026-09-07 13:02:09.670074,866.0270925526329,-52.54739852881633,347.9843275052333,25.740511892120242
2026-09-07 13:02:09.771554,867.1692425643581,-52.790496562307325,348.0297523154285,25.456756523473143
2026-09-07 13:02:09.871232,868.2789309408458,-53.025765905724185,348.1636068945763,25.45588553388049
2026-09-07 13:02:09.967902,869.7987041786874,-53.34370278446749,348.3799656057298,26.783240298312872
2026-09-07 13:02:10.070851,871.0060682236726,-53.591979024818464,348.2071567227681,26.706776704101504
2026-09-07 13:02:10.171952,872.1876356244035,-53.83866729049035,347.9016843861999,26.645820461022023
2026-09-07 13:02:10.270711,873.3378995236872,-54.08522713400628,347.8243224384997,26.44733981261808
2026-09-07 13:02:10.370940,874.4962526989106,-54.335157287680126,347.9925655640314,26.304583720112372
2026-09-07 13:02:10.470395,875.6401758557406,-54.578460801300075,348.18176864952954,26.214203454923574
2026-09-07 13:02:10.570752,876.7913093431024,-54.81932741505357,348.17053811721587,26.384326461953147
2026-09-07 13:02:10.671169,877.9505584920283,-55.06212935646102,347.94579318395944,26.59579118861351
2026-09-07 13:02:10.770259,879.102700423631,-55.30816418821063,347.62421950238405,26.436474488765626
2026-09-07 13:02:10.870587,880.2608409540269,-55.562284722874914,347.7252650857882,26.235717215926503
2026-09-07 13:02:10.971175,881.4136092704579,-55.81309642525375,347.68023955555645,26.17946497899021
2026-09-07 13:02:11.071554,882.5613192375858,-56.063752343180255,347.624074584348,26.268053589279557
2026-09-07 13:02:11.170527,883.6965390306555,-56.312846592701185,347.51331803775133,26.13486988018753
2026-09-07 13:02:11.271065,884.8433737936233,-56.56681407684136,347.61457512315405,25.884496154542173
2026-09-07 13:02:11.367288,885.9308959896624,-56.805631333908835,347.7545580006875,25.74492340587874
2026-09-07 13:02:11.470880,887.0960115138978,-57.05850565683985,347.7545580006875,25.55573864332953
2026-09-07 13:02:11.571663,888.2212041643788,-57.30271519978973,347.69816697972396,25.353190266087
2026-09-07 13:02:11.671059,889.3218806786249,-57.542738377596244,347.59806006233265,25.208146513011215
2026-09-07 13:02:11.779854,891.431425848197,-58.00268263582915,347.4154381580712,26.581415741928122
2026-09-07 13:02:11.870952,892.4879325408356,-58.23854098336714,347.3950493654068,26.31474995489005
2026-09-07 13:02:11.979115,893.7296670310465,-58.516214181486525,347.6129226099195,26.060509501365196
2026-09-07 13:02:12.208702,896.5410292869637,-59.133188702183986,347.3560013964221,26.328170821062518
2026-09-07 13:02:12.289779,897.472143247159,-59.3420682068128,347.2108335865601,26.273619905246818
2026-09-07 13:02:12.400021,898.7415111395196,-59.63015339002106,346.98877260247525,26.07775268958707
2026-09-07 13:02:12.488044,899.7413200191223,-59.861183826899236,346.880419457161,25.74855742042771
2026-09-07 13:02:12.587767,900.8592337696974,-60.1217332677321,347.0366536334996,25.539425547440953
2026-09-07 13:02:12.689043,901.9860472408214,-60.38111949350101,347.20665423992443,25.409337461084025
2026-09-07 13:02:12.788693,903.0898707066222,-60.63176722211949,347.3070169740188,25.337936377008777
2026-09-07 13:02:12.889115,904.1995593148288,-60.88170354963178,347.2058767182915,25.382688402135162
2026-09-07 13:02:12.989020,905.328606976019,-61.13800905206661,347.0717173076918,25.4315860403659
2026-09-07 13:02:13.088501,906.4309304320117,-61.39104756920961,347.0049222907964,25.454187013572994
2026-09-07 13:02:13.188687,907.541754286141,-61.647400947498326,347.08340206572626,25.37890016144567
2026-09-07 13:02:13.296106,908.7296263930772,-61.919822165722806,347.2997766675061,25.226841987820265
2026-09-07 13:02:13.387117,909.7308830779147,-62.14546920587926,347.421992593817,25.141749481766556
2026-09-07 13:02:13.495184,910.9163378255178,-62.40997201340263,347.34943263673136,25.10492205685771
2026-09-07 13:02:13.587478,911.9269991665847,-62.63681831652474,347.3081196939628,25.108954396665112
2026-09-07 13:02:13.687352,913.0206633113437,-62.88312332090073,347.2634137667511,25.106336289924105
2026-09-07 13:02:13.795861,914.1624707434502,-63.141244419597456,347.1662714583264,24.99757924165488
2026-09-07 13:02:13.894536,915.2376093267659,-63.38617557695128,347.1110599246989,24.952743523654252
2026-09-07 13:02:13.994854,916.3284491277773,-63.635789640331986,347.04370291677867,24.964139088788244
2026-09-07 13:02:14.095298,917.4208631223843,-63.887115775815566,346.8301378224997,24.963261405862777
2026-09-07 13:02:14.194831,918.5023953731195,-64.14018676230717,346.8746911101737,24.944127509147716
2026-09-07 13:02:14.295061,919.5908641777588,-64.39398827866991,347.02050327374354,24.814507187140737
2026-09-07 13:02:14.396114,920.5721440713876,-64.6204202965773,347.303213742842,24.465628425851406
2026-09-07 13:02:14.495933,921.6371796503182,-64.86037365887768,347.2697027618934,24.36183404888011
2026-09-07 13:02:14.592762,922.6657941610589,-65.09275356001771,347.12883829031506,24.40752317555222
2026-09-07 13:02:14.695543,923.7590735759306,-65.3425689015038,347.0023185780973,24.368006612437064
2026-09-07 13:02:14.804742,924.7899012474828,-65.58085383601984,347.0511985923711,24.005688395147292
2026-09-07 13:02:14.894680,925.7305275525005,-65.7971293830518,347.15184444818846,23.917669705544572
2026-09-07 13:02:15.004481,926.8751429698625,-66.058191494084,347.3361550112641,23.93973693351914
2026-09-07 13:02:15.102285,927.8963803356477,-66.28766021664916,347.5112723993734,24.043145290433507
2026-09-07 13:02:15.202089,928.9437164023932,-66.519632861441,347.57828428974676,24.170470515804837
2026-09-07 13:02:15.301659,929.9944016497609,-66.75105850104879,347.5114295151438,24.213972810062625
2026-09-07 13:02:15.402139,931.0563240248478,-66.98625878707703,347.3427650642022,24.36147638916069
2026-09-07 13:02:15.501166,932.1085746389492,-67.22256856494666,347.11004941515006,24.411663854907605
2026-09-07 13:02:15.602458,933.1861175701168,-67.46915993933926,346.99669777260243,24.47539053484676
2026-09-07 13:02:15.702016,934.2474961814288,-67.71426293306075,346.7515931421946,24.488439650278266
2026-09-07 13:02:15.802344,935.3165869610783,-67.9659690209223,347.0210480312722,24.429702806259836
2026-09-07 13:02:15.902308,936.3804088669934,-68.21116006216901,347.5580025909515,24.262866470305557
2026-09-07 13:02:15.989401,937.3028751286723,-68.4146863852221,348.3376996730035,24.068805999276677
2026-09-07 13:02:16.105037,938.5214005461503,-68.66619482742394,349.1529411766477,24.26887135975896
2026-09-07 13:02:16.202230,939.5570225346905,-68.86463196705014,348.06529494652756,24.659538127553787
2026-09-07 13:02:16.303083,940.644773414217,-69.0945452473094,346.01123610331587,25.322243226650066
2026-09-07 13:02:16.402092,941.7323217771365,-69.3654749856836,344.62627569467065,25.329164377441945
2026-09-07 13:02:16.502655,942.8302660322543,-69.66735757130375,344.9301224873068,24.96097954463895
2026-09-07 13:02:16.603189,943.6894966467229,-69.90733241540018,346.75267750958426,24.38539584348008
2026-09-07 13:02:16.703635,944.755345708181,-70.15825398498623,348.42751080739026,24.535482612141717
2026-09-07 13:02:16.803362,945.8269496443751,-70.37768651977345,348.7176716302243,24.895378145469273
2026-09-07 13:02:16.903685,946.9218907178856,-70.59612616289891,347.98793434169716,25.0961254132613
2026-09-07 13:02:17.004268,948.0256200634401,-70.83097401906456,347.26756166785157,25.0961254132613
2026-09-07 13:02:17.104658,949.1241975203587,-71.07920277857497,347.1327509653832,24.999632195372524
2026-09-07 13:02:17.204688,950.2140438991264,-71.32815535891446,347.4461812604836,25.010120979933188
2026-09-07 13:02:17.305164,951.3105609476015,-71.57232815718902,347.7047897899254,25.092649458928356
2026-09-07 13:02:17.399247,952.3417227039147,-71.79706748024589,347.7890172715493,25.262824221323775
2026-09-07 13:02:17.499695,953.450465902246,-72.03700871812305,347.7665358400629,25.465577051048186
2026-09-07 13:02:17.600914,954.3687241468651,-72.23470513049038,347.6645928838933,25.139877595098095
2026-09-07 13:02:17.701332,955.4712209252383,-72.47580209880873,347.5072698639323,25.25306938512248
2026-09-07 13:02:18.051991,959.336129920104,-73.33211731553601,347.31106595037494,25.562540424836484
2026-09-07 13:02:18.126034,960.1330460810159,-73.51161151098374,347.25306505229406,25.55757398805107
2026-09-07 13:02:18.225968,961.2466778388869,-73.7635380274339,347.3089810330544,25.576784971687882
2026-09-07 13:02:18.325764,962.3598528775501,-74.01421951301988,347.2978132799054,25.668347143137865
2026-09-07 13:02:18.425756,963.4791579204431,-74.26651068737232,347.38733077342215,25.660483543124442
2026-09-07 13:02:18.525165,964.5919863858536,-74.51551569598305,347.520824120585,25.78904212429168
2026-09-07 13:02:18.625384,965.7200877832329,-74.76517963020702,347.50960903127446,25.945795443695424
2026-09-07 13:02:18.725142,966.8689619743691,-75.01970924795707,347.50960903127446,26.055940965090933
2026-09-07 13:02:18.820604,967.9545907065714,-75.26019633216565,347.3066367180446,26.17856102216077
2026-09-07 13:02:18.925175,969.1484617051822,-75.52910147298529,347.27153040773527,26.374102406181215
2026-09-07 13:02:19.031940,970.3763163047672,-75.80645162139946,347.3312685317559,26.489783993678977
2026-09-07 13:02:19.123971,971.4396141646749,-76.04546646436066,347.3827625540642,26.545271713947297
2026-09-07 13:02:19.231650,972.6865615371911,-76.32458613949359,347.5032616212944,26.585730525309256
2026-09-07 13:02:19.324206,973.7741936471806,-76.56566919708389,347.6275522814963,26.66648643912835
2026-09-07 13:02:19.432331,975.0332148017216,-76.84184831531933,347.7122509985255,26.701444029961944
2026-09-07 13:02:19.523875,976.1009070183105,-77.07440372977523,347.79420544914655,26.69504471446445
2026-09-07 13:02:19.631973,977.361760419694,-77.34714336324322,347.95146378754396,26.74605116103523
2026-09-07 13:02:19.731400,978.5243767613821,-77.59529464952911,348.0293490068555,26.805129312598844
2026-09-07 13:02:19.831323,979.6957124499198,-77.8436426947846,348.10762276317195,26.866248441340122
2026-09-07 13:02:19.930292,980.9278871196964,-78.10369195015069,348.1186979702083,27.126953126245837
2026-09-07 13:02:20.031364,982.1273116357104,-78.35604156385233,348.2544245099024,27.140200682392937
2026-09-07 13:02:20.132107,983.3240085090188,-78.60485846326597,348.3333406056219,27.08914353775823
2026-09-07 13:02:20.221848,984.3883141003215,-78.82461974976052,348.4136809267045,27.163638715412915
2026-09-07 13:02:20.340636,985.8013915876005,-79.11433129016685,348.37380172129355,27.13353748705527
2026-09-07 13:02:20.430545,986.8695925459067,-79.33411051583334,348.41404708254544,27.070687266717048
2026-09-07 13:02:20.540873,988.1775422914333,-79.60225987857335,348.5251641896921,27.050442224327107
2026-09-07 13:02:20.629850,989.2320019820552,-79.81630988408291,348.4952930574241,27.073766741568296
2026-09-07 13:02:20.740844,990.5483781662367,-80.0842422663374,348.3089799397109,27.045640535719826
2026-09-07 13:02:20.838665,991.7065456459499,-80.3238979236048,348.44034080958005,26.999483330128605
2026-09-07 13:02:20.931077,992.799320432113,-80.54741066797352,348.50238945305307,26.959915876712802
2026-09-07 13:02:21.040598,994.092797426689,-80.8105153614613,348.4533653040839,27.024034745759757
2026-09-07 13:02:21.137963,995.520204883924,-81.10326062488613,348.4860524343903,27.638486090131185
2026-09-07 13:02:21.238629,996.7389548914618,-81.35152709360189,348.6212337689324,27.52149626189993
2026-09-07 13:02:21.338551,997.9441523252018,-81.59407275367377,348.6435974754969,27.45513901478558
2026-09-07 13:02:21.439433,999.1580901661046,-81.8378844418577,348.55328321254626,27.307045303931968
2026-09-07 13:02:21.538584,1000.3443856453316,-82.07809032041702,348.4423274735912,27.268924379350274
2026-09-07 13:02:21.618525,1001.2991308966623,-82.27333644512824,348.46021919980234,27.138299821494716
2026-09-07 13:02:21.742684,1002.7749681772808,-82.57466618148916,348.7381014923244,27.055847013860053
2026-09-07 13:02:21.839052,1003.9181001047785,-82.80229605437427,348.71653321232395,27.01374367858804
2026-09-07 13:02:21.938953,1005.1012081241215,-83.03834935756034,348.54884066342345,27.00937898771865
2026-09-07 13:02:22.038998,1006.2851332388819,-83.27817083852626,348.4480801041413,26.998014433861616
2026-09-07 13:02:22.139805,1007.4771472306924,-83.52181391623371,348.58345078332974,26.772515597068487
2026-09-07 13:02:22.238649,1008.6367434659729,-83.7559781050213,348.68300175261044,26.61100330929782
2026-09-07 13:02:22.340684,1009.8269694237667,-83.99417595140726,348.7629299245603,26.555725030927878
2026-09-07 13:02:22.440544,1010.9897279478303,-84.22519023279722,348.64000585822447,26.510350875371326
2026-09-07 13:02:22.536296,1012.1022713947258,-84.44871005686497,348.65072106424,26.478556880426805
2026-09-07 13:02:22.640000,1013.3058093192733,-84.69027731993012,348.6855363075132,26.401532522986756
2026-09-07 13:02:22.740598,1014.4700461328099,-84.92322044038156,348.6967938091293,26.31978286481858
2026-09-07 13:02:22.839804,1015.6146630220395,-85.15200407337892,348.68569208041373,26.272972141784848
2026-09-07 13:02:22.940749,1016.7772276314439,-85.38460932821253,348.5953214169302,26.232397350518966
2026-09-07 13:02:23.035549,1017.8669899424904,-85.6044365601267,348.53166938687735,26.18186705680923
2026-09-07 13:02:23.141029,1019.0769153457892,-85.84990229337842,348.46084643191983,26.110897107252143
2026-09-07 13:02:23.240710,1020.2169361707145,-86.08265355446518,348.4385366639603,26.167513134690964
2026-09-07 13:02:23.341178,1021.3683574555429,-86.31819944395767,348.4272937101007,26.13678689235247
2026-09-07 13:02:23.436912,1022.464192047354,-86.54259802083862,348.47014647694374,26.151844374624748
2026-09-07 13:02:23.537063,1023.6114223361507,-86.77662722538574,348.5485988349478,26.176347809720042
2026-09-07 13:02:23.637822,1024.7670203212303,-87.01071570631649,348.5485988349478,26.188673905399398
2026-09-07 13:02:23.738307,1025.920018495346,-87.24427754579652,348.5148642661722,26.261551323737244
2026-09-07 13:02:23.837291,1027.0588182785666,-87.47566132817079,348.4705567236775,26.273660279311688
2026-09-07 13:02:23.937184,1028.2084249143034,-87.71016672164265,348.4705567236775,26.212559500438434
2026-09-07 13:02:24.039214,1029.3798942948313,-87.94913184195521,348.4819744744269,26.21969183199713
2026-09-07 13:02:24.139118,1030.527312485879,-88.18295266075783,348.5266938303369,26.261594122619897
2026-09-07 13:02:24.238230,1031.6676345631859,-88.41440060045241,348.5045114111998,26.29450378954008
2026-09-07 13:02:24.338674,1032.8246390040233,-88.64970094361169,348.4370698024801,26.252375009117745
2026-09-07 13:02:24.432902,1033.9080427769995,-88.87136140986544,348.39489115629294,26.23179082621465
2026-09-07 13:02:24.538249,1035.1181569579633,-89.1198746271966,348.5481474068725,26.08818884848335
2026-09-07 13:02:24.638464,1036.2636431065357,-89.35192415771618,348.59300597362176,26.047907480345152
2026-09-07 13:02:24.738234,1038.497073672356,-89.80404204959086,348.54834659923097,27.029028901926896
2026-09-07 13:02:24.838302,1039.6821304268392,-90.04410339898217,348.4475628754442,26.85852140399606
2026-09-07 13:02:24.939274,1040.8845520075579,-90.28986692501613,348.47016158422934,26.682735783287423
2026-09-07 13:02:25.038162,1042.0403101557126,-90.52563545252656,348.37056630024415,26.509054387327332
2026-09-07 13:02:25.138455,1043.204444736116,-90.76522126140136,348.32567281887924,26.322388965539012
2026-09-07 13:02:25.238865,1044.361543498598,-91.00430424324698,348.2020717223363,26.111816365771656
2026-09-07 13:02:25.335478,1045.5372511295704,-91.2495205103229,348.1588254946324,25.965722112045377
2026-09-07 13:02:25.438109,1046.7032117762103,-91.49397697556682,348.0554604393104,25.73524631045324
2026-09-07 13:02:25.538358,1047.8316500931392,-91.73269202413115,348.12277111822146,25.49976611251034
2026-09-07 13:02:25.639176,1048.9563115565938,-91.96922858171807,348.11148899732507,25.261909356123887
2026-09-07 13:02:25.739311,1050.0494484859187,-92.19942324017178,348.14510606499033,24.957056562281007
2026-09-07 13:02:25.838642,1051.1340277126158,-92.4270883273801,348.17845321581933,24.75655838084031
2026-09-07 13:02:25.939169,1052.164236457767,-92.64287548147152,348.2122018847282,24.519033699751297
2026-09-07 13:02:26.046629,1053.3172641634824,-92.88349926140481,348.2963796801683,24.5772510153159
2026-09-07 13:02:26.138093,1054.200766731288,-93.06655024617898,348.2042614954096,24.257279981017874
2026-09-07 13:02:26.235878,1055.2387523405625,-93.28331616721208,348.18237607431706,24.305129096868807
2026-09-07 13:02:26.336903,1056.201328771559,-93.48491603441663,348.12584964731207,23.837923889033693
2026-09-07 13:02:26.436081,1057.2356042342208,-93.70238475884503,348.1813426240752,23.854389679986408
2026-09-07 13:02:26.536025,1058.278799752785,-93.92067420553374,348.19252693928553,24.02905246184038
2026-09-07 13:02:26.636693,1059.33728910349,-94.14194823941845,348.21505760933246,24.27711101085165
2026-09-07 13:02:26.735001,1060.3817205463367,-94.35985489042992,348.1820538974631,24.514200113616504
2026-09-07 13:02:26.836689,1061.4724806312352,-94.58808312476879,348.2503307712185,24.769214835453475
2026-09-07 13:02:26.936155,1062.220537772543,-94.7435390478289,348.3282465408188,23.74711413043293
2026-09-07 13:02:27.036125,1063.259865997817,-94.95823927268185,348.27231041701094,23.939293172017575
2026-09-07 13:02:27.136882,1064.3156399423576,-95.17741170938058,348.2272092384453,24.074877533176533
2026-09-07 13:02:27.236243,1065.362511305676,-95.39559573606395,348.1271375713871,24.18427320736117
2026-09-07 13:02:27.335828,1066.4161251466294,-95.61710585404954,348.1271375713871,24.310448865929192
2026-09-07 13:02:27.436089,1067.4824253909376,-95.84128314153753,348.0261594671921,24.465515710129377
2026-09-07 13:02:27.536369,1068.133713835619,-95.98064825147704,348.03738138275764,23.020166369343524
2026-09-07 13:02:27.633199,1069.108544762149,-96.1871903113226,348.08072474471277,23.05485662007612
2026-09-07 13:02:27.736095,1070.14617186171,-96.40621724022705,348.0692100835237,23.05126018575257
2026-09-07 13:02:27.842735,1071.2213409368462,-96.633394408349,348.10501099325387,23.08760131294477
2026-09-07 13:02:27.935447,1071.8723714492312,-96.77070653230514,348.08426096860455,22.156875793345215
2026-09-07 13:02:28.043560,1072.9201571965573,-96.99181024508569,348.1326548639991,22.223004436056158
2026-09-07 13:02:28.142892,1073.6894761969413,-97.15347003375503,348.23269732363843,21.540535152793353
2026-09-07 13:02:28.241678,1074.6207423885196,-97.34746709770369,348.2548067801813,21.595779649930073
2026-09-07 13:02:28.342197,1075.4080730416745,-97.51088652689772,348.2660554412377,20.972557851792722
2026-09-07 13:02:28.443934,1076.341982709931,-97.70486701046197,348.2091306295158,20.973446832994068
2026-09-07 13:02:28.543225,1077.2532890493817,-97.89509726524253,348.08690698170335,21.01162158385529
2026-09-07 13:02:28.643088,1078.1711025800057,-98.08872997213962,348.13160798505896,21.01598461449852
2026-09-07 13:02:28.744638,1078.917258127358,-98.24564117739976,348.15433605697126,20.299957343100864
2026-09-07 13:02:28.844823,1079.8070647192612,-98.43227169691106,348.32250532466225,20.545950299897235
2026-09-07 13:02:28.944522,1080.7038329897061,-98.61761615791158,348.32250532466225,20.744577764721416
2026-09-07 13:02:29.042094,1081.5899539405182,-98.80076002620218,348.30066757544876,20.516084369275816
2026-09-07 13:02:29.146196,1082.52489127695,-98.99436488027546,349.0811920891291,20.371450552251616
2026-09-07 13:02:29.245743,1083.4150393695522,-99.16608343935967,350.0280826201273,20.686334409820287
2026-09-07 13:02:29.345115,1084.3201108806086,-99.32521460697342,350.3839323827381,21.03452902747195
2026-09-07 13:02:29.446369,1085.2588521657983,-99.48426160840624,349.59076855438417,21.591043527712422
2026-09-07 13:02:29.546188,1085.7161491191043,-99.5624648960986,347.1668075991069,19.88014535749017
2026-09-07 13:02:29.645958,1086.5806786094493,-99.75940793481307,345.27994903109635,19.52532540639519
2026-09-07 13:02:29.745459,1087.4250883441225,-99.98100690833208,345.3133532538932,19.280238339184816
2026-09-07 13:02:29.846107,1088.2642336746294,-100.20094354761768,346.946502305422,19.259131167567066
2026-09-07 13:02:29.946117,1089.103030190375,-100.39542009780243,349.29675951423394,19.30195180791804
2026-09-07 13:02:30.045402,1089.9448303918214,-100.55452920727824,350.17449448698306,19.903167801243583
2026-09-07 13:02:30.145937,1090.6124534049964,-100.66285337952324,349.35321152386905,19.53391421190317
2026-09-07 13:02:30.245968,1091.470930483316,-100.8242387052185,348.0435075549328,19.593351251933143
2026-09-07 13:02:30.345216,1092.3006072122585,-101.00005981508315,347.3549089718135,19.422916750903116
2026-09-07 13:02:30.445507,1093.1502943285575,-101.19068961467971,347.5793719024051,19.419411366877082
2026-09-07 13:02:30.545629,1093.9991354613087,-101.37763984695297,348.0835624524801,19.717741791028164
2026-09-07 13:02:30.646040,1094.865146434294,-101.56039648108853,348.3195305322661,20.100285823720988
2026-09-07 13:02:30.745900,1095.6853876351647,-101.72979066072,348.2524810415375,20.195709941728634
2026-09-07 13:02:30.846225,1096.5721789929053,-101.91420346726531,348.12898457693564,20.572666474561267
2026-09-07 13:02:30.946602,1097.4327717213162,-102.09512945794845,348.01665687263517,20.778980773956278
2026-09-07 13:02:31.044171,1098.3193430679344,-102.28330664525572,347.98390125596734,21.08163995818755
2026-09-07 13:02:31.154067,1099.3323469279544,-102.49892476999881,347.91011324442,21.458067682775955
2026-09-07 13:02:31.245239,1100.1875268407455,-102.68210157891389,347.87950521233154,21.751239993978533
2026-09-07 13:02:31.354293,1101.1201158219908,-102.8826976864915,347.9039127667809,21.647288486687184
2026-09-07 13:02:31.446243,1101.9901785555812,-103.0691608274771,347.93478198705174,21.931714062418664
2026-09-07 13:02:31.553660,1102.9745259691722,-103.27962457746595,347.93478198705174,22.00601753362572
2026-09-07 13:02:31.643699,1103.840724665731,-103.46477155742308,347.8844025467043,22.26564955411046
2026-09-07 13:02:31.754855,1104.9182527482678,-103.6960876763066,347.79732952390566,22.432732888301388
2026-09-07 13:02:31.853522,1105.8853619449646,-103.90523126904121,347.76420528946886,22.603439665798927
2026-09-07 13:02:31.943361,1106.7980981874684,-104.10309639553735,347.7440982756576,22.77910204505663
2026-09-07 13:02:32.044404,1107.803585938005,-104.32151764118487,347.7667128750691,22.78351663009097
2026-09-07 13:02:32.144140,1108.796344994421,-104.5367635470085,347.8113570302684,22.869794773545692
2026-09-07 13:02:32.244227,1109.7965391766359,-104.75280566883579,347.721754488329,22.968620443158592
2026-09-07 13:02:32.344473,1110.8578512569322,-104.98367472077487,347.564700937581,23.260244193240226
2026-09-07 13:02:32.444124,1111.8697388304738,-105.20680626573443,347.57585246438623,23.30029886186608
2026-09-07 13:02:32.543606,1112.881693273274,-105.42974603033365,347.60925030855134,23.308122354310825
2026-09-07 13:02:32.643901,1113.902391187795,-105.65398827154564,347.6990390617742,23.31162787814538
2026-09-07 13:02:32.750366,1115.0641473163298,-105.90727972030868,347.6394687964826,23.804189787257947
2026-09-07 13:02:32.842850,1116.0254959712872,-106.1179517876882,347.59807080529134,23.84378806845202
2026-09-07 13:02:32.943685,1117.0752283321258,-106.34878746999362,347.5755027587007,23.90105953570048
2026-09-07 13:02:33.050746,1118.192356049525,-106.5949047007926,347.56352200977403,23.98525475942207
2026-09-07 13:02:33.143222,1119.265066563694,-106.83129398932907,347.64631083018423,24.40345656226686
2026-09-07 13:02:33.251278,1120.416589274398,-107.08349710910231,347.513297782798,24.442168632215857
2026-09-07 13:02:33.339159,1121.354118807455,-107.29111412878402,347.4346226203076,24.442168632215857
2026-09-07 13:02:33.451734,1122.5547218272557,-107.558719054195,347.3716336322345,24.422494952287888
2026-09-07 13:02:33.549872,1123.7346059780134,-107.82258672669026,347.3935980588355,24.89536073850894
2026-09-07 13:02:33.649519,1124.8168643748022,-108.06462711093378,347.4047491380174,24.861402708676597
2026-09-07 13:02:33.751292,1125.9207533897863,-108.3112794708071,347.4047491380174,24.850731159430442
2026-09-07 13:02:33.851256,1127.0045555282604,-108.55344362994065,347.4047491380174,24.883050240217397
2026-09-07 13:02:33.951236,1128.089940878554,-108.79596154106027,347.4047491380174,24.848978729558397
2026-09-07 13:02:34.058484,1129.2526335980938,-109.0557529686307,347.3567424367579,24.774944946228047
2026-09-07 13:02:34.150087,1130.443186992213,-109.32243354986193,347.39774607184177,25.444517271573215
2026-09-07 13:02:34.259726,1131.6602543769857,-109.5945306119957,347.41001531397075,25.459845737705997
2026-09-07 13:02:34.349513,1132.657599234349,-109.81728056071911,347.4803491285918,25.394727115421077
2026-09-07 13:02:34.459958,1133.881607805644,-110.08907719528598,347.5545057579081,25.34357830008856
2026-09-07 13:02:34.557619,1134.9620670367433,-110.32753110375323,347.6091499290314,25.28640284634001
2026-09-07 13:02:34.657643,1136.0664043823983,-110.57015053897413,347.5196037876249,25.236584108083928
2026-09-07 13:02:34.748997,1137.3206250507415,-110.84789631389305,347.4378194338493,25.98789525176734
2026-09-07 13:02:34.859632,1138.5751716217803,-111.12745135664535,347.38829663254904,25.902822816974034
2026-09-07 13:02:34.958040,1139.6872024408865,-111.37625820051555,347.46538362765114,25.872726586770916
2026-09-07 13:02:35.057025,1140.8047891568756,-111.62472970314667,347.5650766054166,25.809586394827804
2026-09-07 13:02:35.158339,1141.9463195173348,-111.87644095820839,347.599089483965,25.69184348801298
2026-09-07 13:02:35.258242,1143.0669631439064,-112.12284910888742,347.599089483965,25.579232209170485
2026-09-07 13:02:35.357578,1144.176362477129,-112.36678485400938,347.5657406545487,25.521076129736876
2026-09-07 13:02:35.457732,1145.292211278978,-112.61281967838941,347.4648703156577,25.46769204707649
2026-09-07 13:02:35.558154,1146.4082704889126,-112.86096206573721,347.37496786612235,25.345720841339865
2026-09-07 13:02:35.657225,1147.5036582903008,-113.10631277611542,347.4193143518422,25.173449405548325
2026-09-07 13:02:35.757433,1148.604277234128,-113.3519407318389,347.5426667936546,25.078006743817827
2026-09-07 13:02:35.858454,1149.7101474139092,-113.59624240116298,347.62180065809855,24.933239881512442
2026-09-07 13:02:35.959690,1150.8123089144735,-113.83812872274096,347.64445845315635,24.856279381613106
2026-09-07 13:02:36.058374,1151.883463290938,-114.07276609808571,347.6886317086678,24.693303927794656
2026-09-07 13:02:36.159138,1152.970206688354,-114.30994036345506,347.69990778664993,24.533937211449363
2026-09-07 13:02:36.259070,1154.041067147287,-114.54342750790848,347.7222737313308,24.347070474132792
2026-09-07 13:02:36.359495,1155.7428320416961,-114.91562937950573,347.6323685960558,25.505509976906485
2026-09-07 13:02:36.459046,1156.8515695883716,-115.15874457312115,347.62122825983255,25.32805448494827
2026-09-07 13:02:36.559581,1157.9634285630968,-115.40277079756825,347.564976002085,25.155872780011357
2026-09-07 13:02:36.660104,1159.067358782993,-115.64619312871429,347.6549688715224,24.97317114816633
2026-09-07 13:02:36.752080,1160.0704371302857,-115.86572555815242,347.62409092259765,24.896016978517082
2026-09-07 13:02:36.856250,1161.2028580647755,-116.1142053330024,347.53083308897453,24.71032784834976
2026-09-07 13:02:36.956821,1162.2876112148392,-116.3540769514175,347.48581516833855,24.53808448785629
2026-09-07 13:02:37.056237,1163.3522468286926,-116.59037752811,347.5525665419644,24.289636222600382
2026-09-07 13:02:37.156024,1164.8020153965042,-116.91027188873569,347.57490003395765,24.938675508125733
2026-09-07 13:02:37.257193,1165.9034893026767,-117.15295253824266,347.4843288352458,24.690266450421166
2026-09-07 13:02:37.357346,1167.080805507938,-117.41415615964097,347.45070572466625,24.61003400161653
2026-09-07 13:02:37.456398,1168.1445084408588,-117.6509337384403,347.46179021988564,24.295850392487594
2026-09-07 13:02:37.557306,1169.2436797433254,-117.89534016665054,347.5634199516668,24.07324436354667
2026-09-07 13:02:37.658042,1170.3023324609837,-118.1288087232821,347.57469289628597,23.866389272279672
2026-09-07 13:02:37.757623,1171.3398996478697,-118.35741315018423,347.50783073589895,23.688880303563227
2026-09-07 13:02:37.857098,1172.368388369356,-118.58527614045664,347.452171578994,23.466361065911116
2026-09-07 13:02:37.957939,1173.4443636746112,-118.82469378117084,347.42960218953357,23.415798298013023
2026-09-07 13:02:38.057825,1174.464886790245,-119.0522541847251,347.47431348822454,23.187122836924527
2026-09-07 13:02:38.154544,1175.4490850175293,-119.270904787816,347.5176071639958,22.96823599292817
2026-09-07 13:02:38.257183,1176.4780427076412,-119.49868749576973,347.6669238821106,22.87406538773904
2026-09-07 13:02:38.357937,1177.4493973692304,-119.71098046602738,347.59927412856695,22.642306229876546
2026-09-07 13:02:38.457310,1178.4317854770281,-119.92698554719678,347.59927412856695,22.512925880453118
2026-09-07 13:02:38.556714,1179.3576317757668,-120.13051615331482,347.6103980146347,22.101328725571268
2026-09-07 13:02:38.655671,1180.3125748238328,-120.34029232643245,347.68791506380063,21.977678131175352
2026-09-07 13:02:38.757948,1181.2341284086938,-120.54131405284146,347.6535788893401,21.611794171940726
2026-09-07 13:02:38.858014,1182.178540851543,-120.7480309471071,347.66477685706036,21.509491717881804
2026-09-07 13:02:38.957293,1183.1111301975925,-120.95196896229201,347.5647877764968,21.443561480934328
2026-09-07 13:02:39.058131,1184.0550989481185,-121.1601222128127,347.5873564945224,21.374833675536603
2026-09-07 13:02:39.157364,1184.9811459467414,-121.36394109069076,347.5540422440043,21.46067669119236
2026-09-07 13:02:39.258082,1185.9247048425352,-121.57218953656113,347.52022945306095,21.474757925533808
2026-09-07 13:02:39.357918,1186.7442109842,-121.75369308848715,347.5314016824427,20.99443237767909
2026-09-07 13:02:39.457511,1187.65688050849,-121.95550233021314,347.4756765011044,21.042295954973625
2026-09-07 13:02:39.555213,1188.443957633325,-122.13050951970543,347.3663422774718,20.5618092208844
2026-09-07 13:02:39.666386,1189.4411127160665,-122.35401520326552,347.39122408878353,20.5618092208844
2026-09-07 13:02:39.756805,1190.1468078247178,-122.51209195670859,347.4316977379069,20.059206490583072
2026-09-07 13:02:39.855372,1191.0095044219838,-122.7044264389297,347.50890928418596,20.07212571516309
2026-09-07 13:02:39.955991,1191.8909920648455,-122.89970374469397,347.6552873554843,20.135428985004715
2026-09-07 13:02:40.055046,1192.7620047122755,-123.09032737240133,347.66637218642114,20.18909282451013
2026-09-07 13:02:40.155207,1193.4847154190604,-123.24799831490631,347.643954988875,19.50072290746926
2026-09-07 13:02:40.256090,1194.3438022547846,-123.43619000678002,347.6552443836497,19.46458063168018
2026-09-07 13:02:40.355002,1195.1845798601485,-123.62019726919527,347.73272618248245,19.460259150380967
2026-09-07 13:02:40.454796,1196.0329165847202,-123.80465706302897,347.7997313585066,19.488163252922128
2026-09-07 13:02:40.555211,1196.887973143999,-123.98953103134376,347.7997313585066,19.566254480426938
2026-09-07 13:02:40.655872,1197.7485591493853,-124.17560053536126,347.7997313585066,19.573291113054893
2026-09-07 13:02:40.755162,1198.3734626840157,-124.31022201974581,347.8219536161154,18.79997550820927
2026-09-07 13:02:40.855016,1199.1937849060353,-124.48725297925223,347.8443021034885,18.829641442745327
2026-09-07 13:02:40.955852,1200.0235514282722,-124.66598338197444,347.8217338330862,18.883389045029237
2026-09-07 13:02:41.054725,1200.8394177744756,-124.84205600938627,347.8217338330862,18.61469889181308
2026-09-07 13:02:41.155047,1201.5242156868696,-124.98966347601453,348.2595718418755,17.919202525626133
2026-09-07 13:02:41.252422,1202.2879292108837,-125.14838301608255,349.1204213455412,17.756687137951094
2026-09-07 13:02:41.354900,1203.0867732069792,-125.30192086074801,349.6708798042545,17.841755465869177
2026-09-07 13:02:41.454558,1203.8687616231516,-125.44444284548919,349.5147474622115,18.1308659900952
2026-09-07 13:02:41.562047,1204.4524430769357,-125.54709876760974,348.3599975789462,17.91519837948738
2026-09-07 13:02:41.661366,1205.2315118491667,-125.70758554553161,346.4372108642889,17.604507134716215
2026-09-07 13:02:41.754012,1205.9402958520275,-125.87857125571591,346.3439022254238,17.138209935360454
2026-09-07 13:02:41.862889,1206.750871846316,-126.07551050301343,347.1236762986795,16.994552951715253
2026-09-07 13:02:41.961298,1207.535196023111,-126.2541439481173,348.951757901752,17.166408155161506
2026-09-07 13:02:42.062863,1208.300167477635,-126.40350787504119,350.747540799617,17.797405197861824
2026-09-07 13:02:42.161329,1209.0733853542247,-126.5294684705803,350.923843494165,18.43410052993502
2026-09-07 13:02:42.262257,1209.8946972415147,-126.66067078856733,349.7718115794403,18.55315866790925
2026-09-07 13:02:42.363732,1210.5107711273663,-126.76835329823693,348.7611593506864,17.698099666265072
2026-09-07 13:02:42.463554,1211.2853935140256,-126.92227843647986,348.5935994101818,17.542839545526437
2026-09-07 13:02:42.562069,1212.042723380341,-127.07507096781104,348.99047787478014,17.532509618394638
2026-09-07 13:02:42.651027,1212.7271202605084,-127.20822228792906,349.31899016477917,17.666208294687586
2026-09-07 13:02:42.765930,1213.6188447383847,-127.37640929029388,349.55043982329687,18.062798618330326
2026-09-07 13:02:42.864452,1214.4011953973932,-127.520697136468,349.142507973297,18.39768421651505
2026-09-07 13:02:42.963983,1215.2051343338574,-127.67489289855939,348.7749507357703,18.38376893488477
2026-09-07 13:02:43.064868,1216.0183749318085,-127.83628838699904,348.58302721980345,18.440187264340747
2026-09-07 13:02:43.165142,1216.8286273256313,-127.99991372295673,348.58302721980345,18.4752351627391
2026-09-07 13:02:43.264233,1217.6308424440144,-128.16191598207564,348.6052049388962,18.396441869283816
2026-09-07 13:02:43.364661,1218.4404773359145,-128.32509047373318,348.7063512375377,18.48682881032936
2026-09-07 13:02:43.464904,1219.2528790990818,-128.4873307163423,348.6839156874372,18.459675086319763
2026-09-07 13:02:43.564813,1220.0613214398713,-128.6491094608549,348.6727352889306,18.448325981303995
2026-09-07 13:02:43.664575,1220.86804646651,-128.81070828110185,348.6615713405795,18.442223916192372
2026-09-07 13:02:43.764592,1221.6765344584596,-128.97282410859046,348.6391863719093,18.47368618047521
2026-09-07 13:02:43.864416,1222.4847755607611,-129.13521892537602,348.5274775067899,18.46234673098523
2026-09-07 13:02:43.964689,1223.2958343309085,-129.29982567452396,348.6172465645886,18.368594537739103
2026-09-07 13:02:44.060074,1224.0636818176094,-129.45441037447227,348.73466206696634,18.41443578481711
2026-09-07 13:02:44.164619,1224.907713726909,-129.62253365715918,348.61767012811487,18.222597089594082
2026-09-07 13:02:44.264822,1225.7079359325285,-129.78362994936987,348.5952435304799,18.09213610770488
2026-09-07 13:02:44.365073,1226.5027469985487,-129.94396063809688,348.57280618988625,17.954604659526304
2026-09-07 13:02:44.465029,1227.2891329000495,-130.10291229726872,348.4497639510052,17.864642526663474
2026-09-07 13:02:44.564700,1227.4410183766024,-130.1367796199686,348.46091771592677,16.595461381059984
2026-09-07 13:02:44.664615,1228.167289436924,-130.28505711494367,348.43855557604377,16.516885935490237
2026-09-07 13:02:44.765500,1228.897081007783,-130.43435009571098,348.4950036689752,16.500136743932995
2026-09-07 13:02:44.866460,1229.6268212049317,-130.58288368713292,348.4046195767933,16.305172367143445
2026-09-07 13:02:44.965038,1230.1781619492745,-130.69664239784134,348.3163679619052,15.759828177869549
2026-09-07 13:02:45.073101,1230.9237210554109,-130.85081815767845,348.4131109903665,15.516209615352773
2026-09-07 13:02:45.171787,1231.5127846697642,-130.97185673864774,348.4793722165035,15.148060227354458
2026-09-07 13:02:45.272571,1232.1815224588204,-131.10816372450407,348.61471200968583,15.043262418433555
2026-09-07 13:02:45.361737,1232.7693587616716,-131.22653524543122,348.77436311831286,14.790822550077255
2026-09-07 13:02:45.472258,1233.4861524103144,-131.36879754174078,348.8362028336211,14.65948244348724
2026-09-07 13:02:45.562221,1234.0180548878536,-131.47359216704592,348.92680928266606,14.462146197710425
2026-09-07 13:02:45.673947,1234.726933304595,-131.61232415596263,348.964317651388,14.285442159061757
2026-09-07 13:02:45.762155,1235.2213975060213,-131.7084743321081,349.02354358247345,13.989615513247507
2026-09-07 13:02:45.863383,1235.8428873649107,-131.82901471673725,349.02354358247345,13.899393091875817
2026-09-07 13:02:45.962689,1236.3684742874684,-131.93059422062123,349.056882340366,13.496716828026361
2026-09-07 13:02:46.062498,1236.9597286912249,-132.04491338516831,349.12389758791386,13.411247669086446
2026-09-07 13:02:46.163378,1237.4735032026188,-132.14324731017976,349.1013194697995,12.97886233390138
2026-09-07 13:02:46.263069,1238.0414846060817,-132.25260972364455,349.0009154424578,12.966666889282331
2026-09-07 13:02:46.362438,1238.6069077525335,-132.36250747429528,349.07875522800674,12.93454017627846
2026-09-07 13:02:46.462487,1239.1749391186493,-132.47211152126255,349.089951293328,12.955521729942562
2026-09-07 13:02:46.562646,1239.6292447729786,-132.559421478813,349.0563261684437,12.447235133793656
2026-09-07 13:02:46.670003,1240.2157595972724,-132.67283015083385,349.0322984223454,12.39751641979435
2026-09-07 13:02:46.760903,1240.6088050957576,-132.74892110469776,349.08315961724514,11.910245322429382
2026-09-07 13:02:46.868333,1241.1704493166062,-132.8572479440824,349.1552918702892,11.898041873772662
2026-09-07 13:02:46.961934,1241.5557322109833,-132.93082002277,349.1971898566814,11.421522531949542
2026-09-07 13:02:47.069924,1242.0973443255768,-133.03416559022762,349.2817828227113,11.463985437254435
2026-09-07 13:02:47.161434,1242.558138380416,-133.1213852800408,349.3227448288304,11.496769748361942
2026-09-07 13:02:47.270527,1243.1091161274837,-133.22526709126961,349.3471611119336,11.49867626469717
2026-09-07 13:02:47.369931,1243.4520972241326,-133.28928620085648,349.36940888406923,10.819029018273044
2026-09-07 13:02:47.468517,1243.9207286530216,-133.3772471876726,349.3914735782844,10.83195073319229
2026-09-07 13:02:47.569312,1244.2713109270564,-133.44255253979102,349.41403267240946,10.221817472127007
2026-09-07 13:02:47.670517,1244.725902437986,-133.527511797668,349.4480089577549,10.222701804695122
2026-09-07 13:02:47.777738,1245.2076115137334,-133.61724349882786,349.46000761161264,10.203963793275562
2026-09-07 13:02:47.867623,1245.6107110943078,-133.69224465582874,349.4801249207593,10.21731589998022
2026-09-07 13:02:47.977695,1245.9537919501208,-133.75560908339645,349.51707801280554,9.526991941752442
2026-09-07 13:02:48.068965,1246.3360180399043,-133.82633266560384,349.5375053010718,9.512636577858832
2026-09-07 13:02:48.178461,1246.6759557258065,-133.88882696587467,349.54975854066856,8.911907521209594
2026-09-07 13:02:48.267326,1247.0241195606525,-133.95304261940862,349.52986951939346,8.851340111833474
2026-09-07 13:02:48.378088,1247.3536975689742,-134.0137957634772,349.5794491688499,8.298005710395271
2026-09-07 13:02:48.476222,1247.6182055993327,-134.0622530903094,349.65632152859047,7.775431975651098
2026-09-07 13:02:48.576018,1247.9594520193991,-134.12453684750912,349.7233280474845,7.749271355236817
2026-09-07 13:02:48.676919,1248.203311807929,-134.1684273069585,349.6781624111669,7.222513117354966
2026-09-07 13:02:48.764675,1248.482068810296,-134.2191958013192,349.73708485367024,7.20871045148614
2026-09-07 13:02:48.879159,1248.7440465772847,-134.2663874360267,349.8139534086129,6.61826333820222
2026-09-07 13:02:48.975613,1249.0249202998762,-134.31685398196458,349.84633470031497,6.616577701849768
2026-09-07 13:02:49.076488,1249.215885411488,-134.35075462589322,349.9140656974835,6.0362188244052115
2026-09-07 13:02:49.175993,1249.4802433550567,-134.39777699352626,349.93633607459464,6.03447986857911
2026-09-07 13:02:49.276282,1249.7466258127881,-134.445052660182,349.93633607459464,6.027469240335552
2026-09-07 13:02:49.376580,1249.8777171272257,-134.46799489379674,349.9587839343353,5.388352609226225
2026-09-07 13:02:49.476732,1250.0054073693655,-134.490355671763,349.9924067091974,4.888928950740954
2026-09-07 13:02:49.575557,1250.2181077365522,-134.52788955114426,350.0145248943942,4.983917916353652
2026-09-07 13:02:49.677295,1250.4413473793466,-134.5671943735357,350.060065191395,5.063927010897764
2026-09-07 13:02:49.776200,1250.6618854450992,-134.60584284270013,350.09326932658684,5.125287702544484
2026-09-07 13:02:49.877124,1250.7128387319387,-134.61431151732143,350.10456330950007,4.305563711628447
2026-09-07 13:02:49.976572,1250.9014045301997,-134.64720604191544,350.10456330950007,4.392461696148848
2026-09-07 13:02:50.077977,1251.097561707227,-134.68142485117735,350.07051988066297,4.478411473084356
2026-09-07 13:02:50.171803,1251.2825903452954,-134.71381562857144,350.03902085444076,4.530062314591827
2026-09-07 13:02:50.277999,1251.4944080351881,-134.75101607818405,350.02713690404784,4.580171295331806
2026-09-07 13:02:50.377732,1251.6955277600407,-134.7863807026007,350.03829760713023,4.616773043078093
2026-09-07 13:02:50.478969,1251.9013189232749,-134.8225254222258,350.1062716637384,4.646849857373234
2026-09-07 13:02:50.578158,1252.104302668498,-134.8579288617194,350.11737149005506,4.691052408808789
2026-09-07 13:02:50.675074,1252.3045282397554,-134.89281126584766,350.11737149005506,4.7147643529301195
2026-09-07 13:02:50.775124,1252.5122733734372,-134.92900369453324,350.0837829583737,4.737494596588406
2026-09-07 13:02:50.874660,1252.719926395157,-134.96530551594856,350.0615056431018,4.734015601420189
2026-09-07 13:02:50.975601,1252.930341579843,-135.00217453575274,350.07280152841395,4.745481935878514
2026-09-07 13:02:51.076361,1253.1408954687354,-135.03902507557993,350.1179040498494,4.786862810632451
2026-09-07 13:02:51.173970,1253.3466717539716,-135.074872529566,350.1179040498494,4.838037446850687
2026-09-07 13:02:51.275785,1253.563609672838,-135.11266440658173,350.06093559485794,4.889637887387328
2026-09-07 13:02:51.376575,1253.780616389296,-135.15069062215028,350.0270986322576,4.946883795891041
2026-09-07 13:02:51.476342,1253.9979128404211,-135.18889989019357,349.9936051086169,4.975652116049751
2026-09-07 13:02:51.700779,1254.0379466316735,-135.19645533498837,349.8429102703367,4.106856569194238
2026-09-07 13:02:51.798635,1254.2147877280267,-135.22813736030298,349.7881569910395,4.112842051477703
2026-09-07 13:02:51.899649,1254.3975704942986,-135.26106417654586,349.6864205011067,4.101367424626638
2026-09-07 13:02:51.999440,1254.5775786054235,-135.29382126867205,349.56358137128774,4.075208114917216
2026-09-07 13:02:52.099046,1254.824753130494,-135.33887108915695,349.4186769877246,4.159560017070273
2026-09-07 13:02:52.206916,1255.0219254212066,-135.37570436016762,349.2979641803794,4.0935800082902984
2026-09-07 13:02:52.299693,1255.1887536320774,-135.4072330172355,349.20452360455323,4.0895265661346745
2026-09-07 13:02:52.405728,1255.3791741340476,-135.44354208981187,348.91974119920934,4.128441131246298
2026-09-07 13:02:52.503381,1255.556040785344,-135.47817866665056,348.6902544806691,4.120761475552736
2026-09-07 13:02:52.607005,1255.7432243990845,-135.5156147541926,348.49312029403535,4.043796536732943
2026-09-07 13:02:52.706732,1255.919881268166,-135.55157809078528,348.3591999142658,4.055996385320318
2026-09-07 13:02:52.795311,1256.0771885851048,-135.58398540053312,348.2204248362407,4.019618095276362
2026-09-07 13:02:52.897440,1256.256842394715,-135.62145020356192,348.0718500537083,3.9517952005130303
2026-09-07 13:02:53.005375,1256.4434042741302,-135.66086069785763,348.0114572806444,3.9621697353001855
2026-09-07 13:02:53.095660,1256.599833504101,-135.6940780645156,347.93062994543595,4.009504530564592
2026-09-07 13:02:53.197284,1256.777958830717,-135.73216523604495,347.77141750762087,4.04502428271205
2026-09-07 13:02:53.297055,1257.224465555648,-135.82373780537992,347.70442777459976,4.660393391607215
2026-09-07 13:02:53.396410,1257.426711968806,-135.86781828255548,347.6710725665518,4.66299789323179
2026-09-07 13:02:53.625327,1257.892895154817,-135.9697092373285,347.5942211331995,4.71100471309131
2026-09-07 13:02:53.722615,1258.0930003787996,-136.01372638297306,347.63776950661565,4.550334736690988
2026-09-07 13:02:53.822482,1258.2914377388715,-136.05721855227384,347.6824723004643,4.496230989682891
2026-09-07 13:02:53.923205,1258.4687527823507,-136.0961675697177,347.72755825983853,4.338564546579988
2026-09-07 13:02:54.023048,1258.657974239932,-136.13732919064287,347.7945963361736,4.299305135020061
2026-09-07 13:02:54.122540,1258.8448716806593,-136.17775629861006,347.9727360766522,4.251490097495455
2026-09-07 13:02:54.222308,1259.0303269762094,-136.2172682830015,348.11787613387094,4.233182801168504
2026-09-07 13:02:54.323256,1259.1329489393784,-136.238944688678,348.09528279656513,3.935005815107295
2026-09-07 13:02:54.423193,1259.3049675171346,-136.27520948026964,348.10646632843464,3.842441024344723
2026-09-07 13:02:54.522580,1259.4720220715637,-136.31039370611782,348.20656418145455,3.8137822791121936
2026-09-07 13:02:54.622352,1259.6385339463186,-136.34515994032853,348.2512244510919,3.783268895242741
2026-09-07 13:02:54.724094,1259.7019918833626,-136.35821015383678,348.2512244510919,3.4554176129603484
2026-09-07 13:02:54.823393,1259.8521665220517,-136.38944317543417,348.295672994919,3.4267842429738824
2026-09-07 13:02:54.923245,1259.8894787466127,-136.39697078508624,348.34036907441856,3.0575633683716807
2026-09-07 13:02:55.024067,1260.0244439882233,-136.42482158633686,348.40806448553656,3.0672542132904796
2026-09-07 13:02:55.120725,1260.0395804199616,-136.42757742060897,348.44051426360005,2.617981549423784
2026-09-07 13:02:55.220068,1260.15348756431,-136.45087527316394,348.46274838322574,2.591071616517892
2026-09-07 13:02:55.320627,1260.1449563237495,-136.44876694956304,348.4740015205149,2.094725093846112
2026-09-07 13:02:55.420848,1260.236913307652,-136.46751926688685,348.49643214675933,2.1043581716327755
2026-09-07 13:02:55.521567,1260.329759618894,-136.48641508340853,348.49643214675933,2.0858763680609473
2026-09-07 13:02:55.621305,1260.4208941172067,-136.50496251664384,348.5075934093708,2.0710606321927925
2026-09-07 13:02:55.720801,1260.2208327816165,-136.46371357884303,348.5075934093708,0.8185965283095379
2026-09-07 13:02:55.820563,1260.207971599673,-136.46101786791706,348.5075934093708,0.5838216319009506
2026-09-07 13:02:55.921294,1260.2034098165884,-136.46004883553738,348.5075934093708,0.42076242338399955
2026-09-07 13:02:56.020995,1260.2022167092937,-136.45978454104744,348.5075934093708,0.3051220116585115
2026-09-07 13:02:56.120414,1260.2025210853635,-136.45983496454255,348.5075934093708,0.2220273118182528
2026-09-07 13:02:56.220262,1260.2034195880228,-136.4600115654637,348.5075934093708,0.1618061765286974
2026-09-07 13:02:56.321059,1260.204470765995,-136.46022205683758,348.5075934093708,0.11793195175963699
2026-09-07 13:02:56.420268,1260.2053410462447,-136.46039728032017,348.5075934093708,0.08605897904335043
2026-09-07 13:02:56.514841,1260.2059253562377,-136.46051516090625,348.5075934093708,0.06305431773258673
2026-09-07 13:02:56.620210,1260.206677908666,-136.46066767558082,348.5075934093708,0.04593513266089342
2026-09-07 13:02:56.727671,1260.2072745265061,-136.46078871765343,348.5075934093708,0.03331143195285224
2026-09-07 13:02:56.819223,1260.207510782848,-136.46083661455708,348.5075934093708,0.024379549707847042
2026-09-07 13:02:56.927716,1260.207859137017,-136.46090736689692,348.5075934093708,0.017709643763069247
2026-09-07 13:02:57.019238,1260.2079956608422,-136.46093508527454,348.5075934093708,0.012973070595791098
2026-09-07 13:02:57.128331,1260.2081899920345,-136.4609745748992,348.5075934093708,0.009424334712232004
2026-09-07 13:02:57.226730,1260.208289847308,-136.46099486595105,348.5075934093708,0.006869322332709986
2026-09-07 13:02:57.326366,1260.2083674551452,-136.46101063890953,348.5075934093708,0.005011382443018081
2026-09-07 13:02:57.427356,1260.2084272311956,-136.4610227891368,348.5075934093708,0.003654051511944974
2026-09-07 13:02:57.527390,1260.2084695935569,-136.46103140036237,348.5075934093708,0.002665471752268286
2026-09-07 13:02:57.627421,1260.2085006623297,-136.46103771621083,348.5075934093708,0.0019447843361209555
2026-09-07 13:02:57.729554,1260.2085249581098,-136.46104265542385,348.5075934093708,0.001416952585402367
2026-09-07 13:02:57.828476,1260.2085408540875,-136.46104588705535,348.5075934093708,0.0010340222201737077
2026-09-07 13:02:57.928718,1260.2085530758407,-136.46104837178038,348.5075934093708,0.0007544902052989749
2026-09-07 13:02:58.029807,1260.2085622454185,-136.46105023601635,348.5075934093708,0.0005501510900716255
2026-09-07 13:02:58.130225,1260.2085687757697,-136.46105156369268,348.5075934093708,0.0004012044551277922
2026-09-07 13:02:58.230172,1260.208573470708,-136.4610525182208,348.5075934093708,0.00029270368176727567
2026-09-07 13:02:58.330149,1260.20857690819,-136.46105321709948,348.5075934093708,0.00021358768357677862
2026-09-07 13:02:58.424871,1260.2085790005965,-136.46105364250997,348.5075934093708,0.00015647267923363502
2026-09-07 13:02:58.530477,1260.208581217201,-136.4610540931743,348.5075934093708,0.0001139629358601196
2026-09-07 13:02:58.630502,1260.2085825551571,-136.46105436519827,348.5075934093708,8.308151991268087e-05
2026-09-07 13:02:58.730576,1260.2085835337366,-136.46105456415665,348.5075934093708,6.059692643774941e-05
2026-09-07 13:02:58.830466,1260.2085842442225,-136.46105470860812,348.5075934093708,4.4214457131347526e-05
2026-09-07 13:02:58.930687,1260.2085847690885,-136.4610548153206,348.5075934093708,3.2259845778424406e-05
2026-09-07 13:02:59.029895,1260.2085851398072,-136.46105489069288,348.5075934093708,2.3554452597534922e-05
2026-09-07 13:02:59.130289,1260.2085854221789,-136.461054948103,348.5075934093708,1.7189940823567504e-05
2026-09-07 13:02:59.230433,1260.2085856262975,-136.46105498960316,348.5075934093708,1.2544213912121515e-05
2026-09-07 13:02:59.330568,1260.2085857751642,-136.4610550198699,348.5075934093708,9.153731603754963e-06
2026-09-07 13:02:59.430314,1260.2085858824378,-136.4610550416801,348.5075934093708,6.681416606617393e-06
2026-09-07 13:02:59.529859,1260.2085859603535,-136.46105505752146,348.5075934093708,4.878252477132017e-06
2026-09-07 13:02:59.630525,1260.2085860194102,-136.46105506952853,348.5075934093708,3.5593561339816275e-06
2026-09-07 13:02:59.730615,1260.2085860615953,-136.46105507810535,348.5075934093708,2.5972124070766193e-06
2026-09-07 13:02:59.828358,1260.2085860900893,-136.46105508389857,348.5075934093708,1.898468004523156e-06
2026-09-07 13:02:59.930896,1260.2085861145576,-136.46105508887337,348.5075934093708,1.3841525113562265e-06
2026-09-07 13:03:00.031657,1260.208586131266,-136.46105509227044,348.5075934093708,1.0090989021447112e-06
2026-09-07 13:03:00.138902,1260.2085861458731,-136.46105509524028,348.5075934093708,7.321820586715018e-07
2026-09-07 13:03:00.229827,1260.208586151744,-136.4610550964339,348.5075934093708,5.362616040092083e-07
2026-09-07 13:03:00.338966,1260.2085861600078,-136.4610550981141,348.5075934093708,3.895202380220705e-07
2026-09-07 13:03:00.431121,1260.208586163342,-136.46105509879195,348.5075934093708,2.851971985305563e-07
2026-09-07 13:03:00.539847,1260.2085861676921,-136.4610550996764,348.5075934093708,2.0718252692379564e-07
2026-09-07 13:03:00.638299,1260.2085861699572,-136.4610551001369,348.5075934093708,1.5100784698955285e-07
2026-09-07 13:03:00.728463,1260.2085861711623,-136.46105510038188,348.5075934093708,1.1092913132700052e-07
2026-09-07 13:03:00.829120,1260.208586172544,-136.4610551006628,348.5075934093708,8.120339652851324e-08
2026-09-07 13:03:00.928844,1260.208586173518,-136.46105510086082,348.5075934093708,5.937246696683355e-08
2026-09-07 13:03:01.028337,1260.208586174222,-136.461055101004,348.5075934093708,4.339028262083095e-08
2026-09-07 13:03:01.136952,1260.2085861748842,-136.4610551011386,348.5075934093708,3.149243649326445e-08
2026-09-07 13:03:01.221125,1260.2085861750616,-136.4610551011747,348.5075934093708,2.318384807696755e-08
2026-09-07 13:03:01.335732,1260.2085861754772,-136.46105510125926,348.5075934093708,1.6818962861732947e-08
2026-09-07 13:03:01.428191,1260.2085861756245,-136.46105510128922,348.5075934093708,1.2303569599235012e-08
2026-09-07 13:03:01.535089,1260.2237733552722,-136.46414287189694,348.5075934093708,0.12864357660851808
2026-09-07 13:03:01.627165,1260.2256184495636,-136.4645180059278,348.5075934093708,0.09846563641947137
2026-09-07 13:03:01.728163,1260.2602383465567,-136.47155672561408,348.5188956733147,0.3679726650264236
2026-09-07 13:03:01.836024,1260.2776262895186,-136.4750883712298,348.543036220479,0.3679726650264236
2026-09-07 13:03:01.927345,1260.2923491280192,-136.47807225191076,348.5328168691491,0.3607909723227506
2026-09-07 13:03:02.036120,1260.3095430273365,-136.48156013579995,348.5815070911533,0.34463282127642364
2026-09-07 13:03:02.133694,1260.324278194716,-136.48453621635582,348.6142643864084,0.35486407854646657
2026-09-07 13:03:02.234666,1260.3399810056674,-136.48769839032352,348.6368630951935,0.38486216316976646
2026-09-07 13:03:02.335214,1260.484113641501,-136.51681426379457,348.6818707204942,1.1116200105695135
2026-09-07 13:03:02.434699,1260.5325901401693,-136.52651677624718,348.7264025222509,1.158562380799247
2026-09-07 13:03:02.535024,1260.583548248517,-136.5366747936747,348.7937642302155,1.1717120272934085
2026-09-07 13:03:02.624986,1260.6297721039793,-136.54583259163155,348.84410058682255,1.1787868451229093
2026-09-07 13:03:02.744951,1260.8353747596527,-136.5867895566243,348.87095015006196,1.772235361762756
2026-09-07 13:03:02.833372,1260.9041098484997,-136.60031103969382,348.89073979896943,1.7181515724206389
2026-09-07 13:03:02.945078,1260.9883015204869,-136.61684292038484,348.8657386960543,1.6527534991218291
2026-09-07 13:03:03.034882,1261.053404021362,-136.6296559559605,348.84563951565036,1.5821295756474199
2026-09-07 13:03:03.144895,1261.111653972155,-136.64111910527149,348.84563951565036,1.5087199250993697
2026-09-07 13:03:03.235020,1261.1584109874216,-136.65032477536454,348.84563951565036,1.4549268067872698
2026-09-07 13:03:03.344334,1261.2179966411272,-136.66206467744942,348.84563951565036,1.408688130481968
2026-09-07 13:03:03.443703,1261.379088480221,-136.69390250449902,348.8789994237428,1.909625808600575
2026-09-07 13:03:03.533205,1261.4540597198284,-136.7086398158416,348.88901521838727,1.8986768093499486
2026-09-07 13:03:03.644225,1261.5465254623682,-136.72679928392918,348.92628657058384,1.8695739186690252
2026-09-07 13:03:03.742323,1261.6269867121691,-136.742546821499,349.0141084671256,1.8455727806276865
2026-09-07 13:03:03.842693,1261.7082789042886,-136.75832765027417,349.0253404542149,1.8368024175170028
2026-09-07 13:03:03.942657,1261.7888605849437,-136.77395415965506,348.958221134255,1.7835196086520244
2026-09-07 13:03:04.040726,1261.949164223979,-136.80529905017437,348.91432316705914,2.0849439416958844
2026-09-07 13:03:04.142201,1262.0419795437178,-136.8234845974537,348.92567881007886,2.014895286583926
2026-09-07 13:03:04.242709,1262.1308251981156,-136.84087407396962,348.94817367026366,1.976252631564241
2026-09-07 13:03:04.341999,1262.2169175136441,-136.85768955542795,348.99261818548126,1.9606358453146884
2026-09-07 13:03:04.442365,1262.303268168485,-136.87448596820553,349.03754434334536,1.9676518561861989
2026-09-07 13:03:04.542156,1262.389444462887,-136.89117834785287,349.082213117825,1.9816034880312239
2026-09-07 13:03:04.644743,1262.4786768920098,-136.90839053551068,349.0936932001158,1.9762250368579508
2026-09-07 13:03:04.743458,1262.5643116255642,-136.92489096190323,349.0936932001158,1.9796753363277968
2026-09-07 13:03:04.844313,1262.6389856216579,-136.93925736512256,349.11626572293926,1.9326996596665447
2026-09-07 13:03:04.929934,1262.7116310020951,-136.95322527347776,349.17375465189656,1.9356922959518885
2026-09-07 13:03:05.047124,1262.8112343121302,-136.97227291051124,349.26555435269336,2.0339972574765843
2026-09-07 13:03:05.145313,1262.8989530924996,-136.98890217080424,349.33148187567707,2.085475977222021
2026-09-07 13:03:05.244100,1262.989459392301,-137.00595201372624,349.3535915560316,2.113098505407418
2026-09-07 13:03:05.344736,1263.0828876969324,-137.02351498303673,349.3423298019943,2.135082521099526
2026-09-07 13:03:05.444653,1263.2379016003872,-137.05289391308048,349.3535110957475,2.3420254679510952
2026-09-07 13:03:05.544851,1263.3410009464126,-137.07227502742342,349.3535110957475,2.3586606019715406
2026-09-07 13:03:05.645475,1263.445274043835,-137.09187678923809,349.3197298622452,2.3305244172900803
2026-09-07 13:03:05.741403,1263.5434841269466,-137.1103987531956,349.2767902564863,2.2710106573357143
2026-09-07 13:03:05.841732,1263.5970164828627,-137.12048979337965,349.2543354585849,2.0555497296138756
2026-09-07 13:03:05.941803,1263.687360517735,-137.13763506186638,349.2431369313356,2.0013354639720986
2026-09-07 13:03:06.043011,1263.7763178747857,-137.15453518373386,349.2544626955015,1.9836482883278612
2026-09-07 13:03:06.141690,1263.8622890472586,-137.17085038336927,349.2655054498503,1.9750256853449066
2026-09-07 13:03:06.241708,1263.949051181861,-137.18729836455506,349.27669804609116,1.9715298432502395
2026-09-07 13:03:06.336413,1264.031062096022,-137.20282903462433,349.27669804609116,1.9632544896744968
2026-09-07 13:03:06.442707,1264.1227222830128,-137.2201870184635,349.2885929632544,1.9576816871847869
2026-09-07 13:03:06.541797,1264.207931065592,-137.23630495565544,349.2885929632544,1.9698036099993
2026-09-07 13:03:06.642095,1264.1434744938854,-137.22402047094596,349.31104082299504,1.5379018723211482
2026-09-07 13:03:06.742708,1264.2114460682246,-137.23685026807112,349.32230000319845,1.5466934688505416
2026-09-07 13:03:06.842862,1264.2794968714159,-137.24968117126406,349.3335078186308,1.5536946600191173
2026-09-07 13:03:06.941903,1264.3470985381787,-137.26241369688984,349.3335078186308,1.5588872008152428
2026-09-07 13:03:07.042399,1264.4159225812157,-137.27537645259693,349.31101564418566,1.5606434754215421
2026-09-07 13:03:07.142278,1264.4843960698645,-137.28830101841066,349.31101564418566,1.5641344591702
2026-09-07 13:03:07.240183,1264.5516663946453,-137.30099848362087,349.3000595049411,1.5675564474150998
2026-09-07 13:03:07.342629,1264.6222082828008,-137.31432743588437,349.3000595049411,1.5693468003477231
2026-09-07 13:03:07.442916,1264.339068605229,-137.26077156660497,349.3000595049411,0.6406960772661602
2026-09-07 13:03:07.541699,1264.299223296517,-137.2532330456173,349.3000595049411,0.43746012514406896
2026-09-07 13:03:07.641815,1264.281567740105,-137.24989233263847,349.3000595049411,0.3086514775710339
2026-09-07 13:03:07.742450,1264.2736732247795,-137.24839829011808,349.3000595049411,0.22124259758023168
2026-09-07 13:03:07.843369,1264.2703198703884,-137.24776344509053,349.3000595049411,0.15984408030923378
2026-09-07 13:03:07.941831,1264.2689284622033,-137.2474998936812,349.3000595049411,0.11616755362658451
2026-09-07 13:03:08.042960,1264.2686714383688,-137.24745098847046,349.3000595049411,0.08452400157092115
2026-09-07 13:03:08.143216,1264.2687834586272,-137.24747197439845,349.3000595049411,0.06157716213590444
2026-09-07 13:03:08.243259,1264.3163241341583,-137.25645657830506,349.3000595049411,0.37951970506834876
2026-09-07 13:03:08.343134,1264.332974355356,-137.25960265235165,349.2665297238149,0.3978466357540816
2026-09-07 13:03:08.439033,1264.349731906543,-137.26277916434282,349.2665297238149,0.4179578813920558
2026-09-07 13:03:08.543338,1264.3688796867054,-137.26640876109073,349.2898743967919,0.5400882241745808
2026-09-07 13:03:08.639738,1264.4749323575682,-137.2864726671053,349.3114498387648,1.1632049107801095
2026-09-07 13:03:08.740349,1264.526342272177,-137.29617603129674,349.33396775154836,1.2669436876513065
2026-09-07 13:03:08.840123,1264.5818753912135,-137.30663502869086,349.32280246032735,1.3366899631523803
2026-09-07 13:03:08.939580,1264.6402773569332,-137.31764612395432,349.32280246032735,1.3627617177772462
2026-09-07 13:03:09.040656,1264.8050091803245,-137.34873253077185,349.3001804751318,1.8671399544127614
2026-09-07 13:03:09.141219,1264.887488325595,-137.36431685798533,349.2889268902194,1.8688973999154008
2026-09-07 13:03:09.239989,1265.0693203851133,-137.39868423045013,349.2889268902194,2.3522668543664342
2026-09-07 13:03:09.340051,1265.172708043836,-137.41824022643033,349.26653185002544,2.3540155443606183
2026-09-07 13:03:09.441007,1265.380328646622,-137.45754347450116,349.26653185002544,2.846647571531611
2026-09-07 13:03:09.540196,1265.5043447277928,-137.48105159240288,349.23323237107553,2.842313988057537
2026-09-07 13:03:09.639787,1265.6286601512122,-137.50469130739816,349.2220875586195,2.83100100606767
2026-09-07 13:03:09.739951,1265.753188571472,-137.52839662499719,349.1772518206574,2.785488719695086
2026-09-07 13:03:09.837101,1266.0267925880396,-137.58048927788013,349.12289356890255,3.3705342242493845
2026-09-07 13:03:09.939836,1266.1788088886613,-137.60970001479075,349.05391370278994,3.2215157324757175
2026-09-07 13:03:10.040204,1266.3207236997425,-137.63714690157852,349.0202184129569,3.141707018490392
2026-09-07 13:03:10.140019,1266.4583445432913,-137.6638472888917,348.9867087748782,3.080653949273991
2026-09-07 13:03:10.247325,1266.603402076779,-137.69207853989798,348.9626924431734,3.0009542684568378
2026-09-07 13:03:10.338486,1266.7234366506618,-137.71549202017934,348.9524909967746,2.950770498897626
2026-09-07 13:03:10.447508,1266.86458388891,-137.74304974337946,348.94029080053616,2.928859830249407
2026-09-07 13:03:10.546916,1266.9923232283097,-137.76801793345965,348.9069177994629,2.905406811503881
2026-09-07 13:03:10.646839,1267.119681640397,-137.79298869195327,348.9069177994629,2.8835785512391396
2026-09-07 13:03:10.746089,1267.2452318733096,-137.8176049265113,348.9402377571778,2.868835306087699
2026-09-07 13:03:10.848089,1267.3736157401286,-137.84269922062296,348.9858953314773,2.8679440267838334
2026-09-07 13:03:10.948101,1267.499477832981,-137.86719648920095,348.99708725628324,2.860078853924582
2026-09-07 13:03:11.047309,1267.623990452582,-137.89140585976446,348.985985303756,2.862679502076872
2026-09-07 13:03:11.156217,1267.760796346894,-137.91803296088017,348.9128606699059,2.772273547072846
2026-09-07 13:03:11.251236,1268.1526509973355,-137.99438662452826,348.8065288794068,3.341678634105179
2026-09-07 13:03:11.350233,1268.2977258206106,-138.02309503399457,348.74005883701085,3.281125904623477
2026-09-07 13:03:11.450626,1268.4421472557299,-138.0518482938907,348.6951205933182,3.2372640403328092
2026-09-07 13:03:11.549304,1268.5821820104773,-138.07984240102735,348.70616323576115,3.2148454997659694
2026-09-07 13:03:11.649881,1268.7051453659674,-138.10446801043776,348.728673538949,3.145786958148067
2026-09-07 13:03:11.750631,1268.8440966295163,-138.13216090558248,348.7061245163477,3.1387441040410518
2026-09-07 13:03:11.851054,1268.9822759778353,-138.15975650413037,348.6611728439567,3.1334791074803414
2026-09-07 13:03:11.949899,1269.1180345816454,-138.18697943470318,348.62798885181235,3.1136137588118777
2026-09-07 13:03:12.050982,1269.1552346943502,-138.19481662448663,348.62798885181235,2.8180355896825486
2026-09-07 13:03:12.150468,1269.278104107304,-138.21952898840328,348.6057227271224,2.8336832037103763
2026-09-07 13:03:12.250110,1269.4018398281696,-138.24446562519776,348.5722711681639,2.8676395296264015
2026-09-07 13:03:12.350232,1269.5276466694881,-138.2698961011172,348.54986269927167,2.8833871766490393
2026-09-07 13:03:12.450211,1269.509179205275,-138.2666216409055,348.5274862354438,2.425940172041613
2026-09-07 13:03:12.545439,1269.610389846468,-138.28716262044796,348.4955165333453,2.425940172041613
2026-09-07 13:03:12.649911,1269.7214126450879,-138.30975951154048,348.4721344838247,2.433243209801098
2026-09-07 13:03:12.750027,1269.8281177199408,-138.33152295331314,348.4721344838247,2.422745407591005
2026-09-07 13:03:12.851235,1269.7682697237806,-138.31978184066799,348.4834602479906,1.85548896865957
2026-09-07 13:03:12.952182,1269.8503172250337,-138.33649926020388,348.50605336148476,1.8678380628401803
2026-09-07 13:03:13.049851,1269.9302351844121,-138.35274996007712,348.516983090956,1.8763724116959872
2026-09-07 13:03:13.150990,1270.0133738320342,-138.36963904740415,348.5283011336204,1.8816749468438487
2026-09-07 13:03:13.251328,1269.8129316825712,-138.3292028602254,348.5283011336204,0.8794582596123808
2026-09-07 13:03:13.349804,1269.786758250666,-138.32393864457356,348.5283011336204,0.621394704504914
2026-09-07 13:03:13.460302,1269.756958104159,-138.31792808858347,348.5283011336204,0.3437173567195775
2026-09-07 13:03:13.550911,1269.7556790097278,-138.31767630448988,348.5283011336204,0.2615730318218534
2026-09-07 13:03:13.659839,1269.7575230743175,-138.3180549348353,348.5283011336204,0.19405736790431205
2026-09-07 13:03:13.750475,1269.7579021999254,-138.31813429385593,348.5283011336204,0.14387941916155755
2026-09-07 13:03:13.860116,1269.7595370508623,-138.31846737857353,348.5283011336204,0.10515858239778264
2026-09-07 13:03:13.957707,1269.7603261749675,-138.31862822311288,348.5283011336204,0.07694280531744292
2026-09-07 13:03:14.059110,1269.7610945864997,-138.31878453760635,348.5283011336204,0.05617413518525202
2026-09-07 13:03:14.147689,1269.76141736428,-138.318850242799,348.5283011336204,0.041350042284658495
2026-09-07 13:03:14.249118,1269.7618983927098,-138.31894797027104,348.5283011336204,0.03028587483527453
2026-09-07 13:03:14.348541,1269.7622325998457,-138.31901585174217,348.5283011336204,0.022155052459730658
2026-09-07 13:03:14.448416,1269.7624852343847,-138.3190671519712,348.5283011336204,0.016191140827510313
2026-09-07 13:03:14.548312,1269.7626719022844,-138.31910505057007,348.5283011336204,0.011826243590052889
2026-09-07 13:03:14.649145,1269.7628133761377,-138.31913376983061,348.5283011336204,0.008629658279222572
2026-09-07 13:03:14.748319,1269.7629113316775,-138.3191536534411,348.5283011336204,0.006301458831683638
2026-09-07 13:03:14.848072,1269.7629847850685,-138.31916856243527,348.5283011336204,0.00460113828536841
2026-09-07 13:03:14.948033,1269.7630389503358,-138.3191795559636,348.5283011336204,0.0033590083447584125
2026-09-07 13:03:15.055518,1269.763088038808,-138.31918951858782,348.5283011336204,0.0024385763647757947
2026-09-07 13:03:15.146971,1269.7631081378777,-138.3191935978294,348.5283011336204,0.0017858853441433192
2026-09-07 13:03:15.255335,1269.7631351278053,-138.3191990753111,348.5283011336204,0.0012978662431354865
2026-09-07 13:03:15.344346,1269.7631447553217,-138.31920102920682,348.5283011336204,0.0009527193466076135
2026-09-07 13:03:15.456001,1269.7631605236916,-138.31920422926467,348.5283011336204,0.0006915845543608098
2026-09-07 13:03:15.546674,1269.7631660778106,-138.31920535643664,348.5283011336204,0.000506741797102238
2026-09-07 13:03:15.656437,1269.7631740532845,-138.3192069749792,348.5283011336204,0.000367994249652222
2026-09-07 13:03:15.754077,1269.7631779719961,-138.3192077702431,348.5283011336204,0.0002683262697960301
2026-09-07 13:03:15.855886,1269.77837440775,-138.3222916958835,348.5283011336204,0.1282635491157635
2026-09-07 13:03:15.955615,1269.780593402216,-138.32274201538894,348.5283011336204,0.09766914431849254
2026-09-07 13:03:16.055079,1269.815156367856,-138.3297561446707,348.55056233445436,0.376130251766524
2026-09-07 13:03:16.155152,1269.8316483202814,-138.33309631680189,348.53936358339337,0.3743813695356274
2026-09-07 13:03:16.262229,1269.8492117817482,-138.33665707918786,348.53936358339337,0.38935164624464674
2026-09-07 13:03:16.352980,1269.864692571885,-138.33979560716696,348.5799858434449,0.4385167272497022
2026-09-07 13:03:16.464386,1269.9684618317472,-138.3608040605584,348.60491980286844,1.0785938514462086
2026-09-07 13:03:16.554853,1270.011222872145,-138.3694223777662,348.64541493790915,1.1283955767532279
2026-09-07 13:03:16.664623,1270.148075864379,-138.39700158054447,348.719118348657,1.6713568180734508
2026-09-07 13:03:16.742555,1270.205178834269,-138.40839206638861,348.7278393929715,1.7020005733861745
2026-09-07 13:03:16.864739,1270.3807935299321,-138.44353826455975,348.7278393929715,2.250093025458539
2026-09-07 13:03:16.962903,1270.4776301445165,-138.46283920376024,348.7278393929715,2.259528387786295
2026-09-07 13:03:17.062091,1270.7029204198784,-138.50788063674742,348.71673967856066,3.016076537306933
2026-09-07 13:03:17.161697,1270.834624114525,-138.5341576189032,348.7947651158639,3.045668792753873
2026-09-07 13:03:17.262028,1271.091376769646,-138.58522796527558,348.88458609796277,3.7633884525068995
2026-09-07 13:03:17.361366,1271.2553664268453,-138.61744727447842,348.9401685993814,3.8224137214984886
2026-09-07 13:03:17.462061,1271.533166305358,-138.67206585765146,348.9401685993814,4.505462770737782
2026-09-07 13:03:17.562195,1271.7311026434459,-138.7107553336051,348.9401685993814,4.529962046529658
2026-09-07 13:03:17.661815,1272.0349867119344,-138.7703522665351,348.962464714831,5.1372272161673695
2026-09-07 13:03:17.761847,1272.2604652899422,-138.81433417721226,348.9064939002192,5.1599533704264955
2026-09-07 13:03:17.862140,1272.638606302688,-138.88857618170297,348.9064939002192,5.986249451334247
2026-09-07 13:03:17.961364,1272.8991773339353,-138.93966751636876,348.8731826711582,5.959371753029845
2026-09-07 13:03:18.061669,1273.3034226002753,-139.0191645756502,348.8956320975803,6.676468225361731
2026-09-07 13:03:18.163328,1273.6011584014743,-139.0776015891774,348.8956320975803,6.6560373337608665
2026-09-07 13:03:18.263468,1274.027674452556,-139.16134380021057,348.94045709258376,7.361653229705827
2026-09-07 13:03:18.363171,1274.34969869754,-139.22428634122704,349.0074011680305,7.305895914924152
2026-09-07 13:03:18.463890,1274.8466311412265,-139.32109696932534,349.12011159023325,8.163627987928335
2026-09-07 13:03:18.563091,1275.2021545460918,-139.3894305735285,349.3310338047763,8.05007436472068
2026-09-07 13:03:18.763186,1276.0889887712522,-139.55730845302918,349.68930252357853,9.10845510775581
2026-09-07 13:03:18.863951,1276.62075430219,-139.65517955669085,349.68930252357853,9.777563409642037
2026-09-07 13:03:18.964395,1277.0527014768331,-139.73376097582332,349.79046493665805,9.601149141623516
2026-09-07 13:03:19.055235,1277.4364220973748,-139.80286914029378,349.8616236090736,9.265387450835219
2026-09-07 13:03:19.160403,1277.8652260619108,-139.87954711876898,350.03815727723276,9.015429952624766
2026-09-07 13:03:19.261639,1278.5225465466085,-139.99704272201492,350.33270861298365,10.030341596835942
2026-09-07 13:03:19.360069,1278.9576356276564,-140.07115824771054,350.72924464577466,9.831662070814781
2026-09-07 13:03:19.461130,1279.3960116800376,-140.14271534443085,351.05721475207895,9.714213190051874
2026-09-07 13:03:19.561194,1279.8252715282708,-140.2102640887701,351.12440121553044,9.483381497138488
2026-09-07 13:03:19.662197,1280.5741571292274,-140.33206315612773,351.23742945026015,10.635023507428837
2026-09-07 13:03:19.761869,1281.0424948733446,-140.40425241922196,351.3935837258437,10.39551578720246
2026-09-07 13:03:19.862434,1281.504579187087,-140.47418903228953,351.5961522828773,10.208344118769546
2026-09-07 13:03:19.962167,1281.9548275313762,-140.54070681946718,351.6965986106187,9.986990691922953
2026-09-07 13:03:20.062123,1282.7612475598035,-140.66347862656716,351.7637125590993,11.24268490586081
2026-09-07 13:03:20.161522,1283.255667222594,-140.7350452533676,351.8638224979477,10.987330711465452
2026-09-07 13:03:20.262536,1283.7468313123431,-140.805264694324,352.03338331450243,10.739302238761669
2026-09-07 13:03:20.361566,1284.2176758010926,-140.8711578390796,352.1220395808334,10.576620697400717
2026-09-07 13:03:20.461520,1285.0771703478922,-140.9948909279494,352.233893923518,11.920465193981114
2026-09-07 13:03:20.561164,1285.6032954111258,-141.06664404748048,352.36770284509146,11.59569689164799
2026-09-07 13:03:20.662098,1286.1218758025761,-141.13613499080432,352.50324406874864,11.429887554116672
2026-09-07 13:03:20.761222,1286.6240321585562,-141.2022162047384,352.6585398028861,11.263586999356471
2026-09-07 13:03:20.862208,1287.1283558334494,-141.26719251785585,352.8393545400707,11.073866927466932
2026-09-07 13:03:20.962229,1287.6196440439683,-141.32891384711368,352.99605558748766,10.889455725798737
2026-09-07 13:03:21.062427,1288.631971126543,-141.46084007790083,353.00726832677606,12.58572844992135
2026-09-07 13:03:21.161166,1289.1833764275548,-141.5284731330136,352.9851693893802,12.401955334330463
2026-09-07 13:03:21.262932,1289.7433611055324,-141.59737774384152,353.0421104274459,12.139631126066103
2026-09-07 13:03:21.362906,1290.2819144487632,-141.66310203023576,353.03092275506106,11.887167647546283
2026-09-07 13:03:21.462159,1290.805452003011,-141.72709756285656,353.1419926379519,11.64866676710214
2026-09-07 13:03:21.560851,1291.3157055868194,-141.7884656184574,353.2634789383206,11.425311928888558
2026-09-07 13:03:21.663007,1291.8338724036064,-141.8496710988341,353.3435018944994,11.179835258735997
2026-09-07 13:03:21.763211,1292.331299377412,-141.90772248858502,353.5453432875188,11.044119460093818
2026-09-07 13:03:21.862610,1292.818937665236,-141.96289096715688,353.52309663444134,10.77834264551906
2026-09-07 13:03:21.963162,1293.3003400921223,-142.01754327612608,353.5568536962867,10.328485809441752
2026-09-07 13:03:22.061041,1293.7494170060477,-142.06825778181286,353.6006666150598,9.97440408227528
2026-09-07 13:03:22.170984,1294.2365936569997,-142.1228976593671,353.637576399554,9.57187685980917
2026-09-07 13:03:22.258752,1294.6098408202301,-142.16451618772282,353.70632864923004,9.305755749282145
2026-09-07 13:03:22.359607,1295.026873496991,-142.21051039933275,353.8191912633471,8.998191033666654
2026-09-07 13:03:22.460751,1295.4313654019654,-142.2543152033103,353.90974008089506,8.672952799951549
2026-09-07 13:03:22.560093,1295.8143560440353,-142.2951792461021,354.02090955996516,8.40472423329644
2026-09-07 13:03:22.660328,1296.188915034184,-142.33440878578992,354.06577707917995,8.060512559355072
2026-09-07 13:03:22.759615,1296.5447657916661,-142.37139721809052,354.09910945844075,7.742113260285078
2026-09-07 13:03:22.859911,1299.2334321802764,-142.6750074665853,354.1440042826755,11.808149988000851
2026-09-07 13:03:22.960384,1299.7610328066912,-142.7291201850789,354.1777348228416,11.476290055863906
2026-09-07 13:03:23.059780,1300.268339557975,-142.78084970736023,354.1888578136629,11.478895632266465
2026-09-07 13:03:23.159218,1300.7759859397788,-142.83251428785138,354.1888578136629,11.52755361029975
2026-09-07 13:03:23.259921,1301.2922695834532,-142.8850579064429,354.2113963171172,11.557471776878803
2026-09-07 13:03:23.359446,1301.8038585715897,-142.93692041629907,354.2113963171172,11.51746775388869
2026-09-07 13:03:23.458301,1302.7089825226121,-143.03182149096867,354.2556461162091,12.363097090448836
2026-09-07 13:03:23.559345,1303.2646280734905,-143.08771674610767,354.23303129298597,12.360448313214137
2026-09-07 13:03:23.667013,1303.8565489017155,-143.14749712531528,354.19688526570894,12.389613313829294
2026-09-07 13:03:23.758452,1304.3604023270073,-143.19870436331968,354.18665270949236,12.403196261873653
2026-09-07 13:03:23.866967,1304.9589937591393,-143.25964795015878,354.17450924950435,12.427849659080838
2026-09-07 13:03:23.958575,1305.4653161310348,-143.31130589724697,354.12325190800397,12.399032606915483
2026-09-07 13:03:24.067654,1306.069569436494,-143.37351002710952,354.12325190800397,12.394293689057974
2026-09-07 13:03:24.165868,1306.6108882127508,-143.4292278650209,354.10127047171846,12.36339859298156
2026-09-07 13:03:24.265421,1307.158197667116,-143.48577452967277,354.11241103175337,12.291197113877342
2026-09-07 13:03:24.366086,1307.7083996168271,-143.54251191905348,354.07861603383526,12.247216412346159
2026-09-07 13:03:24.467274,1308.1838576623275,-143.59172728013917,354.12391013803347,12.015981753697531
2026-09-07 13:03:24.566741,1308.7153496265569,-143.6464274755602,354.12391013803347,12.027280649979184
2026-09-07 13:03:24.667151,1309.2523849288496,-143.7016981813478,354.14638306467765,11.999204303343538
2026-09-07 13:03:24.767904,1309.7900184697628,-143.75681735760026,354.10128367660514,11.994802388456167
2026-09-07 13:03:24.868337,1310.2004129665438,-143.79910631523614,354.13500078807294,11.626654287321628
2026-09-07 13:03:24.968773,1310.7197044903533,-143.85244928221698,354.16871890669313,11.621388609194392
2026-09-07 13:03:25.068876,1311.1168638288225,-143.89281000761713,354.16871890669313,11.194786778456605
2026-09-07 13:03:25.168575,1311.6132273684398,-143.94350258228607,354.1129344152705,11.129448796606546
2026-09-07 13:03:25.269355,1311.9970904522133,-143.98303700183297,354.045267204419,10.612592137135158
2026-09-07 13:03:25.370129,1312.4726080904234,-144.0326361125186,354.00015841625765,10.467298668569706
2026-09-07 13:03:25.468892,1312.932218386817,-144.08094181643384,353.97805410738243,10.423285959625876
2026-09-07 13:03:25.569003,1313.2870036475317,-144.11851969606724,353.9556481004183,9.965266193395806
2026-09-07 13:03:25.669809,1313.7335849685678,-144.16580682429014,353.93308654436515,9.975836346514095
2026-09-07 13:03:25.762049,1314.1426343458127,-144.2092826954783,353.91244215880937,9.979060330945018
2026-09-07 13:03:25.868563,1314.4317372266148,-144.24041594930597,353.8886030859224,9.212347869710397
2026-09-07 13:03:25.968680,1314.8417046163297,-144.2843113054348,353.93341778559045,9.20272478823279
2026-09-07 13:03:26.069252,1315.253139313212,-144.32803829518423,353.9559269697201,9.225573624466685
2026-09-07 13:03:26.169155,1315.496661788076,-144.3538766700904,353.9671066967918,8.505139626821862
2026-09-07 13:03:26.268569,1315.8725541073945,-144.39360274039177,354.0116067172958,8.508614357830272
2026-09-07 13:03:26.369342,1316.1059308678375,-144.4180001871705,354.05671505783386,7.871140242316373
2026-09-07 13:03:26.469199,1316.4554104973904,-144.45438225363245,354.05671505783386,7.903424729233092
2026-09-07 13:03:26.568975,1316.6700022560167,-144.47659412484995,354.05671505783386,7.300033173341593
2026-09-07 13:03:26.666983,1316.988123053421,-144.50971162588687,354.05671505783386,7.2948947908702255
2026-09-07 13:03:26.768893,1317.3186763831063,-144.54412339754066,354.05671505783386,7.304690212560677
2026-09-07 13:03:26.869895,1317.5014382943493,-144.56307368621972,354.05671505783386,6.631792659119413
2026-09-07 13:03:26.970001,1317.6850508255084,-144.58214029684405,354.09032238969286,6.091409120540151
2026-09-07 13:03:27.069740,1317.9552070164893,-144.61010434255823,354.09032238969286,6.080950849188594
2026-09-07 13:03:27.163949,1318.2099463643285,-144.63647258065896,354.0586947836842,6.074365238840526
2026-09-07 13:03:27.277763,1318.378604935441,-144.65401013560623,354.0841676815338,5.385839924511216
2026-09-07 13:03:27.370209,1318.4933676732308,-144.66585279717768,354.0841676815338,4.835520368163412
2026-09-07 13:03:27.477660,1318.7244043838573,-144.68979264378478,354.0841676815338,4.839276009437123
2026-09-07 13:03:27.569275,1318.9215441753786,-144.7102201176541,354.0841676815338,4.820063173337446
2026-09-07 13:03:27.678541,1319.02685841299,-144.72110199434792,354.0597126790171,4.1560970766343805
2026-09-07 13:03:27.767013,1319.1903515755635,-144.7381135649277,354.0696132106676,4.1514586494242876
2026-09-07 13:03:27.878568,1319.2718207288221,-144.74657484696286,354.1070641717043,3.5957668048775893
2026-09-07 13:03:27.966556,1319.4125097562337,-144.76109611265662,354.1070641717043,3.6780328982361254
2026-09-07 13:03:28.068053,1319.4504617756947,-144.76495566538145,354.1070641717043,3.100186654902705
2026-09-07 13:03:28.167243,1319.5872034820854,-144.7790695069969,354.11816410992674,3.152190180873535
2026-09-07 13:03:28.267216,1319.7273392748837,-144.79350623314303,354.09578898896865,3.1906271426107398
2026-09-07 13:03:28.367696,1319.869897445777,-144.80824877644994,354.11827758242754,3.2064310975141046
2026-09-07 13:03:28.467925,1319.8307639784744,-144.80415157147678,354.1407099991651,2.345800288725085
2026-09-07 13:03:28.565092,1319.9321274181405,-144.81455367909874,354.151583551915,2.3627812565914947
2026-09-07 13:03:28.667104,1320.0393175337433,-144.82553317491377,354.1858307612491,2.3948710863606433
2026-09-07 13:03:28.767045,1320.1457642583848,-144.83637223544142,354.25293463820594,2.5485697207110367
2026-09-07 13:03:28.867452,1320.2595842301257,-144.84782741510344,354.2978791486245,2.6828057423058604
2026-09-07 13:03:28.974337,1320.387139411152,-144.8605638833789,354.2739570416196,2.765928591002286
2026-09-07 13:03:29.066211,1320.5001730111064,-144.87189802853828,354.26367580637157,2.8132936722869584
2026-09-07 13:03:29.174552,1320.6357462771966,-144.8855168515831,354.2394278296207,2.832227415632073
2026-09-07 13:03:29.266147,1320.751130794234,-144.8971569684405,354.20867778904744,2.8418317365541377
2026-09-07 13:03:29.374064,1320.8875301422247,-144.91099103763474,354.2207543293555,2.854090505693924
2026-09-07 13:03:29.472979,1321.0130935925638,-144.9236993571947,354.2428926575997,2.8618694079593814
2026-09-07 13:03:29.573184,1320.9346281911833,-144.9156723170197,354.2428926575997,2.2750427337489163
2026-09-07 13:03:29.673941,1321.0365847297326,-144.92595157636137,354.2428926575997,2.271521062030502
2026-09-07 13:03:29.774408,1321.1380904455184,-144.93618538374707,354.2428926575997,2.2759104815315534
2026-09-07 13:03:29.874082,1321.238989560979,-144.9463580336813,354.2540467582388,2.2872328918583698
2026-09-07 13:03:29.968485,1321.3350301898513,-144.9560219644833,354.26461100330397,2.3672478496222165
2026-09-07 13:03:30.082114,1321.4546766287226,-144.96803890774586,354.31547398869685,2.4675301317586023
2026-09-07 13:03:30.172539,1321.5480537164938,-144.97732568841207,354.3357121561284,2.513224015319615
2026-09-07 13:03:30.283075,1321.67163582443,-144.98958303200234,354.3357121561284,2.5711760442208322
2026-09-07 13:03:30.381936,1321.8643778603373,-145.00880733728857,354.3357121561284,2.7904686529599814
2026-09-07 13:03:30.473332,1321.977833213048,-145.02006027077184,354.3152566675957,2.754530698582297
2026-09-07 13:03:30.582289,1322.1113414314523,-145.03335025888157,354.2908708228753,2.715495836978749
2026-09-07 13:03:30.680968,1322.2305371588131,-145.04526675560837,354.3019135772241,2.6525508352031806
2026-09-07 13:03:30.781232,1322.3488423793412,-145.05707119592955,354.25703307693425,2.579833698593481
2026-09-07 13:03:30.881136,1322.463482247257,-145.0686006090406,354.22349356000177,2.540550301134641
2026-09-07 13:03:30.981234,1322.5765890286416,-145.08004272205312,354.2010904625889,2.488070727159158
2026-09-07 13:03:31.081069,1322.6870639694816,-145.0912622330575,354.2010904625889,2.4566657144645445
2026-09-07 13:03:31.180992,1323.0385470169454,-145.12673079667192,354.2010904625889,3.12824048515047
2026-09-07 13:03:31.281313,1323.1781228467764,-145.14090570861873,354.22354346999725,3.108955105905883
2026-09-07 13:03:31.370459,1323.3013912572758,-145.15337568430922,354.22354346999725,3.055985782690958
2026-09-07 13:03:31.482882,1323.454197811947,-145.16883377299862,354.22354346999725,2.9616796244053463
2026-09-07 13:03:31.581507,1323.617143941452,-145.18530783123114,354.1904333356936,2.9951441113057524
2026-09-07 13:03:31.680983,1323.7496531497952,-145.1987899794709,354.16816944912006,2.9351676201080967
2026-09-07 13:03:31.780656,1323.8797609268581,-145.21207887653293,354.14586147165363,2.867233839713725
2026-09-07 13:03:31.880109,1324.00657180705,-145.22508092701105,354.1236027327477,2.7655580860759073
2026-09-07 13:03:31.982332,1324.1051837382977,-145.23526884067047,354.14648142989284,2.5985215816166267
2026-09-07 13:03:32.081784,1324.2201090913052,-145.247050999175,354.1798692025343,2.566368034115284
2026-09-07 13:03:32.181815,1324.3342799888821,-145.25868858516907,354.1574811005012,2.5637458117610206
2026-09-07 13:03:32.282321,1324.448871247493,-145.27041426221626,354.1124922753782,2.547059542775024
2026-09-07 13:03:32.382829,1324.4771068303126,-145.27342659863774,354.1237397054706,2.234104102138514
2026-09-07 13:03:32.481742,1324.5753754984848,-145.2835405283321,354.1348086457811,2.233239797140639
2026-09-07 13:03:32.582549,1324.6754890725501,-145.29382479259132,354.1235277558487,2.225312103659631
2026-09-07 13:03:32.683479,1324.7753669554452,-145.3041047179873,354.1235277558487,2.210319300303108
2026-09-07 13:03:32.777658,1324.73430505482,-145.29995463772133,354.1129885776871,1.746176452197619
2026-09-07 13:03:32.883557,1324.816534977421,-145.30843343398337,354.1011378633225,1.7619073833642933
2026-09-07 13:03:32.979659,1324.8918282415234,-145.3162127246854,354.1118922363748,1.7644266105307662
2026-09-07 13:03:33.079803,1324.9704020079266,-145.324316051095,354.0782721472524,1.7810527793299789
2026-09-07 13:03:33.179555,1324.7876936532682,-145.30560450186388,354.0782721472524,0.8427630631090967
2026-09-07 13:03:33.283072,1324.7654077862285,-145.30334092745755,354.0782721472524,0.5933775080271361
2026-09-07 13:03:33.381245,1324.7346394345743,-145.30018732447584,354.0782721472524,0.3318342495103015
2026-09-07 13:03:33.480326,1324.7348076862254,-145.300212784348,354.0782721472524,0.25149128179089886
2026-09-07 13:03:33.580185,1324.7357984873681,-145.3003200761212,354.0782721472524,0.18740360329213382
2026-09-07 13:03:33.681378,1324.7370542002604,-145.30045280804825,354.0782721472524,0.13820084027172283
2026-09-07 13:03:33.781246,1324.7381239877388,-145.30056511512365,354.0782721472524,0.10143793532715537
2026-09-07 13:03:33.880949,1324.739021791804,-145.3006589612608,354.0782721472524,0.07427466963613481
2026-09-07 13:03:33.980682,1324.7397434535649,-145.30073420147139,354.0782721472524,0.054313600177542845
2026-09-07 13:03:34.081074,1324.7403182952205,-145.30079403266626,354.0782721472524,0.03966990468260813
2026-09-07 13:03:34.181339,1324.7407526010581,-145.30083919051143,354.0782721472524,0.028958696947618743
2026-09-07 13:03:34.280344,1324.7410645275315,-145.30087160331632,354.0782721472524,0.02115296812857062
2026-09-07 13:03:34.380819,1324.7413102370247,-145.30089712044054,354.0782721472524,0.015439875197267385
2026-09-07 13:03:34.480828,1324.7414889213705,-145.3009156708556,354.0782721472524,0.01126921119416627
2026-09-07 13:03:34.580654,1324.7416199010293,-145.30092926538512,354.0782721472524,0.008226008371564727
2026-09-07 13:03:34.673369,1324.741694045479,-145.3009369606522,354.0782721472524,0.006036282044629062
2026-09-07 13:03:34.780424,1324.7417840934004,-145.30094630326002,354.0782721472524,0.004395616160199476
2026-09-07 13:03:34.881228,1324.7418374342606,-145.30095183729736,354.0782721472524,0.0032023903564260456
2026-09-07 13:03:34.980467,1324.7418743908029,-145.30095567126745,354.0782721472524,0.0023363223385084665
2026-09-07 13:03:35.081704,1324.7419033222025,-145.30095867250768,354.0782721472524,0.0017032545716487262
2026-09-07 13:03:35.181098,1324.7419231550664,-145.30096072983963,354.0782721472524,0.0012429234102487301
2026-09-07 13:03:35.281266,1324.7419380742788,-145.30096227741677,354.0782721472524,0.000906956300212776
2026-09-07 13:03:35.381236,1324.741948902072,-145.30096340056812,354.0782721472524,0.0006618795451638755
2026-09-07 13:03:35.481684,1324.741956936193,-145.3009642339238,354.0782721472524,0.00048288868276156766
2026-09-07 13:03:35.589285,1324.741964108289,-145.30096497785306,354.0782721472524,0.00035041978754773507
2026-09-07 13:03:35.680522,1324.741967002242,-145.30096527803187,354.0782721472524,0.0002566119623464529
2026-09-07 13:03:35.789720,1324.7419710179674,-145.3009656945605,354.0782721472524,0.00018636945077963257
2026-09-07 13:03:35.877757,1324.741972343577,-145.30096583205943,354.0782721472524,0.00013685849873941423
2026-09-07 13:03:35.978445,1324.741974071007,-145.30096601123537,354.0782721472524,0.00010016370297186603
2026-09-07 13:03:36.078560,1324.7419753026318,-145.3009661389842,354.0782721472524,7.320639007840959e-05
2026-09-07 13:03:36.179619,1324.7419762246411,-145.30096623461836,354.0782721472524,5.342785103851484e-05
2026-09-07 13:03:36.278878,1324.7419768557081,-145.30096630007486,354.0782721472524,3.9014548822818595e-05
2026-09-07 13:03:36.378656,1324.741977324868,-145.30096634873772,354.0782721472524,2.8487143970971013e-05
2026-09-07 13:03:36.479033,1324.7419776735583,-145.30096638490505,354.0782721472524,2.0790351976070288e-05
2026-09-07 13:03:36.575447,1324.7419778958454,-145.30096640796143,354.0782721472524,1.5213208639655523e-05
2026-09-07 13:03:36.678393,1324.741978098977,-145.3009664290309,354.0782721472524,1.1094794987620497e-05
2026-09-07 13:03:36.779017,1324.7419782350753,-145.3009664431475,354.0782721472524,8.090494770610337e-06
2026-09-07 13:03:36.879216,1324.7419783326945,-145.30096645327288,354.0782721472524,5.901233577525817e-06
2026-09-07 13:03:36.978529,1324.7573031812942,-145.30255599594673,354.0782721472524,0.1275717017082377
2026-09-07 13:03:37.078170,1324.7595565438533,-145.30278972203212,354.0782721472524,0.09721564506599795
2026-09-07 13:03:37.185936,1324.7614666101842,-145.3029878403085,354.0782721472524,0.07224067739344678
2026-09-07 13:03:37.277457,1324.7623317676514,-145.30307757724944,354.0782721472524,0.05357416522854885
2026-09-07 13:03:37.378264,1324.798699600816,-145.30684976643164,354.08955303718477,0.35719197532139185
2026-09-07 13:03:37.485881,1324.815792436456,-145.30861928911276,354.10159600574696,0.38540280027553464
2026-09-07 13:03:37.577692,1324.8315268501979,-145.3102448396309,354.12214437610976,0.43353764978564563
2026-09-07 13:03:37.685847,1324.8523780219664,-145.31239145407127,354.11004120221673,0.537494458041059
2026-09-07 13:03:37.777330,1324.954096052767,-145.32289945515092,354.11004120221673,1.1250754554595384
2026-09-07 13:03:37.886282,1325.0086045800094,-145.32852270891752,354.1222335650478,1.1222193771443987
2026-09-07 13:03:38.115940,1325.1232129818773,-145.34032138833024,354.19933376503656,1.1041585457590641
2026-09-07 13:03:38.193380,1325.2804478739097,-145.3564522841043,354.2426636982933,1.74802894363891
2026-09-07 13:03:38.295051,1325.359496774718,-145.364422314254,354.25404127485365,1.8004448086202316
2026-09-07 13:03:38.394458,1325.53896543066,-145.38263531831927,354.26516549663893,2.34348186450702
2026-09-07 13:03:38.494442,1325.6431874270668,-145.39310205625793,354.25397670519584,2.389786026326991
2026-09-07 13:03:38.595046,1325.8479544810452,-145.41380481180227,354.27649305129796,2.8821777878158192
2026-09-07 13:03:38.695127,1325.9762608754663,-145.42666465988,354.2540937586829,2.9530131804121194
2026-09-07 13:03:38.794062,1326.1929701422534,-145.44852363892366,354.32052217211407,3.5283194979151435
2026-09-07 13:03:38.894395,1326.3504485157468,-145.46418510481575,354.3766614049841,3.7229497847742614
2026-09-07 13:03:39.002058,1326.643602294197,-145.49327347802537,354.4128057536738,4.556035982673745
2026-09-07 13:03:39.092724,1326.8273871900244,-145.51125227422207,354.4432439127285,4.723199138515504
2026-09-07 13:03:39.201060,1327.154788796693,-145.54331668267687,354.4432439127285,5.264111915270689
2026-09-07 13:03:39.293668,1327.3716961834623,-145.56441936563218,354.39142704213134,5.307809347267826
2026-09-07 13:03:39.391182,1327.7489557457945,-145.6015658392208,352.96190472906403,6.068316381431477
2026-09-07 13:03:39.501687,1328.0464726772682,-145.63829713912125,352.9248062713584,5.988171891075468
2026-09-07 13:03:39.599991,1328.4498025932883,-145.6860545554566,352.9248062713584,6.731931394236005
2026-09-07 13:03:39.700261,1328.749261633841,-145.72322249522085,352.8911438818363,6.694256406399346
2026-09-07 13:03:39.802149,1329.2253545288809,-145.78070737990157,352.9253494622056,7.620540198490693
2026-09-07 13:03:39.900819,1329.5589330892185,-145.8221069188599,352.9143077150092,7.639508194922779
2026-09-07 13:03:40.000627,1330.0413494620816,-145.88109058696995,352.8919695229715,8.489346011939855
2026-09-07 13:03:40.101322,1330.4205578270419,-145.92837746037617,352.8356277405685,8.555336724809509
2026-09-07 13:03:40.209364,1331.0102106592713,-146.00153422840802,352.8598087976394,9.465409311991381
2026-09-07 13:03:40.299328,1331.3879336811333,-146.04885121301703,352.8598087976394,9.443398278303121
2026-09-07 13:03:40.409499,1332.003290371987,-146.1254485907464,352.79816491751507,10.300555272503683
2026-09-07 13:03:40.500616,1332.4195521752652,-146.1780482305785,352.757378827344,10.292593439530123
2026-09-07 13:03:40.610329,1333.0588098636078,-146.25883024028067,352.7451013041844,11.044732026151976
2026-09-07 13:03:40.700124,1333.498617571353,-146.31481905935655,352.755149887234,10.93488359955704
2026-09-07 13:03:40.927606,1334.7709376842986,-146.4762693228264,352.729693327634,11.647270496911831
2026-09-07 13:03:41.009471,1335.3241135374644,-146.5466034815982,352.84878853636036,12.239553739806258
2026-09-07 13:03:41.116203,1335.9035623251934,-146.6193036535869,352.88462033209663,12.2358232291137
2026-09-07 13:03:41.211028,1336.5464026375384,-146.69963797930544,352.88462033209663,12.93367041998565
2026-09-07 13:03:41.311964,1337.1255068145126,-146.77192708104081,352.8394390289643,12.901037084601791
2026-09-07 13:03:41.412647,1337.8307641111323,-146.86050344427906,352.8619730561859,13.566030347329251
2026-09-07 13:03:41.511830,1338.427603365273,-146.93524600149152,352.8397747464224,13.520097141198368
2026-09-07 13:03:41.612313,1339.195725565518,-147.03171047154638,352.88475327621,14.516058420201173
2026-09-07 13:03:41.706059,1339.7993827818627,-147.10706308664697,352.8742625532681,14.42431299473589
2026-09-07 13:03:41.813228,1340.6406537147348,-147.21227081923743,352.8742625532681,15.236458227390234
2026-09-07 13:03:41.912467,1341.31138013621,-147.29612019528133,352.907578818091,15.243395456161709
2026-09-07 13:03:42.012674,1342.1283947465718,-147.39786240917107,352.907578818091,16.005561848819546
2026-09-07 13:03:42.112475,1342.8370195050375,-147.48603110246268,352.8852421927348,15.97329546710594
2026-09-07 13:03:42.213054,1343.6789869009942,-147.5911349530229,352.8852421927348,16.712884975460536
2026-09-07 13:03:42.311792,1344.4110106247651,-147.6825048081469,352.79684733839787,16.608489098553548
2026-09-07 13:03:42.412934,1345.2909048019867,-147.79354952877281,352.86475760868905,17.260026920215868
2026-09-07 13:03:42.512484,1346.0530763460026,-147.88895913127826,352.84247716005416,17.183478261259175
2026-09-07 13:03:42.612388,1346.9917887414244,-148.00678441702726,352.88719651596415,18.139767121695712
2026-09-07 13:03:42.712607,1347.7982305349708,-148.10741506312,352.96570214113825,18.087224109605074
2026-09-07 13:03:42.812216,1348.7559201241354,-148.2258117355009,353.01028944818137,18.929412268270145
2026-09-07 13:03:42.912677,1349.5997235615662,-148.32926395467834,353.0889846418135,18.895176840861527
2026-09-07 13:03:43.012067,1350.579674801368,-148.44841342005313,353.1557185581315,19.647987286885225
2026-09-07 13:03:43.107237,1351.4096374158476,-148.54803109310268,353.35807001787555,19.57646981221853
2026-09-07 13:03:43.212801,1352.4697259531495,-148.6722155987097,353.34625679196046,20.291611478582038
2026-09-07 13:03:43.311977,1353.3633079956867,-148.77645605837134,353.31296167733746,20.18155288483204
2026-09-07 13:03:43.413067,1354.4194892872956,-148.90069783647073,353.31296167733746,20.91446239437144
2026-09-07 13:03:43.513052,1355.3479496071677,-149.0095539240889,353.32415058068636,20.932809509911998
2026-09-07 13:03:43.613697,1356.4189922214175,-149.1351739339789,353.3466761030656,21.66170259772254
2026-09-07 13:03:43.713232,1357.376362821391,-149.24684852085187,353.35781464879574,21.612127414643286
2026-09-07 13:03:43.821501,1358.5482262931669,-149.38352655879464,353.3941624422651,22.308588795749188
2026-09-07 13:03:43.912298,1359.4477178878112,-149.48769415951426,353.3941624422651,22.33080363530493
2026-09-07 13:03:44.009789,1360.4144861606806,-149.59965288379394,353.3177937706175,22.311210406441184
2026-09-07 13:03:44.110399,1361.4111538169889,-149.7164206398048,353.182687636786,22.280440736081708
2026-09-07 13:03:44.462584,1365.1958414906123,-150.1684981224223,353.45856849372876,23.565849987954344
2026-09-07 13:03:44.549759,1366.1082405613727,-150.2731212559896,353.45856849372876,23.624503811927028
2026-09-07 13:03:44.651573,1367.3469016300305,-150.4155951322216,353.39020701917394,24.427397896919487
2026-09-07 13:03:44.751857,1368.4347262743881,-150.54164916153582,353.3228728400409,24.432655605961184
2026-09-07 13:03:44.852610,1369.6662121370748,-150.6858118402185,353.3566973810953,25.073716006437294
2026-09-07 13:03:44.953777,1370.7925744341699,-150.8169991509899,353.31141267698587,25.027747979247337
2026-09-07 13:03:45.052649,1372.0193523019109,-150.9608291648544,353.32247702915777,25.649439035410403
2026-09-07 13:03:45.153702,1373.1701985969285,-151.09556484914316,353.2659349353381,25.627363925730624
2026-09-07 13:03:45.253306,1374.4233263495703,-151.24342402950705,353.31052000426484,26.25159805366753
2026-09-07 13:03:45.353142,1375.5869767931695,-151.37990493956488,353.4445867568461,26.210596654184258
2026-09-07 13:03:45.448626,1376.8220846370355,-151.52207103549304,353.4445867568461,26.861625594786176
2026-09-07 13:03:45.552985,1378.0670572682486,-151.66513758197155,353.4796218950543,26.824238009572884
2026-09-07 13:03:45.654295,1379.395231506637,-151.81715174191612,353.46828471649485,27.46877253992526
2026-09-07 13:03:45.754173,1380.613736458841,-151.95666613025787,353.3900462105115,27.424262942769527
2026-09-07 13:03:45.855553,1381.8483673766307,-152.0997351651606,353.4127362344453,27.364024345552274
2026-09-07 13:03:45.953099,1383.033751827388,-152.2366218067412,353.37998833927895,27.27793597468501
2026-09-07 13:03:46.051255,1384.398230680282,-152.39493032135042,353.248177608016,28.09115507224734
2026-09-07 13:03:46.151198,1385.644597605321,-152.54248776650348,353.23699340471154,27.91212751214366
2026-09-07 13:03:46.251324,1386.8852602293778,-152.6896154580703,353.2930168150585,27.811513525559683
2026-09-07 13:03:46.350968,1388.1156417990005,-152.83430410388073,353.3376197889163,27.810642833060133
2026-09-07 13:03:46.452264,1389.575854309828,-153.0048689507901,353.37162662455046,28.71844130592713
2026-09-07 13:03:46.551554,1390.8420477847974,-153.15200799531135,353.38273775335483,28.65944455787326
2026-09-07 13:03:46.650577,1392.1022705569715,-153.2982055251546,353.34949400350297,28.6854025433164
2026-09-07 13:03:46.752029,1393.394488388219,-153.44887468167798,353.29272865757366,28.679197107281592
2026-09-07 13:03:46.847075,1394.799018267151,-153.61388458114405,353.33527345960175,29.4800897641709
2026-09-07 13:03:46.951875,1396.1708210212894,-153.77417824139863,353.3235457297327,29.4663535772525
2026-09-07 13:03:47.051430,1397.4733298095844,-153.92664523099043,353.3903904328119,29.48723153280458
2026-09-07 13:03:47.151871,1398.7885401885094,-154.07904380648534,353.27799110878703,29.450369950927115
2026-09-07 13:03:47.251928,1400.2990745837412,-154.25687370788293,353.19961238481204,30.197184644649862
2026-09-07 13:03:47.350381,1401.6187757662653,-154.41424760149883,353.18859492117844,30.09136952778392
2026-09-07 13:03:47.452038,1402.9766185023009,-154.57643468173256,353.1999709310573,30.088704681307654
2026-09-07 13:03:47.551674,1404.307380213744,-154.7351190933886,353.25572017214677,30.069550984211197
2026-09-07 13:03:47.651339,1405.637835598698,-154.89245417901714,353.23341398517346,29.992043020368474
2026-09-07 13:03:47.751487,1406.9712311585438,-155.05066335625452,353.166171121189,29.94741310050672
2026-09-07 13:03:47.852240,1408.5784381108497,-155.24284310571812,353.1548962741708,30.836732753247546
2026-09-07 13:03:47.951995,1409.9437839593036,-155.40674093830378,353.0655909540876,30.8341177659841
2026-09-07 13:03:48.051437,1411.3044740670518,-155.57223172520705,353.03220653862076,30.821083854728954
2026-09-07 13:03:48.152314,1412.684118154864,-155.74084356939008,353.0434952619605,30.804335991352637
2026-09-07 13:03:48.252447,1414.0528757040888,-155.90785122455966,353.07711165819086,30.806960887544815
2026-09-07 13:03:48.351188,1415.4028168681803,-156.07175924928436,353.0108135031334,30.798332866981774
2026-09-07 13:03:48.451965,1416.7800129700702,-156.24059383555868,352.96570337210227,30.802735830433033
2026-09-07 13:03:48.552451,1418.1532956598594,-156.41004623406755,353.04441814925275,30.7298576868385
2026-09-07 13:03:48.653172,1419.5267647160056,-156.5776063069323,353.1120457454442,30.77650316494169
2026-09-07 13:03:48.760102,1420.9873246128013,-156.75404192128735,353.0522152991226,30.85498922044008
2026-09-07 13:03:48.848667,1422.1999678064858,-156.90181413098577,352.96301684909685,30.992740543727702
2026-09-07 13:03:48.949870,1423.591572708074,-157.07359359223648,352.7591631656337,31.119197601890843
2026-09-07 13:03:49.049383,1424.9649101579969,-157.24808099834567,353.0932456796973,30.954853064419364
2026-09-07 13:03:49.149590,1426.3415175608968,-157.41483345889776,353.2502381298679,30.896187059629522
2026-09-07 13:03:49.250383,1427.7240045194974,-157.57845574703836,353.126165574108,30.758792789821452
2026-09-07 13:03:49.349857,1429.0819812093064,-157.74215978167825,352.94805806250537,30.771830895332148
2026-09-07 13:03:49.449494,1431.0130191419778,-157.97979323548824,352.84770842139187,31.754514725564405
2026-09-07 13:03:49.549833,1432.4263018620072,-158.1571369111635,352.75788027732057,31.669468478654174
2026-09-07 13:03:49.649431,1433.8251134139346,-158.3348927184553,352.6687155109464,31.563293031546532
2026-09-07 13:03:49.749547,1435.226207162094,-158.51515459729293,352.7247333260024,31.537923342872144
2026-09-07 13:03:49.849639,1436.6260145358656,-158.69385990922436,352.8255412214462,31.56765998556631
2026-09-07 13:03:49.949704,1438.0270762734895,-158.87022067284795,352.8703326447038,31.578152440100578
2026-09-07 13:03:50.049244,1439.4213872240614,-159.0446244950461,352.8703326447038,31.53031433417046
2026-09-07 13:03:50.147815,1440.8000331689805,-159.21706890004285,353.0909460151094,31.54237276644162
2026-09-07 13:03:50.249861,1442.228504495931,-159.39016196434505,353.1366241800797,31.591415235376164
2026-09-07 13:03:50.349309,1443.6229069274523,-159.5579988972475,352.9919496510695,31.667885461754118
2026-09-07 13:03:50.448982,1445.0234168594336,-159.73015964316048,352.91387172993694,31.607790194482174
2026-09-07 13:03:50.556417,1446.5298725401174,-159.9174282459456,352.91387172993694,31.558035357456962
2026-09-07 13:03:50.648508,1447.819141671724,-160.07769823064262,352.9344827675586,31.54998841604792
2026-09-07 13:03:50.757182,1449.3402518992903,-160.26623293014222,352.9831277796118,31.572778742416926
2026-09-07 13:03:50.847953,1450.611824901381,-160.42274256927706,352.93233876396545,31.549777104210612
2026-09-07 13:03:50.957189,1452.140784111176,-160.6123082071967,352.88344218763035,31.600366012641622
2026-09-07 13:03:51.055452,1453.5182150534743,-160.78428055227974,352.89443838915827,31.536827742156877
2026-09-07 13:03:51.156365,1454.9299826968847,-160.96026467365584,352.8040963735645,31.572980765725795
2026-09-07 13:03:51.256570,1456.3331749177692,-161.13742715312162,352.8265234188227,31.602750979940406
2026-09-07 13:03:51.356463,1457.7333861760023,-161.31365647785964,352.99420253902485,31.506735470282436
2026-09-07 13:03:51.457973,1459.1524565415828,-161.48804216446962,353.07371945708854,31.42690568016298
2026-09-07 13:03:51.545085,1460.3673688902109,-161.63562816352714,353.07371945708854,31.33556318284731
2026-09-07 13:03:51.659812,1461.962764825773,-161.8294348223434,353.2149442654053,31.343583088784136
2026-09-07 13:03:51.757620,1463.3236361415522,-161.9913489148879,353.2258895497854,31.323926150926226
2026-09-07 13:03:51.860070,1464.748233244206,-162.1605690015666,353.13417154023676,31.32750699659999
2026-09-07 13:03:51.959997,1466.1376401172743,-162.32786498302565,353.1118067146141,31.399979721705684
2026-09-07 13:03:52.058317,1468.3756475690986,-162.59995842812404,353.1778221955718,32.5627696495101
2026-09-07 13:03:52.158610,1469.8252617486048,-162.77338356887378,353.0655884921596,32.557511468614656
2026-09-07 13:03:52.259522,1471.2832427469425,-162.95070719887292,352.9187841715953,32.44905347268588
2026-09-07 13:03:52.358256,1472.7045560780973,-163.1272679514006,352.94088198993296,32.40160272373165
2026-09-07 13:03:52.458513,1474.1457520408333,-163.30573420686093,352.9745400151281,32.351667935667386
2026-09-07 13:03:52.559128,1475.5899700728276,-163.48371334800052,352.8957241870227,32.295400599411124
2026-09-07 13:03:52.659445,1477.0271612007123,-163.6628338842314,352.8957241870227,32.2033604138992
2026-09-07 13:03:52.758244,1478.438570768021,-163.83874120346863,352.93994891921113,32.18523092779337
2026-09-07 13:03:52.858711,1479.873138397234,-164.01641037922798,353.0411344967952,32.201032837997154
2026-09-07 13:03:52.953795,1481.2318037771477,-164.1822434628858,353.0624154026516,32.176938272913496
2026-09-07 13:03:53.058106,1482.7212668769923,-164.36347974050776,353.02739637888135,32.195167730847906
2026-09-07 13:03:53.158649,1484.1576327333046,-164.53914616957954,353.0724017660656,32.14860468734229
2026-09-07 13:03:53.259217,1485.5924152228927,-164.71347519652593,353.00487689941633,32.139817022927474
2026-09-07 13:03:53.359180,1487.0179713228492,-164.8883883078387,352.9489446923121,32.1677683807478
2026-09-07 13:03:53.457379,1488.4194206544398,-165.06173242276236,352.9159775736457,32.03047781390815
2026-09-07 13:03:53.558637,1489.8582562843796,-165.24054142800205,352.881983495275,31.91987835342922
2026-09-07 13:03:53.659199,1491.2821627162114,-165.41835305745116,352.8482230762551,31.846066376313075
2026-09-07 13:03:53.760067,1492.7069941756242,-165.59713290952675,352.83693536006774,31.85135470342027
2026-09-07 13:03:53.859608,1494.1132795291744,-165.7738671183369,352.881492228728,31.902672459871035
2026-09-07 13:03:53.959484,1495.5267087409602,-165.95038270331477,352.90384563995707,31.87212726956368
2026-09-07 13:03:54.067666,1497.0562917139753,-166.1407980778415,352.83120846785613,31.84849482406104
2026-09-07 13:03:54.159794,1498.3577152106252,-166.30448596272672,352.7693505118993,31.82675935296226
2026-09-07 13:03:54.267577,1499.8790386112412,-166.49750065430064,352.78141205682755,31.730694595753732
2026-09-07 13:03:54.359063,1501.1664716970142,-166.66056562895133,352.82236331998797,31.70271532865795
2026-09-07 13:03:54.468317,1502.7027272208916,-166.85403067362725,352.87126795354203,31.663574064033977
2026-09-07 13:03:54.566872,1504.0869779747427,-167.02715319152028,352.9594989777594,31.71438349418844
2026-09-07 13:03:54.667488,1505.502715069662,-167.20199977562862,352.8694228503924,31.71174593658733
2026-09-07 13:03:54.755900,1506.7463868804725,-167.35758134313633,352.7605908600771,31.670028402921435
2026-09-07 13:03:54.852185,1508.0987007933554,-167.52936339334897,352.6420674900877,31.65909096408766
2026-09-07 13:03:54.957012,1509.570087949951,-167.7193647847404,352.5716829821305,31.632527494166066
2026-09-07 13:03:55.057652,1510.9812947491512,-167.9033578113098,352.8645002253045,31.49710057487473
2026-09-07 13:03:55.156961,1512.3687818005733,-168.07705153425732,353.064538815574,31.481480800218097
2026-09-07 13:03:55.256783,1513.7633453174458,-168.2466880838187,353.01985616477276,31.537304663854464
2026-09-07 13:03:55.356175,1515.1542313664704,-168.41697815132613,353.1088365103566,31.625022205908863
2026-09-07 13:03:55.456955,1516.5687308243082,-168.5879300505661,353.07500290493084,31.713084096343724
2026-09-07 13:03:55.556783,1517.9736695082968,-168.75856827041653,353.1196882414717,31.600557357964608
2026-09-07 13:03:55.657280,1519.3831379795222,-168.92864129652182,353.0409648475731,31.532061966752412
2026-09-07 13:03:55.764441,1520.8825612141172,-169.11165920829578,353.0409648475731,31.42812419866958
2026-09-07 13:03:55.855267,1522.1492320054936,-169.26626761891268,352.9596531839785,31.367807518394883
2026-09-07 13:03:55.964911,1523.6751404268155,-169.45471642992567,352.84922496905585,31.293077838164926
2026-09-07 13:03:56.055777,1524.9364013295499,-169.6129499648857,352.83905653487375,31.16445144986634
2026-09-07 13:03:56.164043,1526.4329717065593,-169.80097441881583,352.92386570294667,31.202292722459397
2026-09-07 13:03:56.254241,1527.6815312605318,-169.95596262220658,353.0046151517048,31.20623348768734
2026-09-07 13:03:56.364713,1529.2111914299842,-170.14365620460376,352.9057154742928,31.244845804258567
2026-09-07 13:03:56.463083,1530.5746746722934,-170.31334889897883,352.88369912339164,31.229373719825404
2026-09-07 13:03:56.563349,1531.9636831942073,-170.48676037972587,352.77149563455066,31.226745337158302
2026-09-07 13:03:56.664079,1533.3586583588467,-170.66369183832003,352.7940401809192,31.180095691013662
2026-09-07 13:03:56.764120,1534.7420910314775,-170.83860622899812,352.7716498407697,31.188837305997783
2026-09-07 13:03:56.872227,1536.2374107806045,-171.0282607881444,352.759552038356,31.171833741579608
2026-09-07 13:03:56.963884,1537.5044714720846,-171.18923661571813,352.8005798450969,31.207874324147724
2026-09-07 13:03:57.071442,1538.9932007561226,-171.37729155417364,352.8487253095724,31.222911848754027
2026-09-07 13:03:57.152814,1541.4483513441528,-171.68403192208424,352.8396193092393,32.133485055170375
2026-09-07 13:03:57.273821,1543.1730547689979,-171.90070109570667,353.029198734008,32.11022306728898
2026-09-07 13:03:57.363526,1544.4512117168988,-172.05697788986228,353.0392372455338,32.1501991722656
2026-09-07 13:03:57.472340,1546.0036057030086,-172.24650885778448,352.9783526463938,32.164461476114255
2026-09-07 13:03:57.570617,1547.4061128758324,-172.41925299070436,352.93436157355626,32.192800147220304
2026-09-07 13:03:57.671126,1548.841600396811,-172.59717822790407,352.9006189475616,32.15327885682963
2026-09-07 13:03:57.770728,1550.262283659981,-172.77411809737382,352.9229110344017,32.16198211185155
2026-09-07 13:03:57.870832,1551.6905828398305,-172.9514421944328,353.00132657539126,32.196095879635195
2026-09-07 13:03:57.971341,1553.1264243111611,-173.127707613728,353.06881182738044,32.20926964309875
2026-09-07 13:03:58.061529,1554.415535720636,-173.28441926839037,353.0889969514536,32.19193219846292
2026-09-07 13:03:58.173719,1556.018340333037,-173.47869225506003,353.1015516653278,32.22624339335041
2026-09-07 13:03:58.271181,1557.4122541313743,-173.64733605700474,353.1015516653278,32.222836888898904
2026-09-07 13:03:58.370965,1558.8392266107699,-173.819979490539,353.17971653728193,32.29259015482589
2026-09-07 13:03:58.470513,1560.266139978513,-173.99064095872055,353.2911165423399,32.298679130364995
2026-09-07 13:03:58.569217,1561.6815486782334,-174.1571357522313,353.25797988635713,32.265904937898995
2026-09-07 13:03:58.673166,1563.1705562027512,-174.33316112286633,353.19981739627315,32.3022373270588
2026-09-07 13:03:58.772290,1564.5918759991525,-174.5026478418335,353.1332620816428,32.426962743128946
2026-09-07 13:03:58.871743,1566.0232202192515,-174.67501647301813,353.077615234378,32.401761060603334
2026-09-07 13:03:58.972854,1567.4771249388364,-174.85153464477514,353.12287487158386,32.39204243747957
2026-09-07 13:03:59.072562,1568.9105624888261,-175.02441900749113,353.2232960205159,32.30578851585063
2026-09-07 13:03:59.172616,1570.3454450863833,-175.19492671942425,353.26808251991747,32.318902642243124
2026-09-07 13:03:59.272333,1571.7762076989634,-175.36381077762513,353.18997013179256,32.32587328525046
2026-09-07 13:03:59.373899,1573.2335785881637,-175.53785048676525,353.1786043053433,32.30191113630965
2026-09-07 13:03:59.473238,1574.6579038605291,-175.70823045870378,353.24530397848065,32.30711930070769
2026-09-07 13:03:59.573293,1576.0929252988703,-175.87819570321562,353.3012876622617,32.324604977324995
2026-09-07 13:03:59.673233,1577.5272384451075,-176.0466560940197,353.3012876622617,32.35778957769633
2026-09-07 13:03:59.771087,1578.933055595261,-176.21176962388955,353.4436432788831,32.427048742843745
2026-09-07 13:03:59.870862,1580.3699536036163,-176.37691532832682,353.3766508601223,32.51771980975051
2026-09-07 13:03:59.966327,1581.7484396707496,-176.53698091526059,353.3125523258503,32.53440333499433
2026-09-07 13:04:00.071226,1583.2637291991687,-176.71464998292245,353.3242911343955,32.51148806350017
2026-09-07 13:04:00.171563,1584.7121335165568,-176.88417587634328,353.36920431118455,32.563216192904136
2026-09-07 13:04:00.271773,1586.1611386240493,-177.05262078322215,353.29070573607703,32.57722640451831
2026-09-07 13:04:00.371502,1587.6035779353458,-177.2223056779831,353.36882752429074,32.57112635789217
2026-09-07 13:04:00.466370,1588.9756715771273,-177.38181887484652,353.37944380556195,32.577758035147006
2026-09-07 13:04:00.571381,1590.4948072587392,-177.5581412149719,353.4382005155468,32.6107912578452
2026-09-07 13:04:00.671060,1591.938441077513,-177.72420003000434,353.3824272147061,32.62472723113618
2026-09-07 13:04:00.771023,1593.3866438408206,-177.89221293707527,353.3376814490228,32.71731610391602
2026-09-07 13:04:00.871310,1594.8435313793175,-178.0623865970585,353.3601268468354,32.69365570544776
2026-09-07 13:04:00.971882,1596.3035692775784,-178.23234849758595,353.29259929444646,32.71474693889443
2026-09-07 13:04:01.070631,1597.7378690820142,-178.40102782372966,353.21524518015354,32.61551666342971
2026-09-07 13:04:01.170566,1599.1847613322439,-178.5731688302536,353.24879510432726,32.54565784207144
2026-09-07 13:04:01.270522,1600.628958249396,-178.74413159573064,353.1369385235263,32.53255656058656
2026-09-07 13:04:01.369185,1602.05356760824,-178.91559644949677,353.19214334280457,32.528245958137674
2026-09-07 13:04:01.470987,1603.523476433822,-179.09107689507363,353.30606570503096,32.52557731061732
2026-09-07 13:04:01.571288,1604.9719345328824,-179.26107615795226,353.2836171738554,32.51768941013582
2026-09-07 13:04:01.671325,1606.4161633063056,-179.43115271395678,353.17166994934075,32.499332752663896
2026-09-07 13:04:01.770842,1607.851740689494,-179.60305491346475,353.1382603550646,32.50455024928053
2026-09-07 13:04:01.869743,1609.2785611640716,-179.77475250141768,353.1271927576239,32.54084665522295
2026-09-07 13:04:02.101071,1612.6195224002736,-180.17744447619071,353.1789666563864,32.89054047456798
2026-09-07 13:04:02.188467,1613.8954442451002,-180.330064018023,353.0616052045194,32.86839407128192
2026-09-07 13:04:02.290672,1615.386194192429,-180.51147827015134,352.9014825247696,32.80409298804552
2026-09-07 13:04:02.391106,1616.8477437547792,-180.6934854874246,352.9464391210166,32.7909290548684
2026-09-07 13:04:02.490612,1618.295348650328,-180.8726028193682,352.9130332196325,32.73267344924586
2026-09-07 13:04:02.597560,1619.8483427025571,-181.0656797199738,352.996809944616,32.76164341697805
2026-09-07 13:04:02.690659,1621.2016761636078,-181.23192466074605,353.0280649042462,32.75025438789229
2026-09-07 13:04:02.786053,1622.5879815114463,-181.40145231121647,353.0280649042462,32.75608927892553
2026-09-07 13:04:02.898456,1624.221759760358,-181.60124277466633,352.94001505555036,32.66474644082659
2026-09-07 13:04:02.998022,1625.664643623925,-181.77994021324818,352.82859490744494,32.59775559898358
2026-09-07 13:04:03.097800,1627.10728402276,-181.96145664770182,352.70577178015816,32.61606473029734
2026-09-07 13:04:03.199051,1627.306906989844,-181.9963671373511,352.6831106279258,31.810687067283254
2026-09-07 13:04:03.286717,1628.543422770036,-182.15513895163102,352.7910243190874,31.828305719277484
2026-09-07 13:04:03.388315,1629.9775852256091,-182.33654406225503,352.8478713562649,31.85405095110797
2026-09-07 13:04:03.488544,1631.393744246075,-182.51424457559,352.91516860647755,31.90397179327254
2026-09-07 13:04:03.588009,1632.8015174643301,-182.68921353266757,353.00421430505986,31.893542252571486
2026-09-07 13:04:03.687948,1634.215808444487,-182.8627610362566,352.9594792823352,31.874330307751112
2026-09-07 13:04:03.788343,1635.6355602336464,-183.0381039392445,352.9594792823352,31.896261676798066
2026-09-07 13:04:03.888383,1637.0512651505817,-183.2129470433738,352.84752870064597,31.939095162056656
2026-09-07 13:04:03.987490,1638.4553086652356,-183.38913582457187,352.8142567505276,31.907919155714943
2026-09-07 13:04:04.087925,1639.8766731986786,-183.5683366153778,352.90417083826816,31.893877487184163
2026-09-07 13:04:04.195197,1641.3944258132271,-183.7572704992905,353.0482231709227,31.77483451843416
2026-09-07 13:04:04.286447,1642.6810685999653,-183.91415124936708,353.0686459829562,31.763671682054866
2026-09-07 13:04:04.395447,1644.2175165856675,-184.10093504645366,353.0686459829562,31.724621415300213
2026-09-07 13:04:04.487050,1645.5071515861273,-184.2577141398452,353.0891478004981,31.705411095753863
2026-09-07 13:04:04.595229,1647.0292960797724,-184.44220639610475,353.0649360812327,31.692177293269744
2026-09-07 13:04:04.686502,1648.3129609281293,-184.5983440529404,352.99343822227866,31.677821457522384
2026-09-07 13:04:04.795416,1649.3988915140976,-184.73228334962877,352.9446857806389,31.271466241182775
2026-09-07 13:04:04.893161,1650.7549805479875,-184.90011923059254,352.91187107769844,31.28342362684737
2026-09-07 13:04:04.995575,1652.176288403773,-185.07685344158284,352.8660281873621,31.3040062543807
2026-09-07 13:04:05.093941,1653.5421796937428,-185.24780668486832,352.74494318126165,31.267046666731943
2026-09-07 13:04:05.195357,1654.9483848458217,-185.42682469415334,352.7676412624144,31.28211166371208
2026-09-07 13:04:05.303087,1656.4429330792043,-185.6164876462265,354.4192603694288,31.27269818141743
2026-09-07 13:04:05.392881,1657.6923163029646,-185.73856672984715,354.3991634271413,31.271128935656424
2026-09-07 13:04:05.495167,1659.1153914775775,-185.8781214487374,354.4678418189765,31.293473395184655
2026-09-07 13:04:05.583367,1660.3435125335766,-185.99707178765513,354.4481016324412,31.352046173906917
2026-09-07 13:04:05.704929,1662.0392867616276,-186.1619066789567,354.42089464201473,31.454018592482438
2026-09-07 13:04:05.793668,1663.2811531651548,-186.28321552255437,354.42089464201473,31.509847698938234
2026-09-07 13:04:05.903590,1664.8221975039157,-186.433748869891,354.3470891731596,31.46470410510435
2026-09-07 13:04:06.001788,1666.1967315210504,-186.56980476680093,354.39104488375824,31.479291079284515
2026-09-07 13:04:06.093901,1667.486785605405,-186.6964992479378,354.339504980064,31.468022669997875
2026-09-07 13:04:06.203838,1668.4549882527606,-186.78471504416808,354.339504980064,30.756145110800038
2026-09-07 13:04:06.301966,1669.7975935372037,-186.91778999322568,354.38342935703326,30.784440817000828
2026-09-07 13:04:06.401374,1671.1590663719787,-187.0516811233337,354.38342935703326,30.832215484815787
2026-09-07 13:04:06.500803,1672.522940147759,-187.18580836884288,354.26103583618703,30.809626325428486
2026-09-07 13:04:06.601583,1673.9040395074842,-187.32460905379614,354.2384800992365,30.78144652048933
2026-09-07 13:04:06.702049,1675.2795219739735,-187.4633922197868,354.3284219396203,30.831485404733467
2026-09-07 13:04:06.801310,1676.6409298654166,-187.5985967629425,354.2506667548708,30.891332267220605
2026-09-07 13:04:06.901697,1678.0202667424046,-187.73747246894936,354.1495617494766,30.89308663693584
2026-09-07 13:04:06.991040,1679.2477066058043,-187.8632430421035,354.1495617494766,30.85171048945743
2026-09-07 13:04:07.104431,1680.803443756542,-188.0226528502415,354.16225086223983,30.835857461764157
2026-09-07 13:04:07.201495,1681.7426956610027,-188.11689258887037,354.1839749151408,30.18628940367933
2026-09-07 13:04:07.302750,1683.102045525378,-188.2553544437489,354.2066369626197,30.177441708981988
2026-09-07 13:04:07.402976,1684.447240756787,-188.39183696343628,354.2066369626197,30.20371505001411
2026-09-07 13:04:07.502589,1685.7853725377327,-188.52760283063006,354.2289315113878,30.219382639183983
2026-09-07 13:04:07.603524,1687.1420199438178,-188.66471397696287,354.2628171530196,30.20086119989723
2026-09-07 13:04:07.703514,1688.4852221343763,-188.79966380934454,354.4418485590669,30.105626171292407
2026-09-07 13:04:07.803435,1689.5776099011355,-188.9042380263426,354.41948507631406,29.60091467627488
2026-09-07 13:04:07.903183,1690.8912986868133,-189.03259530026577,354.37483554963535,29.578253043646924
2026-09-07 13:04:08.002985,1692.2045919860166,-189.1619472063052,354.35249870046755,29.503254756301274
2026-09-07 13:04:08.104225,1693.533378831965,-189.29334821361869,354.37515739077185,29.463446028335095
2026-09-07 13:04:08.204079,1694.674057392899,-189.40501706192987,354.3975058781449,29.0200124484693
2026-09-07 13:04:08.304730,1695.9735761220331,-189.53249310035113,354.3749790128958,28.98483278054249
2026-09-07 13:04:08.401422,1697.0758602210383,-189.6405926143091,354.4290810003243,28.572930955848275
2026-09-07 13:04:08.500429,1698.334527547363,-189.76336106667483,354.48447829761193,28.55389817564404
2026-09-07 13:04:08.601386,1699.6172504844994,-189.88722396420212,354.5070736492225,28.610356769953274
2026-09-07 13:04:08.701019,1700.885702381864,-190.0092039388924,354.5405221867238,28.75139338370708
2026-09-07 13:04:08.802577,1701.9620624025065,-190.11118821995532,354.51779232431835,28.195190868794548
2026-09-07 13:04:08.901808,1703.2070864326713,-190.2306802027603,354.58441948248475,28.255019643554636
2026-09-07 13:04:09.002025,1704.4672894416908,-190.35015021972333,354.68535327197526,28.374990460274056
2026-09-07 13:04:09.102321,1705.7340504519786,-190.46799070688132,354.68535327197526,28.356586276643956
2026-09-07 13:04:09.201782,1706.9894504364954,-190.58477433422078,354.6630927425763,28.36527721104021
2026-09-07 13:04:09.302308,1708.2586358014598,-190.70333773550877,354.6630927425763,28.345952423269537
2026-09-07 13:04:09.401549,1709.5107438493444,-190.8203058262505,354.6630927425763,28.26790702674462
2026-09-07 13:04:09.501403,1710.7671172765256,-190.9376723756344,354.6854412299493,28.206830102699794
2026-09-07 13:04:09.602241,1712.0331762004903,-191.0554455907705,354.7644317430387,28.174228451421385
2026-09-07 13:04:09.701034,1713.2722834518922,-191.1689888163314,354.75337623142656,28.17940799002531
2026-09-07 13:04:09.798674,1714.497132705457,-191.28146386706723,354.7424497472241,28.12480437513626
2026-09-07 13:04:09.901833,1715.7886850936573,-191.40031249544768,354.7193615623851,28.084241074382973
2026-09-07 13:04:10.000679,1717.024407851904,-191.51452587022803,354.7525458902469,28.08251363528356
2026-09-07 13:04:10.101440,1718.2840607076523,-191.63021526367697,354.77509737477624,28.11244903326249
2026-09-07 13:04:10.201423,1719.535365011353,-191.74464126020862,354.77509737477624,28.18146775397261
2026-09-07 13:04:10.301967,1720.7967796334042,-191.85999179863555,354.7413429986706,28.184981980887425
2026-09-07 13:04:10.401046,1722.039902333575,-191.9744081440004,354.7635180320236,28.170264137196146
2026-09-07 13:04:10.501323,1723.29744378764,-192.08966077526816,354.75229645217553,28.122948058797125
2026-09-07 13:04:10.602242,1724.5608879052222,-192.20570391367957,354.8878175327852,28.18026723570243
2026-09-07 13:04:10.701835,1725.8105405116034,-192.31750026539683,354.9658327866589,28.250757231354385
2026-09-07 13:04:10.802394,1727.0756232021945,-192.42894088066043,355.03335161039394,28.26657361173981
2026-09-07 13:04:10.901791,1728.3269164414069,-192.5376809439234,354.98885919948566,28.30044644575634
2026-09-07 13:04:11.003170,1728.903669197487,-192.58539093244255,355.0002040995467,27.13684795696796
2026-09-07 13:04:11.102658,1730.1059913460701,-192.69057617464554,355.0336039580166,27.12989332203596
2026-09-07 13:04:11.196387,1731.2384826851198,-192.7889870727686,354.9392045731302,27.064372758999095
2026-09-07 13:04:11.299277,1732.47848124575,-192.89879882233973,354.88163462435966,27.130003858145702
2026-09-07 13:04:11.399721,1733.6918282916158,-193.00747919207157,354.89287489247965,27.228304345797813
2026-09-07 13:04:11.499580,1734.9025006145275,-193.11568057430893,354.95992371177334,27.23703005756298
2026-09-07 13:04:11.599013,1736.1085198079707,-193.2220436567899,354.99330510578307,27.284816740172477
2026-09-07 13:04:11.699057,1737.324140982852,-193.32853986027047,355.19482421004267,27.256842733372192
2026-09-07 13:04:11.799613,1738.54509924171,-193.43117766315885,355.2173298131861,27.3192277059138
2026-09-07 13:04:11.899649,1739.762563784249,-193.5330401928861,355.2173298131861,27.296500642899304
2026-09-07 13:04:11.999352,1740.9749661827477,-193.63447918436663,355.2396445050017,27.325250508333607
2026-09-07 13:04:12.098993,1742.1879302455716,-193.73548947067331,355.2061932817607,27.328733173475428
2026-09-07 13:04:12.199386,1743.4101447898443,-193.83798865007947,355.25113152545333,27.401543868197937
2026-09-07 13:04:12.299777,1744.6356714388314,-193.93979769193413,355.13878815433816,27.426106022870893
2026-09-07 13:04:12.399214,1745.8504399570031,-194.04311171925121,355.149915733298,27.361808627084162
2026-09-07 13:04:12.498946,1747.0659760504718,-194.1462532511417,355.04947041270896,27.272048098104655
2026-09-07 13:04:12.599267,1748.2844966079158,-194.25179991602505,355.1280559386381,27.19753640556875
2026-09-07 13:04:12.699697,1749.5011516707243,-194.35550393757578,355.15053334151503,27.198413966161763
2026-09-07 13:04:12.799290,1750.7077461144074,-194.45787364637576,355.2731287404594,27.14184792026822
2026-09-07 13:04:12.898664,1751.9093987676117,-194.55723487476385,355.31761085603233,27.02549126734007
2026-09-07 13:04:13.007018,1752.7191090519086,-194.62128220530678,355.40248895809,26.355504077325758
2026-09-07 13:04:13.098021,1753.7878532380037,-194.70722459362966,355.40248895809,26.352323328679105
2026-09-07 13:04:13.206703,1755.0640665224544,-194.80985047838496,355.4876239959089,26.472931016889333
2026-09-07 13:04:13.305499,1756.229639655117,-194.9018364032447,355.55395907988674,26.566165542882533
2026-09-07 13:04:13.405364,1757.4120812758936,-194.99377618177553,355.59866097848885,26.690950718356206
2026-09-07 13:04:13.506931,1758.6203969474723,-195.08677941159593,355.6895884853296,26.646575931564193
2026-09-07 13:04:13.605607,1758.899293584843,-195.10040908276238,355.6895884853296,25.125317811746932
2026-09-07 13:04:13.706579,1759.487828613103,-195.14060004083717,355.6895884853296,24.1156097544713
2026-09-07 13:04:13.806640,1760.188110053248,-195.1907183769972,355.6895884853296,23.30969041627788
2026-09-07 13:04:13.909267,1761.2544959134505,-195.27109520934096,355.66661936828234,23.274716852321077
2026-09-07 13:04:14.004489,1762.2424227569845,-195.34595664938178,355.7092429520073,23.335456715504463
2026-09-07 13:04:14.107590,1763.3149457826005,-195.42642606534187,355.76693096141724,23.337258515259517
2026-09-07 13:04:14.208574,1764.3656063528704,-195.50419145379854,355.86863723677885,23.344317726963165
2026-09-07 13:04:14.309105,1765.412006009002,-195.5797740613724,355.9811372760412,23.42337760904866
2026-09-07 13:04:14.408223,1766.4473369728269,-195.6525139777223,355.9700453950377,23.41818103128157
2026-09-07 13:04:14.508829,1767.4979632984741,-195.72653290752112,355.958786998175,23.420818326741706
2026-09-07 13:04:14.609316,1768.5474505394093,-195.80067883289382,356.02625747859605,23.446282027906594
2026-09-07 13:04:14.709598,1769.5960219618921,-195.87351921654505,356.0487017573505,23.497105535031235
2026-09-07 13:04:14.808605,1770.633533891385,-195.94518296696626,355.98222500060535,23.45903997462277
2026-09-07 13:04:14.909802,1771.6921916999272,-196.01954157537844,355.9595759342015,23.442238984009514
2026-09-07 13:04:15.009275,1772.7320399003008,-196.0929921160576,355.9707075417708,23.422247423201195
2026-09-07 13:04:15.108869,1773.7722793765759,-196.16626718819492,356.0041429862913,23.390918221675605
2026-09-07 13:04:15.208651,1774.8131310486476,-196.2389749970098,356.02647535922637,23.379583543151313
2026-09-07 13:04:15.309429,1775.8638913750185,-196.31196342068588,356.1279741611989,23.347881891733095
2026-09-07 13:04:15.408193,1776.8923813792978,-196.38157436677264,356.2274445582896,23.336662852329464
2026-09-07 13:04:15.508638,1777.9379953208136,-196.45052092768023,356.3960502586761,23.382302818831345
2026-09-07 13:04:15.609274,1778.9878454822262,-196.5166445604966,356.47488253693695,23.431547013981668
2026-09-07 13:04:15.708650,1780.0268235251688,-196.58064836574002,356.5638485585759,23.425468559033565
2026-09-07 13:04:15.808903,1781.0747976868186,-196.64357309361063,356.5638485585759,23.441236810336576
2026-09-07 13:04:15.909098,1782.122870566099,-196.7065037488984,356.6647601907142,23.41059405989758
2026-09-07 13:04:16.008645,1783.1629123165278,-196.76711400685883,356.6759000793142,23.402765455703882
2026-09-07 13:04:16.110473,1784.2264416415505,-196.8288855649326,356.7442709539578,23.37696194119735
2026-09-07 13:04:16.217422,1785.3423015224187,-196.89236061690738,356.73230273848293,23.43303337076741
2026-09-07 13:04:16.307171,1787.8843565567997,-197.05194679242152,356.69212899695543,25.841307467182197
2026-09-07 13:04:16.409496,1789.0644555488693,-197.12015352844722,356.7035797599216,25.81537801141482
2026-09-07 13:04:16.517423,1790.307926959464,-197.19177369050516,356.76396805675273,25.84555623931389
2026-09-07 13:04:16.616480,1791.4506063302751,-197.25638026089464,356.71962783775876,25.804009202136008
2026-09-07 13:04:16.709171,1792.518084384483,-197.31756376331398,356.71962783775876,25.79428995861194
2026-09-07 13:04:16.808853,1793.6656420548225,-197.38333710378012,356.75309282541554,25.814323523141958
2026-09-07 13:04:16.919074,1795.0277053484713,-197.46117603039366,356.7654271967314,25.978493855873836
2026-09-07 13:04:17.016847,1796.1613759050608,-197.525244283328,356.8091926674371,25.934922330185422
2026-09-07 13:04:17.106039,1797.19386014845,-197.58280294382936,356.8291548751181,25.938039780525436
2026-09-07 13:04:17.207746,1798.3713820229034,-197.6480356011028,356.8974445061369,25.898047422808567
2026-09-07 13:04:17.307386,1799.5232695990387,-197.7104711293266,356.9085948019781,25.857126518079685
2026-09-07 13:04:17.407045,1800.6735685184874,-197.7725960336416,356.8193754255641,25.77526910249607
2026-09-07 13:04:17.506911,1801.8225095455393,-197.8364420709239,356.752321906226,25.724656426616956
2026-09-07 13:04:17.607419,1802.9764902490926,-197.90192292840433,356.77481676641077,25.707969825585728
2026-09-07 13:04:17.715042,1804.2113875732123,-197.9715088923496,356.78686040640787,25.65342585650578
2026-09-07 13:04:17.806287,1805.2561500225208,-198.0301605281163,356.8277037923584,25.6215337858857
2026-09-07 13:04:17.907506,1806.413720773348,-198.09431733480156,356.7710688167087,25.630378334891383
2026-09-07 13:04:18.006703,1807.5484962124262,-198.15833593733282,356.7488673735823,25.62084368230157
2026-09-07 13:04:18.106619,1808.6910464686184,-198.2232373014743,356.82713564651357,25.607747643636124
2026-09-07 13:04:18.205223,1809.8181039170229,-198.2857141595433,356.9264448992244,25.56811381612628
2026-09-07 13:04:18.313804,1811.0573961860507,-198.35225817020842,356.86569067036396,25.61555303087776
2026-09-07 13:04:18.405039,1812.1005814738462,-198.4093815890731,356.83506148807567,25.625119603499893
2026-09-07 13:04:18.514463,1813.3521710940083,-198.47858804880667,356.8840422175869,25.606952744829528
2026-09-07 13:04:18.605320,1814.3907036803316,-198.5351230637283,356.8535399364977,25.608540567647395
2026-09-07 13:04:18.714464,1815.6383051631194,-198.60370541329212,356.82911223900095,25.6915127988795
2026-09-07 13:04:18.812299,1816.7602329294857,-198.66585909141386,356.7962673214892,25.773581797179425
2026-09-07 13:04:18.914416,1817.93496798991,-198.73161374835448,356.8876872139351,25.764658780642876
2026-09-07 13:04:19.013503,1819.0745521743067,-198.7935770379195,356.99857133316584,25.80015762267882
2026-09-07 13:04:19.111811,1820.2068520069015,-198.85294666904028,357.02057380774545,25.805311733608495
2026-09-07 13:04:19.213749,1821.3812198584117,-198.91406983711502,357.00916635233136,25.847176398263784
2026-09-07 13:04:19.444471,1824.0435170920553,-199.05316783429657,356.7251558733294,26.08708709906796
2026-09-07 13:04:19.532628,1825.0699226382649,-199.11189787266147,356.73502115464686,26.104804429661982
2026-09-07 13:04:19.633971,1826.2506648014541,-199.17925495314432,356.74636202609844,26.024220433752777
2026-09-07 13:04:19.731002,1827.377690977413,-199.24332392837348,356.80065369389075,25.952152331974972
2026-09-07 13:04:19.841343,1828.655833438434,-199.31476855793625,356.8130014939049,25.934797393798295
2026-09-07 13:04:19.929979,1829.6818802978437,-199.37189992905334,356.69397488344583,25.93557189803729
2026-09-07 13:04:20.030382,1830.8440392437155,-199.4390322097558,356.7726246433153,26.019795065986468
2026-09-07 13:04:20.131294,1832.0159747785729,-199.50511528283144,356.87425840370594,26.153824459329343
2026-09-07 13:04:20.231221,1833.1825636939677,-199.56882115014125,356.87425840370594,26.23764833415039
2026-09-07 13:04:20.330863,1834.7197535040991,-199.65322426921082,356.86310788405314,26.600294287732208
2026-09-07 13:04:20.430683,1835.9049740598316,-199.71817893556536,356.8966192007191,26.538365929811217
2026-09-07 13:04:20.528292,1837.0612807968773,-199.78087069940233,356.9293882460853,26.49401457842208
2026-09-07 13:04:20.630944,1838.2753336561589,-199.84599692877168,357.00979973926894,26.465311330390584
2026-09-07 13:04:20.730480,1839.451345968171,-199.90742742934685,357.07663168508475,26.435739871460736
2026-09-07 13:04:20.830696,1840.6341406873987,-199.96782888057507,357.08784643867784,26.40596638922201
2026-09-07 13:04:20.930732,1841.8134929902667,-200.027823099416,357.1214302703148,26.460161693333497
2026-09-07 13:04:21.030157,1842.9880825697699,-200.086884791222,357.14368274249483,26.504469415726906
2026-09-07 13:04:21.130551,1844.1761288844302,-200.14616055606058,357.2560294707846,26.51938259813228
2026-09-07 13:04:21.237996,1845.4484530293273,-200.20714046709415,357.47245644448793,26.55036490850999
2026-09-07 13:04:21.329289,1846.5309623464354,-200.25492523766133,357.4826726624549,26.653270942156308
2026-09-07 13:04:21.437564,1847.8198224717503,-200.31158861010655,357.54325567541173,26.740313104211157
2026-09-07 13:04:21.529406,1848.9166916862137,-200.35864931713184,357.6151992552443,26.82859012500348
2026-09-07 13:04:21.637815,1850.2157638278236,-200.4127513562371,357.6151992552443,26.71207451852811
2026-09-07 13:04:21.737067,1851.3999417641824,-200.46206843337885,357.604092378861,26.656569418313364
2026-09-07 13:04:21.829515,1852.5006401847322,-200.50812260993024,357.604092378861,26.617794364626892
2026-09-07 13:04:21.938005,1853.790457910283,-200.56208970222602,357.6890770152587,26.596938603677092
2026-09-07 13:04:22.038054,1854.979062610577,-200.61005596378516,357.6890770152587,26.51913200883938
2026-09-07 13:04:22.138709,1856.171368526294,-200.65817158826286,357.70034089550654,26.4689989897723
2026-09-07 13:04:22.239313,1857.3608268871253,-200.7059380826643,357.6327918572003,26.394277103867232
2026-09-07 13:04:22.339595,1858.3767794101575,-200.74679260230468,357.6103475784459,26.17175239692626
2026-09-07 13:04:22.427578,1859.405269512458,-200.7897130399347,357.5512727202166,26.24709463070288
2026-09-07 13:04:22.541723,1860.743367012032,-200.84693596865492,357.5001787612125,26.245099825288374
2026-09-07 13:04:22.638894,1861.8823514642627,-200.8966615434245,357.52192676195887,26.19840024128862
2026-09-07 13:04:22.740335,1863.069290340497,-200.94802932100768,357.6581488206211,26.193081872826067
2026-09-07 13:04:22.841061,1864.2477418164062,-200.99622302480296,357.66942064618206,26.22124657844525
2026-09-07 13:04:22.941164,1865.420173185743,-201.04393949470932,357.7030269708887,26.292097542215267
2026-09-07 13:04:23.039777,1866.5783015560048,-201.09039345189873,357.7913099194063,26.364478963620513
2026-09-07 13:04:23.140612,1867.7658576021597,-201.1361951375025,357.8251619892922,26.492238390559375
2026-09-07 13:04:23.240699,1868.950343150497,-201.18117754529305,357.7579600828376,26.58844036982857
2026-09-07 13:04:23.340243,1869.659071513976,-201.2063330226679,357.67998321266,25.915630666381343
2026-09-07 13:04:23.440150,1870.815577682306,-201.2531878018218,357.5905418151004,25.879838051696414
2026-09-07 13:04:23.540458,1871.975047324215,-201.3019757168654,357.6354420108144,25.879838051696414
2026-09-07 13:04:23.640546,1873.1320117592063,-201.3497499804195,357.66904329975915,25.98828500275225
2026-09-07 13:04:23.739985,1874.2863185611309,-201.39673641820363,357.70242670807363,26.03086116169496
2026-09-07 13:04:23.833855,1875.3777902261493,-201.44052814601517,357.69192210881016,26.04316474820288
2026-09-07 13:04:23.940868,1876.6226608183283,-201.49070310711863,357.5721683343369,26.062801492467933
2026-09-07 13:04:24.040708,1877.7848639533142,-201.5399793990841,357.6727224273823,26.029650096619687
2026-09-07 13:04:24.140433,1878.9443362998336,-201.58710152581963,357.7396812743973,26.02877869633951
2026-09-07 13:04:24.240601,1880.1089748016193,-201.63307036888557,357.76210003862485,26.008647458083427
2026-09-07 13:04:24.341009,1881.275518758864,-201.67865727034905,357.739627559604,25.917401149028308
2026-09-07 13:04:24.440811,1882.4309364929452,-201.72426325016062,357.71729071043615,25.826705545726593
2026-09-07 13:04:24.540434,1883.5802281250992,-201.7700761821544,357.7507358907629,25.7823095866821
2026-09-07 13:04:24.641175,1884.740446463505,-201.8156463603108,357.82965041980094,25.727732343174807
2026-09-07 13:04:24.748311,1885.9717685435087,-201.86231084943512,357.8895961291165,25.654712031793274
2026-09-07 13:04:24.841156,1887.0358561316198,-201.90152265002672,357.85842644172067,25.58980942240709
2026-09-07 13:04:24.949855,1888.278468128827,-201.9479900336264,357.894918593697,25.564164407070095
2026-09-07 13:04:25.040720,1889.316191099783,-201.9861337644282,357.92542356052587,25.490324144943102
2026-09-07 13:04:25.149349,1890.553228342235,-202.03094422764033,357.85248625701735,25.506460608193034
2026-09-07 13:04:25.238012,1891.563490012812,-202.06882777452594,357.8425643513553,25.549846057481687
2026-09-07 13:04:25.349435,1892.4801219614478,-202.10251725233758,357.89243987979813,25.092762711694668
2026-09-07 13:04:25.437946,1893.4723197019719,-202.1390305880132,357.8429153999106,25.099723419559172
2026-09-07 13:04:25.550315,1894.7322716474337,-202.1864879707528,357.78004167483147,25.017245166774188
2026-09-07 13:04:25.638126,1895.7135872965396,-202.22452865445254,357.8881338557749,25.0632828885105
2026-09-07 13:04:25.739004,1896.8430859656185,-202.26617972966477,357.93328919675713,25.055349611426795
2026-09-07 13:04:25.838514,1897.956946929235,-202.30637514063608,357.93328919675713,25.051002003410733
2026-09-07 13:04:25.939612,1899.0883867418077,-202.3472049118025,358.1369313782217,25.05365219620668
2026-09-07 13:04:26.038732,1900.197942378761,-202.38329670047406,358.28112874081813,25.03459769325392
2026-09-07 13:04:26.138567,1901.3147396959819,-202.41681063330532,358.28112874081813,25.02674644008027
2026-09-07 13:04:26.238616,1902.4335799129944,-202.45038587144717,358.28112874081813,24.991777183973433
2026-09-07 13:04:26.338373,1903.547595951442,-202.483816340978,358.3369456849283,24.9961355834595
2026-09-07 13:04:26.445541,1904.744615962425,-202.51857053324898,358.31296023922965,25.019546519841033
2026-09-07 13:04:26.537306,1905.4264154275945,-202.53645500025382,358.2821531266885,24.491756547767594
2026-09-07 13:04:26.645427,1906.609678043601,-202.57194231350175,358.3184512339741,24.477585075765646
2026-09-07 13:04:26.737368,1907.6153054765425,-202.60146450975358,358.3596061657257,24.450270038940083
2026-09-07 13:04:26.846137,1908.8036904777994,-202.63549759668612,358.31091862946124,24.47212986097782
2026-09-07 13:04:26.937180,1909.7992700316183,-202.66485581834255,358.29054214643696,24.46497003083119
2026-09-07 13:04:27.046137,1910.9903828090344,-202.7004040122529,358.2783492240768,24.44497656513181
2026-09-07 13:04:27.144328,1912.0629181181775,-202.73264176544689,358.3662543785482,24.4458345612703
2026-09-07 13:04:27.245234,1913.1651974527717,-202.7640809443269,358.3775463471567,24.474049597956054
2026-09-07 13:04:27.344657,1914.252536385452,-202.79487952540907,358.3997983717134,24.487081018871965
2026-09-07 13:04:27.445480,1915.3557855767547,-202.82569995110515,358.5013424955428,24.48267604567326
2026-09-07 13:04:27.545088,1916.4455958801914,-202.85421208543258,358.79115708177176,24.514880029097558
2026-09-07 13:04:27.653576,1917.634265579172,-202.87929470419255,358.985404098266,24.489284794331095
2026-09-07 13:04:27.744912,1918.6340270111434,-202.89700036940434,359.07739336752076,24.537170609918068
2026-09-07 13:04:27.854359,1919.8344061023622,-202.91633117265292,359.1998709296373,24.545777772797788
2026-09-07 13:04:27.944668,1920.8252651212572,-202.93016930617972,359.2706136481224,24.52447145268382
2026-09-07 13:04:28.052672,1922.0092623600165,-202.94524263422514,359.2706136481224,24.482946784868858
2026-09-07 13:04:28.152313,1923.0997304441842,-202.95912525372594,359.29291446361634,24.441154803167
2026-09-07 13:04:28.252562,1924.1949850371038,-202.97264244479734,359.22560378470536,24.459550362359124
2026-09-07 13:04:28.352140,1925.2837110112519,-202.98735830385573,359.16988699630343,24.48217337288391
2026-09-07 13:04:28.452797,1926.385237013579,-203.00331855522057,359.13609468412506,24.40037576913201
2026-09-07 13:04:28.552486,1927.4725154355567,-203.01971377325322,359.1137831256724,24.40298902626504
2026-09-07 13:04:28.652377,1928.5621072135016,-203.03656827178764,359.0914263572687,24.31483109611617
2026-09-07 13:04:28.752297,1929.6480712921684,-203.05379050107004,359.0131549509745,24.302607637365274
2026-09-07 13:04:28.852374,1930.7351703433058,-203.0725162156345,358.85636616939513,24.386557339852747
2026-09-07 13:04:28.953207,1931.8342092045725,-203.09445613825795,358.85636616939513,24.427968194795817
2026-09-07 13:04:29.052305,1932.9161714358602,-203.11605516307185,358.8230972407339,24.382940275034723
2026-09-07 13:04:29.152176,1934.317275383534,-203.14518922209535,358.7113357798794,24.781610884979298
2026-09-07 13:04:29.253797,1935.4427858185115,-203.17050783470987,358.768195686226,24.85264829214644
2026-09-07 13:04:29.351821,1936.531593318394,-203.19391975898463,358.7352873181148,24.86207019790432
2026-09-07 13:04:29.450436,1937.627366939975,-203.21811113796113,358.96703475801775,24.72592142975717
2026-09-07 13:04:29.551477,1938.7440396982154,-203.23824541565278,359.0348772133824,24.57847720811314
2026-09-07 13:04:29.654314,1939.8738073591662,-203.25727766655595,359.01186109589105,24.4994010208592
2026-09-07 13:04:29.754392,1940.9697198538925,-203.2761799514829,358.9446652323507,24.494154112025537
2026-09-07 13:04:29.853796,1942.0579957673558,-203.2962272449476,358.98916077662193,24.506314447230437
2026-09-07 13:04:29.953602,1943.1512305591873,-203.31551661122663,359.0003296488291,24.577827308216033
2026-09-07 13:04:30.051335,1944.2248861656958,-203.33425116043549,359.02220343171643,24.557331449344343
2026-09-07 13:04:30.153551,1945.346861199243,-203.35340038682395,359.0793962578757,24.626998453415567
2026-09-07 13:04:30.253314,1946.4450355737795,-203.3710468951188,359.1798728001883,24.60956380690742
2026-09-07 13:04:30.349092,1947.8764030394677,-203.39352130041007,359.23346337802235,25.214151161303107
2026-09-07 13:04:30.454452,1949.063886668184,-203.40940910241812,359.33957695217373,25.220595634952
2026-09-07 13:04:30.554105,1950.1873612466236,-203.42235946932098,359.4064874558747,25.221466406093846
2026-09-07 13:04:30.654163,1951.3154551040868,-203.43404552735225,359.5184581806114,25.21534623577911
2026-09-07 13:04:30.750456,1952.4008573082538,-203.44316799436842,359.3999249629099,25.23133305148632
2026-09-07 13:04:30.851964,1953.5457453849135,-203.4551591721067,359.3772062910864,25.15948765594006
2026-09-07 13:04:30.951655,1954.666933467313,-203.46734674320209,359.488766321466,25.10025263921896
2026-09-07 13:04:31.050066,1955.7711413260934,-203.47719953221812,359.51079184864443,25.153567586567075
2026-09-07 13:04:31.152367,1956.921438422088,-203.48702134450403,359.6138245436829,25.16161277163161
2026-09-07 13:04:31.252255,1958.044977835141,-203.49459415212598,359.60264649519854,25.137173683406843
2026-09-07 13:04:31.352625,1959.172840733287,-203.502416149913,359.6700384177344,25.12752628398509
2026-09-07 13:04:31.451684,1960.2855529546193,-203.508824236987,359.64786786061416,25.147434641248985
2026-09-07 13:04:31.551959,1961.7626207525873,-203.52028308020684,359.6590892166506,25.78162357804087
2026-09-07 13:04:31.652402,1962.9202477208987,-203.52717106004073,359.6590892166506,25.75266032985558
2026-09-07 13:04:31.748421,1964.025643940819,-203.53374826243814,359.7772851502126,25.81055251197295
2026-09-07 13:04:31.851597,1965.2161156841576,-203.53837577729385,359.59254923311755,25.81866650904256
2026-09-07 13:04:31.952551,1966.3812949345306,-203.54666192308494,359.63773859346884,25.83983785277019
2026-09-07 13:04:32.052338,1967.5339555492042,-203.55394989478796,359.54840462549583,25.886922722832153
2026-09-07 13:04:32.151538,1968.681910892415,-203.5629980666241,359.6261120264604,25.889523161271665
2026-09-07 13:04:32.249066,1969.8106420341128,-203.570363792219,359.61519807570977,25.928724491130293
2026-09-07 13:04:32.351923,1971.22310515431,-203.5805278132296,359.6267083725718,26.402919376185686
2026-09-07 13:04:32.451671,1972.4004218780444,-203.58819833796875,359.60438360923246,26.375899737283127
2026-09-07 13:04:32.552114,1973.5847253171105,-203.596375856491,359.6718245465172,26.359223927721903
2026-09-07 13:04:32.651957,1974.761218735172,-203.6031145811676,359.78355467374234,26.368820672769886
2026-09-07 13:04:32.752421,1975.9454716380671,-203.60758833521123,359.940949761051,26.374965676572675
2026-09-07 13:04:32.852151,1977.121353999716,-203.608800224806,0.05255343470018779,26.429866646703985
2026-09-07 13:04:32.952780,1978.3103060237218,-203.60770968147787,0.09759731748629687,26.436901042395647
2026-09-07 13:04:33.052698,1979.4911704298647,-203.60569820156084,359.99696466655564,26.181959720030758
2026-09-07 13:04:33.151796,1980.9401638442482,-203.60739465639392,0.15221966697483322,26.84777171618057
2026-09-07 13:04:33.253708,1982.1633101916905,-203.60414507380156,0.015365116621616519,26.90476437902953
2026-09-07 13:04:33.360765,1983.4509388411004,-203.60379976800408,359.9674439114081,26.848636327009576
2026-09-07 13:04:33.452092,1984.5470831625612,-203.60442260926365,0.2536045488232324,26.437656910668196
2026-09-07 13:04:33.550268,1985.707383520136,-203.59928681439618,0.17669928877179766,26.33900242784787
2026-09-07 13:04:33.651362,1986.8977180229206,-203.59561582975036,0.18801229567432803,26.530692122142565
2026-09-07 13:04:33.750843,1988.0775842456,-203.59174416319468,0.19914479849022831,26.70367649399687
2026-09-07 13:04:33.849806,1989.2589589604588,-203.58763800426073,0.1105485136784601,26.752102040368563
2026-09-07 13:04:33.950333,1990.461185222151,-203.5853183832976,0.020552063254840918,26.79426563311194
2026-09-07 13:04:34.050426,1991.6601099599743,-203.5848883275707,0.0989589874962875,26.77240023620954
2026-09-07 13:04:34.149886,1993.2046195195485,-203.58310330658327,0.14347959867106225,27.513071296770423
2026-09-07 13:04:34.249903,1994.4347690922086,-203.5800227701557,0.2442119576867646,27.48248298427322
2026-09-07 13:04:34.350919,1995.6758170797539,-203.57473301589147,0.3233419054271057,27.564572324712554
2026-09-07 13:04:34.450371,1996.9012914948053,-203.5678171236152,0.34560042052138334,27.565441339509885
2026-09-07 13:04:34.548064,1998.1051262580688,-203.56055566649303,0.2800059292560917,27.57312414089511
2026-09-07 13:04:34.649845,1999.3596933395406,-203.55442451650143,0.35973513265911367,27.49041313314133
2026-09-07 13:04:34.750481,2000.5964163957046,-203.54665957146557,0.3372116245845881,27.507120985067335
2026-09-07 13:04:34.850512,2001.8264546288224,-203.53942015551476,0.35959972661768624,27.497506169768368
2026-09-07 13:04:34.949996,2003.0493361368337,-203.53174500677287,0.30393553395089445,27.480120281480968
2026-09-07 13:04:35.044679,2004.2124732497425,-203.52557488362473,0.31453111264549827,27.419724233658066
2026-09-07 13:04:35.156932,2005.5884176328457,-203.51802141862535,0.4903958078164912,27.394221604558883
2026-09-07 13:04:35.250568,2006.7350713792284,-203.5082069449146,0.4380037413078294,27.35822105091715
2026-09-07 13:04:35.356809,2008.034384123875,-203.49827401556925,0.40233678284347757,27.31923088434928
2026-09-07 13:04:35.449211,2009.16284242804,-203.49034973649944,0.40233678284347757,27.29177888760402
2026-09-07 13:04:35.557108,2010.4792091372399,-203.48110592383625,0.390262480651831,27.272922737986537
2026-09-07 13:04:35.656431,2011.690135741333,-203.4728577329059,0.2791142636874194,27.239943009522644
2026-09-07 13:04:35.756207,2012.9051280118224,-203.4669388963275,0.24561771858958362,27.21727501560711
2026-09-07 13:04:35.856456,2014.1248675019158,-203.46171003883444,0.3241468439857729,27.090258059280494
2026-09-07 13:04:35.957897,2015.3533418664822,-203.45475995734458,0.3695541968731681,27.062779822223966
2026-09-07 13:04:36.057959,2016.563881279969,-203.4469519455105,0.45913435764876254,27.056659407244325
2026-09-07 13:04:36.158526,2017.7802412238987,-203.43720455049072,0.3691020973629477,27.023266614513247
2026-09-07 13:04:36.258560,2018.9886749955765,-203.42941965579698,0.3355189371609261,26.979561597903995
2026-09-07 13:04:36.358508,2020.1941214795118,-203.4223605887996,0.3467036999944682,26.924540619635835
2026-09-07 13:04:36.456077,2021.3684742842752,-203.41525435103682,0.2921110055480627,26.912604764483053
2026-09-07 13:04:36.559429,2022.6118871560086,-203.40891500572442,0.22271686409217106,26.857516083939927
2026-09-07 13:04:36.659708,2023.8158662401129,-203.4042349437917,0.16660784579341734,26.882927077293427
2026-09-07 13:04:36.759685,2025.017359124367,-203.40074116629017,0.21135987820263163,26.852350998041572
2026-09-07 13:04:36.859352,2026.2137611259425,-203.3963277080821,0.110980022517918,26.83232044813273
2026-09-07 13:04:36.959787,2027.680658172725,-203.39274490201745,359.9311518470368,27.20476312522051
2026-09-07 13:04:37.059808,2028.8970744192418,-203.394206581269,359.8304154594116,27.197771231318395
2026-09-07 13:04:37.159687,2030.1114470876216,-203.39780090242488,0.009248120723678862,27.174207091014953
2026-09-07 13:04:37.259375,2031.3224526628912,-203.39760543382405,0.15427179589028425,27.263928019231667
2026-09-07 13:04:37.359536,2032.5432171545697,-203.39431845549493,0.24394058607481298,27.303312472035103
2026-09-07 13:04:37.459961,2033.7689607367304,-203.3890997392638,0.19898801843730288,27.339290665051948
2026-09-07 13:04:37.559068,2034.9802150531364,-203.38489304084106,0.1768067183583847,27.312444659591026
2026-09-07 13:04:37.659658,2036.2083884871213,-203.3811030583056,0.2105765374671012,27.29047069263617
2026-09-07 13:04:37.759786,2037.186567392207,-203.3775160531225,0.22178144334812835,26.93756763107386
2026-09-07 13:04:37.859615,2038.3887161983905,-203.37286273256015,0.2552957814712426,26.928844540718412
2026-09-07 13:04:37.959493,2039.5910626600908,-203.3675053395103,0.22176499319268222,26.993427093454187
2026-09-07 13:04:38.060341,2040.8080006454647,-203.36279512186417,0.17662308090881249,26.984614962548676
2026-09-07 13:04:38.160164,2042.0121799644135,-203.35908304155407,0.12076920787820294,26.92966279628559
2026-09-07 13:04:38.259367,2043.2064461637915,-203.35656573927244,0.04305945689137846,26.84644624966784
2026-09-07 13:04:38.360078,2044.4151223761294,-203.3556573835174,0.223381808470817,26.857006441429203
2026-09-07 13:04:38.460267,2045.6179980135464,-203.3509676507137,0.34671086196690737,26.898152813607865
2026-09-07 13:04:38.561191,2046.8315415024906,-203.3436241107822,0.5725905202316854,26.984576777347126
2026-09-07 13:04:38.660291,2048.026943460083,-203.33167735620216,0.5171411867380677,27.12399295794618
2026-09-07 13:04:38.760181,2048.902932888578,-203.32225337279823,0.46124982525797203,26.484032391543053
2026-09-07 13:04:38.869024,2050.191529323277,-203.3118795245752,0.4977903205482596,26.54109681111401
2026-09-07 13:04:38.967712,2051.3624115323582,-203.30170655021806,0.47570279754596634,26.52040067653992
2026-09-07 13:04:39.056898,2052.419735758339,-203.29292782944833,0.5056440947626877,26.518842056226305
2026-09-07 13:04:39.169221,2053.7512711771114,-203.2811765188472,0.45536570537012555,26.47074943762674
2026-09-07 13:04:39.268091,2054.921210772751,-203.27187807503424,0.47749396209066636,26.499259103288647
2026-09-07 13:04:39.817309,2061.1523820666766,-203.21950762280105,0.41603327179258814,25.844945250602013
2026-09-07 13:04:39.917247,2062.307007729165,-203.21112356487245,0.40484962801723967,25.830973066904804
2026-09-07 13:04:40.017296,2063.462292534579,-203.2029602339627,0.3936535626959421,25.81698536446207
2026-09-07 13:04:40.118184,2064.626636174582,-203.19496042598126,0.38236360839220024,25.80288036267252
2026-09-07 13:04:40.217645,2065.773885269412,-203.1873041410059,0.3712333436926872,25.78897486763852
2026-09-07 13:04:40.317959,2066.9303513397417,-203.1798110101402,0.3600076233292588,25.77495011593845
2026-09-07 13:04:40.417956,2068.082537397845,-203.1725713630537,0.348817377110568,25.76096968353866
2026-09-07 13:04:40.518217,2069.23714011321,-203.16554204134718,0.33759758775556575,25.74695234169006
2026-09-07 13:04:40.618140,2070.3872256424756,-203.15876544109815,0.32641562256750767,25.73298225512063
2026-09-07 13:04:40.718199,2071.3077385949327,-203.15370904591742,0.3152184381880165,25.224102789697742
2026-09-07 13:04:40.818827,2072.442421156637,-203.1474664137959,0.30395757939730855,25.210034138122936
2026-09-07 13:04:40.918961,2073.5709048084777,-203.1414796835338,0.2927520020813652,25.196034551956153
2026-09-07 13:04:41.018641,2074.693649317976,-203.13574298589006,0.281597230007412,25.182098438856652
2026-09-07 13:04:41.118838,2075.8215939324004,-203.13019932038463,0.27038460262484887,25.168090044753214
2026-09-07 13:04:41.219046,2076.949035913362,-203.1248787676745,0.2591707442782728,25.154080112756077
2026-09-07 13:04:41.319348,2078.076908325682,-203.11977693419368,0.2479463667846767,25.140057038758226
2026-09-07 13:04:41.419264,2079.199814877744,-203.1149175476873,0.2367651849373542,25.126087930848417
2026-09-07 13:04:41.519409,2080.324670601544,-203.11026924389085,0.22555837665739792,25.11208680678793
2026-09-07 13:04:41.619490,2081.4481819387593,-203.10584625314553,0.21435873034988073,25.098094630472612
2026-09-07 13:04:41.719790,2082.317779921306,-203.1029738895581,0.2031345766679234,24.53926327036906
2026-09-07 13:04:43.727307,2104.340167751177,-203.02489611121916,0.4277874114350415,25.9075196589193
2026-09-07 13:04:43.825713,2105.479844517323,-203.01638678579585,0.4277874114350415,25.930736278936525
2026-09-07 13:04:43.925439,2106.6358437013246,-203.00775559005865,0.5282266891098362,25.909822462499516
2026-09-07 13:04:44.026681,2107.8084523167304,-202.99694465911043,0.5395562580736321,25.94963197688861
2026-09-07 13:04:44.125520,2108.9549856174062,-202.9861473977787,0.5395562580736321,25.98417831222773
2026-09-07 13:04:44.225316,2110.1141612673478,-202.9752310795048,0.5395562580736321,25.98853841563011
2026-09-07 13:04:44.325714,2111.2805251005498,-202.96424706786942,0.5395562580736321,25.99731122538986
2026-09-07 13:04:44.433197,2112.5296197281764,-202.9524839545655,0.49144436534390834,25.981344996486968
2026-09-07 13:04:44.518390,2113.519074506645,-202.9439968739295,0.42470921806186507,25.99251128438906
2026-09-07 13:04:44.625092,2114.7588848462774,-202.934806519444,0.47247151701190343,25.95894612523104
2026-09-07 13:04:44.732421,2116.004361979766,-202.9245358535382,0.4604607773256542,25.940189239661517
2026-09-07 13:04:44.824662,2117.073981948487,-202.91593960700843,0.8320637459396858,25.868454808388588
2026-09-07 13:04:44.932340,2118.3190642383297,-202.8978569370887,0.8079641563052731,25.794124194097922
2026-09-07 13:04:45.023876,2119.374461392837,-202.88297312529116,0.7874773341431265,25.69974253921245
2026-09-07 13:04:45.132920,2120.627129183734,-202.8657552844873,0.6654507524785845,25.575874638689005
2026-09-07 13:04:45.231436,2121.7534298912938,-202.85267349448475,0.5993036702772858,25.632689814624044
2026-09-07 13:04:45.331154,2122.89601975753,-202.84072177168733,0.576985621287108,25.558625989938335
2026-09-07 13:04:45.432870,2122.847888771721,-202.83950485779076,0.5656030089649348,23.95034049406876
2026-09-07 13:04:45.532426,2123.913759055435,-202.82898263384618,0.6213074877266966,23.83899027932288
2026-09-07 13:04:45.640778,2125.06839650249,-202.81646141469497,0.6455579264056087,23.75662013347463
2026-09-07 13:04:45.730289,2126.0189572573254,-202.8057508876163,0.5854571156244113,23.67527653167166
2026-09-07 13:04:45.840722,2127.187696542024,-202.79380811361852,0.5607409249253167,23.6328179779069
2026-09-07 13:04:45.931060,2128.1420550883536,-202.784467722671,0.5304128811968821,23.552301588154304
2026-09-07 13:04:46.041899,2129.0931026960398,-202.7756329632944,0.3567634736259692,23.23009287791349
2026-09-07 13:04:46.148444,2130.199527708499,-202.76874350065563,0.30907145153048987,23.281297529272987
2026-09-07 13:04:46.250053,2131.2570253902322,-202.76303897029547,0.19536506753547458,23.338120744197827
2026-09-07 13:04:46.341045,2132.206346095256,-202.75980199849764,0.08335719006672798,23.357998020280505
2026-09-07 13:04:46.441367,2133.2539032410564,-202.75827795113395,359.903731340307,23.4158547347244
2026-09-07 13:04:46.539516,2134.281308219218,-202.76000420382,359.73897967633934,23.466454854050973
2026-09-07 13:04:46.640738,2135.3431609205736,-202.76484168147707,359.6823430221023,23.49210480637627
2026-09-07 13:04:46.740475,2136.390573873623,-202.77064876613744,359.55957036434006,23.490361796103137
2026-09-07 13:04:46.840649,2137.442483125227,-202.77873489635093,359.4474698288529,23.51399553483457
2026-09-07 13:04:46.941510,2138.5026540543404,-202.78895894058164,359.4023220974664,23.527215435109152
2026-09-07 13:04:47.041722,2139.556587081196,-202.79995338616288,359.5032508511951,23.52546412370525
2026-09-07 13:04:47.141078,2140.601457323788,-202.8090125422356,359.53660639496053,23.50115519721098
2026-09-07 13:04:47.241665,2141.6581854000606,-202.81755927489536,359.6379128308296,23.49763946735459
2026-09-07 13:04:47.341954,2142.7116386055013,-202.82421678039194,359.750142058009,23.55722980742483
2026-09-07 13:04:47.441913,2143.764299225547,-202.828807297977,359.6830260952237,23.579065931918723
2026-09-07 13:04:47.541705,2144.8161692087624,-202.83462655273254,359.6383568731208,23.511923030836048
2026-09-07 13:04:47.642121,2145.8715976720005,-202.84128836136384,359.50351125603675,23.638274140356447
2026-09-07 13:04:47.743227,2146.9399703496574,-202.85054643046155,359.5487686551262,23.625022127812827
2026-09-07 13:04:47.843196,2147.99574319565,-202.85886131254694,359.3138392851555,23.709754766740552
2026-09-07 13:04:47.936021,2148.9795441977585,-202.87064364412348,359.18918739296873,23.756799022427963
2026-09-07 13:04:48.043717,2150.123186981043,-202.88682881341015,359.0927729199931,23.694689647427964
2026-09-07 13:04:48.139268,2151.1351815937023,-202.90285417621962,359.12485105883053,23.651273405313162
2026-09-07 13:04:48.239165,2152.1912758877975,-202.91898645844907,359.2589997264716,23.56485598636016
2026-09-07 13:04:48.338517,2153.23780536985,-202.93252186851586,359.21452745861075,23.575273678289296
2026-09-07 13:04:48.439624,2154.303281047356,-202.94712947710534,359.169269611898,23.454237433280458
2026-09-07 13:04:48.539662,2155.3520674590764,-202.96233687645505,359.07971093703975,23.38430661053529
2026-09-07 13:04:48.640682,2156.4079660762236,-202.97929825705972,358.8988353230894,23.320751056222477
2026-09-07 13:04:48.740695,2157.450439902576,-202.99933597574844,358.8428751395304,23.25608121054312
2026-09-07 13:04:48.840591,2158.4887867435164,-203.02030890480802,358.76462253341384,23.23251305948281
2026-09-07 13:04:48.940518,2159.5263736085926,-203.04268420218818,358.7198928821685,23.15392817683808
2026-09-07 13:04:49.040911,2160.1320541277914,-203.06178579671294,358.64125095570637,22.538955961544353
2026-09-07 13:04:49.140126,2161.1314450136506,-203.08549044019244,358.44140171008326,22.39070855743902
2026-09-07 13:04:49.372623,2163.4577725925797,-203.14878837994897,358.3113128736628,22.071752645705725
2026-09-07 13:04:49.473537,2164.3788714023294,-203.17715642826272,358.1532127796922,21.78663863833752
2026-09-07 13:04:49.570345,2165.321243071864,-203.2075419632622,358.1098792654492,21.62760728767539
2026-09-07 13:04:49.660863,2166.195931645039,-203.23640738779068,358.13013824736316,21.457553206245315
2026-09-07 13:04:49.772641,2167.2675782723236,-203.27139325866068,358.03006937795044,21.32960291446494
2026-09-07 13:04:49.860981,2168.0766012293943,-203.2997620836839,357.96086905737366,21.164773331198965
2026-09-07 13:04:49.962040,2169.032165499143,-203.33378455060046,357.8930145161806,21.07558459284501
2026-09-07 13:04:50.062041,2169.9737008693583,-203.36842403189823,357.7811075777609,21.017913002355346
2026-09-07 13:04:50.161648,2170.9088913560468,-203.40465925053408,357.8034007836592,20.92826497554287
2026-09-07 13:04:50.262326,2171.780069041895,-203.4390917725712,357.8146672377408,20.686614586563792
2026-09-07 13:04:50.361654,2172.6979609174,-203.47411830451674,357.7924364752898,20.590274214337594
2026-09-07 13:04:50.461312,2173.6145997388685,-203.5094531992719,357.83704571587344,20.486647249328872
2026-09-07 13:04:50.561326,2174.5299104361497,-203.54402321848235,357.8034692700206,20.38614580860209
2026-09-07 13:04:50.661535,2175.3831271752033,-203.57730635954397,357.7810413295158,20.091745308360476
2026-09-07 13:04:50.769391,2176.3511432845066,-203.61481457221697,357.79311104356884,20.007867327642867
2026-09-07 13:04:50.860196,2177.085516932048,-203.64369270702528,357.7016565722248,19.665426315659357
2026-09-07 13:04:50.960829,2177.969493317152,-203.67917126694988,357.6566108989456,19.534405488034867
2026-09-07 13:04:51.069024,2178.833455267124,-203.7151273692913,357.6566108989456,19.07359553254487
2026-09-07 13:04:51.160550,2179.6132137195823,-203.74703717216866,357.62588402287696,19.050402575119364
2026-09-07 13:04:51.269271,2180.448386440375,-203.78219845844248,357.6015509977033,18.627030144201928
2026-09-07 13:04:51.359851,2181.2019878350425,-203.81376327931713,357.56100528123227,18.599327960113254
2026-09-07 13:04:51.468607,2182.1054360343005,-203.85224495011497,357.5366644226513,18.590775139056973
2026-09-07 13:04:51.567130,2182.923486329657,-203.88743733146742,357.5146138285694,18.588192447561248
2026-09-07 13:04:51.669212,2183.645491874579,-203.91930238634703,357.434648839605,18.085317834783673
2026-09-07 13:04:51.767449,2184.4389283499827,-203.9548513297345,357.4566354235582,18.096477009927398
2026-09-07 13:04:51.868630,2185.1359033191297,-203.98624861927513,357.4566354235582,17.623023538542913
2026-09-07 13:04:51.968459,2185.9216010550017,-204.02114873562724,357.46780686959926,17.630002010827273
2026-09-07 13:04:52.076957,2186.6558563278863,-204.05390037873906,357.46780686959926,17.1179364837151
2026-09-07 13:04:52.155489,2187.256227984557,-204.08045115724343,357.4502304939871,17.163226684256436
2026-09-07 13:04:52.277772,2188.1935336103857,-204.12219057065926,357.477598852605,17.23588555566615
2026-09-07 13:04:52.367507,2188.8842835531536,-204.1526199490414,357.56797567090865,17.322921470027843
2026-09-07 13:04:52.477480,2189.7351516389886,-204.18875831026827,357.5802822895813,17.437274238725834
2026-09-07 13:04:52.567270,2190.43445488911,-204.2183088841613,357.5903303131018,17.51808679534828
2026-09-07 13:04:52.677645,2191.0265484531874,-204.24307620681685,357.5409238938537,16.59065534392927
2026-09-07 13:04:52.775075,2191.7484907917406,-204.27408027094486,357.5191179258929,16.690262883942466
2026-09-07 13:04:52.876144,2192.501881542477,-204.30672216149267,357.45125667035063,16.80507162938471
2026-09-07 13:04:52.974691,2193.2414873667763,-204.33964447821182,357.41817272200876,16.91529330977125
2026-09-07 13:04:53.075186,2194.000640342662,-204.37387613662742,357.41817272200876,16.99871552345739
2026-09-07 13:04:53.175229,2194.7601059717454,-204.4081218931732,357.44056350978155,17.092252673726378
2026-09-07 13:04:53.276191,2195.1687761181342,-204.42673707254636,357.45186174511593,16.01497455388756
2026-09-07 13:04:53.375170,2195.876699188237,-204.4582415935684,357.42970909292677,16.04438053195999
2026-09-07 13:04:53.475951,2196.598821664574,-204.49065778401288,357.46354303406997,16.03645488317856
2026-09-07 13:04:53.564874,2197.2356804658066,-204.51886965308051,357.40383702701945,16.03723189523285
2026-09-07 13:04:53.677355,2198.0412610228527,-204.55539679231106,357.3786624700843,16.05492342241722
2026-09-07 13:04:53.775030,2198.7415597904815,-204.58745851384606,357.3786624700843,16.040414138083044
2026-09-07 13:04:53.876018,2199.464957371209,-204.62057776646296,357.3560601803129,16.028942464686928
2026-09-07 13:04:53.976577,2200.1847537246813,-204.65381669313112,357.33355390573456,16.019276898895836
2026-09-07 13:04:54.076350,2200.5565885796877,-204.67167383510812,357.36704944368,15.032498296939412
2026-09-07 13:04:54.176100,2201.2262136923214,-204.70246723627315,357.37821204916133,15.03511315313237
2026-09-07 13:04:54.277125,2201.904521955135,-204.7335275118972,357.37821204916133,15.06336146424547
2026-09-07 13:04:54.376932,2202.575911303475,-204.76427096491662,357.4452259538394,15.071210515434961
2026-09-07 13:04:54.476893,2203.2487225427817,-204.79429099033686,357.4340397362302,15.093920539286295
2026-09-07 13:04:54.576359,2203.9192050174433,-204.8243382733757,357.467432208916,15.160844098279895
2026-09-07 13:04:54.677047,2204.600951778503,-204.85449224338862,357.5125025014755,15.234748558730862
2026-09-07 13:04:54.777407,2205.2838137164113,-204.88415734966742,357.52373336950666,15.239133303384584
2026-09-07 13:04:54.877846,2205.967415678722,-204.91372035591485,357.5349730780975,15.286525822090963
2026-09-07 13:04:54.972417,2206.6130864162046,-204.9415160938804,357.57730525906885,15.309664027005512
2026-09-07 13:04:55.072395,2207.2967274590947,-204.970440412076,357.6444339791176,15.348976522112215
2026-09-07 13:04:55.173922,2207.992777122727,-204.9990728058799,357.6444339791176,15.363170861544928
2026-09-07 13:04:55.275323,2208.6886058445057,-205.02769611111657,357.63308661712847,15.373803404214486
2026-09-07 13:04:55.374727,2209.371197366343,-205.0559103130095,357.6442105031963,15.339928184715115
2026-09-07 13:04:55.726157,2211.779113418369,-205.15497069976377,357.6835375652945,15.36449463850001
2026-09-07 13:04:55.820437,2212.4261505405716,-205.1811446062747,357.6307851620475,15.356256421561929
2026-09-07 13:04:55.908371,2212.851052942912,-205.1984984243499,357.61110450940805,15.031427631899238
2026-09-07 13:04:56.022070,2213.614406374309,-205.2303442080724,357.54748661063013,15.04732372061613
2026-09-07 13:04:56.120525,2214.2760824654806,-205.25868418884755,357.51443354829445,15.05248553849037
2026-09-07 13:04:56.219787,2214.9433943176173,-205.28765123042996,357.50332555285297,15.04207728363622
2026-09-07 13:04:56.321681,2215.627920970288,-205.31749850270265,357.526130615969,15.03851587134649
2026-09-07 13:04:56.419988,2216.2882051010715,-205.34602542971447,357.537131741353,15.033361812845014
2026-09-07 13:04:56.521281,2216.968317318302,-205.37527818151992,357.537131741353,14.973174909827385
2026-09-07 13:04:56.621834,2217.640757973745,-205.4042009667592,357.59339407062424,14.959995379262446
2026-09-07 13:04:56.723181,2218.3179401560124,-205.43266152286967,357.6160767087739,14.975935699899301
2026-09-07 13:04:56.819131,2218.9597543290647,-205.45938110495877,357.60533934540615,14.966713143612392
2026-09-07 13:04:56.923086,2219.6546806787783,-205.48844227552783,357.53554032869584,14.96943823008396
2026-09-07 13:04:57.023400,2220.325354823869,-205.51730774295484,357.513088887969,14.947524555552597
2026-09-07 13:04:57.124435,2220.999849113415,-205.54660242313045,357.54700810134653,14.928984766397823
2026-09-07 13:04:57.223447,2221.660035179943,-205.57488410896494,357.5248480633733,14.878804902739091
2026-09-07 13:04:57.319283,2222.296886049154,-205.60241290731918,357.51412345726897,14.869593303944798
2026-09-07 13:04:57.418705,2222.9571522739516,-205.6310776885845,357.5363752580141,14.89391837832293
2026-09-07 13:04:57.520066,2223.631407997912,-205.6600874616809,357.570403915283,14.877090160000744
2026-09-07 13:04:57.619896,2224.2947459915713,-205.6882328170055,357.62626170501727,14.881451748868631
2026-09-07 13:04:57.716737,2224.93843801965,-205.71491595544003,357.62626170501727,14.892452346200526
2026-09-07 13:04:57.820933,2225.6315299314406,-205.7436468805151,357.5796211500005,14.841466136912766
2026-09-07 13:04:57.920781,2225.5380889524263,-205.7394562152813,357.5796211500005,13.756454037407169
2026-09-07 13:04:58.020335,2225.7429047889514,-205.74799147775548,357.5796211500005,13.132272017291482
2026-09-07 13:04:58.120796,2226.065041964864,-205.76153284467867,357.5796211500005,12.66399938981384
2026-09-07 13:04:58.221051,2226.883862137476,-205.79620883930033,357.6357167396009,13.152364139736857
2026-09-07 13:04:58.319850,2227.4642694865133,-205.82017267733414,357.7131100209306,13.13509796249321
2026-09-07 13:04:58.420404,2228.0542436877668,-205.84373327872916,357.7806254874911,13.143884403583495
2026-09-07 13:04:58.520347,2228.641052464819,-205.86647492230074,357.8029938941,13.167463643206906
2026-09-07 13:04:58.620658,2229.2310873832516,-205.88911090075544,357.8366700480379,13.180611454714265
2026-09-07 13:04:58.720513,2229.8190397159483,-205.91132090774684,357.84784440363023,13.197189642977621
2026-09-07 13:04:58.820899,2230.4890080084,-205.93673008595934,357.8590781812126,13.440887749954268
2026-09-07 13:04:58.920745,2231.088525352664,-205.9591421636008,357.8590781812126,13.350152161416329
2026-09-07 13:04:59.020783,2231.68514059296,-205.98144575033692,357.8814678499272,13.260116227131924
2026-09-07 13:04:59.113700,2232.235557731296,-206.0018069028561,357.8190801318215,13.215461080570654
2026-09-07 13:04:59.220828,2232.8515664203564,-206.0252463436252,357.8550448716712,13.06091895321643
2026-09-07 13:04:59.320740,2233.434519189951,-206.04708027305435,357.9221292770155,13.030362752988262
2026-09-07 13:04:59.423324,2234.0316876544357,-206.0687464961106,357.97952800988236,13.090420368078634
2026-09-07 13:04:59.521483,2234.605751261134,-206.08899860670616,357.880666939978,13.025233912448265
2026-09-07 13:04:59.621428,2235.107348633192,-206.1074766987554,357.9030357942102,12.71461753011577
2026-09-07 13:04:59.848740,2236.297515447464,-206.15094677442391,357.6995355093246,12.351133062189502
2026-09-07 13:04:59.937950,2236.7896870727786,-206.17071842532027,357.6695861548889,12.316834187927691
2026-09-07 13:05:00.035745,2237.2287364182043,-206.18881206234593,357.6805299844934,11.876223304464808
2026-09-07 13:05:00.139318,2237.7781701663803,-206.21106661131225,357.75007251306573,11.878938377151258
2026-09-07 13:05:00.240641,2238.31581703537,-206.23219013283537,357.70471797972505,11.909926105109047
2026-09-07 13:05:00.347603,2238.884848642717,-206.2549978711499,357.6089606177207,11.85665177213549
2026-09-07 13:05:00.439280,2239.2465175259063,-206.27038409358212,357.6192198075223,11.264816163402713
2026-09-07 13:05:00.547894,2239.793006325426,-206.29310512207041,357.59491073019404,11.289492052305272
2026-09-07 13:05:00.646921,2240.1672181979006,-206.3090521325983,357.58382903262014,10.733163581167004
2026-09-07 13:05:00.746825,2240.6461467598747,-206.32926059693386,357.58382903262014,10.737528403106875
2026-09-07 13:05:00.846501,2241.0054913786134,-206.34459139443254,357.62844633042283,10.208102997716258
2026-09-07 13:05:00.846501,2241.436016277081,-206.36214733592234,357.62844633042283,12.157002144469285
2026-09-07 13:05:00.944860,2241.9701067716483,-206.38426673331884,357.5513977190168,12.168175178132381
2026-09-07 13:05:01.054772,2242.9188271649646,-206.4243091577386,357.47759896451083,14.09135831437454
2026-09-07 13:05:01.144665,2243.484550537035,-206.44923078091622,357.3267057172129,14.175405524565463
2026-09-07 13:05:01.260581,2244.2183077312984,-206.4834911324988,357.20996064259896,14.108555592232785
2026-09-07 13:05:01.344553,2244.747298780477,-206.5092709288882,357.144181954355,14.096081841282087
2026-09-07 13:05:01.454956,2245.44214064132,-206.5439329381085,357.04534404895526,14.045917181799714
2026-09-07 13:05:01.544356,2246.002744766516,-206.57286809141044,356.9953221477007,13.994359295480816
2026-09-07 13:05:01.665372,2246.758784716741,-206.6125523621199,357.0224069369724,13.881213030605188
2026-09-07 13:05:01.755997,2247.320395059508,-206.6417648826075,356.99198254233346,13.845578242261304
2026-09-07 13:05:01.855129,2247.933129889682,-206.6739629310887,356.88104806548404,13.822190339333154
2026-09-07 13:05:01.953049,2248.537288366201,-206.70688341403425,356.8372167941565,13.772563907693927
2026-09-07 13:05:02.094588,2249.407400625195,-206.75496330929488,356.6313093031907,13.779984541893327
2026-09-07 13:05:02.143456,2249.707917322872,-206.77265249913683,356.6203720760295,13.732586413370152
2026-09-07 13:05:02.280708,2250.549044076077,-206.82232451599376,356.48213839835853,13.612655171199428
2026-09-07 13:05:02.359110,2251.0252527089756,-206.8515996969857,356.4470438381602,13.568125022191511
2026-09-07 13:05:02.460057,2251.6363693330877,-206.88954416637512,356.3905610544248,13.524903192559377
2026-09-07 13:05:02.560035,2252.239654516945,-206.92759943301562,356.17798677427044,13.439289314327004
2026-09-07 13:05:02.657143,2254.3058416801887,-207.0499467193993,356.15625287365737,16.807475593845226
2026-09-07 13:05:02.758278,2255.064021707006,-207.1008864589248,356.20152325382185,16.731475595942353
2026-09-07 13:05:02.859202,2255.8172384913464,-207.15089494936817,356.40481494626016,16.658279789918282
2026-09-07 13:05:02.958615,2256.556101941209,-207.19731796039648,356.4493145191409,16.56967504048311
2026-09-07 13:05:03.056593,2257.2804619644776,-207.24226493896796,356.5589576028349,16.496903570788003
2026-09-07 13:05:03.156190,2258.0136432590816,-207.28635100640045,356.4475027639254,16.47775737092334
2026-09-07 13:05:03.256748,2258.7529519152567,-207.3322490245113,356.2787073831751,16.44788228284397
2026-09-07 13:05:03.356196,2259.4826375218563,-207.3797079868845,356.06725999462174,16.301024689004493
2026-09-07 13:05:03.458518,2260.226523631511,-207.4308481184807,355.9298548676373,16.21966223052762
2026-09-07 13:05:03.558668,2260.950863562368,-207.48239009645238,355.60484120117474,16.184657672769927
2026-09-07 13:05:03.667669,2261.73718722196,-207.54282757132157,355.6414347398234,15.95225883122331
2026-09-07 13:05:03.758433,2262.382580425945,-207.59201840388684,355.5500215617267,15.765087521049722
2026-09-07 13:05:03.868629,2263.1568593216016,-207.65227535693458,355.40204267768235,15.64183680523011
2026-09-07 13:05:03.958746,2263.784976878488,-207.70278995741424,355.4222119111292,15.477260744852403
2026-09-07 13:05:04.067606,2264.535771501676,-207.76290452213573,355.4587581136162,15.20616241612343
2026-09-07 13:05:04.158621,2265.1525275454965,-207.81189099577747,355.53005387066054,15.06380514489211
2026-09-07 13:05:04.266510,2267.120686123282,-207.95475114235123,355.4455400220449,17.040559042896025
2026-09-07 13:05:04.357661,2267.81286465016,-208.009888818488,355.38433805800116,16.86851927855726
2026-09-07 13:05:04.467402,2268.6377270710113,-208.0764826158633,355.3106541188659,16.66331031026024
2026-09-07 13:05:04.557900,2269.3096051232333,-208.13159526900947,355.15874532625725,16.552601886517397
2026-09-07 13:05:04.666024,2270.1068331849365,-208.1991184905447,355.1708450310699,16.534650857247087
2026-09-07 13:05:04.758043,2270.7845909466387,-208.256378723825,355.2120348774372,16.467109397031
2026-09-07 13:05:04.866694,2271.83750598729,-208.34222917807634,355.2485109149755,17.005776666884096
2026-09-07 13:05:04.964330,2272.577209610208,-208.4037131665613,355.1829546955004,17.0279584766774
2026-09-07 13:05:05.056974,2273.2799413784887,-208.46293374166822,355.06891326548225,17.034434686859935
2026-09-07 13:05:05.165543,2274.1036423098717,-208.5340000393257,354.8623717161439,17.037280725175858
2026-09-07 13:05:05.264412,2274.822342547946,-208.5989838683451,354.840243683235,16.87647194562855
2026-09-07 13:05:05.365572,2275.58244730179,-208.66762054644238,354.80628250517515,16.83581073522232
2026-09-07 13:05:05.484857,2276.4765337539525,-208.7488899398456,354.5793548489121,16.785779557922748
2026-09-07 13:05:05.566391,2277.085621867151,-208.80668715701253,354.3968722673957,16.85488689101934
2026-09-07 13:05:05.655797,2277.7560602825943,-208.87246116917683,354.29682175053733,16.84004347306457
2026-09-07 13:05:05.785029,2278.7241254373757,-208.96914115209074,354.41251625331915,16.73276629988096
2026-09-07 13:05:05.886673,2279.3911811028656,-209.03535633413682,354.4352653635255,16.415615954781956
2026-09-07 13:05:05.981423,2280.0832211660413,-209.1027814380681,354.3928530579875,16.477710597459346
2026-09-07 13:05:06.079073,2280.799088445184,-209.17306299369315,354.4256358677694,16.52208057833354
2026-09-07 13:05:06.178455,2281.5296556721237,-209.24436573054504,354.25881450567266,16.592421232273903
2026-09-07 13:05:06.276371,2282.0603185611576,-209.29947007513758,354.0067949908749,16.112473374308635
2026-09-07 13:05:06.377655,2282.7858716594546,-209.3756417822676,353.8707837627764,16.116898488672
2026-09-07 13:05:06.479750,2283.5172508796663,-209.45418089743742,353.9050588366595,16.124927473424485
2026-09-07 13:05:06.579017,2284.228770958349,-209.53015691868293,353.99392727642396,16.14314283691265
2026-09-07 13:05:06.694016,2285.054120750594,-209.6169931227865,354.12261784963147,16.17730824646772
2026-09-07 13:05:06.777037,2285.651364530933,-209.6784739900245,354.3084285102157,16.167877524035166
2026-09-07 13:05:06.878891,2286.1552827479945,-209.72900792538059,354.47939934009435,15.537157788451696
2026-09-07 13:05:06.978832,2286.8462262950725,-209.79578896220028,354.3899275041519,15.614880393322066
2026-09-07 13:05:07.078270,2287.537026183268,-209.86364509448538,354.3009059772266,15.683522898047594
2026-09-07 13:05:07.178766,2288.2381372192767,-209.93361408265363,354.16595293055593,15.722160939386177
2026-09-07 13:05:07.279579,2288.9430248326844,-210.0056371705641,354.04185575551577,15.745064528131032
2026-09-07 13:05:07.375928,2289.6175305233814,-210.07603242987307,354.04185575551577,15.75853493905623
2026-09-07 13:05:07.475543,2290.0478043587686,-210.12209005537377,354.10874074468995,15.011488017729466
2026-09-07 13:05:07.574337,2290.7072832323274,-210.19013888802934,354.19718573283393,15.079685966319078
2026-09-07 13:05:07.675528,2291.385938793331,-210.259107884514,354.23115731813493,15.13892805210838
2026-09-07 13:05:07.797917,2292.2100367356875,-210.34236395939394,354.39550981404494,15.25442746910686
2026-09-07 13:05:07.876987,2292.7466643549296,-210.39502321685833,354.4486001728664,15.389156132229846
2026-09-07 13:05:07.981896,2293.4650079508892,-210.46484229249955,354.40164046245286,15.529410962963674
2026-09-07 13:05:08.078677,2294.1336828424787,-210.5303871097107,354.35831903403835,15.624126620399249
2026-09-07 13:05:08.193327,2294.9305894426575,-210.6091098260706,354.37114903622813,15.720300900105764
2026-09-07 13:05:08.277387,2295.518481308005,-210.66705201786337,354.43699665845685,15.826806155507963
2026-09-07 13:05:08.381092,2296.248760779679,-210.7381804913951,354.27452395650045,15.743437811791518
2026-09-07 13:05:08.480349,2296.9438413029266,-210.80787090510847,354.352276007887,15.833638143417323
2026-09-07 13:05:08.579993,2297.645724678454,-210.87728146802368,354.3299745209581,15.952923015856031
2026-09-07 13:05:08.679234,2298.3500085428814,-210.9472062428431,354.3966083934736,16.02229670165596
2026-09-07 13:05:08.780678,2299.0731401133253,-211.0181531305923,354.41931274135226,16.0719362752959
2026-09-07 13:05:08.879180,2299.777502712832,-211.0869767925217,354.41931274135226,16.133907659288386
2026-09-07 13:05:08.978210,2300.488371397894,-211.15643616769464,354.48580494110047,16.18928860953892
2026-09-07 13:05:09.092675,2301.312950770313,-211.2360403196065,354.5626607387797,16.284307502912558
2026-09-07 13:05:09.189660,2302.0157992316267,-211.30294122312912,354.6060734823428,16.36820585198367
2026-09-07 13:05:09.293356,2302.771208157409,-211.37426760077815,354.74532371247693,16.39810711920808
2026-09-07 13:05:09.379045,2303.3967209422135,-211.43179563504285,354.6973782237006,16.39361459966285
2026-09-07 13:05:09.488908,2304.1984174559393,-211.50620377241472,354.6604952966031,16.37441487061176
2026-09-07 13:05:09.579144,2304.8560804524795,-211.5676707057825,354.5090262938645,16.358645168795366
2026-09-07 13:05:09.688092,2305.6491577885618,-211.64390927088766,354.5090262938645,16.29676574385576
2026-09-07 13:05:09.786881,2306.3655633635167,-211.71277737565245,354.4869161658867,16.251015005317264
2026-09-07 13:05:09.877803,2307.023042949488,-211.77623699395699,354.4258679604388,16.254192922841423
2026-09-07 13:05:09.989114,2307.828034614994,-211.8548002004888,354.376042565803,16.08787163273036
2026-09-07 13:05:10.089246,2308.5447097680835,-211.92537337482,354.3872479193073,15.94175387061735
2026-09-07 13:05:10.190790,2309.2649039141616,-211.9961508633984,354.31906773217986,15.845926036419065
2026-09-07 13:05:10.292534,2309.982094455782,-212.0674949491063,354.2962962408096,15.753465630191435
2026-09-07 13:05:10.393548,2310.689956449642,-212.13819518339685,354.21716785975076,15.684617869085047
2026-09-07 13:05:10.494744,2310.1945350488595,-212.09238247134067,354.2624655449352,14.122111989596464
2026-09-07 13:05:10.593294,2310.813579033256,-212.1545808780416,354.14115404145633,14.127278788149166
2026-09-07 13:05:10.692372,2311.4360335205574,-212.2184534583264,354.1078918271443,14.09524615754005
2026-09-07 13:05:10.793313,2312.068716538389,-212.28374681399796,354.08530005651994,14.038796510975983
2026-09-07 13:05:10.893102,2312.6916486988293,-212.34828212270017,353.9847973282455,14.018741442148249
2026-09-07 13:05:10.993653,2313.3183260892065,-212.4143166926471,353.8497704237341,14.045099978996184
2026-09-07 13:05:11.094411,2313.947316338285,-212.4820941268212,353.793393390998,13.99755693894384
2026-09-07 13:05:11.192569,2314.5579366168868,-212.54849995756297,353.7274866824967,13.976114244358344
2026-09-07 13:05:11.293646,2315.1856732095607,-212.61749792219933,353.5465090104391,14.009676380157154
2026-09-07 13:05:11.394478,2315.8131709571985,-212.6884763330802,353.50137426012765,14.001746720618858
2026-09-07 13:05:11.492874,2316.4251076757996,-212.7581828473381,353.3912634101087,14.055913329031974
2026-09-07 13:05:11.592678,2317.0480645526804,-212.83035768046324,353.21256503577985,14.056785419616709
2026-09-07 13:05:11.703551,2317.739901430101,-212.9127003595447,353.0760843627691,14.050003736559825
2026-09-07 13:05:11.793058,2318.2979872109754,-212.98047253176605,353.0760843627691,14.053914311885858
2026-09-07 13:05:11.902817,2318.98253687161,-213.06360207758948,352.97782299615073,14.192021500280633
2026-09-07 13:05:12.016005,2319.695260353917,-213.15139355771973,352.9144910167413,14.2681776118702
2026-09-07 13:05:12.090858,2320.1690600072257,-213.21028673744237,352.85585561266464,14.299572872920665
2026-09-07 13:05:12.213256,2320.9454124641866,-213.307594038427,352.65039988549154,14.38406477031799
2026-09-07 13:05:12.300034,2321.498832375848,-213.37897576778064,352.5435792903735,14.408329377511977
2026-09-07 13:05:12.392308,2322.088152519823,-213.4561052750089,352.38868932673705,14.44380627834859
2026-09-07 13:05:12.493144,2322.7335099334105,-213.54234400911298,352.2532797043234,14.405037516045441
2026-09-07 13:05:12.601470,2323.4247226971165,-213.63637363903092,352.1320566064419,14.428701418464687
2026-09-07 13:05:12.692041,2323.893850569617,-213.703720002418,352.0408378087534,14.345491213144443
2026-09-07 13:05:12.810337,2324.6451759065144,-213.8087658594439,351.9216957114887,14.310346287634422
2026-09-07 13:05:12.890034,2325.1499620756854,-213.8804125657426,351.83251013063216,14.36675427999808
2026-09-07 13:05:12.999360,2325.8449879387695,-213.98016480252403,351.74687062137957,14.404966045164509
2026-09-07 13:05:13.099606,2326.483846138733,-214.07283046004477,351.6571257352379,14.482925843924129
2026-09-07 13:05:13.191511,2327.0725832522835,-214.159167891833,351.58513280493895,14.47248594865469
2026-09-07 13:05:13.301247,2327.774907809723,-214.26306438066442,351.6096929989259,14.518512031331854
2026-09-07 13:05:13.400415,2328.411654584852,-214.3569808962248,351.5431081411592,14.490782969055548
2026-09-07 13:05:13.490849,2328.9911125575372,-214.44313581080408,351.452027323346,14.395166927286354
2026-09-07 13:05:13.599898,2329.685071113581,-214.54744270264524,351.39101123486824,14.042603660436631
2026-09-07 13:05:13.698460,2330.291556835814,-214.63937442745248,351.4351298803399,13.704627784699099
2026-09-07 13:05:13.797493,2330.8915178785255,-214.72973377007398,351.46837698736636,13.38531232040899
2026-09-07 13:05:13.899065,2331.464568678016,-214.8161839307737,351.3774450042929,13.058989098571807
2026-09-07 13:05:13.999767,2332.0458112940337,-214.90432267045153,351.34363758482885,12.746611343644956
2026-09-07 13:05:14.099591,2332.5935639632435,-214.98795672014583,351.3548084713408,12.448116841099543
2026-09-07 13:05:14.207387,2333.18661223157,-215.0781253555473,351.37893447074856,12.206042131621643
2026-09-07 13:05:14.295874,2333.6323399488892,-215.14612078188026,351.3888366809864,11.942810708386538
2026-09-07 13:05:14.407819,2334.2232673489657,-215.23560791989004,351.28861830539904,11.778476630339831
2026-09-07 13:05:14.514549,2334.7138971939503,-215.31153766107292,351.181124932495,11.55954656474524
2026-09-07 13:05:14.611394,2335.208435044087,-215.38826299469162,351.19196245157104,11.631476518230947
2026-09-07 13:05:14.715638,2335.637255338549,-215.455778348226,351.2619555129721,11.308100937153814
2026-09-07 13:05:14.809361,2336.1055422344743,-215.52775456939665,351.36683700405234,11.420297718691817
2026-09-07 13:05:14.912353,2336.6253927877956,-215.60668237414467,351.3898878123477,11.606586837115225
2026-09-07 13:05:15.016510,2337.159732032566,-215.6875900527322,351.34326471463874,11.78952241230145
2026-09-07 13:05:15.127060,2337.7357358833915,-215.775285947251,351.34326471463874,11.947944687153813
2026-09-07 13:05:15.213029,2338.18968325511,-215.8443988894132,351.3625055774081,11.937427888461302
2026-09-07 13:05:15.317089,2338.738702021515,-215.92779770373636,351.3392157382826,11.926516532654215
2026-09-07 13:05:15.409951,2339.228162241821,-216.0023528257523,351.3599993346777,11.915156496359923
2026-09-07 13:05:15.510730,2339.758874985621,-216.0829946101309,351.4389436306637,11.916917716692556
2026-09-07 13:05:15.610353,2340.283687014216,-216.16200013386913,351.3720532700102,11.929975351705643
2026-09-07 13:05:15.710210,2340.4154811838107,-216.18253590990216,351.40557700822217,10.772129243917616
2026-09-07 13:05:15.810553,2340.8932642040118,-216.25474622904198,351.38311907695777,10.763361240075678
2026-09-07 13:05:15.913120,2341.381210338983,-216.3286882009899,351.4175526094811,10.749021499783984
2026-09-07 13:05:16.012018,2341.851117674672,-216.399607761576,351.36221630086504,10.728281325526646
2026-09-07 13:05:16.112009,2342.325232285289,-216.4716306928923,351.3845954504326,10.726533876333061
2026-09-07 13:05:16.213781,2342.8077416277015,-216.54473607017658,351.27070665995205,10.757658922469872
2026-09-07 13:05:16.307109,2343.2513666835503,-216.61285238212105,351.22893087471454,10.701389209468799
2026-09-07 13:05:16.409336,2343.7346962625147,-216.68742587285726,351.1831716899311,10.697816158119924
2026-09-07 13:05:16.512634,2344.2228661472755,-216.763145386776,351.1947313372595,10.709550234628738
2026-09-07 13:05:16.608460,2344.676235454115,-216.83337335317026,351.23762528544404,10.768163383060646
2026-09-07 13:05:16.710212,2345.160332410547,-216.9079900366516,351.203465362649,10.770830719876145
2026-09-07 13:05:16.812896,2345.6489394850587,-216.98360014828788,351.1804834883384,10.795056635062704
2026-09-07 13:05:16.912394,2346.1234218287286,-217.0572193997056,351.1136770570494,10.80635905277141
2026-09-07 13:05:17.012136,2346.5994792877495,-217.1316515864765,351.15832389798845,10.808973699251592
2026-09-07 13:05:17.115246,2347.091790733039,-217.20823214837182,351.18140111605715,10.829696205207433
2026-09-07 13:05:17.223338,2347.608911150768,-217.2884585135809,351.13301662075145,10.838196807782147
2026-09-07 13:05:17.312706,2348.0367339005097,-217.35520121323518,351.0730118251633,10.863185623100687
2026-09-07 13:05:17.414208,2348.523685059071,-217.43169074154233,351.17523980545474,10.882698033902853
2026-09-07 13:05:17.527263,2349.067186830938,-217.5160697787703,351.18789131786264,10.948885876783244
2026-09-07 13:05:17.622698,2349.5287882074063,-217.5876293416864,351.18789131786264,11.011429435874714
2026-09-07 13:05:17.722534,2350.0144348165354,-217.662916506874,351.32195807044394,11.052430835357981
2026-09-07 13:05:17.824998,2350.5149012104794,-217.73930234802725,351.21876120956847,11.10256952540809
2026-09-07 13:05:17.909450,2350.929147987762,-217.80329225061158,351.199859869055,11.209571450571383
2026-09-07 13:05:18.010223,2351.1207327569628,-217.83314311186479,351.1885827839205,10.762264637301099
2026-09-07 13:05:18.110993,2351.5998317148947,-217.90740930924483,351.1885827839205,10.749056664440728
2026-09-07 13:05:18.211529,2352.077231539588,-217.98141212019416,351.1773322204652,10.73412238842516
2026-09-07 13:05:18.310693,2352.547447810049,-218.05439594525333,351.2106233064787,10.77744730062541
2026-09-07 13:05:18.411399,2353.1417606349773,-218.14625954715868,351.18808413158945,11.022546898895195
2026-09-07 13:05:18.520326,2353.6721651508046,-218.22848346053246,351.23684239233177,11.093932472962951
2026-09-07 13:05:18.609479,2354.1091519589763,-218.29584489535932,351.2468191318453,11.187415089171793
2026-09-07 13:05:18.710750,2354.6097317904464,-218.37291994958258,351.21282068914763,11.20068872834558
2026-09-07 13:05:18.804184,2355.072079179967,-218.44438917500224,351.1919090724952,11.212935168121662
2026-09-07 13:05:18.910071,2355.596592067506,-218.52566390500004,351.1326622150215,11.184252603012837
2026-09-07 13:05:19.009855,2356.2456371726107,-218.6266989718479,351.0768301636257,11.493173205148713
2026-09-07 13:05:19.110765,2356.7578286011503,-218.7071182267914,351.0768301636257,11.442031423932267
2026-09-07 13:05:19.210257,2357.260575552618,-218.7860546029378,351.1547663000851,11.414211765736134
2026-09-07 13:05:19.309686,2357.761889153205,-218.86406735877515,351.1547663000851,11.362951750203408
2026-09-07 13:05:19.410458,2358.2676923041295,-218.94277876350975,351.18859721977117,11.292507830196248
2026-09-07 13:05:19.517446,2358.801415142763,-219.02551219268955,351.18859721977117,11.212109473785189
2026-09-07 13:05:19.609241,2359.2560855341985,-219.09599154621748,351.1680524303946,11.105429151904037
2026-09-07 13:05:19.719476,2359.7968660079787,-219.1800175737199,351.1557164923973,10.955164179809817
2026-09-07 13:05:19.809295,2360.2315150399286,-219.24764882826963,351.1557164923973,10.818601788161418
2026-09-07 13:05:19.916997,2360.746205969025,-219.32773457718758,351.1557164923973,10.685906185558743
2026-09-07 13:05:20.017329,2361.219795874878,-219.40142501963777,351.1444887577291,10.565797701139005
2026-09-07 13:05:20.117268,2361.6862142488226,-219.4740931894892,351.1109374906856,10.553571918071494
2026-09-07 13:05:20.215998,2362.1464149460903,-219.54606869379597,351.12198595223117,10.53459238743665
2026-09-07 13:05:20.316022,2362.611822797247,-219.6187666602363,351.01005327547307,10.538962452195955
2026-09-07 13:05:20.417582,2363.0844284625355,-219.69353504147705,350.9532275004013,10.535412713917502
2026-09-07 13:05:20.517500,2363.549163372408,-219.7675307663747,350.8861390664475,10.535412713917502
2026-09-07 13:05:20.618486,2364.018777833713,-219.84286734386683,350.8409353821514,10.552178673758903
2026-09-07 13:05:20.717568,2364.4802128345955,-219.91726522132865,350.89637464412124,10.573823216892627
2026-09-07 13:05:20.819161,2364.9543860384592,-219.99324623630196,350.87363694830844,10.556068758398979
2026-09-07 13:05:20.919177,2365.4203852881724,-220.06810715662746,350.8288674585914,10.553446929256173
2026-09-07 13:05:21.020914,2365.8942257385097,-220.14460758440845,350.84025242093577,10.552557948054826
2026-09-07 13:05:21.122200,2366.3659410402142,-220.22066873962945,350.8629214065755,10.551672907706088
2026-09-07 13:05:21.221676,2366.829217361464,-220.29518111365581,350.8629214065755,10.549065234175755
2026-09-07 13:05:21.319973,2367.2868897488856,-220.36879216293434,350.91792143820436,10.56366691446443
2026-09-07 13:05:21.424647,2368.1051324588734,-220.49906661356525,350.90620780846854,11.038032768296949
2026-09-07 13:05:21.523419,2368.586391211421,-220.5760982968448,350.92831413164845,11.050978862326566
2026-09-07 13:05:21.625361,2369.0837087777436,-220.65550361788735,350.9511299377232,11.038508047354753
2026-09-07 13:05:21.723278,2369.5608818822448,-220.73149768104133,350.9511299377232,11.034230037766683
2026-09-07 13:05:21.822558,2370.044509709548,-220.8085197162408,350.96223994746936,11.040302620757021
2026-09-07 13:05:21.921554,2370.527034362911,-220.88527012647393,350.9400834904824,11.03770752999333
2026-09-07 13:05:22.022005,2371.0165057202844,-220.96331956086476,350.89511928463963,11.042096250451792
2026-09-07 13:05:22.122717,2371.5073824014553,-221.04198815483548,350.9063895435192,11.039456176297353
2026-09-07 13:05:22.223819,2372.0000576693674,-221.1208455962094,350.9177034456683,10.997051413859987
2026-09-07 13:05:22.322943,2372.4812538005567,-221.19776824018479,350.995351312737,10.976263844514962
2026-09-07 13:05:22.420991,2372.956429263337,-221.27306816086838,350.995351312737,10.965982885316679
2026-09-07 13:05:22.520014,2373.4358804219432,-221.3490456408574,351.0618388124408,10.88724366280583
2026-09-07 13:05:22.622209,2373.92722693979,-221.42632376791826,351.0389663820215,10.814912021971116
2026-09-07 13:05:22.720622,2374.397216759345,-221.50043522325288,351.08301833162477,10.764175799052028
2026-09-07 13:05:22.821439,2374.8030279534846,-221.56398401633845,351.17327440354927,10.653350541231013
2026-09-07 13:05:22.920030,2375.2670042425966,-221.6360329650751,351.2063731234593,10.630090274741997
2026-09-07 13:05:23.021850,2375.7451730343487,-221.7100029436365,351.25195012556884,10.589163777672383
2026-09-07 13:05:23.129755,2376.250029262379,-221.78769015882918,351.37270209995086,10.649507930320915
2026-09-07 13:05:23.219721,2376.673489165034,-221.8519388298131,351.46331157045296,10.708467366976473
2026-09-07 13:05:23.321138,2377.153605040719,-221.92400695952344,351.47466072293514,10.807720090446407
2026-09-07 13:05:23.429643,2377.672052479561,-222.0017238704988,351.5717994503737,10.877880985584426
2026-09-07 13:05:23.521591,2378.114352764592,-222.06725955423877,351.592378482931,10.927694550925334
2026-09-07 13:05:23.629863,2378.6375897313865,-222.14459558763664,351.6166110166788,10.965537920646165
2026-09-07 13:05:23.729235,2379.1195095575763,-222.2156165589398,351.66109223700516,10.984640867250494
2026-09-07 13:05:23.829336,2379.6058659793403,-222.28690561938063,351.6498903525812,11.02924984204861
2026-09-07 13:05:23.928573,2380.089968699831,-222.35796102029192,351.6832059459692,11.119431998567043
2026-09-07 13:05:24.018051,2380.530071147127,-222.4222967740394,351.78333703501744,11.175726038250293
2026-09-07 13:05:24.119930,2381.0338333805403,-222.49503957530527,351.85174215284184,11.410744646764073
2026-09-07 13:05:24.219533,2381.396713786083,-222.54581139042116,351.8963267741453,11.311093928695154
2026-09-07 13:05:24.313944,2381.869337164333,-222.61310657186058,351.98084789663915,11.538784648485331
2026-09-07 13:05:24.419151,2382.4236986953556,-222.69136551659366,352.01616772325184,11.764136111411839
2026-09-07 13:05:24.519515,2382.94640094328,-222.76467612335338,352.01616772325184,11.978120178833098
2026-09-07 13:05:24.618821,2383.4730005380693,-222.83853334506367,352.0272806425494,12.01282974061728
2026-09-07 13:05:24.718734,2384.004368654972,-222.91295427968544,351.94901471964033,12.030290601222594
2026-09-07 13:05:24.819758,2384.624586240946,-223.0011680963076,352.0507612810969,12.172693242263705
2026-09-07 13:05:24.918973,2385.159294725697,-223.07583345041348,352.0951722245687,12.234246258003349
2026-09-07 13:05:25.018901,2385.811716643893,-223.1671929762612,352.0728071751344,12.53550124496446
2026-09-07 13:05:25.125974,2386.4060061174523,-223.24994495749664,352.0488429915414,12.508368632041119
2026-09-07 13:05:25.216143,2387.0415253953875,-223.33935907299949,352.0488429915414,12.9554015627048
2026-09-07 13:05:25.312966,2387.596892873413,-223.41692815381293,352.1138533344296,12.945249052582664
2026-09-07 13:05:25.413194,2388.2977690203097,-223.5145923101299,352.1138533344296,13.465836378852122
2026-09-07 13:05:25.526762,2388.9749564411622,-223.60839294825993,352.17739793489585,13.433088470387554
2026-09-07 13:05:25.617978,2389.643220659233,-223.70074056222938,352.2080207385525,13.962471901685989
2026-09-07 13:05:25.727238,2390.318901105367,-223.79320090981082,352.2447012280228,13.949105857819667
2026-09-07 13:05:25.825374,2391.046978003014,-223.8928294041211,352.25568321751166,14.514143760435921
2026-09-07 13:05:25.913554,2391.6139069618043,-223.96992777424975,352.23594750720906,14.529554154360401
2026-09-07 13:05:26.016676,2392.277574188582,-224.0604147126555,352.24748745911324,14.54757582188456
2026-09-07 13:05:26.134954,2393.0397466894506,-224.16417587975081,352.300431445123,14.54757582188456
2026-09-07 13:05:26.223823,2393.772322357443,-224.2636401345982,352.25070665381884,15.253917395472547
2026-09-07 13:05:26.326018,2394.462837223869,-224.35760640938634,352.3536325907057,15.23337878140837
2026-09-07 13:05:26.426554,2395.276133836573,-224.46716047074094,352.3198809003397,15.83268259217506
2026-09-07 13:05:26.513588,2395.886620911253,-224.54948586821072,352.3783185668335,15.813669944397455
2026-09-07 13:05:26.634498,2396.863667079171,-224.68052259283368,352.4053796320715,16.366547398229738
2026-09-07 13:05:26.725305,2397.5222285613977,-224.76833052139287,352.37489413685523,16.261808763264188
2026-09-07 13:05:26.834769,2398.3109601169467,-224.87392155968905,352.4728914057399,16.27998226283917
2026-09-07 13:05:26.924745,2398.9601450904447,-224.95970087763305,352.4930290817457,16.2689752780056
2026-09-07 13:05:27.035279,2399.9186467742843,-225.08640167670308,352.4930290817457,17.05925009099564
2026-09-07 13:05:27.123734,2400.587437610716,-225.17453244107844,352.4633331939908,17.037608256651957
2026-09-07 13:05:27.235260,2401.5637617916022,-225.3038720662732,352.5756568696818,17.63986137587428
2026-09-07 13:05:27.332848,2402.326862135922,-225.40331120060557,352.6521015253807,17.687614093751876
2026-09-07 13:05:27.433514,2403.116298711579,-225.50511121844883,352.9337293056768,17.709604662968278
2026-09-07 13:05:27.533631,2403.90289486037,-225.60261673910932,353.056969729764,17.786589314789143
2026-09-07 13:05:27.613215,2404.6785132589926,-225.69822095740375,353.0747815552201,18.45407015877206
2026-09-07 13:05:27.737623,2405.6973551495958,-225.82196940281406,353.2000793677962,18.46820221350989
2026-09-07 13:05:27.833654,2406.4846124409,-225.91584304530238,353.30754364518725,18.450580651750876
2026-09-07 13:05:27.933291,2407.300833236291,-226.01161800580834,353.39674332617705,18.439262444417636
2026-09-07 13:05:28.033372,2408.2831320465293,-226.1266005812345,353.374344033562,19.12068144806299
2026-09-07 13:05:28.131349,2409.115017618977,-226.2232305350336,353.3853082300256,19.10783955506963
2026-09-07 13:05:28.233451,2410.114942021194,-226.33991257356698,353.3396049981518,19.65474762711184
2026-09-07 13:05:28.333073,2410.984359064464,-226.4414363853294,353.3841981242975,19.631244120015158
2026-09-07 13:05:28.434434,2411.8679748554237,-226.54392118752747,353.47494121034794,19.63035842431399
2026-09-07 13:05:28.532554,2412.7234546392415,-226.64176982423362,353.6067035982969,19.632930551528556
2026-09-07 13:05:28.621576,2413.651721203486,-226.746684020264,353.6266277579993,20.29598964721551
2026-09-07 13:05:28.736798,2414.690683030241,-226.8627333625952,353.63952177031774,20.219471816037093
2026-09-07 13:05:28.835582,2415.5780867994295,-226.96165187237233,353.57319474355893,20.181491993202446
2026-09-07 13:05:28.934949,2416.468935532814,-227.0619986087702,353.6065539802164,20.129395669327625
2026-09-07 13:05:29.035814,2417.566966904847,-227.1856027177076,353.57269183880675,20.789314267474914
2026-09-07 13:05:29.125857,2418.3985357496526,-227.27927945689086,353.56261550311393,20.69489842940673
2026-09-07 13:05:29.225507,2419.3146298384613,-227.38264117336593,353.66297823720834,20.53206912791805
2026-09-07 13:05:29.320846,2420.184366840222,-227.47922990460765,353.66297823720834,20.55789446129146
2026-09-07 13:05:29.434995,2421.2270092360345,-227.59502066198198,353.52246492609106,20.446181443440707
2026-09-07 13:05:29.536726,2422.150921127323,-227.6999201853994,353.5110806351816,20.375956070361678
2026-09-07 13:05:29.637500,2423.0629775784537,-227.80365722032695,353.48852624110094,20.291421688650868
2026-09-07 13:05:29.733124,2423.924794725014,-227.90202370859402,353.44572271281845,20.175278068952405
2026-09-07 13:05:29.833304,2424.8224284265784,-228.00515762624102,353.54661923767117,20.057102297489
2026-09-07 13:05:29.925442,2425.6433331442067,-228.09801135980038,353.7012809134361,20.115874949964173
2026-09-07 13:05:30.034806,2427.086707814216,-228.25866080656024,353.49322695694906,21.50402013862255
2026-09-07 13:05:30.132704,2428.02175449014,-228.3653078883993,353.5808698041798,21.477501625877608
2026-09-07 13:05:30.234412,2428.9921615395697,-228.47448457229532,353.71745040908723,21.493498726248937
2026-09-07 13:05:30.334173,2429.944953758329,-228.5793800963129,353.80676110064985,21.399353522519966
2026-09-07 13:05:30.428706,2430.844013146837,-228.67694185832883,353.8490762719366,21.38531097144791
2026-09-07 13:05:30.534757,2431.8520335213448,-228.7855743933552,353.86094399598574,21.425158085590382
2026-09-07 13:05:30.875529,2435.0971971184417,-229.13461984767716,354.1278845851139,21.60084101524992
2026-09-07 13:05:30.951229,2435.8243539061286,-229.2094065394837,354.10247077353694,21.599518077145945
2026-09-07 13:05:31.057384,2437.186467082378,-229.35214114357296,354.0787120490283,22.490891758766498
2026-09-07 13:05:31.157366,2438.186355465143,-229.4558450415785,354.0115806432399,22.43585206363295
2026-09-07 13:05:31.264729,2439.257300437871,-229.5681870476082,353.97553700978756,22.325151381786807
2026-09-07 13:05:31.356216,2440.165319578554,-229.66401569295869,353.9960128651794,22.206038342755065
2026-09-07 13:05:31.465288,2441.242136614905,-229.77726948665327,353.9349839075324,22.17077458000453
2026-09-07 13:05:31.556345,2442.139571315224,-229.87262340693243,353.89422467475805,22.16520496689664
2026-09-07 13:05:31.665077,2443.2108558724053,-229.98721991725697,353.8455537005548,22.20130890893762
2026-09-07 13:05:31.763776,2444.1847851607163,-230.09223909094925,353.8455537005548,22.22545709058803
2026-09-07 13:05:31.863033,2445.1652859335113,-230.1979668703676,353.76780164916823,22.174285748608007
2026-09-07 13:05:31.963845,2446.158708474924,-230.30645198796674,353.7790830986297,22.132883518102908
2026-09-07 13:05:32.064147,2447.1452810997616,-230.41399250445224,353.7790830986297,22.112725349230995
2026-09-07 13:05:32.165124,2448.13758844236,-230.52215812900818,353.7903830125514,22.183312572969363
2026-09-07 13:05:32.265054,2449.122762763464,-230.62934962341072,353.8910277493105,22.160609591972136
2026-09-07 13:05:32.362856,2450.086153713424,-230.7324590032173,354.0223631046528,22.201630250078793
2026-09-07 13:05:32.464912,2451.56202494565,-230.8883840097442,354.06804574585584,23.154866944149273
2026-09-07 13:05:32.573642,2452.6814790989997,-231.00469937412606,354.0437107063775,23.194770567147213
2026-09-07 13:05:32.663624,2453.6094645167095,-231.10151885219528,354.1041277630042,23.190839238994254
2026-09-07 13:05:32.773875,2454.746416090438,-231.2189285844349,354.1658164054563,23.235154572213876
2026-09-07 13:05:32.853886,2455.573189044639,-231.30340750446143,354.31802924617614,23.23445543350425
2026-09-07 13:05:32.974811,2456.823033397407,-231.4277613617394,354.42628693582645,23.2471351923066
2026-09-07 13:05:33.064255,2457.748176368329,-231.51804391209112,354.4863427604683,23.226032948939114
2026-09-07 13:05:33.173594,2458.8781869680106,-231.62712341438288,354.49857843085147,23.097052906255573
2026-09-07 13:05:33.272112,2459.8907299790817,-231.72464557242932,354.5867763309463,23.123739363983074
2026-09-07 13:05:33.371855,2460.9171986201272,-231.8219144543666,354.55329086452457,23.081904600874626
2026-09-07 13:05:33.583260,2463.0887392716386,-232.028971740252,354.69523556297725,22.899025490853713
2026-09-07 13:05:33.681893,2464.0940991641232,-232.12232047856313,354.8056116297881,22.805082930833915
2026-09-07 13:05:33.780362,2465.093846753347,-232.21320590985766,354.8717271545483,22.71301742250412
2026-09-07 13:05:33.880902,2466.1106060781763,-232.30445500493505,354.89422917670555,22.575968025358453
2026-09-07 13:05:33.979892,2467.1056847734712,-232.3933644359587,354.9717720761157,22.492065176200658
2026-09-07 13:05:34.080130,2468.3887355853226,-232.50902689343215,354.994206507158,22.79603022832128
2026-09-07 13:05:34.175554,2469.3574675003492,-232.59387865846747,355.0155635089715,22.6592840758517
2026-09-07 13:05:34.280515,2470.392193887042,-232.68389581730568,354.9803262688535,22.450650808711952
2026-09-07 13:05:34.380567,2471.3924984443724,-232.77175724157408,354.9915226698923,22.334374545681797
2026-09-07 13:05:34.480369,2472.283282262925,-232.8490612025988,355.0138595190601,22.03812303967322
2026-09-07 13:05:34.580789,2473.268868451875,-232.93504859368102,355.0700474309615,22.12938025379276
2026-09-07 13:05:34.680866,2474.2552393834003,-233.0201298713509,355.19323861648814,22.17660196144196
2026-09-07 13:05:34.772538,2475.1608634948557,-233.0962848786479,355.2137558770331,22.159780270429973
2026-09-07 13:05:34.880269,2476.0579761032404,-233.17009763782795,355.29814595781255,21.697529431116887
2026-09-07 13:05:34.980970,2477.031454847096,-233.2501638733641,355.264338874066,21.726567074909948
2026-09-07 13:05:35.080327,2477.9931796836395,-233.3298347062224,355.2976947535489,21.697916980329484
2026-09-07 13:05:35.180305,2478.9596858077284,-233.40933512363762,355.2417541535083,21.65336281920856
2026-09-07 13:05:35.274788,2479.719808210393,-233.47188812918785,355.19946136338535,21.08478775038587
2026-09-07 13:05:35.374990,2480.6609734006415,-233.55092888862004,355.3003800455903,21.011240011369228
2026-09-07 13:05:35.475016,2481.597345320933,-233.6279064210058,355.40112146897735,20.89062381231545
2026-09-07 13:05:35.578385,2482.5595946535896,-233.70530820772953,355.3432835057695,20.82468717039023
2026-09-07 13:05:35.687497,2483.4460634903708,-233.77703805593072,355.39212457681816,20.397782978620157
2026-09-07 13:05:35.786624,2484.237097592614,-233.84034914316413,355.3477530241948,20.005180131827863
2026-09-07 13:05:35.887301,2485.1344972474167,-233.9133758854535,355.38155205072235,19.94799840417206
2026-09-07 13:05:35.986693,2486.0179527750474,-233.9847433310616,355.3148167915345,19.898494444794824
2026-09-07 13:05:36.086753,2486.905054645279,-234.05744542908866,355.4491843469582,19.831171225675728
2026-09-07 13:05:36.191296,2487.7111859861006,-234.12123232241825,355.48428125717874,19.213069493741653
2026-09-07 13:05:36.288586,2488.5442168555737,-234.18702323107013,355.712914917658,19.2581260218208
2026-09-07 13:05:36.391173,2489.424932849484,-234.25304496003966,355.82771574056636,19.285914686216042
2026-09-07 13:05:36.493657,2490.3061647156173,-234.31733002033704,356.0226811924209,19.397853250158867
2026-09-07 13:05:36.595298,2491.0172265819106,-234.36531535752601,356.10230072812095,18.785371532064595
2026-09-07 13:05:36.693731,2491.841936489916,-234.42150516833397,356.17940730674144,18.862781498874053
2026-09-07 13:05:36.790260,2492.654100365667,-234.47574222826347,356.1145943657185,18.925198539994533
2026-09-07 13:05:36.890397,2493.4993442967184,-234.53314888141927,356.22665349605256,18.94882354943161
2026-09-07 13:05:36.986268,2494.309695728488,-234.58659374435942,356.2910246329006,18.971442094821843
2026-09-07 13:05:37.089963,2495.1872903641997,-234.6434832949405,356.2794205589619,18.940635025683736
2026-09-07 13:05:37.190413,2496.036030158924,-234.698674966886,356.30190243807164,18.990665940842334
2026-09-07 13:05:37.290638,2496.885127333429,-234.75355530697868,356.2570393950896,19.0195663276226
2026-09-07 13:05:37.390819,2497.7351000713893,-234.80916058757043,356.2570393950896,19.098350961687782
2026-09-07 13:05:37.490651,2498.5856203353756,-234.86480168735605,356.2346958315726,19.107946649433845
2026-09-07 13:05:37.590367,2499.4355574219335,-234.92073751157315,356.2570134329395,19.121016474002115
2026-09-07 13:05:37.690541,2500.290004171916,-234.97663587119683,356.3691139684267,19.136772299823072
2026-09-07 13:05:37.790469,2501.1431625288446,-235.03077378752343,356.3691139684267,19.186543223565913
2026-09-07 13:05:37.889963,2501.994824768231,-235.08481676639124,356.46931958675066,19.22044911355898
2026-09-07 13:05:37.990218,2502.8546117555948,-235.1378657225331,356.46931958675066,19.23358958511913
2026-09-07 13:05:38.090489,2503.715123864569,-235.19095941876182,356.50298231199025,19.230084900135683
2026-09-07 13:05:38.190451,2504.5728588049146,-235.24337592213385,356.52535497102025,19.237946140880357
2026-09-07 13:05:38.289800,2505.4257026075056,-235.2951592750498,356.52535497102025,19.23707802610036
2026-09-07 13:05:38.388931,2506.2766366276696,-235.3468266689389,356.55863497835765,19.26219811287951
2026-09-07 13:05:38.490062,2507.145902608076,-235.39910039796158,356.59258642061116,19.248942823573742
2026-09-07 13:05:38.590887,2507.765185639236,-235.43482506259642,356.6151522290854,18.780621407185883
2026-09-07 13:05:38.691155,2508.6055360107293,-235.4845280571768,356.64881394717264,18.80340117801176
2026-09-07 13:05:38.790633,2509.4403054843833,-235.53340883424403,356.64881394717264,18.846863277320548
2026-09-07 13:05:38.889805,2510.2744307068547,-235.58225188652685,356.6821077189258,18.871127185471945
2026-09-07 13:05:38.992264,2511.137341220029,-235.63227736344382,356.69357347727174,18.878289505957806
2026-09-07 13:05:39.091627,2511.9745045033796,-235.68064210700706,356.77140856277623,18.922569598692796
2026-09-07 13:05:39.191330,2512.9232696340055,-235.73472823165483,356.7379365250529,19.136659995021645
2026-09-07 13:05:39.291652,2513.780118949018,-235.78356465304267,356.8389760655427,19.133153527479593
2026-09-07 13:05:39.398553,2514.6930824788665,-235.8339842678462,356.89879028552053,19.144362780286947
2026-09-07 13:05:39.491241,2515.485172118582,-235.87689908217337,356.8676733057656,19.076330277602622
2026-09-07 13:05:39.600153,2516.412573267171,-235.92765013028895,356.8798611923639,18.977355912892527
2026-09-07 13:05:39.697662,2517.2385779589313,-235.9726761335963,356.92350849052434,18.93049388887063
2026-09-07 13:05:39.790435,2518.251126397503,-236.02822477666365,356.9442721676836,19.443860724819917
2026-09-07 13:05:39.900155,2519.2034767518053,-236.0790642240803,356.89515894168227,19.398800089865553
2026-09-07 13:05:39.987548,2519.9602398204706,-236.1201131754228,356.91471851222514,19.45760059044995
2026-09-07 13:05:40.088221,2520.834657088683,-236.16724464016215,357.02737745775096,19.425052284859287
2026-09-07 13:05:40.189346,2521.711622263834,-236.21278425962797,357.05001040971683,19.386172409736254
2026-09-07 13:05:40.298867,2522.659516674698,-236.2616316998726,357.01324229798996,19.318225548507392
2026-09-07 13:05:40.387984,2523.4280873854036,-236.30173266494396,356.9733514543738,19.175722124946304
2026-09-07 13:05:40.488667,2524.2899698262004,-236.34730398621798,356.81561326382297,19.100061791838527
2026-09-07 13:05:40.588359,2525.139874798274,-236.3945887292319,356.5924909649473,19.081768441411274
2026-09-07 13:05:40.688766,2525.994863754793,-236.44549688187075,356.6711438581797,19.001928716148992
2026-09-07 13:05:40.788426,2526.8400093791242,-236.49465474416124,356.6934489260948,18.935745460735607
2026-09-07 13:05:40.889324,2527.81374815583,-236.5507318993021,356.7160310728187,19.136475494423944
2026-09-07 13:05:40.988974,2528.6648311108474,-236.5995661171248,356.816393806913,19.276665427791205
2026-09-07 13:05:41.088583,2529.636325318714,-236.65368141691334,356.7718064998699,19.563740393638952
2026-09-07 13:05:41.194643,2530.5624302608826,-236.70591586655888,356.67685665025806,19.674951079483616
2026-09-07 13:05:41.287125,2531.374486992364,-236.7530678734646,356.6458088282995,19.62727254750102
2026-09-07 13:05:41.396103,2532.3290411070666,-236.80901299967297,356.65800410068186,19.576803122924918
2026-09-07 13:05:41.487489,2533.127455977673,-236.85563649351707,356.69891060151457,19.619125415812576
2026-09-07 13:05:41.595906,2534.0767531775004,-236.91039073524166,356.6261156422083,19.591652229338774
2026-09-07 13:05:41.685070,2534.8563204517322,-236.9563489909057,356.49640202600017,19.62671253574312
2026-09-07 13:05:41.795899,2535.8269083871073,-237.0157738698769,356.4467923857841,19.596691286595952
2026-09-07 13:05:41.895384,2536.696771833875,-237.06978786260197,356.46905828666246,19.663627629330943
2026-09-07 13:05:41.996773,2537.5863326692374,-237.1246779409236,356.50309634402015,19.679574555920286
2026-09-07 13:05:42.105654,2538.542435980821,-237.18310386231906,356.4787275089844,19.68338017873927
2026-09-07 13:05:42.194525,2539.3229584990145,-237.23113354380135,356.4886726910568,19.6864864094457
2026-09-07 13:05:42.304106,2540.285531757114,-237.2901980601642,356.4886726910568,19.71138198995863
2026-09-07 13:05:42.395712,2541.09122795767,-237.33963643383686,356.5091751800337,19.71778563952019
2026-09-07 13:05:42.505248,2542.0549567801163,-237.39842570918512,356.54594832752247,19.705342961012672
2026-09-07 13:05:42.595758,2543.1094942646887,-237.46190219087805,356.5256911361016,20.231330445122424
2026-09-07 13:05:42.695589,2544.0107277365023,-237.51661838225763,356.50334779639627,20.2470323223314
2026-09-07 13:05:42.805775,2544.9503894762556,-237.5741025785346,356.44169552333545,20.042183476144082
2026-09-07 13:05:42.895611,2545.753737566109,-237.62405805318704,356.4014828385828,20.035118567243313
2026-09-07 13:05:43.005109,2546.732522706793,-237.6856125630332,356.38922937517435,19.95187722208963
2026-09-07 13:05:43.104166,2547.6142866734667,-237.7412548641868,356.3338041014319,19.914658001284447
2026-09-07 13:05:43.183279,2548.3171605527464,-237.78629127013838,356.2541252556476,19.913966709327916
2026-09-07 13:05:43.291011,2549.2741784888913,-237.84894833935024,356.2541252556476,19.85936749840719
2026-09-07 13:05:43.405983,2550.292711423953,-237.9156328665638,356.13833093287496,19.741825898382587
2026-09-07 13:05:43.503637,2551.152588908963,-237.9736755263542,356.14925898375884,19.771691531910907
2026-09-07 13:05:43.603299,2551.9301192351336,-238.02644415807347,356.11580071045125,19.503020744443333
2026-09-07 13:05:43.703570,2552.8023369247494,-238.08566434609085,356.0596961683853,19.51178245690195
2026-09-07 13:05:43.788355,2553.540129955096,-238.13648345516162,356.02174442880704,19.52511783027458
2026-09-07 13:05:43.906549,2554.5693014813205,-238.20805765665727,355.94238485032537,19.4538558032468
2026-09-07 13:05:44.003224,2555.2525380771212,-238.25738749797134,355.8774738798047,19.048144141808176
2026-09-07 13:05:44.106272,2556.127750491148,-238.32046937575802,355.83134719631045,19.03463759038101
2026-09-07 13:05:44.203534,2556.9531870490505,-238.38063162420346,355.6680844392694,19.004891842657095
2026-09-07 13:05:44.290183,2557.6872492803654,-238.43623726549995,355.6680844392694,19.042748931088777
2026-09-07 13:05:44.522077,2559.4433422956545,-238.57053581528513,355.77188559156946,18.63933306067348
2026-09-07 13:05:44.611012,2560.182378788618,-238.62517186870525,355.69226683921016,18.684405841492868
2026-09-07 13:05:44.709382,2561.0017104387925,-238.68688893574176,355.6592423128584,18.725664733314627
2026-09-07 13:05:44.808749,2561.8311376163406,-238.74984726391878,355.51468562067595,18.6562029681482
2026-09-07 13:05:44.908554,2562.6609689607812,-238.8149423978931,355.48117933977187,18.60649330675045
2026-09-07 13:05:45.009237,2563.4958314708647,-238.88092344587602,355.43611128532876,18.641684159358718
2026-09-07 13:05:45.109863,2564.331747209503,-238.94764940062623,355.41359001537063,18.652235438327043
2026-09-07 13:05:45.208732,2565.153506300345,-239.01357039570496,355.29188583437167,18.655691120424844
2026-09-07 13:05:45.308976,2565.9867043193394,-239.0821905378565,355.3031037213277,18.64780770255396
2026-09-07 13:05:45.405762,2566.790833489098,-239.14825813597162,355.33559647122587,18.696013697123796
2026-09-07 13:05:45.509235,2567.6527827789428,-239.21858416704407,355.33559647122587,18.797278544788437
2026-09-07 13:05:45.610044,2568.4970889071237,-239.28747070097901,355.3581586987139,18.8950553708974
2026-09-07 13:05:45.709826,2569.337167563295,-239.35567931551176,355.3916572581165,18.928187508122257
2026-09-07 13:05:45.809040,2570.1739684035742,-239.42312934787125,355.3361441383058,18.922118962102886
2026-09-07 13:05:45.901281,2570.951646321901,-239.48657223498665,355.3567887476733,18.918894942719835
2026-09-07 13:05:46.008907,2571.8589061871776,-239.5602573378562,355.4049646505317,18.917014063771642
2026-09-07 13:05:46.108857,2572.7014327897773,-239.62797194216085,355.42733462382205,18.951075350932747
2026-09-07 13:05:46.216321,2573.6089579870445,-239.70055393834397,355.5355672465688,19.00272166613944
2026-09-07 13:05:46.308360,2574.388454835787,-239.7614148125684,355.6076651445263,19.046954853116553
2026-09-07 13:05:46.404888,2575.207952741696,-239.82436145780227,355.6400712793203,19.056232965813404
2026-09-07 13:05:46.516155,2576.153082021234,-239.8964203140538,355.65252270412316,19.064983257663688
2026-09-07 13:05:46.736894,2578.0289854180733,-240.03903352438047,355.4549068748429,18.868243155407736
2026-09-07 13:05:46.821753,2578.742508242651,-240.0957540611587,355.4169220111421,18.811889102918027
2026-09-07 13:05:46.914447,2579.5195413900105,-240.15804169091473,355.4687870012416,18.770580981021777
2026-09-07 13:05:47.023286,2580.4299767246575,-240.2301935767067,355.4809667187151,18.6992530779678
2026-09-07 13:05:47.123798,2581.2675760666525,-240.29639405031986,355.51471035186205,18.667635101947752
2026-09-07 13:05:47.222646,2582.0899540643495,-240.36090415820743,355.4704636861331,18.684046105437375
2026-09-07 13:05:47.322794,2582.9238292776863,-240.42696410855925,355.44804939813827,18.761054594610602
2026-09-07 13:05:47.415163,2583.696079158933,-240.48844608578466,355.4687226553954,18.790111033911337
2026-09-07 13:05:47.520174,2584.5754072528475,-240.55813372038898,355.3629605774227,18.875446859215
2026-09-07 13:05:47.623738,2585.446428178938,-240.62878115485614,355.31660292031734,18.897165553291593
2026-09-07 13:05:47.723169,2586.2835956836752,-240.6973646279225,355.3054760127924,18.927574648744464
2026-09-07 13:05:47.823659,2587.131027535882,-240.76695466898335,355.193021854916,18.961819958867718
2026-09-07 13:05:47.924464,2587.982514930706,-240.83856049960139,355.23814451939893,18.963581633578034
2026-09-07 13:05:48.023376,2588.535059777873,-240.88567130141962,355.2934886614224,18.67871399496063
2026-09-07 13:05:48.124726,2589.3784920688317,-240.95511055839899,355.3615385901761,18.7150235778559
2026-09-07 13:05:48.224490,2590.2104203511894,-241.02260801965053,355.38386693450167,18.660103890859208
2026-09-07 13:05:48.332085,2591.105046323495,-241.09484145716465,355.34774541459905,18.65070220490829
2026-09-07 13:05:48.415496,2591.7982034250626,-241.15124786195088,355.30107453310524,18.606242475703404
2026-09-07 13:05:48.516761,2592.6376678035995,-241.2202485472639,355.33507096149816,18.60801218940352
2026-09-07 13:05:48.632706,2593.5989642560357,-241.2986891414951,355.3739957221758,18.636379862039078
2026-09-07 13:05:48.732038,2594.423823870924,-241.36543257859284,355.42957486641984,18.698005464613793
2026-09-07 13:05:48.831707,2595.254283591435,-241.4318183584192,355.50764965418944,18.686683622259082
2026-09-07 13:05:48.921072,2595.9985180661115,-241.49029090347318,355.51765011773665,18.735878700929334
2026-09-07 13:05:49.021338,2596.835746165309,-241.55592268232917,355.5288704666208,18.79282699204981
2026-09-07 13:05:49.122379,2597.6820229947034,-241.62209706301675,355.50625631483257,18.844918064367167
2026-09-07 13:05:49.221739,2598.5165013908113,-241.68768025405228,355.4506615037738,18.863150493232595
2026-09-07 13:05:49.321975,2599.359086721746,-241.75472326794383,355.4506615037738,18.914826552701548
2026-09-07 13:05:49.422564,2600.3911561736677,-241.83687351079095,355.6195089207301,19.186476008089354
2026-09-07 13:05:49.517485,2601.2029269149193,-241.8990578321403,355.5876422838912,19.15661678827681
2026-09-07 13:05:49.622374,2602.098510366072,-241.96816353191312,355.66980611030027,19.211608197043365
2026-09-07 13:05:49.721690,2602.949036869607,-242.03256570570244,355.78094649385736,19.169952528646803
2026-09-07 13:05:49.821653,2603.8033718655556,-242.09558979120212,355.85925158380314,19.17606688817
2026-09-07 13:05:49.922026,2604.6615702571794,-242.15771972981767,355.94911016625736,19.18220632584616
2026-09-07 13:05:50.020453,2605.503494150925,-242.21734427972757,355.92708105809277,19.137483293511245
2026-09-07 13:05:50.128989,2606.429698482525,-242.28329542342522,355.98781010814383,19.123257427257666
2026-09-07 13:05:50.220151,2607.481104864009,-242.35888763536747,355.98781010814383,19.587109586519087
2026-09-07 13:05:50.328214,2608.4250094074164,-242.42509367505963,355.9999029867015,19.591830876490345
2026-09-07 13:05:50.420949,2609.235234748522,-242.48175152870203,355.95839264206757,19.574814126381295
2026-09-07 13:05:50.516499,2610.0692871633105,-242.54068282436737,355.9263148389476,19.57731888336613
2026-09-07 13:05:50.629860,2611.058898452049,-242.61116221400025,355.7994572830612,19.59019606053428
2026-09-07 13:05:50.728104,2611.916969057184,-242.67418315199896,355.8214454336959,19.50349167585953
2026-09-07 13:05:50.827205,2612.778718121616,-242.73714176998024,355.8768953267186,19.50435762360749
2026-09-07 13:05:50.927588,2613.6517150968893,-242.8000728286562,355.7870277917989,19.48506032568672
2026-09-07 13:05:51.019325,2614.448640304528,-242.85877676376754,355.73569827104507,19.417725851981906
2026-09-07 13:05:51.137986,2615.4758256379473,-242.93536763852407,355.7888136967701,19.286044166967702
2026-09-07 13:05:51.219400,2616.1758522054347,-242.9869117869052,355.8070350975251,19.23838048964017
2026-09-07 13:05:51.329452,2617.1198019423955,-243.0561145950355,355.8562969344546,19.21241626524191
2026-09-07 13:05:51.437033,2618.0894896931172,-243.12645037399156,356.06095891365095,19.2508446739376
2026-09-07 13:05:51.514994,2618.758829152762,-243.17253958647808,356.1307532303169,19.26378796305882
2026-09-07 13:05:51.637654,2619.8127305774397,-243.24381909292256,356.1993850693313,19.27557784064248
2026-09-07 13:05:51.728262,2620.5917784822777,-243.2955717957437,356.1791059443699,19.279536518836824
2026-09-07 13:05:51.837836,2621.385829623252,-243.34780255546295,356.2772016903756,18.90272185169027
2026-09-07 13:05:51.928200,2622.1478187697353,-243.39738265867194,356.25697717545404,18.970627757761314
2026-09-07 13:05:52.016687,2622.8966434790223,-243.44637164426,356.33619485735676,19.018566298635733
2026-09-07 13:05:52.117141,2623.7489638496727,-243.5009480732556,356.3474362445349,19.091421234016234
2026-09-07 13:05:52.216461,2624.5949013495865,-243.55494913869305,356.4808100762827,19.166925173820278
2026-09-07 13:05:52.316584,2625.4511757526107,-243.60760899321795,356.5144231153385,19.201045416485925
2026-09-07 13:05:52.439066,2626.5005717376735,-243.671527651765,356.720019843844,19.2256612052017
2026-09-07 13:05:52.535761,2627.330269029586,-243.71907683227977,356.76330277665664,19.23664521774812
2026-09-07 13:05:52.636098,2628.191745648088,-243.7677943621958,356.93172718961574,19.208589283156137
2026-09-07 13:05:52.736127,2629.0494641103496,-243.81377039840285,356.9541148440255,19.206841169872092
2026-09-07 13:05:52.832731,2629.877756131239,-243.85784452899722,356.99735704311996,19.23132090742354
2026-09-07 13:05:52.935303,2630.414983143334,-243.88254589732162,357.02031385052703,18.46790275864729
2026-09-07 13:05:53.035582,2631.241756373887,-243.92558131952163,357.0090920468673,18.495066234301035
2026-09-07 13:05:53.135859,2632.0697206914656,-243.96884134449036,357.07642152595594,18.538877418003835
2026-09-07 13:05:53.235829,2632.8971556894994,-244.01109878191093,357.1211704250022,18.52490076043404
2026-09-07 13:05:53.335601,2633.7223619598785,-244.0525962429932,357.27748136873294,18.536234303014123
2026-09-07 13:05:53.438675,2634.5755142342277,-244.09316594442245,357.3812925925567,18.503810400790606
2026-09-07 13:05:53.538615,2635.401348941384,-244.13093707892654,357.51549900360055,18.498570727047763
2026-09-07 13:05:53.638164,2636.2238056076035,-244.1666234093532,357.58233967807024,18.4298515985162
2026-09-07 13:05:53.758845,2636.9490856965003,-244.1941217798041,357.58233967807024,17.818579816914788
2026-09-07 13:05:53.837600,2637.575859531958,-244.2205849196668,357.62640539208934,17.85367616770275
2026-09-07 13:05:53.939564,2638.3889673321064,-244.25428885295375,357.6492261220201,17.872386427131435
2026-09-07 13:05:54.039689,2639.1882599839323,-244.28710124038884,357.82849924463716,17.926629947705656
2026-09-07 13:05:54.139871,2639.990534045308,-244.3175218640252,357.9518196813852,17.998412219705926
2026-09-07 13:05:54.235585,2640.7601578588838,-244.34504570886907,357.9089758670077,17.97750341889951
2026-09-07 13:05:54.335668,2641.5639556269252,-244.37439354472707,357.9425754773652,17.98974681784032
2026-09-07 13:05:54.436000,2642.370319098141,-244.40336156712453,358.00994188537425,18.018678058612956
2026-09-07 13:05:54.532731,2643.149024113172,-244.43041926167143,358.00994188537425,17.989939945832223
2026-09-07 13:05:54.637333,2643.9873545068194,-244.45952689975712,357.96311959530686,18.00370005783288
2026-09-07 13:05:54.736781,2644.7872434868978,-244.4879751541106,358.01876364492614,17.975892702786354
2026-09-07 13:05:54.837727,2645.597954865364,-244.51602000080064,358.097838758815,17.949430620254585
2026-09-07 13:05:54.937010,2646.39417393566,-244.54246337481715,358.164500831597,18.01362843742419
2026-09-07 13:05:55.032691,2647.1642797456793,-244.56714254560634,358.25015891721563,18.097234805142964
2026-09-07 13:05:55.137289,2648.0101026022226,-244.59298242294662,358.27356916700273,18.06250353808632
2026-09-07 13:05:55.236992,2648.814805140244,-244.61723698217548,358.29588385881834,18.114776020694144
2026-09-07 13:05:55.337006,2649.624363255207,-244.64132231629452,358.2511152643479,18.08506255126188
2026-09-07 13:05:55.436430,2650.4278066472593,-244.66585407843274,358.26224138853206,18.124157207221078
2026-09-07 13:05:55.536907,2651.2415193269053,-244.69054123639793,358.27348534954405,18.189127081980605
2026-09-07 13:05:55.637407,2652.058340712351,-244.71516226611465,358.30722495408156,18.264649895934614
2026-09-07 13:05:55.736748,2652.8691088877936,-244.73912297688358,358.19605659406966,18.222115697023444
2026-09-07 13:05:55.836869,2653.6842918075513,-244.76479729303017,358.09521949120705,18.215116812695417
2026-09-07 13:05:55.936572,2654.4957133504754,-244.7917826940649,358.2514223339162,18.266518087259776
2026-09-07 13:05:56.036856,2655.3142375560114,-244.81677053203828,358.2065328811608,18.278786075023735
2026-09-07 13:05:56.136559,2656.1285464215516,-244.8422682799938,358.16190349752964,18.29708144393647
2026-09-07 13:05:56.236873,2657.0763885266792,-244.87293084679567,358.12822633643935,18.495570118012818
2026-09-07 13:05:56.337119,2657.9048062289035,-244.90000373610502,358.12822633643935,18.438633186334446
2026-09-07 13:05:56.434966,2658.6237116302254,-244.92339892409055,358.0077802006616,18.194590959487567
2026-09-07 13:05:56.537195,2659.4547100688046,-244.9523050505656,358.04210026068415,18.163326148522664
2026-09-07 13:05:56.637066,2660.339081565282,-244.98251778001338,358.0085718224278,18.340336752944363
2026-09-07 13:05:56.737661,2661.163348176287,-245.01117833893886,357.9410288270358,18.321877703208884
2026-09-07 13:05:56.837913,2661.9839432946173,-245.04067980279765,357.9185912626305,18.38933010539884
2026-09-07 13:05:56.937265,2662.800153985383,-245.0703436941808,357.8963551287001,18.3954070923575
2026-09-07 13:05:57.037995,2663.5728454123387,-245.0988372227505,357.80617694322586,18.204693464700618
2026-09-07 13:05:57.146729,2664.4570987067045,-245.1327113379546,357.70883320432625,18.12773364636781
2026-09-07 13:05:57.235877,2665.1789606951365,-245.16159284317598,357.63899994443517,18.06463641932996
2026-09-07 13:05:57.338399,2666.006186076594,-245.1956998124046,357.60458151919744,18.051198810978356
2026-09-07 13:05:57.438523,2666.813441483047,-245.22946917505297,357.64939935222844,18.000455379182544
2026-09-07 13:05:57.535097,2667.5899111797257,-245.26134228795263,357.6061705818324,17.951511108256003
2026-09-07 13:05:57.635829,2668.397584419727,-245.29510669005998,357.6061705818324,17.96823489835309
2026-09-07 13:05:57.735022,2669.193658835497,-245.32838620874426,357.6061705818324,17.960434133530587
2026-09-07 13:05:57.835616,2670.000626500119,-245.36212111460281,357.5836564738467,18.05097047745395
2026-09-07 13:05:57.934878,2670.8009095796574,-245.39589159675302,357.6169804601711,18.078725823731688
2026-09-07 13:05:58.035909,2671.469466360358,-245.42401046298713,357.59436854649925,17.668769553455345
2026-09-07 13:05:58.135128,2672.2524715276204,-245.45690519794059,357.5388526290431,17.726857135453038
2026-09-07 13:05:58.234772,2673.0413833988473,-245.49081386399226,357.55000337250755,17.767779682932012
2026-09-07 13:05:58.330617,2673.8019755513874,-245.52335700771462,357.51782653273744,17.788717100794507
2026-09-07 13:05:58.435463,2674.634956768732,-245.5594660957095,357.5530251653478,17.822614567324347
2026-09-07 13:05:58.535715,2675.4329783899607,-245.59356855391783,357.46327490772677,17.83400263522655
2026-09-07 13:05:58.634999,2676.2237456582043,-245.62860204005403,357.48549582246574,17.821856979916063
2026-09-07 13:05:58.734783,2677.017967607119,-245.6634799585516,357.4966622327449,17.909920478148887
2026-09-07 13:05:58.835483,2677.8234477867136,-245.69869499552587,357.5079311487546,17.931038554831062
2026-09-07 13:05:58.935502,2678.624430989238,-245.73355559088563,357.5079311487546,17.98260274127131
2026-09-07 13:05:59.035116,2679.416362828311,-245.76803322159964,357.53022592133436,18.011767379694245
2026-09-07 13:05:59.134960,2680.219557981495,-245.80267696228503,357.48553342282105,18.033578382345013
2026-09-07 13:05:59.242613,2681.0865918905906,-245.84075181690315,357.40120444261896,18.003476769513945
2026-09-07 13:05:59.328715,2681.7788516943265,-245.87217256831886,357.372298498043,17.983162993761216
2026-09-07 13:05:59.430297,2682.594630339282,-245.90961209645818,357.4177689658125,17.960972323603066
2026-09-07 13:05:59.663773,2684.467369367267,-245.99407070180868,357.44389628889377,17.903848939789537
2026-09-07 13:05:59.750541,2685.3210265300586,-246.03200621145683,357.42447660062504,18.31122467865101
2026-09-07 13:06:00.301890,2689.829727640211,-246.23481509162588,356.8691841462328,18.460573546691343
2026-09-07 13:06:00.402083,2690.6553477453554,-246.27997444360557,356.7682745283992,18.487713726750734
2026-09-07 13:06:00.502546,2691.484328651342,-246.32678213901917,356.6670929794246,18.514927044141235
2026-09-07 13:06:00.601305,2692.3003657098525,-246.37430479291882,356.5676276180957,18.541678783708722
2026-09-07 13:06:00.700745,2693.1231325855692,-246.42365267586393,356.46747638599993,18.568614991878015
2026-09-07 13:06:00.801766,2693.960105892852,-246.47532105323918,356.36573284600047,18.595979459752815
2026-09-07 13:06:00.902595,2694.7966265214836,-246.52845277131564,356.2641826792569,18.623291918858826
2026-09-07 13:06:01.002673,2695.817430379486,-246.59276844136386,356.16338888394637,19.069875885776078
2026-09-07 13:06:01.103591,2696.675827997019,-246.65033409423694,356.06174908064145,19.097212453113453
2026-09-07 13:06:01.202656,2697.4191736791126,-246.70283909971081,355.96197553068606,18.883924422970352
2026-09-07 13:06:01.302364,2698.2588060666685,-246.76211189040586,355.861554381754,18.910933226712746
2026-09-07 13:06:01.402311,2699.10154923963,-246.82308888801415,355.7608925234045,18.938006770537125
2026-09-07 13:06:01.503524,2699.9560790208325,-246.88642807030362,355.6589556101492,18.965423247180716
2026-09-07 13:06:01.603611,2700.8022125135317,-246.9506587629601,355.5581527504673,18.992534714065666
2026-09-07 13:06:01.703196,2701.645191704535,-247.01614184550004,355.45785548127725,19.019510199690558
2026-09-07 13:06:01.804144,2702.5008045968348,-247.0841133306241,355.3561854634011,19.046854893398056
2026-09-07 13:06:01.903146,2703.3410102589864,-247.15236138423165,355.2564753640453,19.073672456563543
2026-09-07 13:06:02.004033,2704.1982964688864,-247.22349881952758,355.15486678246396,19.10100062665179
2026-09-07 13:06:02.104466,2705.0528204729335,-247.29593312487953,355.0537154480606,19.128205817672168
2026-09-07 13:06:04.112407,2720.959705204105,-248.67840401518532,354.6043148823915,18.684077796128
2026-09-07 13:06:04.210669,2721.7768048781,-248.75558059094024,354.6043148823915,18.773373916162
2026-09-07 13:06:04.310662,2722.612272645726,-248.8344920671176,354.6043148823915,18.88783412770627
2026-09-07 13:06:04.407802,2723.351730725368,-248.90510144422947,354.6043148823915,18.749557778758007
2026-09-07 13:06:04.511223,2724.2147441127204,-248.9866146551464,354.5580212354148,18.727869073608577
2026-09-07 13:06:04.610985,2725.0461976713773,-249.06582482191095,354.5356933387125,18.72089528490958
2026-09-07 13:06:04.710795,2725.8777105841205,-249.14536763290596,354.4686774197297,18.710429568754424
2026-09-07 13:06:04.811213,2726.713726915793,-249.22632814673818,354.4686774197297,18.72534631627702
2026-09-07 13:06:04.908739,2727.5263136092967,-249.305019715009,354.4468499658516,18.729607243011763
2026-09-07 13:06:05.017214,2728.43029962208,-249.39291009492104,354.4468499658516,18.704962933358264
2026-09-07 13:06:05.109567,2729.198918843797,-249.46763938768564,354.41584545144514,18.69527913129357
2026-09-07 13:06:05.217473,2730.096467531116,-249.55539420447576,354.41584545144514,18.713193967633718
2026-09-07 13:06:05.309935,2730.8662919287826,-249.6306612066253,354.3951513797055,18.746319341621508
2026-09-07 13:06:05.405299,2731.810049546993,-249.72243047424547,354.33112066036,19.081050036294215
2026-09-07 13:06:05.505484,2732.660447434588,-249.80684499082565,354.33112066036,19.109938888871724
2026-09-07 13:06:05.618572,2733.6218228710686,-249.90227566381577,354.29315504446015,19.12476138797695
2026-09-07 13:06:05.716977,2734.458969877737,-249.98593505261846,354.2601187679973,19.154856700686665
2026-09-07 13:06:05.816837,2735.3097824706597,-250.07145559653884,354.2824685982402,19.1679453994049
2026-09-07 13:06:05.916903,2736.1629661489173,-250.1568783155479,354.30486453368064,19.164447879608012
2026-09-07 13:06:06.005914,2736.9217837402302,-250.2325533137428,354.25506028924474,19.141114449573788
2026-09-07 13:06:06.107468,2737.7864008760075,-250.3195385458782,354.1527799370298,19.141114449573788
2026-09-07 13:06:06.218708,2738.733311717674,-250.41651075209734,353.9536054834974,19.067241026613875
2026-09-07 13:06:06.318537,2739.5795023345213,-250.50614179004077,354.0541484978668,18.982627050166016
2026-09-07 13:06:06.426209,2740.4882907274114,-250.60079102899107,353.9939028809553,18.897010480619667
2026-09-07 13:06:06.517604,2741.25613193325,-250.68157700496914,353.97344761623424,18.87385071897921
2026-09-07 13:06:06.606901,2742.0053994709024,-250.76067927991764,353.9134904925251,18.872290158822402
2026-09-07 13:06:06.728904,2743.028896126397,-250.86981578649298,353.8588791098069,18.862695563330387
2026-09-07 13:06:06.817243,2743.769529380572,-250.9495043089357,353.68093744262853,18.851116927679776
2026-09-07 13:06:06.927614,2744.693997199084,-251.05187784106786,353.58212818511856,18.85497462917181
2026-09-07 13:06:07.024992,2745.5096455148064,-251.14362508726387,353.4295678768296,18.87539604000753
2026-09-07 13:06:07.126549,2746.3609608225306,-251.24168044712093,353.2136363101886,18.91887904942783
2026-09-07 13:06:07.224579,2747.184240250469,-251.33965185571418,353.01617401569246,18.89660772723071
2026-09-07 13:06:07.324978,2748.026072123055,-251.4427745976435,352.8364102979633,18.943104082073116
2026-09-07 13:06:07.424660,2748.8636224914885,-251.54804111810597,352.7917903144209,18.97881608840924
2026-09-07 13:06:07.525094,2749.708999205283,-251.654960098964,352.7693120162974,18.967407346322403
2026-09-07 13:06:07.604870,2750.3800556456017,-251.74009942486836,352.7782394149428,18.973681113770503
2026-09-07 13:06:07.729368,2751.4276698363446,-251.87284812105509,352.84789966843715,18.966066040874342
2026-09-07 13:06:07.824925,2752.231554507343,-251.9737196653046,352.89067320596,18.965231060713172
2026-09-07 13:06:07.925221,2753.075348236045,-252.07895921936893,352.9131206180774,18.934557421329668
2026-09-07 13:06:08.024850,2753.9122156529293,-252.18300195779497,352.9354187478317,18.912793385603
2026-09-07 13:06:08.125703,2754.758431605993,-252.28787254318928,352.9128466726316,18.866968033005914
2026-09-07 13:06:08.223807,2755.579547200477,-252.3899609380559,352.8799114471237,18.82410623652238
2026-09-07 13:06:08.325065,2756.4250753500087,-252.49557810056146,352.84591736875296,18.822336645154717
2026-09-07 13:06:08.426378,2757.270920393448,-252.60174456250027,352.89126742586086,18.81702498750104
2026-09-07 13:06:08.525944,2758.102027748102,-252.70539309437225,352.90240944067136,18.874445709080764
2026-09-07 13:06:08.611880,2758.8215677939925,-252.79498581693983,352.9601098716273,18.884207559250772
2026-09-07 13:06:08.728403,2759.797838559805,-252.91554679388167,353.0774662877324,18.828207563095507
2026-09-07 13:06:08.825994,2760.61327015347,-253.01455027023795,353.12115029100164,18.84355712283848
2026-09-07 13:06:08.930986,2761.4913377682524,-253.12047926327926,353.25039166465206,18.82887834689002
2026-09-07 13:06:09.026363,2762.288586855606,-253.2148343848183,353.21837194065233,18.806376349375814
2026-09-07 13:06:09.123071,2763.095942070557,-253.310843115575,353.3049494444828,18.795390860101925
2026-09-07 13:06:09.226977,2763.9630370158634,-253.4126274251896,353.2584387002165,18.76179730233864
2026-09-07 13:06:09.427792,2765.5809971814647,-253.60394209703344,353.5955242069427,18.611295368804814
2026-09-07 13:06:09.528984,2766.4176597347528,-253.69785501967837,353.9125954697819,18.518452376566984
2026-09-07 13:06:09.626761,2767.2225413108763,-253.7836930904233,354.2299081134734,18.60816212884027
2026-09-07 13:06:09.724699,2768.033119799407,-253.86560118979963,354.6025424061187,18.776751855850158
2026-09-07 13:06:09.823958,2768.8626016045446,-253.94397317021648,354.7136190033587,18.89644316912749
2026-09-07 13:06:09.924493,2769.7082553485666,-254.02221936190506,354.74737035800723,19.164378985483413
2026-09-07 13:06:10.025369,2770.568855517659,-254.1013372402198,354.87154508378023,19.185533971614408
2026-09-07 13:06:10.119367,2770.719704160725,-254.10074480235951,355.56579401553074,18.541208753353093
2026-09-07 13:06:10.225539,2771.597093867183,-254.1687831943213,355.4113375750385,18.589450940853094
2026-09-07 13:06:10.325558,2772.4438765315404,-254.2372482142412,355.4561084076254,18.566135924441834
2026-09-07 13:06:10.424881,2773.2656470836346,-254.30255641647574,356.03407913584033,18.593040439767645
2026-09-07 13:06:10.527148,2773.9887739784726,-254.3484391326178,356.12563331526945,18.364057735257987
2026-09-07 13:06:10.623614,2774.7788986733544,-254.40194930781516,355.6830339376779,18.482909882856635
2026-09-07 13:06:10.725234,2775.6161619203785,-254.46515277989405,355.1940435550468,18.49978110103622
2026-09-07 13:06:10.825063,2776.438859258505,-254.53432273666584,355.1717006629647,18.574799678093083
2026-09-07 13:06:10.926300,2777.276515666821,-254.60507937765678,354.9451204742707,18.475723113356143
2026-09-07 13:06:11.025171,2778.089953538028,-254.6770311335122,355.01150591586725,18.49645762536849
2026-09-07 13:06:11.125664,2778.6990217579832,-254.72868266556384,355.04524317038255,17.976454900194874
2026-09-07 13:06:11.224471,2779.4900868856103,-254.79726249991373,354.9457294657397,18.05070547410884
2026-09-07 13:06:11.325428,2780.301580377761,-254.86903357508447,354.7988596802711,18.047176811964516
2026-09-07 13:06:11.425484,2781.1054894626873,-254.94221116530377,354.765269134285,18.069034126186956
2026-09-07 13:06:11.525965,2781.913747740934,-255.01626245632718,354.5853585961208,18.047961976603027
2026-09-07 13:06:11.623305,2782.695598180616,-255.09037066745003,354.57446568366413,18.007985653175595
2026-09-07 13:06:11.725770,2783.516775643687,-255.16836404192196,354.5400663943215,17.953369761351038
2026-09-07 13:06:11.825120,2784.3105285798697,-255.2442335840708,354.68459835531786,18.00892966650494
2026-09-07 13:06:11.925995,2785.119151911349,-255.3194665441364,354.80877185012685,18.074156893794445
2026-09-07 13:06:12.025363,2785.9187393370676,-255.3921112732201,354.8532512799601,18.115834372319856
2026-09-07 13:06:12.118959,2786.6736707349314,-255.4601080200465,354.884673091167,18.147730322626316
2026-09-07 13:06:12.218842,2787.480770348644,-255.53235736968324,354.7505432237036,18.16169481685502
2026-09-07 13:06:12.326390,2788.350290689339,-255.6122467513783,354.618155506036,18.07899612098888
2026-09-07 13:06:12.425261,2789.145846963876,-255.68719462505487,354.6513482268343,18.040118910965727
2026-09-07 13:06:12.534563,2790.0234917973057,-255.76936298510586,354.834821174852,18.02388247588721
2026-09-07 13:06:12.625857,2790.756096725174,-255.8355863573098,354.86547016447037,17.986389169220022
2026-09-07 13:06:12.726990,2791.5660072942874,-255.90836096439307,354.88810490692936,17.95899436289676
2026-09-07 13:06:12.823145,2792.334906582097,-255.9771443021855,354.83430338662583,17.9556335408786
2026-09-07 13:06:12.934630,2793.2261494540594,-256.0577157739272,354.6471660825531,17.883545734837753
2026-09-07 13:06:13.021849,2793.9203949320586,-256.1227647260499,354.6666867098709,17.789804673844888
2026-09-07 13:06:13.124294,2794.731587777845,-256.1984925448286,354.8042570098447,17.748626958344037
2026-09-07 13:06:13.217761,2795.470140177435,-256.26565075083647,354.87747351837254,17.74127649928277
2026-09-07 13:06:13.324329,2796.3119617206803,-256.34111494161533,354.97287815323426,17.698441546034736
2026-09-07 13:06:13.423428,2797.09300818974,-256.4098202192134,354.9839679080272,17.884616554493153
2026-09-07 13:06:13.523255,2797.888082305349,-256.47960437125244,355.01748157471536,17.898573219444835
2026-09-07 13:06:13.623918,2798.6904814646473,-256.5495585131275,355.0512759011985,17.936395871290866
2026-09-07 13:06:13.718738,2799.4479412327096,-256.61514464458986,355.13616317953336,17.973680181699333
2026-09-07 13:06:13.823538,2800.286972149642,-256.6865415363473,355.05406907044977,18.117452271445213
2026-09-07 13:06:13.923627,2801.0945971378815,-256.75643165451487,355.0764701535579,18.131445566228678
2026-09-07 13:06:14.023863,2801.9040603015133,-256.8261620071705,355.15498909552457,18.311873841662642
2026-09-07 13:06:14.123621,2802.7177752835178,-256.89513535858686,355.0321905875181,18.39555595064618
2026-09-07 13:06:14.216888,2803.481879882941,-256.9615532858213,355.00087922735486,18.286349961668684
2026-09-07 13:06:14.323235,2804.3479308751785,-257.0373095380615,355.0365817718698,18.21293814274588
2026-09-07 13:06:14.423195,2805.1587445049954,-257.1077249233962,354.9918373490563,18.204203605567997
2026-09-07 13:06:14.530779,2806.0309213740497,-257.1841557194638,354.96775879771593,18.104555923034
2026-09-07 13:06:14.622797,2806.772794820295,-257.24948191532843,354.87508265054186,18.04344764692895
2026-09-07 13:06:14.731208,2807.6437576186017,-257.3275950788946,354.8508190069763,18.04913143990609
2026-09-07 13:06:14.822722,2808.379175259174,-257.39386569237365,354.92250565104763,18.030739437093146
2026-09-07 13:06:14.931476,2809.252342827174,-257.4714481237545,355.00769708939947,18.24930751125877
2026-09-07 13:06:15.029953,2810.052687226179,-257.54136084597724,355.07381798563904,18.180467893998568
2026-09-07 13:06:15.131290,2810.87325092307,-257.6120857075337,354.858354185323,18.36287800760697
2026-09-07 13:06:15.218701,2811.587915370808,-257.6763914404634,354.7605361895609,18.407942216416583
2026-09-07 13:06:15.319241,2812.411810830685,-257.7519440143557,354.6255240566177,18.49140178519119
2026-09-07 13:06:15.418410,2813.2279771978756,-257.8287276326985,354.3924747044122,18.46627206910035
2026-09-07 13:06:15.530374,2814.1478351082174,-257.9190424676992,354.1794745107094,18.449640203104018
2026-09-07 13:06:15.631989,2814.981607067912,-258.00403571597764,354.20221713037824,18.405244445034267
2026-09-07 13:06:15.733453,2815.812170239985,-258.0883687752985,354.30440683887946,18.424749550841355
2026-09-07 13:06:15.831967,2816.6195848408715,-258.16889674685285,354.2823582591023,18.380847806170856
2026-09-07 13:06:15.931811,2817.435918797838,-258.2506315745576,354.3158776329873,18.369506084792455
2026-09-07 13:06:16.017988,2818.1401164386966,-258.3207227596033,354.1712220160606,18.40037979890361
2026-09-07 13:06:16.119110,2817.3949766054134,-258.260527151863,353.96753149128205,17.033470113844686
2026-09-07 13:06:16.234040,2818.265281318809,-258.3524985274937,353.7360274465362,16.959154721206442
2026-09-07 13:06:16.333254,2819.0129736612757,-258.43456868610446,353.7138221986119,16.965223267225813
2026-09-07 13:06:16.433611,2819.7695182218135,-258.51790725259286,353.7475137955529,16.9222540541101
2026-09-07 13:06:16.533850,2820.523308019598,-258.6004937629756,353.82603508754175,16.925757620625397
2026-09-07 13:06:16.617662,2821.153792552703,-258.6686964440124,353.7978979359448,16.946995827776885
2026-09-07 13:06:16.726336,2821.972286300433,-258.7576437027799,353.9073492130644,16.950794215505052
2026-09-07 13:06:16.833501,2822.779761823364,-258.84383318743613,353.847387277405,16.94143010309341
2026-09-07 13:06:16.934488,2823.15755421717,-258.8887670921332,353.7795810795259,16.45969424696164
2026-09-07 13:06:17.032777,2823.87652056129,-258.9671310887287,353.8015793016843,16.429634410663432
2026-09-07 13:06:17.135012,2824.6230166278924,-259.0482056938183,353.91598621610854,16.426061079697522
2026-09-07 13:06:17.224709,2825.277961401461,-259.1180142794626,354.06655046029755,16.44016903494202
2026-09-07 13:06:17.333136,2826.070567074944,-259.2003898046948,354.10295129712523,16.395639418954076
2026-09-07 13:06:17.433652,2826.803401057064,-259.2760826787659,354.21543455051466,16.428136965314582
2026-09-07 13:06:17.544315,2827.6119755114696,-259.3579946185766,354.27735371895466,16.420401150286846
2026-09-07 13:06:17.632100,2828.2531564869687,-259.42224895117187,354.27735371895466,16.418867013939984
2026-09-07 13:06:17.725987,2828.5877384835803,-259.45609219248865,352.83796299120695,15.892251609558427
2026-09-07 13:06:17.833752,2829.347378247431,-259.5515457003586,352.83796299120695,15.871535220225256
2026-09-07 13:06:17.933346,2830.048505158945,-259.6396467007943,352.8156726948599,15.854130108266595
2026-09-07 13:06:18.033870,2830.755368468954,-259.7287478689152,352.78192503310345,15.81460291970405
2026-09-07 13:06:18.134628,2831.462058182796,-259.81825004591,352.80447584619793,15.785548839672062
2026-09-07 13:06:18.226332,2832.104095867239,-259.8993073127381,352.74290257864556,15.815197402999727
2026-09-07 13:06:18.326444,2832.572405186674,-259.9631207888738,352.6980901170939,15.294161083557414
2026-09-07 13:06:18.425973,2833.247376456234,-260.04960947131536,352.7092279913891,15.315033586577277
2026-09-07 13:06:18.542523,2834.038876653691,-260.15087341767133,352.7222706146357,15.40261750664036
2026-09-07 13:06:18.634570,2834.667568173235,-260.23116229132705,352.6913688297714,15.42755110633222
2026-09-07 13:06:18.743280,2835.4112205067,-260.3265402184348,352.71569939301696,15.42280154882618
2026-09-07 13:06:18.841783,2836.084879011373,-260.41265025408484,352.79286080548894,15.403865655925097
2026-09-07 13:06:18.942353,2836.7719468222826,-260.49953408155454,352.84913264675487,15.368714299223237
2026-09-07 13:06:19.042194,2837.4525619759156,-260.5849228749931,352.9161693802201,15.339052226897493
2026-09-07 13:06:19.130998,2838.0568578878574,-260.66001873233506,352.98573317089813,15.342932088039673
2026-09-07 13:06:19.232147,2838.7454368644107,-260.7447396481855,352.94045652400774,15.324371380035355
2026-09-07 13:06:19.332596,2839.428356697621,-260.82931216244174,352.9516973516568,15.368257710816716
2026-09-07 13:06:19.539353,2840.8380896108633,-261.0036121032519,353.22934508958144,15.267085346486903
2026-09-07 13:06:19.630518,2841.4559513219115,-261.07696672251944,353.29055645371403,15.258322716534884
2026-09-07 13:06:19.731634,2841.775154126107,-261.11366672849636,353.2226636407307,14.661660277257253
2026-09-07 13:06:19.832201,2842.4296993295325,-261.1914539408964,353.1326313804449,14.618601149788233
2026-09-07 13:06:19.932127,2843.0780406069516,-261.26953722817285,353.22208978768896,14.636064282281971
2026-09-07 13:06:20.032173,2843.72805731248,-261.34679286882505,353.28926416531203,14.691139209162115
2026-09-07 13:06:20.131845,2844.3781710462827,-261.4232871796376,353.2446486580024,14.6806879631886
2026-09-07 13:06:20.231730,2845.0291507539687,-261.500397358413,353.25582637076934,14.675451172996446
2026-09-07 13:06:20.339171,2845.729141502835,-261.58317454532715,353.1596401856652,14.622877088462625
2026-09-07 13:06:20.429319,2846.31424525712,-261.65336199340743,353.11928784245003,14.632329682190257
2026-09-07 13:06:20.538546,2847.023579037153,-261.73895853810063,353.2170729379012,14.573155080225108
2026-09-07 13:06:20.630820,2847.620516579131,-261.80995863288973,353.20674694032544,14.535259299785997
2026-09-07 13:06:20.739407,2848.3211442105217,-261.8934197446174,353.30395907798146,14.47263607605322
2026-09-07 13:06:20.830473,2848.9063083290634,-261.96211973805185,353.3345315240194,14.420117390644755
2026-09-07 13:06:20.927763,2849.2991340595145,-262.00750149422885,353.0841232292088,13.93361347604402
2026-09-07 13:06:21.038519,2849.9840005752876,-262.0905720125865,353.1956713975716,13.922967791373743
2026-09-07 13:06:21.139469,2850.607900273472,-262.1650153526956,353.37642167700426,13.87004152918244
2026-09-07 13:06:21.237834,2851.2137379459923,-262.2353658267038,353.35440644516126,13.79354455568734
2026-09-07 13:06:21.339273,2851.8350350782707,-262.3077534245318,353.42251613162256,13.80861296923814
2026-09-07 13:06:21.426231,2852.3682937745943,-262.3692412046652,353.3252050692222,13.787337398260153
2026-09-07 13:06:21.548527,2852.9361183896017,-262.43544383873524,353.6262890190841,13.303907200561252
2026-09-07 13:06:21.637144,2853.4598995973015,-262.4939519769159,353.61637226108974,13.254349554713006
2026-09-07 13:06:21.747237,2854.108180734781,-262.56648078649926,353.48085174000914,13.221641683912853
2026-09-07 13:06:21.838301,2854.642943561457,-262.6275903591825,353.51142351461215,13.109445138301721
2026-09-07 13:06:21.947240,2855.15157885584,-262.6850709277026,353.5479962387784,12.724356475138332
2026-09-07 13:06:22.025838,2855.5958358604357,-262.73531067392935,353.530405091598,12.687269714166158
2026-09-07 13:06:22.149830,2856.2946049726934,-262.8145497517247,353.16964400638705,12.516085228437811
2026-09-07 13:06:22.245869,2856.82814768186,-262.87845758281134,353.07291809951613,12.304608871456333
2026-09-07 13:06:22.346015,2857.3302506651667,-262.9396615269536,353.1513665408165,11.943971623661744
2026-09-07 13:06:22.445750,2857.8589792452995,-263.0031638127787,353.10672283324044,11.743529461746704
2026-09-07 13:06:22.545925,2858.3156962818302,-263.0585833155414,353.1515634950586,11.510213076558413
2026-09-07 13:06:22.645585,2858.824840547879,-263.119731676352,353.1961736308889,11.493667262705067
2026-09-07 13:06:22.757157,2859.224137906743,-263.16755518822475,353.20865918696666,10.907043166119463
2026-09-07 13:06:22.846595,2859.6571674031147,-263.2191244558213,353.1486073909344,10.929707018207642
2026-09-07 13:06:22.946919,2859.9961928533157,-263.26008702825203,353.1486073909344,10.35001014917172
2026-09-07 13:06:23.046509,2860.4536921463828,-263.31505675888866,353.02601568488205,10.303888454944133
2026-09-07 13:06:23.148489,2860.802754408121,-263.35809571999107,352.9118941302972,9.626085884433683
2026-09-07 13:06:23.246913,2861.2230601439846,-263.41035896347506,352.98899365885103,9.534922481829891
2026-09-07 13:06:23.347899,2861.5424127066076,-263.44987802131214,352.97769273777703,9.020259700030346
2026-09-07 13:06:23.447816,2861.9422973505134,-263.4991357256233,353.0224179127896,9.01938662204795
2026-09-07 13:06:23.549390,2862.190850953414,-263.5297162695875,352.93148413922296,8.213647009323406
2026-09-07 13:06:23.650470,2862.5591785675197,-263.5753883764016,352.9541070196651,8.174784435504508
2026-09-07 13:06:23.749734,2862.7825222718693,-263.6031868629216,352.9096741426527,7.465699680997657
2026-09-07 13:06:23.848517,2863.1096860449243,-263.64388116900864,352.86545657243676,7.482099893017275
2026-09-07 13:06:24.045300,2863.5613709450754,-263.7007716232281,353.17375285235653,6.612596693502477
2026-09-07 13:06:24.149425,2863.8669923922785,-263.7373567778267,353.2786225933257,6.976535742580858
2026-09-07 13:06:24.344998,2864.4727514498913,-263.80874625386997,353.3661656205656,7.731879800858641
2026-09-07 13:06:24.445749,2864.818661629414,-263.8489764432959,353.32106712773964,7.763572958909375
2026-09-07 13:06:24.546683,2864.7937403820815,-263.8450854039395,353.2645916178825,6.1282202566868005
2026-09-07 13:06:24.647016,2865.066711571703,-263.8773231835256,353.32073085075245,6.161535350833857
2026-09-07 13:06:24.745521,2865.22754323489,-263.89594486042733,353.3317541334887,5.707194178207457
2026-09-07 13:06:24.846619,2865.483734124304,-263.9258964384949,353.4109483151693,5.740763286956115
2026-09-07 13:06:24.947383,2865.740621798265,-263.9555696132686,353.4109483151693,5.7548509524894005
2026-09-07 13:06:25.047623,2865.996800703607,-263.9851609179597,353.4333831938349,5.785507465329416
2026-09-07 13:06:25.147915,2866.2544895296346,-264.0148243911064,353.4446064522703,5.7872601748185
2026-09-07 13:06:25.247205,2866.5096868670325,-264.04415041013715,353.52238435390115,5.783789777874155
2026-09-07 13:06:25.346594,2866.765025061865,-264.0731414765211,353.5779953913037,5.7785789920663975
2026-09-07 13:06:25.442749,2867.011859380983,-264.100924375813,353.6748381278501,5.796223307661759
2026-09-07 13:06:25.547397,2867.2813667549703,-264.130798071481,353.7568131691418,5.779763790616304
2026-09-07 13:06:25.647858,2867.5393970046725,-264.1590259292113,353.8130240217362,5.742894868791635
2026-09-07 13:06:25.746837,2867.7920260979236,-264.1864121293107,353.8351766739254,5.7169484175512535
2026-09-07 13:06:25.846998,2868.0465277060853,-264.2139017671162,353.8575938714715,5.718698837675851
2026-09-07 13:06:25.947033,2868.3007977088914,-264.2412657478316,353.87998286875114,5.720447055816286
2026-09-07 13:06:26.046925,2868.554792513948,-264.26849971564843,353.87998286875114,5.7187013367531145
2026-09-07 13:06:26.147861,2868.811363569558,-264.29600991558993,353.97034547501573,5.7187013367531145
2026-09-07 13:06:26.246721,2869.062699785101,-264.3225579443679,354.003534502922,5.732522806867646
2026-09-07 13:06:26.345953,2869.315606921519,-264.34912378177233,353.9924298646551,5.688301092927059
2026-09-07 13:06:26.447446,2869.5722758898,-264.37613506457564,353.9583568926817,5.539310440524589
2026-09-07 13:06:26.547568,2869.818830236104,-264.4022301620511,353.9583568926817,5.379209362461105
2026-09-07 13:06:26.647514,2870.057837613609,-264.4275264949159,353.96954143170365,5.2840162414596294
2026-09-07 13:06:26.747749,2869.9377265817493,-264.41367128850635,353.9583245518999,4.574408396224688
2026-09-07 13:06:26.846867,2870.139291469414,-264.4350048558751,353.9250489088895,4.549291603683752
2026-09-07 13:06:26.948472,2870.1520593531827,-264.4359631256794,353.9023085273371,4.130001850346508
2026-09-07 13:06:27.048497,2870.335688270194,-264.45557991259466,353.91350190691867,4.129127828656614
2026-09-07 13:06:27.147391,2870.5172062264887,-264.474935323374,354.01310323381813,4.375407436605567
2026-09-07 13:06:27.247901,2870.7127297137827,-264.49544046194404,354.03559854162614,4.580041931701085
2026-09-07 13:06:27.348917,2870.918436505477,-264.51693190546365,354.0582070981234,4.704499963980075
2026-09-07 13:06:27.456122,2871.142688022556,-264.54027137914727,354.04621023475875,4.7785040642143946
2026-09-07 13:06:27.543668,2871.3286934740336,-264.55966967822246,354.0168195141733,4.7876838216186535
2026-09-07 13:06:27.645142,2871.544693774986,-264.58230811802076,354.0281750452872,4.810737582188178
2026-09-07 13:06:27.745225,2871.758763429979,-264.6047013198309,354.016975175168,4.855338535472559
2026-09-07 13:06:27.845796,2871.9758667788064,-264.62745477095484,354.02822965532704,4.911581265429611
2026-09-07 13:06:27.945258,2872.1930677145842,-264.6501753176238,353.9837081489057,4.936785228581678
2026-09-07 13:06:28.045568,2872.413226591285,-264.67337824283453,354.01738396712614,4.971845709746674
2026-09-07 13:06:28.146738,2872.397010531265,-264.67139605423665,354.1192775728294,4.607137771099706
2026-09-07 13:06:28.240781,2872.5896798146246,-264.6912409728909,354.15084944974,4.773131428686274
2026-09-07 13:06:28.338202,2872.8060482898272,-264.71343510083705,354.11814351925597,4.972596662045918
2026-09-07 13:06:28.445298,2873.042863943802,-264.7378318286694,354.0941741879953,5.041846477498674
2026-09-07 13:06:28.546288,2873.345064430398,-264.76921119623233,354.0150646071141,5.282493441578305
2026-09-07 13:06:28.645462,2873.5779858972332,-264.79363031272237,353.9484757207379,5.29462564031891
2026-09-07 13:06:28.745244,2873.8128447692543,-264.8185285293643,353.9596419072054,5.237080349349421
2026-09-07 13:06:28.839237,2874.0316779740106,-264.8416846824402,354.05430718031863,5.218190130143646
2026-09-07 13:06:29.054771,2874.6650549698647,-264.90775495847083,354.0784266891889,5.714349684929265
2026-09-07 13:06:29.156976,2875.035947850729,-264.94634262787906,354.08986402345676,6.128712087226317
2026-09-07 13:06:29.256860,2875.308153373031,-264.97452100220977,354.15692962862335,6.139185562754234
2026-09-07 13:06:29.357656,2875.6988324392883,-265.01472611406075,354.2584465593386,6.687634397058427
2026-09-07 13:06:29.458187,2875.9978761626567,-265.0447937021787,354.31469657896974,6.641076910941414
2026-09-07 13:06:29.554375,2876.4002284678368,-265.08526466068935,354.2178206063951,7.167091099070749
2026-09-07 13:06:29.642633,2876.6815662763343,-265.11375350908804,354.20794402258986,7.1285310359332215
2026-09-07 13:06:29.756781,2877.0434690050915,-265.1504635531375,354.29736080086917,7.158453903573701
2026-09-07 13:06:29.858312,2877.366771918816,-265.18274851463144,354.35417034959715,7.169100077573791
2026-09-07 13:06:29.957870,2877.835458295249,-265.2294845154959,354.37645258872516,7.824653279850862
2026-09-07 13:06:30.057973,2878.183926667352,-265.2637967342833,354.3876546969607,7.842147344979262
2026-09-07 13:06:30.158800,2878.6584280177867,-265.3107056348676,354.45535346525327,8.43063369261997
2026-09-07 13:06:30.242921,2878.9739824539774,-265.3413382588139,354.45535346525327,8.45048009723421
2026-09-07 13:06:30.350261,2879.491065717357,-265.39181064791984,354.43132952395274,8.980939949332987
2026-09-07 13:06:30.458484,2879.9235131157866,-265.4339737618013,354.43132952395274,8.95824420342658
2026-09-07 13:06:30.557676,2880.438446886109,-265.4843401523611,354.4091291998845,9.57634989203165
2026-09-07 13:06:30.657402,2880.8633441098814,-265.52593333877485,354.3756494406596,9.589421027304779
2026-09-07 13:06:30.758479,2881.410416957936,-265.5798273015838,354.2851606046308,10.158829950937795
2026-09-07 13:06:30.849594,2881.822150309926,-265.6210314561966,354.23417911097516,10.121410157337111
2026-09-07 13:06:30.957670,2882.428252511588,-265.68203241092283,354.13742444430864,10.68736745528633
2026-09-07 13:06:31.057876,2882.9045007929753,-265.7309335066727,354.0477153680292,10.597180318089434
2026-09-07 13:06:31.158984,2883.3809037394294,-265.78060438252305,354.0477153680292,10.54505470433004
2026-09-07 13:06:31.257623,2883.843387079285,-265.82882396791354,354.06979192426115,10.511440184027046
2026-09-07 13:06:31.357120,2884.4788275073583,-265.8944908879221,354.05865763095215,11.330058562083716
2026-09-07 13:06:31.451048,2884.952016315488,-265.94373530081265,354.0376354513502,11.36781287377842
2026-09-07 13:06:31.559249,2885.4989048425086,-266.00085242726936,353.9770938435465,11.394285861374607
2026-09-07 13:06:31.667333,2886.046413472723,-266.0586192177845,353.8682367863277,11.394285861374607
2026-09-07 13:06:31.757778,2886.677867560313,-266.12583418154037,353.75690224617404,12.106706619954648
2026-09-07 13:06:31.866041,2887.260331690575,-266.18955337014495,353.79324802533864,12.125626731969232
2026-09-07 13:06:31.955012,2887.739784454378,-266.2416957764089,353.85298626126513,12.139620498606446
2026-09-07 13:06:32.067743,2888.3480463837554,-266.3072050749641,353.86560151618755,12.151441064159863
2026-09-07 13:06:32.158828,2888.840003334102,-266.3600788532689,353.8452156330745,12.160991908323698
2026-09-07 13:06:32.267667,2889.705740197141,-266.453018579739,353.77213732823355,13.211885456769561
2026-09-07 13:06:32.355864,2890.2235787019713,-266.5095286515156,353.8609651461856,13.235776172295576
2026-09-07 13:06:32.451661,2890.787151467418,-266.5701455736358,354.06464973995566,13.334551292391094
2026-09-07 13:06:32.567728,2891.4753268364307,-266.64169073108894,353.75292399429577,13.503922225710818
2026-09-07 13:06:32.655800,2892.1898344916654,-266.71939844243485,353.5853759158081,14.123417372659919
2026-09-07 13:06:32.757278,2892.826528263973,-266.79097964976313,353.7670715756027,14.027651823156518
2026-09-07 13:06:32.856599,2893.4456807152906,-266.85860118504456,354.0227073269532,13.926978889806035
2026-09-07 13:06:32.951898,2894.035778589479,-266.9203865309982,354.28932014393644,13.874517167630726
2026-09-07 13:06:33.056255,2894.883781020762,-267.0064642109641,354.4528143222119,14.64117028567036
2026-09-07 13:06:33.157047,2895.5403942512953,-267.0702346818162,354.599444069698,14.701059501400495
2026-09-07 13:06:33.256636,2896.191984068985,-267.1318344328543,354.6217332469868,14.721944587187002
2026-09-07 13:06:33.356200,2896.8443597089463,-267.1932524280132,354.599449664989,14.725424561014847
2026-09-07 13:06:33.453043,2897.6715318389333,-267.27270388093467,354.5561004839313,15.382411691943862
2026-09-07 13:06:33.556206,2898.3777379820312,-267.34000597941997,354.6484568042736,15.315705010914199
2026-09-07 13:06:33.663174,2899.106926988266,-267.4083124761946,354.6484568042736,15.324117219553246
2026-09-07 13:06:33.754773,2899.7316901892223,-267.46683692624276,354.56645311509203,15.311310899089753
2026-09-07 13:06:33.863335,2900.471433044628,-267.5372002305007,354.6150479933381,15.296133006731127
2026-09-07 13:06:33.949976,2901.0612680657155,-267.5927997629339,354.59565672914755,15.304460797239246
2026-09-07 13:06:34.051286,2901.9694781627636,-267.6792632467921,354.51629647923096,16.109600083072184
2026-09-07 13:06:34.163853,2902.776434598947,-267.7567326719152,354.3651336508142,16.045665167083126
2026-09-07 13:06:34.262765,2903.4825073039347,-267.8263975309524,354.3319271656001,16.04739375960281
2026-09-07 13:06:34.361158,2904.184910563278,-267.8961114161815,354.36495941345345,16.01558259442464
2026-09-07 13:06:34.463420,2904.9135280797873,-267.96800290260074,354.3992905521521,15.98252055369562
2026-09-07 13:06:34.551590,2905.540480082154,-268.02948392159647,354.3992905521521,15.97789795980022
2026-09-07 13:06:34.652006,2906.4989309290063,-268.1233874217246,354.4330019564231,16.716166614726227
2026-09-07 13:06:34.771566,2907.388164317496,-268.21006043070855,354.3527251978459,16.778849763885137
2026-09-07 13:06:34.853992,2908.00342595125,-268.27089993645535,354.3250533506459,16.66145047145605
2026-09-07 13:06:34.972393,2908.880994012911,-268.35810533935074,354.3515528724823,16.634551085355252
2026-09-07 13:06:35.062539,2909.548092708227,-268.42408448188996,354.28093783853717,16.619584810665067
2026-09-07 13:06:35.151380,2910.204862065422,-268.4898594684695,354.012508566294,16.70808250172739
2026-09-07 13:06:35.273107,2911.1091031138276,-268.5846994461789,353.93077680825354,16.575125693122455
2026-09-07 13:06:35.362494,2911.7677254524183,-268.6547280657881,353.90076803182774,16.568096094610578
2026-09-07 13:06:35.472627,2912.578819274152,-268.74139799314,353.7651982721866,16.608514614905182
2026-09-07 13:06:35.570631,2913.302162766985,-268.8204228198252,353.82003436179014,16.590531010250118
2026-09-07 13:06:35.650489,2914.223858036341,-268.9182443628913,353.8825903862481,17.44721782330493
2026-09-07 13:06:35.751930,2915.0105522917293,-269.0025595044396,353.87123854802627,17.46405932343635
2026-09-07 13:06:35.860153,2915.8506345440355,-269.0927649433691,353.7743522801162,17.494320317978225
2026-09-07 13:06:35.972127,2916.7211807473914,-269.1877308319787,353.8370049912021,17.423873182375146
2026-09-07 13:06:36.070970,2917.4866358488016,-269.2703856911681,354.06928823616823,17.400553462313745
2026-09-07 13:06:36.170039,2918.2531434290695,-269.3500118193739,354.0138562480766,17.44037419633643
2026-09-07 13:06:36.269700,2919.0259179577242,-269.4310447499431,353.91348243530615,17.439503355290324
2026-09-07 13:06:36.350080,2919.649040440151,-269.4974890331177,353.8145375479431,17.423349005288088
2026-09-07 13:06:36.459129,2920.8017314482986,-269.6213834793922,353.6925053709876,18.070845926731696
2026-09-07 13:06:36.573008,2921.7161216460686,-269.72245416430525,353.53958069735074,18.10169335684142
2026-09-07 13:06:36.671493,2922.508019262815,-269.81212538947256,353.58366487583004,18.005310063400117
2026-09-07 13:06:36.770704,2923.3015758164042,-269.9013661169994,353.517051146362,18.02178133309914
2026-09-07 13:06:36.872113,2924.113348788882,-269.9936112541139,353.4489616029482,18.0164646423388
2026-09-07 13:06:36.968235,2924.88246822347,-270.0819354315932,353.3951785471049,17.901395992861126
2026-09-07 13:06:37.073213,2925.7169936965424,-270.17856448960197,353.371683248895,17.8280118997151
2026-09-07 13:06:37.170867,2926.4900777193307,-270.26840057407884,353.3935393506629,17.750361252541467
2026-09-07 13:06:37.271872,2927.2862426314564,-270.3606109756961,353.4839637289397,17.732709553308737
2026-09-07 13:06:37.371588,2928.0716080035686,-270.45031473023147,353.4951225296232,17.734452196584506
2026-09-07 13:06:37.472664,2928.9294900079963,-270.54795705838427,353.38201260364536,17.913121256944986
2026-09-07 13:06:37.572180,2929.721092246691,-270.6398004135624,353.2706484084496,17.899208072442484
2026-09-07 13:06:37.672346,2930.517065025179,-270.7337191393372,353.2146026169388,17.907960609967088
2026-09-07 13:06:37.772135,2931.3103377690672,-270.82810614220637,353.3262723150214,17.841691686884143
2026-09-07 13:06:37.873085,2932.1100540949274,-270.92167947818996,353.23589717530507,17.869919026719504
2026-09-07 13:06:37.967457,2932.858703786658,-271.0104748684337,353.1725325193964,17.842706382157495
2026-09-07 13:06:38.073399,2933.6060922539023,-271.10044562154985,353.136965940452,17.581815709702944
2026-09-07 13:06:38.173444,2934.386789091113,-271.19440929537245,353.114574705056,17.517125172362885
2026-09-07 13:06:38.269511,2935.133650309194,-271.28459667335034,353.1253251614046,17.542308269093603
2026-09-07 13:06:38.369424,2935.9115460914186,-271.37838355419746,353.15886769979414,17.5449273981844
2026-09-07 13:06:38.471265,2936.704626984986,-271.4735302183239,353.20445410199255,17.596541015673886
2026-09-07 13:06:38.570424,2937.479167279632,-271.5658274894402,353.16006822542425,17.576612560935494
2026-09-07 13:06:38.670535,2938.100998127682,-271.6408647651969,353.1824742323885,17.16272588332218
2026-09-07 13:06:38.771152,2938.8675160551093,-271.7325043011007,353.1599549767351,17.10821581780791
2026-09-07 13:06:38.870713,2939.6235446390137,-271.823191211344,353.1710964320165,17.127355097150925
2026-09-07 13:06:38.971171,2940.3872559039555,-271.91464903139223,353.13737092761227,17.098387523639605
2026-09-07 13:06:39.070707,2941.142624659686,-272.00555883313154,353.10395495470436,17.127958982569453
2026-09-07 13:06:39.170776,2941.903298170269,-272.0975571669339,353.04796343751593,17.08248986207688
2026-09-07 13:06:39.270741,2942.661073951428,-272.18995648684484,353.0703367679809,17.07637538022123
2026-09-07 13:06:39.371103,2943.4216229945687,-272.2823925774293,353.1489544108802,17.02726526143991
2026-09-07 13:06:39.471566,2943.980825004536,-272.34975464243416,353.22765117119377,16.585490064779727
2026-09-07 13:06:39.569895,2944.7047864182464,-272.43572748034137,353.2166475838818,16.599237296571065
2026-09-07 13:06:39.671464,2945.453205558593,-272.5247505183621,353.19391525954836,16.682663538490132
2026-09-07 13:06:39.771039,2946.1905845351503,-272.6127570611369,353.09362806188204,16.670482284435685
2026-09-07 13:06:39.867507,2946.904283527475,-272.6992046639049,353.0288560783891,16.68818403511795
2026-09-07 13:06:39.968962,2947.6555714894234,-272.79106717191513,352.9266754342592,16.692616620499013
2026-09-07 13:06:40.070484,2948.4073901044117,-272.88435569348536,352.9380363368524,16.718342593706108
2026-09-07 13:06:40.170468,2949.148978448789,-272.97622549772933,352.9380363368524,16.726205564581196
2026-09-07 13:06:40.270943,2949.894559071254,-273.0685898752891,352.9155488624517,16.74815440969293
2026-09-07 13:06:40.370978,2950.637812549248,-273.1609621641809,352.8259928733331,16.734168664569452
2026-09-07 13:06:40.468840,2951.3641715842973,-273.2523878889812,352.8807495098049,16.770938881580232
2026-09-07 13:06:40.571056,2952.124605383729,-273.3473643942852,352.9036266402686,16.796840716427226
2026-09-07 13:06:40.670755,2952.86749653066,-273.43984862631146,352.93709733512213,16.7707055236872
2026-09-07 13:06:40.771684,2953.618437137334,-273.53288950783224,352.9145082502375,16.751303264521354
2026-09-07 13:06:40.871954,2953.9460425156367,-273.57434473185936,352.8920666572227,15.92543475584063
2026-09-07 13:06:40.963424,2954.5922408520537,-273.6549238537021,352.8818306319257,15.947014987055958
2026-09-07 13:06:41.071032,2955.393762783474,-273.75493720379603,352.82162082487645,16.097495709726825
2026-09-07 13:06:41.172508,2956.11828315173,-273.84618766049834,352.832976579802,16.1365105350221
2026-09-07 13:06:41.272775,2956.8359244453486,-273.93642723943503,352.78809473664234,16.128625308378513
2026-09-07 13:06:41.379327,2957.5981014095837,-274.03287348299517,352.7642471589131,16.20031653008127
2026-09-07 13:06:41.471247,2958.258502016835,-274.1167201840808,352.80539269057596,16.23806692713746
2026-09-07 13:06:41.566001,2958.9409119048814,-274.2028633482688,352.8796173586304,16.175141699529195
2026-09-07 13:06:41.668701,2959.677801831227,-274.2949140636716,353.0635010010052,16.2603943125504
2026-09-07 13:06:41.769041,2960.4018393860006,-274.3830002576635,353.19824455998196,16.305109795225327
2026-09-07 13:06:41.869113,2961.1261340199817,-274.46938967055496,353.16464864251657,16.37069222353152
2026-09-07 13:06:41.968523,2961.8484806132305,-274.5559763435073,353.17577320001925,16.40978137453031
2026-09-07 13:06:42.069278,2962.5823656166353,-274.6438015742537,353.00664713757277,16.50310382260543
2026-09-07 13:06:42.169330,2963.315012462113,-274.73367301766217,352.83870112199145,16.49348698882098
2026-09-07 13:06:42.269636,2964.048824144889,-274.8258714621008,352.7264528708227,16.531175503131777
2026-09-07 13:06:42.369287,2964.7793286153437,-274.9191084622068,352.7376043976279,16.497216110166384
2026-09-07 13:06:42.468847,2965.507684799374,-275.0119272021886,352.75988708437916,16.536364242883813
2026-09-07 13:06:42.561428,2966.1866251935203,-275.0981802766198,352.70808532106764,16.61887977211498
2026-09-07 13:06:42.668762,2966.9775928923204,-275.19939212829286,352.8161870140057,16.83646978083903
2026-09-07 13:06:42.769186,2967.727508345462,-275.29391324426416,352.83866307401286,16.86279502578355
2026-09-07 13:06:42.868823,2968.458940748536,-275.38582708736334,352.93901271512635,16.810980195096274
2026-09-07 13:06:42.968571,2969.202879732633,-275.4779752226803,353.0729612951624,16.846715846548047
2026-09-07 13:06:43.062646,2969.9062015974773,-275.5634233077529,353.0097960554238,16.951935737385558
2026-09-07 13:06:43.176091,2970.759519508922,-275.66804948172995,352.9463202770365,17.000508755529903
2026-09-07 13:06:43.267760,2971.450922658405,-275.753600722707,352.8232207423759,17.07740539788853
2026-09-07 13:06:43.368673,2972.215285337738,-275.84984747749036,352.7328787267821,17.151475007151685
2026-09-07 13:06:43.476250,2973.0334949888447,-275.95418535804714,352.6967632497937,17.13831484880456
2026-09-07 13:06:43.568025,2973.730925925669,-276.0435683676593,352.79946481551275,17.13831484880456
2026-09-07 13:06:43.675532,2974.548096306975,-276.1468087488078,353.02804733503257,17.171193836493018
2026-09-07 13:06:43.775537,2975.310079425489,-276.2399899060055,353.10638532528924,17.24809236626664
2026-09-07 13:06:43.876475,2976.0827441954843,-276.3334052477005,353.0612031269104,17.232216375024244
2026-09-07 13:06:43.974877,2976.835230965328,-276.4249831904165,353.0281678576,17.272628848600437
2026-09-07 13:06:44.077047,2977.618309088046,-276.5207423351495,353.07390152785666,17.319945381377146
2026-09-07 13:06:44.177123,2978.3875138490594,-276.61418186582455,352.9955079204077,17.297209230808964
2026-09-07 13:06:44.276946,2979.1977586284465,-276.71377468067055,352.9843371458016,17.364044894266435
2026-09-07 13:06:44.378439,2979.9796915354027,-276.81000095491595,353.0524830897483,17.384442424059632
2026-09-07 13:06:44.477646,2980.7450217120454,-276.90326015092575,353.0746867709911,17.414783013338553
2026-09-07 13:06:44.578739,2981.52629932911,-276.998155372335,353.0746867709911,17.422733198514937
2026-09-07 13:06:44.676184,2982.279727884412,-277.0896680024294,352.9874494704497,17.447426047938364
2026-09-07 13:06:44.778491,2983.0717222994513,-277.1870887939657,352.89585948115837,17.418819267784464
2026-09-07 13:06:45.232540,2986.580217444764,-277.6243524452252,352.4893736781562,17.502136660034036
2026-09-07 13:06:45.332187,2987.3531821035826,-277.7262610187445,352.43361828224664,17.53957756472098
2026-09-07 13:06:45.431937,2988.128501135524,-277.8292476834459,352.45594349320925,17.556138320609712
2026-09-07 13:06:45.543426,2989.1487947305473,-277.96332852807626,352.530801100578,17.856845152880492
2026-09-07 13:06:45.651647,2990.0053628348937,-278.07562943594536,352.6155750183179,17.844551851036698
2026-09-07 13:06:45.742304,2990.722556383245,-278.1685783744423,352.605429972452,17.787516057259857
2026-09-07 13:06:45.852765,2991.5936075923196,-278.28162423255696,352.59306874373954,17.75662927979028
2026-09-07 13:06:45.943363,2992.3067666132297,-278.37433514738166,352.55251497004946,17.765337410634274
2026-09-07 13:06:46.042410,2993.08674390056,-278.4762939067214,352.4638434845271,17.76793383831692
2026-09-07 13:06:46.152332,2993.9523101856557,-278.59080359925804,352.3162325468169,17.74872379838761
2026-09-07 13:06:46.242550,2994.661707631666,-278.68651325050416,352.3162325468169,17.73926386471277
2026-09-07 13:06:46.351591,2995.51865611354,-278.8021300190693,352.34063719171485,17.708774143435033
2026-09-07 13:06:46.451323,2996.301143308099,-278.90736136613606,352.3852795564211,17.763676214558423
2026-09-07 13:06:46.530195,2996.9219484229284,-278.9903567961046,352.4294107353445,17.729906096112646
2026-09-07 13:06:46.649666,2997.8606187901973,-279.11511178600705,352.41604123519954,17.70902726675733
2026-09-07 13:06:46.750403,2998.6511416131693,-279.2203647941422,352.42731429172454,17.5981166274689
2026-09-07 13:06:46.850720,2999.4334586513996,-279.32436860812027,352.3599579552392,17.532373637817525
2026-09-07 13:06:46.950988,3000.212350127737,-279.4288490028178,352.2926345190648,17.468415050498717
2026-09-07 13:06:47.051144,3000.9874106166594,-279.5337427509844,352.32625863679675,17.33976559379462
2026-09-07 13:06:47.150332,3001.749387675937,-279.6364105157981,352.32625863679675,17.329365098313232
2026-09-07 13:06:47.250222,3002.5162973311785,-279.7397428919622,352.2144759138365,17.29183288992584
2026-09-07 13:06:47.350041,3003.280799602032,-279.8442699055501,352.19213525987084,17.273516235166195
2026-09-07 13:06:47.450478,3004.1175727078235,-279.9586722415097,352.2146142294293,17.359378126437655
2026-09-07 13:06:47.539262,3004.800215563198,-280.0520053005899,352.20467878316305,17.363257113776594
2026-09-07 13:06:47.653990,3005.6825129531207,-280.17279160954746,352.24319497569417,17.390324532240264
2026-09-07 13:06:47.751508,3006.433697621547,-280.2751142283518,352.2541078073867,17.39628934033909
2026-09-07 13:06:47.853046,3007.2161370543276,-280.3815424264519,352.2541078073867,17.482351846630475
2026-09-07 13:06:47.951416,3007.9779143599203,-280.4851601412438,352.28713233373844,17.521891617959664
2026-09-07 13:06:48.037799,3008.648429749499,-280.57597072266725,352.28713233373844,17.517362713247557
2026-09-07 13:06:48.153781,3009.5484634968525,-280.6978658934094,352.2611742122561,17.457568899355064
2026-09-07 13:06:48.251945,3010.3075806346087,-280.80102641544454,352.2831444579597,17.467862021894433
2026-09-07 13:06:48.352035,3011.0820884866007,-280.9059760083015,352.2831444579597,17.474858739190424
2026-09-07 13:06:48.452787,3011.609777523062,-280.9778330513035,352.21549604728585,17.054396904716008
2026-09-07 13:06:48.538047,3012.253809285874,-281.06587698413415,352.2250371374446,17.04545684901629
2026-09-07 13:06:48.644141,3013.054813760578,-281.1752443786088,352.02320402545587,17.083466014163704
2026-09-07 13:06:48.742909,3013.8018060001436,-281.27991881180503,352.01215131148916,17.143015635003007
2026-09-07 13:06:48.849306,3014.6092802809458,-281.3932272944959,351.9764319811013,17.176484850565373
2026-09-07 13:06:48.949617,3015.3719857603055,-281.5007385053502,351.75192428818195,17.02046415401137
2026-09-07 13:06:49.050414,3016.1309996831465,-281.61076425918947,351.4248109328307,16.88218366422019
2026-09-07 13:06:49.150015,3016.87428645452,-281.7228466069188,351.190746371032,16.867388279229473
2026-09-07 13:06:49.354601,3018.1993169678267,-281.93108590484275,351.190746371032,16.45839064138256
2026-09-07 13:06:49.468236,3019.0255305404366,-282.0591271636244,351.2161792065983,16.52491804420166
2026-09-07 13:06:49.566342,3019.7417688680916,-282.1697996252292,351.282051000484,16.531776071447542
2026-09-07 13:06:49.665623,3020.467014611624,-282.2810103471514,351.2487206355279,16.572549539355897
2026-09-07 13:06:49.766396,3021.204909037625,-282.3946000288187,351.14722686931725,16.624502445905087
2026-09-07 13:06:49.867420,3021.700233426959,-282.4742117537199,351.14722686931725,16.005025337898477
2026-09-07 13:06:49.966253,3022.3989482184224,-282.5830375974562,351.22464678423194,15.939391285296919
2026-09-07 13:06:50.068199,3023.1168656676796,-282.6938608856281,351.2930968881957,15.92246594374471
2026-09-07 13:06:50.168174,3023.82028468203,-282.80158585583484,351.2930968881957,15.932948961203996
2026-09-07 13:06:50.268183,3024.524406192468,-282.90941840967037,351.214755764576,15.93032731555987
2026-09-07 13:06:50.353842,3025.127269297726,-283.0025875753477,351.0997268776078,15.951285066823738
2026-09-07 13:06:50.592121,3026.6116342911787,-283.23618132395904,351.1263916843394,15.29460025269285
2026-09-07 13:06:50.669532,3027.1345814095785,-283.31782588731267,351.2130190981654,15.32098062588373
2026-09-07 13:06:50.771907,3027.827527502685,-283.42493838691337,351.3046699642224,15.364813873118315
2026-09-07 13:06:50.879955,3028.5611452405415,-283.53713648198374,351.3772171640446,15.383696411593618
2026-09-07 13:06:50.971687,3029.18486728633,-283.63171927460553,351.3874825086663,15.452630329699382
2026-09-07 13:06:51.080788,3029.930032324161,-283.74458141735255,351.4119005822626,15.506970029796129
2026-09-07 13:06:51.171573,3030.552318798879,-283.83856119459364,351.4322193218841,15.53632147380841
2026-09-07 13:06:51.280617,3031.30121654078,-283.9513906037188,351.5298405872157,15.576340333977523
2026-09-07 13:06:51.372597,3031.934710121795,-284.0457295767912,351.4474958090968,15.670376067636703
2026-09-07 13:06:51.465054,3032.5751954628863,-284.14205086617625,351.41645638007464,15.646947192074673
2026-09-07 13:06:51.671292,3034.001633251264,-284.3573602478855,351.34721868295424,15.594685876672248
2026-09-07 13:06:51.767701,3034.666093797465,-284.4584766513787,351.3364299548154,15.649443499382185
2026-09-07 13:06:51.868870,3035.36578899428,-284.56508980702523,351.3364299548154,15.651211535380083
2026-09-07 13:06:51.981159,3036.142478992054,-284.6834347263538,351.3238641622651,15.65709864489489
2026-09-07 13:06:52.079229,3036.821050275031,-284.78698149390794,351.3348387659699,15.6905192595211
2026-09-07 13:06:52.179709,3037.51780134078,-284.8931658489228,351.3573273594288,15.688763264531838
2026-09-07 13:06:52.278997,3038.2062508825607,-284.9978085818868,351.4128818843926,15.706114899732267
2026-09-07 13:06:52.368098,3038.8248393059366,-285.0912190309425,351.50262016809097,15.68042217473842
2026-09-07 13:06:52.469061,3039.524798315013,-285.1957958815065,351.5478135570517,15.701595405881045
2026-09-07 13:06:52.589026,3040.357715825205,-285.3195657280284,351.68206137324876,15.683775018933009
2026-09-07 13:06:52.678901,3040.981225434343,-285.4107253200934,351.7323490508243,15.723041551989336
2026-09-07 13:06:52.788504,3041.743599661027,-285.5215041329034,351.70781862378533,15.738364985015464
2026-09-07 13:06:52.879303,3042.375753560919,-285.61363731516457,351.49443895744906,15.68441347200768
2026-09-07 13:06:52.968175,3042.992031436238,-285.7058018126394,351.52427483938396,15.68441347200768
2026-09-07 13:06:53.068298,3043.686382711891,-285.8092725745303,351.47945745397624,15.607424206505712
2026-09-07 13:06:53.168649,3044.3788181422087,-285.91301156404404,351.490687314855,15.583748708717481
2026-09-07 13:06:53.289960,3045.214635152975,-286.03806414214563,351.4499610942973,15.522267580770318
2026-09-07 13:06:53.386967,3045.880292956075,-286.1381417778887,351.5150949812101,15.514638727997077
2026-09-07 13:06:53.487385,3046.5691354984247,-286.24090445896553,351.61623120832786,15.516393639470323
2026-09-07 13:06:53.586945,3047.252348424206,-286.341594808181,351.6496552384548,15.492904759839865
2026-09-07 13:06:53.666807,3047.799604627792,-286.4219220153205,351.7300884413674,15.421027575331767
2026-09-07 13:06:53.773822,3048.5296749281024,-286.52803623361666,351.74206404262634,15.334998325991663
2026-09-07 13:06:53.888653,3049.308720342726,-286.64110261809515,351.78061481405564,15.303893019070024
2026-09-07 13:06:53.980462,3049.930375274524,-286.7308991680874,351.86280650501374,15.291057338817698
2026-09-07 13:06:54.090770,3050.6768176178757,-286.8376280580981,351.986247576235,15.305515461972226
2026-09-07 13:06:54.187009,3050.52939556358,-286.810808977449,352.04009609698267,14.506310957484247
2026-09-07 13:06:54.272819,3051.080503480322,-286.88786889480855,352.001685543545,14.557298075527376
2026-09-07 13:06:54.374924,3051.7385077923223,-286.9803256304371,351.9331286814296,14.56889663389184
2026-09-07 13:06:54.476256,3052.391940542918,-287.07293744346674,351.95580796240466,14.535249826559165
2026-09-07 13:06:54.589105,3053.117999966961,-287.1755495712315,351.88003720354993,14.55595746912191
2026-09-07 13:06:54.688471,3053.758101666583,-287.2668770843594,351.7799605007298,14.56029878575465
2026-09-07 13:06:54.788052,3054.399618798842,-287.35955016007273,351.80224788752554,14.554207791730066
2026-09-07 13:06:54.888140,3055.044168545097,-287.45240538477145,351.82464874682205,14.592688967911169
2026-09-07 13:06:54.973863,3055.597700852756,-287.53192754839347,351.7383126238439,14.694559815598177
2026-09-07 13:06:55.091479,3056.3623087062947,-287.64294966173594,351.72515070899385,14.717169928787152
2026-09-07 13:06:55.188579,3057.0860734918297,-287.74828373863556,351.8120791494739,14.83004086299993
2026-09-07 13:06:55.288402,3057.7411161055516,-287.84253586119144,351.83442069868613,14.899821391587977
2026-09-07 13:06:55.388242,3058.3993898846966,-287.936990923871,351.81207534467603,14.891097340048965
2026-09-07 13:06:55.483917,3059.0297979456805,-288.02769849704134,351.90843464808273,14.959650262466422
2026-09-07 13:06:55.589524,3059.7290201279484,-288.12710753325365,351.8847985723521,15.015018105668373
2026-09-07 13:06:55.689353,3060.3923936354918,-288.22169913913285,351.86245568027005,15.040315067699176
2026-09-07 13:06:55.789653,3061.0599827201177,-288.3171574906312,351.82878321922414,15.098159094520042
2026-09-07 13:06:55.890352,3061.732748577468,-288.4137595665012,351.8513208274319,15.020726915632247
2026-09-07 13:06:55.979103,3062.3226826618525,-288.4982310491846,351.9109113476768,15.01840038829409
2026-09-07 13:06:56.086548,3063.0368724046302,-288.5997365409399,351.959006230722,14.994928941038252
2026-09-07 13:06:56.186762,3063.702035561492,-288.69370448355784,351.981435290285,14.975664131121913
2026-09-07 13:06:56.286322,3064.362045293259,-288.7866808893392,352.0260006637875,14.971314338597754
2026-09-07 13:06:56.386818,3065.0281392865077,-288.87998607280844,352.0260006637875,14.948482768715863
2026-09-07 13:06:56.486289,3065.6864340666657,-288.9721987572975,352.00373789627207,14.925884067397188
2026-09-07 13:06:56.588096,3066.3591331639864,-289.0666956975802,351.9695595090169,14.920546510215503
2026-09-07 13:06:56.687300,3067.014343265063,-289.1591344787698,351.99176251882477,14.910144337031895
2026-09-07 13:06:56.787963,3067.678762347285,-289.2526099042243,351.9579681923416,14.894311599049836
2026-09-07 13:06:56.888158,3068.3393352429416,-289.3459415848701,352.02524261376715,14.853162762746036
2026-09-07 13:06:56.972227,3068.8921515290785,-289.42338649948135,352.05346604475085,14.842878395715122
2026-09-07 13:06:57.080369,3069.602822293906,-289.52258858325064,352.0050591682813,14.823034481440114
2026-09-07 13:06:57.176408,3070.233038106537,-289.6111028936533,352.0373011372383,14.834783167939085
2026-09-07 13:06:57.287150,3070.9603695576657,-289.7128398414189,352.1116571827246,14.730275112172263
2026-09-07 13:06:57.387184,3071.6128624097555,-289.8032454006267,352.1788235031287,14.76611322579185
2026-09-07 13:06:57.487740,3072.2704622277092,-289.8935729924246,352.2688459157024,14.783686457493712
2026-09-07 13:06:57.587234,3072.922031083753,-289.98202934608815,352.29111383088554,14.843673801327597
2026-09-07 13:06:57.687684,3073.582564672971,-290.07144131023887,352.29111383088554,14.870883597291044
2026-09-07 13:06:57.780160,3074.191777970947,-290.1539063936925,352.3325082410906,14.912094569743175
2026-09-07 13:06:57.887465,3074.9007098874436,-290.24934819699774,352.30849213319743,14.851148322972751
2026-09-07 13:06:57.987874,3075.561333438197,-290.3385683027317,352.2523103761161,14.819562747576814
2026-09-07 13:06:58.087897,3076.2179304700157,-290.427900270323,352.19634459726615,14.832672810784244
2026-09-07 13:06:58.186766,3077.341125459437,-290.5831906649536,352.16315254790277,15.354007805703844
2026-09-07 13:06:58.279493,3077.9716458478997,-290.66997435333997,352.1112690933431,15.354007805703844
2026-09-07 13:06:58.379991,3078.6549216392013,-290.7646497319315,352.1450080264457,15.29341512593805
2026-09-07 13:06:58.481060,3079.3394235456685,-290.85908422439377,352.1110773986745,15.265154511675345
2026-09-07 13:06:58.581041,3080.0152502326146,-290.95272975214647,352.0215697528699,15.280006344355307
2026-09-07 13:06:58.687671,3080.7365653762836,-291.0538270869926,351.90224457768477,15.278142871567637
2026-09-07 13:06:58.788609,3081.4190920685296,-291.1509377404238,351.9135401272795,15.28519886767537
2026-09-07 13:06:58.887357,3082.087137430748,-291.2458536103094,351.94669155483035,15.306770448238629
2026-09-07 13:06:58.988333,3082.771275742733,-291.3426521650046,352.01449036692543,15.280300501477713
2026-09-07 13:06:59.085852,3083.4309593865696,-291.43519452863626,352.069055084917,15.323758834694539
2026-09-07 13:06:59.181086,3084.077104011043,-291.5252102273425,352.10102680132024,15.351220041325936
2026-09-07 13:06:59.280095,3084.7501173383457,-291.6185862505235,352.06778775151275,15.330456588950309
2026-09-07 13:06:59.380251,3085.429951719214,-291.713310665751,352.0789957907567,15.298950599553386
2026-09-07 13:06:59.481035,3086.112661500338,-291.80829958476045,352.1128307390523,15.324489561391253
2026-09-07 13:06:59.586347,3086.8272933633184,-291.9072998402867,352.1128307390523,15.332771538395548
2026-09-07 13:06:59.685210,3087.498525818808,-292.0002878359995,352.09070404901325,15.340546351261844
2026-09-07 13:06:59.785237,3088.1779692451864,-292.0946807638458,352.09070404901325,15.340546351261844
2026-09-07 13:06:59.885760,3088.8607818012947,-292.1895417542374,352.06820583165387,15.364262428472497
2026-09-07 13:06:59.986297,3089.5447078465168,-292.28483119225825,352.13570988382077,15.330879597098347
2026-09-07 13:07:00.085911,3090.2209931338725,-292.37824395376947,352.16915204269037,15.298673673830855
2026-09-07 13:07:00.185220,3090.893845547566,-292.47078235702173,352.1469255326604,15.298673673830855
2026-09-07 13:07:00.285510,3091.5733082677452,-292.56449846671876,352.1469255326604,15.260991171286339
2026-09-07 13:07:00.385806,3092.251137937977,-292.6579893350839,352.1693729447778,15.251350884622951
2026-09-07 13:07:00.479547,3092.8843009700627,-292.74506671074704,352.14839261795225,15.253808220306
2026-09-07 13:07:00.579160,3093.5572002388094,-292.8378599870607,352.12609806918414,15.090168955642882
2026-09-07 13:07:00.693422,3094.320734169199,-292.9434546134466,352.12609806918414,15.031261877277412
2026-09-07 13:07:00.784214,3094.9250659610743,-293.02703202531563,352.1464183754871,15.066962331934715
2026-09-07 13:07:00.893013,3095.6510119283375,-293.1271659679261,352.1464183754871,15.067913021120805
2026-09-07 13:07:00.984272,3096.259963142834,-293.2111621449347,352.18726802816354,15.029636664418945
2026-09-07 13:07:01.079914,3096.8966024059723,-293.2985150057357,352.2514854064158,15.0212794354797
2026-09-07 13:07:01.180247,3097.5641980916653,-293.3893531629893,352.29639679271173,15.02741642650679
2026-09-07 13:07:01.293106,3098.161064009072,-293.46958209351254,352.1448418463039,14.940165902130483
2026-09-07 13:07:01.384605,3098.766438072425,-293.55310182752817,352.1448418463039,14.890595586135271
2026-09-07 13:07:01.493424,3099.4840156203563,-293.6521015858047,352.08395444951844,14.953352606620015
2026-09-07 13:07:01.591498,3100.133368218365,-293.74239206317014,351.97420393623787,14.817950748005575
2026-09-07 13:07:01.680850,3100.719457878776,-293.8250306951947,351.9342079011515,14.799212491921107
2026-09-07 13:07:01.781077,3101.375984163124,-293.91806834383465,351.9005599474801,14.799212491921107
2026-09-07 13:07:01.880640,3102.0281065977415,-294.0108726079935,351.84485155201463,14.778332858666813
2026-09-07 13:07:01.994900,3102.775332508278,-294.1179524935448,351.8704242698551,14.737398147846752
2026-09-07 13:07:02.094392,3103.4242193542204,-294.21064452855626,351.8704242698551,14.703492939420213
2026-09-07 13:07:02.194029,3104.0725568700186,-294.30325809298495,351.88157422997887,14.660832004087245
2026-09-07 13:07:02.293651,3104.718933923555,-294.3954632593329,351.9038707930517,14.712191519594805
2026-09-07 13:07:02.380091,3105.2817782074,-294.47552906875393,351.8941976540261,14.732585038631132
2026-09-07 13:07:02.496728,3106.042281314426,-294.58384326632034,351.98556416739615,14.748891884774654
2026-09-07 13:07:02.594835,3106.479144233122,-294.6454872881392,351.99654291161625,14.428047962723042
2026-09-07 13:07:02.695338,3107.121065965743,-294.7357430016148,352.09776474668587,14.474592481599988
2026-09-07 13:07:02.795553,3107.7633716100268,-294.82489581556604,352.18748188018435,14.477219527348131
2026-09-07 13:07:02.888341,3108.3583120417675,-294.90652494435574,352.3120840861873,14.489381295590347
2026-09-07 13:07:02.981211,3108.9544548890713,-294.9869985941163,352.3224767796314,14.556735884245725
2026-09-07 13:07:03.087959,3109.6428843169942,-295.07980291566986,352.358313946847,14.564198024098983
2026-09-07 13:07:03.195674,3110.337964602292,-295.17306119194825,352.37036788217955,14.571727761370816
2026-09-07 13:07:03.295920,3110.98520044533,-295.25976161055394,352.3928041037149,14.58223919491144
2026-09-07 13:07:03.396399,3111.634442625493,-295.34647200536455,352.4265366581858,14.591019082477429
2026-09-07 13:07:03.495412,3112.2746477152637,-295.4315918296065,352.4265366581858,14.611783373704165
2026-09-07 13:07:03.718285,3113.7177661072383,-295.6234646932371,352.3267735154716,14.590361187280692
2026-09-07 13:07:03.807023,3114.291374828609,-295.70074671317246,352.3267735154716,14.599665933500269
2026-09-07 13:07:03.908563,3114.9481551684967,-295.78923440422267,352.34949934926755,14.577484438276127
2026-09-07 13:07:04.016892,3115.647820831297,-295.8832174754432,352.38586728578434,14.55381988050445
2026-09-07 13:07:04.095092,3116.1521149795017,-295.9506312899745,352.4033693559325,14.562019650100012
2026-09-07 13:07:04.218281,3116.9470130378813,-296.0566457586749,352.4033693559325,14.52434461857319
2026-09-07 13:07:04.308001,3117.524448834568,-296.133657582454,352.4134095460456,14.521992689774873
2026-09-07 13:07:04.418148,3118.2332540810607,-296.2280635569973,352.45038781690124,14.511405541183583
2026-09-07 13:07:04.507975,3118.81092652495,-296.30462450912285,352.4704921449728,14.531813233308448
2026-09-07 13:07:04.616371,3119.509027926164,-296.3968970871446,352.49475243136385,14.540337743139784
2026-09-07 13:07:04.715535,3120.148082935207,-296.4810898197071,352.49475243136385,14.5256072729917
2026-09-07 13:07:04.815687,3120.7928511748605,-296.56603524568413,352.4499220648811,14.510730038851579
2026-09-07 13:07:04.916327,3121.4400305959607,-296.6518135542026,352.4499220648811,14.495780313994741
2026-09-07 13:07:05.015919,3122.0798108928816,-296.7366111696769,352.4833568379666,14.518406505163318
2026-09-07 13:07:05.096840,3122.600500029429,-296.80531507108554,352.4471347147324,14.5311341309071
2026-09-07 13:07:05.219643,3123.39130701296,-296.91016917913095,352.40590760372726,14.57405639457478
2026-09-07 13:07:05.314875,3124.006319324936,-296.9921648014641,352.37393655875894,14.603181305097328
2026-09-07 13:07:05.415754,3124.659053462904,-297.0795603588439,352.4078034002131,14.634033244031764
2026-09-07 13:07:05.515520,3125.306000863256,-297.1657918938784,352.3296526283921,14.661057758756398
2026-09-07 13:07:05.615526,3125.9555834402995,-297.25327660008315,352.2401226014236,14.661931614423674
2026-09-07 13:07:05.715940,3126.607716965617,-297.3421425860223,352.1727011357514,14.62858962461292
2026-09-07 13:07:05.825548,3127.499436049522,-297.46421716951727,352.1113722705086,14.851138592619977
2026-09-07 13:07:05.917092,3128.1014500647943,-297.54763173005244,352.06015073887045,14.864737138052154
2026-09-07 13:07:06.017528,3128.7624625081307,-297.6398234183561,352.03767199312364,14.827877391161497
2026-09-07 13:07:06.117984,3129.4219310186586,-297.73206354895945,352.03767199312364,14.819099513342955
2026-09-07 13:07:06.217129,3130.072407841664,-297.82304600854707,352.08205160296603,14.769718576723749
2026-09-07 13:07:06.317863,3130.731178752065,-297.91466837472274,352.08205160296603,14.723067078116243
2026-09-07 13:07:06.418335,3131.386160883203,-298.0057637945571,352.05956480000026,14.653710798476837
2026-09-07 13:07:06.517587,3132.0301065970657,-298.0955818922575,351.97070978893413,14.614683774888343
2026-09-07 13:07:06.617452,3132.6761632881867,-298.18671605758703,351.92600789033196,14.50560582429947
2026-09-07 13:07:06.718834,3133.3270669193685,-298.2790519370378,351.86928171143944,14.506491703499318
2026-09-07 13:07:06.819302,3133.9720508672017,-298.3711995761587,351.89176761915866,14.449428682013545
2026-09-07 13:07:06.919261,3134.6112786613494,-298.46226887134196,351.8805816253611,14.414490882823316
2026-09-07 13:07:07.019900,3135.1871659389176,-298.544758967826,351.8130090868328,14.345046789521726
2026-09-07 13:07:07.111725,3135.770020915366,-298.6286145713148,351.7719060793813,14.321778064617353
2026-09-07 13:07:07.215045,3136.4247083445107,-298.7232841740315,351.6794092053299,14.268512067726695
2026-09-07 13:07:07.314806,3137.0543452631314,-298.81536937168767,351.6347538595486,14.2109788876701
2026-09-07 13:07:07.416931,3137.6962301196045,-298.9097568787404,351.64618224135086,14.1610060804269
2026-09-07 13:07:07.638908,3138.923193670557,-299.0909625455783,351.5468201690933,13.921313127449897
2026-09-07 13:07:07.735411,3139.5172444212863,-299.17924780492575,351.4820246853782,13.940707793265597
2026-09-07 13:07:07.836489,3140.140219568814,-299.2725518843082,351.41415738692166,13.853268732303489
2026-09-07 13:07:07.936175,3140.7506530252112,-299.364716986804,351.49224549148374,13.887240052683097
2026-09-07 13:07:08.031673,3141.336995117599,-299.4524275303009,351.57773974698284,13.969852049791859
2026-09-07 13:07:08.135576,3141.9788800663246,-299.54746768727256,351.67075854977577,13.981654850925427
2026-09-07 13:07:08.236368,3142.6022211464187,-299.6387282392665,351.76099224053644,13.953471690581834
2026-09-07 13:07:08.336263,3143.218910884192,-299.72802319943486,351.7945287360118,14.018065235762354
2026-09-07 13:07:08.436453,3143.521171160794,-299.7717048320398,351.7272576717608,13.495222804656557
2026-09-07 13:07:08.535736,3144.1139033915542,-299.8578871476341,351.37172661692347,13.637499048113519
2026-09-07 13:07:08.636233,3144.71965008107,-299.94980349491294,351.29300322302487,13.61993612728988
2026-09-07 13:07:08.736053,3145.320415450114,-300.041808597418,351.3265145396909,13.711520318581487
2026-09-07 13:07:08.836275,3145.9277105195424,-300.1344502059097,351.4498842149994,13.669484650632308
2026-09-07 13:07:08.936003,3146.5303560656303,-300.2250551557787,351.4833646456592,13.641599002815559
2026-09-07 13:07:09.036081,3147.133935835706,-300.31543992315846,351.57295913037973,13.68007633426241
2026-09-07 13:07:09.136542,3147.74167601429,-300.40547628399554,351.80904471127604,13.782782616488273
2026-09-07 13:07:09.236219,3148.349566216119,-300.49297664825184,351.8425080203456,13.814137927254647
2026-09-07 13:07:09.335360,3148.9556139004735,-300.5798505361451,351.7648468364843,13.860051682525427
2026-09-07 13:07:09.436263,3149.1492265693046,-300.6072144356248,351.59547234311884,12.984918909384852
2026-09-07 13:07:09.536413,3149.724331874677,-300.69218503631396,351.416154458174,12.979668225721198
2026-09-07 13:07:09.637535,3150.304512773869,-300.7797618322226,351.31430919578474,12.876286170284326
2026-09-07 13:07:09.737066,3150.8708641277412,-300.86628101914044,351.13609962607484,12.729306008064501
2026-09-07 13:07:09.837112,3151.4333775690143,-300.9540052022864,351.0353380596403,12.570200663744082
2026-09-07 13:07:09.935825,3151.981307737276,-301.0404424271481,351.0684777370802,12.527935351565642
2026-09-07 13:07:10.045165,3152.415664840679,-301.109932532274,351.08071351936917,12.131235655610725
2026-09-07 13:07:10.137045,3152.907918320391,-301.18718714105063,351.10127733273504,12.25246606843732
2026-09-07 13:07:10.245020,3153.4922156804723,-301.27867232035203,351.1737755178084,12.401537337926626
2026-09-07 13:07:10.336745,3153.9947157583765,-301.3566989671852,351.08139446628,12.557027566010245
2026-09-07 13:07:10.435541,3154.542601234908,-301.442677828976,350.9708359929836,12.651125374651528
2026-09-07 13:07:10.545549,3155.1570485773786,-301.5403173576244,350.82310956846777,12.71360685002286
2026-09-07 13:07:10.633439,3155.6501770378013,-301.619982638385,350.68541393397624,12.755846061698549
2026-09-07 13:07:10.744782,3156.276724700646,-301.722747540336,350.5608146375246,12.807410754944678
2026-09-07 13:07:10.834451,3156.7831666015322,-301.80694434876483,350.4404008425287,12.815246061209217
2026-09-07 13:07:10.930030,3157.3231279459324,-301.89788038700397,350.3762257646762,12.803553647638845
2026-09-07 13:07:11.031331,3157.7877222242196,-301.9778637826237,350.3535534218619,12.561233156191152
2026-09-07 13:07:11.134269,3158.3575844416064,-302.07472399911506,350.36507278309534,12.572926338708376
2026-09-07 13:07:11.234466,3158.9128078687086,-302.1689811923873,350.3762854104779,12.596565503757922
2026-09-07 13:07:11.334786,3159.469776563142,-302.26342253516447,350.3987381940746,12.595688904348474
2026-09-07 13:07:11.434783,3160.0249501971557,-302.35733570293945,350.47706991760543,12.585203580048637
2026-09-07 13:07:11.530277,3160.55480428193,-302.4462208711805,350.5518742578042,12.545985385787496
2026-09-07 13:07:11.634218,3161.1298552802427,-302.54191626910546,350.6449270799662,12.527820589292777
2026-09-07 13:07:11.741546,3161.722944516193,-302.6396238154193,350.8130758688922,12.494996345377242
2026-09-07 13:07:11.832790,3162.2260742479657,-302.7209952199364,350.9764476222013,12.468685675470747
2026-09-07 13:07:11.940078,3162.8166965267087,-302.8147894906893,350.94042916755836,12.345875006962334
2026-09-07 13:07:12.033497,3163.2086470324934,-302.87694043303935,350.992699816253,11.96080419194555
2026-09-07 13:07:12.128624,3163.711014751856,-302.9565732779058,351.0565714055234,11.921736720005121
2026-09-07 13:07:12.228855,3164.2387007861466,-303.0396165338152,351.0677878377038,11.903344463789233
2026-09-07 13:07:12.341586,3164.8312981873537,-303.132756173555,350.89117426878965,11.896449133883072
2026-09-07 13:07:12.440699,3165.2129900056916,-303.1938506316199,350.8246263399434,11.532157074767925
2026-09-07 13:07:12.539753,3165.717112702075,-303.27527834592007,350.7581180257572,11.523501704163504
2026-09-07 13:07:12.641124,3166.2325432525113,-303.35914657683065,350.70139800168477,11.490727730148315
2026-09-07 13:07:12.729332,3166.679697427587,-303.43235967819425,350.711268990199,11.463750977508731
2026-09-07 13:07:12.830139,3167.0426441230074,-303.49198632072785,350.7338307700637,11.061308879772321
2026-09-07 13:07:12.950701,3167.6310255077956,-303.58798077102114,350.7877971276392,11.084485322316613
2026-09-07 13:07:13.039509,3168.065411810772,-303.65843094600086,350.81761152365675,11.124061688525453
2026-09-07 13:07:13.141501,3168.5661083486025,-303.73936815650774,350.8518520186417,11.169513367905372
2026-09-07 13:07:13.249480,3169.098413316868,-303.82508845417584,350.827685061704,11.191214419894568
2026-09-07 13:07:13.340502,3169.5479664392046,-303.8976772690447,350.83787095319394,11.172125943471876
2026-09-07 13:07:13.429198,3169.771991269208,-303.93371799904907,350.8080941575317,10.49467072251385
2026-09-07 13:07:13.551259,3170.337291502389,-304.0251947052069,350.68516013157796,10.401878873979603
2026-09-07 13:07:13.648583,3170.7838859845797,-304.0984461331893,350.65248676568734,10.325341050183075
2026-09-07 13:07:13.740710,3171.2034828653,-304.16751509285376,350.5700103863248,10.294750719200389
2026-09-07 13:07:13.850088,3171.5547094032545,-304.2263249918231,350.5088102127742,9.787115997825916
2026-09-07 13:07:13.946184,3171.9693962816523,-304.29565422679025,350.4657954063048,9.773680958455836
2026-09-07 13:07:14.028590,3172.197007398756,-304.334409461454,350.4289085625035,9.351870464151741
2026-09-07 13:07:14.151856,3172.705167244792,-304.4200945619028,350.3599376488565,9.356178873354498
2026-09-07 13:07:14.248303,3173.102868830584,-304.48764682007555,350.3275587071766,9.330053406044525
2026-09-07 13:07:14.348370,3173.5143058202652,-304.5577713700545,350.29396446829844,9.301198579365145
2026-09-07 13:07:14.448777,3173.783492904421,-304.60442282955944,350.3052005959031,8.7455168474046
2026-09-07 13:07:14.528400,3174.0903409936404,-304.6568446688159,350.3586622582332,8.706554939633483
2026-09-07 13:07:14.653351,3174.452782299164,-304.7186715743853,350.4845069545485,8.20408187961023
2026-09-07 13:07:14.748465,3174.7968182611194,-304.7763390882722,350.505794574754,8.182473040076855
2026-09-07 13:07:14.848370,3175.0391095592913,-304.8168150269467,350.4834346729874,7.652089423549384
2026-09-07 13:07:14.947850,3175.374726488949,-304.87307779511434,350.49456706389753,7.589502742268067
2026-09-07 13:07:15.036724,3175.5691644271997,-304.90561883592875,350.50451258168744,7.044574936774493
2026-09-07 13:07:15.151688,3175.926249305575,-304.9653454401608,350.49164744107037,6.947132698663809
2026-09-07 13:07:15.248120,3176.0793544483963,-304.9909850045964,350.5563952529064,6.221236246237366
2026-09-07 13:07:15.349090,3176.356360619827,-305.03705969846584,350.612890905811,6.206237501018816
2026-09-07 13:07:15.450580,3176.5010600209525,-305.06076547932815,350.681034835453,5.4977378770023355
2026-09-07 13:07:15.535623,3176.7073124548806,-305.0946107157169,350.7286188684328,5.574278051329577
2026-09-07 13:07:15.651809,3176.8566706804495,-305.118644847892,350.8456358741878,4.969708574081673
2026-09-07 13:07:15.750658,3177.07348231244,-305.15358347282137,350.90094476587814,5.172688828575119
2026-09-07 13:07:15.850003,3177.144844677483,-305.16441360200355,350.9342966167515,4.586732293916285
2026-09-07 13:07:15.950507,3177.348349113069,-305.1968848026023,350.95679058168975,4.868636807494489
2026-09-07 13:07:16.051025,3177.5644047131314,-305.231271692874,351.0355304257438,5.318341531903937
2026-09-07 13:07:16.146418,3177.7884323571884,-305.2666117901742,351.0782305530492,5.755120224806139
2026-09-07 13:07:16.250657,3178.001980818143,-305.2999477019726,351.0782305530492,5.5068107888173365
2026-09-07 13:07:16.350811,3178.206586840907,-305.33195033996867,351.0782305530492,5.315673101346492
2026-09-07 13:07:16.447159,3178.4012728611783,-305.36243459509865,351.0782305530492,5.152369694393307
2026-09-07 13:07:16.547632,3178.5552402821268,-305.386453829901,351.0557435262718,4.724259919394803
2026-09-07 13:07:16.645099,3178.7585810247133,-305.4184570762051,351.0775577752632,4.722556579788727
2026-09-07 13:07:16.747949,3178.94899313121,-305.44831907224665,351.0200102076565,4.594465639109311
2026-09-07 13:07:16.848271,3179.1525198807817,-305.4804816829991,351.0200102076565,4.6067382755065
2026-09-07 13:07:16.948403,3179.356203797292,-305.51266913028564,351.06483162167376,4.5778647057476425
2026-09-07 13:07:17.047812,3179.557174391919,-305.5442666792478,351.0425827304799,4.576127427623762
2026-09-07 13:07:17.148502,3179.7928837245922,-305.58142979894,351.07638612133445,4.769144374195004
2026-09-07 13:07:17.248533,3180.0035682800894,-305.61451108645053,351.087580172351,4.758655484777949
2026-09-07 13:07:17.349030,3180.2147752743285,-305.64763212608494,351.12131876973615,4.756899192695585
2026-09-07 13:07:17.448826,3180.424450946205,-305.68038653488014,351.07664775714017,4.7638753581393924
2026-09-07 13:07:17.548148,3180.633411243572,-305.71319610494174,351.0433036277683,4.755196569608166
2026-09-07 13:07:17.633052,3180.8116962403305,-305.7412955645099,351.0433036277683,4.747777630587049
2026-09-07 13:07:17.740761,3181.1486344491705,-305.7943740275236,351.0433036277683,5.165171818935102
2026-09-07 13:07:17.848215,3181.3937244151334,-305.8330026037603,351.0433036277683,5.121980738438949
2026-09-07 13:07:17.948273,3181.6200365964073,-305.8686716174357,351.0209094828209,5.083511096460602
2026-09-07 13:07:18.048536,3181.8450953220395,-305.9042332294666,351.0209094828209,5.028316711939643
2026-09-07 13:07:18.148752,3182.0676061106865,-305.9393922410372,351.0881980043797,4.964391294191789
2026-09-07 13:07:18.239298,3182.2661273344047,-305.97052173130385,351.05780013142,4.912172498054979
2026-09-07 13:07:18.339487,3182.4834620619945,-306.00471945851524,350.9905297386039,4.844762484060145
2026-09-07 13:07:18.448905,3182.717516132672,-306.04182963916213,350.9293071838895,4.752977073358641
2026-09-07 13:07:18.548674,3182.9787876084415,-306.0834494032954,350.9069777205057,4.879927212636715
2026-09-07 13:07:18.648259,3183.19330441359,-306.1177826340247,350.8958335794846,4.870355266124657
2026-09-07 13:07:18.748633,3183.4090899808652,-306.1523619762099,350.88460114477203,4.858953339703085
2026-09-07 13:07:18.845128,3183.6160442583764,-306.1855677313931,350.86300444069343,4.869914633365285
2026-09-07 13:07:18.947934,3183.837017853302,-306.22110832391377,350.86300444069343,4.863626378259478
2026-09-07 13:07:19.049437,3184.0549090351215,-306.2561531522767,350.942515875372,4.991345234513952
2026-09-07 13:07:19.149091,3184.274497448563,-306.291158413085,351.09864195068906,5.0853894615406166
2026-09-07 13:07:19.248581,3184.497951238175,-306.3261557690238,351.2211105603401,5.260128176896066
2026-09-07 13:07:19.349501,3184.7324831896644,-306.36237475447166,351.1985234897602,5.4215053047817126
2026-09-07 13:07:19.441192,3184.9520913988595,-306.39637769640365,351.2087842462433,5.516847977207559
2026-09-07 13:07:19.543904,3185.22918821544,-306.4393124276495,351.2087842462433,5.557745083812794
2026-09-07 13:07:19.657497,3185.508098290118,-306.48244620387464,351.1833608107658,5.54781929067907
2026-09-07 13:07:19.745736,3185.724353733183,-306.5159886256779,351.21298418354974,5.5385668677974484
2026-09-07 13:07:19.846780,3185.9715983616097,-306.55420674585224,351.2242915951613,5.565054640144443
2026-09-07 13:07:19.946583,3186.3329907082257,-306.61025617949724,351.2242915951613,5.896624805383446
2026-09-07 13:07:20.042318,3186.582396427308,-306.6487579575841,351.1492984698453,5.880730630295647
2026-09-07 13:07:20.142334,3186.978309886011,-306.71048889618066,351.0821442352697,6.227504870912821
2026-09-07 13:07:20.246875,3187.2658279906864,-306.7556048342627,351.0821442352697,6.1270217800540605
2026-09-07 13:07:20.346917,3187.5365329801293,-306.79808254033975,351.0261678253669,6.139260163364279
2026-09-07 13:07:20.446421,3187.806278510814,-306.84067975715277,350.91481705886946,6.1670831769648515
2026-09-07 13:07:20.547152,3188.245195551607,-306.91039950290946,350.82463797814864,6.815521749093815
2026-09-07 13:07:20.637969,3188.5183573462286,-306.95452152325925,350.79414912575777,6.9194783563744835
2026-09-07 13:07:20.738970,3188.9515748892395,-307.02425258487443,350.71503092812844,7.385003476674211
2026-09-07 13:07:20.847115,3189.3039261553954,-307.08185740727316,350.5819083249451,7.366103986416069
2026-09-07 13:07:20.946659,3189.62730041718,-307.1354965815068,350.59304787782764,7.279991935481029
2026-09-07 13:07:21.045583,3189.944914010367,-307.18811676630315,350.39378479488636,7.267890319853792
2026-09-07 13:07:21.153933,3190.466786206484,-307.27521676756027,350.15128488433004,7.852869990586686
2026-09-07 13:07:21.245738,3190.7843223916484,-307.3303428682095,350.1101908293441,7.819979992977411
2026-09-07 13:07:21.341260,3191.258415656709,-307.4116896816059,350.078122426313,8.363306304794108
2026-09-07 13:07:21.560386,3192.1974186288044,-307.5750331752834,349.78386473143206,8.902015527926329
2026-09-07 13:07:21.673641,3192.640977751043,-307.6549710208742,349.87258198643457,8.782270799056988
2026-09-07 13:07:21.762981,3193.1304433695773,-307.74139325690487,349.8425889887293,9.402825629579441
2026-09-07 13:07:21.873820,3193.58904621903,-307.8235570567403,349.7681678140561,9.317596329628653
2026-09-07 13:07:21.962390,3193.952103257022,-307.8890895852885,349.6789643282684,9.243299286858432
2026-09-07 13:07:22.059160,3194.345498849752,-307.9607308930206,349.5165274361743,9.121535854055997
2026-09-07 13:07:22.163485,3194.9754177018053,-308.07567003149893,349.446479988545,9.934991618223277
2026-09-07 13:07:22.263137,3195.410519269604,-308.1567318030423,349.2234472143247,9.862718338706904
2026-09-07 13:07:22.363427,3196.013833359782,-308.2699596754045,349.0551016949683,10.568450149345756
2026-09-07 13:07:22.463572,3196.4783641572903,-308.3597917803117,348.6404497886099,10.527321847418076
2026-09-07 13:07:22.560041,3196.9234666264565,-308.44921321748205,348.3057910714824,10.363789693556006
2026-09-07 13:07:22.663523,3197.3929501975585,-308.546389104828,348.08576654949826,10.204645377611126
2026-09-07 13:07:22.763005,3198.071610687391,-308.68543655800903,347.9967056317245,11.082475807946485
2026-09-07 13:07:22.862842,3198.555419510619,-308.7883023729863,347.8514651949858,11.048453029294127
2026-09-07 13:07:23.055572,3199.6573547382063,-309.02318181782334,347.3338425894128,11.957571855631707
2026-09-07 13:07:23.157246,3200.313737413142,-309.1682668667245,347.24281929119076,12.589830120891234
2026-09-07 13:07:23.257276,3200.8628245534123,-309.2925849426347,347.1420738391942,12.672866331996504
2026-09-07 13:07:23.356814,3201.520819126702,-309.4410607872641,347.01954614327053,13.305113078767503
2026-09-07 13:07:23.469022,3202.1711687408383,-309.590972156106,346.8688654051236,13.409043655449679
2026-09-07 13:07:23.569142,3202.8572764610885,-309.7495966094846,346.81284535195124,13.958212189985678
2026-09-07 13:07:23.669102,3203.4645668497715,-309.8918916510728,346.7233565063242,13.975681264341441
2026-09-07 13:07:23.769021,3204.1718395299363,-310.05765426044826,346.6115413306764,14.547932392773928
2026-09-07 13:07:23.868702,3204.802497181792,-310.2077638662793,346.51114737485847,14.594096230531735
2026-09-07 13:07:23.958005,3205.4723663517766,-310.3673692152732,346.4811667986991,15.171834443942378
2026-09-07 13:07:24.058356,3206.1341307558328,-310.5264748707761,346.50362652045663,15.125360318654373
2026-09-07 13:07:24.178989,3207.037069635787,-310.7424743593588,346.4631279163355,15.746169115942049
2026-09-07 13:07:24.268787,3207.651612644217,-310.89043142421843,346.47317683510255,15.763431588259964
2026-09-07 13:07:24.378095,3208.5046943797265,-311.09518457600757,346.4120158285887,16.37878520091329
2026-09-07 13:07:24.468302,3209.1467005102213,-311.2503596933551,346.42211051683586,16.41110270011638
2026-09-07 13:07:24.579393,3210.0775523647276,-311.47468697973244,346.55885954000144,17.22911136489899
2026-09-07 13:07:24.656641,3210.6562275917595,-311.6129860321935,346.6712380495439,17.23721131121252
2026-09-07 13:07:24.858251,3212.3058272406197,-312.00392206166237,347.0322193654074,18.102448358307118
2026-09-07 13:07:24.958211,3213.1983214588795,-312.2100682565315,347.0322193654074,18.70566200423738
2026-09-07 13:07:25.058282,3214.0137913857625,-312.39785137799356,346.97622672916077,18.72402490066443
2026-09-07 13:07:25.158270,3214.9312832067076,-312.6103808129303,346.80838814316604,19.385171839343723
2026-09-07 13:07:25.262051,3215.8069118363796,-312.81562241363065,346.9593662150751,19.27997819755552
2026-09-07 13:07:25.357894,3216.724700179997,-313.0284431682974,347.0880708884158,19.901247426608393
2026-09-07 13:07:25.464185,3217.6464237406217,-313.23974802558865,347.02859798118703,19.86131013597165
2026-09-07 13:07:25.562469,3218.4967997933163,-313.43562578774254,347.1385834966883,19.83211063760461
2026-09-07 13:07:25.663584,3219.370768769924,-313.6351720892922,347.16121421053776,19.794118153361033
2026-09-07 13:07:25.764565,3220.4123285855017,-313.8730475800412,347.2064156567175,20.568748540986387
2026-09-07 13:07:25.879764,3221.445292488929,-314.1076095882618,347.3868957955023,20.53351710021766
2026-09-07 13:07:25.977282,3222.4704324948148,-314.3377867045404,347.5287626075047,21.238530408441115
2026-09-07 13:07:26.076726,3223.392322742605,-314.5416793695813,347.59553278130824,21.299356550956325
2026-09-07 13:07:26.176797,3224.455789156553,-314.7764132643789,347.7299151083001,21.872558570724607
2026-09-07 13:07:26.261626,3225.266291957377,-314.9526882090652,347.81535083705563,21.847356460035407
2026-09-07 13:07:26.377451,3226.49518124972,-315.2189059207615,347.9838502269137,22.489787922301577
2026-09-07 13:07:26.478064,3227.484563692817,-315.4294971421002,348.1977746507786,22.45989649410164
2026-09-07 13:07:26.577868,3228.583182073241,-315.6602132777583,348.29829248633865,23.09827528636805
2026-09-07 13:07:26.677889,3229.5945192467757,-315.86968257032976,348.4549935337556,23.08953541899041
2026-09-07 13:07:26.777853,3230.6054661952653,-316.0761891643844,348.58923217367544,23.10438472637901
2026-09-07 13:07:26.979658,3232.8096862721077,-316.5224205460167,348.7021479430567,23.853236241151638
2026-09-07 13:07:27.076453,3233.821844131923,-316.7246301846237,348.73464371441196,23.75004890402856
2026-09-07 13:07:27.192998,3235.0353875213823,-316.96635711126555,348.8128960967168,23.758195895908482
2026-09-07 13:07:27.284240,3235.9860429605865,-317.1543696050839,348.8435276290274,23.782911438002028
2026-09-07 13:07:27.382848,3237.1909557486997,-317.3931553253541,348.98698014649017,24.57406955022039
2026-09-07 13:07:27.482376,3238.2641939587465,-317.60202480826024,348.9981179088796,24.50623459697236
2026-09-07 13:07:27.582850,3239.344683249485,-317.81208748454753,349.02060515946863,24.59929677401468
2026-09-07 13:07:27.681933,3240.4143417096784,-318.01960884100197,349.053869052368,24.5984309835513
2026-09-07 13:07:27.782970,3241.6793503108756,-318.26521486112654,349.1782419633471,25.270723099489608
2026-09-07 13:07:27.883021,3242.7895280155703,-318.47742954694536,349.3125974329423,25.205154433584433
2026-09-07 13:07:27.991576,3244.134275368465,-318.7322808762548,349.4219288589294,25.808667700861918
2026-09-07 13:07:28.081387,3245.152860963705,-318.9225005202943,349.281223629332,25.78041592948799
2026-09-07 13:07:28.174716,3246.2096989529264,-319.1225508546734,349.1767830471801,25.70294230611257
2026-09-07 13:07:28.282385,3247.424834722881,-319.3548607450002,348.97195365687793,25.686007632341763
2026-09-07 13:07:28.382811,3248.7313427668705,-319.60928192536676,348.99443016450834,26.380882365419925
2026-09-07 13:07:28.482204,3249.881957336252,-319.83305482300204,348.96106219919693,26.395646852728106
2026-09-07 13:07:28.581905,3251.0366524029764,-320.0583192869574,349.01684780967776,26.44530471506984
2026-09-07 13:07:28.681312,3252.1903269405984,-320.28221886496846,348.6275000471934,26.332383908905967
2026-09-07 13:07:28.790926,3253.6592090507247,-320.57646078965706,348.28403960165565,27.040689736978706
2026-09-07 13:07:28.889865,3254.8302932379524,-320.81932089494376,348.76012914571334,26.809859643125247
2026-09-07 13:07:28.989619,3256.0029217465153,-321.0523557075325,349.4299123319885,26.71833600639811
2026-09-07 13:07:29.089307,3257.173407140934,-321.2707736812866,349.4745350012705,26.87425878456114
2026-09-07 13:07:29.178389,3258.4363740035715,-321.5072247704447,349.3549094708662,27.63192247646926
2026-09-07 13:07:29.290914,3259.802426407798,-321.7639873985003,349.0149200081276,27.500167365768874
2026-09-07 13:07:29.390514,3261.0044406231864,-321.99731047466383,349.2378364002957,27.388767938424564
2026-09-07 13:07:29.491185,3262.2153632145337,-322.2274776615932,349.53074383956016,27.31663528880149
2026-09-07 13:07:29.590581,3263.638496903133,-322.49203921223966,349.6642197294152,28.196979389693322
2026-09-07 13:07:29.677631,3264.717972250066,-322.6889095877574,349.6642197294152,28.181005829581252
2026-09-07 13:07:29.778343,3265.9661575868654,-322.9165486132058,349.5289766228608,28.16428535993648
2026-09-07 13:07:29.878076,3267.200940969582,-323.1447563192004,349.48433381053127,28.132040963112367
2026-09-07 13:07:29.995231,3268.870100931168,-323.45514403493075,349.57610609440235,28.849523367104673
2026-09-07 13:07:30.093806,3270.120430369131,-323.6851614556821,349.8298217657042,28.697925495549555
2026-09-07 13:07:30.193026,3271.373335375879,-323.90992147700814,349.90754483348354,28.656310092006244
2026-09-07 13:07:30.293025,3272.6345517944887,-324.13440699287213,349.8739734233925,28.610872777951574
2026-09-07 13:07:30.393153,3273.8952611293853,-324.35956442366694,349.81794889398736,28.431513827969468
2026-09-07 13:07:30.477870,3274.955058448792,-324.54990933013454,349.7231456409989,28.337500821932537
2026-09-07 13:07:30.595849,3276.7420634195187,-324.87453381426945,349.80236086097364,29.389166009743462
2026-09-07 13:07:30.692785,3277.9955029392463,-325.1000098612664,349.69388383591735,29.37815462094157
2026-09-07 13:07:30.793908,3279.30214541116,-325.33761113280156,349.70520008808865,29.379038236991025
2026-09-07 13:07:30.893611,3280.5905246044335,-325.57162852301616,349.74982947171986,29.28756139242734
2026-09-07 13:07:30.991981,3281.857899482483,-325.8008111300204,349.5516823136092,29.261774585038737
2026-09-07 13:07:31.084037,3283.0421339320355,-326.0191912917193,349.4692694967521,29.090439875057527
2026-09-07 13:07:31.184687,3284.3289999668546,-326.25841180228383,349.51432277962704,28.98666088576127
2026-09-07 13:07:31.284708,3285.6034476039267,-326.49428719581596,349.6486379631273,28.764668254369223
2026-09-07 13:07:31.385234,3286.8750682808923,-326.7265576057286,350.2561079605725,28.812101824351778
2026-09-07 13:07:31.485373,3288.146268211931,-326.94485018997227,350.30093250795267,28.942479480364106
2026-09-07 13:07:31.593989,3289.53150308607,-327.181609519451,350.30093250795267,28.90451587531758
2026-09-07 13:07:31.693602,3290.8002517475243,-327.3984594471931,350.3232270567208,28.986335507649137
2026-09-07 13:07:31.793245,3292.0730595712234,-327.61549345176826,350.28977516204486,28.998525080310422
2026-09-07 13:07:31.893418,3293.3530478839934,-327.83452096513184,350.08799621247266,28.873355046938126
2026-09-07 13:07:31.993644,3294.6274091855394,-328.057207744799,350.02070097656474,28.778771019222486
2026-09-07 13:07:32.092208,3295.876275770113,-328.2769514039948,349.89937223958975,28.681449156246018
2026-09-07 13:07:32.194062,3297.1619822714993,-328.505985147146,349.72840140971107,28.686789177552836
2026-09-07 13:07:32.294357,3298.427566438084,-328.7353327620932,349.5824946857239,28.501872795279997
2026-09-07 13:07:32.393769,3299.6733429620094,-328.96436899933,349.52687077915203,28.395026966327332
2026-09-07 13:07:32.500950,3301.0112018161294,-329.2116775514399,349.6228242001519,28.130919570316905
2026-09-07 13:07:32.584794,3302.04834792576,-329.4016024421784,349.7072678838188,28.071576411706936
2026-09-07 13:07:32.702800,3303.505388480728,-329.66620066495545,349.68085676757966,27.957119843922175
2026-09-07 13:07:32.801989,3304.7249965409674,-329.88826198297863,349.48105989388,27.818445172751808
2026-09-07 13:07:32.890997,3305.8132943880687,-330.0903382027667,349.51094143338923,27.752336015853096
2026-09-07 13:07:33.003086,3307.1806781233727,-330.34349771710254,349.47331119922995,27.558407427947095
2026-09-07 13:07:33.089130,3308.222874773468,-330.53715963113893,349.80069122614873,27.412547507693873
2026-09-07 13:07:33.202207,3310.933127197962,-331.0256088702561,349.71211340579714,29.18225537116744
2026-09-07 13:07:33.290349,3312.064508953598,-331.23096869630035,349.84034024128925,29.06749741116945
2026-09-07 13:07:33.391905,3313.363469447224,-331.4637445307804,349.79488141172493,28.851859304120865
2026-09-07 13:07:33.492488,3314.6402586896065,-331.69359293351374,349.6935790044654,28.822855686225935
2026-09-07 13:07:33.587336,3315.8426534577056,-331.91224429918725,349.6298947455366,28.84440409352729
2026-09-07 13:07:33.691756,3317.1671142153555,-332.15461407364154,349.1741717248853,28.63910839152076
2026-09-07 13:07:33.791280,3318.67898021935,-332.44117992019346,349.1073478362885,28.869794490805738
2026-09-07 13:07:33.891948,3319.9547886471832,-332.68669222135316,348.91583714088927,28.580392850292583
2026-09-07 13:07:33.999706,3321.3058845818564,-332.9513788944822,349.03642461371686,28.472109667439817
2026-09-07 13:07:34.083504,3322.353012740046,-333.1542292324066,349.0082921621643,28.31907367303775
2026-09-07 13:07:34.185774,3323.7383025010217,-333.4222277117056,349.1456274599175,28.35194628618198
2026-09-07 13:07:34.285745,3324.982711042842,-333.66083545036423,349.044941429911,28.244499656336217
2026-09-07 13:07:34.385969,3326.22512023345,-333.9013241502009,348.92156929267446,28.07810515025175
2026-09-07 13:07:34.485544,3327.451698009894,-334.1414896529356,348.92156929267446,27.93628054947498
2026-09-07 13:07:34.715807,3330.2737806199398,-334.69405704965266,348.2516072809,27.75519644975795
2026-09-07 13:07:34.809245,3331.4645683025124,-334.9407469739048,348.34571358444543,27.871540293567005
2026-09-07 13:07:34.900552,3332.5787719176715,-335.17056050818996,348.2537535226095,27.834041647962028
2026-09-07 13:07:35.010194,3333.914470258307,-335.4482948747065,348.4746059238453,27.90397968832195
2026-09-07 13:07:35.087802,3334.8630471140727,-335.6417228780136,348.5006602843323,28.0036664473368
2026-09-07 13:07:35.211679,3336.382704498299,-335.9508824295737,348.417484941222,28.130312072238937
2026-09-07 13:07:35.307486,3337.562979377077,-336.1927827305633,348.3745994978798,28.164635823678964
2026-09-07 13:07:35.408281,3338.8060269544217,-336.44851809655063,348.1490085566289,28.07479932624585
2026-09-07 13:07:35.508147,3340.0326853483352,-336.70591993134786,348.02607710450906,28.071308796874874
2026-09-07 13:07:35.608300,3341.0991112986158,-336.9339612567299,348.2166080644597,27.618764698504634
2026-09-07 13:07:35.708061,3342.3048732312172,-337.1854933079097,347.8593652982094,27.642300999436877
2026-09-07 13:07:35.808318,3343.5160616894045,-337.4460482160335,348.0276554241853,27.657193830964815
2026-09-07 13:07:35.908261,3344.72486538083,-337.7023776106916,348.16186586383867,27.609162046546754
2026-09-07 13:07:36.008412,3345.934678456055,-337.9559612002679,348.307563100132,27.64154158577982
2026-09-07 13:07:36.095510,3346.9886046946676,-338.1740737501839,348.346550192351,27.57685104843976
2026-09-07 13:07:36.211123,3348.3844978290394,-338.4619667836667,348.43711456480787,27.845572265361064
2026-09-07 13:07:36.307864,3349.5642982870195,-338.703348700299,348.3721592795828,27.856561503250852
2026-09-07 13:07:36.410400,3350.5491536005075,-338.9062185187154,348.16562052788987,27.189428347959495
2026-09-07 13:07:36.509358,3351.7263982046675,-339.1528950399437,348.13239859967274,27.24995722261277
2026-09-07 13:07:36.696300,3353.955015982386,-339.6212224612797,348.09055880430657,27.336533000926792
2026-09-07 13:07:36.811378,3355.3310585045283,-339.9114369242316,348.3352388640357,27.439099640657016
2026-09-07 13:07:36.909879,3356.5143551456113,-340.15572699559783,348.34626169914867,27.506234625082346
2026-09-07 13:07:37.009655,3357.715948751097,-340.4035534403831,348.3685927292139,27.51059385468149
2026-09-07 13:07:37.201191,3360.023150814424,-340.8784721634008,348.15425279904167,27.80850315809953
2026-09-07 13:07:37.295834,3361.1746503563504,-341.1199926399529,348.2283905162745,27.895337486053965
2026-09-07 13:07:37.407132,3362.533383364537,-341.40314418016646,348.377849242874,28.01690317718339
2026-09-07 13:07:37.512009,3363.8200027019006,-341.66776761278265,347.97881345789006,28.18735704107141
2026-09-07 13:07:37.608196,3365.0054639149184,-341.92020336702416,347.7204802167639,28.20836916911085
2026-09-07 13:07:37.708167,3366.2372833149343,-342.18832222414113,347.4743588100814,28.24767891173735
2026-09-07 13:07:37.807877,3367.4664371720437,-342.46139624135037,347.507833197827,28.129186299219455
2026-09-07 13:07:37.902506,3368.628213374901,-342.71878919104216,347.86787741435916,28.297041166443307
2026-09-07 13:07:38.009103,3369.9465390513697,-343.00218690190985,348.08259625763577,28.292383926249478
2026-09-07 13:07:38.109549,3371.1895803891334,-343.2645311673883,348.12755822536207,28.522341431450354
2026-09-07 13:07:38.208659,3372.4262617634636,-343.5245196351059,347.9279204817376,28.02870638900449
2026-09-07 13:07:38.308298,3373.647124118556,-343.78562763634494,348.0394223210912,27.672611025963707
2026-09-07 13:07:38.408997,3374.9391278521052,-344.059265562685,348.4112928565193,27.252884609750808
2026-09-07 13:07:38.509071,3376.1334885019955,-344.3041872800445,348.736059882556,27.009787550483182
2026-09-07 13:07:38.608468,3377.3105353194405,-344.5386141708534,347.2678103225822,26.87082207759485
2026-09-07 13:07:38.705020,3378.441831201197,-344.79423065251547,347.3542481679501,26.69702512989442
2026-09-07 13:07:38.809675,3379.6605523603,-345.06766908654396,347.10830659391934,26.66136045747976
2026-09-07 13:07:38.908047,3380.8034644824706,-345.32925652387996,346.9101554071992,26.61064537186102
2026-09-07 13:07:39.008466,3381.9670112144804,-345.59980493785963,346.9101554071992,26.65364113111914
2026-09-07 13:07:39.109255,3383.1367320166505,-345.8717889494339,347.0342230391031,26.676539267331787
2026-09-07 13:07:39.208340,3384.2882415189288,-346.13691150310603,346.9898702866574,26.712037392849076
2026-09-07 13:07:39.307761,3385.4449867685444,-346.4041826045394,347.01212186359083,26.74070594215395
2026-09-07 13:07:39.408771,3386.6215865382264,-346.67555988088594,346.85387136819895,26.768067430359704
2026-09-07 13:07:39.509309,3387.7931353023764,-346.9491822920601,346.7976174318641,26.818142175488777
2026-09-07 13:07:39.606003,3389.3306018129365,-347.3044147356208,346.93828550872956,27.627335974202946
2026-09-07 13:07:39.708181,3390.55990345398,-347.58961641102746,346.881113944676,27.667513534516342
2026-09-07 13:07:39.809508,3391.780456343469,-347.87407210847647,346.94914843042665,27.712668863527725
2026-09-07 13:07:39.909476,3392.986937394585,-348.15373829567625,346.9044004266269,27.725771717858432
2026-09-07 13:07:40.009532,3394.194832345169,-348.4347264651015,346.9715815185991,27.785223612543472
2026-09-07 13:07:40.106524,3395.3685681177876,-348.70631798803277,347.04755930321966,27.841159882228514
2026-09-07 13:07:40.209162,3396.6135094655824,-348.9926470898388,347.09350246117015,27.843850444734105
2026-09-07 13:07:40.317772,3397.9312576880807,-349.2946090018884,347.14211882533357,27.944448440718805
2026-09-07 13:07:40.408696,3399.0386249676135,-349.54737337023,347.0607194275766,28.04614403842818
2026-09-07 13:07:40.506418,3400.2327280607683,-349.82172121252216,346.83107055750406,28.11872536853846
2026-09-07 13:07:40.607505,3401.469995682657,-350.1112119426475,346.8650072281895,28.161123839592506
2026-09-07 13:07:40.707492,3402.695814649841,-350.39725826152085,346.8650072281895,28.073754875126237
2026-09-07 13:07:40.807282,3404.076688644609,-350.71858311767244,346.89850847333173,28.440000883370615
2026-09-07 13:07:40.906880,3405.3099985437034,-351.0056171658667,346.7313245363802,28.423465362919426
2026-09-07 13:07:41.008023,3406.560856433184,-351.3005854554397,346.7313245363802,28.434070852640705
2026-09-07 13:07:41.103220,3407.7386181110764,-351.5783167233752,346.8058962243805,28.501449444671056
2026-09-07 13:07:41.207399,3409.0309532406595,-351.88129088630467,346.6893138608279,28.507821681006174
2026-09-07 13:07:41.307407,3410.271230202583,-352.1747241953031,346.77884567828954,28.453641546118916
2026-09-07 13:07:41.407284,3411.5079839743153,-352.46528396058653,346.7453152257284,28.476332486107506
2026-09-07 13:07:41.506874,3412.741997433665,-352.75596205452257,346.85676223123056,28.425859688650903
2026-09-07 13:07:41.605993,3413.9685572938533,-353.04236738393155,346.87894621704913,28.400742642707026
2026-09-07 13:07:41.707278,3415.2209262296237,-353.3342879194525,346.95828688344733,28.394547421432083
2026-09-07 13:07:41.807614,3416.7028701700447,-353.6775208951478,346.98074324803025,28.91000581660049
2026-09-07 13:07:41.906672,3417.9501799493146,-353.96592663903573,347.05833941461043,28.89009766031134
2026-09-07 13:07:42.014273,3419.304550458707,-354.2771555063251,347.23895708564714,28.90326075463735
2026-09-07 13:07:42.101049,3420.39808114017,-354.524817799877,347.10300673431436,28.916909281614803
2026-09-07 13:07:42.214436,3421.8268598568784,-354.8519728990992,347.09031806917443,28.906010709549104
2026-09-07 13:07:42.305882,3422.9786694038153,-355.11597735307487,346.83448458024117,28.773367063287022
2026-09-07 13:07:42.413892,3423.628130763248,-355.26999205175525,346.83448458024117,27.186900141478787
2026-09-07 13:07:42.505794,3424.2748119429266,-355.4224650790909,346.83448458024117,26.122650712562994
2026-09-07 13:07:42.613713,3425.1873657711576,-355.63669605846604,346.83448458024117,25.252620803815336
2026-09-07 13:07:42.713708,3426.2865323277415,-355.8938053965413,346.6778242665424,25.33912299915859
2026-09-07 13:07:42.813424,3427.385679168861,-356.15408192625125,346.3876954487727,25.413185338378796
2026-09-07 13:07:42.913302,3428.4884914419677,-356.4211310026071,346.26474922508464,25.48562252590676
2026-09-07 13:07:43.013946,3429.602347471443,-356.6933859577629,346.2196986279494,25.477707651119267
2026-09-07 13:07:43.102474,3430.581619431373,-356.9335612597152,346.09091024905575,25.548101659485408
2026-09-07 13:07:43.216516,3431.8459050330734,-357.2466531807499,345.87395687037815,25.533154119136668
2026-09-07 13:07:43.314816,3432.9340059224164,-357.5204910813559,345.9839602908105,25.515975147456285
2026-09-07 13:07:43.416158,3434.055564117967,-357.80046046315874,346.0293233289934,25.515089617777733
2026-09-07 13:07:43.515663,3435.1569711933053,-358.0744734369473,346.1406752145491,25.44466190682066
2026-09-07 13:07:43.601783,3436.108048188993,-358.3091247876534,346.208136518693,25.4852979516936
2026-09-07 13:07:43.718679,3437.40144021368,-358.6266175914926,346.1950551760329,25.630342578572627
2026-09-07 13:07:43.816544,3438.4903659754564,-358.8941830619608,346.35933012121006,25.591005791735878
2026-09-07 13:07:43.916373,3439.600216789635,-359.16351828128774,346.5157303657846,25.574431920060523
2026-09-07 13:07:44.016313,3440.7113134677556,-359.4299463840528,346.53809810095856,25.467891887289404
2026-09-07 13:07:44.118355,3443.091915126212,-360.00361374151595,346.40106897752713,28.23001063149572
2026-09-07 13:07:44.217733,3444.31090045313,-360.2984932548299,346.34546409494465,28.17182996323896
2026-09-07 13:07:44.316791,3445.523171194334,-360.59299410542604,346.42306026152477,28.266177312609262
2026-09-07 13:07:44.417158,3446.755979341457,-360.8907166180324,346.26581714231884,28.155674040390895
2026-09-07 13:07:44.608660,3449.0974415134324,-361.462983721849,346.394398271635,28.246034977052044
2026-09-07 13:07:44.708146,3450.318409878597,-361.75849341839137,348.16455518448953,28.255597407846825
2026-09-07 13:07:44.817701,3451.6728216746483,-362.04231934380925,348.29941344693117,28.305376755052894
2026-09-07 13:07:45.045539,3454.495894521544,-362.6269797651929,348.17193145657274,28.355148150649484
2026-09-07 13:07:45.140695,3455.676470226166,-362.87421853335593,348.03350082465965,28.313574340140356
2026-09-07 13:07:45.219810,3456.65609149769,-363.08184487407914,347.936113106773,28.29145243829712
2026-09-07 13:07:45.327847,3457.9923033660725,-363.36742308473845,347.67013378863317,28.311277085210705
2026-09-07 13:07:45.440356,3459.383403877184,-363.67149173584465,347.5694104939888,28.2513075407488
2026-09-07 13:07:45.541637,3460.6325427836173,-363.94683195645524,347.63741409373336,28.228297627625814
2026-09-07 13:07:45.641500,3461.8635108791277,-364.21663528795284,347.59271309037774,28.25360320535655
2026-09-07 13:07:45.741934,3463.102415004677,-364.489191211865,347.50279989788373,28.315034893516447
2026-09-07 13:07:45.841078,3464.3276408231213,-364.76075442068037,347.3252832490073,28.504759736371675
2026-09-07 13:07:46.043786,3466.847756376811,-365.3275185602141,347.39333586350074,28.233755568679744
2026-09-07 13:07:46.141408,3468.0501986031513,-365.5964430910279,347.56812738186403,28.268729560800132
2026-09-07 13:07:46.241726,3469.28821733032,-365.8693612290629,347.57935354985074,28.26785297886675
2026-09-07 13:07:46.341677,3471.583858290684,-366.37962100525823,347.7247598310137,29.848060956874168
2026-09-07 13:07:46.438281,3472.843402211545,-366.6536758700344,347.5517910346362,29.92572081393394
2026-09-07 13:07:46.542662,3474.206982815686,-366.95468151829414,347.3999400973362,29.984094225709168
2026-09-07 13:07:46.643178,3475.5218600070802,-367.2485928357167,347.2762085186078,29.977067729198787
2026-09-07 13:07:46.742906,3476.8254908162016,-367.5429475912839,347.32084909282094,29.8881822267829
2026-09-07 13:07:46.842991,3478.130138107763,-367.8364637447307,347.2536485292362,29.863694939571463
2026-09-07 13:07:46.932758,3479.299018200152,-368.10087606359974,346.8920123405178,29.85428229612792
2026-09-07 13:07:47.034079,3480.616020805336,-368.4075457237445,346.8579971119472,30.0481731095199
2026-09-07 13:07:47.139969,3482.0011600515722,-368.73094832439506,347.03574272013003,29.99173162427809
2026-09-07 13:07:47.239732,3483.3046383887704,-369.0310236462138,347.2590239252692,29.94814500800773
2026-09-07 13:07:47.340183,3484.6163643584878,-369.3276197667366,347.1016492048197,29.906013291606513
2026-09-07 13:07:47.441562,3485.93752006107,-369.6301647931794,347.1924084053081,29.91575767444977
2026-09-07 13:07:47.539569,3487.2156103843727,-369.9207178816114,347.0937004225646,29.912332121087655
2026-09-07 13:07:47.640803,3488.5351132818905,-370.223077078945,347.0370570539784,29.813258492329602
2026-09-07 13:07:47.741316,3489.8405828449418,-370.52357926958587,347.13828896057174,29.714890477163177
2026-09-07 13:07:47.840743,3491.1282080038063,-370.81757932183933,347.2940593991949,29.72966001505408
2026-09-07 13:07:47.940709,3492.424256176881,-371.1097975982616,347.34999328488635,29.77158831006124
2026-09-07 13:07:48.025259,3493.5222246710564,-371.35622899756544,347.3121467367783,29.75902869920427
2026-09-07 13:07:48.141905,3495.047785352401,-371.69970447105555,347.33825346918877,29.793324488242416
2026-09-07 13:07:48.240159,3496.324587152361,-371.9865485693156,347.34924866356437,29.809636874298473
2026-09-07 13:07:48.340536,3497.6297475637766,-372.2795005712685,347.2930848114141,29.83507270114003
2026-09-07 13:07:48.440754,3498.933664880554,-372.5735164000966,347.11364517293777,29.803547208454813
2026-09-07 13:07:48.538623,3500.204769797563,-372.86431970972023,347.20126205801853,29.657311002312742
2026-09-07 13:07:48.630926,3501.398118274707,-373.1354141891224,347.36652994353085,29.6331146041996
2026-09-07 13:07:48.741332,3502.825277246141,-373.4552974766861,347.45301546077786,29.661091809119743
2026-09-07 13:07:48.840875,3504.1136651808165,-373.7420348566451,347.0074378217098,29.935951755936582
2026-09-07 13:07:48.940667,3505.414949289457,-374.0422820410109,347.1526127935442,30.092037201310596
2026-09-07 13:07:49.040880,3506.7293004518433,-374.34203867531517,347.53390300131707,30.2102519007083
2026-09-07 13:07:49.141298,3507.6328311733237,-374.5396909569975,347.69122602127806,29.61993686018825
2026-09-07 13:07:49.232716,3508.815498352485,-374.797743827006,347.7014562274725,29.70301345847923
2026-09-07 13:07:49.332714,3510.1128432226415,-375.0805762130316,347.4552683487332,29.638353312015827
2026-09-07 13:07:49.432845,3511.4078594641805,-375.36873531476397,347.51129455672566,29.619979405667962
2026-09-07 13:07:49.541350,3512.8106129990806,-375.679428187656,347.7419990343922,29.774522999012515
2026-09-07 13:07:49.641330,3514.111047371687,-375.96197033115266,348.1224027242641,29.748314144659435
2026-09-07 13:07:49.741005,3515.408213367727,-376.234796407547,348.289715912437,29.756152815066446
2026-09-07 13:07:49.841596,3516.7184437374412,-376.50637734272186,348.2221756027846,29.805374990375142
2026-09-07 13:07:49.949164,3517.6832934362155,-376.702355081637,347.4036266107434,29.21154262611861
2026-09-07 13:07:50.040551,3518.8479670014895,-376.96261306564685,346.0741507859249,29.250671211857583
2026-09-07 13:07:50.149225,3520.227244785645,-377.30461025890287,345.1498955569148,29.186098620478734
2026-09-07 13:07:50.237523,3521.340820942298,-377.5998717994121,345.080728136649,28.922228252334943
2026-09-07 13:07:50.338676,3522.604579699056,-377.9365872148904,345.6014301665591,28.714516877583804
2026-09-07 13:07:50.439359,3523.8564050531545,-378.2579680299621,346.4689902145886,28.820089435408608
2026-09-07 13:07:50.537909,3525.0908546301653,-378.55503986531136,346.9983495024962,28.913952942449363
2026-09-07 13:07:50.639167,3526.3661307982093,-378.8494992621152,346.69240279715973,28.944920791383463
2026-09-07 13:07:50.739347,3527.4328748716007,-379.1024226942421,346.1206558229944,28.316801860765384
2026-09-07 13:07:50.839317,3528.6614208052565,-379.40598708633183,346.0870941487097,28.252159819505096
2026-09-07 13:07:50.939933,3529.8949040919542,-379.71153821296787,346.2785059193646,28.187100065344392
2026-09-07 13:07:51.039126,3531.1091392988988,-380.0080194743713,346.5560127678627,28.28590975309605
2026-09-07 13:07:51.138459,3532.330779495591,-380.300046512611,346.7005199976729,28.30413722749711
2026-09-07 13:07:51.238971,3533.5684579309186,-380.59260943646626,346.73426363081995,28.381425613323884
2026-09-07 13:07:51.339232,3534.806588957124,-380.88450952568456,346.81280215630494,28.458520993491206
2026-09-07 13:07:51.430587,3535.9381681032705,-381.1496522830668,346.97637265434923,28.395458220515074
2026-09-07 13:07:51.532748,3536.9276367288694,-381.3772271860369,347.0335347064082,27.77399070596328
2026-09-07 13:07:51.638364,3538.2055368880497,-381.67146598158024,346.90352521121366,27.779527962137223
2026-09-07 13:07:51.738813,3539.4205230228936,-381.95412331097435,346.77987610707424,27.76723978951844
2026-09-07 13:07:51.846243,3540.7187182851126,-382.2590933469638,346.5033691370721,27.801972681849104
2026-09-07 13:07:51.937575,3541.82249851418,-382.5240188895627,346.5749132131296,27.739723847852147
2026-09-07 13:07:52.033042,3542.974012562767,-382.7988810894665,346.73516290598434,27.738055460375634
2026-09-07 13:07:52.133434,3543.9577627963718,-383.03075782327136,346.91491409026173,27.1952372087647
2026-09-07 13:07:52.233254,3545.139800510585,-383.3055022892069,346.8702323347071,27.344388606011027
2026-09-07 13:07:52.334205,3546.3415692401663,-383.58582089542926,346.7007772691517,27.235006580632984
2026-09-07 13:07:52.433937,3547.5232562517876,-383.8651429416163,346.5556895838564,27.168775510706354
2026-09-07 13:07:52.546474,3548.8526218145416,-384.18292912199377,346.26603804440623,26.939654506084285
2026-09-07 13:07:52.644698,3550.0017221464877,-384.4637712956415,346.49686662562647,26.96540304089101
2026-09-07 13:07:52.745204,3551.179792162126,-384.74666902330927,346.6993163386799,26.882849920644503
2026-09-07 13:07:52.845825,3552.356589746177,-385.02486701060394,346.8344372440796,26.886366838873297
2026-09-07 13:07:52.935815,3553.2481352110085,-385.2329496238596,346.7135923878675,26.409377059338723
2026-09-07 13:07:53.049606,3554.55559839825,-385.54169333833363,346.2169712593199,26.33778677938615
2026-09-07 13:07:53.145793,3555.65549764038,-385.8115090788031,346.0770407537099,26.22095934748688
2026-09-07 13:07:53.247053,3556.807576436504,-386.09710973330016,346.03171442063575,26.16079205261394
2026-09-07 13:07:53.346841,3557.834399878887,-386.35346658375636,346.00938070483085,25.79961111033594
2026-09-07 13:07:53.433551,3558.8047993943724,-386.5952456093731,345.999677351234,25.786730638929573
2026-09-07 13:07:53.549675,3560.1036768055396,-386.9190998892874,346.16861171901195,25.53001273477111
2026-09-07 13:07:53.648423,3561.1980022597163,-387.188527758705,346.135460291461,25.307394023358263
2026-09-07 13:07:53.749276,3562.2437884563737,-387.44689170411647,346.304750855462,25.113196604591998
2026-09-07 13:07:53.848176,3563.32253200717,-387.7097662747814,346.3158183409968,25.052703206350234
2026-09-07 13:07:53.933330,3564.2491484553098,-387.93538000973314,346.42063985055785,25.01103481537851
2026-09-07 13:07:54.034479,3565.3484739424475,-388.20091567990397,346.2508524247189,25.01191865861681
2026-09-07 13:07:54.149130,3566.5009959083136,-388.4830648231112,346.1867018542408,24.554836467513727
2026-09-07 13:07:54.248936,3567.5648806851896,-388.7446418237385,346.0638442599617,24.38128696341454
2026-09-07 13:07:54.348978,3568.545391178731,-388.9882670451346,346.2205782076896,24.02226577728746
2026-09-07 13:07:54.447705,3569.5750986398593,-389.2407953513373,346.27581883683007,23.822124081354207
2026-09-07 13:07:54.548190,3570.553152826574,-389.47965609258574,346.23083941179596,23.41147285221156
2026-09-07 13:07:54.640258,3571.4890334692,-389.7089963688751,346.29265708165775,23.291603370453775
2026-09-07 13:07:54.740303,3572.3809882118444,-389.92650874294026,346.1247228161875,22.632750686059
2026-09-07 13:07:54.840772,3573.367845924842,-390.1702794817648,346.1022366846566,22.553739562194245
2026-09-07 13:07:54.940103,3574.236195744939,-390.38537279266035,346.0466580999416,21.980952049522397
2026-09-07 13:07:55.040174,3575.1905140768463,-390.6224857963315,346.0802536816896,22.000189369588835
2026-09-07 13:07:55.141241,3576.0542987985723,-390.83674068136935,346.091563667135,21.408017442610962
2026-09-07 13:07:55.359128,3578.0022798979235,-391.3191995698721,345.9452667275557,20.623174195489817
2026-09-07 13:07:55.473185,3579.022336586472,-391.5745635244371,346.09843043202267,20.485638736554375
2026-09-07 13:07:55.570774,3579.817373459324,-391.7713441831725,346.087509655017,19.989386797350164
2026-09-07 13:07:55.670920,3580.686030664822,-391.9865160818073,346.0987165752028,19.894003187242568
2026-09-07 13:07:55.770815,3581.4272148236823,-392.16996022557413,346.1769683979786,19.179228878734673
2026-09-07 13:07:55.872079,3582.2702951828046,-392.3774000042142,346.0749801199522,18.97925320541685
2026-09-07 13:07:55.971914,3582.996268297864,-392.55745342439315,346.81233987336515,18.347015892234
2026-09-07 13:07:56.072264,3583.797618370141,-392.7452263137469,346.9246373630944,18.21285607501966
2026-09-07 13:07:56.172077,3584.4719826989617,-392.9006705794978,346.9134677075465,17.36378845755942
2026-09-07 13:07:56.272652,3585.232401586806,-393.07743718791744,346.83468321307055,17.175719349509805
2026-09-07 13:07:56.368828,3585.8474250907043,-393.220753453199,346.7162940181585,16.54520336223355
2026-09-07 13:07:56.472428,3586.593186830274,-393.39682013903763,346.8090415612453,16.668318743407497
2026-09-07 13:07:56.573468,3587.173720000399,-393.53238250228367,346.8090415612453,15.819710098667912
2026-09-07 13:07:56.672531,3587.855813018421,-393.6922524203883,346.58732703757715,15.739207838313693
2026-09-07 13:07:56.772892,3588.413602474421,-393.8254140017651,346.4974791980817,14.993816600214272
2026-09-07 13:07:56.866585,3589.024252882881,-393.97204660923234,346.51844878194856,14.97089321108802
2026-09-07 13:07:56.973610,3589.602973441018,-394.1109636919636,346.8298435101948,14.182354748735323
2026-09-07 13:07:57.070322,3590.2000076863433,-394.2506687666677,346.9056019594094,14.282918386776663
2026-09-07 13:07:57.169769,3590.649622532191,-394.35459830513577,347.05027503364397,13.510319478829969
2026-09-07 13:07:57.269728,3591.2379859222883,-394.48988902136654,346.9607870832635,13.545257278020198
2026-09-07 13:07:57.362632,3591.6402003745316,-394.58261228245226,347.0647520656831,12.695531005170832
2026-09-07 13:07:57.586547,3592.7393825373274,-394.83463632391647,347.1399242403101,12.029061492023166
2026-09-07 13:07:57.675551,3593.2059936570936,-394.9411623969457,346.99052325711335,12.09438995815595
2026-09-07 13:07:57.775956,3593.599148552696,-395.0319000691372,346.9006360267694,11.315395121174074
2026-09-07 13:07:57.875889,3594.091499067052,-395.14646786142356,347.01246686923196,11.306662943264937
2026-09-07 13:07:57.976554,3594.4619845377983,-395.2317858021034,347.0913218643741,10.588617289563233
2026-09-07 13:07:58.069100,3594.888983135987,-395.32964960514744,347.12239117225,10.582956599943737
2026-09-07 13:07:58.175740,3595.225744233331,-395.40632371970383,347.07465662594313,9.685424944546545
2026-09-07 13:07:58.275777,3595.647906986668,-395.50320844579977,346.9850988463314,9.63997036413987
2026-09-07 13:07:58.376614,3595.9379406986404,-395.57032345810444,346.9173933636897,8.853668704012192
2026-09-07 13:07:58.475872,3596.3206015834494,-395.6592489885057,346.9285009115079,8.804231485726357
2026-09-07 13:07:58.571326,3596.5587286359746,-395.7146670643082,346.9712283438332,8.108137908462366
2026-09-07 13:07:58.670270,3596.9081347507,-395.7955186531702,346.9712283438332,8.128023153630583
2026-09-07 13:07:58.783389,3597.145317225266,-395.85042481620354,346.9712283438332,7.221490901395442
2026-09-07 13:07:58.874837,3597.432938489409,-395.9169795650085,346.99169547057113,7.172747290644725
2026-09-07 13:07:58.983118,3597.6334795144453,-395.96328032874027,347.02804729265,6.377016598226662
2026-09-07 13:07:59.082340,3597.909121181608,-396.0267751145749,347.0058402542326,6.383952638625732
2026-09-07 13:07:59.170259,3597.986024037643,-396.0444807435653,347.0058402542326,5.424554499969017
2026-09-07 13:07:59.271673,3598.2256547752354,-396.09977813122987,347.01718907099735,5.458228535010624
2026-09-07 13:07:59.371261,3598.310384652459,-396.11926391352677,347.00604459425875,4.648868572536848
2026-09-07 13:07:59.471807,3598.513991771456,-396.1662476962873,347.02854795928585,4.755176051313915
2026-09-07 13:07:59.571310,3598.5720529852556,-396.1795617285202,347.0953577477494,4.001667624908775
2026-09-07 13:07:59.671216,3598.7462614045317,-396.21947563830213,347.2071583756407,4.316814077826858
2026-09-07 13:07:59.771337,3598.9346776601383,-396.2622580067225,347.3416078461242,4.679881202343121
2026-09-07 13:07:59.871389,3599.138908157131,-396.30812751925527,347.39758985131795,5.013847611948525
2026-09-07 13:07:59.971302,3599.357456846966,-396.3569885919166,347.40877069744784,5.342984834358712
2026-09-07 13:08:00.071223,3599.5903811098906,-396.4090158975018,347.3528619905657,5.739378106633006
2026-09-07 13:08:00.171307,3599.840939316791,-396.4652387691988,347.34166200854077,5.877554989574129
2026-09-07 13:08:00.272097,3600.0993284407054,-396.52327187850835,347.4206149212749,6.0933280293188945
2026-09-07 13:08:00.370695,3599.8880852918282,-396.4748896852887,347.5088844410941,4.627100182827697
2026-09-07 13:08:00.478532,3600.105866058162,-396.5231350906143,347.61749273167646,4.961610718448112
2026-09-07 13:08:00.570493,3600.196589375389,-396.54252617034797,347.6586566158937,4.856942446608389
2026-09-07 13:08:00.687001,3600.443711406585,-396.59659431118786,347.6716945390958,5.183736714179523
2026-09-07 13:08:00.786176,3600.631510465986,-396.6374838899712,347.6273015005551,5.233610166019989
2026-09-07 13:08:00.885671,3600.8588857840327,-396.68736202578,347.5827652225656,5.165797704467331
2026-09-07 13:08:00.986073,3601.1311788300573,-396.7473951112954,347.56029408641456,5.258504457265924
2026-09-07 13:08:01.084292,3601.3566477679283,-396.7971315002187,347.52732025339895,5.191561674601062
2026-09-07 13:08:01.186084,3601.6673834599546,-396.865898517149,347.47036466757675,5.5394470037800305
2026-09-07 13:08:01.285460,3601.9076127515505,-396.91928644559493,347.3813986459378,5.49255606560895
2026-09-07 13:08:01.385227,3602.238611757929,-396.9932243650811,347.3479051222971,5.9867437657543165
2026-09-07 13:08:01.486071,3602.5019484908407,-397.0523385459301,347.37047518319247,6.037852097782771
2026-09-07 13:08:01.578473,3602.842883720439,-397.1286073787515,347.37047518319247,6.586235332220124
2026-09-07 13:08:01.686392,3603.152942643385,-397.19808153663587,347.38255194731215,6.5570023409749325
2026-09-07 13:08:01.786620,3603.58096092624,-397.29380068657997,347.3376875614603,7.364261223190216
2026-09-07 13:08:01.885730,3603.8993073514453,-397.3653231504011,347.37096051873107,7.41189267465429
2026-09-07 13:08:01.986851,3604.3482376941133,-397.4658527807348,347.3935925754503,8.121576120549983
2026-09-07 13:08:02.084255,3604.6933539482297,-397.54303592714086,347.3935925754503,8.153067534908878
2026-09-07 13:08:02.185865,3605.168398153059,-397.6492727115268,347.40496332575566,8.78414609940836
2026-09-07 13:08:02.286254,3605.5531256686145,-397.7352345078989,347.4274315523554,8.797304134413618
2026-09-07 13:08:02.386582,3606.097249822759,-397.8566574700522,347.4162042653105,9.627363656722581
2026-09-07 13:08:02.488074,3606.5235600838705,-397.95182251914133,347.57520990117143,9.607853168287543
2026-09-07 13:08:02.578488,3607.043534137579,-398.06673844416474,347.59544560667496,10.376979641487095
2026-09-07 13:08:02.680678,3607.5065192409324,-398.1685709030383,347.82415872028594,10.443057166708552
2026-09-07 13:08:02.794572,3608.1562561516103,-398.30942000199923,347.78592251611485,11.130360126076335
2026-09-07 13:08:02.894608,3608.642739782043,-398.41472660829055,347.8866740110257,11.126863654843335
2026-09-07 13:08:02.994768,3609.2478555185194,-398.54510396656144,348.0435928271672,11.835701148197073
2026-09-07 13:08:03.083536,3609.7073404858443,-398.6424051818256,348.0435928271672,11.949722824109744
2026-09-07 13:08:03.179203,3610.3553142173655,-398.7803227188144,348.10782699129226,12.78358556965852
2026-09-07 13:08:03.279473,3610.916035961875,-398.8984053259802,348.06294380526276,12.77044313204108
2026-09-07 13:08:03.385046,3611.646817399582,-399.05333694738505,348.06294380526276,13.482739379037783
2026-09-07 13:08:03.484676,3612.2343340599828,-399.17754303296783,348.1409880427437,13.44617543201962
2026-09-07 13:08:03.584700,3612.9988507441817,-399.33863184559704,348.1633745780953,14.430821841914083
2026-09-07 13:08:03.684936,3613.631738869866,-399.4712713404919,348.1745915698048,14.440456361476091
2026-09-07 13:08:03.779894,3614.3891530512738,-399.6302405471012,348.1745915698048,15.204088336941373
2026-09-07 13:08:03.880465,3615.05821004987,-399.77032351471877,348.0958102086918,15.166300252751482
2026-09-07 13:08:03.979894,3615.863870672253,-399.9402266732759,347.8844032181392,15.925597233135365
2026-09-07 13:08:04.080453,3616.5638420541286,-400.09048684677373,347.7043530215125,15.876390716380712
2026-09-07 13:08:04.181414,3617.3989544135534,-400.2718543342359,347.7947380089409,16.64401421587618
2026-09-07 13:08:04.401914,3619.1199584522888,-400.6438729276732,347.8687637084485,17.40642879330932
2026-09-07 13:08:04.494247,3619.8223912320436,-400.79486206401486,347.920426708544,17.424985394438416
2026-09-07 13:08:04.609374,3620.858184946484,-401.01657685066635,348.1265608087941,18.31494620010165
2026-09-07 13:08:04.706274,3621.634580437036,-401.1798131793371,347.92053100476767,18.277690725200074
2026-09-07 13:08:04.808085,3622.448044427382,-401.3538998832905,347.7610255975175,18.331068394144687
2026-09-07 13:08:04.906847,3623.238976993978,-401.52546880746485,347.52893270435015,18.27842627529067
2026-09-07 13:08:04.999962,3623.9818847756756,-401.68977395676234,347.4143114902819,18.200316654227677
2026-09-07 13:08:05.108920,3625.0879256250614,-401.93520110403165,347.3655393532179,19.210789428550143
2026-09-07 13:08:05.207687,3625.915596678611,-402.1207302505045,347.3986971594005,19.19439187289237
2026-09-07 13:08:05.307653,3626.7527087914486,-402.3078669630179,347.37632360512396,19.25029626623525
2026-09-07 13:08:05.407405,3627.590388581218,-402.49547406444333,347.2200439950227,19.3008511662442
2026-09-07 13:08:05.507679,3628.6358115969224,-402.73143144332045,347.18638026263073,20.125003006121723
2026-09-07 13:08:05.596951,3629.418962175184,-402.90955467117294,347.2862808256911,20.09380054101793
2026-09-07 13:08:05.822173,3631.53681266273,-403.3869897142114,347.9919830942416,20.912642873656026
2026-09-07 13:08:05.911915,3632.357433466406,-403.5615380643686,348.0221110503651,20.95341963580259
2026-09-07 13:08:06.020481,3633.3522319546028,-403.7725877952903,347.8520227097779,20.93065195841354
2026-09-07 13:08:06.121332,3634.4267860980553,-404.00448786793953,347.71659294431674,21.522931277596367
2026-09-07 13:08:06.207782,3635.2395324460076,-404.1814486831054,347.62952462156255,21.418685677370437
2026-09-07 13:08:06.308653,3636.1829490876416,-404.3883626973203,347.3360352720374,21.373733560040332
2026-09-07 13:08:06.408530,3637.114049206946,-404.59757991716054,347.0454380165079,21.149442345537715
2026-09-07 13:08:06.523400,3638.3754801178547,-404.88606565711115,346.9040371803373,21.9877751750619
2026-09-07 13:08:06.620014,3639.300440424561,-405.1012419601397,347.14189389463667,21.822308787825857
2026-09-07 13:08:06.721361,3640.2643334030645,-405.32126129157785,347.2666484044598,21.787771426446003
2026-09-07 13:08:06.822640,3641.226530857427,-405.53869046605894,347.32331695185536,21.627590194411397
2026-09-07 13:08:06.918075,3642.3629780511847,-405.79420956416067,347.05632365508626,22.49152452429349
2026-09-07 13:08:07.007447,3643.2387459670445,-405.9954899286869,346.8362962235508,22.378288886822567
2026-09-07 13:08:07.108749,3644.2255408105784,-406.226281154568,346.92698649005445,22.255248844963898
2026-09-07 13:08:07.207987,3645.1872696368146,-406.44960500810726,346.9936183482652,22.173737228274117
2026-09-07 13:08:07.307767,3646.1509689357085,-406.67220558368064,346.96012046029756,21.975820270339703
2026-09-07 13:08:07.408629,3647.116292903521,-406.8957760015908,346.89239819178295,21.986396295415762
2026-09-07 13:08:07.523715,3648.217978724313,-407.1523004109406,346.9825497436722,21.939131911216357
2026-09-07 13:08:07.622813,3649.164922269352,-407.37122335301046,346.9825497436722,21.98156206637585
2026-09-07 13:08:07.721734,3650.4968983522504,-407.67856733793593,347.10431793479984,23.235040238713577
2026-09-07 13:08:07.822323,3651.5153631675084,-407.9117461409235,347.1380874181911,23.253498187456977
2026-09-07 13:08:07.913380,3652.438173119008,-408.1224523155445,347.1177078018039,23.39194285613875
2026-09-07 13:08:08.013379,3653.4575558837337,-408.3555905831211,348.5612784357164,23.49330301826071
2026-09-07 13:08:08.121282,3654.788744500876,-408.6300943596556,348.4043037785711,24.164527795255697
2026-09-07 13:08:08.222545,3655.8603131167483,-408.8499719256947,348.3816399405991,23.99286895670098
2026-09-07 13:08:08.322345,3656.908812842355,-409.0655481749004,348.53799475141096,23.89432667021655
2026-09-07 13:08:08.421847,3657.950468535942,-409.27675616872045,348.749556955335,23.863026409054235
2026-09-07 13:08:08.523528,3659.241600305774,-409.53745738028556,348.64714869476853,24.645319102682816
2026-09-07 13:08:08.614590,3660.2252402452937,-409.7349517759572,348.4942931789281,24.62065231881001
2026-09-07 13:08:08.723136,3661.395934986381,-409.9732537465015,348.3971177463808,24.615909926490527
2026-09-07 13:08:08.822770,3662.4699322210763,-410.19377002195966,348.34136962434945,24.563673619336807
2026-09-07 13:08:08.923262,3663.749059343432,-410.45861017284,348.5212998579379,25.30422756810627
2026-09-07 13:08:09.023460,3664.859829095693,-410.68416884155874,348.58857629366815,25.43030437331386
2026-09-07 13:08:09.120480,3665.9409841339816,-410.9023922722275,348.50171947291255,25.460823873805985
2026-09-07 13:08:09.223672,3667.0919441191377,-411.13652175738537,348.5825539700934,25.422952682190022
2026-09-07 13:08:09.322925,3668.3614188467045,-411.39375041437086,348.66030288811703,26.020442900470055
2026-09-07 13:08:09.423805,3669.5119656484335,-411.62448144593793,348.53612323848796,25.945516020325105
2026-09-07 13:08:09.531582,3670.7370982919915,-411.8729332215374,348.5602449854746,25.896544556641764
2026-09-07 13:08:09.622327,3671.7667640523796,-412.0812938481212,348.458696049695,25.829145272950704
2026-09-07 13:08:09.731353,3673.000196561385,-412.333164638555,348.2878870356311,25.80532845496462
2026-09-07 13:08:09.843109,3674.2625737038343,-412.59486871532897,348.33791162262537,25.817046785539066
2026-09-07 13:08:09.923054,3675.1661923542115,-412.7813756762619,348.2126632724214,25.809362603544727
2026-09-07 13:08:10.032829,3676.4060476773734,-413.0401089742737,348.3355078856255,25.783463730890713
2026-09-07 13:08:10.120971,3677.68417293337,-413.30385690620926,348.47359832384774,26.614550549521866
2026-09-07 13:08:10.232449,3678.9837637475416,-413.5688853386119,348.1367723267167,26.6476698942673
2026-09-07 13:08:10.320287,3680.0077910240334,-413.78399542034225,348.2448977436885,26.65611273844791
2026-09-07 13:08:10.421633,3681.1901371441572,-414.03003361359725,348.18819170784343,26.621575717851318
2026-09-07 13:08:10.522077,3682.36020027086,-414.2747242138346,348.28935412092295,26.506599254615367
2026-09-07 13:08:10.621293,3683.511390019183,-414.5133472293676,348.51141107639836,26.54127735948294
2026-09-07 13:08:10.721302,3684.674223653048,-414.7496872386472,348.7352428581688,26.577980398500703
2026-09-07 13:08:10.821090,3685.837005797528,-414.9812903402504,348.64590799494925,26.61460233110181
2026-09-07 13:08:10.921936,3687.013368629512,-415.2175059756913,348.5443407066153,26.550275051244302
2026-09-07 13:08:11.021530,3688.1719046342473,-415.45227924362814,348.4774698175744,26.505021760151784
2026-09-07 13:08:11.121419,3689.3316166099685,-415.68870025484716,348.3209755721116,26.318235430209274
2026-09-07 13:08:11.221320,3690.4826486280344,-415.92662810375396,348.2538985525514,26.292047284992965
2026-09-07 13:08:11.327982,3691.7100582422677,-416.18184254253833,348.43294003012244,26.372200661927913
2026-09-07 13:08:11.420393,3692.7774046843756,-416.4002978912507,348.45362268746845,26.463447067101388
2026-09-07 13:08:11.528569,3694.0312522897866,-416.6564531644311,348.48993925921417,26.53339522610282
2026-09-07 13:08:11.616077,3695.0483534583113,-416.86357073104995,348.4801466047735,26.586920567794838
2026-09-07 13:08:11.728855,3696.3617651375275,-417.13126133535,348.49276711926944,26.511040315887847
2026-09-07 13:08:11.826609,3697.4970092045737,-417.3623785975259,348.3396177387474,26.4922484082845
2026-09-07 13:08:11.927261,3698.664440184523,-417.60330020044665,348.22698229344365,26.435080879931334
2026-09-07 13:08:12.027945,3699.8292473287715,-417.84606866439617,348.50866043135846,26.336545513968556
2026-09-07 13:08:12.128180,3700.9857074078013,-418.08117109423443,348.6096123495917,26.173636172103176
2026-09-07 13:08:12.228622,3702.137798223355,-418.3132722169161,348.41853159635053,26.221907771820202
2026-09-07 13:08:12.328797,3703.2881658056663,-418.5490210453045,348.6539450708958,26.16326050137181
2026-09-07 13:08:12.428451,3704.4309427377543,-418.77832581544124,348.55357830819196,26.05005911698786
2026-09-07 13:08:12.536553,3706.691029460958,-419.2378963846587,348.31163345049964,27.48620147085736
2026-09-07 13:08:12.628119,3707.792810073838,-419.465830888786,348.4550882060788,27.39178888333723
2026-09-07 13:08:12.737493,3709.1050226113643,-419.73387488336124,348.6264424252946,27.340180351382596
2026-09-07 13:08:12.827461,3710.183031702879,-419.9507219565554,348.72712185285775,27.325243628717956
2026-09-07 13:08:12.937498,3711.50125377142,-420.2134798633968,348.60398404640694,27.381011027189007
2026-09-07 13:08:13.025271,3712.5544495923414,-420.4257651817041,348.48611633261316,27.35186642114145
2026-09-07 13:08:13.136859,3713.89142102543,-420.6981124898533,348.46114163947135,27.01839605215881
2026-09-07 13:08:13.235284,3715.0562014118655,-420.9359125116324,348.4280986486594,27.25490728262756
2026-09-07 13:08:13.335521,3716.252668128729,-421.1809004307835,348.28227630166,27.530807640747078
2026-09-07 13:08:13.436218,3717.4661563000645,-421.4325932503603,348.14705333815306,27.743741903480835
2026-09-07 13:08:13.535515,3718.6714346965387,-421.68555165083467,348.1248295138628,27.863479039000026
2026-09-07 13:08:13.635534,3719.8906170564164,-421.9419219178096,348.1360222220095,27.80929294477468
2026-09-07 13:08:13.736035,3721.1133425918183,-422.198787834927,348.0010624609897,27.770652981068974
2026-09-07 13:08:13.836262,3722.3304343260247,-422.45746508053213,347.90011859997543,27.661179634514415
2026-09-07 13:08:13.935166,3723.5262760927953,-422.71382875256086,347.76730340207786,27.57043586717816
2026-09-07 13:08:14.034965,3724.7283798237445,-422.9744509313979,347.77847149094436,27.536426038289804
2026-09-07 13:08:14.135344,3725.9360293215314,-423.2360290114398,347.86833544487786,27.47678222146133
2026-09-07 13:08:14.235642,3727.14049822682,-423.49494109692637,347.9581268838404,27.481164257325013
2026-09-07 13:08:14.335207,3728.336756679028,-423.7501275756616,348.11411352450654,27.380244002705737
2026-09-07 13:08:14.435325,3729.535933462933,-424.0025252679145,348.3830044082546,27.3889923459748
2026-09-07 13:08:14.535662,3730.7392915768555,-424.2499112281499,348.41668929084636,27.40302031327079
2026-09-07 13:08:14.635491,3731.9373149452517,-424.4954664621597,348.4390321829285,27.423083421088325
2026-09-07 13:08:14.736239,3733.147348830592,-424.74299181004716,348.1346264207246,27.410758671065956
2026-09-07 13:08:14.837501,3734.361671174123,-424.9981233021187,348.0099765428426,27.407219348522112
2026-09-07 13:08:14.928811,3735.417025273313,-425.22241351979545,347.89757721881773,27.315681886784283
2026-09-07 13:08:15.154643,3738.113414365028,-425.8005885130811,348.1250244538001,27.1854422829457
2026-09-07 13:08:15.239458,3739.1221101376996,-426.01269397317236,348.1914634982841,27.280305158750995
2026-09-07 13:08:15.341407,3740.3391054799567,-426.2671267859638,348.25991561655263,27.258034317145658
2026-09-07 13:08:15.440465,3741.2853104684114,-426.4635003269657,348.2266601165897,26.99080633465239
2026-09-07 13:08:15.536628,3742.4212004649203,-426.7002485595183,348.24818251520423,26.900056590501976
2026-09-07 13:08:15.637032,3743.6032905939674,-426.9461627796936,348.15829618010684,26.96936592943138
2026-09-07 13:08:15.736425,3744.7761085890643,-427.1920682745328,348.14717352500304,26.947653448095817
2026-09-07 13:08:15.836386,3745.9546312725265,-427.43940872545954,347.96819404325595,26.93280458634687
2026-09-07 13:08:15.936400,3747.132350705788,-427.69042411125594,347.84508040846214,26.939795990919166
2026-09-07 13:08:16.036138,3748.306584236197,-427.9433354745188,347.9008867215195,26.909293005308257
2026-09-07 13:08:16.140934,3749.310586835272,-428.1595103233886,348.0064322617318,26.468634193804395
2026-09-07 13:08:16.241458,3750.474076238741,-428.4066811142769,348.1414229087577,26.461607138059943
2026-09-07 13:08:16.340777,3751.623885507943,-428.64811587484667,348.23033790134303,26.49371768570389
2026-09-07 13:08:16.440609,3752.7814118883175,-428.88929614989854,348.3755710642035,26.53995145393492
2026-09-07 13:08:16.541028,3753.9483885040913,-429.12936061592046,348.5441331213204,26.45922472226661
2026-09-07 13:08:16.633543,3755.020885994171,-429.34670252516975,348.90648696205835,26.743781193723304
2026-09-07 13:08:16.734396,3756.2041079294445,-429.5787023233045,349.04191941325917,26.910338725278088
2026-09-07 13:08:16.834475,3757.386105883799,-429.80756211639005,348.7619338508622,26.90771524464716
2026-09-07 13:08:16.935251,3758.2489699018397,-429.97669866813584,348.9198177427898,26.053255551318077
2026-09-07 13:08:17.048463,3759.3630168991353,-430.1932586964683,348.970494069276,25.54452458043166
2026-09-07 13:08:17.139361,3760.38184655944,-430.3918436718808,349.0315261602859,25.336425927346927
2026-09-07 13:08:17.247691,3761.5864204265654,-430.62530134397866,349.06789443252023,25.353464566227114
2026-09-07 13:08:17.339965,3762.613275942343,-430.8236393467164,348.95430845918685,25.371203016645424
2026-09-07 13:08:17.447040,3763.6257076979996,-431.0202548177244,349.03818466844376,24.883154932286388
2026-09-07 13:08:17.547150,3764.7189892660535,-431.2320111794133,348.7917210537656,24.968881845705766
2026-09-07 13:08:17.646661,3765.6502243424356,-431.416280978982,348.71377003383225,24.438000319666283
2026-09-07 13:08:17.748187,3766.7379228947884,-431.63335276294265,348.67968598318276,24.508971317787257
2026-09-07 13:08:17.848945,3767.820399679788,-431.85005210903216,348.38652541295494,24.662165557955923
2026-09-07 13:08:17.935880,3768.7592342592884,-432.04299727727675,348.40598247776734,24.609750339588995
2026-09-07 13:08:18.036750,3769.8463173050054,-432.26602509287034,348.4398462977643,24.656464821933977
2026-09-07 13:08:18.150974,3771.079803376059,-432.51832957575607,348.4654109583858,24.775237890339486
2026-09-07 13:08:18.248908,3771.884906199375,-432.6831544369097,348.6078829570593,23.905851127923324
2026-09-07 13:08:18.349590,3772.939683330191,-432.89568379736954,348.63041676046925,24.02110002553316
2026-09-07 13:08:18.449355,3773.9899755285574,-433.1068796743356,348.5745953401262,23.927822796775665
2026-09-07 13:08:18.535695,3774.8952264437457,-433.28982801704745,348.46831390724583,23.92405058819254
2026-09-07 13:08:18.635924,3775.945538297516,-433.5041213404274,348.46831390724583,23.84084918458492
2026-09-07 13:08:18.752120,3777.1589356858267,-433.75168872528377,348.59834399311114,23.712918308712513
2026-09-07 13:08:18.854032,3778.012450739497,-433.92367017478375,348.6439621765622,23.00163707461903
2026-09-07 13:08:18.950376,3778.983727715913,-434.118738541177,348.945842895858,23.026892784398914
2026-09-07 13:08:19.051419,3779.8385679709213,-434.28475669109037,348.945842895858,22.482833494214052
2026-09-07 13:08:19.135759,3780.6705186997124,-434.44728776964706,348.936404759053,22.572743303738925
2026-09-07 13:08:19.251669,3781.8184191655128,-434.6717395513725,348.7029266956536,22.50285835566381
2026-09-07 13:08:19.350323,3782.7916180060292,-434.86615217314284,348.68084678224704,22.41665417091524
2026-09-07 13:08:19.451115,3783.631549434032,-435.0343231926348,348.6582883595569,21.775418035544174
2026-09-07 13:08:19.551381,3784.5885267857634,-435.2262707443504,348.83781394170245,21.58880286618013
2026-09-07 13:08:19.635730,3785.387184502371,-435.3838615404305,348.88500966148905,21.62123281512206
2026-09-07 13:08:19.743644,3786.319335297963,-435.5667507280628,349.1627623670723,20.97400707858151
2026-09-07 13:08:19.842547,3787.156720399598,-435.7265697120947,349.6386786809216,20.468786310720862
2026-09-07 13:08:19.942984,3788.0607691246123,-435.8918629261499,349.7735524982721,20.276587145447618
2026-09-07 13:08:20.042873,3788.8938850178724,-436.0414189709897,349.5164548092975,19.78532576186468
2026-09-07 13:08:20.142323,3789.758820269605,-436.2014683241444,349.505325775562,19.480307702099335
2026-09-07 13:08:20.242646,3790.5605446046297,-436.3496700701278,349.8084474184887,19.10890903618692
2026-09-07 13:08:20.342598,3791.4009071827254,-436.50074725679355,349.6071136302659,18.947333030684057
2026-09-07 13:08:20.443086,3792.180154470615,-436.6434137802678,349.7195655500259,18.534810490118122
2026-09-07 13:08:20.542363,3792.9895381834735,-436.79021822856487,349.55292043959463,18.5677749445014
2026-09-07 13:08:20.642995,3793.735623656498,-436.9276500061041,349.5078752139387,18.114842999999357
2026-09-07 13:08:20.743293,3794.534262471618,-437.0755554218807,349.4966512840684,18.031584318589413
2026-09-07 13:08:20.851916,3795.2755359137736,-437.2129318305905,349.42371800916936,17.335676798009857
2026-09-07 13:08:20.950914,3796.029710974488,-437.3537487514587,349.3129334861179,17.34259717985488
2026-09-07 13:08:21.051484,3796.671612176296,-437.4751560547425,349.380459695637,16.7026631771572
2026-09-07 13:08:21.160756,3797.4735454043985,-437.625516869251,349.2704061413976,16.737036779072014
2026-09-07 13:08:21.242290,3798.0729273737543,-437.73909193950186,349.1882889797152,16.716375823816335
2026-09-07 13:08:21.342379,3798.6264293668046,-437.8453446963722,349.1434868134989,15.756154529015083
2026-09-07 13:08:21.443994,3799.2029327010373,-437.9563019645122,349.08663026432686,15.059863716511712
2026-09-07 13:08:21.546429,3799.8800898977206,-438.0868657658522,349.04077797390164,15.065234198599445
2026-09-07 13:08:21.659944,3800.501033836091,-438.2075289229211,349.2059168320043,14.313520493152726
2026-09-07 13:08:21.759233,3801.1251149578443,-438.3265119722712,349.37258208548303,14.357767608553473
2026-09-07 13:08:21.847841,3801.5209574107716,-438.40041505723457,349.38249783632506,13.484736130037351
2026-09-07 13:08:21.948801,3802.119146220336,-438.5125521896261,349.32600777871136,13.45915256928216
2026-09-07 13:08:22.042885,3802.675433965045,-438.6174023463537,349.12596538364403,13.465729441597839
2026-09-07 13:08:22.144622,3803.1160049683704,-438.7024019364734,349.0235007225446,12.524032408453497
2026-09-07 13:08:22.365444,3804.1527271649466,-438.90396095504605,349.09763452307374,11.482687312876038
2026-09-07 13:08:22.447445,3804.4406319854666,-438.95955959541897,349.0150470212326,10.81159556218034
2026-09-07 13:08:22.548867,3804.921844681556,-439.0529667236714,348.9015499011198,10.80627818985348
2026-09-07 13:08:22.654943,-803.3309194085933,726.2830854245522,59.777698666153356,9.821984410028673
2026-09-07 13:08:22.769408,-803.0779349419174,726.7173673557477,59.76488936654005,10.138047255355712
2026-09-07 13:08:22.867986,-802.8869303551133,727.0471782973855,59.97065814098096,9.237190244901242
2026-09-07 13:08:22.968128,-802.6799841194347,727.4051961490205,60.12754875685596,9.299318371718753
2026-09-07 13:08:23.068231,-802.5371483184666,727.6577086994652,60.36581398480212,8.274225924551327
2026-09-07 13:08:23.255615,-802.2570876424232,728.1534041240674,60.41333585319944,7.393912508653638
2026-09-07 13:08:23.355702,-802.0937462648474,728.441092838517,60.346133946744885,7.466501274829483
2026-09-07 13:08:23.455342,-801.9942034253486,728.6181457929908,60.31691305306276,6.605925888497756
2026-09-07 13:08:23.570510,-801.825783099134,728.9136206875953,60.47156868591355,6.800149839374636
2026-09-07 13:08:23.669130,-801.6780256539834,729.1744789775992,60.57089405306215,7.136230293584551
2026-09-07 13:08:23.769176,-801.5212052287058,729.452460120296,60.52611113464718,7.4981512416540745
2026-09-07 13:08:23.870519,-801.3540641680348,729.7481953275791,60.40136154868014,7.838197993622578
2026-09-07 13:08:23.955558,-801.2068876820069,730.0072871315901,60.30619795895336,7.863462493863049
2026-09-07 13:08:24.061290,-801.0227716070145,730.3301581224844,60.3535260633239,7.883788065959505
2026-09-07 13:08:24.155480,-800.8585684598236,730.6186628087098,60.27974319944451,7.8451054082275355
2026-09-07 13:08:24.260729,-800.6755732769831,730.9392241242565,60.18551939478857,7.879133167558357
2026-09-07 13:08:24.354859,-800.5107273899625,731.2268926588649,60.12231722612978,7.889003299425751
2026-09-07 13:08:24.462080,-800.3223587756086,731.5547711880027,60.026327995267366,7.963018444533012
2026-09-07 13:08:24.570807,-800.1289902974588,731.8900509190216,59.98982644320222,7.99817066630008
2026-09-07 13:08:24.672272,-800.2147640262676,731.7385105617761,59.87096082236076,6.5782705585205
2026-09-07 13:08:24.770348,-800.0699933543517,731.9879616004569,59.827059721802016,6.595410383815775
2026-09-07 13:08:24.871073,-799.9542635620112,732.1864287521811,59.85019561404579,6.44713035205861
2026-09-07 13:08:24.959567,-799.8261610973505,732.4069750298321,59.83038962688852,6.539148701227589
2026-09-07 13:08:25.060471,-799.6779211794033,732.6619877340235,59.706180434123326,6.61762021664008
2026-09-07 13:08:25.159724,-799.5298069998081,732.9155175518858,59.59511055123221,6.622823872213406
2026-09-07 13:08:25.260265,-799.368115864836,733.1913138097962,59.504986480664684,6.71310420154075
2026-09-07 13:08:25.360506,-799.21545776049,733.4505274277408,59.448898724471746,6.653542382408234
2026-09-07 13:08:25.461423,-799.012296769068,733.7959867975932,59.3355714503341,6.9518165890159915
2026-09-07 13:08:25.561565,-798.8535741642846,734.0636845797926,59.245919669834166,6.864312185047667
2026-09-07 13:08:25.661533,-804.4033764318326,736.1656880802286,91.37018678058666,7.225664958942646
2026-09-07 13:08:25.759664,-804.4109560298626,736.4825764005532,91.33724249070747,7.23766956493428
2026-09-07 13:08:25.852240,-804.4179462629,736.7820270451582,91.3061631113078,7.245758885800422
2026-09-07 13:08:25.961993,-804.4260499717066,737.1374404488263,91.26931711313046,7.310013578822858
2026-09-07 13:08:26.068199,-804.4186429863794,737.5894342476043,91.22348178139009,7.9046686241388375
2026-09-07 13:08:26.167868,-804.4261632319461,737.9415546021581,91.19002115806006,7.875928562776879
2026-09-07 13:08:26.268324,-804.433508791084,738.2951693369631,90.99891377123413,7.808338903574123
2026-09-07 13:08:26.368010,-804.4395750728105,738.6430843762728,90.79811578807448,7.79004665413895
2026-09-07 13:08:26.458792,-804.4366250928143,739.1063255029179,90.71784943985676,8.465119199649335
2026-09-07 13:08:26.559321,-804.4413912701395,739.486722200504,90.537852958023,8.395723572650073
2026-09-07 13:08:26.659111,-804.4407955502651,739.9958068893037,90.38214075019096,8.9485488006523
2026-09-07 13:08:26.869978,-804.4464216200431,740.8393318825784,90.40573799460208,8.812199162616555
2026-09-07 13:08:26.969440,-804.4491962641928,741.2311432094655,90.55043289047171,8.887811052072756
2026-09-07 13:08:27.068085,-804.4513527841084,741.7791393373699,90.42934837572193,9.736980609545464
2026-09-07 13:08:27.169208,-804.4546511874531,742.2192971767664,90.38408336703651,9.781161412018397
2026-09-07 13:08:27.268606,-804.4569710642567,742.7738801005337,90.33977365778264,10.370849639872374
2026-09-07 13:08:27.368874,-804.4597277521708,743.2387328864769,90.50808224821867,10.574115287241737
2026-09-07 13:08:27.469375,-804.46384833885,743.8029070911846,90.45194270801767,11.101713503335077
2026-09-07 13:08:27.583668,-804.4683225067733,744.3701153183725,90.15777151633483,11.15364569200947
2026-09-07 13:08:27.683803,-804.4697905583923,744.9569013920345,89.87769022859038,11.676311816550145
2026-09-07 13:08:27.783508,-804.4686795759416,745.4773382150313,89.60990855532418,11.646690148886178
2026-09-07 13:08:27.883153,-804.4650655328835,746.0935334668287,89.38693695249185,12.142549069937248
2026-09-07 13:08:27.968650,-804.4600998229403,746.5576021546366,89.24342277492224,12.144790296603206
2026-09-07 13:08:28.084985,-804.4512942547125,747.2879541007036,89.12628620176974,12.798229891027098
2026-09-07 13:08:28.183547,-804.4426955006188,747.8517933473435,89.01598958809063,12.874880068444108
2026-09-07 13:08:28.284193,-804.4319836453369,748.5188034930557,88.91464153985089,13.476121449779193
2026-09-07 13:08:28.383537,-804.4206471834409,749.1171806657323,88.73676679235268,13.530809928438819
2026-09-07 13:08:28.483778,-804.4061603287873,749.8103729870876,88.57973257807998,14.069844577514806
2026-09-07 13:08:28.583407,-804.3906284328748,750.4368252946314,88.51283818881711,14.072456261802005
2026-09-07 13:08:28.683963,-804.371761345125,751.2108126225243,88.46783911354987,14.835506272848031
2026-09-07 13:08:28.783117,-804.3541785072249,751.8681732606277,88.42345547509785,14.864964242213189
2026-09-07 13:08:28.883872,-804.3331991844229,752.660496044755,88.33326171784665,15.606259872318843
2026-09-07 13:08:28.981110,-804.313467472758,753.3386018362962,88.03946127014387,15.621553910604007
2026-09-07 13:08:29.084251,-804.2859256636003,754.1754046311888,87.90096050105785,16.26129800077559
2026-09-07 13:08:29.183410,-804.2595238014721,754.8957524168198,87.74560993306886,16.324549183206134
2026-09-07 13:08:29.283828,-804.2272017752434,755.7462503312429,87.61076434498364,16.844075675413592
2026-09-07 13:08:29.384596,-804.1955697725065,756.50437128819,87.6558704474055,16.796527916823756
2026-09-07 13:08:29.477052,-804.1631431894488,757.3178402175453,87.62483314728615,17.41042122079255
2026-09-07 13:08:29.584796,-804.1283899050458,758.1557079949423,87.66100468908962,17.34545975202018
2026-09-07 13:08:29.685238,-804.0916481070079,759.0700322757621,87.5036453553721,17.975878076698244
2026-09-07 13:08:29.784573,-804.0568796808362,759.8675244883184,87.44806453254114,17.843075232224034
2026-09-07 13:08:29.891992,-804.0187291442119,760.723509737347,87.39998128770094,17.64877867703602
2026-09-07 13:08:29.981257,-803.9867808975654,761.4270596899042,87.39998128770094,17.626938664117713
2026-09-07 13:08:30.094727,-803.9462198548928,762.3202767720111,87.51426286760761,17.60611706887456
2026-09-07 13:08:30.184389,-803.9156132813209,763.0253099413759,87.53433026675884,17.595931965891605
2026-09-07 13:08:30.293898,-803.8672672997973,764.1548664754577,87.48531220795076,18.74349959482995
2026-09-07 13:08:30.391948,-803.8312205040443,764.975645481532,87.71573188530692,18.7375022462985
2026-09-07 13:08:30.481328,-803.8013798853636,765.7237343541569,87.85576187519018,18.787486587744453
2026-09-07 13:08:30.593339,-803.7661813377895,766.6638289245915,87.84322719245756,18.84719068825839
2026-09-07 13:08:30.681546,-803.7382124460244,767.4064859516958,87.98141946497526,18.829463308927124
2026-09-07 13:08:30.782431,-803.7083005097285,768.2551608211836,88.12818450659734,18.852383255268613
2026-09-07 13:08:30.882828,-803.6712057983144,769.3442087870546,88.18435979545893,19.72009320898881
2026-09-07 13:08:30.977505,-803.6447613624574,770.1784309873648,88.38566303339303,19.669628476736104
2026-09-07 13:08:31.083285,-803.6185578083579,771.1081970652364,88.40933782853699,19.593835133299272
2026-09-07 13:08:31.181749,-803.5946167778959,771.9703333464502,88.18896393658451,19.511238497651455
2026-09-07 13:08:31.282015,-803.566978113141,772.8444470398066,88.07676044774371,19.47006050253357
2026-09-07 13:08:31.382630,-803.5375877056372,773.7196962022534,88.07676044774371,19.426980823212368
2026-09-07 13:08:31.478365,-803.509684658794,774.5506516211613,87.92677419711163,19.286442854014982
2026-09-07 13:08:31.582313,-803.4772623562859,775.446285015666,87.97330374155581,19.219228580683737
2026-09-07 13:08:31.681685,-803.4338251839124,776.6798494001313,88.12898813805077,20.27338549460096
2026-09-07 13:08:31.788021,-803.4023600414928,777.6430602858151,88.27178354454236,20.244581304819285
2026-09-07 13:08:31.881649,-803.3768053538205,778.4900211384041,88.33464865287351,20.19958445750137
2026-09-07 13:08:31.976431,-803.3519318609008,779.3455431957302,88.46192854132232,20.27577961061966
2026-09-07 13:08:32.081385,-803.3263975195059,780.2965123743797,88.4971634314179,20.174899550949384
2026-09-07 13:08:32.189157,-803.3009055711074,781.2681723125961,88.90721410620199,20.125930359154466
2026-09-07 13:08:32.280844,-803.2760328588661,782.3923866723076,89.11242033031294,20.98276109803233
2026-09-07 13:08:32.390301,-803.260128363111,783.4189847549172,88.98993157761424,20.944503545576175
2026-09-07 13:08:32.487956,-803.2431736026111,784.3636695895361,88.73858383717015,20.97671778300878
2026-09-07 13:08:32.577224,-803.2247455094414,785.2005713185645,88.58873970692866,20.965017382876805
2026-09-07 13:08:32.690329,-803.1968540674251,786.3274913419467,88.58873971321464,21.336307015365293
2026-09-07 13:08:32.788960,-803.1736844082119,787.2679664766904,88.71015092477865,21.289767608237295
2026-09-07 13:08:32.889879,-803.1520637045493,788.2282073438231,88.9811930859978,21.316222612962825
2026-09-07 13:08:32.988849,-803.135294727643,789.1711635862273,88.41635181994525,21.27730647500537
2026-09-07 13:08:33.088554,-803.1090851063295,790.1191760734062,88.29361855303159,21.082151958630998
2026-09-07 13:08:33.196982,-803.0786557997112,791.1406096742555,88.01454289685171,21.206267564896656
2026-09-07 13:08:33.288565,-803.0485758960167,792.0082998518154,87.90180751965136,21.01900784331134
2026-09-07 13:08:33.396666,-803.0113869449441,793.0233722940085,87.73244768594805,20.899989498336616
2026-09-07 13:08:33.496104,-802.9746277375128,793.9517070939294,87.8659799763359,20.833084778540847
2026-09-07 13:08:33.575977,-802.9469280159501,794.695066185194,88.00899203249355,20.81912612131778
2026-09-07 13:08:33.699974,-802.9068336808299,795.848407347711,87.89798414542656,20.952395367008883
2026-09-07 13:08:33.796035,-802.8738314652938,796.7475629093261,87.97323263982253,20.928053227253493
2026-09-07 13:08:33.896230,-802.8293266062834,798.0377651914625,88.05171947087365,21.829133153174755
2026-09-07 13:08:33.996008,-802.796223951099,799.0108855098104,88.30853146429126,21.70271296077027
2026-09-07 13:08:34.086293,-802.7703683749868,799.8864471685788,88.04584262486378,21.626188375092816
2026-09-07 13:08:34.197286,-802.7337773430662,800.958878046913,88.18247101355655,21.510774984023225
2026-09-07 13:08:34.295501,-802.7038225628828,801.902855705531,88.25940682389682,21.51163318987449
2026-09-07 13:08:34.395947,-802.6744825529709,802.8683550460754,88.39429272707594,21.433517854138316
2026-09-07 13:08:34.497115,-802.647320043057,803.8373297456022,88.47354174260772,21.363681122525932
2026-09-07 13:08:34.575584,-802.6273567807724,804.5864757097123,88.49988515582618,21.309513614095476
2026-09-07 13:08:34.699791,-802.5835933752757,806.1874642653478,88.76397539475238,22.28555253608884
2026-09-07 13:08:34.796028,-802.5629118452522,807.1460055058526,88.92551759982098,22.290598068228018
2026-09-07 13:08:34.897918,-802.5438725492703,808.1611393234053,89.21056969818983,22.27279170582197
2026-09-07 13:08:34.996421,-802.5303596693761,809.1418237383328,89.30977722851048,22.22889486318764
2026-09-07 13:08:35.098673,-802.5181193650958,810.1578491120331,89.55007169917917,22.154735916281325
2026-09-07 13:08:35.182343,-802.5116120933019,810.9864956885365,89.74669805720441,22.13207147000694
2026-09-07 13:08:35.298410,-802.5049520260187,812.2083611967641,89.98049236671659,22.242103194640748
2026-09-07 13:08:35.398382,-802.5046135853391,813.2023937132877,89.89099277813102,22.245597428937455
2026-09-07 13:08:35.496998,-802.5027477633023,814.1830956999801,89.86892136956703,22.10255360176315
2026-09-07 13:08:35.597691,-802.5004716336274,815.1780129953947,89.86892136956703,22.01720730829668
2026-09-07 13:08:35.691240,-802.4983651569779,816.0987733870912,89.8584526920713,22.001676058646204
2026-09-07 13:08:35.797910,-802.495773228667,817.1479367591785,89.97782262958435,21.845085624904257
2026-09-07 13:08:35.897455,-802.4953969522553,818.1200560338116,90.27859357886928,21.765931328378777
2026-09-07 13:08:35.998344,-802.500170202628,819.1017188083109,90.49310483685122,21.77739175592721
2026-09-07 13:08:36.097216,-802.5084541405607,820.0642381901506,89.97308028477164,21.946725316682397
2026-09-07 13:08:36.187821,-802.5080364870944,820.9531695535089,89.28361286487052,22.166028827344196
2026-09-07 13:08:36.283299,-802.4962073947737,821.8991967967089,89.00581472552494,22.339561117519573
2026-09-07 13:08:36.494640,-802.4595866072469,824.00947345914,87.53949688380499,21.91112567270479
2026-09-07 13:08:36.595742,-802.4169703582943,825.0069915211337,87.86760004613552,21.690661702671985
2026-09-07 13:08:36.696021,-802.3807898263452,825.9786828610576,87.66560758026026,21.645097162865703
2026-09-07 13:08:36.796277,-802.3380844763905,827.135483729312,87.68804604005072,21.891583659543343
2026-09-07 13:08:36.887751,-802.30197177948,828.0299574288614,87.7187554588113,21.85161852079737
2026-09-07 13:08:36.997508,-802.2596964890445,829.0824171842967,87.81701503492559,21.776882724383785
2026-09-07 13:08:37.096318,-802.2230555976495,830.0436480373277,88.07133555718065,21.662049861972147
2026-09-07 13:08:37.196690,-802.1903433387041,831.0150800644109,88.38583746240738,21.389286134173737
2026-09-07 13:08:37.296486,-802.1634637270525,831.9689374336772,88.87721860096372,21.114599619823792
2026-09-07 13:08:37.385401,-802.1470181525885,832.8080512565205,89.13592135510498,21.000389123769185
2026-09-07 13:08:37.486409,-802.1327179010915,833.7562079367607,89.93846154825223,20.807979887459236
2026-09-07 13:08:37.710860,-763.6985872332634,825.0216941379232,66.80230392270641,20.01142329865544
2026-09-07 13:08:37.801165,-763.3680276963008,825.8709671103189,66.74215762812264,20.505258658340995
2026-09-07 13:08:37.909247,-762.9768097919628,826.7812079070874,66.89939269010938,20.458981881514536
2026-09-07 13:08:38.007899,-762.6228071651681,827.611131074682,66.86627349143419,20.465878076485904
2026-09-07 13:08:38.108578,-762.2609193893743,828.4581831012274,66.83247379347176,20.48875122192591
2026-09-07 13:08:38.209543,-761.8970963857494,829.3083762556686,66.96805664609337,20.347593551471366
2026-09-07 13:08:38.308435,-761.5451564239213,830.1362113338569,66.9459234655169,20.34672942997217
2026-09-07 13:08:38.409249,-761.1860656599617,830.9799611787832,67.03617685170184,20.317659202056326
2026-09-07 13:08:38.509270,-760.8316256988148,831.816437451475,67.27122842282688,20.240748369133097
2026-09-07 13:08:38.611204,-760.4576331594463,832.7183487526697,67.29928417275914,20.366342385133425
2026-09-07 13:08:38.710526,-760.1086540496469,833.5525808926077,67.29928417275914,20.275215105555535
2026-09-07 13:08:38.811757,-759.7685262052771,834.3601957891473,67.29626830757798,20.080935300708877
2026-09-07 13:08:38.911673,-759.4223361785396,835.1876383077422,67.27390594388362,19.92989432143409
2026-09-07 13:08:38.996858,-759.1291330395643,835.8876672953677,67.45502719110709,19.835361961703978
2026-09-07 13:08:39.113032,-758.7341693402782,836.8390810944442,67.44202664444902,19.767348105980776
2026-09-07 13:08:39.212181,-758.4173623037526,837.5976786803521,67.4620418042623,19.53174360900753
2026-09-07 13:08:39.311887,-758.0836729765763,838.4017688454265,67.52898789401388,19.55178199693143
2026-09-07 13:08:39.412324,-757.7791350194382,839.1333764433298,67.33538308177322,19.09583059775101
2026-09-07 13:08:39.497240,-757.4998071058425,839.8022913360118,67.43991162189923,19.008274744247966
2026-09-07 13:08:39.605662,-757.1743419297371,840.5823740584809,67.5110613618167,18.53422948221288
2026-09-07 13:08:39.712081,-756.8370722635505,841.3970598829073,67.60633260494205,18.46541742470684
2026-09-07 13:08:39.812933,-756.5475225150901,842.0978495874728,67.44720969159607,17.97684096978841
2026-09-07 13:08:39.911680,-756.2431621424943,842.8307299015788,67.1156987732611,17.720573187892494
2026-09-07 13:08:40.012016,-755.9541098162308,843.5136482079627,66.834441603085,17.249173359954476
2026-09-07 13:08:40.104210,-755.6744436661164,844.1672430144707,66.75190524220352,17.08644333998982
2026-09-07 13:08:40.203848,-755.3740402816749,844.866514940403,66.75190524220352,16.968906930356454
2026-09-07 13:08:40.303573,-755.0754428542915,845.5615830020128,66.9081425519048,16.99766313960227
2026-09-07 13:08:40.408470,-754.7932504754673,846.2219580009079,66.86081473930426,16.675206014479464
2026-09-07 13:08:40.511847,-754.4904220727644,846.9305859268675,66.74512986042328,16.770053729798562
2026-09-07 13:08:40.612186,-754.2358715887827,847.5208992029267,66.18335057924924,16.29030724794205
2026-09-07 13:08:40.713139,-753.9389968799659,848.1934748788915,65.79924482106117,16.315889034876662
2026-09-07 13:08:40.812455,-753.6866824828384,848.7501023197219,65.52114379735531,15.81424610062104
2026-09-07 13:08:40.912543,-753.3934905605968,849.3940829419229,65.29713520439054,15.725039737655758
2026-09-07 13:08:41.013230,-753.097691427262,850.037111690118,65.03798359600705,15.608025504100036
2026-09-07 13:08:41.113215,-752.8032767210091,850.6695804104241,64.72469430223919,15.534637041937811
2026-09-07 13:08:41.212884,-752.5077456872301,851.2954792015422,64.41239515116104,15.445804125000848
2026-09-07 13:08:41.312385,-752.2110179500465,851.9151417524122,64.34558670556726,15.348426513377728
2026-09-07 13:08:41.420763,-751.9431354489009,852.4673495618439,64.29698387029839,14.824562875260744
2026-09-07 13:08:41.512957,-751.6781470336932,853.0178806523115,64.21444750941691,14.712585287265265
2026-09-07 13:08:41.621669,-751.3660340530167,853.6640221464585,64.433427889001,14.88526918243488
2026-09-07 13:08:41.719000,-751.0865255874037,854.248275838648,64.46610360491377,15.189741534601353
2026-09-07 13:08:41.809741,-750.820928727902,854.8042645006948,64.31378691559348,15.389551779489953
2026-09-07 13:08:41.921537,-750.487556159293,855.4973883041863,63.88842573422835,15.453048788985749
2026-09-07 13:08:42.009457,-750.2202432657789,856.0427629227208,63.67197302218665,15.483010453490042
2026-09-07 13:08:42.110879,-749.9089017387846,856.6719396103218,63.4109296459269,15.552136293739236
2026-09-07 13:08:42.210995,-749.597358120712,857.2943743766785,62.89556574741209,15.751594535731005
2026-09-07 13:08:42.310479,-749.2781888887137,857.9179667324318,62.06060285741023,16.00282062148396
2026-09-07 13:08:42.410467,-748.943042104442,858.549897739503,61.36687003529869,16.04126335032254
2026-09-07 13:08:42.510550,-748.5991188195509,859.1798307293737,61.08687328231963,15.959057671719957
2026-09-07 13:08:42.611206,-748.3053664861986,859.7023647716464,61.03054064584512,15.747002808714381
2026-09-07 13:08:42.708408,-747.9739509753168,860.3010065022241,61.26984497382364,15.892242381096048
2026-09-07 13:08:42.810197,-747.6263403429599,860.9351377633047,61.55461450999837,15.987411988052362
2026-09-07 13:08:42.910461,-747.2850144993087,861.5652132669916,61.36387238376665,16.233598920429777
2026-09-07 13:08:43.010586,-746.909426324099,862.2555013423079,60.90448883252566,16.62111187220825
2026-09-07 13:08:43.110063,-746.5500049785747,862.9013731190853,60.54826306636187,16.573304043560366
2026-09-07 13:08:43.209840,-746.1865274944503,863.5450819569863,60.425441170038994,16.59335670069116
2026-09-07 13:08:43.317185,-745.7935219694684,864.2376126080306,60.16116550609286,16.743434154610274
2026-09-07 13:08:43.409746,-745.4144098862852,864.9023739754383,60.005796558466955,17.143128453798358
2026-09-07 13:08:43.517673,-745.0009242161194,865.6187195214711,59.95748592100199,17.261955226150945
2026-09-07 13:08:43.616299,-744.5507693521586,866.4035791809843,59.9464532459815,17.871245521195906
2026-09-07 13:08:43.717084,-744.1475240164577,867.1005155866764,59.935174817976986,17.979567020320705
2026-09-07 13:08:43.816411,-743.6892579711863,867.8962901672983,59.946292659551546,18.54138859246256
2026-09-07 13:08:43.916775,-743.2726371672155,868.6163389876551,59.946292659551546,18.603654448146617
2026-09-07 13:08:44.016956,-742.8008864060041,869.4343790282317,60.03598107165908,19.08754636244039
2026-09-07 13:08:44.117654,-742.3717309773617,870.1787772270985,59.99090630286673,19.062029193255302
2026-09-07 13:08:44.217629,-741.8893168066247,871.0158858595488,60.06922202643818,19.579359477099132
2026-09-07 13:08:44.324721,-741.4216227702806,871.8282206159896,60.35684325860757,19.681358773862286
2026-09-07 13:08:44.415473,-740.9730773966535,872.6165122434808,60.1638862003374,20.160858763436064
2026-09-07 13:08:44.525523,-740.4796119850057,873.4768934772735,60.410190908752156,20.139703113214605
2026-09-07 13:08:44.604460,-740.0725358719045,874.1935323189504,60.59569518649096,20.651802041541117
2026-09-07 13:08:44.726831,-739.5178627730419,875.1777455767075,60.52722505138581,20.557705246511585
2026-09-07 13:08:44.816002,-739.1146646204304,875.8911866719171,60.51724629756745,20.571730470065408
2026-09-07 13:08:44.925936,-738.6170914810301,876.7712622115882,60.40652600845624,20.607272923621018
2026-09-07 13:08:45.023824,-738.0849564628074,877.7084282566328,60.209350121542684,21.337900959203733
2026-09-07 13:08:45.124633,-737.6071992565746,878.542955125531,60.209350121542684,21.35728014996407
2026-09-07 13:08:45.223999,-737.0676693355477,879.4861370054484,60.09815398630553,21.992860091551087
2026-09-07 13:08:45.323731,-736.5788578088628,880.3361429287545,60.00886925689292,21.983274015640653
2026-09-07 13:08:45.425162,-736.0159173698903,881.3126910481574,59.98616794783311,22.54138974259333
2026-09-07 13:08:45.523900,-735.5182227461316,882.1742430205319,59.95301987745688,22.650962274553557
2026-09-07 13:08:45.624656,-735.0073765444591,883.0573814831232,59.7387914054807,22.60518099659185
2026-09-07 13:08:45.724902,-734.4968682466774,883.9323711370482,59.51442919012652,22.523717386652027
2026-09-07 13:08:45.824861,-733.8996972193632,884.9495692375076,59.45849929906717,23.18529083057395
2026-09-07 13:08:45.924573,-733.3745164367796,885.8396743570272,59.45849929906717,23.09380572856966
2026-09-07 13:08:46.024723,-732.8491100926607,886.7301617705756,59.44729193125795,22.969539548529838
2026-09-07 13:08:46.124683,-732.3273494289592,887.6140751887826,59.55915298829177,23.032428216210583
2026-09-07 13:08:46.224242,-731.807983534549,888.497868732486,59.59257668270084,23.032428216210583
2026-09-07 13:08:46.323921,-731.2885079143424,889.3830307147175,59.75989658522303,22.956651361440873
2026-09-07 13:08:46.420526,-730.6521653730777,890.4741863987888,59.91124589108176,23.923593158170153
2026-09-07 13:08:46.524396,-730.095241190935,891.4353657925757,59.795009316510914,23.900902672559244
2026-09-07 13:08:46.626621,-729.5457408026984,892.3793128549895,59.62341573074764,23.855347159140422
2026-09-07 13:08:46.725809,-729.0108463533654,893.2918726444934,59.61231601633699,23.86921448644894
2026-09-07 13:08:46.826970,-728.4648145186657,894.2230199023448,60.065136200033976,23.840044199324183
2026-09-07 13:08:46.924613,-727.945526526205,895.1248191408201,60.065136200033976,23.88867703803828
2026-09-07 13:08:47.027105,-727.3993384977047,896.0733331741062,60.34040302974563,24.00689338892411
2026-09-07 13:08:47.127437,-726.8665045387114,897.0090230665778,60.17198700972267,23.96744169696142
2026-09-07 13:08:47.226890,-726.1694659538982,898.2216535367411,60.06069333110099,24.755074492133986
2026-09-07 13:08:47.326879,-725.6172168118642,899.1805213979281,60.02712527818494,24.783033119997263
2026-09-07 13:08:47.427209,-725.0618942182003,900.1434208231695,59.970987723902454,24.836511014173396
2026-09-07 13:08:47.527029,-724.507261848294,901.1029498776417,59.7252380683517,24.82691647984761
2026-09-07 13:08:47.628591,-723.9389877998202,902.0764184817668,59.62294965891806,24.79763056234023
2026-09-07 13:08:47.724332,-723.4022806403597,902.9920537830133,59.50509593335164,24.78173539111674
2026-09-07 13:08:47.820317,-722.7325500159333,904.1322438793637,59.451389538831336,25.467543376836023
2026-09-07 13:08:47.923859,-722.1333886815678,905.1474474260131,59.52091125292145,25.478400417033765
2026-09-07 13:08:48.024526,-721.5518141972159,906.1355894859736,59.46458513733296,25.42562252663246
2026-09-07 13:08:48.125562,-720.968344377075,907.1247260981688,59.64548939917313,25.293194150536358
2026-09-07 13:08:48.224842,-720.4010570428361,908.0934051953263,59.70103944790435,25.24461348661367
2026-09-07 13:08:48.324752,-719.8322099598349,909.0669108518559,59.34326311470704,25.16342292270999
2026-09-07 13:08:48.424441,-719.2604117034562,910.0315874122197,59.488288244649084,25.169520522687062
2026-09-07 13:08:48.524759,-718.687325782887,911.0040396424744,59.52196674860943,25.166890776886913
2026-09-07 13:08:48.624701,-718.117016992039,911.973081215925,59.689728119588835,25.112746398028197
2026-09-07 13:08:48.724962,-717.5489614645619,912.944791785649,59.65606875152389,25.082083462734378
2026-09-07 13:08:48.958220,-716.0063159011942,915.5799126629927,60.33474487205058,26.09140995444623
2026-09-07 13:08:49.048395,-715.4857502988519,916.4938486507757,59.91091836709211,25.9684894313946
2026-09-07 13:08:49.157013,-714.8535825874426,917.5848743055257,59.86229842194234,25.834665259480452
2026-09-07 13:08:49.244038,-714.3489606793236,918.4540740658614,59.87203702587249,25.874967904727523
2026-09-07 13:08:49.356466,-713.6962114587337,919.5788600057142,60.07333858521906,25.80227034131038
2026-09-07 13:08:49.445124,-713.025784427357,920.7402749331741,60.083259932487636,26.588651184450455
2026-09-07 13:08:49.557135,-712.361768592077,921.8942535236648,59.970447787894955,26.629758925787918
2026-09-07 13:08:49.645371,-711.836093756698,922.8036654773059,60.04944076291258,26.62590388065773
2026-09-07 13:08:49.746514,-711.2350489645128,923.8467832768572,60.01548529204956,26.59320362068379
2026-09-07 13:08:49.846068,-710.643565788052,924.8719019288513,60.14917335533801,26.52883057101262
2026-09-07 13:08:49.945759,-710.0550934041705,925.8973222795581,60.43922943432517,26.633362953461617
2026-09-07 13:08:50.046821,-709.461468292875,926.9439593681403,60.721965082233055,26.80026564603387
2026-09-07 13:08:50.145876,-708.881086929192,927.9791164534761,61.07667967221232,27.046946198599077
2026-09-07 13:08:50.245831,-708.1893434525106,929.223804399176,61.36750387305301,27.590143976695977
2026-09-07 13:08:50.345696,-707.5991136021371,930.3049031503805,61.11046795609036,27.402529901683113
2026-09-07 13:08:50.445835,-707.0064646870051,931.3789485524068,61.21132318769605,27.38240449169463
2026-09-07 13:08:50.553076,-706.3742745748705,932.5294366149217,61.58335083889415,27.38708986835276
2026-09-07 13:08:50.643883,-705.8452097728407,933.5072422660703,61.22768672803795,27.386296393845445
2026-09-07 13:08:50.752532,-705.2049613729756,934.6731840079227,61.069626808256544,27.387245772326676
2026-09-07 13:08:50.845405,-704.654911621441,935.668350171034,61.142378012387326,27.484629046194787
2026-09-07 13:08:50.953347,-704.0148153586834,936.8299123059501,61.35980609555054,27.48179944411779
2026-09-07 13:08:51.044487,-703.4781359364971,937.8126110980137,61.665778986848636,27.469853680036277
2026-09-07 13:08:51.152819,-702.8467425299106,938.983559920563,61.70214793051764,27.4480816839621
2026-09-07 13:08:51.251538,-702.1472464581725,940.2758312253256,61.86785638936317,28.2234912051565
2026-09-07 13:08:51.351660,-701.5516192955068,941.389837154752,61.96869449937776,28.289106401084155
2026-09-07 13:08:51.452987,-700.9494119122447,942.5209331683277,62.03672898512832,28.279367016395426
2026-09-07 13:08:51.551350,-700.3663252268516,943.619257678796,62.058743769347984,28.288821506276083
2026-09-07 13:08:51.653186,-699.7628861990204,944.7569739277003,61.96757544118418,28.264795657079144
2026-09-07 13:08:51.753515,-699.1671007019752,945.8759553477441,61.96757544118418,28.227975178906046
2026-09-07 13:08:51.852839,-698.5780515681807,946.9822847892593,61.96757544118418,28.27657737334055
2026-09-07 13:08:51.953505,-697.9800156804209,948.1054928066441,61.89998477391282,28.362780404668843
2026-09-07 13:08:52.050402,-697.4013368479431,949.1892612608749,61.845768083019266,28.273031357463893
2026-09-07 13:08:52.161239,-696.7403324101272,950.4243974007343,61.95739783072486,28.304991768235297
2026-09-07 13:08:52.251921,-696.2008881503799,951.437127181426,62.12991117041702,28.32004703104735
2026-09-07 13:08:52.361464,-695.552586350561,952.6631034419902,62.15442816875793,28.338233646408952
2026-09-07 13:08:52.459482,-694.9725895044961,953.7610477035292,62.02280275353178,28.205478555281758
2026-09-07 13:08:52.560065,-694.3776284907639,954.881081754983,61.583825655407054,28.144834626955994
2026-09-07 13:08:53.012724,-691.5004152412946,960.2000328910499,61.53317047915334,28.942287253848463
2026-09-07 13:08:53.113350,-690.8798478481,961.3445554795923,61.52190984417439,28.9836130964744
2026-09-07 13:08:53.213726,-690.2597136449124,962.4877428759762,61.510677185650366,29.024836267219747
2026-09-07 13:08:53.313209,-689.6439999022418,963.6222506441044,61.49954445902267,29.06569269400762
2026-09-07 13:08:53.413424,-689.022660273229,964.7665941860581,61.4883298173354,29.10684974406187
2026-09-07 13:08:53.513522,-688.4009432330757,965.9110985500449,61.47712826862926,29.147958743675993
2026-09-07 13:08:53.613669,-687.7778191703269,967.0576586005149,61.465921236537724,29.189087866978717
2026-09-07 13:08:53.714046,-687.1521576626473,968.2083510762027,61.454688466107655,29.23031144841159
2026-09-07 13:08:53.814094,-686.5274409701751,969.3567693293537,61.443492512692046,29.2713999136496
2026-09-07 13:08:53.914039,-685.9022656992012,970.5054957846572,61.43230808557564,29.312446078072806
2026-09-07 13:08:54.014475,-685.2729125194527,971.661361488408,61.421068712702436,29.353693890069497
2026-09-07 13:08:54.114948,-684.642214422171,972.8191564152017,61.40982519931367,29.394956897504514
2026-09-07 13:08:54.215131,-684.0122258623401,973.9751087742421,61.398614138613084,29.43610080555804
2026-09-07 13:08:54.313662,-683.3915356980486,975.1134695521246,61.38758794632531,29.47656625782462
2026-09-07 13:08:54.414775,-682.7534796558784,976.2831441488113,61.37627281321238,29.51809210527395
2026-09-07 13:08:54.514766,-682.1213861560685,977.4413441721229,61.365083238428724,29.559157161323185
2026-09-07 13:08:54.615039,-681.444707013645,978.6810996557682,61.35386210620618,29.739603305155637
2026-09-07 13:08:54.715447,-680.8047560029548,979.8526072579446,61.342625866695926,29.7808396179017
2026-09-07 13:08:54.815210,-680.1678056890996,981.0180784039344,61.331461806439165,29.821811037195836
2026-09-07 13:08:54.915312,-679.5275835482048,982.1889940205041,61.32025981010929,29.862921679560056
2026-09-07 13:08:56.910199,-667.0023187006703,1005.0849686947392,57.97166784607634,30.771922638069093
2026-09-07 13:08:57.009374,-666.2787889015776,1006.241585350364,57.74970265337333,30.876780555914813
2026-09-07 13:08:57.109724,-665.5396484349418,1007.4130386179793,57.828310896183666,30.91974677188542
2026-09-07 13:08:57.209131,-664.8080298797092,1008.5761032686037,57.89505622689512,30.92843298774418
2026-09-07 13:08:57.308978,-664.0743283196639,1009.74549961593,58.12969889415672,31.07849719480619
2026-09-07 13:08:57.409217,-663.3390096952934,1010.9282044375244,58.16335087643711,31.182728298636384
2026-09-07 13:08:57.516142,-662.5527578859192,1012.1944895057987,58.16335087643711,31.280831280542365
2026-09-07 13:08:57.607869,-661.8761395480781,1013.2842061689764,58.19414523171508,31.34655538730574
2026-09-07 13:08:57.708892,-661.1300306458791,1014.4872821218469,58.20545029330424,31.4304159006966
2026-09-07 13:08:57.815836,-660.3383309391154,1015.7644342860032,58.13364435762969,31.616377447761742
2026-09-07 13:08:57.907941,-659.6510630713512,1016.8700228510726,57.65951842498407,31.799070787214028
2026-09-07 13:08:58.005080,-658.912364656829,1018.0367023607976,57.21383123011901,31.87291671158601
2026-09-07 13:08:58.116353,-658.0538243563683,1019.3696026636491,57.40061267368628,31.794159838249733
2026-09-07 13:08:58.207494,-657.3559065107607,1020.4609320941989,57.37001504883892,31.804512947381465
2026-09-07 13:08:58.316487,-656.5203170293743,1021.7660016953438,58.11402905798877,31.66546483018278
2026-09-07 13:08:58.414866,-655.7846893117218,1022.9484823236204,58.49935044909262,31.968057718962307
2026-09-07 13:08:58.507417,-655.0935956867097,1024.0762159237204,58.561492422018546,31.98746684622161
2026-09-07 13:08:58.616763,-654.2780417187882,1025.4102908009631,58.67162050553361,31.90434105280827
2026-09-07 13:08:58.716254,-653.540247768632,1026.622395788515,58.42668082430373,31.966065299030646
2026-09-07 13:08:58.816255,-652.7920255304581,1027.8398836586205,58.32596457972568,32.11024427525481
2026-09-07 13:08:58.916191,-652.0387698310519,1029.0607457197286,58.37069825958042,32.287512808271984
2026-09-07 13:08:59.024674,-651.217618719103,1030.3939795542678,58.34641850157686,32.29888794388625
2026-09-07 13:08:59.115104,-650.532405753672,1031.5054469945885,58.407136361046014,32.30520938603908
2026-09-07 13:08:59.216086,-649.7684036058405,1032.747661416727,58.19242736548176,32.27609071447166
2026-09-07 13:08:59.324239,-648.945909811117,1034.0738167107713,58.11980966499368,32.23734389336784
2026-09-07 13:08:59.410436,-648.2898389093942,1035.1286514440662,58.100517773170395,32.238850277723834
2026-09-07 13:08:59.524776,-647.4190515267853,1036.5276580580671,58.06213183901309,32.339760046704235
2026-09-07 13:08:59.623438,-647.0607651635979,1037.0904564848008,58.05109098706225,31.36620927127877
2026-09-07 13:08:59.723067,-646.3215284402455,1038.2758332863793,57.9953456626763,31.356633095559037
2026-09-07 13:08:59.823017,-645.5789800370095,1039.4639443603671,57.9729756893862,31.333052204447505
2026-09-07 13:08:59.922532,-644.8397578665825,1040.64570644399,58.32933753302632,31.384356556756583
2026-09-07 13:09:00.022902,-644.1004036275122,1041.8441951685786,58.430425416830076,31.34839806800278
2026-09-07 13:09:00.123442,-643.3627624844943,1043.0446416244047,58.58793957193075,31.32292093648211
2026-09-07 13:09:00.223298,-642.6340129592766,1044.2379600933075,58.744382116904944,31.235666440240163
2026-09-07 13:09:00.322218,-641.9173268023392,1045.4187612590297,58.65582432769497,31.19849869518379
2026-09-07 13:09:00.423985,-641.179016671155,1046.6309616737651,58.58749441058126,31.179824584995103
2026-09-07 13:09:00.523755,-640.4542119219137,1047.81779988911,58.67681315936261,31.179824584995103
2026-09-07 13:09:00.623626,-639.7305263556109,1049.006969176881,58.8221030584732,31.129209375086592
2026-09-07 13:09:00.722698,-639.016784689634,1050.186523443976,59.13253159187525,31.024460359338562
2026-09-07 13:09:00.811838,-638.3824969651889,1051.2477078840955,59.38191371032235,31.011218919814137
2026-09-07 13:09:00.925196,-637.5821058846523,1052.6001207689792,59.29311577122371,31.0498494289688
2026-09-07 13:09:01.023195,-636.8874852909008,1053.7696750489354,59.05184928660856,31.077251618929427
2026-09-07 13:09:01.123827,-636.1685170976325,1054.9686954996985,58.894190996812995,31.017457472991705
2026-09-07 13:09:01.223247,-635.4563241458212,1056.1490406608525,58.93869370305629,30.901915694012196
2026-09-07 13:09:01.323433,-634.7422380032464,1057.3346042852174,58.93869370305629,30.900164836985983
2026-09-07 13:09:01.424544,-634.0215996595161,1058.5310462208759,58.870804247247634,30.860406833297834
2026-09-07 13:09:01.524715,-633.3071773104175,1059.713994391704,58.83717509375401,30.88316456680602
2026-09-07 13:09:01.624021,-632.5977131614765,1060.8871761398243,58.78161049726668,30.79812614043478
2026-09-07 13:09:01.723883,-631.8851006903948,1062.0629873311002,58.73690994153412,30.85135458126222
2026-09-07 13:09:01.824061,-631.1680761357155,1063.243998763865,58.6135944286425,30.870612470656905
2026-09-07 13:09:01.924201,-630.4483353537822,1064.4237527986468,58.68083192114727,30.825111089348745
2026-09-07 13:09:02.024888,-629.7271202098689,1065.6090498560961,58.635762076210995,30.72745259367442
2026-09-07 13:09:02.126263,-629.0023419428045,1066.798095505407,58.49962864695817,30.84438057411241
2026-09-07 13:09:02.219759,-628.328737157698,1067.8973026187377,58.44731491452285,30.84601451626524
2026-09-07 13:09:02.325046,-627.5690123677144,1069.1345057449983,58.43553268652022,31.003334724258373
2026-09-07 13:09:02.426450,-626.833328239336,1070.3320066244767,58.537661965879124,31.154852939910214
2026-09-07 13:09:02.522499,-626.1351218056525,1071.4730588784057,58.397932219308586,31.20772753411599
2026-09-07 13:09:02.620717,-625.4170883203004,1072.6401112750389,58.36495872201067,31.163099466717096
2026-09-07 13:09:02.723468,-624.666288538691,1073.8588481548845,58.226977503868056,31.153223209489
2026-09-07 13:09:02.822943,-623.9368183826654,1075.0366009251084,58.27150482939169,31.200160861181242
2026-09-07 13:09:02.923092,-623.2022222317686,1076.2246914015675,58.226675805778996,31.075895921942024
2026-09-07 13:09:03.022519,-622.4749076741773,1077.3989500768046,58.49371084341874,31.052438420585883
2026-09-07 13:09:03.123921,-621.7392911119498,1078.5990714900013,58.66392295184187,31.035603395336466
2026-09-07 13:09:03.222792,-621.025902000887,1079.7707278732682,58.67498719210789,31.01054919332154
2026-09-07 13:09:03.322438,-620.3077292639368,1080.950753727152,58.54117558479493,30.970496534443143
2026-09-07 13:09:03.422767,-619.8416504529722,1081.711550732571,58.48503859004131,30.49745198555619
2026-09-07 13:09:03.523280,-619.1253383572606,1082.8797809821028,58.45129462117666,30.43245883267837
2026-09-07 13:09:03.623810,-618.4097453543683,1084.0452975377511,58.48504429723789,30.388537112865826
2026-09-07 13:09:03.723808,-617.6996485955298,1085.2033914805536,58.619328594731996,30.312517751483178
2026-09-07 13:09:03.822763,-617.0013972521506,1086.348179050598,58.818654121120744,30.290036279607058
2026-09-07 13:09:04.040651,-615.4738370452881,1088.8723350469797,62.13473330410943,30.154858499095244
2026-09-07 13:09:04.121657,-614.9634449005864,1089.8377127611827,62.16192843251929,30.118051180398933
2026-09-07 13:09:04.225632,-614.3097197745432,1091.0756182909395,62.16192843251929,30.07444140834274
2026-09-07 13:09:04.325459,-613.6829832989806,1092.262417631964,62.2848118770421,30.13724640062531
2026-09-07 13:09:04.425006,-613.0592445256475,1093.4497001137363,62.184552879642524,30.132897176073254
2026-09-07 13:09:04.525855,-612.4253354424176,1094.6512303708284,62.184552879642524,30.14964039081634
2026-09-07 13:09:04.625189,-611.8898418885092,1095.683472979856,62.36240972220958,29.907044219554667
2026-09-07 13:09:04.725138,-611.2699706318357,1096.8672850230346,62.4071492211674,29.925384729142735
2026-09-07 13:09:04.825456,-610.6483578961804,1098.0566819649632,62.23875670136704,29.999017611546993
2026-09-07 13:09:04.925840,-610.0213018307707,1099.2479521429923,62.036552733492954,30.000771928834038
2026-09-07 13:09:05.024960,-609.3979576441963,1100.4220985103084,61.99218431423242,29.973056288175485
2026-09-07 13:09:05.125277,-608.7667494326039,1101.608837939576,61.89114980950444,29.998476910840683
2026-09-07 13:09:05.225569,-608.1330703721121,1102.7951722881855,61.734024191408935,29.95553552835813
2026-09-07 13:09:05.332397,-607.4556029539502,1104.0551577260478,61.6981601667967,29.964870193600614
2026-09-07 13:09:05.423908,-606.8744142837492,1105.1344591925035,61.74936323397469,29.86251805508952
2026-09-07 13:09:05.524212,-606.2406108388706,1106.3139933246935,61.76058783527969,29.89494706032395
2026-09-07 13:09:05.633280,-605.5509323520184,1107.598116485382,61.77279317918601,29.91496089437683
2026-09-07 13:09:05.731530,-604.9294908685335,1108.7557796498131,61.61886672465471,29.943291779896022
2026-09-07 13:09:05.831451,-604.2937178986176,1109.9325431632165,61.753047621171845,29.905747923711452
2026-09-07 13:09:05.932240,-603.6560042023355,1111.1195374931178,61.88839412870311,29.88284978749881
2026-09-07 13:09:06.032203,-603.0267816867923,1112.2973922576646,61.87720768728241,29.867127148724876
2026-09-07 13:09:06.132027,-602.3985352025944,1113.4728677037276,61.57559375146002,29.918590804102468
2026-09-07 13:09:06.233391,-601.7532121497031,1114.6651535353124,61.28066999314251,29.784846794897476
2026-09-07 13:09:06.332021,-601.1221651450918,1115.8168618640245,61.10407365772426,29.801221605456934
2026-09-07 13:09:06.432915,-600.4726477056666,1116.9936584213442,60.720192382610094,29.735100477453845
2026-09-07 13:09:06.533984,-599.8155812423734,1118.1655045864818,60.923776149237256,29.677696104732725
2026-09-07 13:09:06.635326,-599.22860138858,1119.2205771999047,60.81036855377988,29.26845945677687
2026-09-07 13:09:06.733604,-598.6014724926322,1120.3431692183917,60.83236431401019,29.149092324501236
2026-09-07 13:09:06.834385,-597.9614344966567,1121.4899029121175,61.01281200010726,29.105941570024566
2026-09-07 13:09:06.934891,-597.3276873565534,1122.6338161923004,61.03530641266889,29.090133525722045
2026-09-07 13:09:07.034615,-596.699658105912,1123.7684593099864,60.94602884522874,29.02652194314554
2026-09-07 13:09:07.134185,-596.0722092558248,1124.8978966298794,60.95717130766252,28.946477721711215
2026-09-07 13:09:07.235722,-595.434353014656,1126.0465938996463,61.04807195710646,28.944703254521478
2026-09-07 13:09:07.320708,-594.9020289549533,1127.0088350209344,61.05758238507087,28.935791929472266
2026-09-07 13:09:07.436598,-594.235013164887,1128.2152197453238,60.811175842360626,28.72954841782681
2026-09-07 13:09:07.535186,-593.61750523291,1129.32062633883,60.6787849913303,28.80191148936403
2026-09-07 13:09:07.635689,-592.9838083888719,1130.4488817521233,60.6787849913303,28.740437596507686
2026-09-07 13:09:07.735236,-592.3574790437132,1131.5640198198416,60.567386105330115,28.589084582096223
2026-09-07 13:09:07.835282,-591.7778367241311,1132.590094383122,60.556190375726146,28.199357448940944
2026-09-07 13:09:07.935198,-591.1586725857472,1133.686971832882,60.444378557253,27.987201622560754
2026-09-07 13:09:08.035488,-590.5856822031525,1134.6960822604606,60.377040349510935,27.61434801569759
2026-09-07 13:09:08.134979,-589.9786006727813,1135.7637426202514,60.54404467762197,27.519588257412536
2026-09-07 13:09:08.234899,-589.3741109068413,1136.8340936542834,60.70058749021064,27.3606832936509
2026-09-07 13:09:08.334509,-588.7778769306074,1137.8965956312886,60.73402830621035,27.276254939225122
2026-09-07 13:09:08.435565,-588.2093963579536,1138.910948463463,60.609632006915035,26.950742893215306
2026-09-07 13:09:08.535668,-587.6175200239657,1139.961772747618,60.64323833162143,26.897385994573686
2026-09-07 13:09:08.634700,-587.0747263550807,1140.9265049388985,60.51025124638545,26.52521631834172
2026-09-07 13:09:08.729584,-586.5208666643479,1141.9058574305823,60.648286179321076,26.44313547126987
2026-09-07 13:09:08.836001,-585.9446138517488,1142.9304113041853,60.67210354247936,26.016925926047055
2026-09-07 13:09:08.936130,-585.3742037298932,1143.9457115685852,60.47041322231598,25.906684689944022
2026-09-07 13:09:09.035858,-584.8049442083752,1144.9506631786496,60.29185092546368,25.819542040516676
2026-09-07 13:09:09.136964,-584.2265984509999,1145.9642762253648,60.31447962500852,25.727661420214247
2026-09-07 13:09:09.234080,-583.7102247346501,1146.8694633433297,60.37968669832753,25.28783773831404
2026-09-07 13:09:09.343880,-583.1333223993805,1147.8837642316687,60.011068929350586,24.77055439682515
2026-09-07 13:09:09.442674,-582.58651128687,1148.8312915542654,59.92262394120644,24.652287068258353
2026-09-07 13:09:09.535811,-582.0721004408825,1149.7195049789475,59.96431423039803,24.51067993089369
2026-09-07 13:09:09.644752,-581.5062577143943,1150.6974353296625,60.13499007653627,24.03960479131281
2026-09-07 13:09:09.733327,-581.0322583140397,1151.522911696327,60.313407119635485,23.946728245030602
2026-09-07 13:09:09.844684,-580.4725806700814,1152.504744643744,60.15140766738932,23.485515006627143
2026-09-07 13:09:09.933036,-580.0109028727276,1153.3092965452806,60.01298822605804,23.399048471194074
2026-09-07 13:09:10.034417,-579.5389584663055,1154.1263391933878,60.08105896929419,22.711187367199727
2026-09-07 13:09:10.133392,-579.037753001295,1154.9972958064393,60.180741875536114,22.568487652479007
2026-09-07 13:09:10.233813,-578.5805909776277,1155.794899872891,60.29311881839703,21.9487766080056
2026-09-07 13:09:10.333710,-578.0948463446059,1156.64626327267,60.41608843040103,21.74364435089494
2026-09-07 13:09:10.434007,-577.6484909161388,1157.4329250953792,60.16916443518221,21.15550254852692
2026-09-07 13:09:10.533904,-577.1785279114747,1158.2525036609122,60.16916443518221,20.95909932363373
2026-09-07 13:09:10.633963,-576.7411533084966,1159.0151459776948,59.86684045693573,20.453334278582215
2026-09-07 13:09:10.733702,-576.2833393291509,1159.8038641346461,59.967292827591336,20.211050992271147
2026-09-07 13:09:10.833812,-575.8783134263939,1160.5039686311732,60.05691596020142,19.51882571106323
2026-09-07 13:09:10.941042,-575.4112904049176,1161.314735139985,60.08091528222167,19.26303038584065
2026-09-07 13:09:11.032573,-575.0526726902269,1161.937864194295,60.28577231326108,18.671987656206216
2026-09-07 13:09:11.138934,-574.612608737674,1162.7089334706768,60.16674816473005,18.473099081498138
2026-09-07 13:09:11.232820,-574.2766767008992,1163.2947974633548,60.229786503269224,17.773838728976603
2026-09-07 13:09:11.341067,-573.8496228374707,1164.0413752626978,60.26612691095488,17.889234355626343
2026-09-07 13:09:11.432564,-573.5422398074761,1164.5798705950888,60.21493167718427,17.291494094003678
2026-09-07 13:09:11.662470,-572.7332469752365,1165.9934195973503,60.08629258065366,16.34903966236624
2026-09-07 13:09:11.759988,-572.4352985494544,1166.5109354724589,60.02081559049884,15.73256789092902
2026-09-07 13:09:11.859906,-572.0841536705536,1167.1196468494231,60.63579290174175,15.807653348885804
2026-09-07 13:09:11.959758,-571.8211461095361,1167.589413180178,60.66931496136658,14.903003472529926
2026-09-07 13:09:12.059690,-571.495018650448,1168.1698368919385,60.61340009966443,14.949283552332627
2026-09-07 13:09:12.161051,-571.2395755146491,1168.624637801174,60.545342785126195,14.07253373343191
2026-09-07 13:09:12.259419,-570.9352745616906,1169.1634824477048,60.50131097857047,14.025258881069707
2026-09-07 13:09:12.361043,-570.7083925778614,1169.5648913253567,60.455821710623695,13.028651516902775
2026-09-07 13:09:12.460924,-570.421539906315,1170.070990794472,60.42228991519278,13.014687302291108
2026-09-07 13:09:12.556333,-570.2222685651232,1170.4219957830487,60.45432038215131,12.155909069876904
2026-09-07 13:09:12.668840,-569.9207850200459,1170.9538762837,60.45432038215131,12.215877548298856
2026-09-07 13:09:12.756189,-569.760224957101,1171.237187321485,60.52274441205918,11.430483361021038
2026-09-07 13:09:12.858000,-569.504225142662,1171.6900848524956,60.21512684093386,11.388670853681091
2026-09-07 13:09:12.958178,-569.3235782782943,1172.0046938919595,60.12544283155785,10.766715746114519
2026-09-07 13:09:13.177523,-568.8774499768201,1172.7802920723095,60.14998881350584,10.317125513022278
2026-09-07 13:09:13.259739,-568.6887132951455,1173.1091788989588,60.186790608884166,10.494571812570417
2026-09-07 13:09:13.368663,-568.4346493098411,1173.5525625633513,60.16241214994761,10.837213131020667
2026-09-07 13:09:13.467521,-568.1963589034667,1173.9680088497157,60.22878886289027,11.22247881613833
2026-09-07 13:09:13.567790,-567.9465808662899,1174.4046544810737,60.20634749368719,11.573816477826883
2026-09-07 13:09:13.667864,-567.6893080809134,1174.8539935102785,60.16155204181996,11.711105104823348
2026-09-07 13:09:13.767334,-567.4302014745379,1175.3057159903,59.32670665292835,11.56160750673369
2026-09-07 13:09:13.868153,-567.1643750616014,1175.7538944366686,59.41696451534608,11.706084895502034
2026-09-07 13:09:13.968801,-566.8963972624639,1176.2073265065833,59.405701418439094,11.741263514864954
2026-09-07 13:09:14.068504,-566.6300492371182,1176.6577987219737,59.349914688899844,11.690733448344062
2026-09-07 13:09:14.169169,-566.3618478278131,1177.1103990943166,59.282324693063856,11.684576150129695
2026-09-07 13:09:14.269198,-566.0949511954931,1177.559588536946,59.29351852026866,11.67146530049935
2026-09-07 13:09:14.369563,-565.8275464905333,1178.009833357158,59.33844423051005,11.650417477597596
2026-09-07 13:09:14.465963,-565.5715075568022,1178.4417119116201,59.467896882347304,11.592295581346702
2026-09-07 13:09:14.570394,-565.2965744862606,1178.907858196611,59.64319343167335,11.565832458989084
2026-09-07 13:09:14.671248,-565.0330400450064,1179.35781861751,59.6544795811792,11.545563352057936
2026-09-07 13:09:14.770363,-565.2735785485523,1178.9473818936306,59.66557112646524,9.254160719046482
2026-09-07 13:09:14.870361,-565.0646460641937,1179.3044342806265,59.66557112646524,9.206976287843458
2026-09-07 13:09:14.971316,-564.8547895405142,1179.6630657923154,59.66557112646524,9.197272659183271
2026-09-07 13:09:15.071245,-564.6472847059257,1180.0176784162472,59.64320585321957,9.205131304732326
2026-09-07 13:09:15.170787,-564.4402688807633,1180.3711387597496,59.67662384043206,9.212959515714566
2026-09-07 13:09:15.270625,-564.2326678771819,1180.7260727871067,59.54255440211091,9.458972840864442
2026-09-07 13:09:15.364638,-564.2760695589868,1180.6506357487676,59.61619861468034,8.412993344821912
2026-09-07 13:09:15.470984,-564.0737731202387,1180.9956651376813,59.40198536189564,8.226213131502075
2026-09-07 13:09:15.570580,-563.8873430731255,1181.3109260633291,59.30167701402934,8.180958931654187
2026-09-07 13:09:15.670950,-563.6999448934947,1181.6265616129745,59.324140988208,8.144123406589316
2026-09-07 13:09:15.770593,-563.5148640584316,1181.938572655428,59.324140988208,8.08404622704442
2026-09-07 13:09:15.870884,-563.3299537768842,1182.2502961771334,59.324140988208,8.044610656751493
2026-09-07 13:09:15.970353,-563.2767048193795,1182.338459888097,59.30187866831602,7.360666657052358
2026-09-07 13:09:16.070617,-563.1082758335408,1182.6221478185773,59.313098793388235,7.287073410363023
2026-09-07 13:09:16.170918,-562.9415243194093,1182.90313568846,59.245753199862065,7.229228806832019
2026-09-07 13:09:16.269745,-562.7782048390874,1183.1776047539352,59.20151593422179,7.186051130477555
2026-09-07 13:09:16.370825,-562.6804329027216,1183.3406442496616,59.16758161355847,6.603966174058931
2026-09-07 13:09:16.471664,-562.5278527590024,1183.5962708626619,59.00959902069826,6.557266048301168
2026-09-07 13:09:16.570830,-562.4385646639907,1183.743587619554,58.92082100083553,6.13911094628826
2026-09-07 13:09:16.678820,-562.285571499571,1183.997415791335,58.969159838567066,6.054185135678471
2026-09-07 13:09:16.766721,-562.2192975105218,1184.1065304944434,58.9888331054226,5.64746510531709
2026-09-07 13:09:16.872435,-562.0817943685093,1184.3352731567516,58.91785303469487,5.628066725837624
2026-09-07 13:09:16.979963,-562.0052619214604,1184.4611964839146,58.92988604363927,5.136943331831674
2026-09-07 13:09:17.071741,-561.8964911147543,1184.6417207428942,59.00177948966484,5.22836667342303
2026-09-07 13:09:17.179662,-561.8440061027544,1184.728520484454,59.06216442932191,4.8587923129652815
2026-09-07 13:09:17.267880,-561.7454947929408,1184.8928744925402,59.14114128990104,5.106235721972306
2026-09-07 13:09:17.380285,-561.6138854476583,1185.1131364515816,59.16629883715177,5.430361237166696
2026-09-07 13:09:17.468563,-561.5040450377859,1185.2971492786012,59.16629883715177,5.704971101496509
2026-09-07 13:09:17.580798,-561.4305743645162,1185.420418466572,59.16629883715177,5.116320258877642
2026-09-07 13:09:17.667883,-561.328484643593,1185.5914467627936,59.14680820059357,5.142192611603349
2026-09-07 13:09:17.769613,-561.2085552253775,1185.792206239775,59.14680820059357,5.163526692446226
2026-09-07 13:09:17.869560,-561.0902389385084,1185.9902653667486,59.1691775024492,5.180993494913566
2026-09-07 13:09:17.969062,-560.9721282395329,1186.1881557878717,59.1803123552877,5.205338142484254
2026-09-07 13:09:18.069383,-560.8525247804663,1186.38863579924,59.19153885899186,5.193065628419517
2026-09-07 13:09:18.167386,-560.7359986156683,1186.5840446432658,59.19153885899186,5.149391605611155
2026-09-07 13:09:18.269362,-560.6157682508183,1186.78566525485,59.27142081383863,4.988999079215307
2026-09-07 13:09:18.368720,-560.5025387640746,1186.9761489448813,59.31589576743909,5.096655063579122
2026-09-07 13:09:18.469400,-560.3854799551929,1187.173423100903,59.15816227693267,5.139762573533488
2026-09-07 13:09:18.569307,-560.2677943841439,1187.3705151238823,59.02400018059325,5.082145193796776
2026-09-07 13:09:18.668783,-560.151476044023,1187.5642851587183,58.95720852087243,5.009130334947455
2026-09-07 13:09:18.776771,-560.0267770616296,1187.771468462015,58.99346197773593,4.858153912255974
2026-09-07 13:09:18.868416,-559.9242477049662,1187.9420618694646,59.0344844129977,4.7692654476471015
2026-09-07 13:09:18.985965,-559.9467230985093,1187.9037581136436,59.0344844129977,4.077801525453899
2026-09-07 13:09:19.067032,-559.8706868663861,1188.0304763487468,59.06170002017234,4.085593552244006
2026-09-07 13:09:19.177212,-559.767228801592,1188.203080236601,59.03704045381755,4.112550731691036
2026-09-07 13:09:19.274366,-559.6753341857865,1188.3562427586917,59.01529625786952,4.144810254049214
2026-09-07 13:09:19.374882,-559.5794531866704,1188.515912078749,59.01529625786952,4.160619871197568
2026-09-07 13:09:19.475465,-559.4831423128343,1188.6762972633142,59.08283119604266,4.1817134114847905
2026-09-07 13:09:19.567390,-559.3948491663626,1188.8237240896601,59.09311813848717,4.202597745800511
2026-09-07 13:09:19.685491,-559.280881864826,1189.0140976793564,59.09311813848717,4.19846986434695
2026-09-07 13:09:19.766884,-559.2024148802099,1189.1451707269114,59.09311813848717,4.163620345497966
2026-09-07 13:09:19.884327,-559.0901336594692,1189.3327278486443,59.06683302820102,4.142069709998347
2026-09-07 13:09:19.975024,-559.1545423078912,1189.2250725206552,59.04653398400387,3.4870952186657265
2026-09-07 13:09:20.084926,-559.0664237146915,1189.3719966491717,59.00963796392534,3.4650076922419166
2026-09-07 13:09:20.175224,-558.9944048205291,1189.4919018997973,58.868169760451565,3.4626406116954334
2026-09-07 13:09:20.284671,-558.9068145799745,1189.6369196890673,58.78243546697013,3.4473389887981534
2026-09-07 13:09:20.375633,-558.834160076459,1189.7568035767124,58.935123124081656,3.4234941217280928
2026-09-07 13:09:20.484795,-558.7479527521422,1189.8999093625425,59.069497617666,3.441617482473216
2026-09-07 13:09:20.582983,-558.78922871731,1189.8313805423734,59.1024610434406,2.9402039191045435
2026-09-07 13:09:20.682974,-558.721740351329,1189.9441563775915,59.04651316952186,2.9236031517654912
2026-09-07 13:09:20.784789,-558.6532974197836,1190.0582742887302,59.02372578752511,2.9004719198007898
2026-09-07 13:09:20.882701,-558.5879556541097,1190.1671233213876,59.04563963269584,2.899616361573338
2026-09-07 13:09:20.974341,-558.5543228070064,1190.2232208634364,59.04563963269584,2.7589143174480184
2026-09-07 13:09:21.084908,-558.5026907341427,1190.309319404745,59.04563963269584,2.655907701886386
2026-09-07 13:09:21.182623,-558.4566437470409,1190.3861014847205,59.04563963269584,2.5708589891832503
2026-09-07 13:09:21.283577,-558.4248767836805,1190.4390814345604,59.05693697278366,2.375147641367915
2026-09-07 13:09:21.382490,-558.3708746853633,1190.529158657639,59.05693697278366,2.460713836157531
2026-09-07 13:09:21.483513,-558.313733660872,1190.6244717097325,59.068242034372815,2.5304504736088775
2026-09-07 13:09:21.583273,-558.2557269867822,1190.7212719972445,59.068242034372815,2.596700138068434
2026-09-07 13:09:21.684520,-558.1953143699812,1190.8220872700979,59.090902291358816,2.6303187215564883
2026-09-07 13:09:21.783541,-558.1355045347324,1190.9219862214939,59.13522639591474,2.652815187896189
2026-09-07 13:09:21.883441,-558.0858401068111,1191.0051338076203,59.15758517862287,2.5953205180478673
2026-09-07 13:09:21.982556,-558.0268849288813,1191.1038657872293,59.15758517862287,2.6126419196562245
2026-09-07 13:09:22.084257,-557.9659878188517,1191.2058499120649,59.16896611235779,2.619751252713669
2026-09-07 13:09:22.183592,-557.9063654235147,1191.3057443510022,59.16896611235779,2.623223222503844
2026-09-07 13:09:22.284112,-557.8459518124487,1191.4069644336155,59.16896611235779,2.623223222503844
2026-09-07 13:09:22.370632,-557.7939523533418,1191.4940870116866,59.16896611235779,2.637587499190494
2026-09-07 13:09:22.486749,-557.7237826323427,1191.6116529845056,59.18196028038483,2.637587499190494
2026-09-07 13:09:22.584282,-557.6648656545619,1191.7104164201678,59.214703811224354,2.635883006164143
2026-09-07 13:09:22.684919,-557.6041711323958,1191.8122918618,59.225965677167096,2.623571835044109
2026-09-07 13:09:22.785191,-557.5439990546837,1191.9133355466017,59.248407717805094,2.61305767523738
2026-09-07 13:09:22.885584,-557.4310280953649,1192.1029217807456,59.270876839651464,2.90607380749583
2026-09-07 13:09:22.985668,-557.3645893374236,1192.214687952157,59.23727689357656,2.9130701053662666
2026-09-07 13:09:23.085796,-557.2978956328283,1192.326733359983,59.248481799457295,2.924444087560254
2026-09-07 13:09:23.182407,-557.2333145166762,1192.4352779111377,59.237670466342934,2.9387953183645443
2026-09-07 13:09:23.281350,-557.1668288901886,1192.5469754934988,59.27088735879806,2.9923984809730357
2026-09-07 13:09:23.382251,-557.0978581364243,1192.663001147026,59.237013131559706,3.020612119573608
2026-09-07 13:09:23.482481,-557.0286313114682,1192.779300978316,59.20336417073622,3.028494436452411
2026-09-07 13:09:23.581909,-556.9597112894413,1192.8949308267188,59.20336417073622,3.008511919507619
2026-09-07 13:09:23.683093,-556.8900368466591,1193.0118263966783,59.214687249162125,2.9660727641747626
2026-09-07 13:09:23.777739,-556.7327692297849,1193.2757610782892,59.225278687341415,3.4026957225388985
2026-09-07 13:09:23.882685,-556.6510884039701,1193.412919488442,59.201790551104295,3.3806872054039663
2026-09-07 13:09:23.983138,-556.5733567629651,1193.5433247949018,59.201790551104295,3.3683985434553714
2026-09-07 13:09:24.082620,-556.4966563126711,1193.6720001399333,59.22405578054759,3.345797343059434
2026-09-07 13:09:24.183056,-556.4197900581714,1193.8010676574047,59.22405578054759,3.3387764388897843
2026-09-07 13:09:24.282815,-556.3436021399958,1193.9289961680918,59.235219393181524,3.3283160704104535
2026-09-07 13:09:24.382828,-556.2674844535319,1194.0568634157032,59.257603466604905,3.3466683239140553
2026-09-07 13:09:24.483363,-556.1905980808433,1194.1861368278942,59.235102563505734,3.31416463471678
2026-09-07 13:09:24.583716,-556.114546107112,1194.3138930944658,59.235102563505734,3.2817197874296244
2026-09-07 13:09:24.678991,-556.04304932365,1194.4339973031908,59.19245525574752,3.2201136007628834
2026-09-07 13:09:24.782829,-555.9664938706251,1194.5623818298513,59.111114720451496,3.0767539111937174
2026-09-07 13:09:24.883189,-555.8956284556382,1194.6808414535644,59.04372951226469,2.942580724789816
2026-09-07 13:09:24.986162,-555.8259521130278,1194.797003090271,58.974589844642196,2.866099304992371
2026-09-07 13:09:25.083124,-555.7619198415942,1194.903463710278,58.92033678435746,2.814416622094867
2026-09-07 13:09:25.182604,-555.6410726618913,1195.1048249811718,58.92033678435746,2.993609728659127
2026-09-07 13:09:25.283085,-555.5716552810327,1195.2199918916378,58.90909237572214,2.946197392095285
2026-09-07 13:09:25.383509,-555.5033538471081,1195.333257107749,58.886616315714946,2.8970569348655073
2026-09-07 13:09:25.482824,-555.4368901131534,1195.4433771321278,58.86438846281544,2.8727580396324184
2026-09-07 13:09:25.583461,-555.4153267545953,1195.4784428293422,58.841864730929046,2.6798382377699834
2026-09-07 13:09:25.684175,-555.3528997052937,1195.5816923233663,58.83059424823796,2.6675176470510324
2026-09-07 13:09:25.783903,-555.291348004865,1195.6834488453658,58.797113817578065,2.6431177052113757
2026-09-07 13:09:25.883154,-555.2305924062233,1195.783756858863,58.76379352414597,2.6144981762682162
2026-09-07 13:09:25.983471,-555.2401969224629,1195.7669034230519,58.741341411984195,2.283808043381249
2026-09-07 13:09:26.079647,-555.189245253744,1195.8508405709092,58.730578757901185,2.297254267432788
2026-09-07 13:09:26.184014,-555.2110648790124,1195.813882594187,58.70722020860285,1.843841057586621
2026-09-07 13:09:26.291955,-555.1648514912022,1195.889911845835,58.69514098255513,1.81460210700334
2026-09-07 13:09:26.380112,-555.1276939732032,1195.9510135530077,58.675410419920354,1.8076692385100286
2026-09-07 13:09:26.481582,-555.0850644039955,1196.0210591394216,58.675410419920354,1.80678259036333
2026-09-07 13:09:26.579309,-555.2141725061897,1195.8071936864312,58.675410419920354,0.6951256652546581
2026-09-07 13:09:26.681184,-555.2245272082915,1195.7899442130952,58.675410419920354,0.4931685233901339
2026-09-07 13:09:26.782164,-555.2290403899036,1195.7824084682543,58.675410419920354,0.3544116533363335
2026-09-07 13:09:26.882853,-555.2308002829903,1195.779454332032,58.675410419920354,0.2564396679691809
2026-09-07 13:09:26.981603,-555.2313876761162,1195.7784563322161,58.675410419920354,0.18647641062815776
2026-09-07 13:09:27.081509,-555.231347218534,1195.7785054120516,58.675410419920354,0.1358433335046614
2026-09-07 13:09:27.182033,-555.2310789965044,1195.7789368968906,58.675410419920354,0.0990076130542775
2026-09-07 13:09:27.281709,-555.2307838546893,1195.7794169400297,58.675410419920354,0.07222408660285363
2026-09-07 13:09:27.381326,-555.2305058662308,1195.7798710943748,58.675410419920354,0.05271304514897701
2026-09-07 13:09:27.481114,-555.2302671851578,1195.7802618835306,58.675410419920354,0.03847853158582317
2026-09-07 13:09:27.582092,-555.2300658339398,1195.7805919865036,58.675410419920354,0.028065710266926145
2026-09-07 13:09:27.681203,-555.2299207261829,1195.780830021325,58.675410419920354,0.020490035986570523
2026-09-07 13:09:27.780918,-555.2298067069624,1195.781017158306,58.675410419920354,0.014960147214879517
2026-09-07 13:09:27.881801,-555.2297171992177,1195.7811641183284,58.675410419920354,0.010913722539556482
2026-09-07 13:09:27.981428,-555.2296534906552,1195.7812687395704,58.675410419920354,0.0079655971245889
2026-09-07 13:09:28.081839,-555.2296048852729,1195.7813485723525,58.675410419920354,0.005812008762687336
2026-09-07 13:09:28.188564,-555.2295617662115,1195.781419405388,58.675410419920354,0.004220511963197179
2026-09-07 13:09:28.280463,-555.2295434220167,1195.7814495381824,58.675410419920354,0.0030903018970100953
2026-09-07 13:09:28.389124,-555.2295187566388,1195.7814900616447,58.675410419920354,0.0022451233932988296
2026-09-07 13:09:28.480792,-555.2295089135586,1195.7815062324914,58.675410419920354,0.0016445840653281972
2026-09-07 13:09:28.717934,-555.2294528815206,1195.7815982987356,58.675410419920354,0.0010930169733973584
2026-09-07 13:09:28.799038,-555.229453394929,1195.7815974545638,58.675410419920354,0.0007716387401345478
2026-09-07 13:09:28.906930,-555.2294487375977,1195.7816051068357,58.675410419920354,0.000550415443497128
2026-09-07 13:09:29.008447,-555.2294459823006,1195.7816096339754,58.675410419920354,0.000396492972692299
2026-09-07 13:09:29.116781,-555.2294433205618,1195.7816140074597,58.675410419920354,0.00028566150591020196
2026-09-07 13:09:29.206223,-555.2294424479575,1195.7816154412142,58.675410419920354,0.00020866870795706836
2026-09-07 13:09:29.316210,-555.229440838366,1195.781618085948,58.675410419920354,0.00015126274450378955
2026-09-07 13:09:29.407642,-555.2294402468183,1195.7816190579215,58.675410419920354,0.00011069049751224226
2026-09-07 13:09:29.517613,-555.2294393609336,1195.7816205135323,58.675410419920354,8.031557566148427e-05
2026-09-07 13:09:29.607827,-555.2294390488225,1195.7816210263657,58.675410419920354,5.88553283458356e-05
2026-09-07 13:09:29.717741,-555.229438567065,1195.7816218179503,58.675410419920354,4.2738195959073895e-05
2026-09-07 13:09:29.815903,-555.2294383274074,1195.7816222117362,58.675410419920354,3.115017017716223e-05
2026-09-07 13:09:29.915829,-555.229438137966,1195.7816225230108,58.675410419920354,2.2719675629308844e-05
2026-09-07 13:09:30.015057,-555.2294380018392,1195.7816227466835,58.675410419920354,1.6585297983940062e-05
2026-09-07 13:09:30.116784,-555.2294378932949,1195.781622925035,58.675410419920354,1.2090790130059558e-05
2026-09-07 13:09:30.215224,-555.2294378223726,1195.7816230415688,58.675410419920354,8.82904513494659e-06
2026-09-07 13:09:30.314938,-555.229437767749,1195.7816231313218,58.675410419920354,6.446981817618098e-06
2026-09-07 13:09:30.415248,-555.2294377269817,1195.7816231983074,58.675410419920354,4.705453414695327e-06
2026-09-07 13:09:30.516194,-555.2294376966448,1195.7816232481546,58.675410419920354,3.4319400559512204e-06
2026-09-07 13:09:30.615470,-555.2294376757274,1195.7816232825244,58.675410419920354,2.505207894814639e-06
2026-09-07 13:09:30.715493,-555.2294376600133,1195.7816233083445,58.675410419920354,1.8285460665876771e-06
2026-09-07 13:09:30.814316,-555.2294376489755,1195.781623326481,58.675410419920354,1.3357532212402918e-06
2026-09-07 13:09:30.915594,-555.2294376402143,1195.7816233408766,58.675410419920354,9.744491023032301e-07
2026-09-07 13:09:31.015610,-555.2294376341064,1195.7816233509127,58.675410419920354,7.110155730743151e-07
2026-09-07 13:09:31.118295,-555.2294376292703,1195.781623358859,58.675410419920354,5.178456790555799e-07
2026-09-07 13:09:31.215661,-555.2294376263317,1195.7816233636875,58.675410419920354,3.7825248358753445e-07
2026-09-07 13:09:31.316079,-555.2294376239221,1195.781623367647,58.675410419920354,2.7610008076356856e-07
2026-09-07 13:09:31.415606,-555.2294376222155,1195.7816233704511,58.675410419920354,2.0159307992034412e-07
2026-09-07 13:09:31.516716,-555.2294376209031,1195.7816233726076,58.675410419920354,1.4704465300323131e-07
2026-09-07 13:09:31.616456,-555.2294376199907,1195.7816233741069,58.675410419920354,1.0730626645176926e-07
2026-09-07 13:09:31.716280,-555.2294376193217,1195.7816233752062,58.675410419920354,7.832167895885428e-08
2026-09-07 13:09:31.816562,-555.2294376188258,1195.7816233760211,58.675410419920354,5.715271982918097e-08
2026-09-07 13:09:31.916683,-555.2214194399517,1195.794798222782,58.675410419920354,0.12766611626665084
2026-09-07 13:09:32.016356,-555.2202414362928,1195.7967338266017,58.675410419920354,0.09727314195917033
2026-09-07 13:09:32.118892,-555.2193463389038,1195.7982045808835,58.675410419920354,0.0725592940759585
2026-09-07 13:09:32.217072,-555.2187866937672,1195.7991241461634,58.675410419920354,0.053658333325445576
2026-09-07 13:09:32.318089,-555.1998662437203,1195.8302127554016,58.64149724945719,0.36775937884442556
2026-09-07 13:09:32.414594,-555.1916098578188,1195.8437609420473,58.609098836164776,0.3829381275302255
2026-09-07 13:09:32.516109,-555.1825579951371,1195.85859557058,58.586378597659404,0.3953567065444077
2026-09-07 13:09:32.613493,-555.1735870549986,1195.873284476054,58.54278725240874,0.38940009471996245
2026-09-07 13:09:32.715328,-555.1152372895034,1195.9688778159848,58.531391323293974,0.9899043635964763
2026-09-07 13:09:32.815207,-555.0921639537779,1196.006576424181,58.531391323293974,0.9960135851566274
2026-09-07 13:09:32.915256,-555.0689087057774,1196.0445722516292,58.52019525797277,0.9986362793646401
2026-09-07 13:09:33.015306,-555.0455845453356,1196.082663953123,58.508999080745525,0.9872711575354972
2026-09-07 13:09:33.115435,-555.0225002573643,1196.1203473715254,58.520204098532304,1.011769210002838
2026-09-07 13:09:33.214682,-554.9990590311929,1196.1586302714206,58.48688514797004,1.0074330924993709
2026-09-07 13:09:33.315316,-554.8834451124836,1196.3475039753864,58.453100557293055,1.754505446413461
2026-09-07 13:09:33.415771,-554.8422223262677,1196.4146500152578,58.47558355546107,1.6711164372504108
2026-09-07 13:09:33.515791,-554.8031538102314,1196.4783430973573,58.5427404757761,1.7322948972316203
2026-09-07 13:09:33.614922,-554.7630917121227,1196.5438280994233,58.5205538042178,1.777337811456298
2026-09-07 13:09:33.715690,-554.6356382290897,1196.751984023216,58.464171176190575,2.4006247067112025
2026-09-07 13:09:33.815835,-554.5794263773145,1196.8435848035713,58.37451670995097,2.3358695079314513
2026-09-07 13:09:33.915227,-554.5250037106589,1196.9319594889628,58.37451670995097,2.25509989000017
2026-09-07 13:09:34.015222,-554.4721441098246,1197.0177959773366,58.40808677717223,2.2061693552605495
2026-09-07 13:09:34.117147,-554.4194834973667,1197.1034216581224,58.41949277781032,2.1509506702715107
2026-09-07 13:09:34.215042,-554.37018692868,1197.1836132048431,58.38662771725103,2.1680588638895313
2026-09-07 13:09:34.315392,-554.3192046606695,1197.266440377784,58.34170872135974,2.1891035410996245
2026-09-07 13:09:34.415609,-554.2677302865329,1197.3499203575577,58.27441952836625,2.1707138538652604
2026-09-07 13:09:34.514574,-554.0688586714195,1197.6729159093736,58.27441952836625,3.0213606931604526
2026-09-07 13:09:34.616075,-553.9967674539283,1197.789525056665,58.342570843792146,2.933555709615915
2026-09-07 13:09:34.715370,-553.9134081761536,1197.9247656192942,58.36479422045886,2.979846782046209
2026-09-07 13:09:34.815823,-553.8432212368883,1198.0386959420125,58.39851804627597,2.929814372684071
2026-09-07 13:09:34.916533,-553.7741023159186,1198.1510406334937,58.42105811641204,2.904294162663715
2026-09-07 13:09:35.015988,-553.7064825517336,1198.2610455628162,58.38766933661827,2.8956037525494076
2026-09-07 13:09:35.117098,-553.6378782861593,1198.3725064493349,58.28583616005744,2.852312132252566
2026-09-07 13:09:35.216979,-553.5709284699442,1198.4808475247698,58.274658894913955,2.823510939616001
2026-09-07 13:09:35.324467,-553.4995847112224,1198.5962487187694,58.214516231356356,2.815057836985364
2026-09-07 13:09:35.416742,-553.4384180981363,1198.694956197443,58.25582066928291,2.7320087372823174
2026-09-07 13:09:35.514073,-553.3758762538273,1198.7960456408475,58.28849638519523,2.6733255185686677
2026-09-07 13:09:35.614384,-553.3128622275269,1198.8980282397038,58.33339792377956,2.6487829370882627
2026-09-07 13:09:35.714835,-553.2636132742145,1198.9778757226213,58.33339792377956,2.5474716090883356
2026-09-07 13:09:35.814189,-553.2042141243347,1199.0741766553429,56.87690183201312,2.4684691883038417
2026-09-07 13:09:35.909610,-553.1466753971907,1199.1623631526654,56.74876384974186,2.424278223499238
2026-09-07 13:09:36.014410,-553.0843998859269,1199.2573446237186,56.70185293026543,2.3363666272215
2026-09-07 13:09:36.114868,-553.0664811845024,1199.2818862824558,56.66812742586126,2.1132360632794245
2026-09-07 13:09:36.213605,-553.0152266512695,1199.3598193419798,56.66812742586126,1.9864092989658284
2026-09-07 13:09:36.313792,-552.9663406568759,1199.4341510131637,56.612069884239645,1.843713027029872
2026-09-07 13:09:36.414016,-552.9208821896253,1199.503124009303,56.55599164004116,1.7324914361207813
2026-09-07 13:09:36.514396,-552.9174333128342,1199.506472169154,56.55599164004116,1.4506865980356694
2026-09-07 13:09:36.614329,-552.8817161863486,1199.5605496074822,56.56717472428727,1.3720969968534484
2026-09-07 13:09:36.713832,-552.8480893036574,1199.6114839318755,56.57830968903136,1.3703580759794776
2026-09-07 13:09:36.814300,-552.8141893135551,1199.6628536392752,56.58955264289125,1.3931832845737868
2026-09-07 13:09:36.921848,-552.8926416240184,1199.5409679777808,56.58955264289125,0.6960172674486635
2026-09-07 13:09:37.012963,-552.9066015119772,1199.5191382163105,56.58955264289125,0.4936346297384174
2026-09-07 13:09:37.122877,-552.9109911304109,1199.5121459823238,56.58955264289125,0.352423366404148
2026-09-07 13:09:37.220530,-552.9134268096254,1199.5082793242495,56.58955264289125,0.25469317818562454
2026-09-07 13:09:37.320606,-552.9181197598919,1199.5010214103422,56.58955264289125,0.14514333175386004
2026-09-07 13:09:37.421023,-552.9174941372248,1199.501938757008,56.58955264289125,0.11033493419289185
2026-09-07 13:09:37.520886,-552.9169481948398,1199.5027487558775,56.58955264289125,0.08235893415011256
2026-09-07 13:09:37.620957,-552.9164940434678,1199.5034275131834,56.58955264289125,0.06084318705536751
2026-09-07 13:09:37.721983,-552.916125050695,1199.503981623623,56.58955264289125,0.04466310165100703
2026-09-07 13:09:37.810029,-552.9159674480111,1199.5042176862194,56.58955264289125,0.032986604582750476
2026-09-07 13:09:37.924955,-552.9072525878341,1199.5174487307042,56.58955264289125,0.14765787065039082
2026-09-07 13:09:38.021317,-552.9059648688016,1199.5193967704413,56.58955264289125,0.1126221007656181
2026-09-07 13:09:38.125667,-552.8856459615059,1199.5502228052387,56.58955264289125,0.37387628968781356
2026-09-07 13:09:38.222196,-552.8767622526327,1199.5636903128407,56.58955264289125,0.36797197498722745
2026-09-07 13:09:38.322669,-552.8676615965953,1199.5774867075802,56.60079615627956,0.38114101991329674
2026-09-07 13:09:38.422935,-552.858257464037,1199.5917492544595,56.578355458511396,0.3995396985829907
2026-09-07 13:09:38.524290,-552.8014406108205,1199.677892095115,56.55567102986879,1.0540277845009083
2026-09-07 13:09:38.624023,-552.7755412760555,1199.7171044499235,56.511028217539206,1.1394318625755773
2026-09-07 13:09:38.723569,-552.7475629495433,1199.7593927731057,56.47760888745688,1.186403015884006
2026-09-07 13:09:38.824517,-552.7179949355343,1199.8040272604896,56.40982887553946,1.2216864916356167
2026-09-07 13:09:38.924308,-552.6283274752118,1199.9394230289345,56.30932413296023,1.818509602700229
2026-09-07 13:09:39.023837,-552.5834449937806,1200.0067452023438,56.175669641417244,1.86286367161744
2026-09-07 13:09:39.125626,-552.4804582306705,1200.161237540317,56.01619870115928,2.3389490370096646
2026-09-07 13:09:39.209341,-552.4315310730994,1200.233819289838,56.00683050549151,2.28554921715294
2026-09-07 13:09:39.325199,-552.3119904529946,1200.4119415595708,55.967934952232554,2.898342348990779
2026-09-07 13:09:39.424105,-552.240270421117,1200.51814262686,56.01220758011186,2.9182199571186866
2026-09-07 13:09:39.524950,-552.1152084914406,1200.7041570850206,55.967067010697974,3.4806569934620417
2026-09-07 13:09:39.624278,-552.0287095459804,1200.832238181138,56.000413154374655,3.522317694965263
2026-09-07 13:09:39.716178,-551.8688976735352,1201.06971639695,56.07240216796981,4.27819491079354
2026-09-07 13:09:39.823869,-551.7539412419758,1201.2406117445587,56.036248419191,4.27254886611633
2026-09-07 13:09:39.924243,-551.5726681622817,1201.5099848588382,56.12610789689188,4.956002991563611
2026-09-07 13:09:40.024490,-551.4488767674028,1201.694387341425,56.27194479164791,4.938483760901924
2026-09-07 13:09:40.124604,-551.2543791590979,1201.9851672843188,56.238334774049235,5.5746935637357655
2026-09-07 13:09:40.223627,-551.1172358152822,1202.1903263683025,56.28265977385172,5.562579837195636
2026-09-07 13:09:40.324158,-550.9033178233879,1202.510441960577,56.39515981311388,6.199861979646021
2026-09-07 13:09:40.424688,-550.7491080759088,1202.742503756062,56.63140754554297,6.163846169399735
2026-09-07 13:09:40.525345,-550.5294006423169,1203.0748497687607,57.3072537891112,6.929189767662136
2026-09-07 13:09:40.625288,-550.3621828215248,1203.3353908430731,57.653964091548914,7.321303789547761
2026-09-07 13:09:40.725032,-550.13335980876,1203.6937330869755,57.653964091548914,7.739358626526254
2026-09-07 13:09:40.833155,-549.9332130073369,1204.009771528586,58.4404376304924,7.408684829858172
2026-09-07 13:09:40.925690,-549.6970185157802,1204.388555460315,59.27920923505599,7.935434899624663
2026-09-07 13:09:41.025676,-549.5158203185205,1204.6934759057415,60.5100009130706,7.674204308542209
2026-09-07 13:09:41.134006,-549.2499768455525,1205.1508300640237,62.013222832088104,8.385850633826484
2026-09-07 13:09:41.222282,-549.0946820535706,1205.4430597671912,63.119625820403144,8.291744891051788
2026-09-07 13:09:41.334021,-548.8219797881054,1205.959410654334,64.21999932317067,8.95077196189454
2026-09-07 13:09:41.422186,-548.6685501410658,1206.277078051158,65.19675080300703,8.801316568501331
2026-09-07 13:09:41.533577,-548.4846933054396,1206.6749214463114,65.62057104124005,8.831490051648814
2026-09-07 13:09:41.622473,-548.3398232789077,1206.994590672828,65.7101028587017,8.847025574197131
2026-09-07 13:09:41.734050,-548.1582994270449,1207.3968105242961,65.21065823442586,8.759278864590607
2026-09-07 13:09:41.821902,-548.0140633635164,1207.709118528089,64.83707453280886,8.676372273457824
2026-09-07 13:09:41.922877,-547.847536133142,1208.0636021118803,64.5206832097283,8.510495583172839
2026-09-07 13:09:42.023542,-547.6827824080794,1208.4093366168304,64.28411822430144,8.331933934956236
2026-09-07 13:09:42.121665,-547.5241976241416,1208.7386178490613,64.16333234245621,8.229045700681898
2026-09-07 13:09:42.222316,-547.3628329957385,1209.0718721696267,64.06196144883552,8.169240265206325
2026-09-07 13:09:42.322921,-547.2021295043509,1209.4022695232502,64.09573630370596,8.14726302148932
2026-09-07 13:09:42.423256,-547.0424822202358,1209.7309878711803,64.16310472601936,8.110440341332062
2026-09-07 13:09:42.522889,-546.8850505951732,1210.0561163606442,64.1854037510202,8.136558232767952
2026-09-07 13:09:42.622563,-546.7271740116967,1210.3824875484672,64.26348245549343,8.114784366754844
2026-09-07 13:09:42.730252,-546.2094106719966,1211.4486571004622,64.29963553283733,10.05628283511555
2026-09-07 13:09:42.821821,-546.0308908174691,1211.8195879212103,64.24840001297162,9.999473400067792
2026-09-07 13:09:42.930569,-545.8196854283527,1212.257430765409,64.37009535341076,9.88164320030938
2026-09-07 13:09:43.021705,-545.6455415365682,1212.6204107976746,64.39049265091717,9.784488583272873
2026-09-07 13:09:43.130876,-545.2547467181843,1213.4312625998825,64.20723959783436,10.724788576602794
2026-09-07 13:09:43.228162,-545.0517954084327,1213.851222960379,64.25078707600414,10.696735665370017
2026-09-07 13:09:43.328879,-544.8425658101671,1214.2850160414273,64.29587034963879,10.60432848249768
2026-09-07 13:09:43.428484,-544.6377685320789,1214.7104748748397,64.47421241583879,10.56255160011579
2026-09-07 13:09:43.520916,-544.4496933481013,1215.1043264076523,64.68108598974322,10.49228397865015
2026-09-07 13:09:43.638609,-544.2136118695328,1215.603334218011,64.70742705293969,10.467602252741953
2026-09-07 13:09:43.720866,-544.0491599122257,1215.951351776555,64.83629757070457,10.389975705061655
2026-09-07 13:09:43.838947,-543.6318778348113,1216.8315242708895,65.04772078760107,11.45394401668703
2026-09-07 13:09:43.928695,-543.4380134954471,1217.248173343487,65.11802405193384,11.362974388689535
2026-09-07 13:09:44.038947,-543.2023732407526,1217.7562352588245,65.19205109431095,11.266635833974075
2026-09-07 13:09:44.129400,-543.0112223418929,1218.1697730232027,65.24266217970444,11.089590435352028
2026-09-07 13:09:44.238089,-542.7855754741279,1218.65907408916,65.38861735891169,10.837912514682177
2026-09-07 13:09:44.337035,-542.5859274391637,1219.0949144348438,65.54363422374718,10.828401987799795
2026-09-07 13:09:44.428939,-542.4017460910849,1219.4998805187977,65.58477259343772,10.808325484578607
2026-09-07 13:09:44.539140,-542.0968343392406,1220.1660281364734,65.70809392543197,11.372799400524803
2026-09-07 13:09:44.637758,-541.8905724247375,1220.6230197554582,65.73016578161969,11.297829127310996
2026-09-07 13:09:44.736959,-541.6846348164755,1221.0797620089888,65.85227864267063,11.2492871204436
2026-09-07 13:09:44.849114,-541.4539019079938,1221.5944214347066,65.91503262852348,11.231646868033302
2026-09-07 13:09:44.936213,-541.2754340733596,1221.99367227422,65.98326082324729,11.18522136115752
2026-09-07 13:09:45.036865,-541.0705955937831,1222.4533855293694,66.06210563495961,11.201931869445367
2026-09-07 13:09:45.140531,-540.8599608152316,1222.9278624607123,66.15491226431914,11.171133416007196
2026-09-07 13:09:45.224835,-540.6897613697664,1223.3129352761546,66.2303851298825,11.140930721617432
2026-09-07 13:09:45.338853,-540.4504370464725,1223.8556255621265,66.31970007386644,11.152497859998103
2026-09-07 13:09:45.437281,-540.2533461813358,1224.305030856395,66.33071473985456,11.183460273876056
2026-09-07 13:09:45.537050,-540.0531033013675,1224.7618621009703,66.3642089349305,11.1494606684856
2026-09-07 13:09:45.637526,-539.8523226778475,1225.22064938618,66.3754527840365,11.143314930688087
2026-09-07 13:09:45.737668,-539.6524094783385,1225.677698772208,66.40907220172448,11.089062200227724
2026-09-07 13:09:45.837599,-539.4890733634123,1226.0535440632348,66.39788934128956,10.814740910863707
2026-09-07 13:09:45.937715,-539.2952788871137,1226.49707755632,66.4763142823681,10.78587195478595
2026-09-07 13:09:46.038720,-539.1008965194305,1226.943621492035,66.4876173296525,10.754098896167035
2026-09-07 13:09:46.138378,-538.9097580707634,1227.3829501570224,66.45416039921474,10.747132377510987
2026-09-07 13:09:46.238189,-538.7682913142698,1227.7093617373919,66.42065210400597,10.297016749527263
2026-09-07 13:09:46.337893,-538.5847006105865,1228.1299974672386,66.36486481493739,10.225576973444587
2026-09-07 13:09:46.438710,-538.4451444954494,1228.4497665934257,66.33101878796606,9.833341801955454
2026-09-07 13:09:46.538211,-538.2695509341088,1228.8503690164641,66.30874930610116,9.906375010672795
2026-09-07 13:09:46.639350,-538.0895816763453,1229.2605205905538,66.28611322077222,9.905491254814818
2026-09-07 13:09:46.738282,-537.9133968377791,1229.6616166947865,66.21968682164561,9.88820183440501
2026-09-07 13:09:46.840083,-537.7893721627744,1229.9430356640325,66.18551044869537,9.334320284914993
2026-09-07 13:09:46.939025,-537.6226662561673,1230.3207498198465,66.14122170637847,9.297144273679981
2026-09-07 13:09:47.040037,-537.4993578638861,1230.599212447253,66.1186140451282,8.783248128641121
2026-09-07 13:09:47.134949,-537.3484850625904,1230.93997511149,66.22482609640065,8.727682071912417
2026-09-07 13:09:47.235933,-537.2299336556301,1231.2091849645158,66.23612679366306,8.207335269620083
2026-09-07 13:09:47.336115,-537.0818152101052,1231.5455887547043,66.22491584486806,8.135552997619815
2026-09-07 13:09:47.436423,-536.9954223620468,1231.7417973250156,66.19124069808231,7.388578334475135
2026-09-07 13:09:47.535791,-536.8629282405378,1232.0420773727997,66.20236055554096,7.367739595212429
2026-09-07 13:09:47.637114,-536.7814918472135,1232.2267188778337,66.20236055554096,6.7211177739407795
2026-09-07 13:09:47.737412,-536.6598923211616,1232.5024526769598,66.22480841528113,6.705342444831527
2026-09-07 13:09:47.837311,-536.588020893079,1232.665681936645,66.24716697417807,6.081378101091682
2026-09-07 13:09:47.936792,-536.4790854228908,1232.9132234217498,66.19150446009871,6.054430786883222
2026-09-07 13:09:48.031141,-536.3760004720455,1233.1468544647505,66.14927165149538,5.995072214384116
2026-09-07 13:09:48.137242,-536.3339939997031,1233.2414782477,66.10177837413494,5.0563700346070295
2026-09-07 13:09:48.237253,-536.2932547059264,1233.3329866405254,66.11297018703453,4.383224492886216
2026-09-07 13:09:48.336312,-536.2146553584334,1233.5104646048385,66.12405546559467,4.376299846881384
2026-09-07 13:09:48.437148,-536.2011488518706,1233.5407223481866,66.13533960079621,3.546822081989759
2026-09-07 13:09:48.537213,-536.1369584895864,1233.6858176800904,66.1577353124253,3.6115255516177567
2026-09-07 13:09:48.637882,-536.1370742871768,1233.6855686294364,66.1802662062837,2.8163523647035666
2026-09-07 13:09:48.736800,-536.0867775311705,1233.7995003480698,66.2024052059628,2.9131594177636955
2026-09-07 13:09:48.837456,-536.1351999820359,1233.6900613489859,66.2024052059628,1.5401294997392556
2026-09-07 13:09:48.937490,-536.134675728367,1233.691328380388,66.2024052059628,1.1301641213921882
2026-09-07 13:09:49.037546,-536.1436440517465,1233.6710584476132,66.2024052059628,0.6523352233208543
2026-09-07 13:09:49.137383,-536.1402536181599,1233.6787610541228,66.2024052059628,0.49749680043115646
2026-09-07 13:09:49.237679,-536.1376149774652,1233.6847526521694,66.2024052059628,0.37191678867558237
2026-09-07 13:09:49.337448,-536.1356884686104,1233.6891257280963,66.2024052059628,0.2750471680808914
2026-09-07 13:09:49.432050,-536.1344985629974,1233.6918264219714,66.2024052059628,0.20297748237265403
2026-09-07 13:09:49.536790,-536.1332906168117,1233.6945668692313,66.2024052059628,0.14850924525700743
2026-09-07 13:09:49.637994,-536.1325141211562,1233.696328344738,66.2024052059628,0.10843651054476006
2026-09-07 13:09:49.738754,-536.1319618983702,1233.6975809294654,66.2024052059628,0.07911647694246815
2026-09-07 13:09:49.837607,-536.1315856678482,1233.698434260766,66.2024052059628,0.05778122506092349
2026-09-07 13:09:49.938778,-536.1312897790808,1233.6991053161832,66.2024052059628,0.042150236377997835
2026-09-07 13:09:50.038846,-536.1310828649014,1233.6995745650497,66.2024052059628,0.030753392092844705
2026-09-07 13:09:50.138201,-536.130935557568,1233.6999086245025,66.2024052059628,0.022451971952983603
2026-09-07 13:09:50.235238,-536.1308358544892,1233.700134723926,66.2024052059628,0.016424601396197527
2026-09-07 13:09:50.335617,-536.1307535283431,1233.7003214123704,66.2024052059628,0.011998962089869643
2026-09-07 13:09:50.436128,-536.1306934574742,1233.7004576314737,66.2024052059628,0.00875860396512437
2026-09-07 13:09:50.536391,-536.1306501543089,1233.700555826573,66.2024052059628,0.006391666359021853
2026-09-07 13:09:50.635530,-536.1306197487484,1233.700624774387,66.2024052059628,0.004667560779968964
2026-09-07 13:09:50.735833,-536.1305966440214,1233.7006771664871,66.2024052059628,0.0034068649339067
2026-09-07 13:09:50.835550,-536.1305801346494,1233.7007146028811,66.2024052059628,0.0024870997358887098
2026-09-07 13:09:50.935326,-536.130568055814,1233.7007419925842,66.2024052059628,0.0018157325100627505
2026-09-07 13:09:51.035191,-536.1305592123091,1233.700762045882,66.2024052059628,0.0013255410545470125
2026-09-07 13:09:51.135748,-536.1305526168376,1233.7007770015755,66.2024052059628,0.0009671768889611946
2026-09-07 13:09:51.235120,-536.1305479966314,1233.7007874782068,66.2024052059628,0.0007061102054338147
2026-09-07 13:09:51.334668,-536.1305445955263,1233.7007951904377,66.2024052059628,0.0005156066794706723
2026-09-07 13:09:51.435837,-536.1305419796854,1233.700801122026,66.2024052059628,0.0003760911782579619
2026-09-07 13:09:51.535203,-536.1305401872502,1233.7008051864875,66.2024052059628,0.0002745289007657892
2026-09-07 13:09:51.634955,-536.1305388583976,1233.7008081997444,66.2024052059628,0.00020041546955708127
2026-09-07 13:09:51.732199,-536.1305379651156,1233.7008102253174,66.2024052059628,0.00014658720303081847
2026-09-07 13:09:51.835537,-536.1305371656055,1233.7008120382566,66.2024052059628,0.00010684810655853251
2026-09-07 13:09:51.942948,-536.1305365245993,1233.7008134917776,66.2024052059628,7.751006242482438e-05
2026-09-07 13:09:52.034809,-536.1305362570644,1233.7008140984296,66.2024052059628,5.672416624654497e-05
2026-09-07 13:09:52.143372,-536.1305359031238,1233.7008149010117,66.2024052059628,4.1202000794498144e-05
2026-09-07 13:09:52.231528,-536.1305357832985,1233.7008151727227,66.2024052059628,3.0255569115984253e-05
2026-09-07 13:09:52.343129,-536.1305355771545,1233.7008156401666,66.2024052059628,2.19676528655914e-05
2026-09-07 13:09:52.434382,-536.1305355024094,1233.700815809656,66.2024052059628,1.6091358083960665e-05
2026-09-07 13:09:52.543295,-536.1305354003742,1233.7008160410269,66.2024052059628,1.1690812240962038e-05
2026-09-07 13:09:52.642659,-536.1242776414753,1233.7150058928412,66.2024052059628,0.12815322904583165
2026-09-07 13:09:52.742619,-536.1233601651683,1233.7170863266513,66.2024052059628,0.09756342992764822
2026-09-07 13:09:52.842014,-536.109393252231,1233.748757157926,66.2024052059628,0.3936379791014927
2026-09-07 13:09:52.942763,-536.1022394805711,1233.7649787737948,66.21367960535781,0.40068076330424857
2026-09-07 13:09:53.161164,-536.0864613110729,1233.8007758179692,66.26256029106662,0.4293066884871181
2026-09-07 13:09:53.261620,-536.0434789265366,1233.8983645144478,66.27380190205622,1.0231670065027492
2026-09-07 13:09:53.368924,-536.0237305887595,1233.9432966512143,66.27380190205622,1.0428571488837441
2026-09-07 13:09:53.461204,-535.9702811987298,1234.0647859777682,66.28412857106696,1.6017726983129017
2026-09-07 13:09:53.570155,-535.9389034284991,1234.1362127682082,66.27193632014178,1.6198610282861703
2026-09-07 13:09:53.669527,-535.9099471951331,1234.2020892209478,66.27193632014178,1.605099660455551
2026-09-07 13:09:53.761038,-535.8835245930505,1234.2622015731088,66.26169570670663,1.5875078866489567
2026-09-07 13:09:53.871042,-535.7980173762154,1234.4566280700035,66.24938561895351,2.256652613809223
2026-09-07 13:09:53.968581,-535.7583866568242,1234.5466931113094,66.2275552555243,2.2447204286300444
2026-09-07 13:09:54.068571,-535.670034734712,1234.7474030876924,66.18279740401249,2.8016477154014723
2026-09-07 13:09:54.169002,-535.6192403729486,1234.86247573742,66.18279740401249,2.7911168834289417
2026-09-07 13:09:54.268950,-535.5688803026953,1234.9765645166337,66.16042787834567,2.7946102788745395
2026-09-07 13:09:54.368545,-535.5185908501657,1235.090373018058,66.16042787834567,2.7893886928587466
2026-09-07 13:09:54.469173,-535.4066697686441,1235.3439652827135,66.18294959592686,3.4452265406623224
2026-09-07 13:09:54.566763,-535.3459745215054,1235.4814689915984,66.1938704848385,3.4452265406623224
2026-09-07 13:09:54.669502,-535.2275812991006,1235.7498704066168,66.2053675768143,4.056194092625425
2026-09-07 13:09:54.768579,-535.1550979933481,1235.9142537666087,66.16101840535475,4.0328191656753765
2026-09-07 13:09:54.869007,-535.0819215070702,1236.079861821734,66.12730297247435,4.020533562038118
2026-09-07 13:09:54.968766,-535.0093574307326,1236.2438228604958,66.09381213457345,3.9507977721759127
2026-09-07 13:09:55.057278,-534.9460075223516,1236.3867383821673,66.0541921030399,3.8788696449389763
2026-09-07 13:09:55.170625,-534.8662354047434,1236.566366539631,65.99077115850423,3.802606553618849
2026-09-07 13:09:55.269539,-534.7978196810358,1236.7199641828654,65.95756400185519,3.723089689915377
2026-09-07 13:09:55.369175,-534.7302578818695,1236.8714084977355,65.91296460898366,3.6133912429083983
2026-09-07 13:09:55.469409,-534.6641781213605,1237.01922137507,65.91296460898366,3.5687229980365744
2026-09-07 13:09:55.569265,-534.5991613475642,1237.1646564725306,65.86826673899122,3.541674104201571
2026-09-07 13:09:55.669909,-534.5340147154214,1237.3100774587344,65.82321614185594,3.445816176219735
2026-09-07 13:09:55.769788,-534.4710027214834,1237.4504375858498,65.78968501785994,3.373378263435085
2026-09-07 13:09:55.870721,-534.4085831387549,1237.5892606083073,65.76709503772872,3.31428722327369
2026-09-07 13:09:55.970750,-534.347752927485,1237.7244063326477,65.76709503772872,3.2723325044565814
2026-09-07 13:09:56.070688,-534.2877473893003,1237.8577198910439,65.7782786815037,3.2539940133539953
2026-09-07 13:09:56.170193,-534.2283624214215,1237.9897235715073,65.75600830439271,3.2426908004843416
2026-09-07 13:09:56.270731,-534.0341877800718,1238.4230129544583,65.74475751712589,3.936060879100613
2026-09-07 13:09:56.371587,-533.9612852212091,1238.584811099187,65.75604389044338,3.8611518245417367
2026-09-07 13:09:56.466971,-533.9008449412594,1238.718928648504,65.76671791511762,3.7480517507692026
2026-09-07 13:09:56.571854,-533.828714218212,1238.8791777612857,65.75498089706525,3.685731719284324
2026-09-07 13:09:56.668020,-533.7636484632898,1239.0236519187802,65.72269629199127,3.6865720209072217
2026-09-07 13:09:56.767853,-533.6960017024494,1239.173631263027,65.72269629199127,3.682210300968849
2026-09-07 13:09:56.867870,-533.6700158267182,1239.230782844535,65.67792635465094,3.4330012987047778
2026-09-07 13:09:56.967694,-533.6069185397719,1239.3703844206275,65.70026812767492,3.425150910596331
2026-09-07 13:09:57.069527,-533.5928039689493,1239.401134807853,65.72305953828118,3.0801835041752876
2026-09-07 13:09:57.169122,-533.5364196702128,1239.526146310154,65.70076901812263,3.077572711167391
2026-09-07 13:09:57.721793,-533.2827011435003,1240.0877985276798,65.63892191703007,2.4386395059322568
2026-09-07 13:09:57.821441,-533.2378915023751,1240.186759471428,65.62777072594236,2.4255785941570247
2026-09-07 13:09:57.922330,-533.1927473955687,1240.286407456759,65.61648065973259,2.4123550239088365
2026-09-07 13:09:58.022752,-533.1480377905461,1240.385044640429,65.60524285354086,2.3991926635775465
2026-09-07 13:09:58.122327,-533.1039280951227,1240.4823075805775,65.59409983157775,2.3861413199477814
2026-09-07 13:09:58.222456,-533.059795359013,1240.5795710326465,65.58289481379143,2.373017363268849
2026-09-07 13:09:58.321643,-533.0162995295823,1240.6753810154908,65.57179521128637,2.360016874987599
2026-09-07 13:09:58.423148,-532.9720121722208,1240.772884341552,65.56043621109211,2.3467125653201197
2026-09-07 13:09:58.522895,-532.9156848499873,1240.8969344707948,65.54927394132847,2.428097419417717
2026-09-07 13:09:58.622967,-532.8707243071663,1240.9958166423062,65.53807530217318,2.4149809337564787
2026-09-07 13:09:58.723286,-532.8258769972226,1241.0943986374152,65.5268490222802,2.4018320736852323
2026-09-07 13:09:58.823957,-532.7810980868114,1241.1927791325309,65.51558335153959,2.3886370768029623
2026-09-07 13:09:58.923876,-532.7368787415718,1241.2898796069967,65.5044018339745,2.375540644926061
2026-09-07 13:09:59.024020,-532.6927839268781,1241.3866565493668,65.49319513760065,2.36241472218984
2026-09-07 13:09:59.123752,-532.5904522607013,1241.6116127531104,65.48203454642407,2.753859632151285
2026-09-07 13:09:59.223802,-532.5393393136115,1241.7236767482545,65.47083836919683,2.740746030040736
2026-09-07 13:09:59.323939,-532.4884037146888,1241.835294137662,65.45963245616349,2.7276210247979162
2026-09-07 13:09:59.424094,-532.4376811978542,1241.9463870581737,65.44842452882494,2.7144936602863514
2026-09-07 13:09:59.524243,-532.3205771276876,1242.2032881220464,65.43721727292177,3.1850747590728115
2026-09-07 13:09:59.624498,-532.2612379211088,1242.3331189350192,65.42599815500125,3.17193428751266
