timestamp,fused_x_m,fused_y_m,fused_heading_deg,fused_speed_mph
2026-09-03 17:05:31.028818,0.0,0.0,0.0,0.0
2026-09-03 17:05:31.148951,0.0,0.0,0.0,0.0
2026-09-03 17:05:31.247928,0.0,0.0,0.0,0.0
2026-09-03 17:05:31.347596,0.0,0.0,0.0,0.0
2026-09-03 17:05:31.456791,0.0,0.0,0.0,0.0
2026-09-03 17:05:31.545709,0.0,0.0,0.0,0.0
2026-09-03 17:05:31.648339,0.0,0.0,0.0,0.0
2026-09-03 17:05:31.756092,0.0,0.0,0.0,0.0
2026-09-03 17:05:31.844606,0.0,0.0,0.0,0.0
2026-09-03 17:05:31.955450,0.0,0.0,0.0,0.0
2026-09-03 17:05:32.046975,0.0,0.0,0.0,0.0
2026-09-03 17:05:32.155659,0.0,0.0,0.0,0.0
2026-09-03 17:05:32.246901,0.0,0.0,0.0,0.0
2026-09-03 17:05:32.356559,0.0,0.0,0.0,0.0
2026-09-03 17:05:32.454167,0.0,0.0,0.0,0.0
2026-09-03 17:05:32.554317,0.0,0.0,0.0,0.0
2026-09-03 17:05:32.650588,0.0,0.0,0.0,0.0
2026-09-03 17:05:32.753575,0.0,0.0,0.0,0.0
2026-09-03 17:05:32.854150,0.0,0.0,0.0,0.0
2026-09-03 17:05:32.953847,0.0,0.0,0.0,0.0
2026-09-03 17:05:33.053834,0.0,0.0,0.0,0.0
2026-09-03 17:05:33.133839,0.0,0.0,0.0,0.0
2026-09-03 17:05:33.257144,0.0,0.0,0.0,0.0
2026-09-03 17:05:33.353995,0.0,0.0,0.0,0.0
2026-09-03 17:05:33.454298,0.0,0.0,0.0,0.0
2026-09-03 17:05:33.554203,0.0,0.0,0.0,0.0
2026-09-03 17:05:33.654167,0.0,0.0,0.0,0.0
2026-09-03 17:05:33.754045,0.0,0.0,0.0,0.0
2026-09-03 17:05:33.854204,0.0,0.0,0.0,0.0
2026-09-03 17:05:33.954190,0.0,0.0,0.0,0.0
2026-09-03 17:05:34.053865,0.0,0.0,0.0,0.0
2026-09-03 17:05:34.155201,0.0,0.0,0.0,0.0
2026-09-03 17:05:34.255845,0.0,0.0,0.0,0.0
2026-09-03 17:05:34.354923,0.0,0.0,0.0,0.0
2026-09-03 17:05:34.454746,0.0,0.0,0.0,0.0
2026-09-03 17:05:34.553652,0.0,0.0,0.0,0.0
2026-09-03 17:05:34.656771,0.0,0.0,0.0,0.0
2026-09-03 17:05:34.756467,0.0,0.0,0.0,0.0
2026-09-03 17:05:34.855865,0.0,0.0,0.0,0.0
2026-09-03 17:05:34.951601,0.0,0.0,0.0,0.0
2026-09-03 17:05:35.053640,0.0,0.0,0.0,0.0
2026-09-03 17:05:35.153491,0.0,0.0,0.0,0.0
2026-09-03 17:05:35.252278,0.0,0.0,0.0,0.0
2026-09-03 17:05:35.353280,0.0,0.0,0.0,0.0
2026-09-03 17:05:35.454092,0.0,0.0,0.0,0.0
2026-09-03 17:05:35.553789,0.0,0.0,0.0,0.0
2026-09-03 17:05:35.653629,0.0,0.0,0.0,0.0
2026-09-03 17:05:35.753050,0.0,0.0,0.0,0.0
2026-09-03 17:05:35.853562,0.0,0.0,0.0,0.0
2026-09-03 17:05:35.948057,0.0,0.0,0.0,0.0
2026-09-03 17:05:36.054718,0.0,0.0,0.0,0.0
2026-09-03 17:05:36.152938,0.0,0.0,0.0,0.0
2026-09-03 17:05:36.254738,0.0,0.0,0.0,0.0
2026-09-03 17:05:36.353745,0.0,0.0,0.0,0.0
2026-09-03 17:05:36.453821,0.015424945288112035,0.0,0.0,0.12763513498137702
2026-09-03 17:05:36.553503,0.017690506313338857,0.0,0.0,0.09725269150693343
2026-09-03 17:05:36.653881,0.019330182483411864,0.0,0.0,0.07266234565193858
2026-09-03 17:05:36.753775,0.020463806943340792,0.0,0.0,0.05371477833301319
2026-09-03 17:05:36.850663,0.02119392895441038,0.0,0.0,0.03956453022719938
2026-09-03 17:05:36.946021,0.02168815696082008,0.0,0.0,0.029117449741980442
2026-09-03 17:05:37.053622,0.058394323224822735,0.0,359.9879588219309,0.3758459946231188
2026-09-03 17:05:37.153508,0.07517698812378736,-3.527014750740679e-06,359.9879588219309,0.3924293295875515
2026-09-03 17:05:37.255001,0.09298206787047122,-7.268898371889689e-06,359.94252819263306,0.36405015770136684
2026-09-03 17:05:37.354882,0.10923719128985386,-2.3573967316654144e-05,359.9648827229204,0.3273940943457387
2026-09-03 17:05:37.452238,0.2234707301976947,-7.233649062659605e-05,0.05204034651840871,0.9580764206858039
2026-09-03 17:05:37.545255,0.2633097537676325,-3.615167598109963e-05,0.10408606451614678,1.0044051975430202
2026-09-03 17:05:37.652014,0.3112454584752296,5.0930555623776035e-05,0.19966169146985233,0.9913451071428323
2026-09-03 17:05:37.751193,0.35519843994925376,0.00020409649949793034,0.29955005679593033,0.9532134173052339
2026-09-03 17:05:37.851453,0.5362711960928924,0.0006748298093630795,0.49028457343203924,1.6451769413131776
2026-09-03 17:05:37.951102,0.6095563564683,0.0013019521020297682,0.5794949973804633,1.6939381679371932
2026-09-03 17:05:38.045870,0.6813165233441381,0.002027766046682342,0.5582848160019641,1.6980785972052677
2026-09-03 17:05:38.146880,0.7579904890994542,0.0027748937757567363,0.569588422815668,1.6971959685534692
2026-09-03 17:05:38.252117,0.8378313800463909,0.0035686336585471776,0.6049183209521031,1.701793790127042
2026-09-03 17:05:38.351282,0.9132689221652067,0.004365118972668511,0.6493068832600313,1.717390915803715
2026-09-03 17:05:38.451049,1.1734787159024467,0.0066058940829324675,0.7386229463019325,2.43470484720217
2026-09-03 17:05:38.551830,1.2831606953975514,0.008019926943214902,0.8401247697315644,2.457601165904076
2026-09-03 17:05:38.649579,1.5246408479732185,0.0108269734555786,0.9385729071624599,2.9741621443239996
2026-09-03 17:05:38.744987,1.6514753900786652,0.012904859736899603,1.0239865904715872,2.952486511271029
2026-09-03 17:05:38.843415,1.7813677494241604,0.01522653505590524,1.0350012564597,2.964527450001344
2026-09-03 17:05:38.943905,1.9145216351192487,0.01763211243721304,1.012510424884428,2.957502771001702
2026-09-03 17:05:39.051024,2.21034596845897,0.022179921662380975,1.012510424884428,3.5640012397104215
2026-09-03 17:05:39.158157,2.3810090886818425,0.025196132971846422,1.0005216187387738,3.562128976462166
2026-09-03 17:05:39.249987,2.6649888865828855,0.029741311556731594,0.9388637503869807,4.137467919162141
2026-09-03 17:05:39.358092,2.864914527160047,0.033017639065083614,0.8904734359786856,4.129910919229249
2026-09-03 17:05:39.449196,3.156754091848117,0.03747280591738047,0.8802783682115765,4.692903810266176
2026-09-03 17:05:39.558597,3.3862410821680604,0.04099886545015864,0.7578522827719141,4.700551406118897
2026-09-03 17:05:39.649882,3.5780446224336377,0.043536002211260395,0.7578522827719141,4.706932616413277
2026-09-03 17:05:39.758382,3.806328957866962,0.0465556992335865,0.6850015943675848,4.803636420882676
2026-09-03 17:05:39.857881,4.162140787735381,0.05110224272995939,0.5513873889197993,5.416841483056929
2026-09-03 17:05:39.946083,4.375715993427026,0.05315765259717062,0.45268421812657894,5.37291090287954
2026-09-03 17:05:40.059072,4.7731378942361316,0.056861942185287145,0.2883105720167204,5.935651999048891
2026-09-03 17:05:40.158634,5.0373197149758475,0.058191308071748916,0.1546117657694977,5.933912047087098
2026-09-03 17:05:40.258007,5.423278361547225,0.06009405675671831,0.11013009781986076,6.5445006205264225
2026-09-03 17:05:40.485721,6.209051411503865,0.062240825618632284,359.85530488031907,7.08949707114379
2026-09-03 17:05:40.567396,6.467902246413825,0.061587120712626175,359.72734617117015,7.105911683440788
2026-09-03 17:05:40.686839,6.96046695119852,0.06017123437796994,359.52685066944025,7.690185273828947
2026-09-03 17:05:40.776550,7.377943834626608,0.05778206522883429,359.45657638871506,8.028189260456584
2026-09-03 17:05:40.886031,7.770844901587679,0.054055471036830796,359.3708154616485,8.034885800125851
2026-09-03 17:05:40.984092,8.240350773154006,0.04985479070729565,359.4147098478581,8.635391202920982
2026-09-03 17:05:41.084512,8.627988428814682,0.04589484118813396,359.4034722654778,8.617841738667224
2026-09-03 17:05:41.184482,9.013103976733092,0.04188511467119771,359.4705956140472,8.56455573168239
2026-09-03 17:05:41.284547,9.396206387365256,0.03834520527168389,359.40340847916076,8.541822080191473
2026-09-03 17:05:41.384790,9.95848498009649,0.03308421916763851,359.324884053809,9.397002718159081
2026-09-03 17:05:41.483816,10.374448097630863,0.02818270053584383,359.12541551178333,9.344219882031442
2026-09-03 17:05:41.569270,10.731368383905613,0.02273411086415289,358.96284791369214,9.318832088153936
2026-09-03 17:05:41.686829,11.391523309263771,0.01199970116466809,358.6734261168892,10.111541719521071
2026-09-03 17:05:41.784029,11.830775172061099,0.0018278490959855783,358.6843033625311,9.932331665610906
2026-09-03 17:05:41.883700,12.273212641084172,-0.008333734095071757,358.82930230651164,9.838271395556772
2026-09-03 17:05:41.984500,12.901617240401096,-0.020307020535165518,358.86314262628656,10.641930473965603
2026-09-03 17:05:42.069474,13.30579030498247,-0.02832763640486518,358.89166988156984,10.655295574124425
2026-09-03 17:05:42.187311,14.009530011784099,-0.04159822663473173,358.93122981967815,11.34725304481816
2026-09-03 17:05:42.283595,14.497862576620747,-0.05070842341758784,359.0389772187921,11.321171730785858
2026-09-03 17:05:42.384666,15.148414760813719,-0.06167159885945259,359.3104276124406,11.856754982433742
2026-09-03 17:05:42.485249,15.681510682809707,-0.06808788259042073,358.8376830452295,11.878727420232932
2026-09-03 17:05:42.583129,16.20117260167594,-0.0786313246137224,358.52003613885546,11.823134310555945
2026-09-03 17:05:42.684892,16.73885276235068,-0.09252282299656997,358.65669060160366,11.84803214548123
2026-09-03 17:05:42.784545,17.443910822819774,-0.10834648877514647,358.8574221127066,12.652996601836128
2026-09-03 17:05:42.884292,18.008007133230187,-0.11959704555775716,358.9690448103451,12.632078381430796
2026-09-03 17:05:42.985539,18.579660875296735,-0.12988424314074992,359.08234609527403,12.702854346668806
2026-09-03 17:05:43.078629,19.10822177040623,-0.13835044170969454,359.1448499716202,12.798838312029847
2026-09-03 17:05:43.186555,19.874362288575718,-0.15025505737950748,359.0965397817786,13.559987894285332
2026-09-03 17:05:43.287316,20.485085127324105,-0.1598859504187428,358.9274036478084,13.46842079458508
2026-09-03 17:05:43.381802,21.1924006138551,-0.17301053705577085,358.72650651609274,13.997190737446758
2026-09-03 17:05:43.482402,21.821729927122032,-0.1870007260469854,358.62518698724284,13.993674553212685
2026-09-03 17:05:43.584903,22.462764155328028,-0.20238530384193076,358.5334233201199,13.97576141205082
2026-09-03 17:05:43.683763,23.080211861068197,-0.2181933132653994,358.31216313407833,13.906654061478166
2026-09-03 17:05:43.783411,23.876802692844457,-0.24033449380913183,358.4125238538679,14.570057367704703
2026-09-03 17:05:43.882864,24.52433108797661,-0.25827995167668666,358.45704133167976,14.596128073765682
2026-09-03 17:05:43.983727,25.1822288893227,-0.2760012320942103,358.44575417502153,14.575857158061831
2026-09-03 17:05:44.077951,25.79596576171632,-0.29265397731286974,358.4773868167921,14.543747195866054
2026-09-03 17:05:44.183775,26.682829894557667,-0.3158103572585713,358.4181752096515,15.26244810083736
2026-09-03 17:05:44.283693,27.364303101156626,-0.33462928568583206,358.272816936085,15.26244810083736
2026-09-03 17:05:44.383291,28.043544027494264,-0.3551112291495302,358.272816936085,15.160624106480032
2026-09-03 17:05:44.483634,28.723300245592345,-0.3756087108063723,358.37387762677474,15.117660887654534
2026-09-03 17:05:44.574836,29.339413301677908,-0.393099428638483,358.3942896958495,15.04753139700493
2026-09-03 17:05:44.683632,30.070980124927885,-0.41360690796791405,358.3577649792798,14.820322946698468
2026-09-03 17:05:44.783322,31.056497219108024,-0.44137277866321717,358.43585621720484,15.732196633839513
2026-09-03 17:05:44.882999,31.757256498683006,-0.4605078816553113,358.56970945348274,15.72435780614792
2026-09-03 17:05:44.983636,32.46445552044396,-0.4781655563898649,358.5246619897104,15.64609393259913
2026-09-03 17:05:45.083872,33.16531677634948,-0.4962163770360703,358.47979402287234,15.702149319141721
2026-09-03 17:05:45.183980,33.867776433390524,-0.514858832694852,358.5918207005188,15.704773559981467
2026-09-03 17:05:45.282866,34.56181194541521,-0.5319198323123926,358.6360843759323,15.729831563040477
2026-09-03 17:05:45.383555,35.26964268947045,-0.5487727980772803,358.6135490058409,15.710475440685656
2026-09-03 17:05:45.480292,35.94884814345875,-0.5652115118731488,358.75427963805936,15.737524753946213
2026-09-03 17:05:45.582745,36.98879899653796,-0.5889789071537407,358.83453524643664,16.700690815428523
2026-09-03 17:05:45.684180,37.74594354528667,-0.6043822582893332,358.8799399135844,16.75209866973127
2026-09-03 17:05:45.784010,38.49341341162039,-0.6189962112560434,358.8799399135844,16.882946335767866
2026-09-03 17:05:45.883324,39.24282794257147,-0.6336481848019558,358.7354603245115,16.942825153239458
2026-09-03 17:05:45.984582,40.00958146049783,-0.650573475169735,358.5768212921148,16.880889455371257
2026-09-03 17:05:46.092179,40.82130451856813,-0.6707401371258853,358.5406991007773,16.878068897157785
2026-09-03 17:05:46.184259,41.743158438601014,-0.693844561489327,358.5613076764709,17.45535026625522
2026-09-03 17:05:46.281173,42.499163222779394,-0.7128317703006698,358.7348315257125,17.28090170600334
2026-09-03 17:05:46.381675,43.27537745615231,-0.7299744189715649,358.8023120776573,17.303734639018284
2026-09-03 17:05:46.478810,44.02659735560354,-0.7456799051261808,358.63926250120215,17.341929233951063
2026-09-03 17:05:46.576500,44.78372902852543,-0.7636646713794218,358.4206209113337,17.317174300807494
2026-09-03 17:05:46.676604,45.55838669653125,-0.7850238031112082,358.1741720682237,17.374030580446902
2026-09-03 17:05:46.776793,46.33614823059383,-0.8098168965004766,358.15174860395166,17.463326962621874
2026-09-03 17:05:46.881373,47.152159221336454,-0.8361489722151763,358.19856104630696,17.420377261532487
2026-09-03 17:05:46.981796,48.2123147997903,-0.8680678454007507,358.0299922748409,18.052704490584656
2026-09-03 17:05:47.081495,49.01643819556244,-0.8957270178998661,357.8514819022885,17.991722374191266
2026-09-03 17:05:47.181099,49.81699193609895,-0.9257608330390927,356.1015179469145,17.983889287386955
2026-09-03 17:05:47.281373,50.62128117375566,-0.9805703653186745,356.3035003412663,17.88838376425144
2026-09-03 17:05:47.373667,51.35780447503685,-1.0281540066631831,356.2931721055741,17.876286744829244
2026-09-03 17:05:47.481584,52.21840980303286,-1.0839098441124775,356.2086363234179,17.787646414126172
2026-09-03 17:05:47.581339,53.00990453202254,-1.136361037080291,356.30910480851156,17.771084828124362
2026-09-03 17:05:47.680927,53.79942903359737,-1.1872913104942435,356.27567137829584,17.852013722910065
2026-09-03 17:05:47.788330,54.99144813402598,-1.2588007182391534,356.14346215041013,18.688469957124717
2026-09-03 17:05:47.875307,55.7164514905145,-1.307674004239006,356.0947959881571,18.690749980654488
2026-09-03 17:05:47.976453,56.559615893241464,-1.3652321251701514,356.1174336401674,18.767642061760206
2026-09-03 17:05:48.088978,57.501521181728265,-1.429156862054068,356.1174336401674,18.834502864205177
2026-09-03 17:05:48.187811,58.3317630708088,-1.4855032855832768,355.9957737738729,18.789595354530427
2026-09-03 17:05:48.287754,59.169205078261406,-1.5441250087473353,356.1523526201351,18.738943654598653
2026-09-03 17:05:48.388333,60.00986201840797,-1.6006635975651926,356.1973741217574,18.724002991081406
2026-09-03 17:05:48.476346,60.744942222143955,-1.649521408440334,356.1382791204806,18.79398749155955
2026-09-03 17:05:48.576938,61.58816353075872,-1.706440524315049,356.10450862993696,18.798382372330845
2026-09-03 17:05:48.691338,62.547317537549894,-1.771753257929179,355.9508843211175,18.813376835913523
2026-09-03 17:05:48.788049,63.64971100435159,-1.8469824244844921,355.78854646567345,19.478385488155453
2026-09-03 17:05:48.889595,64.53154715979105,-1.9119176577060817,356.04990899732974,19.361260272850338
2026-09-03 17:05:48.990363,65.40164827332158,-1.9719994702878654,356.2528864582273,19.360379758802377
2026-09-03 17:05:49.090904,66.26995673960525,-2.028867482366461,356.3203931961338,19.252320505505693
2026-09-03 17:05:49.190483,67.1252223631142,-2.083869349938005,356.2535323786166,19.214035026298017
2026-09-03 17:05:49.291601,67.9919134555823,-2.140621623076453,356.1064283742681,19.145999954632167
2026-09-03 17:05:49.391951,68.84882947690689,-2.1989437078044567,356.05027962940346,18.954844136640492
2026-09-03 17:05:49.490290,69.68013307755051,-2.2563410896530107,355.95123727207175,18.8113428123043
2026-09-03 17:05:49.590911,70.52418584338263,-2.3160849124835425,355.82737644212204,18.62142922794943
2026-09-03 17:05:49.690829,71.3537508801584,-2.3766058634629568,355.71556238553245,18.545470683272224
2026-09-03 17:05:49.790492,72.17770465770354,-2.43833420043548,355.71556238553245,18.407875036769674
2026-09-03 17:05:49.890012,72.99437175349243,-2.499516639374497,355.6376043155325,18.29656508687705
2026-09-03 17:05:49.990500,73.81391169955506,-2.5620357643781855,355.73881104331645,18.14992783126234
2026-09-03 17:05:50.085673,74.58398640931118,-2.619413416608779,356.11157548242966,18.167391951153736
2026-09-03 17:05:50.190867,76.27039172442394,-2.7345593124584644,356.0880318409058,19.711728584699916
2026-09-03 17:05:50.289777,77.13994907721576,-2.7940222688042358,355.888796958231,19.743706899699692
2026-09-03 17:05:50.390670,78.02816211049503,-2.8578647377544297,355.7646013060698,19.744588506001698
2026-09-03 17:05:50.490441,78.90639790288311,-2.922903888731615,355.6529517510346,20.084591375571538
2026-09-03 17:05:50.589967,79.79743291270863,-2.990637000423539,355.0181120521016,19.915877061695824
2026-09-03 17:05:50.690469,80.68884135067945,-3.068341196755825,355.1080861213614,19.987888619666027
2026-09-03 17:05:50.790508,81.57947227795756,-3.144568584960836,355.26481536904487,19.993133483800108
2026-09-03 17:05:50.890141,82.46692581237801,-3.218079232581136,355.2759648815453,19.994874676562503
2026-09-03 17:05:50.987657,83.27030981583069,-3.2850148192576625,356.2471869829414,19.991718478709874
2026-09-03 17:05:51.091016,84.19205856729451,-3.345474873385851,356.68671297911,20.125385313612792
2026-09-03 17:05:51.191003,85.1675733366107,-3.4030517333750177,356.53006519886304,20.27703278523917
2026-09-03 17:05:51.298156,86.13709651818672,-3.461839680248628,356.62599355295936,20.11317916790347
2026-09-03 17:05:51.391188,86.97213409344731,-3.5110698924237598,356.49065286453043,20.106675834868398
2026-09-03 17:05:51.485907,87.82191823590932,-3.563184069465258,356.7132446179166,19.9634910544936
2026-09-03 17:05:51.599568,88.83461491536833,-3.6213409202646107,356.6878059632477,19.912839206015274
2026-09-03 17:05:51.687999,89.62049816184462,-3.6668224777346725,356.56905464110423,19.897384947168195
2026-09-03 17:05:51.808549,90.69085970158342,-3.7309938302408407,356.3667009432438,19.921612452676648
2026-09-03 17:05:51.888654,91.40282153929776,-3.776202102112313,356.1784524143848,19.924412293015322
2026-09-03 17:05:51.988698,92.29193300648564,-3.835592677899118,356.14486589700823,19.86059659000217
2026-09-03 17:05:52.088558,93.17653194813803,-3.895202709419015,356.1113411516439,19.844017571625738
2026-09-03 17:05:52.189113,94.06650865155753,-3.955698255516642,356.1563519103075,19.7420938413667
2026-09-03 17:05:52.288655,94.94304109613012,-4.014588201082467,356.20090922659097,19.641196899817846
2026-09-03 17:05:52.388264,95.81572609432864,-4.0725379649917555,356.1117346125048,19.73693943334393
2026-09-03 17:05:52.488645,96.69936920150768,-4.132596893121535,355.9881692139182,19.793953041256533
2026-09-03 17:05:52.596546,97.65181199361004,-4.199395811903356,355.90364596521374,19.776039035029463
2026-09-03 17:05:52.687221,98.45139280073126,-4.256659335016822,355.8529106643607,19.764154218723874
2026-09-03 17:05:52.788288,99.34201882669585,-4.321235980291246,355.8642206498061,19.794180527191795
2026-09-03 17:05:52.883953,100.18633397918376,-4.382287223165063,355.9284534710614,19.853531121867327
2026-09-03 17:05:52.987963,101.10712647049432,-4.44783084466026,356.0797646865947,19.971680679233557
2026-09-03 17:05:53.095022,102.06072775124676,-4.513179217490563,356.0797646865947,19.83416438280315
2026-09-03 17:05:53.194075,102.9369425246526,-4.573224449022513,355.95783400821733,19.912927460142424
2026-09-03 17:05:53.287115,103.76311271343452,-4.631606908892057,355.6871293549491,19.935691083084443
2026-09-03 17:05:53.385063,104.63355844737048,-4.69725269387395,355.66520745255946,19.84582443943958
2026-09-03 17:05:53.496049,105.61539594496965,-4.771677039797105,356.00054689278613,19.829337851969775
2026-09-03 17:05:53.593959,106.48120620312432,-4.832212086265325,356.142983976844,19.855004074511385
2026-09-03 17:05:53.695578,107.38113158191764,-4.892884605798971,356.23395803650556,19.815046319402782
2026-09-03 17:05:53.795110,108.26089391866589,-4.950794658858353,356.1002995163533,19.855053156039325
2026-09-03 17:05:53.894948,109.1450045125519,-5.011062629241193,356.05560970357965,19.81928526124803
2026-09-03 17:05:54.003397,110.10358808973518,-5.077158461835422,356.15269829721115,19.801280274627704
2026-09-03 17:05:54.093794,110.90197581074543,-5.130849385325675,356.06165474403576,19.860522168180296
2026-09-03 17:05:54.203422,111.87300381412693,-5.1977003450425405,356.0125826993759,19.85190077104581
2026-09-03 17:05:54.294662,112.68076169776059,-5.254006022669435,355.8492181080392,19.871034964853973
2026-09-03 17:05:54.382739,113.46111045712317,-5.31063734717666,355.7309421618164,19.83255398090958
2026-09-03 17:05:54.505035,114.54237173058883,-5.391350586070316,355.9772835753398,19.76629914353485
2026-09-03 17:05:54.594686,115.33260553043229,-5.446923966190414,356.06757579284397,19.831319130910142
2026-09-03 17:05:54.703086,116.29135155011991,-5.512829818517813,356.0069228387501,19.776381373662467
2026-09-03 17:05:54.801908,117.16289954502501,-5.5736685712847,356.017981595631,19.837690572084306
2026-09-03 17:05:54.880998,117.8625955126969,-5.62237541950383,355.9914297018711,19.812120205758028
2026-09-03 17:05:55.006205,118.96881725728359,-5.699896258807525,356.10352083726946,19.782580509575922
2026-09-03 17:05:55.102026,119.81426150294367,-5.757480671270523,356.11424376478647,19.703875531414013
2026-09-03 17:05:55.201878,120.69177798744659,-5.817084582298502,355.9913295461628,19.842604623050107
2026-09-03 17:05:55.302394,121.58121756447487,-5.87941551299913,355.86759796743445,19.890033474495166
2026-09-03 17:05:55.400349,122.449933831797,-5.942179691947638,355.7031719494011,19.85836391786992
2026-09-03 17:05:55.502050,123.35024507812696,-6.00982431093262,355.7828384855453,19.83614725206541
2026-09-03 17:05:55.601988,124.23405101204763,-6.074993117046432,355.98414407350157,19.862345096497673
2026-09-03 17:05:55.701727,125.11748537130207,-6.137014545525793,356.02878957157077,19.861473573885043
2026-09-03 17:05:55.801551,126.00168191672483,-6.1983971495557215,355.73834652226026,19.903342310463426
2026-09-03 17:05:55.887894,126.7678024165921,-6.255486422510755,355.69969738561576,19.913150393562816
2026-09-03 17:05:55.989362,127.66852506102543,-6.3232168825183575,355.55208420978914,19.899850933503313
2026-09-03 17:05:56.101621,128.66417670312714,-6.400665736860794,355.4515847267835,19.848842949038833
2026-09-03 17:05:56.203214,129.56279544917314,-6.472152658430548,355.667592837005,19.858607901210338
2026-09-03 17:05:56.302502,130.4417151585584,-6.538738922485049,355.64537102701945,19.845594174810017
2026-09-03 17:05:56.403742,131.33730073157957,-6.606937130360256,355.5773949561065,19.927865545940115
2026-09-03 17:05:56.503443,132.2228477019136,-6.675427712410875,355.34309539208715,19.8633974439526
2026-09-03 17:05:56.603730,133.2377066709668,-6.756864433519461,355.10741871505473,19.883414475979727
2026-09-03 17:05:56.703360,134.12005927628306,-6.83239364939796,355.17431377575264,19.83118026595378
2026-09-03 17:05:56.804627,135.01464237496612,-6.907917784034759,355.43495820776604,19.743577707667608
2026-09-03 17:05:56.903627,135.88566111210483,-6.977463433819231,355.5346662928172,19.60516727459674
2026-09-03 17:05:57.004078,136.76337091428795,-7.046006379049576,355.5009431384351,19.409430342149424
2026-09-03 17:05:57.103431,137.6227798577042,-7.113629095531887,355.4008795285959,19.26358118715211
2026-09-03 17:05:57.201671,138.5459197991884,-7.187347939298824,355.2469687408789,19.24348856238784
2026-09-03 17:05:57.300821,139.39593530599853,-7.258024062379881,355.18039596894073,19.07454525963529
2026-09-03 17:05:57.401299,140.24969027984767,-7.33001005530641,355.0904433855983,18.983235337704365
2026-09-03 17:05:57.501516,141.09703801464124,-7.4027957551140355,355.19137717508886,18.79583566779228
2026-09-03 17:05:57.719921,142.9257246792691,-7.556632020150653,355.1424955941336,18.75575863854154
2026-09-03 17:05:57.803260,143.55271052265056,-7.610491759505839,355.17047395137286,18.686933810363687
2026-09-03 17:05:57.904471,144.39520582342868,-7.6816753073041,355.1591478514895,18.630333170599908
2026-09-03 17:05:58.005023,145.22966634815413,-7.752346120809829,355.02411960410825,18.59079497211655
2026-09-03 17:05:58.244060,147.0527827870726,-7.912304594679948,355.3451151802208,18.314471297666557
2026-09-03 17:05:58.323459,147.7007021473796,-7.9650596702315015,355.3273447599178,18.39356347551977
2026-09-03 17:05:58.434592,148.61147371347886,-8.039501131134477,355.2402897539561,18.33335628279093
2026-09-03 17:05:58.522483,149.32932171534415,-8.099272199854262,355.13209909589165,18.308012467430448
2026-09-03 17:05:58.622589,149.98008143930886,-8.15548720801746,354.9416575486906,17.863343646846438
2026-09-03 17:05:58.723142,150.77993315183073,-8.226285936186311,354.77287056087675,17.784266463456806
2026-09-03 17:05:58.823056,151.45735202304405,-8.28930499566505,354.907042057305,17.27991821300716
2026-09-03 17:05:59.023344,152.90689396879225,-8.418994146834349,354.83980187906013,16.715111839415172
2026-09-03 17:05:59.118627,153.6159937854915,-8.483030643938555,354.77582554594284,16.596884635893115
2026-09-03 17:05:59.221280,154.27670655932104,-8.5440217446358,354.71838820556826,16.15850050927091
2026-09-03 17:05:59.317054,154.96559239266807,-8.6077047678299,354.81484721706,16.007025896400698
2026-09-03 17:05:59.430682,155.77536214555082,-8.68118801752835,354.9928660992537,15.926602199695706
2026-09-03 17:05:59.521660,156.42063796994012,-8.737723296190689,355.10485674322626,15.796227331115713
2026-09-03 17:05:59.629462,157.0913889064615,-8.795050451401787,355.2013661123367,15.365772004030315
2026-09-03 17:05:59.721789,157.7233706807203,-8.848104269058659,355.3976727554363,15.193932908605408
2026-09-03 17:05:59.817548,158.2485177292074,-8.889745865263702,355.00118114925556,14.53957903013151
2026-09-03 17:06:00.039882,159.59227453620278,-9.007405336275971,354.8767788070459,13.746696952055126
2026-09-03 17:06:00.143408,160.2259336370635,-9.064216772684993,354.88836396890116,13.562155789631182
2026-09-03 17:06:00.243322,160.751784209333,-9.111423967213614,354.9107258849725,13.052803464536355
2026-09-03 17:06:00.343794,161.33573966894102,-9.16343041702604,354.8545088775581,12.887753077546375
2026-09-03 17:06:00.444332,161.84672944710888,-9.209575491796409,354.93326438842684,12.385964233804044
2026-09-03 17:06:00.540431,162.37675248591484,-9.256568635715489,355.00854264977056,12.351535870640232
2026-09-03 17:06:00.758853,163.50840662974267,-9.355367508563567,354.2019337848436,11.729618400060515
2026-09-03 17:06:00.846146,163.89506439788033,-9.39541233908204,354.2312395689122,11.328986844814597
2026-09-03 17:06:00.947236,164.40444294514538,-9.44687254488104,354.3669902802632,11.31397027400997
2026-09-03 17:06:01.047962,164.82004261406226,-9.48833440758453,354.45716488475125,10.839011099043118
2026-09-03 17:06:01.140659,165.2671031312444,-9.53171879105661,354.41567154980186,10.839821088431652
2026-09-03 17:06:01.248898,165.69246692460405,-9.573584767482075,354.42778412378374,10.275891276865142
2026-09-03 17:06:01.349181,166.1509635301925,-9.618316289632698,354.39411736993463,10.32408646248891
2026-09-03 17:06:01.445488,166.4508591826288,-9.648063178169119,354.5665543898586,9.53549975244459
2026-09-03 17:06:01.545893,166.87693750729542,-9.688590391668422,354.4654312557217,9.680261205907927
2026-09-03 17:06:01.645769,167.3071324186878,-9.730275425056734,354.37601761080526,9.694224721477003
2026-09-03 17:06:01.745775,167.73844287407925,-9.772748062436706,354.2081488102393,9.578001917729017
2026-09-03 17:06:01.973595,168.4993400510752,-9.85060142311372,354.2591375777732,8.596064721590164
2026-09-03 17:06:02.065204,168.7106263912673,-9.872113556985195,354.2181312569496,7.951916253498128
2026-09-03 17:06:02.161942,169.05276354182777,-9.906757198471357,354.228956802103,8.001788940366193
2026-09-03 17:06:02.263434,169.27696581011602,-9.929644568572556,354.11538134791664,7.408704496297948
2026-09-03 17:06:02.361677,169.60063074649563,-9.96300427107377,354.060411530859,7.47137138397858
2026-09-03 17:06:02.472831,169.83183515970634,-9.987497258980309,354.2469932225386,6.844190126038622
2026-09-03 17:06:02.564702,170.11151034686193,-10.015673895232187,354.39092581596645,6.928481162285379
2026-09-03 17:06:02.672629,170.4441929606645,-10.048346906495233,354.3788481566002,7.211402048839155
2026-09-03 17:06:02.764991,170.74051639331003,-10.077512122325263,354.38918400188805,7.3824992241478515
2026-09-03 17:06:02.862782,171.06170709151334,-10.109066362393127,354.33446709198216,7.647394511062893
2026-09-03 17:06:02.961115,171.39623511227094,-10.142253465066636,354.1694065679531,7.839004348479567
2026-09-03 17:06:03.061532,171.74631077897453,-10.178001718496562,354.1244575813018,8.002209490217442
2026-09-03 17:06:03.161111,172.10066411629523,-10.214467703975334,354.2136053379914,8.164052652322624
2026-09-03 17:06:03.274040,22.233972213600538,-1.3893808067251516,278.3436527558649,6.391608317917891
2026-09-03 17:06:03.372062,22.274614452880886,-1.6664950287679436,278.1571758080322,6.617729442425764
2026-09-03 17:06:03.472523,22.316784293581197,-1.9606908915869332,277.9885432502491,6.6782998139948635
2026-09-03 17:06:03.573041,22.35848977007977,-2.2578719374740777,277.9435490536468,6.640531643780789
2026-09-03 17:06:03.662889,22.39534994725048,-2.522033938581155,277.9435490536468,6.6703652436823635
2026-09-03 17:06:03.781682,22.44430377084978,-2.8728662187392966,277.70426374965746,6.799079361826154
2026-09-03 17:06:03.870668,22.463170115276917,-3.0683793180125267,277.6314022370909,6.393391638617737
2026-09-03 17:06:03.980240,22.504758699998575,-3.3787734902224966,277.72949619260356,6.3158387001223
2026-09-03 17:06:04.071921,22.539573763740187,-3.6352766743311338,277.6576787306294,6.372717620003631
2026-09-03 17:06:04.160607,22.573240957208878,-3.8856774503800557,277.5485094561746,6.433937970112122
2026-09-03 17:06:04.282848,22.627229091671733,-4.277181839332398,277.6092325794274,6.646914768058365
2026-09-03 17:06:04.379357,22.66520211199712,-4.561426993125677,277.5876327419859,6.5819807629218
2026-09-03 17:06:04.480189,22.704377643344486,-4.855518155880991,277.5312143040966,6.688590630047785
2026-09-03 17:06:04.579707,22.74337845938625,-5.150516780805837,277.4087112274532,6.570326185031679
2026-09-03 17:06:04.679466,22.781161292278284,-5.441082587244106,277.1966025874132,6.508435671528972
2026-09-03 17:06:04.779227,22.81752315670598,-5.729053705296618,276.90634283983485,6.396856170813153
2026-09-03 17:06:04.880103,22.879344312249653,-6.1991245157436285,276.5995650701668,6.957366515380497
2026-09-03 17:06:04.979646,22.914926604693186,-6.5066737308194815,276.3767762506328,6.881693049010037
2026-09-03 17:06:05.079526,22.949053895173293,-6.812042696042172,276.0638159599737,6.771725959935234
2026-09-03 17:06:05.164264,22.976151837139266,-7.0671290371983835,275.6560609211684,6.623637282188277
2026-09-03 17:06:05.281674,23.010415505908664,-7.413091088597001,275.5903666099122,6.480006748567124
2026-09-03 17:06:05.379761,23.03809522348396,-7.695880257856682,275.7220846831567,6.132886358403492
2026-09-03 17:06:05.480132,23.11282468692282,-8.357719464020292,276.0580322648917,7.043930254678071
2026-09-03 17:06:05.580065,23.146034758666246,-8.670643013349737,276.42707404501806,6.957481693377629
2026-09-03 17:06:05.678271,23.18022608796339,-8.974170750221704,276.5919213884613,6.978076746393018
2026-09-03 17:06:05.780197,23.216726516968503,-9.290024790772758,276.52348471319584,7.0528898923083725
2026-09-03 17:06:05.879946,23.282807304885573,-9.860366938644884,276.42939232523815,7.821478353876328
2026-09-03 17:06:05.980197,23.32205909054483,-10.208691316836786,276.3396429628637,7.719862761591521
2026-09-03 17:06:06.081134,23.360523758857553,-10.554903544476398,276.3283475251748,7.613141877764011
2026-09-03 17:06:06.283620,23.46332507279476,-11.473723280743801,276.41645271508554,8.404360308127218
2026-09-03 17:06:06.382024,23.504641999679148,-11.841119570340066,276.1521651891228,8.479167896653973
2026-09-03 17:06:06.482014,23.562443877332665,-12.36942160101154,275.94952224861424,9.078038856743875
2026-09-03 17:06:06.581683,23.604369279775472,-12.771724271737314,275.57030185087626,9.153808109425404
2026-09-03 17:06:06.675386,23.641589027526514,-13.153357359699047,275.1089217672446,9.13661373259391
2026-09-03 17:06:06.772190,23.676798208132297,-13.547175897643545,274.5564422894337,9.073172996026713
2026-09-03 17:06:06.871850,23.70891053990004,-13.950126420364839,274.2441713386218,8.940806485199941
2026-09-03 17:06:07.223425,23.839689211604817,-15.642544839335992,273.2204510113221,10.315913264335407
2026-09-03 17:06:07.283795,23.855329350536763,-15.920509030742558,273.0312898905062,10.36391713073998
2026-09-03 17:06:07.394697,23.895748518009167,-16.592121095677044,272.67104613636076,10.997223314540177
2026-09-03 17:06:07.493748,23.9184414039791,-17.078546443620965,272.49369600334353,11.003281890464592
2026-09-03 17:06:07.581812,23.946828629673615,-17.640323518871725,272.4343608306866,11.563809902635553
2026-09-03 17:06:07.682320,23.968897474750843,-18.159429278633592,272.27689680939324,11.641973454834462
2026-09-03 17:06:07.781869,23.99653018573432,-18.7862268293828,272.0094091804759,12.188128825648382
2026-09-03 17:06:07.881656,24.01559418905765,-19.32959006337658,271.8195744985333,12.157610854311924
2026-09-03 17:06:07.996891,24.04459087654125,-20.12273137042051,271.8839217548876,12.968432118058313
2026-09-03 17:06:08.094672,24.063226773596575,-20.689301304015544,271.92769080657956,13.005171900502278
2026-09-03 17:06:08.194304,24.089454879583304,-21.40931127850277,271.8718687270269,13.685580799226015
2026-09-03 17:06:08.296270,24.109831891370842,-22.032806583689847,271.84904754947286,13.671325083853787
2026-09-03 17:06:08.381290,24.132153299685196,-22.681423174665586,271.88705730528886,14.306080703432066
2026-09-03 17:06:08.480967,24.153144919452597,-23.318550780797743,271.8535939962194,14.317403454542145
2026-09-03 17:06:08.590968,24.18117442794694,-24.155937862674328,271.75508438122785,14.962187115332128
2026-09-03 17:06:08.680726,24.19956190239153,-24.756020205142978,271.8756176916388,14.983363439738222
2026-09-03 17:06:08.787169,24.22710408112326,-25.582996156692698,271.78030716813777,15.710066133673688
2026-09-03 17:06:08.896518,24.25096249868991,-26.350586544725008,271.8537279047859,15.694778212011197
2026-09-03 17:06:08.996688,24.277601803644522,-27.164716027030156,271.83129762044575,16.34426819022722
2026-09-03 17:06:09.095443,24.300660423490818,-27.885905014676204,271.8423488796368,16.216555380691158
2026-09-03 17:06:09.195762,24.32946629797552,-28.77258908480336,271.8423386081298,17.065227994876228
2026-09-03 17:06:09.288493,24.352209698628567,-29.479653315487692,271.80083005398893,17.049022265243533
2026-09-03 17:06:09.387575,24.380949721430227,-30.38535040679367,271.74538442437085,17.8148155733637
2026-09-03 17:06:09.488262,24.405372912587517,-31.186843118633565,271.7904542693071,17.748830103313477
2026-09-03 17:06:09.587706,24.4345433821866,-32.115018324118545,271.9128624645025,18.528752525095566
2026-09-03 17:06:09.687957,24.462261370696822,-32.94494399760286,271.9352998050961,18.470060760586236
2026-09-03 17:06:09.795664,24.496819719237497,-33.971567029374384,271.8870852769318,19.16748589598565
2026-09-03 17:06:09.895596,24.52501695196587,-34.82738325991824,271.75288960884666,19.060081182481266
2026-09-03 17:06:09.995840,24.551144202052196,-35.68112446432335,271.6855822871102,18.95146520292686
2026-09-03 17:06:10.096244,24.576165214059618,-36.53138540557712,271.70805387088456,18.92602253420594
2026-09-03 17:06:10.188263,24.605341891989198,-37.499320460378414,271.70805248313445,19.87773378115007
2026-09-03 17:06:10.296844,24.63410139266935,-38.46375794827753,271.7323541746786,19.89860703564072
2026-09-03 17:06:10.396392,24.665382642399038,-39.4944444065426,271.6766534652295,20.608139983229176
2026-09-03 17:06:10.497021,24.692507472739095,-40.42110855436326,271.6428705531399,20.54834761985006
2026-09-03 17:06:10.604672,24.720858092532282,-41.409576978588845,271.52240281953914,20.56245748872365
2026-09-03 17:06:10.692067,24.74220150373014,-42.212649306461294,271.54196283770534,20.551766243952486
2026-09-03 17:06:10.804849,24.775512865670567,-43.43455356314036,271.5924462783094,21.36817574082665
2026-09-03 17:06:10.902474,24.801428456887088,-44.36674930713109,271.52689744461844,21.37926539618467
2026-09-03 17:06:10.992755,24.82442017113767,-45.22929336938026,271.5774122910073,21.310632983886553
2026-09-03 17:06:11.094666,24.851146020796143,-46.199801521819985,271.6344344607921,21.301727967696724
2026-09-03 17:06:11.189481,24.88218860250233,-47.2883642469261,271.7193170597794,22.076171039361626
2026-09-03 17:06:11.289397,24.911773722439115,-48.273984482165154,271.808766514558,22.11371301686923
2026-09-03 17:06:11.402066,24.946929785256053,-49.387243057168085,271.8591997816045,22.15013971561263
2026-09-03 17:06:11.492764,24.976066982541198,-50.284861733115065,271.8287508795912,22.050281935827826
2026-09-03 17:06:11.593641,25.01348274806424,-51.46804604999715,271.8287507757743,22.73663035732891
2026-09-03 17:06:11.694578,25.046222925437736,-52.49346567287679,271.73838727426323,22.75074220973585
2026-09-03 17:06:11.794011,25.07690111767922,-53.50428275096889,271.6827516175804,22.72207020017015
2026-09-03 17:06:11.890432,25.105661910957597,-54.4832734847838,271.63959133354575,22.647085046087184
2026-09-03 17:06:11.992484,25.135223918438875,-55.51604053041424,271.63959133354575,22.63014210613774
2026-09-03 17:06:12.093859,25.16456784584145,-56.541188813390065,271.5942135237947,22.591166112658406
2026-09-03 17:06:12.193311,25.199924072419265,-57.79666386182458,271.64985975878517,23.38533210806174
2026-09-03 17:06:12.300453,25.23217290912551,-58.91628115130905,271.565931065699,23.367544112999777
2026-09-03 17:06:12.392531,25.258458108304175,-59.877789615485305,271.53501887359346,23.30880973310648
2026-09-03 17:06:12.488825,25.285336596705022,-60.88081016172872,271.5457947325631,23.44680262803758
2026-09-03 17:06:12.601154,25.31709790684066,-62.057775922388785,271.7217784955258,23.484100936773935
2026-09-03 17:06:12.699565,25.348140160832997,-63.0904608644591,271.73279125911506,23.544295232166963
2026-09-03 17:06:12.798684,25.379686313584976,-64.13323524041041,271.7993432165708,23.55382238752499
2026-09-03 17:06:12.899666,25.41307287852536,-65.1960009994986,271.87844653072614,23.49911458033771
2026-09-03 17:06:12.998643,25.455157258771333,-66.50505207131096,271.8230660009552,24.315601961765285
2026-09-03 17:06:13.100641,25.490429214586953,-67.6132138969332,271.6518534545067,24.21488937522381
2026-09-03 17:06:13.209113,25.52427738821873,-68.7869379561437,271.49405103001556,24.218680702621807
2026-09-03 17:06:13.298745,25.549579311435263,-69.75702852890467,271.49405103001556,24.181869958616794
2026-09-03 17:06:13.408535,25.58052446421649,-70.94348383227485,271.51862330983096,24.144455364145383
2026-09-03 17:06:13.487006,25.602971012315948,-71.7901660097474,271.56253011758656,24.112228303577538
2026-09-03 17:06:13.588791,25.63288810888425,-72.88691184757499,271.6878237896473,24.140689123638385
2026-09-03 17:06:13.707855,25.67073395109348,-74.17127563916165,271.8210633344119,24.08762948412067
2026-09-03 17:06:13.806409,25.704458332898376,-75.23198232059539,271.7548907376838,24.1436054069967
2026-09-03 17:06:13.906973,25.737697535203093,-76.31687632219207,271.7548907376838,24.093517712103623
2026-09-03 17:06:14.006830,25.770634581930445,-77.39190827083014,271.76606531708774,24.061233225186903
2026-09-03 17:06:14.106944,25.8038220742297,-78.468256342571,273.22249941303005,23.981626482082262
2026-09-03 17:06:14.187319,25.852260188554524,-79.32857380956975,273.1325551107183,24.013230852985874
2026-09-03 17:06:14.309489,25.923927523758834,-80.63809381754214,273.14622664466964,23.94597675170299
2026-09-03 17:06:14.407580,25.981558661909652,-81.68655656236288,273.04743406112675,23.963119198407984
2026-09-03 17:06:14.507493,26.03845949593375,-82.7553582871431,272.9915298304775,23.898514014168317
2026-09-03 17:06:14.607096,26.09399402169741,-83.81802595669602,272.8577759665671,23.8802369951236
2026-09-03 17:06:14.692651,26.13953012605308,-84.73022576158237,272.8003313523143,23.8787418304012
2026-09-03 17:06:14.794114,26.19244519856872,-85.81202483002141,272.7094969511153,23.870762547576955
2026-09-03 17:06:15.010102,26.30932805863234,-88.30742125755444,272.68532663533,24.0764191856665
2026-09-03 17:06:15.115034,26.362240976606554,-89.43557703784836,272.8849491597631,24.108510658185736
2026-09-03 17:06:15.215097,26.41651878332439,-90.51263609574791,273.0193207437963,24.103264535774986
2026-09-03 17:06:15.315719,26.47362728841471,-91.59534548601957,272.9630198070173,24.151622642012683
2026-09-03 17:06:15.416094,26.5296464472993,-92.67761957968519,272.8057641543596,24.101629081942555
2026-09-03 17:06:15.511853,26.580150627405608,-93.70812777102526,272.7736161862909,24.10079233669884
2026-09-03 17:06:15.612388,26.632564842120445,-94.79002479067425,272.96487386263254,24.090250599661886
2026-09-03 17:06:15.712546,26.688355707394134,-95.86721308190057,273.25628870207834,24.012359237171953
2026-09-03 17:06:15.812879,26.744127375903993,-96.82464993447476,273.2562887026213,23.743605708954405
2026-09-03 17:06:15.912610,26.80425716500422,-97.88151968923302,273.4236958916824,23.829008074374727
2026-09-03 17:06:16.008277,26.86511669185696,-98.89879543339825,273.43440158570326,23.859937904129893
2026-09-03 17:06:16.112974,26.932015483537782,-100.0135243162623,273.39925297499417,23.84164098858542
2026-09-03 17:06:16.212791,26.995095687900047,-101.07551882524496,273.3545725623094,23.791925350373518
2026-09-03 17:06:16.312551,27.057182423047816,-102.13474237305826,273.25409904145386,23.75444198758719
2026-09-03 17:06:16.412942,27.10922411625748,-103.03330932954539,273.2428647047909,23.29934959337038
2026-09-03 17:06:16.511620,27.16736542764036,-104.05946804413381,273.2428647047909,23.26744628564065
2026-09-03 17:06:16.613042,27.227041684842593,-105.11271761703775,273.3450121128924,23.279853487736656
2026-09-03 17:06:16.712360,27.287350794767757,-106.14456162822921,273.3894691615618,23.290267614548572
2026-09-03 17:06:16.812237,27.34883195687112,-107.18263005159805,273.4788837017247,23.30161308454287
2026-09-03 17:06:16.912216,27.412028242723917,-108.22216744621807,273.5012601655526,23.29899222532166
2026-09-03 17:06:17.006901,27.462237546816166,-109.02366253057075,273.4694727583032,22.79608360264594
2026-09-03 17:06:17.119311,27.531562084468433,-110.16710642759283,273.4694727583032,22.790190149319614
2026-09-03 17:06:17.211978,27.579517696904816,-110.94541850696802,273.4798427350596,22.309622744808134
2026-09-03 17:06:17.320025,27.6449242523857,-112.02101614200447,273.5402981753824,22.283187435607616
2026-09-03 17:06:17.411161,27.700984431325455,-112.92713270231603,273.45870898535577,22.287965531527444
2026-09-03 17:06:17.518847,27.765714139752966,-113.99811991037109,273.398455535037,22.264441437626452
2026-09-03 17:06:17.618609,27.815112257596162,-114.82552241281152,273.3984555351523,21.73112920926974
2026-09-03 17:06:17.719971,27.873484734917582,-115.80849054534744,273.3530835445039,21.705443780532935
2026-09-03 17:06:17.818758,27.92954932672664,-116.76539973643939,273.3530835445039,21.683863680388097
2026-09-03 17:06:17.918281,27.985975464535677,-117.72847978652128,273.3976323559451,21.681254774795196
2026-09-03 17:06:18.007480,28.028309815285354,-118.4387438405772,273.4874693406382,21.121561196845967
2026-09-03 17:06:18.107910,28.085993823061802,-119.38526615870354,273.4874693406382,21.139112408706204
2026-09-03 17:06:18.221092,28.142978268562022,-120.31592645383068,273.43680644289105,20.65221353230504
2026-09-03 17:06:18.319774,28.197594648376583,-121.2253562152621,273.3484617223612,20.584955184338416
2026-09-03 17:06:18.420750,28.24552836190915,-122.04560501319519,273.21286409819436,20.019839664568696
2026-09-03 17:06:18.520392,28.29550781674694,-122.93596627632175,273.2574661768057,19.896203811233423
2026-09-03 17:06:18.608738,28.340158364459775,-123.72048123393209,273.33655762894415,19.912415185635044
2026-09-03 17:06:18.707167,28.391152930938738,-124.59517612998624,273.2594541836866,19.89435359404089
2026-09-03 17:06:18.822159,28.441718392502437,-125.48569651187113,273.34953210156084,19.296775854235918
2026-09-03 17:06:18.921604,28.491840370023805,-126.34208641872061,273.36066057576727,19.29938271512924
2026-09-03 17:06:19.022283,28.535669541845603,-127.08749750903252,273.4057268397265,18.817235401385613
2026-09-03 17:06:19.122109,28.585555380298278,-127.92575643009243,273.39455572940295,18.880912047351302
2026-09-03 17:06:19.206334,28.620695138362674,-128.5167021473895,273.31915358832373,18.337065301686483
2026-09-03 17:06:19.314335,28.671953624296208,-129.4005446039601,273.29498170753,18.359714491356314
2026-09-03 17:06:19.422098,28.715539527317404,-130.15919823915405,273.34321893478193,17.829371629404758
2026-09-03 17:06:19.522766,28.762331308362565,-130.96020118208446,273.23056558454715,17.868955440417196
2026-09-03 17:06:19.621482,28.79976213343049,-131.62664865857778,273.17533111022965,17.26427814358858
2026-09-03 17:06:19.721582,28.842555153353285,-132.39801663319193,273.2313399728201,17.305387964577754
2026-09-03 17:06:19.812962,28.875147682943457,-132.97728676543878,273.22111401904897,16.677329086887077
2026-09-03 17:06:19.913667,28.917334677587416,-133.72689999663012,273.24365297012656,16.69932817568506
2026-09-03 17:06:20.013510,28.95950847907174,-134.47106061686614,273.3106910464616,16.717649234413027
2026-09-03 17:06:20.121936,29.006304545966746,-135.28002539241038,273.37135854831206,16.739440122113233
2026-09-03 17:06:20.221845,29.04065157421721,-135.85913683171324,273.3937193453264,15.931281473881299
2026-09-03 17:06:20.320847,29.082390414726586,-136.56298467230255,273.41587714518323,15.910519489495112
2026-09-03 17:06:20.421761,29.117389739953303,-137.1459230731129,273.4610486006041,15.289261077529389
2026-09-03 17:06:20.515410,29.156031503390334,-137.78483821322524,273.53440767714574,15.26798506964978
2026-09-03 17:06:20.613955,29.190548539185446,-138.33862297614476,273.60057423096004,14.679343298790632
2026-09-03 17:06:20.849666,29.28059825849019,-139.76497288338064,273.4423096354352,14.02463702334501
2026-09-03 17:06:20.945358,29.310813454487803,-140.26760337943554,273.39947566877004,13.499316001289149
2026-09-03 17:06:21.045618,29.346690801075265,-140.87158118237417,273.36581663642244,13.46514907131644
2026-09-03 17:06:21.146370,29.37624777529474,-141.37599650744795,273.2981682257487,12.88916143385514
2026-09-03 17:06:21.236915,29.40626329163377,-141.89685000331454,273.26777068850646,12.888370248712311
2026-09-03 17:06:21.343057,29.441123110322295,-142.50740520294178,273.24401487354913,12.865183442861605
2026-09-03 17:06:21.447043,29.474965839983156,-143.1044965300894,273.24401487354913,12.855188479463475
2026-09-03 17:06:21.547833,29.499330403148114,-143.538079784459,273.2665728486161,12.169140464898508
2026-09-03 17:06:21.769323,29.560733660118647,-144.61549059167552,273.26657284861614,11.582577732769668
2026-09-03 17:06:21.866325,29.589353467957448,-145.11693881198295,273.30999320177494,11.596139438657284
2026-09-03 17:06:21.966291,29.61213974618824,-145.51062035797312,273.3771138646047,10.962201379157108
2026-09-03 17:06:22.066134,29.64096235971908,-145.9990555495205,273.39945989004974,10.963946241893103
2026-09-03 17:06:22.170367,29.664520335115284,-146.3933464242379,273.37613133151075,10.336076966068575
2026-09-03 17:06:22.269739,29.69156063482107,-146.85171174698849,273.3316501111844,10.307422546162078
2026-09-03 17:06:22.377039,29.713783800590956,-147.23369267210467,273.27161263909693,9.720843110321916
2026-09-03 17:06:22.469478,29.73670877061516,-147.63474142726673,273.20954586688123,9.697418796012794
2026-09-03 17:06:22.564355,29.7537194343935,-147.94119431826664,273.20954586688123,9.103123468748
2026-09-03 17:06:22.663912,29.776402535002564,-148.34570209146557,273.20954586688123,9.089204552096247
2026-09-03 17:06:22.778084,29.79631475394249,-148.70279295702892,273.1712163332568,8.501410212118634
2026-09-03 17:06:22.876036,29.816908347713152,-149.0744865813686,273.1821777320749,8.487715688138676
2026-09-03 17:06:22.976425,29.831797843094467,-149.34422225480577,273.20464595867463,7.863189285836144
2026-09-03 17:06:23.076088,29.85138223242159,-149.6940058235037,273.2381045676997,7.857964134703136
2026-09-03 17:06:23.165007,29.863332271483344,-149.90504725514182,273.2480551212515,7.199782796541772
2026-09-03 17:06:23.265279,29.881618055121773,-150.22726335941783,273.22561308061347,7.182259196863891
2026-09-03 17:06:23.385989,29.897564669239987,-150.5104622790962,273.26613753497884,6.583864441069515
2026-09-03 17:06:23.475308,29.91254245855107,-150.77292347471868,273.24614690321977,6.601034832002094
2026-09-03 17:06:23.696683,29.942404531888425,-151.2992583884771,273.29569320474207,5.995807951356616
2026-09-03 17:06:23.776222,29.94878670853725,-151.40865917170083,273.3134949586745,5.4525613109403706
2026-09-03 17:06:23.882581,29.963771225973485,-151.66747720917886,273.301592767633,5.466501836746227
2026-09-03 17:06:23.975547,29.968536685813486,-151.74870788318253,273.2807858948275,4.650284341974634
2026-09-03 17:06:24.086758,29.981767651548438,-151.9795214192601,273.24345042059645,4.645425515373547
2026-09-03 17:06:24.192103,29.986277332226667,-152.0600785388046,273.24345042059645,3.877529631035411
2026-09-03 17:06:24.291881,29.99606296595798,-152.23275775530624,273.26578189828496,3.8906075819738057
2026-09-03 17:06:24.387454,30.005532495256965,-152.39871383670007,273.26578189828496,3.8931129418828743
2026-09-03 17:06:24.486400,30.01534254003872,-152.57063754471926,273.26578189828496,3.8939775352358184
2026-09-03 17:06:24.587974,30.015401151758933,-152.57155388033516,273.2885153416766,3.041623349124172
2026-09-03 17:06:24.687906,30.02319577568411,-152.70721039979315,273.2885153416766,3.04773581249434
2026-09-03 17:06:24.788545,30.02247846862932,-152.69396558327804,273.31103952118605,2.3491836879749752
2026-09-03 17:06:24.888548,30.02854410502139,-152.79881133047238,273.32223043883965,2.4059826024317355
2026-09-03 17:06:24.988225,30.019620112377797,-152.6422557878809,273.32223043883965,1.1072237544763168
2026-09-03 17:06:25.081087,30.019200424772716,-152.6345491906678,273.32223043883965,0.81248388251649
2026-09-03 17:06:25.179372,30.01920739303689,-152.63441286632684,273.32223043883965,0.5954521633288199
2026-09-03 17:06:25.279282,30.019342106936715,-152.63659612191046,273.32223043883965,0.4355805023224441
2026-09-03 17:06:25.387614,30.01957889450971,-152.64060220235586,273.32223043883965,0.31636710328555967
2026-09-03 17:06:25.487923,30.019716225388194,-152.64292937963506,273.32223043883965,0.23025303191204438
2026-09-03 17:06:25.588539,30.019834354395577,-152.64494390556317,273.32223043883965,0.16772356293191415
2026-09-03 17:06:25.688106,30.019925203770228,-152.64649808186877,273.32223043883965,0.12232457239832652
2026-09-03 17:06:25.787766,30.01999673958125,-152.6477246320317,273.32223043883965,0.08926601995399529
2026-09-03 17:06:25.887391,30.020051543579186,-152.64866564968474,273.32223043883965,0.06516349342970845
2026-09-03 17:06:25.988074,30.02009451868859,-152.64940433369028,273.32223043883965,0.04754062027736173
2026-09-03 17:06:26.088017,30.02012570965719,-152.64994078176508,273.32223043883965,0.03469146173391739
2026-09-03 17:06:26.185058,30.020146638201787,-152.65030084817036,273.32223043883965,0.025371895801652323
2026-09-03 17:06:26.280298,30.020161364267636,-152.65055428173582,273.32223043883965,0.01860271292496471
2026-09-03 17:06:26.383556,30.0201758160665,-152.6508031068058,273.32223043883965,0.013578062939788612
2026-09-03 17:06:26.487706,30.020186496578557,-152.65098702725587,273.32223043883965,0.009880322027833767
2026-09-03 17:06:26.588665,30.02019346091809,-152.65110696319425,273.32223043883965,0.007194631067877475
2026-09-03 17:06:26.688361,30.020198337584493,-152.65119095277768,273.32223043883965,0.0052457422878412945
2026-09-03 17:06:26.789539,30.020202089807903,-152.651255581126,273.32223043883965,0.003823262942358796
2026-09-03 17:06:26.880577,30.020203962721386,-152.65128783983252,273.32223043883965,0.0028066694210520807
2026-09-03 17:06:26.980514,30.02020597479998,-152.65132249854508,273.32223043883965,0.0020549127911034097
2026-09-03 17:06:27.081092,30.0202074698068,-152.65134825116266,273.32223043883965,0.0015016632375115559
2026-09-03 17:06:27.182820,85.21249826871792,56.94429268112293,334.67291046302233,-0.6317858164987492
2026-09-03 17:06:27.285645,85.19161027493688,56.95048440839793,334.6746097759484,-0.46003769787252397
2026-09-03 17:06:27.386844,85.17936621621202,56.95431928063821,334.6755109575239,-0.33504937715385885
2026-09-03 17:06:27.485723,85.17212309213717,56.95670540969002,334.6759898371115,-0.24445979484487307
2026-09-03 17:06:27.586075,85.16743572753492,56.95836907138434,334.6762447392108,-0.1783429317190837
2026-09-03 17:06:27.680725,85.16475878093476,56.959339474200284,334.67638096328824,-0.1306435298424614
2026-09-03 17:06:27.781941,85.16267762084823,56.960165661069944,334.67645387303355,-0.09545256595346477
2026-09-03 17:06:27.885878,85.16119055219802,56.96078494545899,334.67649266294785,-0.06950581575600469
2026-09-03 17:06:27.986785,85.16025539751186,56.96118268928967,334.6765132391595,-0.05063306360773321
2026-09-03 17:06:28.085999,85.15963676014087,56.96145163381935,334.6765241742621,-0.03693844343199858
2026-09-03 17:06:28.185454,85.15919691598366,56.96164709605101,334.6765299975882,-0.02696388422890798
2026-09-03 17:06:28.278181,85.15894635783307,56.96175887216051,334.67653311687957,-0.01978624657538853
2026-09-03 17:06:28.380187,85.15869694855623,56.96187325184794,334.67653478984573,-0.014461511006457279
2026-09-03 17:06:28.479143,85.15853490293448,56.96194798670253,334.67653568362323,-0.010570747038385375
2026-09-03 17:06:28.580423,85.15840924613667,56.962006409875634,334.6765361603819,-0.0077140567239750765
2026-09-03 17:06:28.679827,85.15832407708024,56.962046158999556,334.676536414401,-0.005632141792132252
2026-09-03 17:06:28.780030,85.158260685173,56.962075861405815,334.6765365497667,-0.004110785733620253
2026-09-03 17:06:28.881024,85.15821362473778,56.962097973542406,334.67653662182533,-0.0029981348836207815
2026-09-03 17:06:28.980973,85.15818067650737,56.96211348116718,334.6765366601693,-0.002187437314491341
2026-09-03 17:06:29.081183,85.15815649317801,56.96212488027486,334.6765366805804,-0.0015959582265558708
2026-09-03 17:06:29.181481,83.36485137195955,89.21476344577019,328.1617302680074,-0.16203599318649323
2026-09-03 17:06:29.293304,83.36095107343773,89.2173141016814,328.16110744869064,-0.11723701971775707
2026-09-03 17:06:29.391738,83.35901845170596,89.21858201130622,328.16077969978346,-0.08526890266629338
2026-09-03 17:06:29.492157,83.35771013669826,89.21943038719003,328.1606060934743,-0.062099631265391225
2026-09-03 17:06:29.592058,83.35685278111289,89.21998188210043,328.1605139149595,-0.04527462653397216
2026-09-03 17:06:29.680242,83.35644272908912,89.22024676340507,328.16046446819644,-0.03331172948684034
2026-09-03 17:06:29.779858,83.35602342386797,89.22051267392405,328.1604377925496,-0.024424853641550663
2026-09-03 17:06:29.881033,83.35571869457964,89.22070486995091,328.16042349445394,-0.01785502322781279
2026-09-03 17:06:29.980739,83.35551396412082,89.22083358763079,328.16041585781267,-0.013045362816774535
2026-09-03 17:06:30.210909,83.35480814540104,89.2212726608652,328.1604121369879,-0.008699559257396305
2026-09-03 17:06:30.297326,83.35479375884213,89.22128195723623,328.1604103890319,-0.006128404618531296
2026-09-03 17:06:30.398223,83.35474540122101,89.2213121694173,328.16040950726006,-0.004388569468662177
2026-09-03 17:06:30.498925,83.35470841905288,89.22133522932799,328.16040905121497,-0.003169560100749745
2026-09-03 17:06:30.590930,83.35468912368084,89.22134726131345,328.1604088107594,-0.0023139289188874768
2026-09-03 17:06:30.690727,83.35466745115502,89.22136074617673,328.16040868260177,-0.0016893078973394694
2026-09-03 17:06:30.798870,83.35464663993942,89.22137368367923,328.1604086147082,-0.0012258393732809258
2026-09-03 17:06:30.907100,83.35463174370457,89.22138294138504,328.1604085790745,-0.0008866291647215094
2026-09-03 17:06:30.997676,83.3546261909671,89.22138639345295,328.16040856022465,-0.0006484560138459027
2026-09-03 17:06:31.106629,83.354617835654,89.22139158403921,328.160408550217,-0.0004707208914281431
2026-09-03 17:06:31.190822,83.35461569610167,89.22139291377509,328.1604085448687,-0.0003465559026031898
2026-09-03 17:06:31.308831,83.35461000878102,89.22139644609757,328.160408542019,-0.00025080301302137236
2026-09-03 17:06:31.396115,83.35460860434225,89.22139731854439,328.1604085405066,-0.00018392946949849268
2026-09-03 17:06:31.507783,83.35460598935586,89.22139894257428,328.1604085397019,-0.00013344606124021227
2026-09-03 17:06:31.595421,83.35460520479137,89.22139942986466,328.16040853927325,-9.797013782655589e-05
2026-09-03 17:06:31.696841,83.35460412857168,89.2214000982269,328.1604085390431,-7.16541137585156e-05
2026-09-03 17:06:31.796675,83.35460338671227,89.22140055893473,328.1604085389201,-5.236163989176317e-05
2026-09-03 17:06:31.896629,83.35460284392998,89.22140089600711,328.1604085388544,-3.824254923395026e-05
2026-09-03 17:06:31.996238,83.35460245283093,89.22140113888037,328.1604085388194,-2.7929463699300934e-05
2026-09-03 17:06:32.097059,83.35460215636756,89.22140132298304,328.16040853880077,-2.0379081592985883e-05
2026-09-03 17:06:32.191963,83.35460198040512,89.22140143225485,328.16040853879076,-1.4927088878889342e-05
2026-09-03 17:06:32.292447,83.35460182122601,89.22140153110354,328.1604085387854,-1.0911512006017115e-05
2026-09-03 17:06:32.396392,83.35460169341948,89.22140161046985,328.1604085387826,-7.947449362896853e-06
2026-09-03 17:06:32.495932,83.35460161341688,89.22140166015046,328.1604085387811,-5.7960426390012395e-06
2026-09-03 17:06:32.595953,83.35460155401371,89.221401697039,328.1604085387803,-4.228450222087e-06
2026-09-03 17:06:32.703854,83.35460149982796,89.22140173068755,328.16040853877985,-3.067739883942053e-06
2026-09-03 17:06:32.789259,83.35460148394394,89.2214017405513,328.1604085387796,-2.2558483737159763e-06
2026-09-03 17:06:32.890914,83.35460145872652,89.22140175621092,328.1604085387795,-1.6510521137250926e-06
2026-09-03 17:06:33.003490,83.35460143464351,89.22140177116607,328.16040853877945,-1.1958275211286902e-06
2026-09-03 17:06:33.102254,83.3546014232937,89.22140177821413,328.1604085387794,-8.700205775028245e-07
2026-09-03 17:06:33.202164,83.35460141459751,89.22140178361433,328.1604085387794,-6.339579972905179e-07
2026-09-03 17:06:33.303459,83.3546014079384,89.22140178774953,328.1604085387794,-4.6185815646099034e-07
2026-09-03 17:06:33.401330,83.35460140360718,89.22140179043915,328.1604085387794,-3.3728526963370454e-07
2026-09-03 17:06:33.503234,83.35460139995475,89.22140179270724,328.1604085387794,-2.45901938747973e-07
2026-09-03 17:06:33.611208,83.35460139682296,89.22140179465202,328.1604085387794,-1.783304325282641e-07
2026-09-03 17:06:33.701713,83.35460139561967,89.22140179539925,328.1604085387794,-1.3061673322359192e-07
2026-09-03 17:06:33.802642,83.35460139422855,89.22140179626311,328.1604085387794,-9.544610341328472e-08
2026-09-03 17:06:33.890885,83.35460139361054,89.22140179664689,328.1604085387794,-7.030974508815662e-08
2026-09-03 17:06:33.991152,83.35460139284437,89.22140179712265,328.1604085387794,-5.1560963511793644e-08
2026-09-03 17:06:34.114526,83.35460139190023,89.22140179770895,328.1604085387794,-3.7093316747010296e-08
2026-09-03 17:06:34.210344,83.35460139159483,89.22140179789861,328.1604085387794,-2.694930224460492e-08
2026-09-03 17:06:34.310838,83.35460139132327,89.22140179806723,328.1604085387794,-1.9614230527066864e-08
2026-09-03 17:06:34.409661,83.35460139113513,89.22140179818406,328.1604085387794,-1.430647845597437e-08
2026-09-03 17:06:34.489834,83.35460139108271,89.22140179821662,328.1604085387794,-1.0591270451884969e-08
2026-09-03 17:06:34.595544,83.35460139094614,89.22140179830143,328.1604085387794,-7.756915842454396e-09
2026-09-03 17:06:34.696315,83.35460139086182,89.2214017983538,328.1604085387794,-5.668671670940699e-09
2026-09-03 17:06:34.811295,83.35460139077465,89.22140179840794,328.1604085387794,-4.095296965277614e-09
2026-09-03 17:06:34.909496,83.35460139073695,89.22140179843136,328.1604085387794,-2.9767586192207425e-09
2026-09-03 17:06:35.009990,83.35460139070679,89.22140179845007,328.1604085387794,-2.1670879157851914e-09
2026-09-03 17:06:35.109834,83.3546013906852,89.22140179846349,328.1604085387794,-1.5796927133641316e-09
2026-09-03 17:06:35.193188,83.3546013906778,89.22140179846808,328.1604085387794,-1.1663355039140412e-09
2026-09-03 17:06:35.633062,83.35460139053141,89.22140179855899,328.1604085387794,-6.854574024492432e-10
2026-09-03 17:06:35.733251,83.35460139053127,89.22140179855909,328.1604085387794,-4.5319879350873207e-10
2026-09-03 17:06:35.833595,83.35460139053,89.2214017985599,328.1604085387794,-3.14900394950268e-10
2026-09-03 17:06:35.933807,83.35460139052852,89.22140179856082,328.1604085387794,-2.2406897889447124e-10
2026-09-03 17:06:36.034034,83.35460139052714,89.22140179856167,328.1604085387794,-1.6135487244577093e-10
2026-09-03 17:06:36.132978,83.35460139052604,89.22140179856235,328.1604085387794,-1.1702290844381536e-10
2026-09-03 17:06:36.233808,83.35460139052508,89.22140179856295,328.1604085387794,-8.507179507319448e-11
2026-09-03 17:06:36.334277,83.35460139052434,89.22140179856342,328.1604085387794,-6.193787583742023e-11
2026-09-03 17:06:36.434203,83.35460139052378,89.22140179856378,328.1604085387794,-4.514882918427351e-11
2026-09-03 17:06:36.534335,83.35460139052336,89.22140179856403,328.1604085387794,-3.29266367672812e-11
2026-09-03 17:06:36.634373,83.35460139052304,89.22140179856423,328.1604085387794,-2.4020944654360223e-11
2026-09-03 17:06:36.733629,83.35460139052282,89.22140179856437,328.1604085387794,-1.7537034061385796e-11
2026-09-03 17:06:36.833747,83.35460139052265,89.22140179856447,328.1604085387794,-1.28003308144425e-11
2026-09-03 17:06:36.933826,83.35460139052252,89.22140179856454,328.1604085387794,-9.34210585987466e-12
2026-09-03 17:06:37.033556,83.35460139052242,89.2214017985646,328.1604085387794,-6.819568870044835e-12
2026-09-03 17:06:37.134379,83.35460139052235,89.22140179856464,328.1604085387794,-4.974733566509125e-12
2026-09-03 17:06:37.234138,81.98863447227868,107.29584312498221,324.6548344486012,-0.10149678287188461
2026-09-03 17:06:37.335151,81.9866512063736,107.29731743524505,324.6546338962226,-0.07402655867068475
2026-09-03 17:06:37.435313,81.98541521253786,107.29823008703154,324.6545271912081,-0.05400193087616291
2026-09-03 17:06:37.535654,81.98461028772616,107.2988201538906,324.6544704083075,-0.039393113260916886
2026-09-03 17:06:39.514713,81.56813425445391,113.869123242897,322.66407014487197,-0.09117413838942436
2026-09-03 17:06:39.613283,81.56657261134524,113.87037074350867,322.6639139283121,-0.0666098647293733
2026-09-03 17:06:39.713792,81.56553170128304,113.87119477428833,322.66383061864155,-0.04862280564204681
2026-09-03 17:06:39.812650,81.56487409790677,113.87171240917712,322.6637861936789,-0.03551977500988301
2026-09-03 17:06:39.912661,81.56442048230204,113.87206697136186,322.6637624964777,-0.025936418187498457
2026-09-03 17:06:40.012665,81.56411141802154,113.87230728069301,322.66374986432595,-0.01893435367899942
2026-09-03 17:06:40.113672,81.56389183891757,113.87247720125842,322.66374313785093,-0.013810843302960289
2026-09-03 17:06:40.211601,81.56375144700458,113.87258558506994,322.6637395527173,-0.010091792220211096
2026-09-03 17:06:40.312690,81.56364156689311,113.87267009092308,322.6637376410409,-0.007364262026220961
2026-09-03 17:06:40.412871,81.56356562412962,113.87272838705518,322.66373662312674,-0.005373596409073822
2026-09-03 17:06:40.520223,81.5634994817136,113.87277903478638,322.6637360839851,-0.003900506428472586
2026-09-03 17:06:40.611211,81.5634725234774,113.87279970187124,322.6637357973119,-0.0028572567392111388
2026-09-03 17:06:40.829286,81.56333983669234,113.8729009659027,322.66373565595046,-0.00192337895688205
2026-09-03 17:06:40.928057,81.56332971664325,113.87290870952614,322.6637355892015,-0.0013491571652563385
2026-09-03 17:06:41.027903,81.56332085299655,113.87291548276679,322.6637355557194,-0.0009647901367436633
2026-09-03 17:06:41.134678,81.56331178175142,113.87292240848953,322.6637355385148,-0.0006932611201264242
2026-09-03 17:06:41.236046,81.56330620042708,113.87292666913058,322.6637355295745,-0.0005013435774907082
2026-09-03 17:06:41.334050,81.56330245575579,113.87292952724988,322.663735524872,-0.0003646567442872819
2026-09-03 17:06:41.435116,81.5632992203505,113.87293199610446,322.663735522382,-0.0002654545214400261
2026-09-03 17:06:41.535838,81.5632968310288,113.87293381914733,322.6637355210616,-0.0001933721868935019
2026-09-03 17:06:41.619370,81.56329606457469,113.87293440405205,322.6637355203518,-0.00014270219546735628
2026-09-03 17:06:41.725487,81.5632943963865,113.87293567667845,322.66373551996895,-0.00010430299532258422
2026-09-03 17:06:41.825535,81.56329339911969,113.87293643746392,322.66373551976454,-7.618171448268929e-05
2026-09-03 17:06:41.925624,81.56329266847627,113.87293699483556,322.6637355196556,-5.561925236942847e-05
2026-09-03 17:06:42.026213,81.56329212608786,113.87293740858853,322.6637355195975,-4.058311332613205e-05
2026-09-03 17:06:42.134300,81.56329163825893,113.87293778071385,322.6637355195668,-2.9441600648061594e-05
2026-09-03 17:06:42.235426,81.56329135615876,113.87293799590476,322.6637355195505,-2.1401774173148067e-05
2026-09-03 17:06:42.335107,81.56329115972338,113.8729381457481,322.66373551954194,-1.5590346479201295e-05
2026-09-03 17:06:42.434241,81.56329101780592,113.87293825400388,322.6637355195374,-1.137422306717649e-05
2026-09-03 17:06:42.534112,81.56329091064566,113.87293833574624,322.66373551953495,-8.300518803636993e-06
2026-09-03 17:06:42.625961,81.56329085233496,113.87293838022592,322.66373551953365,-6.093988018188749e-06
2026-09-03 17:06:42.734321,81.56329077664931,113.87293843795892,322.66373551953296,-4.434602165359168e-06
2026-09-03 17:06:42.834848,81.56329073392082,113.8729384705522,322.6637355195326,-3.2302729482232113e-06
2026-09-03 17:06:42.934742,81.56329070340249,113.87293849383154,322.6637355195324,-2.355337098218337e-06
2026-09-03 17:06:43.034359,81.5632906812728,113.87293851071203,322.66373551953234,-1.7186319415800815e-06
2026-09-03 17:06:43.134931,81.5632906645614,113.87293852345945,322.6637355195322,-1.253655567976764e-06
2026-09-03 17:06:43.234126,81.56329065290885,113.872938532348,322.6637355195322,-9.152472180891027e-07
2026-09-03 17:06:43.335852,81.5632906436523,113.87293853940886,322.6637355195322,-6.672535776881953e-07
2026-09-03 17:06:43.435776,81.56329063731397,113.87293854424371,322.6637355195322,-4.867330176148854e-07
2026-09-03 17:06:43.535784,81.59355916112267,113.84984982149439,322.641352554532,0.350581062822645
2026-09-03 17:06:43.635285,81.60595423103636,113.84038724251513,322.641352554532,0.3766643516502667
2026-09-03 17:06:43.728958,81.6184914736678,113.83081612678865,322.63087000071494,0.3676606568606506
2026-09-03 17:06:43.832414,81.63200520417632,113.82049563195555,322.6424473291628,0.3649486512235711
2026-09-03 17:06:43.932222,81.7212875201574,113.7523471376331,322.65361641697893,1.0020674371433058
2026-09-03 17:06:44.033075,81.75720367234207,113.72494038399388,322.68747452977914,1.093718142337472
2026-09-03 17:06:44.132148,81.86409234716953,113.64341736727768,322.6653008347813,1.6762498128898315
2026-09-03 17:06:44.232679,81.92399007465107,113.5977301738203,322.65405083085506,1.6701007109498485
2026-09-03 17:06:44.332459,82.06030906366517,113.49371705754199,322.6428848649837,2.1613068846937153
2026-09-03 17:06:44.432131,82.13685666003988,113.43528273496408,322.63173098815633,2.1029540946749252
2026-09-03 17:06:44.533112,82.29909119365381,113.31143075594875,322.63173098584787,2.6383800647662814
2026-09-03 17:06:44.632256,82.39202659734444,113.24045779451826,322.63173098584787,2.6201872716157806
2026-09-03 17:06:44.732321,82.48517854259849,113.16931946450467,322.6429288416623,2.6210616428269695
2026-09-03 17:06:44.831644,82.57768440720281,113.09870315273986,322.6429288416623,2.5915534647276943
2026-09-03 17:06:44.931907,82.79697302240182,112.9313055012468,322.6204888139141,3.281102594632092
2026-09-03 17:06:45.031913,82.91353533995625,112.84225290990223,322.60929756054304,3.1666275022186623
2026-09-03 17:06:45.139382,83.03440788666245,112.7498699459001,322.5852447475411,2.9506419535261514
2026-09-03 17:06:45.225314,83.12443628265979,112.68100129504309,322.5371632931942,2.7569157908785136
2026-09-03 17:06:45.339513,83.33340115466393,112.52106593009913,322.5116042273698,3.073930985241912
2026-09-03 17:06:45.430899,83.43304587646762,112.44463790463791,322.5320574777861,2.9805025273578303
2026-09-03 17:06:45.540310,83.54875027440612,112.35595760783818,322.5443012053883,2.9432170897431873
2026-09-03 17:06:45.630903,83.64337125345033,112.28346854579718,322.5341633214949,2.927384998375524
2026-09-03 17:06:45.727332,83.76032943812214,112.19385127266078,322.5557452539622,2.9995470333071097
2026-09-03 17:06:45.827928,83.86742545741207,112.11183903182011,322.58951708737567,3.022401322073216
2026-09-03 17:06:45.927551,83.9743419237304,112.03006422031923,322.63411066114463,3.03110641208194
2026-09-03 17:06:46.038606,84.09394172839355,111.93873603824996,322.63411066114463,3.036928825204927
2026-09-03 17:06:46.139670,84.15172328968836,111.89467513493273,322.6228010114828,2.78428002692017
2026-09-03 17:06:46.239187,84.25015519310188,111.81948031206517,322.6228010114828,2.7947150201534376
2026-09-03 17:06:46.338599,84.27570626369828,111.80000872540823,322.64505057418006,2.4506751899034214
2026-09-03 17:06:46.440388,84.36434857698653,111.73234693263632,322.656441355627,2.4622378524308237
2026-09-03 17:06:46.540465,84.45192448568048,111.66552669065749,322.656441355627,2.466610232768713
2026-09-03 17:06:46.639942,84.5391299259452,111.59898911534412,322.6787054660123,2.49181799696487
2026-09-03 17:06:46.740430,84.62814828870421,111.53112299620025,322.7011958499643,2.5234284233249276
2026-09-03 17:06:46.841038,84.71843056524563,111.46234930999375,322.7124544706386,2.560351293761577
2026-09-03 17:06:46.940964,84.65692307795649,111.50944116345943,322.73481907250164,1.8962523548744148
2026-09-03 17:06:47.025936,84.71424820071391,111.46582615100948,322.74432793378446,1.9259518784069845
2026-09-03 17:06:47.133882,84.78822232523123,111.4095633610704,322.74432793378446,1.974056896274513
2026-09-03 17:06:47.226188,86.88576977325465,123.64609543788141,87.16074906410755,1.599148580111568
2026-09-03 17:06:47.342173,86.88987692183832,123.72890940263699,87.1737284605662,1.6305664814039578
2026-09-03 17:06:47.441785,86.8934571579654,123.80143110199224,87.18487562304443,1.648845151936796
2026-09-03 17:06:47.542276,86.89709508202286,123.87541360224617,87.20736667843133,1.6585041816796602
2026-09-03 17:06:47.640877,86.9006568333039,123.94843131159077,87.22943472982105,1.6774589137785774
2026-09-03 17:06:47.732578,86.90398074011763,124.01711670730326,87.24995848090359,1.69668978517711
2026-09-03 17:06:47.831751,86.9075897837771,124.09225162894779,87.2832525883742,1.766882512967129
2026-09-03 17:06:47.941391,86.91169453616472,124.17875533012538,87.30779129644378,1.832029088217666
2026-09-03 17:06:48.040907,86.91552276535197,124.26016801039952,87.30779129644378,1.8581163091598634
2026-09-03 17:06:48.141395,86.9194434304951,124.3435464713399,87.33028168039577,1.8686531179465493
2026-09-03 17:06:48.241188,86.92332637156325,124.42681934032974,87.34144909782731,1.870397106879307
2026-09-03 17:06:48.341593,86.9272204262274,124.51068185104715,87.3526850016203,1.8607463433150846
2026-09-03 17:06:48.440617,86.93102496904035,124.59296488252792,87.36376636347676,1.852958869039852
2026-09-03 17:06:48.542087,86.93489093337955,124.676928271454,87.36376636347676,1.8547321653332485
2026-09-03 17:06:48.641731,86.93869096106602,124.75945960764193,87.36376636347676,1.8634390903287747
2026-09-03 17:06:48.740791,86.94248645174655,124.84189240634731,87.36376636347676,1.861707911351502
2026-09-03 17:06:48.842748,86.94638931195932,124.92665712252614,87.37517594510139,1.8581442970776116
2026-09-03 17:06:48.941380,86.95238505971291,125.02589039906496,87.37516160558175,1.884814035510838
2026-09-03 17:06:49.049039,86.9565393156361,125.11650732739956,87.37516160558175,1.8810511241941774
2026-09-03 17:06:49.142116,86.96012372311839,125.19469413195577,87.37516160558175,1.8574651388097598
2026-09-03 17:06:49.240306,86.96385762009272,125.27614175597995,87.37516160558175,1.8171397309883124
2026-09-03 17:06:49.350246,86.9679475743977,125.36535607088909,87.35055575402055,1.735483692099175
2026-09-03 17:06:49.439161,86.97113631595614,125.43426531205328,87.35055575402055,1.6725513779466383
2026-09-03 17:06:49.551159,86.97500722963599,125.5179164074464,87.32548929810685,1.5825162999894085
2026-09-03 17:06:49.638240,86.97788185970441,125.57945458964949,87.31574442745104,1.5201211389020335
2026-09-03 17:06:49.739933,86.97463856184167,125.57193406748145,87.31577370111488,1.3083197527857597
2026-09-03 17:06:49.839707,86.97737140863507,125.63022498608876,87.33810428355683,1.2873958701354375
2026-09-03 17:06:49.940078,86.98005415063756,125.6879279182827,87.3268721845617,1.2838876899390346
2026-09-03 17:06:50.039468,86.98271460392428,125.74491065176397,87.33799450394802,1.2752029595457812
2026-09-03 17:06:50.138915,86.985347583208,125.80154090185017,87.31573710791194,1.2769409017601243
2026-09-03 17:06:50.239668,86.98804109390142,125.85899200721134,87.31573710791194,1.2804624336700206
2026-09-03 17:06:50.347216,86.9710504119969,125.62613517316896,87.315798812187,0.5868108888614894
2026-09-03 17:06:50.438519,86.96778185098592,125.58324647349826,87.31581159047334,0.40608627914549045
2026-09-03 17:06:50.539099,86.96629305759289,125.56467201209966,87.31581786842774,0.2882993772456645
2026-09-03 17:06:50.635435,86.96555259747828,125.5556280541469,87.31582108325887,0.2079497123304858
2026-09-03 17:06:50.746300,86.96481217405075,125.5453080522633,87.31582368997675,0.11688252276984955
2026-09-03 17:06:50.838006,86.96473683312263,125.54487462170138,87.31582424891238,0.08917765911457841
2026-09-03 17:06:50.946759,86.96473417579605,125.54548329424078,87.3158245657908,0.06626443203295816
2026-09-03 17:06:51.045051,86.96473190020703,125.54579956345687,87.31582473953237,0.04889530077014298
2026-09-03 17:06:51.144998,86.96473941851666,125.54615756029231,87.31582483365464,0.03589790799134571
2026-09-03 17:06:51.245440,86.96474928019424,125.54647411055625,87.31582488423247,0.026274524495318544
2026-09-03 17:06:51.346202,86.96475876178583,125.54673313950575,87.31582491127664,0.019194759340689337
2026-09-03 17:06:51.445860,86.96476641208581,125.5469266216555,87.31582492570719,0.01401986468607082
2026-09-03 17:06:51.546176,86.96477278807697,125.54707877767837,87.31582493340115,0.010234110216488715
2026-09-03 17:06:51.645897,86.96477764838488,125.54719105825835,87.31582493750145,0.007471522916619467
2026-09-03 17:06:51.753392,86.96478241938468,125.54729738755655,87.31582493967467,0.005424232268738545
2026-09-03 17:06:51.844856,86.96478431852641,125.54734032264369,87.31582494083011,0.003972409838027099
2026-09-03 17:06:51.954567,86.96478715676413,125.54740215264245,87.31582494144446,0.002884062827969033
2026-09-03 17:06:52.042290,86.96478803629789,125.54742160100419,87.31582494177202,0.002117987700474503
2026-09-03 17:06:52.155187,86.96478972454484,125.5474579779623,87.31582494194652,0.0015364207926902918
2026-09-03 17:06:52.252350,86.96479046976465,125.54747406737285,87.31582494203879,0.0011200462378215766
2026-09-03 17:06:52.352802,86.96479109464282,125.54748749911118,87.31582494208784,0.0008166846781284228
2026-09-03 17:06:52.563694,86.96479318966922,125.5475322370215,87.31582494211197,0.0005511662196266733
2026-09-03 17:06:52.659136,86.96479332120741,125.54753506682877,87.31582494212344,0.0003879923581094998
2026-09-03 17:06:52.759062,86.96479347172885,125.54753828961591,87.31582494212923,0.0002779358687443144
2026-09-03 17:06:52.855941,86.9647935765481,125.54754053172655,87.31582494213224,0.00020132470512551528
2026-09-03 17:06:52.954934,86.96555572774842,125.56378956149373,87.31582493843177,0.1286152364746265
2026-09-03 17:06:53.055368,86.96565780610602,125.5659681760199,87.31582493903556,0.09783595576764456
2026-09-03 17:06:53.156988,86.96727479103704,125.6004510689494,87.33856867412462,0.4250775613060182
2026-09-03 17:06:53.256672,86.96815437330295,125.61937325552404,87.32741345442739,0.49650300701557437
2026-09-03 17:06:53.356669,86.96918929354877,125.64154411854973,87.34979394686476,0.559414952814608
2026-09-03 17:06:53.441556,86.97017086919764,125.66275002720398,87.37829199472918,0.5772168413480726
2026-09-03 17:06:53.554953,86.97533692834702,125.77445348801292,87.37829199185694,1.0795974858408108
2026-09-03 17:06:53.656975,86.97758915560057,125.82364014118632,87.38970884735984,0.9859929740801183
2026-09-03 17:06:53.756736,86.97959176879857,125.86756699949301,87.3673811744692,0.8988214891458842
2026-09-03 17:06:53.856919,86.98144072400224,125.90777896117154,87.3561701137681,0.8410449374111402
2026-09-03 17:06:53.957152,86.98317905734439,125.94542452402166,87.31130348979987,0.7990046557808611
2026-09-03 17:06:54.046725,86.98467989099964,125.97738361789492,87.3012797498422,0.7543912245862252
2026-09-03 17:06:54.148388,86.99588119271533,126.21822682968732,87.28990306663296,1.6054779640443866
2026-09-03 17:06:54.248377,86.29486563545173,130.6701834408975,113.32148817295683,1.7449771073182443
2026-09-03 17:06:54.459594,86.22963682760947,130.82148681502403,113.32148817295683,1.7136015505308204
2026-09-03 17:06:54.558767,86.19956054652657,130.89125112560328,113.32148817295683,1.7058023585541515
2026-09-03 17:06:54.659008,86.16929873384814,130.96144579137894,113.33270572419545,1.6926637219808025
2026-09-03 17:06:54.758225,86.1395632650254,131.03038243276941,113.36601460323422,1.7013333355780196
2026-09-03 17:06:54.858259,86.10938877653699,131.1002251935459,113.38840337670223,1.7188153422217203
2026-09-03 17:06:54.958385,86.02013501000057,131.36174299132014,113.14351606321887,2.5067542157724114
2026-09-03 17:06:55.058683,85.97595942515395,131.46509362111206,113.15473999308918,2.5479453528910136
2026-09-03 17:06:55.173917,85.92434774321846,131.585775891745,113.16763534827747,2.6093673767870857
2026-09-03 17:06:55.274033,85.87840208608428,131.6931425976928,113.15643178526629,2.6793527248543727
2026-09-03 17:06:55.373070,85.83175391555339,131.80220990932258,113.14534896863418,2.717429819465593
2026-09-03 17:06:55.473306,85.78389169459733,131.9141756676828,113.14534896863418,2.7402023202485206
2026-09-03 17:06:55.563963,85.74024063842809,132.01629010177268,113.11491383103662,2.748123958273082
2026-09-03 17:06:55.673079,85.62679108058998,132.30020313021646,113.00019813686795,3.2951939177153338
2026-09-03 17:06:55.772785,85.56940187604593,132.43540232360425,112.96672509199217,3.355309081487032
2026-09-03 17:06:55.872928,85.51079037362935,132.57370563269868,112.91069216965059,3.3754352953744915
2026-09-03 17:06:55.973146,85.45191933793858,132.71300036987182,112.85461728262673,3.4157178693611594
2026-09-03 17:06:56.064999,85.34930705315178,132.96457658956564,112.84493019944844,3.8760887534935664
2026-09-03 17:06:56.165018,85.28202161813488,133.12429160350504,112.77777395056815,3.945132325167801
2026-09-03 17:06:56.272412,85.16452379811066,133.40972100183905,112.69682048390008,4.42876357213076
2026-09-03 17:06:56.372609,85.08798043154601,133.59273233555592,112.66318260175238,4.543457298852641
2026-09-03 17:06:56.473792,84.97255330673524,133.8724395296552,112.62783255160532,5.010241531394565
2026-09-03 17:06:56.573858,84.88632235992269,134.07931276749383,112.59423864844464,5.0766944075354035
2026-09-03 17:06:56.671722,84.74281349314354,134.42790122619948,112.45899504272325,5.694507619031338
2026-09-03 17:06:56.766208,84.65092554372771,134.65018818538638,112.4167009097305,5.648272802236421
2026-09-03 17:06:56.865780,84.49814055416638,135.02249743753353,112.46215836233335,6.289657940024665
2026-09-03 17:06:56.966135,84.39033057554694,135.28326074005557,112.47338867083538,6.313334381520392
2026-09-03 17:06:57.081723,84.21268645208448,135.71431574975705,112.54465239358936,6.931594441421521
2026-09-03 17:06:57.181093,84.0946297374638,135.9987027995875,112.55577247485931,6.917701668962681
2026-09-03 17:06:57.281795,83.92633517999731,136.40532679381283,112.50677658279528,7.563499535383276
2026-09-03 17:06:57.381595,83.79716467494201,136.71706768765574,112.50677658279528,7.505071807998702
2026-09-03 17:06:57.470359,83.63443068580067,137.1106679623442,112.52399821294803,8.099670960116429
2026-09-03 17:06:57.566020,83.50174403516043,137.4306227638358,112.705983596909,8.07877373720293
2026-09-03 17:06:57.671809,83.3076558057779,137.895917105103,112.90558844537388,8.74093770263661
2026-09-03 17:06:57.771414,83.15616935971643,138.25443819016954,112.90558844537388,8.763566847260135
2026-09-03 17:06:57.871130,82.95611597838136,138.72962475006105,112.79290259168214,9.398478535642877
2026-09-03 17:06:57.971049,82.79348128650132,139.11665158962714,112.748176521423,9.33212328079991
2026-09-03 17:06:58.071575,82.5828874832926,139.6194441025258,112.70246448772598,9.983113406317397
2026-09-03 17:06:58.171259,82.41118994099945,140.02985070327986,112.7136197074232,9.631212429894706
2026-09-03 17:06:58.271160,82.18712169511815,140.5654440729378,112.66834997459597,10.335465493749542
2026-09-03 17:06:58.371308,82.00879090528989,140.99241990000726,112.64593568660115,10.35821800191436
2026-09-03 17:06:58.470651,81.83167020471124,141.41696536360217,112.65705274641397,10.394676620690083
2026-09-03 17:06:58.576843,81.64158351369204,141.87234069950802,112.74023726580141,10.401171984639618
2026-09-03 17:06:58.664196,81.41790661863618,142.40652759658892,112.71064098292022,11.28206162564561
2026-09-03 17:06:58.765593,81.2204669999506,142.87827608327427,112.71064098292022,11.2581393483466
2026-09-03 17:06:58.877970,80.95702105139397,143.5078712143174,112.39612986977147,12.130324146261717
2026-09-03 17:06:58.969713,80.76747020064647,143.967844233452,112.01626657310128,12.178423344599674
2026-09-03 17:06:59.079028,80.54437117308518,144.51958266340674,111.83277180344875,12.134484236102672
2026-09-03 17:06:59.177784,80.34514057976455,145.0168695857091,111.72225809248012,12.112047974806144
2026-09-03 17:06:59.265526,80.10768430366332,145.6085451828249,111.58471615881639,12.770224156557509
2026-09-03 17:06:59.386505,79.85361221185833,146.25075849577124,111.58471615881639,12.685654682908618
2026-09-03 17:06:59.468380,79.62900079069739,146.8152002447252,111.65796693539278,13.29424713318817
2026-09-03 17:06:59.586765,79.369338006502,147.46909996062243,111.65796693539278,13.198043100481367
2026-09-03 17:06:59.676380,79.17420104666743,147.9605065477938,111.63791005538863,13.181598866254564
2026-09-03 17:06:59.777660,78.95413247557748,148.51526361803565,111.70591298369821,13.008141233827937
2026-09-03 17:06:59.897367,78.61774850780273,149.35885858397384,111.73267304537652,13.797558657665991
2026-09-03 17:06:59.996467,78.3914151943708,149.9266663605438,111.79921224556887,13.748200134099868
2026-09-03 17:07:00.084860,78.18967173607898,150.43108110256156,111.75964548120558,13.797632511515758
2026-09-03 17:07:00.185632,77.95924674403622,151.00836352502168,111.75964548120558,13.83021282451907
2026-09-03 17:07:00.285366,77.73065674267224,151.58104875576728,111.55875081141801,13.749165284729564
2026-09-03 17:07:00.385473,77.50456150270924,152.15330347731026,111.51394058798272,13.59258714539919
2026-09-03 17:07:00.485341,77.2820161890207,152.71786480612903,111.49158896724673,13.489614466779829
2026-09-03 17:07:00.584917,77.0620205123665,153.27659688808856,111.55844777045917,13.363450211344073
2026-09-03 17:07:00.685023,76.7024314217609,154.1845533383973,111.50242000916697,14.518383496643478
2026-09-03 17:07:00.772577,76.49414419505835,154.7132557804823,111.48282440495022,14.44799892535232
2026-09-03 17:07:00.886502,76.2246695514532,155.39795886543496,111.57206649824552,14.428089318549798
2026-09-03 17:07:00.984821,75.99151049567591,155.9876912659486,111.62707883951452,14.45558098596211
2026-09-03 17:07:01.085516,75.72678290048773,156.65539566261072,111.66088230608244,14.673422299061997
2026-09-03 17:07:01.184913,75.48611973690485,157.2613594061885,111.72762092244487,14.673422299061997
2026-09-03 17:07:01.284676,75.24386213576574,157.86927266042787,111.78344122372968,14.651628990926818
2026-09-03 17:07:01.384740,75.00064145146068,158.47787780107558,111.74984799200391,14.631518654044212
2026-09-03 17:07:01.485383,74.75670763526573,159.0893074535233,111.65974769297992,14.649986511716346
2026-09-03 17:07:01.585788,74.51400424763223,159.70044353810886,111.67098359677291,14.616647510312667
2026-09-03 17:07:01.685580,74.2732127405286,160.30641898873046,111.74915473545296,14.642807082163062
2026-09-03 17:07:01.785368,74.03117197475328,160.9131249651145,111.68215358803829,14.672453408554437
2026-09-03 17:07:01.885261,73.7890977932162,161.52198248180085,111.7268680200922,14.673326276824056
2026-09-03 17:07:01.985955,73.54458907876503,162.13556805149383,111.77194099839134,14.65132959098498
2026-09-03 17:07:02.086556,73.30019094679186,162.7474758752318,111.79445667305852,14.643418097816024
2026-09-03 17:07:02.181497,73.06944086231137,163.32455415821778,111.77320777226652,14.68489797447695
2026-09-03 17:07:02.287092,72.81230842036447,163.96830398173185,111.77320777226652,14.708887980265024
2026-09-03 17:07:02.387265,72.5679804951916,164.57999676354768,111.79562765555231,14.687005107297837
2026-09-03 17:07:02.488172,72.32198772578134,165.19515870372246,111.77304349452369,14.7275646244831
2026-09-03 17:07:02.583575,72.08900032447586,165.77846451197658,111.73033889098551,14.765911811675522
2026-09-03 17:07:02.683478,71.84484455592876,166.39105646113936,111.6967997097705,14.790354569873893
2026-09-03 17:07:02.783248,71.60096895421371,167.00398843852705,111.73029424056358,14.779021254482654
2026-09-03 17:07:02.883131,71.35664581945242,167.617001702043,111.77500419638471,14.84098869762253
2026-09-03 17:07:02.984074,71.10820913939041,168.23892444371938,111.82018863287995,14.873624296156777
2026-09-03 17:07:03.084600,70.85976527264688,168.85944423039388,111.89893474365988,14.873624296156777
2026-09-03 17:07:03.184113,70.612980970705,169.4733724470743,111.94347907886835,14.91710168702225
2026-09-03 17:07:03.284541,70.3627165119281,170.0945623053458,112.02214842225621,14.9609788428696
2026-09-03 17:07:03.383689,70.1140707506171,170.70929787837218,112.04433889861231,14.958379767563141
2026-09-03 17:07:03.484543,69.86094845922356,171.33440434241766,112.06691119762408,15.000680512462925
2026-09-03 17:07:03.578453,69.62435768413441,171.91802383553951,112.08792934861656,14.999039335219278
2026-09-03 17:07:03.684233,69.25649146272966,172.8277561745657,112.06425409978758,15.374707667864127
2026-09-03 17:07:03.783639,68.99983938469035,173.46094700450075,112.09762642942593,15.406846343234342
2026-09-03 17:07:03.884327,68.7389596522599,174.10349267150778,111.92861283232789,15.457875613545722
2026-09-03 17:07:03.984490,68.48047352271212,174.745570399545,111.72685402580319,15.474504936774627
2026-09-03 17:07:04.084684,68.1356667008186,175.60940470711412,111.59230622296792,15.858183181869306
2026-09-03 17:07:04.184277,67.87584459952076,176.26589796916568,111.50314593282657,15.845999725830698
2026-09-03 17:07:04.284030,67.61682778504854,176.92334459736787,111.43616828563397,15.934907510229186
2026-09-03 17:07:04.384384,67.3555660827358,177.5887691144282,111.27894553328713,15.848971652979277
2026-09-03 17:07:04.484950,67.09698533089768,178.2527152442372,111.41399258084601,15.819972937120514
2026-09-03 17:07:04.584563,66.83977706990396,178.90856185343227,111.48087622715035,15.803434926330095
2026-09-03 17:07:04.684322,66.58169536148394,179.5643822774836,111.52553067768508,15.814766992182703
2026-09-03 17:07:04.784206,66.32259292497929,180.2212935752071,111.42493226993516,15.740579873859957
2026-09-03 17:07:04.884154,66.06568980900082,180.8759943096693,111.46967132126933,15.792107456682524
2026-09-03 17:07:04.984169,65.80725977169655,181.53307696129102,111.48086358179276,15.7353017265605
2026-09-03 17:07:05.084961,65.54762997112663,182.1928317235749,111.50342200448293,15.657798035615619
2026-09-03 17:07:05.185685,65.28919498251655,182.84879227084707,111.46960719923483,15.616431945612486
2026-09-03 17:07:05.285023,65.03537035962175,183.49416734410673,111.4584906989511,15.622508076243973
2026-09-03 17:07:05.393314,64.75869827526463,184.19803533381068,111.49484587820453,15.627239327572154
2026-09-03 17:07:05.481600,64.53270436893186,184.77190567155262,111.46520672670007,15.52695135697668
2026-09-03 17:07:05.577248,64.28975610923256,185.38976579267498,111.42239245545892,15.414121688490638
2026-09-03 17:07:05.680492,64.00197838670714,186.1227270837287,111.376178012563,15.438590067667496
2026-09-03 17:07:05.782462,63.74546405467661,186.7780764399561,111.35335593976242,15.39849429533728
2026-09-03 17:07:05.882181,63.537051648508964,187.31215005429627,111.31987856276001,15.145377321914772
2026-09-03 17:07:05.982431,63.29027490687998,187.94445138098678,111.31987856276001,15.172532942077396
2026-09-03 17:07:06.082849,63.0426414026832,188.57894793930527,111.3423532798973,15.183939866653498
2026-09-03 17:07:06.177974,62.807648291773425,189.18036013926732,111.38493344416435,15.184771071984676
2026-09-03 17:07:06.275037,62.626494798370665,189.64368442521,111.35234773239239,14.757046079621091
2026-09-03 17:07:06.382033,62.36949262652826,190.30108556976137,111.31642730724717,14.728998044210389
2026-09-03 17:07:06.482360,62.129353048560624,190.91649033351672,111.21538273099544,14.735134668240118
2026-09-03 17:07:06.581982,61.89188008549441,191.52824498150488,111.22653101253186,14.758638175336799
2026-09-03 17:07:06.681700,61.71573067482246,191.98318690587766,111.2376900581451,14.26393886625495
2026-09-03 17:07:06.776305,61.49720941401182,192.54547099750846,111.2376900581451,14.34081839080812
2026-09-03 17:07:06.880410,61.316266451334165,193.01208036707501,111.2376900742984,13.806420742686617
2026-09-03 17:07:06.989542,61.072275703846806,193.6399008143567,111.2376900742984,13.794023956325217
2026-09-03 17:07:07.081018,60.86794281232167,194.16567635573588,111.21721668083457,13.79802055758014
2026-09-03 17:07:07.188731,60.62749240114031,194.78504244711763,111.19310925779281,13.84884534045751
2026-09-03 17:07:07.288462,60.47026505709219,195.19147085727178,111.13730687115581,13.207091711082912
2026-09-03 17:07:07.376553,60.2827155602878,195.67657603571095,111.16688055775593,13.190927128844745
2026-09-03 17:07:07.477676,60.118386718218694,196.1016190649092,111.17819681555987,12.645433625347092
2026-09-03 17:07:07.589610,59.88978802422023,196.69164754066477,111.16567074957547,12.634674713253096
2026-09-03 17:07:07.688724,59.68765749069572,197.21369869967234,111.14348788281508,12.63380865191071
2026-09-03 17:07:07.788991,59.483394047248424,197.74186583786872,111.12104696123525,12.60840069939248
2026-09-03 17:07:07.888201,59.33799593950835,198.1189003297793,111.10994478803552,11.970742983221609
2026-09-03 17:07:07.977882,59.1651489239957,198.56661245186294,111.14005226539399,11.993468412224047
2026-09-03 17:07:08.092269,58.94396556117771,199.13863163925114,111.10165055251608,11.990469860290775
2026-09-03 17:07:08.189014,58.75726647732156,199.6224321270082,111.1449558664926,12.075851315599582
2026-09-03 17:07:08.290335,58.62703126816402,199.95935721291704,111.11094063984437,11.449210913702935
2026-09-03 17:07:08.391447,58.440634600142836,200.4421409665991,111.24672089433172,11.423588835700965
2026-09-03 17:07:08.490329,58.25764094142884,200.91278811730385,111.64507785861542,11.377795027400815
2026-09-03 17:07:08.590770,58.069201283253726,201.38764051884777,112.22955434354476,11.324257968007359
2026-09-03 17:07:08.692440,57.8744831783543,201.86408001999877,112.6618980004151,11.396218024014651
2026-09-03 17:07:08.791263,57.680503746756926,202.32867035617713,112.86095763857679,11.552514886082362
2026-09-03 17:07:08.887616,57.487184595742825,202.78719227444336,112.7207856402086,11.746160082121866
2026-09-03 17:07:08.975889,57.30815360530479,203.21474389148335,112.33553340690123,11.947477821096566
2026-09-03 17:07:09.084001,57.08871437983829,203.74884827651127,111.80320548141763,11.812387700525699
2026-09-03 17:07:09.191584,56.87770937500559,204.27631283962793,111.03269900049814,11.754103748726084
2026-09-03 17:07:09.291962,56.8290025949825,204.41728573377708,110.14530129684758,10.620181375986396
2026-09-03 17:07:09.391213,56.66671736859685,204.8596668493242,109.62328336640756,10.389490627535476
2026-09-03 17:07:09.491547,56.494309152765254,205.339203436567,109.53345969848884,10.439082972681318
2026-09-03 17:07:09.583678,56.35055337364056,205.74440505907785,109.80151956962226,10.367434086745495
2026-09-03 17:07:09.683182,56.19432712116878,206.17830406162554,110.15784202241412,10.38656240859589
2026-09-03 17:07:09.783237,56.03423062586746,206.61442355875772,110.5385310721254,10.4215337618305
2026-09-03 17:07:09.889877,55.85992804909172,207.07966294867018,111.02781017177047,10.419670114282182
2026-09-03 17:07:09.991624,55.68986894891382,207.52204014136018,111.46048126506827,10.508576972449235
2026-09-03 17:07:10.090586,55.51978122224835,207.95470790136528,111.62659762050303,10.577755625366201
2026-09-03 17:07:10.191209,55.34441707229713,208.3970271692263,111.51399462788693,10.624355718129152
2026-09-03 17:07:10.292183,55.16854244999641,208.84319129794525,111.34450095482383,10.641119685699168
2026-09-03 17:07:10.383649,55.010175460531734,209.24845130017374,111.24214517808664,10.544412508349268
2026-09-03 17:07:10.484149,54.838536660031934,209.68999893386004,111.26463824777831,10.486453139500842
2026-09-03 17:07:10.592697,54.653985908962134,210.16421170447714,111.2889325535384,10.471277204461472
2026-09-03 17:07:10.700547,54.47068776934659,210.63461558413402,111.32513968139281,10.454314062181139
2026-09-03 17:07:10.790448,54.317895290484664,211.02600052680498,111.34526057152564,10.462955198530794
2026-09-03 17:07:10.898838,54.13336147478667,211.49820278492365,111.30887215624388,10.449695583898993
2026-09-03 17:07:10.983168,53.99020477923762,211.86521279063925,111.27112408525686,10.434958018468606
2026-09-03 17:07:11.085068,53.81775741398256,212.3081769143224,111.27112408525686,10.420711530458584
2026-09-03 17:07:11.200295,53.62302273368737,212.80839028018096,111.23244036971415,10.457965249015649
2026-09-03 17:07:11.299873,53.45442632142139,213.24232889023742,111.2101536543534,10.48319860690868
2026-09-03 17:07:11.388250,53.304583564512264,213.62844361558615,111.22993345554882,10.531077554402192
2026-09-03 17:07:11.490067,53.03775075048452,214.31547247212254,111.21853954068752,11.015159170591406
2026-09-03 17:07:11.597077,52.84703718604807,214.80668989689286,111.23051458241738,11.004873545283827
2026-09-03 17:07:11.688746,52.68372909113318,215.22705912885706,111.25103117152749,11.012082605504949
2026-09-03 17:07:11.788850,52.505112767500485,215.68634577265937,111.19502007082066,11.033075693371805
2026-09-03 17:07:11.888838,52.32681271815979,216.14614927437464,111.17264159268804,11.01298063056982
2026-09-03 17:07:11.989171,52.14840322089055,216.60676865506753,111.13895805296605,11.00158336151951
2026-09-03 17:07:12.086243,51.97623273220409,217.05205718607283,111.12809513126898,10.99394939699732
2026-09-03 17:07:12.184892,51.801472366473305,217.5042988666976,111.13913452844318,10.986191413581405
2026-09-03 17:07:12.296380,51.51426960012861,218.24639776241648,111.1516106844067,11.485025514635936
2026-09-03 17:07:12.387936,51.344649905813256,218.6848012687181,111.16185633360416,11.499425861920294
2026-09-03 17:07:12.496954,51.14233282972957,219.20743755231592,111.17405608221931,11.504188875996217
2026-09-03 17:07:12.587585,50.973976382841315,219.6420700103641,111.21462462747752,11.527946974404635
2026-09-03 17:07:12.684602,50.79305503549483,220.10816019137116,111.2363381612315,11.555074580435416
2026-09-03 17:07:12.784430,50.60627137008546,220.58881284358728,111.25868082950194,11.522799469427452
2026-09-03 17:07:12.884267,50.419805716732576,221.06809349439672,111.26985317078953,11.522799469427452
2026-09-03 17:07:13.110728,49.91392475301689,222.3682460666379,114.5390103556148,12.051784544275153
2026-09-03 17:07:13.211987,49.68735256883383,222.86451765136124,114.57300476970298,12.074789459243613
2026-09-03 17:07:13.311340,49.464331392958435,223.35224514258505,114.53965023308992,12.115592496653576
2026-09-03 17:07:13.411251,49.239586317159,223.84450017555147,114.51728898845346,12.144402339942209
2026-09-03 17:07:13.511605,48.94953996787631,224.49614219439994,114.49482859525551,12.582224420336082
2026-09-03 17:07:13.600839,48.74143851722796,224.952888394485,114.4648711836008,12.597039282401
2026-09-03 17:07:13.701932,48.50567415620823,225.47106775400107,114.49880986859094,12.594389220675538
2026-09-03 17:07:13.800814,48.274814576658436,225.97767075333377,114.50987533982104,12.588340981843443
2026-09-03 17:07:13.901277,47.96757589139534,226.66268506124297,114.54360252280864,13.111172736772447
2026-09-03 17:07:14.002740,47.72054738638454,227.20364830957425,114.50953962235901,13.103193453948204
2026-09-03 17:07:14.102357,47.47847648489797,227.73459014181094,114.44265329031501,13.121473041974445
2026-09-03 17:07:14.312966,147.97125526587072,231.35486843689503,65.20940427988802,12.093304174636382
2026-09-03 17:07:14.423348,148.22147275994084,231.89662222159595,65.22175666804078,12.072084701826343
2026-09-03 17:07:14.524729,148.4587209662457,232.55640527108957,65.28461454512238,13.23139411256805
2026-09-03 17:07:14.623550,148.70311626422645,233.08738313628783,65.31779048004775,13.212397088392363
2026-09-03 17:07:14.724275,148.9515497461016,233.62795833588368,65.34033390735812,13.091818139570668
2026-09-03 17:07:14.824585,149.1964918355764,234.16148964141954,65.31788336187782,13.096200699716293
2026-09-03 17:07:14.911336,149.45570330265807,234.78819815698458,65.34902556679636,13.97186698799289
2026-09-03 17:07:15.012030,149.71802470666,235.3598136464731,65.36029381137114,14.012340889936787
2026-09-03 17:07:15.127943,150.02073860888044,236.01978939867888,65.36029381137114,14.011328038388267
2026-09-03 17:07:15.227066,150.27958568572186,236.58412685722183,65.33810893030599,13.992272958725373
2026-09-03 17:07:15.325731,150.5371035408046,237.14499317385898,65.31602655497139,13.998307924486268
2026-09-03 17:07:15.426682,150.80092279738392,237.7190002506059,65.31602655497139,13.989486793407393
2026-09-03 17:07:15.510585,151.09820360533715,238.39320026609315,65.3248738978654,14.769219504185397
2026-09-03 17:07:15.611408,151.37610552415282,238.99809395819506,65.27974317616346,14.751599611390569
2026-09-03 17:07:15.724021,151.6866657644683,239.67267202173753,65.22933497602044,14.681734472434881
2026-09-03 17:07:15.826381,151.96815049253456,240.28268082765948,65.24078965569028,14.629857822694367
2026-09-03 17:07:15.925741,152.2403019560965,240.872773476704,65.22967069347852,14.602075073947052
2026-09-03 17:07:16.025936,152.51433460358498,241.46664193927285,65.22967069347852,14.524154937116455
2026-09-03 17:07:16.126105,152.78683421748894,242.0571880958819,65.19604221141965,14.490019018420702
2026-09-03 17:07:16.226714,153.06023480669288,242.6487738581252,65.17352474625936,14.490019018420702
2026-09-03 17:07:16.326415,153.33139832162652,243.23491401361446,65.15121050206704,14.441232346646364
2026-09-03 17:07:16.425154,153.59926653735837,243.8133398687319,65.17330943946293,14.410172101757764
2026-09-03 17:07:16.525814,153.87153190756925,244.40185596304127,65.19583831901679,14.433920500950231
2026-09-03 17:07:16.626220,154.14332660352605,244.98996138858956,65.15089425622155,14.457608974716562
2026-09-03 17:07:16.718946,154.39517047170597,245.53377692060462,65.13014109820931,14.501362085456092
2026-09-03 17:07:16.818538,154.66669317406507,246.11952918185366,64.94067738405786,14.528339467234009
2026-09-03 17:07:16.918181,154.94080035294806,246.7057684522737,64.94067738405786,14.544882458702894
2026-09-03 17:07:17.142984,155.55991339794343,248.0298796312828,64.76458003668841,14.48595238183617
2026-09-03 17:07:17.247949,166.77582981460768,239.01692176079507,20.39101149003663,14.380652625948525
2026-09-03 17:07:17.350272,167.392416083006,239.2461180370784,20.43681364665473,14.364558795558626
2026-09-03 17:07:17.451270,168.0001561148572,239.47257912677787,20.42551138271086,14.417510223283214
2026-09-03 17:07:17.550038,168.59671211773951,239.694738724039,20.41445866874416,14.32084996916725
2026-09-03 17:07:17.650751,169.2009809723115,239.9196378911933,20.391917927173456,14.325250136448142
2026-09-03 17:07:17.741365,169.7449033794838,240.12183348910366,20.402058161089077,14.351379142661234
2026-09-03 17:07:17.850935,170.4037679487884,240.36688996727898,20.414319681716513,14.356166273706554
2026-09-03 17:07:17.952741,171.01610160215063,240.5947890319331,20.414319681716513,14.369510035590277
2026-09-03 17:07:18.053147,171.620575985107,240.8197630240152,20.403083666017704,14.365123281189105
2026-09-03 17:07:18.148146,172.1923657196617,241.03244475088067,20.413714606951228,14.36927380288459
2026-09-03 17:07:18.248157,172.79445455161323,241.2565236466479,20.38013916825074,14.36490430609739
2026-09-03 17:07:18.348816,173.4003922341998,241.48163079118234,20.357610512508526,14.252320420986438
2026-09-03 17:07:18.447486,174.0175963913572,241.71548402587047,20.377127463149847,14.259434934017628
2026-09-03 17:07:18.548652,174.62212657204276,241.9400321189041,20.343164270785273,14.18871559122951
2026-09-03 17:07:18.649251,175.22041882045016,242.16185968850974,20.309391430219435,14.135973352000358
2026-09-03 17:07:18.741780,175.76879053288636,242.36481073424775,20.361164098017934,14.129505180807623
2026-09-03 17:07:18.841498,176.28699013726816,242.54925283681652,20.410090289678628,13.894992610672807
2026-09-03 17:07:18.933242,176.82109212743333,242.74799066268764,20.410090289678628,13.912629175633437
2026-09-03 17:07:19.043880,177.3415149904118,242.93113808397857,20.415937546209722,13.543835200601421
2026-09-03 17:07:19.149068,177.93838474016223,243.15330096328884,20.36885294890174,13.587034599704408
2026-09-03 17:07:19.248727,178.5058582471755,243.36399138433399,20.313090838643003,13.579197187574062
2026-09-03 17:07:19.348678,179.07487141515747,243.57462355555984,20.324275937194006,13.574830312196578
2026-09-03 17:07:19.449001,179.6457774127176,243.78608312866717,20.290595754646596,13.573953686573034
2026-09-03 17:07:19.548791,180.21373714244302,243.99607184054824,20.223593264362098,13.589649115114103
2026-09-03 17:07:19.648249,180.60347923314416,244.13285636157067,20.227262508637274,12.984822098430026
2026-09-03 17:07:19.748909,181.15174897146318,244.33487659265765,20.193469189306494,12.961073699237561
2026-09-03 17:07:19.848859,181.5567403227895,244.4797572375105,20.240395569780517,12.504228863030159
2026-09-03 17:07:19.944351,182.05756827095377,244.66442704874285,20.208337238273117,12.53593652621466
2026-09-03 17:07:20.050314,182.61483768341031,244.86955434155658,20.220195114610117,12.422049826688331
2026-09-03 17:07:20.148479,183.12636757695603,245.057965430044,20.209209879852498,12.35771715546484
2026-09-03 17:07:20.249066,183.51208608849896,245.19782182750328,20.19913026004906,11.846463691883523
2026-09-03 17:07:20.348623,184.00689827506002,245.37986873604058,20.18798925239089,11.82558531690589
2026-09-03 17:07:20.444128,184.3642538576876,245.50988702929436,20.199423925704295,11.344573437421888
2026-09-03 17:07:20.548915,184.86299433535672,245.6933821021131,20.246329026078023,11.358307920423968
2026-09-03 17:07:20.649950,185.2232202970652,245.82535389533123,20.24688290060488,10.807360127800317
2026-09-03 17:07:20.749898,185.67626415803448,245.99246259842315,20.258067663438425,10.81696696527571
2026-09-03 17:07:20.849763,186.12930154859748,246.15966939244493,20.258067663438425,10.823075330508688
2026-09-03 17:07:20.940499,186.54115769210742,246.31167703417375,20.24791377701284,10.828625309257795
2026-09-03 17:07:21.046922,186.87681759434375,246.43496632702858,20.260153960346514,10.16577686188329
2026-09-03 17:07:21.146768,187.3024950442799,246.59209274076522,20.260153960346514,10.157924743644429
2026-09-03 17:07:21.246851,187.60589570570195,246.70379928191625,20.27154746685743,9.597432341131146
2026-09-03 17:07:21.346664,188.00761221588365,246.85217198743334,20.293886777953286,9.67243889465544
2026-09-03 17:07:21.446678,188.41322508540298,247.00216354676132,20.372231818276628,9.803527730386023
2026-09-03 17:07:21.541566,188.80306701612312,247.1469294334149,20.414705895826916,9.907169532573747
2026-09-03 17:07:21.638609,189.20586658197453,247.2968469443671,20.425565572255216,9.958895390089292
2026-09-03 17:07:21.738472,189.62250596426875,247.45200539487547,20.403215070577424,9.987691392334616
2026-09-03 17:07:21.838672,190.0418209933796,247.60797404043797,20.38078914437738,10.004326858400294
2026-09-03 17:07:22.057516,190.70504725554676,247.854392191672,20.258440850948528,8.867680412135352
2026-09-03 17:07:22.157144,191.07556212216122,247.99114435941843,20.24729189797718,8.768437405357435
2026-09-03 17:07:22.257347,185.41843401486315,257.43298884519214,43.51447164344902,8.150668505484056
2026-09-03 17:07:22.480456,186.00797606885104,257.9927264323227,43.53943883890095,8.084384360748686
2026-09-03 17:07:22.563764,186.22622813952924,258.2001256199637,43.53011618890158,8.088024100760766
2026-09-03 17:07:22.670803,186.41831683888896,258.4022413214956,43.524361782765375,7.493485443267428
2026-09-03 17:07:22.769519,186.65809228028095,258.62997355872653,43.502267993037194,7.484859607212488
2026-09-03 17:07:22.871360,186.82476105596507,258.8003753227918,43.4792970378613,6.985798775165061
2026-09-03 17:07:22.971151,187.05089455402836,259.0148127605747,43.4569626506215,7.012830061864797
2026-09-03 17:07:23.086972,187.3144661175284,259.26455683530276,43.4569626506215,7.0361071578041985
2026-09-03 17:07:23.184289,187.4409830727182,259.39249262196057,43.47516666863325,6.4486353990886895
2026-09-03 17:07:23.284096,187.6497760876392,259.59045787531886,43.48633565274626,6.468694085461832
2026-09-03 17:07:23.384278,187.8599666280029,259.7898260021904,43.49754660154154,6.483575775998474
2026-09-03 17:07:23.469024,188.0381470723787,259.95889843053715,43.50703017210915,6.498386041858352
2026-09-03 17:07:23.583516,188.15815663286511,260.07789715988713,43.52423755161469,5.871696715631254
2026-09-03 17:07:23.685394,188.35205680835486,260.2620575091119,43.52423755161469,5.933121430841303
2026-09-03 17:07:23.784916,188.54345441738377,260.4438409986344,43.5131004606602,5.976602753821349
2026-09-03 17:07:23.884633,188.73666812425944,260.6272779394573,43.546577198428004,5.996643352467443
2026-09-03 17:07:23.986128,188.93387686300954,260.81472696605323,43.557935079564096,6.014380684417604
2026-09-03 17:07:24.071394,189.10001075680628,260.97270171745146,43.57701860275145,6.016615855627116
2026-09-03 17:07:24.177235,189.12848523630592,261.0028698750119,43.60305286637093,5.144067339892263
2026-09-03 17:07:24.276308,189.29346396472837,261.159993757858,43.61413971161253,5.139738824476976
2026-09-03 17:07:24.371088,189.45113201488343,261.3102132259441,43.61413971161253,5.1496771129970185
2026-09-03 17:07:24.477463,189.6284306997149,261.47913593477165,43.64985165621626,5.14317055562799
2026-09-03 17:07:24.576003,189.7923655774722,261.6355212197181,43.64985165621626,5.130254869951093
2026-09-03 17:07:24.674999,189.95664549081067,261.79223565053286,43.66092988470977,5.1224695976600225
2026-09-03 17:07:24.776482,189.9555572071659,261.79270702569744,43.69591867076736,4.375528125988542
2026-09-03 17:07:24.987577,190.2540974858127,262.07795762948405,43.625050393953025,4.381061790831174
2026-09-03 17:07:25.088070,190.39656712416507,262.213748458638,43.64754189696321,4.389842901721698
2026-09-03 17:07:25.200165,190.55574393432022,262.3655825404925,43.66008597978454,4.379068514572338
2026-09-03 17:07:25.297979,190.69427163338997,262.49777797787846,43.671031935599565,4.384196725974002
2026-09-03 17:07:25.398205,190.8363556092666,262.63341900342067,43.671031935599565,4.383320947939597
2026-09-03 17:07:25.498352,190.97829923187857,262.76892604016757,43.70465303187435,4.406073228915573
2026-09-03 17:07:25.586072,190.90750250020534,262.70211774563126,43.71483474128891,3.6664276760165686
2026-09-03 17:07:25.701762,191.0445579808287,262.8331587162358,43.72778112553084,3.658340452278201
2026-09-03 17:07:25.798563,191.15895839051564,262.942588296507,43.72778112553084,3.6515736500904774
2026-09-03 17:07:25.899541,191.27807448507752,263.05652865972,43.76168120301329,3.6480442539514293
2026-09-03 17:07:26.001240,191.39785728447893,263.1712425537386,43.73891978316681,3.646266955639198
2026-09-03 17:07:26.085486,191.49707302799604,263.26618420247684,43.71063693019302,3.6447946670856006
2026-09-03 17:07:26.186449,191.45517109383715,263.2264301659534,43.71078145726112,3.023361352861772
2026-09-03 17:07:26.286367,191.55278700807017,263.319749109064,43.71078145726112,3.0320922200660494
2026-09-03 17:07:26.402377,191.66645146184922,263.42841014839604,43.697799263156995,3.0381744148920156
2026-09-03 17:07:26.500360,191.76266680236895,263.5203484546321,43.70876413105549,3.033037343125507
2026-09-03 17:07:26.601459,191.86175594510092,263.6150690989109,43.731391263918745,3.0197862480752877
2026-09-03 17:07:26.701013,191.9588678240304,263.7079730732943,43.753672607800176,3.16506056287374
2026-09-03 17:07:26.797503,192.05748217848495,263.80238789501124,43.81845936286131,3.3033343331180136
2026-09-03 17:07:26.885636,192.15138879539217,263.8924991978871,43.828321958439105,3.3857359970490934
2026-09-03 17:07:26.993095,192.26872424659004,264.0051312410517,43.84034724588187,3.443952770855688
2026-09-03 17:07:27.098653,192.38594221428886,264.1176977903983,43.80490958244139,3.4790028013339453
2026-09-03 17:07:27.200974,192.50079015059953,264.22785189432744,43.793459267098505,3.492414064517888
2026-09-03 17:07:27.300482,192.61293274404622,264.33536820296155,43.782323742825476,3.557626874053948
2026-09-03 17:07:27.400587,192.61377214942277,264.3363086817671,43.81595614588415,3.2998516517889267
2026-09-03 17:07:27.500767,192.7204069006416,264.4386247525518,43.83837759585142,3.4180274232523304
2026-09-03 17:07:27.593056,192.84983938516413,264.56284019125695,43.87968317900833,3.589061669842856
2026-09-03 17:07:27.700515,192.97411417470042,264.68234764604466,43.8556326041228,3.649156404094825
2026-09-03 17:07:27.800816,193.09210066834592,264.7957127446782,43.90052966647391,3.674572972312993
2026-09-03 17:07:27.900690,193.2103140479804,264.9094741266081,43.90052966647391,3.6937724217470485
2026-09-03 17:07:28.000880,193.39924162792315,265.09106716007096,43.84446230937665,3.9775698545644533
2026-09-03 17:07:28.218446,192.4368812222063,266.93268027599,51.489769132962586,4.400789715002143
2026-09-03 17:07:28.310623,192.5497949152539,267.07458022671585,51.448508562117446,4.42334219212947
2026-09-03 17:07:28.418043,192.73385974977128,267.29238113918854,51.491390786886576,4.8633644775635005
2026-09-03 17:07:28.524561,192.87805063216965,267.47359802414275,51.491390786886576,4.895010240526546
2026-09-03 17:07:28.625759,193.0707216472864,267.7068065415399,51.473363360578034,5.399979328166312
2026-09-03 17:07:28.724029,193.2184836299022,267.89239165251695,51.473363360578034,5.408566192596789
2026-09-03 17:07:28.825189,193.42958124739496,268.15136311285534,51.56715138945195,5.915979389374162
2026-09-03 17:07:28.915857,193.578632616718,268.3391978156086,51.607736496771416,5.924694248503099
2026-09-03 17:07:29.015884,193.80754549224994,268.6233856161271,51.63246150033126,6.495161610665861
2026-09-03 17:07:29.125902,194.00582800127415,268.87384725568944,51.64477315476578,6.462476021848305
2026-09-03 17:07:29.222447,194.2471580289695,269.175578248948,51.67876790970083,7.0434274531413745
2026-09-03 17:07:29.323462,194.44438072026168,269.4251153170075,51.74659290775764,7.067259606374306
2026-09-03 17:07:29.422495,194.70289216659998,269.75080195936937,51.74756279431521,7.688381611476928
2026-09-03 17:07:29.516793,194.9035535443067,270.00531743474124,51.726457804406905,7.7287565814180965
2026-09-03 17:07:29.616835,195.1785234031829,270.35253341780714,51.749442321700734,8.333504615460537
2026-09-03 17:07:29.723232,195.42391821065794,270.66380901540333,51.78516165208855,8.42182615652789
2026-09-03 17:07:29.823413,195.71487479112741,271.03247257815315,51.76309711282829,8.997286734286497
2026-09-03 17:07:29.923104,195.9630420587084,271.3474193069829,51.69616109460049,9.039970790453172
2026-09-03 17:07:30.023238,196.27705418867794,271.7445534009486,51.6852072587128,9.60555942411989
2026-09-03 17:07:30.114292,196.51946215920233,272.0513322533835,51.64444936880824,9.614311384934359
2026-09-03 17:07:30.217915,196.72047288631558,272.44027860899786,52.056955780068385,10.356620027893273
2026-09-03 17:07:30.323270,197.02039495145218,272.8249489229913,52.033376104870726,10.33820811984254
2026-09-03 17:07:30.423417,197.3706677424909,273.2707301627364,52.148468240241876,11.039506659375371
2026-09-03 17:07:30.523754,197.67451469010933,273.6617206547469,52.22706629962279,11.021971700255381
2026-09-03 17:07:30.623655,198.04345267251813,274.1356337788904,52.20650688556673,11.7351321275027
2026-09-03 17:07:30.714611,198.33586572104164,274.51269882364124,52.28793493121348,11.730363468657853
2026-09-03 17:07:30.814909,198.7289168356441,275.0194679651787,52.30033240044073,12.413515675704009
2026-09-03 17:07:30.915351,199.0697712622717,275.46048734716777,52.40149279921549,12.379286723177389
2026-09-03 17:07:31.016798,199.48547532588276,275.99906145693393,52.42493895806545,13.040593898959175
2026-09-03 17:07:31.122972,199.86291672329273,276.4896206553964,52.40117598113567,12.99327855455487
2026-09-03 17:07:31.223450,200.29344723898362,277.0479396875743,52.35666575773638,13.667067477257673
2026-09-03 17:07:31.323920,200.668349007777,277.5339986461193,52.27796351403764,13.643363904171371
2026-09-03 17:07:31.423215,201.13796284514976,278.14091912670483,52.30057930751151,14.576111527630166
2026-09-03 17:07:31.515083,201.504031305401,278.61456626567104,52.31085987132461,14.652372355799907
2026-09-03 17:07:31.616037,201.99084705405406,279.24448812122824,52.34496292128243,15.437251092319158
2026-09-03 17:07:31.715569,202.4104643978403,279.7882909670499,52.278133661206304,15.311142585530058
2026-09-03 17:07:31.815887,202.83057426197863,280.3314210951308,52.30058599717971,15.146345182053858
2026-09-03 17:07:31.915189,203.2417449514727,280.8634250475238,52.31169846885395,14.992761557685792
2026-09-03 17:07:32.015468,203.78890823008712,281.5715309674081,52.222068364154616,15.95354563466182
2026-09-03 17:07:32.116539,204.2304878788537,282.14126500450294,52.188137064948556,15.868762114171483
2026-09-03 17:07:32.339703,205.10882034626673,283.0165699120677,51.70817109414746,15.841994563238499
2026-09-03 17:07:32.423052,205.56892679692953,283.6007291135677,51.67855525195697,16.833947818760375
2026-09-03 17:07:32.531539,206.0751623969919,284.2412415351541,51.70283590520711,16.810248745760756
2026-09-03 17:07:32.631142,206.53903914416944,284.8286711497634,51.69168974988125,16.84158077840884
2026-09-03 17:07:32.720958,206.95821819893058,285.3592856457274,51.651486017594166,16.83137818188504
2026-09-03 17:07:32.819666,207.52413205860782,286.07570699475514,51.56654816770241,17.646897015236707
2026-09-03 17:07:32.919854,208.0154301786423,286.6948280497454,51.58897140816279,17.676662178868597
2026-09-03 17:07:33.031949,208.56577296156124,287.38891333769004,51.66423590509075,17.70898534031668
2026-09-03 17:07:33.131931,209.05672808636996,288.0097731820918,51.76493301377335,17.72121638367969
2026-09-03 17:07:33.233006,209.6611995117082,288.77708143576274,51.823116927519465,18.46185515379282
2026-09-03 17:07:33.331600,210.16414952679622,289.41674778877064,51.84518341222771,18.485116128062458
2026-09-03 17:07:33.430502,210.66905891413109,290.0594153785687,51.867318830920695,18.504992932291387
2026-09-03 17:07:33.518365,211.1178740483993,290.6311386351854,51.90664835494693,18.461231197113886
2026-09-03 17:07:33.635785,211.81967954424016,291.52610374568565,51.920570859554246,19.146077945576582
2026-09-03 17:07:33.734289,212.33966543218196,292.18975689920165,51.87647817623271,19.130584785009297
2026-09-03 17:07:33.834264,212.86750719267172,292.86236959195594,51.887665960523364,19.121848937126558
2026-09-03 17:07:33.933246,213.38973754970908,293.52809946261516,51.976279255019676,19.1080104103728
2026-09-03 17:07:34.033357,214.02318353404482,294.33775172930416,51.999105287947884,19.74369975724649
2026-09-03 17:07:34.118906,214.48806316614665,294.9327513726367,51.97038499512622,19.725011508921394
2026-09-03 17:07:34.235617,215.12208554043605,295.7433989875744,51.94426371495922,19.687278002481815
2026-09-03 17:07:34.334454,215.6582941611473,296.42834028740197,51.9000219730863,19.708869025167147
2026-09-03 17:07:34.434404,216.30482433657804,297.2529871255634,52.03445623365068,20.380912609636674
2026-09-03 17:07:34.534328,216.86490077924822,297.97074157088684,51.90027130852415,20.397502253460495
2026-09-03 17:07:34.625796,217.37953700064023,298.62708787410827,51.81838489664129,20.383115747219442
2026-09-03 17:07:34.725940,217.94361624372073,299.34437821350053,50.3615143680035,20.413742900270623
2026-09-03 17:07:34.833970,218.57253448130564,300.1035708987253,50.50658459599095,20.426014505579992
2026-09-03 17:07:34.933813,219.152360386121,300.8071206857219,50.67417978682859,20.52110952469182
2026-09-03 17:07:35.033795,219.84857351321372,301.6606150677956,50.67427309343278,21.116683338758154
2026-09-03 17:07:35.134698,220.45221524573074,302.3974458804156,50.64039819475968,21.14577923027513
2026-09-03 17:07:35.227130,221.00634152499632,303.07302085810744,50.52661772911225,21.15789433742438
2026-09-03 17:07:35.329500,221.6218828116324,303.8204393278271,50.46933873547208,21.10332908249753
2026-09-03 17:07:35.435545,222.25864879914215,304.59205656456777,50.481205788086264,21.105182331787304
2026-09-03 17:07:35.534962,222.8555183570867,305.31563352487836,50.49233112892973,21.094757824192904
2026-09-03 17:07:35.643175,223.64419965427342,306.27457567072634,50.52870741209926,21.790113956656086
2026-09-03 17:07:35.734132,224.2074331002639,306.9585303922231,50.559243264934246,21.78534524538305
2026-09-03 17:07:35.826913,224.78146375130845,307.6563540991154,50.559243264934246,21.791831032449082
2026-09-03 17:07:35.926790,225.39958090859443,308.40777182429457,50.53688962989351,21.778740105532584
2026-09-03 17:07:36.027842,226.0248905838352,309.1673289707863,50.49165640246105,21.771676140339316
2026-09-03 17:07:36.127182,226.6399961256258,309.91329030917007,50.436072781984194,21.756919525998317
2026-09-03 17:07:36.233125,227.0849739091802,311.2551540835415,51.38543319249122,21.850771887942443
2026-09-03 17:07:36.332460,227.6905302057722,312.01332593635874,51.31873620509358,21.86118779731297
2026-09-03 17:07:36.432291,228.40108445472748,312.9006259667981,51.314365102627676,22.503086232547922
2026-09-03 17:07:36.532157,229.02902536345118,313.6848271938925,51.314365102627676,22.492614644435005
2026-09-03 17:07:36.632597,229.6602816037512,314.47316875816557,51.33684474362101,22.51982173160841
2026-09-03 17:07:36.855441,231.06184275598793,316.22491041193524,51.26203212239163,22.484771805986544
2026-09-03 17:07:36.954601,231.6855473818948,317.0023646725479,51.228742379247976,22.437116324933395
2026-09-03 17:07:37.054936,232.43547764096297,317.93599727033035,51.204279136785026,23.076284618720944
2026-09-03 17:07:37.155936,233.08828694091898,318.74805247615427,51.24948908780707,23.08157986634979
2026-09-03 17:07:37.254614,233.72560807149154,319.54212364171195,51.24948908780707,23.027258018053217
2026-09-03 17:07:37.341080,234.28274255966275,320.2362861465657,51.239813039230164,23.02876910347063
2026-09-03 17:07:37.453261,235.00576844549556,321.1368296817486,51.29002786611733,22.97289535440735
2026-09-03 17:07:37.555925,235.66512940817265,321.95955320416846,51.25556176900054,22.985454493410572
2026-09-03 17:07:37.656601,236.31256137323777,322.76639714727327,51.19923061765036,22.929153043875854
2026-09-03 17:07:37.751697,236.92335842570338,323.5260545798124,51.12473804706436,22.910041149526357
2026-09-03 17:07:37.853912,237.58039340968472,324.3410467346066,51.09042268708626,22.83769535307917
2026-09-03 17:07:37.952420,238.21206916629095,325.12362337600285,51.068375450178934,22.796378580530853
2026-09-03 17:07:38.053357,238.85845769627468,325.92379733404397,51.20392070244562,22.806962469836062
2026-09-03 17:07:38.154555,239.50491795129832,326.72794441078946,51.29451786330757,22.80873101263984
2026-09-03 17:07:38.252959,240.1323413665791,327.5109433041108,51.338565784301366,22.780355720440035
2026-09-03 17:07:38.347849,240.73602694457193,328.2655063783805,51.29609081150451,22.790305543162834
2026-09-03 17:07:38.453576,241.40957412745684,329.1061131474474,51.260596411813616,22.759818626793493
2026-09-03 17:07:38.553374,242.04499015076215,329.898125125332,51.21592450397106,22.74673805444538
2026-09-03 17:07:38.652808,242.67833943369655,330.68630125270397,51.19367001748628,22.76932834977689
2026-09-03 17:07:38.752454,243.3139764426265,331.47669541832084,51.1490661483819,22.773681899654978
2026-09-03 17:07:38.843125,243.89303277090414,332.19558664052033,51.169359373476546,22.754667032417146
2026-09-03 17:07:38.937829,244.49707448203856,332.94604083175665,51.21175108834378,22.77039003818844
2026-09-03 17:07:39.046049,245.1871658735589,333.80470198895796,51.272303327200284,22.769444408323103
2026-09-03 17:07:39.144520,245.81423826548138,334.5866413477786,51.21720593750856,22.787513706861827
2026-09-03 17:07:39.244639,246.80974844422022,336.109334978589,51.518732957324566,23.098963764914114
2026-09-03 17:07:39.353473,247.5090660632388,336.9890879695587,51.470016325547014,23.04856102900122
2026-09-03 17:07:39.453119,248.14983330988196,337.7937649535058,51.470009880091176,22.99821796798415
2026-09-03 17:07:39.553682,248.79387500799777,338.6025670055121,51.48126346500363,22.916496752111406
2026-09-03 17:07:39.653392,249.43002771531505,339.40178396736553,51.5370541112463,22.865963137949365
2026-09-03 17:07:39.745748,250.0172428427516,340.140995324561,51.568059632805145,22.869191176827318
2026-09-03 17:07:39.852309,250.63376816408174,340.9186542983803,51.520576709994614,22.61116944905104
2026-09-03 17:07:39.953478,251.27008041016484,341.7191983849391,51.520576709994614,22.62354570103632
2026-09-03 17:07:40.053639,251.90039755854724,342.5122000423804,51.50936811122155,22.61129276016414
2026-09-03 17:07:40.153978,252.53164819269543,343.3060572454319,51.52059662923046,22.599018044115237
2026-09-03 17:07:40.253565,253.05836765874483,343.96934038733167,51.5096796075736,22.169741687926496
2026-09-03 17:07:40.346225,253.62992081238747,344.6881304005818,51.58226396012785,22.182696345227857
2026-09-03 17:07:40.451447,254.27830403975082,345.50566643655515,51.60581386837755,22.175340879274025
2026-09-03 17:07:40.562431,254.96161186387053,346.3679660825587,51.58097435746552,22.151096334602403
2026-09-03 17:07:40.653793,255.42320953405547,346.9505327989242,51.642458374574474,21.659426011340724
2026-09-03 17:07:40.751695,256.011475161303,347.6938702209484,51.6534141781016,21.682523724213173
2026-09-03 17:07:40.851474,256.61151348331197,348.4523817279585,51.6869117303518,21.82027952137338
2026-09-03 17:07:40.945975,257.18299944464417,349.1756687101607,51.75036300136468,21.9160668460535
2026-09-03 17:07:41.051888,257.82540803491736,349.9905707412048,51.79777212554882,21.986402659123918
2026-09-03 17:07:41.151702,258.43212879781515,350.761513617078,51.80894189300256,22.008207108250396
2026-09-03 17:07:41.251419,259.0387107507684,351.53258937191686,51.76430624264549,22.032604358776076
2026-09-03 17:07:41.351326,259.6477245145797,352.3055165241686,51.68604501978085,22.029985386969862
2026-09-03 17:07:41.448832,260.24306129804444,353.0589662752701,51.675133530958185,22.006981101139736
2026-09-03 17:07:41.551485,260.86932023513754,353.8512404439394,51.663646062883274,21.98455647016432
2026-09-03 17:07:41.650908,261.26891154798255,354.35675469662226,51.61922094136673,21.091867439431162
2026-09-03 17:07:41.750709,261.8531731792255,355.09441763808724,51.66389419207911,21.0927395038018
2026-09-03 17:07:41.850838,262.43880200150664,355.8349923752329,51.64148415650542,21.120737278050186
2026-09-03 17:07:41.944742,262.98902338324325,356.5302324736705,51.673009368689385,21.028016688170087
2026-09-03 17:07:42.051380,263.6106827656431,357.3166278595766,51.69687619421953,21.01776681889105
2026-09-03 17:07:42.150779,264.18955381256046,358.0495235809788,51.630136234987255,21.016898267209434
2026-09-03 17:07:42.250735,264.7725026645049,358.7858172198911,51.77554979002851,20.97672100398914
2026-09-03 17:07:42.358933,265.4002921022179,359.58289514678347,51.83608971924489,21.011702196248223
2026-09-03 17:07:42.449994,265.92881956809896,360.25540496761266,51.87685074251239,21.00692803244297
2026-09-03 17:07:42.558178,266.5560196005757,361.0546375835836,51.864744323350585,21.08066262554426
2026-09-03 17:07:42.649925,266.87778113907535,361.46593089217737,51.70049862980387,20.39326945854996
2026-09-03 17:07:42.758745,267.49263804754884,362.2444887038922,51.56654512591177,20.322904879876912
2026-09-03 17:07:42.857296,268.04919279664176,362.94584438142874,51.423175530661155,20.27640322104884
2026-09-03 17:07:42.947647,268.559875212024,363.58609617195515,51.322067503809855,20.214033513849824
2026-09-03 17:07:43.057650,269.0800013128554,364.2344102735124,51.27283593626501,19.699725573789298
2026-09-03 17:07:43.157746,269.63148003854354,364.9220998289733,51.183225337106556,19.6472470483777
2026-09-03 17:07:43.258655,270.18703767304186,365.6126600606184,51.1493484241287,19.5493732301092
2026-09-03 17:07:43.357200,270.7272741842685,366.2833637270818,51.13832066515973,19.564011749942438
2026-09-03 17:07:43.459280,271.1796382241177,366.84317564144885,51.08120952414965,19.141966277176433
2026-09-03 17:07:43.545529,271.64329600305854,367.41740757591174,51.10051305417787,19.169851199736495
2026-09-03 17:07:43.660640,272.1671211976175,368.06539672133954,51.19068804939173,18.713777929396215
2026-09-03 17:07:43.759520,272.6855595470658,368.7099894273978,51.223883791647125,18.700817679754127
2026-09-03 17:07:43.860028,273.21178928180063,369.36504619732665,51.302615802293815,18.706965374870894
2026-09-03 17:07:43.959189,273.7302483491934,370.0122494493469,51.302615802293815,18.614252867670753
2026-09-03 17:07:44.044978,274.0821556790649,370.4514172432973,51.408221167840196,18.08035611525675
2026-09-03 17:07:44.145665,274.5897882455331,371.08750474634485,51.4983608577126,18.156899260515
2026-09-03 17:07:44.261942,275.0895409490291,371.71625627578396,51.472338184648066,17.61670881376106
2026-09-03 17:07:44.360477,275.5729054064039,372.3233268569906,51.4502849048265,17.614986809717802
2026-09-03 17:07:44.460097,276.061780750649,372.93683396669496,51.34995238530338,17.737724882653108
2026-09-03 17:07:44.560165,276.5573622499812,373.55652722582914,51.316357810707785,17.749966446607118
2026-09-03 17:07:44.645175,276.869284237587,373.945798705106,51.28781944278825,17.094562441440328
2026-09-03 17:07:44.745131,277.34700823658966,374.5418360066702,51.220705494307666,17.091068766377692
2026-09-03 17:07:44.853179,277.86405532657477,375.1853889957366,51.2448878942484,17.089180512530163
2026-09-03 17:07:44.951554,278.33451443471245,375.7714617664762,51.27791409918746,17.10981100700493
2026-09-03 17:07:45.051954,278.6945819790253,376.2203294374387,51.27791463944309,16.383949646358687
2026-09-03 17:07:45.152107,279.15344855352583,376.792636314927,51.43482248881425,16.349819180195144
2026-09-03 17:07:45.259951,281.1570106184406,378.5068702902904,51.52464364550612,16.421838013560283
2026-09-03 17:07:45.359680,281.6125272536317,379.08003903644635,52.20541922851133,16.620525246526014
2026-09-03 17:07:45.460278,281.97571141391813,379.55079741599667,52.44318207958533,15.938473119278909
2026-09-03 17:07:45.560808,282.41232434761906,380.11863564817946,52.251933915238354,16.18355631583291
2026-09-03 17:07:45.653901,282.72517066053445,380.5243943624686,51.5131966128234,15.60681855131675
2026-09-03 17:07:45.752357,283.1526614257237,381.06207806232874,50.10291829588839,15.836521779775051
2026-09-03 17:07:45.853025,283.6097851173855,381.6088484537331,48.67222074790613,15.979023499419826
2026-09-03 17:07:46.285147,285.91881302569124,384.51871408074913,52.874991068526505,16.91649769203355
2026-09-03 17:07:46.385925,286.3787943431974,385.12636692699294,52.92010164718096,17.320693747615824
2026-09-03 17:07:46.485698,286.58080065029503,385.4122540160053,52.37379776216671,15.456651089918378
2026-09-03 17:07:46.585983,287.00384774601287,385.9610724919592,51.8687863829067,15.567064080786084
2026-09-03 17:07:46.678837,287.40284113667974,386.46935711355616,51.81683186815174,15.572743609603416
2026-09-03 17:07:46.781051,287.8427220319224,387.02868405243987,51.976968648034756,15.655806489183544
2026-09-03 17:07:46.881702,288.1621533048633,387.4385893560686,52.2249255558105,15.096412600909535
2026-09-03 17:07:46.982991,288.58088261802214,387.9788971217686,52.33827384118356,15.302633110050216
2026-09-03 17:07:47.083201,288.99973757455416,388.5215809457282,52.41677241629106,15.547811813298248
2026-09-03 17:07:47.175445,289.39077815160414,389.0296650894151,52.42709505669224,15.74931957826335
2026-09-03 17:07:47.277149,289.8274071437125,389.59719437543043,52.472620134501604,15.730657028491517
2026-09-03 17:07:47.383342,290.2822973605893,390.1894326413667,52.59145628125615,15.700035738660072
2026-09-03 17:07:47.482340,290.704397648767,390.74134631535816,52.59145628125615,15.770104604840949
2026-09-03 17:07:47.583095,291.0462080648217,391.1898406462154,52.56894782899243,15.300205367034366
2026-09-03 17:07:47.683453,291.4634239496187,391.73492386864456,52.65879298274827,15.332651830857513
2026-09-03 17:07:47.779859,291.8642368927696,392.26028181835085,52.701946552433725,15.372244572139055
2026-09-03 17:07:47.883149,292.2943541715511,392.82493124674863,52.60947653577894,15.390295599452047
2026-09-03 17:07:47.983044,292.7117043874401,393.3709898260675,52.48650938570267,15.34577842642223
2026-09-03 17:07:48.082582,293.12752362460697,393.9126318956474,52.430814978464646,15.304899411820626
2026-09-03 17:07:48.183032,293.5465646157834,394.4573735179701,52.37461028069034,15.218881347161984
2026-09-03 17:07:48.275027,293.9286639671954,394.9530850739759,52.35402072898602,15.13929967347227
2026-09-03 17:07:48.383349,294.3764331458152,395.533560985387,52.31765514249139,15.1071179545545
2026-09-03 17:07:48.483536,294.7900343926772,396.06903940183696,52.36250117578887,15.080854837020276
2026-09-03 17:07:48.582600,295.197874766094,396.59791452974423,52.3735870138781,15.017664252844364
2026-09-03 17:07:48.682955,295.6091957006036,397.1315166120333,52.407277939384166,15.021171873806693
2026-09-03 17:07:48.775083,295.9865969839711,397.6217109603991,52.43820691736257,15.034052152976342
2026-09-03 17:07:48.875510,296.3980590310945,398.1567429831408,52.460683648804604,15.030542015460684
2026-09-03 17:07:48.982747,296.83709581887763,398.7280946531664,52.460683648804604,14.997745602178314
2026-09-03 17:07:49.083369,297.2481513933991,399.2630322609283,52.48320402351619,14.960817593778618
2026-09-03 17:07:49.183534,297.6561237156007,399.794389550931,52.48320402351619,14.934560243345771
2026-09-03 17:07:49.283958,298.0644330722314,400.3261858062534,52.471965993512626,14.947722865818035
2026-09-03 17:07:49.378243,298.44821802439924,400.8258377102814,52.55637431494061,14.966671769649347
2026-09-03 17:07:49.475652,298.8444599109329,401.343283563518,52.51277177910788,14.871341513967527
2026-09-03 17:07:49.575836,299.2497965243691,401.87177240288474,52.51277177910788,14.87922021330092
2026-09-03 17:07:49.681491,299.67749484572676,402.42941704183613,52.53641859779716,14.849677275308794
2026-09-03 17:07:49.780663,299.9246249874552,402.75253841028996,52.48093589965377,14.445335356484177
2026-09-03 17:07:49.880747,300.31824217217,403.26515706012077,52.35773609737904,14.369250617143178
2026-09-03 17:07:49.980857,300.7109836867926,403.7743648624523,52.42495344683671,14.322013338320254
2026-09-03 17:07:50.193651,302.45847313610045,405.3747323261465,51.48776806212053,14.52812911375412
2026-09-03 17:07:50.292859,302.8596804780853,405.8788981164195,51.42115634695724,14.489986274187192
2026-09-03 17:07:50.401780,303.29965325206416,406.43046007445497,51.408967453206564,14.470951169666343
2026-09-03 17:07:50.508679,303.73100615680113,406.9709800107348,51.37307959265479,14.465346648119054
2026-09-03 17:07:50.600618,304.10214061479246,407.43544436879097,51.36279108352851,14.467756745998997
2026-09-03 17:07:50.708775,304.5389138991266,407.9818526536845,51.41120467434724,14.452635476090265
2026-09-03 17:07:50.807862,304.81576504071245,408.3263621274286,51.46495087792094,13.982667912895282
2026-09-03 17:07:50.892061,305.14365393631346,408.73805777629275,51.483795594089784,13.950295634967132
2026-09-03 17:07:51.008911,305.5974518028135,409.3082288136763,51.431490814120224,13.942127322288178
2026-09-03 17:07:51.097625,305.9421739569155,409.74054190876257,51.391780362684884,13.937476207455054
2026-09-03 17:07:51.198548,306.3345472984089,410.23191491030553,51.41436810469972,13.937476207455054
2026-09-03 17:07:51.298064,306.7212593933231,410.7165900141577,51.470050202297614,13.914867282638482
2026-09-03 17:07:51.394436,307.0946910544656,411.185554571718,51.51318855279164,13.911498876008205
2026-09-03 17:07:51.498295,307.4966561168566,411.6911327435676,51.48994369980551,13.907868782783884
2026-09-03 17:07:51.598013,307.7429077198023,411.99961381205,51.50027471243485,13.37297445513076
2026-09-03 17:07:51.697730,308.1140073768061,412.46615461242203,51.50027471243485,13.401728357536026
2026-09-03 17:07:51.797623,308.48656135111565,412.93452375821835,51.50027471243485,13.423550064276474
2026-09-03 17:07:51.893646,308.8452651621772,413.38548069108197,51.50027471243485,13.433618689287659
2026-09-03 17:07:51.994961,309.22402166614893,413.8616475620939,51.45492376008041,13.407059876737328
2026-09-03 17:07:52.097711,309.60776471788046,414.3433004142478,51.40893046832284,13.407059876737328
2026-09-03 17:07:52.205831,310.0119699618918,414.84980147420777,51.4573274970803,13.393833291867965
2026-09-03 17:07:52.296344,310.3496599030686,415.2736875211883,51.4877142913639,13.411233213435386
2026-09-03 17:07:52.404873,310.7548207915372,415.7828204424955,51.451279211355455,13.389421625336446
2026-09-03 17:07:52.491135,311.0765875366794,416.1866313878617,51.42231955198617,13.372085141884183
2026-09-03 17:07:52.592520,311.29153622779745,416.45528453736915,51.4219807119787,12.769379728102585
2026-09-03 17:07:52.693026,311.6493031345795,416.9038041990987,51.399486299417205,12.805386940124999
2026-09-03 17:07:52.793216,312.00712685545477,417.3520339899641,51.3546389232499,12.765991084189288
2026-09-03 17:07:52.893153,312.36329770520035,417.7974777596805,51.33227185951084,12.69962387571801
2026-09-03 17:07:52.993198,312.612916837132,418.10870353243405,51.33212587088088,12.210805691552302
2026-09-03 17:07:53.093040,312.9534414059762,418.53423642471216,51.34329877169757,12.18027089950349
2026-09-03 17:07:53.193036,314.0055808307949,419.7633962726392,51.21980351256697,12.2868169908124
2026-09-03 17:07:53.303220,314.38464311724937,420.2351885077741,51.170482589364866,12.332068184777146
2026-09-03 17:07:53.412364,314.6778896681934,420.5985043228301,51.11011644665014,11.82289161080731
2026-09-03 17:07:53.502597,314.97730534493246,420.9697083319192,51.08992125105324,11.837872329465036
2026-09-03 17:07:53.612326,315.3420342762211,421.4215591875185,51.12675919201139,11.823490096121823
2026-09-03 17:07:53.703645,315.64495977195077,421.7973378491225,51.106320936974846,11.83386342506051
2026-09-03 17:07:53.791979,315.93837020002377,422.1610474754301,51.096435848327374,11.77906098498244
2026-09-03 17:07:54.122429,316.91812105643965,423.3745546140175,51.170703246637395,11.123242398114664
2026-09-03 17:07:54.220637,317.54127560595447,424.2214075478887,51.362797083452094,11.159400384041676
2026-09-03 17:07:54.320864,317.8534704813019,424.6119669276315,51.362797083452094,11.151518303089748
2026-09-03 17:07:54.433371,318.1255018542414,424.95252729899784,51.3761297998321,10.577332030651489
2026-09-03 17:07:54.532172,318.3556056259986,425.24072500778004,51.354502876455186,10.1189594988617
2026-09-03 17:07:54.632137,318.63800429471956,425.59390414993834,51.34331621122272,10.124200483309401
2026-09-03 17:07:54.732057,318.9204909938816,425.94705200092875,51.34331621122272,10.127692900095372
2026-09-03 17:07:54.819607,319.1680914932363,426.25658722687274,51.323721502252525,10.144523224283363
2026-09-03 17:07:54.919716,319.4518018685,426.6110162853549,51.290113163241145,10.144523224283363
2026-09-03 17:07:55.019922,319.6386946896335,426.84411537353407,51.324053984456114,9.487372138380646
2026-09-03 17:07:55.119967,319.90385506821605,427.17537453560476,51.35764083755018,9.499610888688226
2026-09-03 17:07:55.219648,320.42760962776447,427.85560481273484,51.41389958837273,9.575933718248887
2026-09-03 17:07:55.319795,320.6949928984131,428.19071675393695,51.39148552418954,9.568933016410126
2026-09-03 17:07:55.419842,320.8770449919636,428.41890156898535,51.39223071368512,8.898147163912023
2026-09-03 17:07:55.519811,321.1251787535824,428.72964693259723,51.40341782654087,8.889411840311228
2026-09-03 17:07:55.635210,321.4112602607407,429.08805889472524,51.39050400689237,8.916637565707724
2026-09-03 17:07:55.734017,321.57096252541635,429.28815904557166,51.368795117199475,8.304575755249074
2026-09-03 17:07:55.834067,321.8028502935061,429.5783155854423,51.32401040829101,8.274851590465161
2026-09-03 17:07:55.934123,322.0341478628182,429.8672702172204,51.30161671096695,8.232011254589176
2026-09-03 17:07:56.028775,322.25192658136655,430.13911821240924,51.31220882058115,8.222913459928744
2026-09-03 17:07:56.125812,322.47489457680484,430.41754933024106,51.27963180560101,8.220369722581415
2026-09-03 17:07:56.233893,322.61333452820617,430.58998216697523,51.21936664019923,7.537414918279147
2026-09-03 17:07:56.334043,322.8246981060387,430.8530474761168,51.21936664019923,7.529538892783665
2026-09-03 17:07:56.434473,323.0364311391449,431.1165726131378,51.23060534163771,7.532171574562701
2026-09-03 17:07:56.534556,323.1525009524136,431.2608522435846,51.18591616141679,6.952514656480227
2026-09-03 17:07:56.626162,323.33095976171865,431.48269854715926,51.13465993897465,6.934104163990741
2026-09-03 17:07:56.835765,323.73866148223175,431.9885947286884,51.0877483480634,6.9066313969424895
2026-09-03 17:07:56.935347,323.83674978377394,432.10957989445774,51.098950441092946,6.3095263959399
2026-09-03 17:07:57.035390,324.01395390055046,432.3291831322641,51.098950441092946,6.306903859016471
2026-09-03 17:07:57.135254,324.1093154458707,432.44706832116475,51.076635638566664,5.80474598069731
2026-09-03 17:07:57.258264,324.66590539069693,433.11705228394885,51.03091674477274,5.840213274071663
2026-09-03 17:07:57.475414,325.02245271161075,433.5578376663499,51.00661639609839,5.885752403679751
2026-09-03 17:07:57.572741,325.0946258736144,433.646543714211,50.97364916313957,5.161838865928058
2026-09-03 17:07:57.660929,325.2227640864036,433.80463251194226,50.97364916313957,5.156444738724676
2026-09-03 17:07:57.761709,325.3690456006937,433.9851053640374,51.007482768565325,5.144996692968143
2026-09-03 17:07:57.861971,325.51414633192064,434.1643377003666,51.007482768565325,5.149377155985994
2026-09-03 17:07:57.961853,325.5611241918278,434.2221718871049,51.00733418850279,4.500635198343332
2026-09-03 17:07:58.074194,325.70334450363293,434.3978453201591,51.070192246767235,4.675366993177128
2026-09-03 17:07:58.172882,325.8329550657675,434.55830256760555,51.15854233877641,4.7814346828693255
2026-09-03 17:07:58.273327,325.9676082159274,434.72552938422484,51.225984618930994,4.884124607498554
2026-09-03 17:07:58.374210,326.10555102254693,434.8972550575778,51.225984618930994,4.93789726172133
2026-09-03 17:07:58.460651,326.22504779245696,435.0460171697835,51.17761836427386,4.971886853326668
2026-09-03 17:07:58.561784,326.30510252758523,435.1456605060495,51.154950520771266,4.628729075130856
2026-09-03 17:07:58.661489,326.43450497088037,435.30634580599724,51.154950520771266,4.626115398572271
2026-09-03 17:07:58.761341,326.5640250219541,435.4671771452367,51.16612454064615,4.639203048726619
2026-09-03 17:07:58.861113,326.6937760005262,435.62835957641323,51.23311494510216,4.70284524936862
2026-09-03 17:07:58.961289,326.8256476434123,435.7925690797568,51.3003766092643,4.797382091709351
2026-09-03 17:07:59.077686,326.9817241433674,435.9873870212731,51.33945311423296,4.914346378671928
2026-09-03 17:07:59.176117,327.1156975315179,436.15485660413805,51.339452868697144,5.005016675402048
2026-09-03 17:07:59.276248,327.2556548233376,436.3297985940158,51.40668431828806,5.064513134052281
2026-09-03 17:07:59.376309,327.43752951674463,436.5573753816128,51.48507299043895,5.303666197046252
2026-09-03 17:07:59.460704,327.5621332504619,436.71394000264695,51.503961573688976,5.302928750802628
2026-09-03 17:07:59.568375,327.77655230687526,436.98303077696625,51.588311738263165,5.6669739721411405
2026-09-03 17:07:59.660520,327.9215883926818,437.16594410988324,51.62955798516342,5.687908288002137
2026-09-03 17:07:59.767629,328.1531468824907,437.4577174238447,51.58161932925054,6.092469066152391
2026-09-03 17:07:59.875211,328.3352217458097,437.6872874002283,51.58161932925054,6.086828736148364
2026-09-03 17:07:59.975510,328.57714227335214,437.99186578170753,51.69386445308315,6.597104228368711
2026-09-03 17:08:00.075435,328.759813290626,438.2231164903373,51.816868532079816,6.602343115688638
2026-09-03 17:08:00.176024,329.013581316071,438.5449233829791,51.81687167776126,7.149535022742043
2026-09-03 17:08:00.267357,329.1940345709971,438.77437756502064,51.82709237196101,7.133573608494996
2026-09-03 17:08:00.376326,329.48007714869345,439.1376040634363,51.827094526136875,7.681019268231815
2026-09-03 17:08:00.475447,329.6904284394011,439.4051731368913,51.90474004318339,7.716530291084915
2026-09-03 17:08:00.575300,329.90294567429646,439.6762525959602,51.89356591140269,7.770626453480896
2026-09-03 17:08:00.675653,330.11807785659556,439.9505573949822,51.97217650423537,7.756596249248614
2026-09-03 17:08:00.775860,330.4502303441631,440.3742737422667,51.97217808841544,8.729844708174378
2026-09-03 17:08:00.867427,330.67037272263826,440.6557612899615,51.92094368760807,8.783452440773809
2026-09-03 17:08:01.068480,331.2589306092259,441.40660536305114,51.830948489363045,9.554568037057116
2026-09-03 17:08:01.174397,331.61208121185587,441.8559276208072,51.902065339444874,10.128960389182492
2026-09-03 17:08:01.283943,331.9181353318707,442.2462818866331,51.95110067899597,10.158634100567378
2026-09-03 17:08:01.376050,332.24551625741026,442.6643231297352,51.96140829225003,10.760910018482107
2026-09-03 17:08:01.484958,332.5683443310113,443.07695104976676,51.98578317020007,10.753296885429135
2026-09-03 17:08:01.584247,332.9324951302902,443.54255435628863,51.985783369797375,11.344877630658196
2026-09-03 17:08:01.667879,333.1937103955184,443.8767237064497,51.95770664734285,11.354377759282032
2026-09-03 17:08:01.774199,333.6239572406223,444.4264457571221,51.76734160518486,12.170658777434248
2026-09-03 17:08:01.874273,333.96091192450945,444.85413692603714,51.76734160518486,12.137429683001983
2026-09-03 17:08:01.973931,334.38428576566434,445.3919422048269,51.789646334600015,12.90424260526722
2026-09-03 17:08:02.073906,334.74102050569854,445.84510267098034,51.75608298172803,12.895506757384481
2026-09-03 17:08:02.173613,335.17750467534694,446.39919571624586,51.666820697528834,13.626600344861682
2026-09-03 17:08:02.273791,335.55600076531874,446.8778847090908,51.63318919401284,13.623098910426284
2026-09-03 17:08:02.374251,336.0159003809322,447.4593190144787,51.678157469325704,14.235674918603841
2026-09-03 17:08:02.473625,336.40804264748806,447.95546825449975,51.64479588264602,14.19746825644833
2026-09-03 17:08:02.573393,336.8883151610108,448.5627333646092,51.64479591130298,14.81840678390457
2026-09-03 17:08:02.667314,337.27439470927044,449.0506276504262,51.74989897590548,14.749469265729463
2026-09-03 17:08:02.767553,337.68357719276827,449.56967127394125,51.8845069050292,14.724068408493533
2026-09-03 17:08:02.867792,338.09083655893005,450.0887792515564,52.00789750672593,14.73545499966826
2026-09-03 17:08:02.968609,338.6106450682545,450.753243401636,52.075589576100086,15.641437361333294
2026-09-03 17:08:03.080797,339.09278941217855,451.3720410159295,52.05048059597503,15.622811616153891
2026-09-03 17:08:03.180189,339.5196723450088,451.9194196369439,52.00599042318312,15.599362372238357
2026-09-03 17:08:03.280931,339.95213404820663,452.4730646796592,51.904527878696086,15.57119319274659
2026-09-03 17:08:03.380289,340.50009232299897,453.1720450865013,51.926765363121106,16.396389898474332
2026-09-03 17:08:03.468553,340.89905271091345,453.68134792953737,52.1440649784038,16.350885930708582
2026-09-03 17:08:03.569063,341.3499084549297,454.2614174433747,52.40276101819634,16.24637303407182
2026-09-03 17:08:03.669154,341.79341887701025,454.83738487748,52.380359487464915,16.119556266067278
2026-09-03 17:08:03.768720,342.37303291195434,455.58751624998797,52.34693344754145,16.907419643416418
2026-09-03 17:08:03.868992,342.83600881047505,456.1875522555562,52.302049366265386,16.860105924286138
2026-09-03 17:08:03.968685,343.29548912985,456.78209426917067,52.46939276900946,16.876657216885793
2026-09-03 17:08:04.079694,343.8056889624266,457.44626470740724,52.606040853125954,17.115277275353712
2026-09-03 17:08:04.190019,344.4211336793819,458.2497844964527,52.692462921404456,17.870524615974198
2026-09-03 17:08:04.279538,344.85458287702306,458.81861265515545,52.65239213323078,17.81576922146252
2026-09-03 17:08:04.389889,345.38775181186725,459.5172918354975,52.64004321415842,17.82926873003558
2026-09-03 17:08:04.487999,345.86227061373603,460.1388364556816,51.13590926271329,17.860988399276586
2026-09-03 17:08:04.587868,346.47327623309116,460.9025273361761,51.06885372999582,18.522178672488227
2026-09-03 17:08:04.687714,346.9927883009931,461.5456500205092,51.04650703311589,18.460234184159443
2026-09-03 17:08:04.787453,347.51025775662123,462.18573320880347,50.94605466246023,18.460234184159443
2026-09-03 17:08:04.887411,348.0299873119488,462.8263116298295,50.93486878056849,18.452373257983933
2026-09-03 17:08:04.988131,348.6673907640355,463.615231572045,50.91232647281539,19.117359436163024
2026-09-03 17:08:05.088094,349.20603838824337,464.2783287478818,50.95707223849872,19.120853355890567
2026-09-03 17:08:05.188493,349.74661388717493,464.944862186372,50.95707223849872,19.15769952387889
2026-09-03 17:08:05.287487,350.2806516036302,465.60333449252704,50.89060421040749,19.159429549435885
2026-09-03 17:08:05.388191,350.93359143807027,466.4085379555566,50.924412301559414,19.760376498297546
2026-09-03 17:08:05.484763,351.4713300276348,467.07080147367566,50.967640176708926,19.76290804608969
2026-09-03 17:08:05.589508,352.05411059784905,467.78964503778207,50.94419702661089,19.772060698117475
2026-09-03 17:08:05.688250,352.60402343629914,468.46738012534286,50.88894800453392,19.81692685942295
2026-09-03 17:08:05.788670,353.2633986876818,469.2794816459442,50.84399767513439,20.437512009433767
2026-09-03 17:08:05.888379,353.83862236770585,469.9858823840009,50.855155692477105,20.50459906575143
2026-09-03 17:08:05.988729,354.4193054116487,470.6992711631232,50.84392594350418,20.565102512730448
2026-09-03 17:08:06.088721,354.9997639070912,471.41209866901613,50.85511563019378,20.599178112788607
2026-09-03 17:08:06.189557,355.67489239868894,472.2420894458081,50.91153630625824,21.102933585015737
2026-09-03 17:08:06.288398,356.2628214188806,472.9658336330169,50.81198835843466,21.099478881577568
2026-09-03 17:08:06.389625,356.8661310410638,473.70588040698146,50.789332577681655,21.094171732748602
2026-09-03 17:08:06.489824,357.46345314394415,474.4379913267341,50.733268321710646,20.92869427442552
2026-09-03 17:08:06.589633,358.1746341654799,475.3088344937097,50.688591490054556,21.595104950978346
2026-09-03 17:08:06.691527,358.79782475881416,476.06991537787053,50.722799084728614,21.51408282138703
2026-09-03 17:08:06.786474,359.37592638155536,476.7767912358694,50.77592469388319,21.516571771271273
2026-09-03 17:08:06.885484,359.9781522288773,477.51455992231047,50.798084284233155,21.50878539798812
2026-09-03 17:08:06.987204,360.71406852129286,478.4170223886539,50.866382643928254,22.20968973416243
2026-09-03 17:08:07.086133,361.3339833558408,479.1789136298327,50.943877759553544,22.210554178968827
2026-09-03 17:08:07.187482,361.96803093638977,479.9603309173633,51.03461010264528,22.2326939500883
2026-09-03 17:08:07.286968,362.5898271662915,480.7291344068276,51.023477040300286,22.289199222966566
2026-09-03 17:08:07.387941,363.32577383067616,481.638167787022,50.98957864141565,22.908862455649842
2026-09-03 17:08:07.487280,363.9661556982765,482.4286794990358,50.933995580467894,22.9331672228407
2026-09-03 17:08:07.586951,364.61012941116053,483.22205030592073,50.867072990938425,22.88352430253435
2026-09-03 17:08:07.687079,365.25658387673474,484.0165789893982,50.87827789681945,22.872150320340364
2026-09-03 17:08:07.787642,366.0114593772486,484.9448614729521,50.833263557175464,23.488684318460535
2026-09-03 17:08:08.001615,367.4304905493403,486.68682941550117,50.71353943774429,23.460638773389064
2026-09-03 17:08:08.091493,368.0273597164206,487.4164127220874,50.753770922674576,23.44885842026071
2026-09-03 17:08:08.200210,368.8635871491825,488.44050519983574,50.88759763727673,24.12588660853176
2026-09-03 17:08:08.291419,369.4841548738236,489.2037759822989,51.050906723327,24.10118000544535
2026-09-03 17:08:08.398940,370.2123920592718,490.1047095423502,51.1231000769484,24.019441593124863
2026-09-03 17:08:08.498306,370.8820670899459,490.9353319265656,51.13421971059507,23.97429190014437
2026-09-03 17:08:08.598322,371.5546937848797,491.7699468134782,51.24614343488766,23.891267310622183
2026-09-03 17:08:08.698609,372.22517693785284,492.6052363255328,51.38081582176332,23.860596423718885
2026-09-03 17:08:08.799383,372.8960788868003,493.4450837873056,51.40337021584399,23.816568099911173
2026-09-03 17:08:08.898617,373.5551842464604,494.2708304248177,51.41447507792251,23.781883703660277
2026-09-03 17:08:08.999899,374.2267494854286,495.11252170560635,49.95238324756494,23.760643574141664
2026-09-03 17:08:09.101965,374.9243117054292,495.9424422867084,49.8495872333344,23.7989933827438
2026-09-03 17:08:09.202232,375.61214881853857,496.7578179432981,49.681280321485616,23.820896790087104
2026-09-03 17:08:09.297024,376.2652892754056,497.5274648302752,49.53277145148082,23.749663371377366
2026-09-03 17:08:09.387024,376.88544357179126,498.2544137594962,49.48241383276815,23.751236217207715
2026-09-03 17:08:09.502466,377.68178056008946,499.1862252806455,49.534088359163064,23.76939346404245
2026-09-03 17:08:09.601789,378.3667260593944,499.98916025848166,49.71192550630612,23.85184278520219
2026-09-03 17:08:09.702402,379.0604376625461,500.80750213741464,49.85829484895055,23.900196566113856
2026-09-03 17:08:09.801046,379.7398960909694,501.6131939481906,50.07907160185244,23.88381943123778
2026-09-03 17:08:09.886463,380.32515319241827,502.3126342558071,50.27980344867285,23.873370160059583
2026-09-03 17:08:09.993381,381.05433915285516,503.1903133066508,50.578922108535146,23.858422112904968
2026-09-03 17:08:10.099609,381.7738062132688,504.0655501785059,50.69779742232647,23.86120678401941
2026-09-03 17:08:10.202228,382.4671552362546,504.9125907138317,50.582960789555905,23.805612118972657
2026-09-03 17:08:10.301551,383.13830915596884,505.72917163121286,50.3940088207164,23.79606535546995
2026-09-03 17:08:10.401708,383.8175380271963,506.5500435139687,50.19226210002021,23.754056950181834
2026-09-03 17:08:10.502061,384.49978141119414,507.36867262310545,50.158571845949055,23.7523031746528
2026-09-03 17:08:10.593808,385.1239113480328,508.11667620970024,50.06616863706843,23.79799940534524
2026-09-03 17:08:10.693350,385.80368177635194,508.92869769337847,50.021611320784906,23.84757807489942
2026-09-03 17:08:10.793886,386.4923094403107,509.75000111749034,49.99911019387425,23.861633864090543
2026-09-03 17:08:10.893610,387.1760979309255,510.5648828066668,49.99911019387425,23.834620726284083
2026-09-03 17:08:10.993881,387.86285875116107,511.3833066686283,50.03277291911384,23.83286838379236
2026-09-03 17:08:11.101867,388.6018876638031,512.265070830304,50.056941442732985,23.836642724455388
2026-09-03 17:08:11.202169,389.28809233560247,513.0845102050419,50.09061457521377,23.85855377757703
2026-09-03 17:08:11.301250,389.96609048585293,513.8951170278599,50.15714101814271,23.862016869526293
2026-09-03 17:08:11.410516,390.7128531645681,514.790047350688,50.1082310131093,23.910710131734373
2026-09-03 17:08:11.498456,391.31570869838754,515.5112649995128,50.157436001882544,23.946825992451533
2026-09-03 17:08:11.610583,392.08474332212063,516.4328959631183,50.157436001882544,23.983077458693366
2026-09-03 17:08:11.701880,392.71186115289316,517.1844501751556,50.177869333063036,24.00302136227302
2026-09-03 17:08:11.810018,393.4549594995449,518.0756443349455,50.02055280363957,23.963335001712448
2026-09-03 17:08:11.909580,394.14024102597125,518.8929262632221,49.88685399739234,23.961595049750652
2026-09-03 17:08:11.992928,394.71547539732984,519.5757210163707,49.84021836623164,23.973976107653748
2026-09-03 17:08:12.110451,395.5277747393176,520.538317237643,49.84021836623164,23.865122610902898
2026-09-03 17:08:12.198447,396.1332268048302,521.255793961184,49.89930195311484,23.84666872534456
2026-09-03 17:08:12.300078,396.8310988736895,522.0845231930647,49.933421254097425,23.870646209532218
2026-09-03 17:08:12.400828,397.5231271358707,522.9073067870622,49.9785192993001,23.85303907426468
2026-09-03 17:08:12.496010,398.17581628917,523.6845594555331,49.999822138697034,23.919575346186654
2026-09-03 17:08:12.599906,398.8899306726078,524.5356024722677,49.87192990160484,23.92956165893272
2026-09-03 17:08:12.699872,399.579146462006,525.3532591691994,49.71531502166877,23.92956165893272
2026-09-03 17:08:12.799768,400.27011051529036,526.168457647141,49.62588347182129,23.860602994719226
2026-09-03 17:08:12.899626,400.96008874479446,526.9799217536578,49.55883532396249,23.79341568695594
2026-09-03 17:08:12.994693,401.8668808386416,528.0491710143143,49.59075097555035,24.136524122988416
2026-09-03 17:08:13.108834,402.6652440268032,528.9869378397087,49.69293531257227,24.22828195645969
2026-09-03 17:08:13.198433,403.29301098038155,529.7269902197586,49.69293531257227,24.260381633991344
2026-09-03 17:08:13.298939,403.99812976700485,530.5582299549565,49.71542972513375,24.319222687784066
2026-09-03 17:08:13.406608,404.7549834967391,531.4511686104134,49.811820026452416,24.35591448095414
2026-09-03 17:08:13.498164,405.3982624916777,532.2127051188924,49.87329392163718,24.291112918174523
2026-09-03 17:08:13.845081,407.8261518355777,535.0931903299495,49.87329392163718,24.227454106532946
2026-09-03 17:08:13.927658,408.4025502462055,535.7770382580528,49.87329392163718,24.220960062026304
2026-09-03 17:08:14.025204,409.08325175442945,536.5846329832859,49.92787374691435,24.211584100842742
2026-09-03 17:08:14.123495,409.76811135546785,537.3987334069915,49.92787374691435,24.18410026270745
2026-09-03 17:08:14.236820,410.556826631158,538.3362882564071,49.889828565976934,24.160334562210853
2026-09-03 17:08:14.324494,410.98590183676674,538.8451055520126,49.850583642750074,23.753798456527612
2026-09-03 17:08:14.425859,411.67993645674807,539.6678568861403,49.95267364316627,23.82997129271117
2026-09-03 17:08:14.525479,412.3627640995539,540.480255449619,49.93037752771669,23.82823032713762
2026-09-03 17:08:14.620065,413.01133980725683,541.2512931896205,49.87745390856606,23.86872860819189
2026-09-03 17:08:14.719947,413.69814725726343,542.066252164716,49.87745390856606,23.85301870946918
2026-09-03 17:08:14.816953,414.36473976319985,542.8572242857073,49.942587124043946,23.81487483881443
2026-09-03 17:08:14.917066,414.8597210167702,543.4459038058167,49.89777421486896,23.36015767356862
2026-09-03 17:08:15.017922,415.5381636951611,544.2515168664752,49.87520146823392,23.379545899454445
2026-09-03 17:08:15.125553,416.26312059233607,545.1116749765438,49.87520146823392,23.37860541629019
2026-09-03 17:08:15.225212,416.93435446635,545.9080909603571,49.78598209181994,23.38295953414038
2026-09-03 17:08:15.325016,417.4565276931983,546.5248381707179,49.75247614663325,22.87800661343252
2026-09-03 17:08:15.425074,418.1176930217009,547.3059066463338,49.75247614663325,22.848280071903798
2026-09-03 17:08:15.522295,418.7592772355855,548.0638429480649,49.79599452928983,22.812600221526875
2026-09-03 17:08:15.624712,419.43348993273713,548.8615528108555,49.84183876249601,22.774118529801864
2026-09-03 17:08:15.731939,420.00276129600826,549.5359784295473,49.865837413081344,22.26957060154338
2026-09-03 17:08:15.823882,420.59276325537076,550.2357809835015,49.93786011032822,22.251092380564828
2026-09-03 17:08:15.932167,421.2860202046732,551.0601550611586,49.9136246670291,22.19053571896855
2026-09-03 17:08:16.019512,421.84397470101385,551.7230672058616,49.952722322197616,22.196641506481974
2026-09-03 17:08:16.132292,422.459528648705,552.4556763967496,49.97796379881279,21.632143166859553
2026-09-03 17:08:16.232155,423.08056499918956,553.1952208725035,49.98913904965168,21.568442919468378
2026-09-03 17:08:16.331488,423.61225899733955,553.8288860429235,49.966907168142406,21.125876680721827
2026-09-03 17:08:16.431273,424.21842649576143,554.5504415577125,50.000406734697364,21.069201584184043
2026-09-03 17:08:16.519492,424.67336695081053,555.092856546145,50.03989561261036,20.65540111829687
2026-09-03 17:08:16.619891,425.2687771313611,555.8034430237528,50.08483654204266,20.581708782320224
2026-09-03 17:08:16.719719,425.7814043397281,556.4165901021898,50.10717921031309,20.15119363563351
2026-09-03 17:08:16.819544,426.3581494865337,557.1065452205464,50.151863203984135,20.31692571148243
2026-09-03 17:08:16.920021,426.94288975413434,557.8071745242677,50.24181489208001,20.4960318527114
2026-09-03 17:08:17.034599,427.6143048750014,558.61422891867,50.267458782021606,20.574124382183037
2026-09-03 17:08:17.133899,428.1980952775057,559.316595802879,50.267458782021606,20.601890353908164
2026-09-03 17:08:17.235265,428.7948360635024,560.0345434853741,50.2901456725924,20.617833662952098
2026-09-03 17:08:17.333501,429.3733223498877,560.7310897921196,50.26815931245081,20.608391380102688
2026-09-03 17:08:17.430773,429.9461340654007,561.4202651965804,50.26815931245081,20.621990834290234
2026-09-03 17:08:17.534443,430.55702494437475,562.1552553463913,50.33776697021005,20.58485008975395
2026-09-03 17:08:17.634015,431.1418544927712,562.8606314776274,50.382337715191895,20.496973690270686
2026-09-03 17:08:17.733680,431.48639282339855,563.2784858827725,50.382337715191895,19.406793671491457
2026-09-03 17:08:17.833850,432.0405437079193,563.9479189578283,50.40475692704277,19.411170115014407
2026-09-03 17:08:17.924526,432.542048710184,564.5542368545799,50.41490409911919,19.41354710448962
2026-09-03 17:08:18.018521,433.06186255213305,565.182916748007,50.38334833664654,19.311702016522098
2026-09-03 17:08:18.134409,433.6998120995797,565.953609126387,50.2536629207049,19.168920749745077
2026-09-03 17:08:18.234735,434.24950899023605,566.6146337513716,50.23120879423838,19.1145683358112
2026-09-03 17:08:18.334323,434.66290620752625,567.111083433744,50.26464222445409,18.492115691892746
2026-09-03 17:08:18.433607,435.18756613307863,567.7422464447117,50.275752681823576,18.437460242995556
2026-09-03 17:08:18.534419,435.6314082042266,568.2763872477035,50.24190833343917,17.95934866731177
2026-09-03 17:08:18.626222,436.1027833692405,568.8429914965824,50.26245491330885,17.91121801205721
2026-09-03 17:08:18.731752,436.56749524693674,569.4019609937367,50.227026649957196,17.44884543529242
2026-09-03 17:08:18.835062,437.0830370105889,570.0213272786274,50.16922169896602,17.399195498346064
2026-09-03 17:08:18.934264,437.50729538460763,570.529733602392,50.080411450227636,16.922592605270047
2026-09-03 17:08:19.034782,437.99526996521166,571.1129393549551,49.99042305702301,16.86462285563914
2026-09-03 17:08:19.142276,438.44007274632537,571.6422183008427,49.99042305702301,16.384022129239625
2026-09-03 17:08:19.332384,439.2581033461426,572.6163066412441,49.926600482501485,15.933641584850964
2026-09-03 17:08:19.443336,439.76687890617063,573.2210666739619,49.926600482501485,16.01701877145619
2026-09-03 17:08:19.541578,440.13809738561196,573.6618437144446,49.937594334007194,15.423943782828788
2026-09-03 17:08:19.642830,440.5874383713271,574.196164463476,49.96025571005117,15.430136985618248
2026-09-03 17:08:19.742314,441.0289027560081,574.7215406806089,50.23857667338513,15.216290559683209
2026-09-03 17:08:19.827586,441.39989500593276,575.1674295206325,50.582104262414475,14.989032162783603
2026-09-03 17:08:19.932907,441.77948037953524,575.630493203698,51.34819639447762,14.363925834083458
2026-09-03 17:08:20.032895,442.18049446691856,576.1319044012071,51.97479378219135,14.395378975860481
2026-09-03 17:08:20.132574,442.49573448292216,576.5397687033341,52.18673232538589,13.935592335342816
2026-09-03 17:08:20.232357,442.87684647419917,577.0308604636189,51.87407597093216,14.199780182417463
2026-09-03 17:08:20.432678,443.5347826206784,577.8730190708415,49.139191522813995,13.815020188088614
2026-09-03 17:08:20.531434,443.83643380107713,578.2147245155682,47.93459207325591,13.296966853181114
2026-09-03 17:08:20.632426,444.2386382132145,578.660393574081,47.52773474293351,13.137239535715116
2026-09-03 17:08:20.732075,444.63380211168135,579.0920586119511,47.862273832740094,13.009241315827074
2026-09-03 17:08:20.826210,445.0010987882438,579.4980162253138,48.55753461690929,13.093964447775559
2026-09-03 17:08:20.939232,445.43897532632235,579.993948206169,49.278460329314115,13.251978831275915
2026-09-03 17:08:21.031620,445.7960389145497,580.4087573909933,49.74370429707673,13.54341028176133
2026-09-03 17:08:21.140310,446.22128099204764,580.9109617099972,50.07210647174954,13.871069457254574
2026-09-03 17:08:21.238079,446.6103913624324,581.375872366638,50.061165551696384,14.079520777326604
2026-09-03 17:08:21.330202,446.68424437323995,581.4705490089948,49.91683815453785,12.669240326522193
2026-09-03 17:08:21.440252,447.08557714592445,581.9474313719869,49.7074791523854,12.929839472431956
2026-09-03 17:08:21.537674,447.44973765758266,582.3769483565827,49.68567497491774,13.10945883325537
2026-09-03 17:08:21.638723,447.83287485666455,582.8284993203447,49.78744671518367,13.279871934222287
2026-09-03 17:08:21.735286,448.2029853271215,583.2662713292384,49.841476523358686,13.505158690231257
2026-09-03 17:08:21.827223,448.56094317018596,583.6904797473056,49.8723413793026,13.732506311179606
2026-09-03 17:08:21.939809,449.00639285591564,584.2189502675238,49.7589501220949,13.813176280589502
2026-09-03 17:08:22.047255,449.43500641011866,584.7254094518928,49.63871179542376,13.903307476903032
2026-09-03 17:08:22.137801,449.5279523414587,584.8340734874082,49.598181298144134,12.700872115995272
2026-09-03 17:08:22.246870,449.9293296471585,585.3056598967034,49.56156493070832,12.651313596343787
2026-09-03 17:08:22.337636,450.2622977576502,585.6963647846252,49.54125044350799,12.678279548775336
2026-09-03 17:08:22.448214,450.66897839419255,586.1732213949361,49.55362476520134,12.697604231689617
2026-09-03 17:08:22.545728,451.0280682970356,586.5944593405649,49.64092383775507,12.721462485425299
2026-09-03 17:08:22.645770,451.3964994998616,587.027991534468,49.674509683696755,12.63754214272666
2026-09-03 17:08:22.745607,451.761498268129,587.4579953462915,49.55161392953323,12.789336078252564
2026-09-03 17:08:22.825501,452.0578411362234,587.8056018548974,49.5337327224691,12.769788820177224
2026-09-03 17:08:23.290823,453.76495555954904,589.8067134459246,49.74202168117681,12.435724237340771
2026-09-03 17:08:23.391022,454.1249270774831,590.231808928614,49.786873085953616,12.377062916136293
2026-09-03 17:08:23.490316,454.5585762322089,590.7442138764428,49.83131939166434,12.628357309520805
2026-09-03 17:08:23.591387,454.9266259671152,591.1802251405322,49.87656112393908,12.569185477511924
2026-09-03 17:08:23.691415,455.2888316259891,591.61000122792,49.921335985135435,12.510624267944548
2026-09-03 17:08:23.791362,455.64872366012196,592.0377099167537,49.96607458884633,12.452110479678955
2026-09-03 17:08:23.891500,456.00728382188373,592.4645117980543,50.01089868860321,12.393484870812859
2026-09-03 17:08:23.990679,456.3604089125626,592.885512502163,50.055293517637026,12.33542070674197
2026-09-03 17:08:24.091346,456.8814635480647,593.5059401730638,50.100354410107684,13.007411512662324
2026-09-03 17:08:24.192030,457.25700430101364,593.9550875199619,50.14542291217405,12.948466249095306
2026-09-03 17:08:24.292166,457.6284586120506,594.4000582734978,50.19024611668438,12.88984181112555
2026-09-03 17:08:24.392217,457.9975709275391,594.8429273084273,50.23503127321612,12.831267136250258
2026-09-03 17:08:24.492685,458.3661911831703,595.2859095367277,50.28000308865457,12.772448329488
2026-09-03 17:08:24.591517,458.72680607489593,595.7199639435682,50.3242425924111,12.714587315932166
2026-09-03 17:08:24.691721,459.28235947510404,596.3873032440597,50.369096235304305,13.522232391291384
2026-09-03 17:08:24.791874,459.6685220190411,596.8535812794171,50.41392704941035,13.463598000702733
2026-09-03 17:08:24.891852,460.0519755412707,597.3173264307214,50.45867952944284,13.405066063543867
2026-09-03 17:08:24.991932,460.4337904063252,597.7798249218858,50.50347766704963,13.346474410671641
2026-09-03 17:08:25.092211,460.81433143058183,598.2415151906775,50.548364881688634,13.28776625361355
2026-09-03 17:08:25.192104,462.6159184385091,606.8741027552355,54.357742058001655,13.419128934364286
2026-09-03 17:08:27.174121,465.28067192395775,609.6032765809609,54.270013655883304,12.053937030591115
2026-09-03 17:08:27.265370,465.56781019802827,610.0024307787529,54.03515389133222,12.147225426554003
2026-09-03 17:08:27.361691,465.8749924738186,610.4257768891698,53.657893076397094,12.1564836427511
2026-09-03 17:08:27.463076,466.20150029637415,610.8695794726435,53.63520193340516,12.044859560594023
2026-09-03 17:08:27.573399,466.55371980394995,611.3479334214331,53.96853814755944,11.932070864741862
2026-09-03 17:08:27.665581,466.84295761474584,611.7455757569284,54.12327368116515,11.989260605173367
2026-09-03 17:08:27.765933,467.1581636310769,612.1813883824403,54.10081373559602,12.148852587993696
2026-09-03 17:08:27.865937,467.47663030025035,612.621345985842,54.10081373559602,12.251091656365654
2026-09-03 17:08:28.083284,468.0157780496955,613.37313570464,53.71815697726988,11.854965516956746
2026-09-03 17:08:28.180397,473.33651859903716,613.0479248269751,20.11424552224891,12.226641488300652
2026-09-03 17:08:28.280249,473.8490022116926,613.2356116934498,21.611564185483285,12.285099658990077
2026-09-03 17:08:28.387604,474.39714182357835,613.4527635041536,21.50344134234531,12.656575960048148
2026-09-03 17:08:28.486781,474.81687428726866,613.5772006388603,21.18907833992545,12.384335063036673
2026-09-03 17:08:28.588003,475.3393821913195,613.7797535224089,20.951204392129867,12.62491392622565
2026-09-03 17:08:28.689086,475.83263532064973,613.9579675309946,20.591125926773366,12.694079058908097
2026-09-03 17:08:28.781617,476.32418066583233,614.1426403972263,20.404740294089283,12.935832182579915
2026-09-03 17:08:28.880010,476.8574687344812,614.3410186768598,20.030374818418494,13.21611434063624
2026-09-03 17:08:28.972570,477.33600969663723,614.5096679616352,19.76202812959632,13.25301503009785
2026-09-03 17:08:29.080452,477.9375270631884,614.7257773294172,19.496430410300487,13.46794525166639
2026-09-03 17:08:29.178681,478.4988138503241,614.9249484035314,19.34246737118409,13.669006028095037
2026-09-03 17:08:29.389734,481.4507165161506,613.78436972952,7.820807272377707,14.211717876091008
2026-09-03 17:08:29.500168,482.1636502859757,613.8875136807706,7.704363765445428,14.619714704344112
2026-09-03 17:08:29.600198,482.81150462136776,613.9751572679963,7.469291044120104,14.86357894537959
2026-09-03 17:08:29.700421,483.49532902196563,614.0689184712166,7.216642178961664,15.191247414930436
2026-09-03 17:08:29.799748,484.16452461247064,614.1536550186283,6.972106253927854,15.44815248774271
2026-09-03 17:08:29.899715,484.88460571640957,614.2456146052017,6.965548823311573,15.789330931881647
2026-09-03 17:08:30.101071,486.3370926007442,614.426133911331,7.126806056768925,16.317056247795385
2026-09-03 17:08:30.204170,487.0833252745329,614.5194366694026,7.207567703261376,16.460296549627998
2026-09-03 17:08:30.301713,487.8426051172912,614.6174853736584,7.297310469224525,16.88567788499759
2026-09-03 17:08:30.400427,488.58171958457274,614.7121328565563,7.142657074490225,16.917592831786468
2026-09-03 17:08:30.502409,489.405034270769,614.8169640412063,7.235795906787206,17.39064330892409
2026-09-03 17:08:30.702907,491.01427980044394,615.022431038234,6.967864630300414,17.923087720349844
2026-09-03 17:08:30.798373,491.7735362495525,615.115223774995,6.925131826495758,18.014013885374226
2026-09-03 17:08:30.898198,492.6472488190378,615.2225111298761,6.993148787301571,18.50266496511283
2026-09-03 17:08:31.005092,493.5248376375957,615.3301589683647,6.861566120098473,18.60073950472338
2026-09-03 17:08:31.107723,494.4498132876809,615.4423065692068,6.862193144602919,19.11611152554997
2026-09-03 17:08:31.206599,495.2887216420645,615.5432640160851,6.906452343783666,19.18436607911341
2026-09-03 17:08:31.307683,496.2276171288198,615.6574914907642,6.906852995823511,19.715649135591544
2026-09-03 17:08:31.408071,497.1059842794771,615.7638921946472,6.839448987459145,19.698982457274166
2026-09-03 17:08:31.507779,498.0659683629881,615.8794861564658,6.6388943592229,20.22069211114613
2026-09-03 17:08:31.615744,499.03536928088374,615.9923165946975,6.79595921245862,20.37824018954795
2026-09-03 17:08:31.714567,500.0129302209056,616.1090912986743,7.017308590121973,20.88002264193404
2026-09-03 17:08:31.813471,500.92920511423694,616.2218766917986,6.950900991173201,20.920641280646457
2026-09-03 17:08:31.898255,501.80921121918294,616.3292193310368,7.026930198005996,21.45492875908788
2026-09-03 17:08:32.000141,502.7790813198806,616.4487671637253,7.03833183431746,21.527041695709887
2026-09-03 17:08:32.205881,506.2276961163362,604.0217296852791,336.6943991548015,22.060267947592887
2026-09-03 17:08:32.313234,507.2000108672506,603.6028721171681,336.65835887852376,22.036816597811548
2026-09-03 17:08:32.415103,508.12142532499587,603.2052542442805,336.60136020896107,22.03325605932506
2026-09-03 17:08:32.514547,509.12579965707226,602.7977076889093,336.35953343307074,22.64564081082597
2026-09-03 17:08:32.614177,510.0497622945378,602.3932609688957,336.29263837237283,22.562066074784454
2026-09-03 17:08:32.723141,511.1708445350583,601.9194982125225,336.4700539807767,23.101102158410455
2026-09-03 17:08:32.801187,511.90981784615343,601.5977241171481,336.67966521864594,22.94902318826796
2026-09-03 17:08:32.904512,512.8832448663026,601.1780905926257,336.9918572758552,22.795537464814803
2026-09-03 17:08:33.024280,514.0066512740394,600.7010444307125,336.81762170560245,22.695069945129767
2026-09-03 17:08:33.113709,514.8407029756992,600.3438730150227,336.81762170560245,22.616926595261745
2026-09-03 17:08:33.223820,515.8641075835484,599.9056137657681,337.0147746924138,22.488960181811606
2026-09-03 17:08:33.313856,516.9701025748467,599.447230146667,337.20233877595285,23.64290889264551
2026-09-03 17:08:33.422816,518.0317695181429,599.0009974509481,337.2267252921081,23.399172314263264
2026-09-03 17:08:33.521913,518.9875517261156,598.5997481003592,337.0271137344453,23.33163111618815
2026-09-03 17:08:33.621227,519.9412592803081,598.1954557897217,336.8937479599165,23.145052192182465
2026-09-03 17:08:33.720848,520.8893257445918,597.7909488950065,336.8491552813941,23.009255514312475
2026-09-03 17:08:33.908175,523.0496150046492,596.8740152641845,336.57452731230785,24.147848021247082
2026-09-03 17:08:34.008808,524.0464154336368,596.4421349515628,336.32677610927215,23.95087711260356
2026-09-03 17:08:34.107721,525.0163572655863,596.0169007734561,336.42639657206666,23.81690983793295
2026-09-03 17:08:34.210388,524.750666795501,592.6095857254861,328.0405582366007,23.577460457319024
2026-09-03 17:08:34.324254,525.7689062186167,591.9743208994497,328.16798091687485,23.56353095017201
2026-09-03 17:08:34.421338,526.6377624816744,591.4349347476834,328.20057371057555,23.220808402972654
2026-09-03 17:08:34.521878,527.5247742708478,590.8849764336069,328.4368449432262,23.05740335252974
2026-09-03 17:08:34.625110,528.4314316367734,590.3280004896974,328.5639198202138,22.794908385636397
2026-09-03 17:08:34.720256,529.5874279105084,589.6506099070308,328.4750486929293,23.90328171100227
2026-09-03 17:08:34.821178,530.5066905186878,589.0867342553438,328.4072861383197,23.637841939812887
2026-09-03 17:08:34.921334,531.4081901075918,588.532286025505,328.3400379028559,23.419050346778704
2026-09-03 17:08:35.022349,532.3083547966888,587.9772015767898,328.4304712335983,23.150717954822728
2026-09-03 17:08:35.122096,533.3614581842736,587.3376253000705,328.4134896569904,23.509071778262467
2026-09-03 17:08:35.208604,534.1359224912212,586.8614229931119,328.4134896569904,23.292881602327427
2026-09-03 17:08:35.323150,535.1519671582968,586.2366778497993,328.45194474894413,22.957577871816735
2026-09-03 17:08:35.422735,536.0229482771393,585.7019345802995,329.0091517999998,22.620819389983456
2026-09-03 17:08:35.523308,536.6256495105342,585.3378117272364,329.02404104699133,21.55308417744114
2026-09-03 17:08:35.622808,537.259820061568,584.9560775943212,329.03306829692514,20.769260768018693
2026-09-03 17:08:35.722798,537.9125006905776,584.5638687931508,329.0390115817873,20.111328513957115
2026-09-03 17:08:35.812961,538.4933247823477,584.2151145252546,329.0431020142627,19.529628387152187
2026-09-03 17:08:35.914159,539.4168766194091,583.6613924030777,329.1060906128819,19.96168694802498
2026-09-03 17:08:36.012640,540.171002492607,583.2101662502357,329.2493583738369,19.560679889791935
2026-09-03 17:08:36.120154,541.1049571187639,582.654083952218,329.60785028482195,20.02417094349177
2026-09-03 17:08:36.220581,541.8804044576445,582.199274507277,329.76518740491616,19.818827898825745
2026-09-03 17:08:36.320836,542.7186531400988,581.7099518665165,329.7867522714667,20.212286518104374
2026-09-03 17:08:36.420707,543.4984735920314,581.255844108191,329.5744054958431,20.026406523095535
2026-09-03 17:08:36.514173,544.2612225942677,580.8077376858176,329.26029857481694,19.99483703895586
2026-09-03 17:08:36.620895,545.0811270198107,580.3201453261212,329.140870446278,19.55840818191846
2026-09-03 17:08:36.720686,545.8697537830398,579.8491026860971,329.4198549038539,19.432985767456444
2026-09-03 17:08:36.820901,546.61926929463,579.4061909504252,329.5880745291636,19.145762098992773
2026-09-03 17:08:36.919890,547.324534621207,578.9923339131996,329.61030899980443,18.896112642569786
2026-09-03 17:08:37.010330,547.983543444594,578.6058551032407,329.2763238438037,18.639275656505898
2026-09-03 17:08:37.111864,548.6960459167287,578.1823615472678,329.0831956716227,18.17378881707988
2026-09-03 17:08:37.220812,549.4554186627892,577.7275837896057,328.96127651954475,17.896759391581046
2026-09-03 17:08:37.321033,550.0929276357962,577.3436004427201,329.1183539324613,17.365800521901008
2026-09-03 17:08:37.420978,550.7588224555519,576.9453602745625,329.01769408841653,17.041797819751874
2026-09-03 17:08:37.520341,551.3737573747085,576.5759947544483,328.99548326863663,16.58993279564249
2026-09-03 17:08:37.619549,552.004399137925,576.1969992877134,328.90666764841893,16.38101406074181
2026-09-03 17:08:37.720565,552.5666152760227,575.8576157651894,328.94061773381975,15.715716812340688
2026-09-03 17:08:37.820879,553.170337205584,575.4940108935845,328.9518434541832,15.570210013452446
2026-09-03 17:08:37.920352,553.7035853328639,575.1728631874862,328.99638999994994,14.986786700222634
2026-09-03 17:08:38.020550,554.2789764010429,574.8270840102373,328.9066880856429,14.814306626431698
2026-09-03 17:08:38.116340,554.7387324116829,574.5496120646756,328.9281451250933,13.964256579716592
2026-09-03 17:08:38.221632,555.3017182241786,574.2103743877589,328.88101397496445,13.798648496547301
2026-09-03 17:08:38.321186,555.7239210677618,573.9552760137226,328.7807622056148,12.980811612624828
2026-09-03 17:08:38.420788,556.2182079052124,573.6556983836098,328.8030542924549,12.845040834282846
2026-09-03 17:08:38.520836,556.6189307388335,573.4128177357645,328.8366501881177,12.237653834235495
2026-09-03 17:08:38.731570,557.5176639824158,572.8692148175139,328.90740240095494,11.632936238775311
2026-09-03 17:08:38.831571,557.880206135706,572.6506181759127,328.9745504150306,11.11691845547245
2026-09-03 17:08:38.931841,558.3072293129403,572.3937785426814,329.03065439756745,11.207163193778864
2026-09-03 17:08:39.038706,558.669464032062,572.1766125957732,329.0784924255627,10.578782135433174
2026-09-03 17:08:39.146749,559.1077940592579,571.9140539606583,329.13894562776903,10.602384216273254
2026-09-03 17:08:39.239611,559.3818581926535,571.7506231506592,329.15973106488207,9.996310183618649
2026-09-03 17:08:39.348145,559.798288859469,571.5019838011972,329.17187665108065,10.082612181901801
2026-09-03 17:08:39.440317,560.0450712325937,571.3549926896617,329.2131362044828,9.427753916698707
2026-09-03 17:08:39.631736,560.7381329240073,570.9420603381167,329.5130288049918,10.088440958476289
2026-09-03 17:08:39.842353,561.5566776395256,570.4601513360346,329.2773361254272,10.587183442020827
2026-09-03 17:08:40.057217,562.4308806042832,569.9406197807514,329.34946972134105,11.090350384576304
2026-09-03 17:08:40.160783,562.8726088006614,569.6788563578273,329.2915215309011,11.387178269105652
2026-09-03 17:08:40.261829,563.3148582580225,569.4161793237006,329.2575986246315,11.602616415021007
2026-09-03 17:08:40.361769,563.7603857568545,569.1511983092241,329.2799663598055,11.782511880191908
2026-09-03 17:08:40.462574,564.2168428796396,568.8799579895124,329.2912470259262,11.72789996417209
2026-09-03 17:08:40.562437,564.6669912564222,568.6125864216525,329.4029995343152,11.790727605434617
2026-09-03 17:08:40.646659,565.0491105751496,568.3866286869526,329.5443735130891,11.808390034971124
2026-09-03 17:08:40.754464,565.5396730381615,568.098176825933,329.5323095062329,11.858316224811517
2026-09-03 17:08:40.952129,566.4428310573757,567.5668618782809,330.0189465094828,11.63723421872705
2026-09-03 17:08:41.053628,566.2160178768571,567.7071571132467,330.58686350355975,9.639553807335277
2026-09-03 17:08:41.153542,566.5910757551006,567.4957095516025,331.02292086695144,9.621219720201017
2026-09-03 17:08:41.262466,569.9156192279072,569.8826024347185,336.7725936283478,9.769457323035892
2026-09-03 17:08:41.361493,570.3130493831335,569.712038581439,336.9277373943825,9.806665271779293
2026-09-03 17:08:41.462508,570.6681498783399,569.5667818060369,336.96671930530243,9.52941115141768
2026-09-03 17:08:41.562567,571.0604220724767,569.400003163319,336.93312775216395,9.414001072062366
2026-09-03 17:08:41.660108,571.4380972187259,569.2391690939568,336.8348891024269,9.334735645240942
2026-09-03 17:08:41.761108,571.8255890006127,569.0733691311341,336.371487104451,9.340913434141264
2026-09-03 17:08:41.861958,572.2848246409425,568.868794813067,336.1873213720427,9.565780014693065
2026-09-03 17:08:41.961988,572.6761667614555,568.6960889187781,336.09776985915687,9.525573007210513
2026-09-03 17:08:42.061640,573.1891886416585,568.4646553711896,336.126769528544,9.807638932727613
2026-09-03 17:08:42.154293,573.5606614657662,568.3002488712773,336.54150592379597,9.703199898678646
2026-09-03 17:08:42.263402,574.1147911570038,568.0560278363464,337.07568637035075,10.288440148296294
2026-09-03 17:08:42.363211,574.5375909617393,567.8772187379207,337.38842419224096,10.288440148296294
2026-09-03 17:08:42.462829,575.0728536175935,567.6503186460286,337.3306813216551,10.840661639679587
2026-09-03 17:08:42.562857,575.5201601848297,567.4634876341911,337.11800073097237,10.79346305286409
2026-09-03 17:08:42.670706,575.999593242052,567.2611446595092,336.9248978395753,10.673779769838522
2026-09-03 17:08:42.761300,576.3972863471266,567.0917183957118,336.69172393619294,10.804395965397084
2026-09-03 17:08:42.859589,576.9825006906508,566.8385273217206,336.9764510682164,11.456661198857901
2026-09-03 17:08:42.959791,577.4548150140246,566.6378126448365,337.2567807410079,11.240395823416106
2026-09-03 17:08:43.060302,578.1404708742504,566.3473388998693,337.80664662165765,12.004296093976269
2026-09-03 17:08:43.160051,578.636106456288,566.1451408341158,338.2531463646772,11.87355459503322
2026-09-03 17:08:43.260153,579.1296279595209,565.9482771337209,338.8020441848337,11.58752948752047
2026-09-03 17:08:43.359862,579.6111812763348,565.7615146770266,339.3153129825986,11.26690563395032
2026-09-03 17:08:43.460417,580.3950873745176,565.4552756886274,339.2807103715863,12.464921891991846
2026-09-03 17:08:43.560007,580.9141433665661,565.2589410471597,339.11353986333313,12.326556809309087
2026-09-03 17:08:43.659629,581.6519215222651,564.9729376068684,339.0239258805952,13.238353951443122
2026-09-03 17:08:43.759528,582.2039517050224,564.7612975182725,339.12453939563073,13.058532287693794
2026-09-03 17:08:43.859545,582.9417400591068,564.4771920890098,339.2362112344138,13.88820279895539
2026-09-03 17:08:43.959716,583.5232661977416,564.2567114911413,339.2922598235701,13.750781100463646
2026-09-03 17:08:44.057975,584.2666871744251,563.9735102395118,339.40205710937073,14.576627818056552
2026-09-03 17:08:44.153602,584.849988970052,563.7542854095317,339.3913558915827,14.42120773889697
2026-09-03 17:08:44.267415,587.40448752302,575.3395955275791,19.307116338876636,15.091413575809321
2026-09-03 17:08:44.358798,587.9863270668188,575.5434339705897,19.266211180913793,14.958861311889985
2026-09-03 17:08:44.467891,588.6749981080462,575.7841473000678,19.290627464016996,14.976973217074645
2026-09-03 17:08:44.559087,589.251301944404,575.9858602053921,19.3926810950419,14.998488804326344
2026-09-03 17:08:44.667596,590.1078934049896,576.2465747773913,19.434820715000807,16.042915511687866
2026-09-03 17:08:44.765905,590.7727747489457,576.4811707396939,19.511830159370067,16.072981464608745
2026-09-03 17:08:44.866239,591.578424217793,576.7472216698767,19.424704858816174,16.869401944365997
2026-09-03 17:08:44.965619,592.2852189400937,576.9964659850541,19.280129254550292,16.843350374595953
2026-09-03 17:08:45.066003,593.1157062852485,577.2756975577031,19.248056058190535,17.487463260067965
2026-09-03 17:08:45.155743,593.7780407540886,577.5069698967965,19.127546919436536,17.481190051853936
2026-09-03 17:08:45.269575,594.7427399779143,577.8341076303068,19.154142528082353,18.086489835884873
2026-09-03 17:08:45.369239,595.5039508585435,578.0985063669692,19.399508122860908,18.085618968624672
2026-09-03 17:08:45.468199,596.3779582568574,578.4011421298236,19.41128318113321,18.703801245548906
2026-09-03 17:08:45.567454,597.1606896530104,578.6769586366665,19.477926453737556,18.676047856590426
2026-09-03 17:08:45.670012,597.9679370813454,578.962469995421,19.409065431605104,18.641993961804722
2026-09-03 17:08:45.753891,598.627235466422,579.194762865701,19.484157817382883,18.600949466345703
2026-09-03 17:08:45.869846,599.6893961358913,579.5676196724894,19.536444233393244,19.48022459621951
2026-09-03 17:08:45.969610,600.5081678448068,579.8581481790601,19.536444233393244,19.486326783663586
2026-09-03 17:08:46.070534,601.4713435290529,580.1980803274737,19.61572933913077,20.03198217813852
2026-09-03 17:08:46.168814,602.3003737723944,580.4935411938397,19.593733131277077,19.984749617853087
2026-09-03 17:08:46.265924,603.1177148979541,580.7844825468958,19.691537698340824,19.6648461451493
2026-09-03 17:08:46.369790,603.9774012702735,581.092151590385,19.55205918033522,19.48514441963257
2026-09-03 17:08:46.469352,604.7946424454797,581.3823878022196,19.618908583458833,19.321588935224018
2026-09-03 17:08:46.568930,605.6048176539095,581.6711795257886,19.462901575933532,19.142345082604564
2026-09-03 17:08:46.669533,606.4165231468811,581.9580281743047,19.372837086771742,18.87159082263901
2026-09-03 17:08:46.759083,607.129223808292,582.2086299794951,19.43296408351467,18.62041127564657
2026-09-03 17:08:46.860531,607.9255762138964,582.4895850211459,19.489727191327592,18.47680541822889
2026-09-03 17:08:46.968763,608.7683345775389,582.7878513707011,19.586621516456653,18.31981345442252
2026-09-03 17:08:47.068399,609.5371059475134,583.0613962909778,19.631220909328256,18.221433101154357
2026-09-03 17:08:47.168620,610.306025132161,583.3356683044402,19.563929030594892,18.11897218287803
2026-09-03 17:08:47.269936,611.8880671262843,583.8960382966477,19.428066124849398,20.231617992928637
2026-09-03 17:08:47.360544,612.6608950301351,584.1686195510745,19.316530937561634,19.986179944879247
2026-09-03 17:08:47.469526,613.7773286577582,584.5603920145707,19.24339363643266,20.364860733159443
2026-09-03 17:08:47.569566,614.6371969661079,584.8605602388743,19.29936892727728,20.181288653479772
2026-09-03 17:08:47.670614,615.4976062478466,585.1618606451694,19.548141830443754,20.105354033535246
2026-09-03 17:08:47.768476,616.3264818466831,585.4561649061806,19.42767723020586,19.989912654547908
2026-09-03 17:08:47.863902,617.130682256054,585.739805302762,19.331568707740356,19.821477887804438
2026-09-03 17:08:47.961067,617.9431176057416,586.0248187431757,19.320695378802096,19.56082539620693
2026-09-03 17:08:48.063003,618.7842930636845,586.3197353382164,19.33210261040453,19.355069060084883
2026-09-03 17:08:48.177217,619.7168075163154,586.6468839304129,19.511039567940273,19.226326333623046
2026-09-03 17:08:48.277465,620.5289557821834,586.9346568320141,19.45494789504352,19.086171090244378
2026-09-03 17:08:48.366410,621.2445289786551,587.1874215487878,19.33550633780623,18.93617066208079
2026-09-03 17:08:48.479142,622.1450043177665,587.5033901251595,19.29766023732145,18.71748825949937
2026-09-03 17:08:48.562131,622.8003962734175,587.7328750781331,19.32552109345042,18.471658826241157
2026-09-03 17:08:48.678642,623.7082833439073,588.0512666708415,19.273368057771915,18.338290753403715
2026-09-03 17:08:48.766062,624.3847822390983,588.2878202625425,19.39076173851489,18.30849948053104
2026-09-03 17:08:48.867875,625.8126340534044,588.790186337035,19.55029269306782,19.692997795364743
2026-09-03 17:08:48.967204,626.6366690357942,589.0828067015218,19.650332131250035,19.416124929192254
2026-09-03 17:08:49.066850,627.4512048095884,589.373656361913,19.940257280428504,19.18974033553173
2026-09-03 17:08:49.162678,628.2239890857853,589.6540146479306,19.95098099128628,19.2198848695779
2026-09-03 17:08:49.267533,629.0708404339805,589.9614230888982,19.86884379846224,19.14841921144328
2026-09-03 17:08:49.366635,629.8686662752241,590.249741417152,19.835573526931153,18.949249219664022
2026-09-03 17:08:49.466918,630.6677699533054,590.5379970210206,19.92535153719538,18.781880484134202
2026-09-03 17:08:49.573356,631.5079522092885,590.8425592875009,19.961084631998972,18.723286786562394
2026-09-03 17:08:49.663791,632.5414139913945,591.2158673145728,19.93072914873972,19.374694920570356
2026-09-03 17:08:49.760543,633.3292172505354,591.5015260914497,19.98486470791403,19.299452352791185
2026-09-03 17:08:49.861094,634.1444944922831,591.7980188691444,20.029873676084502,19.25288560435984
2026-09-03 17:08:49.961255,634.9544183636073,592.0932853731094,20.11954246626903,19.174116698752957
2026-09-03 17:08:50.062173,635.7666601565721,592.3908378393289,20.390581941748778,19.139725533393033
2026-09-03 17:08:50.174440,636.6670509002176,592.7255216930232,20.4408352642378,19.073999023670748
2026-09-03 17:08:50.272998,637.4545227849594,593.0190188935753,20.363630768025395,18.894868800424508
2026-09-03 17:08:50.372793,638.244785954736,593.3123442579803,20.307792561809496,18.882660633230298
2026-09-03 17:08:50.473742,639.1519747017211,593.6473554737667,20.138341607272693,19.111109778549906
2026-09-03 17:08:50.561376,639.8548975263803,593.9051222099932,20.059887570681294,19.046786885184655
2026-09-03 17:08:50.683205,640.8293016505713,594.2609301509699,20.196221311351202,18.867943199496576
2026-09-03 17:08:50.771781,641.5304801554508,594.5188611067047,20.09709961279357,18.671352290405665
2026-09-03 17:08:50.881639,642.4227981607416,594.8453075995394,20.146274753172456,18.514354455286604
2026-09-03 17:08:50.971516,643.1211659322134,595.1015136700644,20.085928197211942,18.347075302064855
2026-09-03 17:08:51.061479,643.7906081783476,595.346329043011,20.055725959717098,18.105200037975177
2026-09-03 17:08:51.161485,644.5509477840607,595.6239077974315,20.066917213088164,17.91644721384311
2026-09-03 17:08:51.283140,645.4661753841264,595.9582344387906,20.012461603270477,17.780379971538167
2026-09-03 17:08:51.380237,646.1913534489057,596.2223563006834,19.958133006557766,17.732019077868138
2026-09-03 17:08:51.480543,646.8971180621504,596.4785896510291,20.003032217843185,17.579242955380053
2026-09-03 17:08:51.579843,647.6304038226951,596.7455277899525,20.036368961430973,17.611347360187228
2026-09-03 17:08:51.660155,648.2244289138894,596.9621623536101,20.08130586225377,17.698366698501474
2026-09-03 17:08:51.766124,649.0118724462772,597.2500344712525,19.903427645675006,17.620586011929802
2026-09-03 17:08:51.866116,649.6516620524019,597.481450422582,19.836289402584008,17.25049735497519
2026-09-03 17:08:51.969385,650.4007855840979,597.7516875828987,19.882515010822576,17.199062386557937
2026-09-03 17:08:52.083553,651.1353288624531,598.0171689162305,19.83141067627014,16.73989817920836
2026-09-03 17:08:52.180594,651.818458709338,598.2635339252149,19.798832318420164,16.68054186112161
2026-09-03 17:08:52.280815,652.4278355004668,598.4826642115852,19.753971005643347,16.178912584429042
2026-09-03 17:08:52.379007,653.0962284528114,598.7226940997748,19.808912286717064,16.086248057764763
2026-09-03 17:08:52.465112,653.5975683001418,598.9031449037752,19.808912248818462,15.582665377130196
2026-09-03 17:08:52.568462,654.2749116562138,599.147122539609,19.832043181680483,15.430948668334562
2026-09-03 17:08:52.683051,654.9582809664639,599.3935397527857,19.90898221850824,14.827457531154886
2026-09-03 17:08:52.780572,655.5660625263258,599.6136613793363,19.941721720738094,14.634021375064266
2026-09-03 17:08:52.880449,656.1284272320886,599.8177537135927,20.008782614899246,14.185318545096615
2026-09-03 17:08:52.981575,656.731000536244,600.037177067979,19.940883087566746,14.013008303703227
2026-09-03 17:08:53.067705,657.1831003229463,600.2012284069314,19.94088307963319,13.54907335525796
2026-09-03 17:08:53.175362,657.7960811647245,600.423619206464,20.049310082788185,13.394796857349496
2026-09-03 17:08:53.282142,658.3027678938336,600.6087234935767,20.00151286058288,12.725312786610127
2026-09-03 17:08:53.382066,658.8369216709194,600.8031555415386,19.96796662930125,12.556796930926073
2026-09-03 17:08:53.481918,659.2879806416681,600.9670555470482,19.84505240613811,11.962440031619689
2026-09-03 17:08:53.582100,659.7919073205771,601.1489280453852,19.755364815775927,11.840760326643624
2026-09-03 17:08:53.673129,660.1764965176117,601.28684855234,19.714618113728857,11.314818232156023
2026-09-03 17:08:53.771420,660.6445276769415,601.4545627005626,19.68162010905628,11.197153050139313
2026-09-03 17:08:53.872763,661.0124325299876,601.5858370650843,19.636256620446456,10.440941932163332
2026-09-03 17:08:53.972971,661.4529548236239,601.7430141758535,19.669898195486187,10.327986855436416
2026-09-03 17:08:54.073027,661.7924385753648,601.8641814871635,19.692291891240533,9.693280794871585
2026-09-03 17:08:54.172428,637.7826389998411,649.5733575530214,73.04077475802569,9.572803118450622
2026-09-03 17:08:54.280381,637.8839663189332,649.9870394883808,72.9700958082095,8.98175886280226
2026-09-03 17:08:54.496341,638.1037359764842,650.7623412768365,73.05056358605955,8.499605518233434
2026-09-03 17:08:54.582652,638.199343276985,651.0760485656084,73.14715061780865,8.507901589683975
2026-09-03 17:08:54.676582,638.2653464317615,651.3386521225468,73.15579195154565,8.004516573312896
2026-09-03 17:08:54.776365,638.3688110842223,651.6803904131071,73.12229305642562,8.101298259864993
2026-09-03 17:08:54.876669,638.4742767271644,652.0280049217546,73.18964066425701,8.238025957610162
2026-09-03 17:08:54.976418,638.5805156620037,652.3796554548549,73.47986549721973,8.432394986038826
2026-09-03 17:08:55.076178,638.6277234742429,652.5727056279961,73.82845145484511,7.501486367633937
2026-09-03 17:08:55.177020,637.0491795565496,652.0455807268272,81.23343675111157,7.714615815038218
2026-09-03 17:08:55.282105,637.104414296119,652.4037578950108,81.53918694982923,8.060790837477484
2026-09-03 17:08:55.382551,637.157670060139,652.7617753729166,81.65159186914507,8.430302706521642
2026-09-03 17:08:55.482262,637.2122302477383,653.1335725220964,81.65159186914507,8.696042480577095
2026-09-03 17:08:55.581657,637.2683319197325,653.5158740248868,81.6960833848068,8.921856830243792
2026-09-03 17:08:55.917572,637.4618269999129,654.8416001567302,82.37271856440147,9.526515477260839
2026-09-03 17:08:55.998417,637.5075250112529,655.1828512785287,82.48128287599683,9.671332854131478
2026-09-03 17:08:56.111122,637.5712852367112,655.6659387370514,82.30471004080091,9.857463822906643
2026-09-03 17:08:56.220204,637.6356518346926,656.1422992846136,81.90188199141045,10.054768367102913
2026-09-03 17:08:56.309598,637.6922550850669,656.5401081229039,81.55175218285042,10.135224516860205
2026-09-03 17:08:56.420069,637.7657906133682,657.0352044970058,81.05725827202309,10.208587254255068
2026-09-03 17:08:56.510646,637.6885573645224,656.5776899016286,80.78784942169248,8.02697285738455
2026-09-03 17:08:56.599327,637.7395015222063,656.8918065398506,80.4802079027218,8.106787294781093
2026-09-03 17:08:56.721175,637.8125343875463,657.3273095179138,80.03023639356238,8.252652807375043
2026-09-03 17:08:56.818035,637.874400504043,657.6792556789107,79.64002527768164,8.396534996329052
2026-09-03 17:08:56.918512,637.9084580848662,657.8477287631356,79.1091972157646,8.018264499058825
2026-09-03 17:08:57.018760,637.9763505171767,658.2005942041804,78.62680882885253,8.124256901863943
2026-09-03 17:08:57.117773,638.0472635702951,658.5531350226009,78.27224464029449,8.129447974670626
2026-09-03 17:08:57.219375,638.1223160592658,658.9146677337474,78.05621739417793,8.165847838916555
2026-09-03 17:08:57.318603,638.1925904290797,659.2431231803496,77.93388384063549,8.184673587829021
2026-09-03 17:08:57.418411,638.2689288339167,659.6002403000582,77.69933282424003,8.366947825033746
2026-09-03 17:08:57.515739,638.3522782625586,659.9866492520122,77.38365032701483,8.55039112157361
2026-09-03 17:08:57.602814,638.4249761286561,660.311445427116,77.23748733870131,8.545065072380584
2026-09-03 17:08:57.705984,638.5399255445426,660.8372992666993,77.33046066266779,9.015568567366241
2026-09-03 17:08:57.805858,638.6282101781748,661.2300224776102,77.47575492610561,9.007714247143218
2026-09-03 17:08:57.905363,638.7151003715534,661.6211754362313,77.30872709777213,9.101617861752649
2026-09-03 17:08:58.006697,638.8056831220568,662.0234084589943,77.05925008319025,9.29110625345138
2026-09-03 17:08:58.105484,638.8975696282278,662.4232988614052,76.79393391893592,9.317865577630982
2026-09-03 17:08:58.215397,643.2929248562299,658.8684770357114,57.09094351118017,9.824291930958376
2026-09-03 17:08:58.319101,643.5403754946108,659.2508449474128,57.09094351118017,9.807980890559305
2026-09-03 17:08:58.419145,643.809801631743,659.7041972824101,57.060827187201625,10.42135774053984
2026-09-03 17:08:58.519061,644.0629083620191,660.094854812493,56.93783418688107,10.561048819637907
2026-09-03 17:08:58.619792,644.3560089740278,660.5664950747133,56.788305014872485,11.065538909139617
2026-09-03 17:08:58.705306,644.5877088934774,660.9204119769149,56.62562327284555,11.124569613187353
2026-09-03 17:08:58.910502,645.1903927030468,661.848551430333,56.51569202393634,11.706714474974326
2026-09-03 17:08:59.021874,645.5535857255691,662.4080802461312,55.983541278824184,12.108828293377432
2026-09-03 17:08:59.121637,645.8556953468876,662.8556987639972,55.80491631471282,12.27271397055397
2026-09-03 17:08:59.217726,646.1913971400435,663.3570242262733,55.764114182163205,12.909769472692027
2026-09-03 17:08:59.317220,646.5144417403096,663.8317300955778,55.686176479022336,13.057564377790005
2026-09-03 17:08:59.415211,646.8950660948004,664.396436755385,55.6114452439521,13.786660100838494
2026-09-03 17:08:59.510159,647.2255783979922,664.8793447047929,55.53706860779496,13.904471636159718
2026-09-03 17:08:59.617975,647.6565098411221,665.5114344945563,55.44166598683165,14.550757834289245
2026-09-03 17:08:59.717270,648.0228884052547,666.0433576178826,55.308325726829665,14.549890191362996
2026-09-03 17:08:59.817890,648.4556141219143,666.6721434707027,55.21906584829758,15.118284554757258
2026-09-03 17:08:59.917814,648.8408519286935,667.2268217957175,55.12960923154656,15.122650250500367
2026-09-03 17:09:00.017103,649.2859287954278,667.8683255834769,55.119026617986314,15.714357280046057
2026-09-03 17:09:00.118079,649.6915878121129,668.4502358587808,55.119026617986314,15.690534327961235
2026-09-03 17:09:00.218540,650.1623381819616,669.127516930475,54.849584356010176,16.21691137532809
2026-09-03 17:09:00.318022,650.5775541767041,669.7172058858862,54.960910503227375,16.02827827971584
2026-09-03 17:09:00.418163,651.0842799595953,670.4420479364884,55.11812885735062,16.957482839694293
2026-09-03 17:09:00.517631,651.5155019313497,671.0606071329757,55.20717724167261,16.976604241023036
2026-09-03 17:09:00.617914,651.9497765406453,671.6856134561546,55.0837324775593,16.901244496229506
2026-09-03 17:09:00.717774,652.381633677964,672.3042917338161,55.02785790195211,17.045220182130095
2026-09-03 17:09:00.818290,652.9619543749319,673.1354305189842,54.938075492367034,18.312940759516696
2026-09-03 17:09:00.941846,653.543025359436,673.9633799137762,55.034861940286234,18.177986218256404
2026-09-03 17:09:01.038462,654.1039489091494,674.766141709144,55.29445140261198,19.078123213440062
2026-09-03 17:09:01.116518,654.4829798130796,675.3134186047824,55.3730656883367,18.91647597549715
2026-09-03 17:09:01.218424,654.9726582890718,676.0225345528196,55.31604631619745,18.834553846045647
2026-09-03 17:09:01.317542,655.4475604081949,676.7087908771636,55.083116815124534,18.70896988334097
2026-09-03 17:09:01.417740,656.0679400010627,677.5984007630728,54.93741412211042,19.67993013714592
2026-09-03 17:09:01.517711,656.573196595859,678.3183069946457,54.847915428771316,19.465036877454395
2026-09-03 17:09:01.618349,657.0773893699471,679.0343162945004,54.847915428771316,19.32257762464704
2026-09-03 17:09:01.719264,657.5792696991949,679.7470416678568,54.92696625909738,19.177962664296736
2026-09-03 17:09:01.812578,658.2037616909029,680.6374836384609,55.010541035587934,20.269200828122134
2026-09-03 17:09:01.918407,658.7536378279352,681.4230957267774,55.117126964202804,20.239609236765656
2026-09-03 17:09:02.016587,659.3816368396618,682.3234462627944,55.13911912504817,21.05601402508827
2026-09-03 17:09:02.116646,659.9199811358731,683.0962686417695,55.217499415704616,21.074374719531164
2026-09-03 17:09:02.216864,660.5524797106752,684.0062616574672,55.21750949007575,21.775653465889388
2026-09-03 17:09:02.316288,661.10460290134,684.8011810720861,55.23976173844414,21.71049570595739
2026-09-03 17:09:02.416503,661.6591431709447,685.600242651566,55.21733245506952,21.667587292071048
2026-09-03 17:09:02.516458,662.2114629185497,686.3954398149598,55.183775816546685,21.499892566766828
2026-09-03 17:09:02.615808,662.756650092934,687.1793875819803,55.117068757625304,21.305432898728174
2026-09-03 17:09:02.707653,663.2569305253743,687.8969782392938,55.014288857832746,21.1673952301191
2026-09-03 17:09:02.815981,663.8446784567994,688.7368149713778,54.905186055434626,20.94684358764863
2026-09-03 17:09:02.915657,664.3813041343697,689.5005030038897,54.72671686422381,20.793552495128942
2026-09-03 17:09:03.016123,665.2032799331075,690.6672663691864,54.535597877059246,22.159095937614467
2026-09-03 17:09:03.116429,665.7797819595127,691.4765554984842,54.40089997565677,21.91368235605577
2026-09-03 17:09:03.216115,666.4367646258409,692.3965372044061,54.16663739746897,22.26797485102853
2026-09-03 17:09:03.315719,667.0172332463229,693.2003897968333,54.344977673175876,21.96683618055162
2026-09-03 17:09:03.423162,667.632252502914,694.0576990263764,54.41711865487381,21.7030220241702
2026-09-03 17:09:03.515479,668.1534252706654,694.7861251519242,54.41711865487381,21.590088373098705
2026-09-03 17:09:03.623748,668.7614739736932,695.6359749297663,54.44135051718671,21.310055196537327
2026-09-03 17:09:03.714903,669.2664701160326,696.3424226791697,54.29853966769216,21.010565427724693
2026-09-03 17:09:03.824034,669.864632634043,697.1748091371022,54.139778546046564,20.601475226414404
2026-09-03 17:09:03.922178,670.3941315977703,697.9073534573669,54.09584700710491,20.272162413243326
2026-09-03 17:09:04.022312,671.1867649062183,699.0070506265112,54.095848529335655,21.28291106295936
2026-09-03 17:09:04.111755,671.6858110772374,699.6963507179044,54.0658209527322,20.956220725545485
2026-09-03 17:09:04.226512,672.4045461889499,700.6893717024554,54.06582134494018,21.05774681261672
2026-09-03 17:09:04.322803,672.9365014830864,701.4233169666861,54.05504582168805,20.703519990422393
2026-09-03 17:09:04.423470,673.5318988953281,702.2450669662023,54.055045985909864,20.627764009737895
2026-09-03 17:09:04.524281,674.0775942825228,702.9976716963291,53.987357960575956,20.238410725495992
2026-09-03 17:09:04.624518,674.6478630108186,703.7826579771166,53.95370674169615,20.069594739542236
2026-09-03 17:09:04.725397,675.1804456423515,704.5144509626922,53.97628463599889,19.765482770045658
2026-09-03 17:09:04.824236,675.7171566404836,705.2527296076365,54.05370929170021,19.59747313642157
2026-09-03 17:09:04.923456,676.2274306865374,705.956447867956,53.953779633126786,19.31223422463515
2026-09-03 17:09:05.025853,676.7642137914884,706.6941387393972,53.93086201294301,19.064751688016532
2026-09-03 17:09:05.125192,677.262680771844,707.3784815876363,53.90862878856391,18.749657741935085
2026-09-03 17:09:05.226349,677.771017233416,708.075865327672,53.91994885282074,18.46713373608558
2026-09-03 17:09:05.325375,678.2524633994708,708.736575909689,53.98643836682928,18.13313087140904
2026-09-03 17:09:05.425985,678.7387221472686,709.4055300073037,53.96392068153321,17.895367337916635
2026-09-03 17:09:05.520969,679.185747650878,710.0199937721727,53.9958084685719,17.67127455539158
2026-09-03 17:09:05.625530,679.6459100123992,710.6532459508506,54.00750944381247,17.205538434338607
2026-09-03 17:09:05.724968,680.0953868982872,711.2720683530948,54.01863713467814,17.026546586573303
2026-09-03 17:09:05.825061,680.5189293127991,711.8554376922983,54.08584306409099,16.590798814439975
2026-09-03 17:09:05.925125,680.954253933643,712.4565023430658,54.08584306409099,16.42991611937913
2026-09-03 17:09:06.147526,681.8870047671361,713.7444301017055,54.06095509484054,15.835948942391497
2026-09-03 17:09:06.227523,682.189593517265,714.1618616435212,54.06095509176447,15.456858780117441
2026-09-03 17:09:06.336343,682.6309183714355,714.7706541525205,53.98788954418696,15.275242097326194
2026-09-03 17:09:06.425558,682.9587639725094,715.2216165457722,54.017840575178504,14.846095928130005
2026-09-03 17:09:06.520739,683.3299070866599,715.7327858569067,53.99653795959321,14.733817148896042
2026-09-03 17:09:06.623011,683.692535467044,716.2317866448492,54.00798279011972,14.286577845886132
2026-09-03 17:09:06.736243,684.1175259110213,716.8169072266058,54.00798279011972,14.33011254076802
2026-09-03 17:09:06.825103,684.3808173600244,717.1793601428826,53.98809488596462,13.624519608021373
2026-09-03 17:09:06.926252,684.7430370362085,717.6776949747057,54.06732901802278,13.61126195944686
2026-09-03 17:09:07.026494,685.0346802115399,718.0802447801669,54.10098200631021,12.924586476295872
2026-09-03 17:09:07.120810,685.3542101973993,718.5216740712943,54.10098200631021,12.9237623400329
2026-09-03 17:09:07.224300,685.6370994380494,718.9126527749557,54.07781973906776,12.348058262471737
2026-09-03 17:09:07.325664,685.9653718920323,719.3657739818618,54.07781973906776,12.371087032268623
2026-09-03 17:09:07.426186,686.2191211119127,719.7160898061077,54.07781973855604,11.817068070606753
2026-09-03 17:09:07.525685,686.5274970507611,720.1417474447361,54.044416187194095,11.842281409667576
2026-09-03 17:09:07.625237,686.7585523651533,720.460222884307,53.999854394322405,11.217839130723954
2026-09-03 17:09:07.721742,687.0430152509939,720.8517503650343,54.032252807614846,11.241450517568532
2026-09-03 17:09:07.819835,687.2525807878717,721.140480369485,53.97736691968698,10.655884604180441
2026-09-03 17:09:07.919784,687.5325878984113,721.5255571185677,53.988551794426336,10.636670736992942
2026-09-03 17:09:08.033615,687.850824954445,721.9633888527604,53.975813443102595,10.598873696319849
2026-09-03 17:09:08.124132,688.1030610061404,722.3102539810588,53.945425305949165,10.629720374958783
2026-09-03 17:09:08.233292,688.3070429989584,722.5901702928052,53.88434710962084,9.78361049291563
2026-09-03 17:09:08.331439,688.5600574226523,722.9369406355553,53.851397448262226,9.562346683329238
2026-09-03 17:09:08.520996,688.9793413755218,723.5106312573206,54.14837288783133,8.747018630666583
2026-09-03 17:09:08.621281,689.2090138404538,723.8284759332836,54.226930213494,8.858307915112604
2026-09-03 17:09:08.740663,689.4853751746176,724.2120402377761,54.293727916129065,8.906293449125222
2026-09-03 17:09:08.830754,689.6106962160742,724.387356796426,54.37438157347344,8.385182627013997
2026-09-03 17:09:08.940439,689.8501887572482,724.7215606316711,54.423479132660106,8.461857113637118
2026-09-03 17:09:09.031606,690.0508279541026,725.0020532660842,54.38267066132519,8.433178786474
2026-09-03 17:09:09.119742,690.2443316123631,725.2721636782942,54.35308186743946,8.27222052490904
2026-09-03 17:09:09.242336,690.429539091211,725.5308930585182,54.40795779550032,7.478005093024991
2026-09-03 17:09:09.339414,690.618417986036,725.7947937370556,54.39709420236835,7.427957121227165
2026-09-03 17:09:09.439300,690.7180140933225,725.9344421183534,54.33002725431983,6.646072753387396
2026-09-03 17:09:09.539730,690.8920062025919,726.1768457364783,54.28507244856593,6.4258050445414305
2026-09-03 17:09:09.639775,690.9857726413778,726.3072471595592,54.262681213163205,5.956425502200584
2026-09-03 17:09:09.719062,691.1090828419157,726.4786158120794,54.27155388986292,5.964739250690652
2026-09-03 17:09:09.842919,691.2247169867535,726.6393245953623,54.21611261358352,5.389838033557451
2026-09-03 17:09:09.938951,691.3600155319082,726.8270318937272,54.2053660739386,5.420885870440057
2026-09-03 17:09:10.039182,691.4288855644844,726.922339046191,54.227798938296374,4.805215502526095
2026-09-03 17:09:10.139839,691.5552821583365,727.0977715886647,54.239063042355845,4.798179149515179
2026-09-03 17:09:10.237670,691.6084985173743,727.1716216694243,54.26095875878181,4.19092634554125
2026-09-03 17:09:10.339644,691.7200894561624,727.3266938059153,54.26095875878181,4.206074231496645
2026-09-03 17:09:10.439499,691.7607414776879,727.3832088280855,54.24978440318821,3.60645507329805
2026-09-03 17:09:10.538814,691.8542911994924,727.5131565579616,54.24978440318821,3.653317228390435
2026-09-03 17:09:10.638887,691.8779192126912,727.545966519117,54.272181905309274,3.0727779945048947
2026-09-03 17:09:10.724868,691.9468867759493,727.6418467711787,54.30104722807284,3.108089318365735
2026-09-03 17:09:10.826759,692.0294974537621,727.7568161287406,54.32385161975396,3.13301847039911
2026-09-03 17:09:10.926551,692.1110100806962,727.8703526602462,54.30151700870251,3.1434822991392677
2026-09-03 17:09:11.026993,692.0910164135076,727.842633650477,52.85155129293042,2.333443868066059
2026-09-03 17:09:11.127297,692.1542014475939,727.9260325668736,52.82910209031995,2.36587287330049
2026-09-03 17:09:11.233668,741.5466763994443,650.1885282944876,321.2622358263391,0.804363336439758
2026-09-03 17:09:11.338682,741.562098245878,650.158107968387,321.27236581349786,0.581114078284845
2026-09-03 17:09:11.441814,741.5649032927415,650.1410610762273,321.2806757939038,0.3299235951792389
2026-09-03 17:09:11.540755,741.5705117088361,650.1333721215256,321.28246959101006,0.2508792322275252
2026-09-03 17:09:11.641140,741.5744470891283,650.1284059391121,321.28348754923206,0.18722766090324983
2026-09-03 17:09:11.740540,741.5770470165999,650.1253229270015,321.2840489860242,0.13836798829753214
2026-09-03 17:09:11.833637,741.5785503472737,650.1235727554212,321.2843554138972,0.10218741397263169
2026-09-03 17:09:11.936890,741.5799075834434,650.1221898548615,321.2845212358769,0.07487717594671506
2026-09-03 17:09:12.041061,741.5808568955393,650.1212713194165,321.28460983334867,0.054597988348801314
2026-09-03 17:09:12.138036,741.5813937137095,650.1207570147634,321.2846570639495,0.03991642130631973
2026-09-03 17:09:12.239002,741.5818243899668,650.1203669623762,321.2846822708452,0.029138858587680398
2026-09-03 17:09:12.337895,741.5821112811369,650.1201130893428,321.28469571302736,0.021286389669244708
2026-09-03 17:09:12.438807,741.5823303263999,650.1199247627851,321.284702878635,0.015533015910871653
2026-09-03 17:09:12.538191,741.5824800540622,650.1197979541761,321.28470669624403,0.011340714829492336
2026-09-03 17:09:12.638946,741.5825930639337,650.1197037506886,321.2847087297674,0.008273961531744017
2026-09-03 17:09:12.738317,741.582671144412,650.1196392362818,321.28470981286597,0.006040310548482499
2026-09-03 17:09:12.828822,741.5827119979874,650.119605455029,321.2847103940664,0.004439881902941797
2026-09-03 17:09:12.938644,741.5827691875662,650.1195590599247,321.2847107048119,0.0032295217269855815
2026-09-03 17:09:13.039243,741.5828002168464,650.1195338945014,321.28471086941374,0.002351804877384086
2026-09-03 17:09:13.138365,741.5828216950014,650.1195165223693,321.28471095685,0.0017155174039420716
2026-09-03 17:09:13.239350,741.5828383801542,650.119503065042,321.2847110033527,0.0012507984555920808
2026-09-03 17:09:13.329967,741.5828466242481,650.1194964123841,321.2847110282556,0.000918685801526886
2026-09-03 17:09:13.438690,741.5828580086953,650.1194872630672,321.2847110415652,0.0006685029176960002
2026-09-03 17:09:13.538601,741.5828642445123,650.1194822519534,321.284711048623,0.0004871625416787624
2026-09-03 17:09:13.638788,741.5828688358529,650.1194785649157,321.28471105237327,0.0003552170321291733
2026-09-03 17:09:13.738625,741.5828721476543,650.1194759066639,321.2847110543683,0.00025915350722013127
2026-09-03 17:09:13.838649,741.5828745829378,650.1194739526782,321.28471105543036,0.00018909963059596897
2026-09-03 17:09:14.040798,741.582882194994,650.1194678499999,321.2847110559567,0.00012842367350179452
2026-09-03 17:09:14.154750,741.5828834498202,650.1194668437017,321.28471105620577,8.950509708838864e-05
2026-09-03 17:09:14.254538,741.5828839796254,650.1194664187955,321.2847110563295,6.380295181301448e-05
2026-09-03 17:09:14.352246,741.5828843723292,650.119466103895,321.28471105639323,4.6071555595840215e-05
2026-09-03 17:09:14.454079,741.582884746678,650.1194658037618,321.28471105642654,3.3391434907925685e-05
2026-09-03 17:09:14.550498,741.5828849774517,650.1194656187447,321.28471105644417,2.4344067649875064e-05
2026-09-03 17:09:14.654797,741.5828852156128,650.1194654278207,321.2847110564535,1.7701587080668824e-05
2026-09-03 17:09:14.754151,741.5828853639817,650.119465308881,321.2847110564585,1.2900035412444926e-05
2026-09-03 17:09:14.852780,741.5828854724825,650.1194652219033,321.2847110564611,9.416917442018636e-06
2026-09-03 17:09:14.953822,741.5828855604923,650.1194651513531,321.28471105646247,6.868396242802311e-06
2026-09-03 17:09:15.054036,741.5828856234227,650.1194651009074,321.28471105646327,5.010333166327727e-06
2026-09-03 17:09:15.154278,741.5828856697592,650.1194650637639,321.2847110564636,3.6551349650750827e-06
2026-09-03 17:09:15.254088,741.5828857032949,650.1194650368817,321.28471105646383,2.6674158137612465e-06
2026-09-03 17:09:15.353349,741.5828857274862,650.1194650174899,321.28471105646395,1.94774559377748e-06
2026-09-03 17:09:15.453560,741.5828857458309,650.1194650027848,321.284711056464,1.4217001394705775e-06
2026-09-03 17:09:15.545629,741.5828857557831,650.1194649948072,321.28471105646406,1.04371918005315e-06
2026-09-03 17:09:15.646421,741.582885766159,650.11946498649,321.28471105646406,7.637021066020311e-07
2026-09-03 17:09:15.745781,741.5828857733543,650.1194649807223,321.28471105646406,5.584055580067894e-07
2026-09-03 17:09:15.846097,741.5828857787645,650.1194649763855,321.28471105646406,4.0785323510844655e-07
2026-09-03 17:09:15.946783,741.5828857827391,650.1194649731995,321.28471105646406,2.976385504183221e-07
2026-09-03 17:09:16.054903,741.5828857862839,650.119464970358,321.28471105646406,2.1593810212457667e-07
2026-09-03 17:09:16.154047,741.5828857882029,650.1194649688197,321.28471105646406,1.5720143398526945e-07
2026-09-03 17:09:16.254743,741.5828857896878,650.1194649676295,321.28471105646406,1.1451962864981825e-07
2026-09-03 17:09:16.355516,741.5828857907738,650.1194649667589,321.28471105646406,8.345188659709643e-08
2026-09-03 17:09:16.451639,741.5828857914504,650.1194649662167,321.28471105646406,6.102914048525329e-08
2026-09-03 17:09:16.561663,741.5828857922108,650.1194649656072,321.28471105646406,4.426524235484259e-08
2026-09-03 17:09:16.654709,741.5828857925202,650.1194649653593,321.28471105646406,3.236395513699998e-08
2026-09-03 17:09:16.762562,741.5828857929013,650.1194649650538,321.28471105646406,2.3508083303574307e-08
2026-09-03 17:09:16.862247,741.5828857931134,650.1194649648838,321.28471105646406,1.7117717609375564e-08
2026-09-03 17:09:16.945022,741.5828857931831,650.1194649648279,321.28471105646406,1.2636620837426458e-08
2026-09-03 17:09:17.063459,741.5828857933791,650.1194649646708,321.28471105646406,9.155523942495772e-09
2026-09-03 17:09:17.151146,741.5828857934292,650.1194649646307,321.28471105646406,6.716378030529157e-09
2026-09-03 17:09:17.252174,741.5828857934965,650.1194649645768,321.28471105646406,4.911641924994631e-09
2026-09-03 17:09:17.352387,741.5828857935439,650.1194649645387,321.28471105646406,3.5879692207217778e-09
2026-09-03 17:09:17.448863,741.5828857935744,650.1194649645142,321.28471105646406,2.6266765540668e-09
2026-09-03 17:09:17.547717,741.582885793599,650.1194649644946,321.28471105646406,1.921805972838395e-09
2026-09-03 17:09:17.647914,741.5828857936176,650.1194649644796,321.28471105646406,1.4042666727017117e-09
2026-09-03 17:09:17.747366,741.5828857936308,650.119464964469,321.28471105646406,1.025947943856664e-09
2026-09-03 17:09:17.852277,741.582885793642,650.1194649644599,321.28471105646406,7.465144401299423e-10
2026-09-03 17:09:17.951797,741.5828857936489,650.1194649644543,321.28471105646406,5.441518843829958e-10
2026-09-03 17:09:18.051566,741.582885793654,650.1194649644502,321.28471105646406,3.9694616661165455e-10
2026-09-03 17:09:18.151523,741.5828857936577,650.1194649644472,321.28471105646406,2.896402020029997e-10
2026-09-03 17:09:18.259937,741.5828857936611,650.1194649644444,321.28471105646406,2.1007559250120978e-10
2026-09-03 17:09:18.350330,741.5828857936624,650.1194649644434,321.28471105646406,1.538908744880468e-10
2026-09-03 17:09:18.459364,741.5828857936642,650.1194649644419,321.28471105646406,1.1179997302037623e-10
2026-09-03 17:09:18.550593,741.5828857936649,650.1194649644414,321.28471105646406,8.192032475848327e-11
2026-09-03 17:09:18.659351,741.5828857936658,650.1194649644406,321.28471105646406,5.953434579307165e-11
2026-09-03 17:09:18.746093,741.5828857936662,650.1194649644402,321.28471105646406,4.3775020530709404e-11
2026-09-03 17:09:18.847108,741.5828857936666,650.1194649644399,321.28471105646406,3.2052592341120676e-11
2026-09-03 17:09:18.947383,741.582885793667,650.1194649644397,321.28471105646406,2.3429177413542462e-11
2026-09-03 17:09:19.047149,741.5828857936672,650.1194649644394,321.28471105646406,1.7116512614069994e-11
2026-09-03 17:09:19.147243,741.5828857936673,650.1194649644393,321.28471105646406,1.2498092123014775e-11
2026-09-03 17:09:19.259074,734.9700465955867,639.7470712160144,314.6659869654943,0.010143253962785653
2026-09-03 17:09:19.366410,734.9702446412333,639.7468564858418,314.6659010939247,0.007331897721940579
2026-09-03 17:09:19.457753,734.9703363678458,639.7467560967995,314.665855737259,0.005357584360778124
2026-09-03 17:09:19.566492,734.9704207087535,639.7466667432609,314.6658316859124,0.003887896318299226
2026-09-03 17:09:19.657876,734.9704574689326,639.7466274139487,314.6658189059746,0.0028468091981036915
2026-09-03 17:09:19.745916,734.9704802296048,639.7466032316207,314.6658120040292,0.0020997010127732996
2026-09-03 17:09:19.846865,734.970503722292,639.7465788386475,314.66580827022295,0.0015400634508201622
2026-09-03 17:09:19.957124,734.9705237838847,639.7465582088831,314.665806281085,0.0011185891128879031
2026-09-03 17:09:20.067436,734.9705374166092,639.7465442415486,314.6658052371694,0.0008082376778557664
2026-09-03 17:09:20.164862,734.9705439541051,639.7465375355584,314.6658046885506,0.0005878626606942163
2026-09-03 17:09:20.264901,734.9705491165817,639.7465322638723,314.6658043978595,0.0004282527829542402
2026-09-03 17:09:20.365333,734.9705528858198,639.7465284245818,314.6658042435045,0.00031215106884486057
2026-09-03 17:09:20.456072,734.9705547980886,639.7465264760525,314.6658041608897,0.00022921196449672204
2026-09-03 17:09:20.567229,734.9705575325138,639.7465237021697,314.6658041168301,0.00016647455980132726
2026-09-03 17:09:20.665076,734.9705588379936,639.7465223774678,314.6658040934988,0.0001213764114977618
2026-09-03 17:09:20.764964,734.9705598667827,639.7465213345307,314.66580408108933,8.854491753041135e-05
2026-09-03 17:09:20.865148,734.9705606240927,639.7465205672294,314.66580407448475,6.459939475280383e-05
2026-09-03 17:09:20.950875,734.9705609250989,639.7465202620967,314.6658040709317,4.763402925435674e-05
2026-09-03 17:09:21.052805,734.9705613794805,639.746519802062,314.6658040690117,3.490812504419718e-05
2026-09-03 17:09:21.167056,734.9705618220332,639.7465193541459,314.6658040679931,2.5269906392669204e-05
2026-09-03 17:09:21.265556,734.9705620201476,639.7465191536172,314.66580406745675,1.838342896666842e-05
2026-09-03 17:09:21.365850,734.9705621750123,639.7465189968876,314.6658040671725,1.3391085767361442e-05
2026-09-03 17:09:21.467920,734.9705622944942,639.7465188759785,314.6658040670217,9.748630952241933e-06
2026-09-03 17:09:21.562232,734.9705623607048,639.7465188089776,314.6658040669414,7.134965220779491e-06
2026-09-03 17:09:21.666321,734.9705624296996,639.746518739166,314.6658040668986,5.199673227254779e-06
2026-09-03 17:09:21.765621,734.9705624724328,639.7465186959275,314.6658040668758,3.793884954799536e-06
2026-09-03 17:09:21.865751,734.9705625046278,639.7465186633527,314.6658040668637,2.768267186057333e-06
2026-09-03 17:09:21.966438,734.9705625285483,639.7465186391505,314.6658040668572,2.0191275665940637e-06
2026-09-03 17:09:22.062448,734.9705625434233,639.7465186241004,314.6658040668538,1.4774535082839716e-06
2026-09-03 17:09:22.166927,734.9705625579087,639.7465186094448,314.66580406685193,1.076272549367308e-06
2026-09-03 17:09:22.267560,734.970562567147,639.7465186000979,314.66580406685097,7.843589268434814e-07
2026-09-03 17:09:22.363996,734.9705625729894,639.7465185941869,314.66580406685046,5.735032834123673e-07
2026-09-03 17:09:22.468089,734.9705625785284,639.7465185885828,314.66580406685017,4.1772567217525026e-07
2026-09-03 17:09:22.557737,734.9705625808741,639.7465185862095,314.66580406685006,3.068640815504842e-07
2026-09-03 17:09:22.665333,734.9705625842029,639.7465185828416,314.66580406684994,2.2350071023512112e-07
2026-09-03 17:09:22.763864,734.9705625860053,639.7465185810181,314.6658040668499,1.6311620166455365e-07
2026-09-03 17:09:22.864242,734.970562587411,639.7465185795959,314.6658040668499,1.190148012784629e-07
2026-09-03 17:09:22.964189,734.9705625884204,639.7465185785746,314.6658040668499,8.685214838780309e-08
2026-09-03 17:09:23.061336,734.9705625890916,639.7465185778956,314.6658040668499,6.351683814341732e-08
2026-09-03 17:09:23.165366,734.9705625897067,639.7465185772734,314.6658040668499,4.627117506966504e-08
2026-09-03 17:09:23.264698,734.9705625900883,639.7465185768872,314.6658040668499,3.375375529246119e-08
2026-09-03 17:09:23.364459,734.9705625903719,639.7465185766004,314.6658040668499,2.463267020830031e-08
2026-09-03 17:09:23.464705,734.9705625905824,639.7465185763874,314.6658040668499,1.797388101606573e-08
2026-09-03 17:09:23.666044,734.9705625912303,639.7465185757318,314.6658040668499,1.2213317408485341e-08
2026-09-03 17:09:23.765547,734.9705625912918,639.7465185756695,314.6658040668499,8.60093157270134e-09
2026-09-03 17:09:23.865504,734.97056259154,639.7465185754183,314.6658040668499,8.357069588038895e-09
2026-09-03 17:09:23.965652,734.9705625917823,639.7465185751732,314.6658040668499,8.125337773064367e-09
2026-09-03 17:09:24.065859,734.9705625920184,639.7465185749344,314.6658040668499,7.902667162513235e-09
2026-09-03 17:09:24.165740,732.2723533760154,635.6323591043273,312.9319416434883,0.011904401666734718
2026-09-03 17:09:24.265543,732.2725344369182,635.6321594746562,312.93188237985555,0.008678001961750599
2026-09-03 17:09:24.366268,732.2726519749014,635.6320304707596,312.93185088604383,0.006326223473453173
2026-09-03 17:09:24.477999,732.2727466657644,635.6319272826867,312.9318342821149,0.00457515048682921
2026-09-03 17:09:24.578720,732.2727955038715,635.6318740489534,312.9318255649598,0.0033213025167359717
2026-09-03 17:09:24.678521,732.2728279644239,635.6318387670889,312.9318209588292,0.002417502140030901
2026-09-03 17:09:24.777684,732.2728501305189,635.6318147335668,312.93181851389664,0.0017629461898119837
2026-09-03 17:09:24.864397,732.2728600884329,635.6318039185563,312.931817200461,0.0012986997989921905
2026-09-03 17:09:24.965030,732.2728724383157,635.6317905833683,312.93181649108885,0.0009521479116131929
2026-09-03 17:09:25.080325,732.2728848531843,635.6317772064607,312.9318161148032,0.0006888938396376801
2026-09-03 17:09:25.178989,732.2728903331335,635.6317712991715,312.93181591682566,0.0005009596236645884
2026-09-03 17:09:25.279274,732.272894532664,635.6317667761107,312.9318158119759,0.00036484086395534505
2026-09-03 17:09:25.380296,732.2728976461905,635.6317634245868,312.93181575634964,0.0002657760302450884
2026-09-03 17:09:25.476364,732.2728995576306,635.6317613674182,312.93181572671944,0.00019433799007418878
2026-09-03 17:09:25.564693,732.2729005902532,635.631760256072,312.93181571075485,0.00014319889092640023
2026-09-03 17:09:25.672056,732.272902117738,635.6317586134068,312.93181570217143,0.00010448598291224225
2026-09-03 17:09:25.763889,732.2729027701916,635.631757911676,312.9318156975737,7.670516480423893e-05
2026-09-03 17:09:25.871730,732.2729035887604,635.6317570315638,312.93181569511665,5.583748038753065e-05
2026-09-03 17:09:25.964100,732.2729039390215,635.6317566549468,312.9318156938058,4.092395064243563e-05
2026-09-03 17:09:26.071851,732.2729043703798,635.6317561912075,312.93181569310696,2.976635515876905e-05
2026-09-03 17:09:26.175442,731.1171817187409,633.8471100303382,312.2898533694257,0.008337433938327317
2026-09-03 17:09:26.279463,731.1173060011993,633.8469719651537,312.28982781698477,0.006053854254769891
2026-09-03 17:09:26.378951,731.1173788225215,633.8468911497843,312.28981430745137,0.004407987574104428
2026-09-03 17:09:26.479300,731.1174280253144,633.8468366554353,312.28980713900495,0.0032123041211738436
2026-09-03 17:09:26.579777,731.1174613665294,633.8467997872965,312.28980333069364,0.0023417889882895843
2026-09-03 17:09:26.671672,731.1174791296883,633.8467801446354,312.28980129363725,0.001718253646267325
2026-09-03 17:09:26.779854,731.1174991381127,633.846758086818,312.28980020617365,0.0012501422281572569
2026-09-03 17:09:26.879227,731.117510042198,633.8467460667539,312.2897996294155,0.0009113103043270042
2026-09-03 17:09:26.980178,731.1175181872691,633.8467370950495,312.2897993229716,0.0006642272614742487
2026-09-03 17:09:27.080376,731.1175238694989,633.8467308389919,312.2897991600944,0.00048436809999977435
2026-09-03 17:09:27.179528,731.1175278285225,633.8467264816627,312.2897990733942,0.0003535710223340464
2026-09-03 17:09:27.272393,731.1175301313202,633.8467239474114,312.28979902695795,0.00025942521621646046
2026-09-03 17:09:27.372486,731.1175323529023,633.8467215036526,312.289799002022,0.00018986533927588186
2026-09-03 17:09:27.472319,731.1175339467137,633.8467197507018,312.2897989886811,0.0001387941308619835
2026-09-03 17:09:27.571660,731.1175350842859,633.8467184996792,312.28979898155393,0.00010143341660272771
2026-09-03 17:09:27.688476,731.117536369218,633.8467170868414,312.2897989777958,7.318445258214999e-05
2026-09-03 17:09:27.787545,731.1175369154402,633.8467164862259,312.2897989758275,5.312589031371547e-05
2026-09-03 17:09:27.876609,731.1175371820227,633.8467161930919,312.28979897477933,3.8972992664203704e-05
2026-09-03 17:09:27.978309,731.117537521874,633.8467158194351,312.28979897421726,2.8486884451327163e-05
2026-09-03 17:09:28.077766,731.1175377512844,633.8467155672093,312.2897989739171,2.08158655396675e-05
2026-09-03 17:09:28.177986,731.1175379231005,633.8467153783095,312.2897989737569,1.5199582208466606e-05
2026-09-03 17:09:28.277561,731.1175380456689,633.8467152435555,312.2897989736715,1.1099585865443813e-05
2026-09-03 17:09:28.377583,731.1175381364884,633.8467151437079,312.2897989736259,8.103271462140273e-06
2026-09-03 17:09:28.477787,731.1175382030658,633.8467150705128,312.2897989736017,5.914139198824366e-06
2026-09-03 17:09:28.695827,731.1175384334106,633.8467148172759,312.28979897358977,3.974037441794548e-06
2026-09-03 17:09:28.794517,731.1175384500585,633.8467147989732,312.2897989735842,2.785407522006153e-06
2026-09-03 17:09:28.894367,731.1175384650655,633.8467147824746,312.28979897358136,1.9910717797665556e-06
2026-09-03 17:09:28.994344,731.1175384771869,633.8467147691485,312.28979897357993,1.4374365331959933e-06
2026-09-03 17:09:29.094170,731.1175384866176,633.8467147587805,312.2897989735792,1.0432195925356754e-06
2026-09-03 17:09:29.201096,730.5497991973962,632.7566695240876,311.99947227357455,0.0074367381779946945
2026-09-03 17:09:29.300723,730.5498953962459,632.7565620535461,311.99945674908884,0.005406999552693297
2026-09-03 17:09:29.401519,730.5499596488512,632.7564903594828,311.9994485325353,0.003935998770575542
2026-09-03 17:09:29.501511,730.5500016280374,632.7564435592833,311.9994441732094,0.0028687056827302404
2026-09-03 17:09:29.600158,730.5500292174702,632.7564128234911,311.9994418537307,0.0020942378060600716
2026-09-03 17:09:29.701336,730.550049739991,632.7563899804095,311.9994406187912,0.0015273595512394463
2026-09-03 17:09:29.800822,730.5500633997674,632.7563747827412,311.9994399614569,0.0011147220459493763
2026-09-03 17:09:29.900903,730.5500732575734,632.7563638201268,311.99943961133977,0.0008135202669445615
2026-09-03 17:09:30.000779,730.550080243823,632.7563560533957,311.99943942484384,0.0005937759650043744
2026-09-03 17:09:30.093032,730.550084102404,632.7563517638714,311.9994393249292,0.000435840989846728
2026-09-03 17:09:30.201526,730.5500888199781,632.7563465222078,311.99943927157153,0.00031709561961817327
2026-09-03 17:09:30.301579,730.5500914291829,632.7563436231882,311.99943924328727,0.00023103436460667474
2026-09-03 17:09:30.400469,730.5500932510581,632.7563415991411,311.9994392282483,0.00016860194922292712
2026-09-03 17:09:30.500911,730.5500946493653,632.7563400458084,311.9994392202413,0.00012300678042312968
2026-09-03 17:09:30.600552,730.5500956390918,632.7563389464115,311.99943921597753,8.97812623706873e-05
2026-09-03 17:09:30.700854,730.5500963763325,632.7563381275145,311.99943921370664,6.551400525451111e-05
2026-09-03 17:09:30.802572,730.5500969364438,632.7563375053868,311.9994392124989,4.7750345836307564e-05
2026-09-03 17:09:30.900634,730.5500972967783,632.7563371051608,311.99943921185593,3.487450618153554e-05
2026-09-03 17:09:31.002140,730.5500975933033,632.7563367758158,311.9994392115135,2.5434398473694068e-05
2026-09-03 17:09:31.096030,730.5500977584709,632.7563365923677,311.99943921133047,1.863902237522586e-05
2026-09-03 17:09:31.201902,730.5500979407939,632.7563363898696,311.99943921123275,1.357495703527407e-05
2026-09-03 17:09:31.310633,730.5500980801736,632.7563362350676,311.99943921118125,9.833914110138577e-06
2026-09-03 17:09:31.397756,730.5500981240093,632.7563361863811,311.99943921115386,7.216454502151684e-06
2026-09-03 17:09:31.499115,730.5500981862202,632.7563361172869,311.99943921113913,5.277015973441349e-06
2026-09-03 17:09:31.593399,730.5500982216968,632.7563360778851,311.99943921113123,3.871515446534762e-06
2026-09-03 17:09:31.693288,730.550098253956,632.7563360420568,311.999439211127,2.8337157658049028e-06
2026-09-03 17:09:31.799532,730.5500982820184,632.7563360108895,311.99943921112475,2.0619274192596395e-06
2026-09-03 17:09:31.899045,730.5500982983287,632.7563359927747,311.99943921112356,1.5030026353378128e-06
2026-09-03 17:09:31.998865,730.5500983103698,632.7563359794016,311.99943921112293,1.096370705040935e-06
2026-09-03 17:09:32.099070,730.5500983192719,632.7563359695146,311.9994392111226,7.998319145884416e-07
2026-09-03 17:09:32.191627,730.5500983241978,632.7563359640437,311.9994392111224,5.868042905160512e-07
2026-09-03 17:09:32.298951,730.5500983301876,632.7563359573915,311.9994392111223,4.271816697420959e-07
2026-09-03 17:09:32.399557,730.550098333681,632.7563359535114,311.99943921112225,3.112148592088062e-07
2026-09-03 17:09:32.499034,730.5500983361327,632.7563359507885,311.99943921112225,2.2700729064129276e-07
2026-09-03 17:09:32.598571,730.5500983379319,632.7563359487903,311.9994392111222,1.6568497096129125e-07
2026-09-03 17:09:32.692085,730.5500983389938,632.7563359476108,311.9994392111222,1.2150130182711005e-07
2026-09-03 17:09:32.792862,730.5500983400264,632.7563359464641,311.9994392111222,8.885247929348561e-08
2026-09-03 17:09:32.893061,730.5500983407617,632.7563359456475,311.9994392111222,6.490743236196544e-08
2026-09-03 17:09:32.993672,730.5500983413029,632.7563359450463,311.9994392111222,4.7374120476564655e-08
2026-09-03 17:09:33.093491,730.5500983416862,632.7563359446206,311.9994392111222,3.458098895566249e-08
2026-09-03 17:09:33.196753,730.370949842691,632.0981961020318,311.8816659649459,0.0056033256771441135
2026-09-03 17:09:33.306239,730.3710414406045,632.0980937794336,311.88165908445376,0.004057058109491835
2026-09-03 17:09:33.405302,730.371089136657,632.0980404978833,311.88165546138663,0.0029505483896559905
2026-09-03 17:09:33.505247,730.371121380248,632.0980044913949,311.8816535418431,0.002149477054882011
2026-09-03 17:09:33.605837,730.3711435319353,632.0979797619274,311.88165252267527,0.0015665724627308482
2026-09-03 17:09:33.693601,730.3711536494013,632.0979684650978,311.88165197608686,0.0011527829101613794
2026-09-03 17:09:33.794344,730.3711649339353,632.0979558729148,311.88165168139847,0.0008446039336216608
2026-09-03 17:09:33.893768,730.3711725629366,632.0979473608826,311.88165152342765,0.0006179612234120193
2026-09-03 17:09:33.993588,730.37117803924,632.097941251428,311.88165143894895,0.0004516725523984716
2026-09-03 17:09:34.093963,730.3711820083674,632.0979368238013,311.88165139386126,0.0003298162126178632
2026-09-03 17:09:34.210580,730.3711862175414,632.0979321289918,311.88165137011384,0.00023789292921256157
2026-09-03 17:09:34.307998,730.3711879228622,632.0979302268491,311.8816513576668,0.00017287114340137439
2026-09-03 17:09:34.406526,730.3711892330075,632.0979287655648,311.8816513510736,0.00012601299251300294
2026-09-03 17:09:34.508275,730.3711903005268,632.097927574942,311.88165134757264,9.179219575946683e-05
2026-09-03 17:09:34.604410,730.3711909417516,632.0979268597788,311.88165134570806,6.711424580066196e-05
2026-09-03 17:09:34.708772,730.3711915620291,632.0979261679983,311.88165134471524,4.8874062508239504e-05
2026-09-03 17:09:34.808586,730.3711919489376,632.0979257364909,311.8816513441881,3.5633087950682574e-05
2026-09-03 17:09:34.907142,730.3711922205772,632.0979254335417,311.88165134390755,2.6019499969896453e-05
2026-09-03 17:09:35.008604,730.3711924399811,632.0979251888508,311.8816513437581,1.89749418188164e-05
2026-09-03 17:09:35.092859,730.3711925158196,632.0979251042709,311.8816513436777,1.4003683389799788e-05
2026-09-03 17:09:35.201610,730.3711926673964,632.0979249352259,311.88165134363436,1.0216135771401761e-05
2026-09-03 17:09:35.307342,730.3711927658269,632.0979248254521,311.88165134361145,7.423438526685831e-06
2026-09-03 17:09:35.408019,730.3711928260726,632.0979247582636,311.8816513435993,5.402642670617723e-06
2026-09-03 17:09:35.507886,730.3711928687962,632.0979247106166,311.88165134359286,3.937541382671961e-06
2026-09-03 17:09:35.608147,730.3711929004515,632.0979246753134,311.88165134358945,2.871093004323982e-06
2026-09-03 17:09:35.699425,730.3711929169873,632.0979246568721,311.8816513435876,2.107813349705968e-06
2026-09-03 17:09:35.799703,730.3711929346481,632.0979246371761,311.8816513435866,1.5429107490105847e-06
2026-09-03 17:09:35.900019,730.3711929474952,632.0979246228486,311.8816513435861,1.127594894796333e-06
2026-09-03 17:09:35.999777,730.371192956663,632.0979246126243,311.8816513435858,8.237023809783051e-07
2026-09-03 17:09:36.100352,730.3711929635126,632.0979246049853,311.88165134358565,6.012074867272172e-07
2026-09-03 17:09:36.208502,730.3974557461166,631.7621725227568,311.8374184109942,0.0043973126286327435
2026-09-03 17:09:36.308236,730.3975151389792,631.7621061349314,311.83741489432606,0.0032003972195303286
2026-09-03 17:09:36.408523,730.3975540118586,631.7620626897352,311.83741302948397,0.002331836123673833
2026-09-03 17:09:36.516375,730.3975842248907,631.7620289292795,311.8374120443502,0.0016906629342738572
2026-09-03 17:09:36.607038,730.3975969544643,631.7620147036095,311.8374115213259,0.001238011378996887
2026-09-03 17:09:36.700017,730.3976067785294,631.7620037265906,311.8374112398623,0.0009098240693330875
2026-09-03 17:09:36.800755,730.3976156214305,631.7619938472709,311.83741108841616,0.0006661325755198752
2026-09-03 17:09:36.900642,730.3976216804838,631.7619870783843,311.8374110073461,0.0004870345611071122
2026-09-03 17:09:37.000762,730.3976260045617,631.7619822479277,311.8374109640487,0.00035576392727703715
2026-09-03 17:09:37.100884,730.3976290872719,631.7619788043172,311.8374109409571,0.0002597475972282661
2026-09-03 17:09:37.225990,730.3976329568602,631.7619744819366,311.83741092887146,0.00018619982708741178
2026-09-03 17:09:37.302721,730.3976332619856,631.7619741410338,311.83741092250057,0.00013692352612874396
2026-09-03 17:09:37.425499,730.3976352223644,631.7619719513024,311.8374109191239,9.868931021591874e-05
2026-09-03 17:09:37.503922,730.3976354350028,631.7619717137673,311.8374109173313,7.269070051798815e-05
2026-09-03 17:09:37.614116,730.3976362419583,631.7619708124087,311.83741091637006,5.2918576062611855e-05
2026-09-03 17:09:37.704978,730.3976365447655,631.7619704741749,311.8374109158566,3.8828905956809715e-05
2026-09-03 17:09:37.805689,730.3976368766338,631.761970103484,311.837410915581,2.8405238110917092e-05
2026-09-03 17:09:37.906267,730.3976371157326,631.7619698364158,311.83741091543374,2.0748452507551193e-05
2026-09-03 17:09:38.013743,730.3976373254521,631.7619696021642,311.8374109153556,1.5067523048359575e-05
2026-09-03 17:09:38.097920,730.3976373839611,631.7619695368107,311.83741091531385,1.1095564473548603e-05
2026-09-03 17:09:38.199903,730.3976374838497,631.7619694252377,311.8374109152913,8.12508537700004e-06
2026-09-03 17:09:38.303358,730.3976375587081,631.7619693416228,311.8374109152793,5.925646948778902e-06
2026-09-03 17:09:38.412645,730.3976376210297,631.7619692720114,311.8374109152729,4.293996010372233e-06
2026-09-03 17:09:38.504527,730.3976376456671,631.761969244492,311.8374109152695,3.140639820542316e-06
2026-09-03 17:09:38.613541,730.3976376784726,631.7619692078492,311.83741091526775,2.2797719348335382e-06
2026-09-03 17:09:38.704566,730.3976376910846,631.761969193762,311.8374109152668,1.6700024480224469e-06
2026-09-03 17:09:38.801257,730.3976377033381,631.7619691800752,311.8374109152663,1.224197910267693e-06
2026-09-03 17:09:38.901347,730.3976377134915,631.7619691687341,311.837410915266,8.955109674312734e-07
2026-09-03 17:09:39.001521,730.3976377208922,631.7619691604676,311.8374109152659,6.542948992287993e-07
2026-09-03 17:09:39.101619,730.3976377262574,631.7619691544749,311.8374109152658,4.777760550910088e-07
2026-09-03 17:09:39.202147,730.5694856270907,631.5913828354943,311.82367136433294,0.004038272848976231
2026-09-03 17:09:39.321090,730.5695600519533,631.5912996553174,311.823669324053,0.0029073411118582483
2026-09-03 17:09:39.411198,730.5695860546926,631.5912705919129,311.8236682519948,0.002121896932570191
2026-09-03 17:09:39.520830,730.5696142693976,631.5912390590098,311.82366768492903,0.0015378394496648137
2026-09-03 17:09:39.611254,730.5696255394838,631.5912264631469,311.82366738399435,0.0011260642066195264
2026-09-03 17:09:39.700055,730.5696331724843,631.5912179324213,311.82366722155757,0.0008300860759632123
2026-09-03 17:09:39.800767,730.5696413012415,631.5912088480374,311.823667133742,0.0006087660976543836
2026-09-03 17:09:39.900707,730.5696468874648,631.5912026051536,311.823667086615,0.0004454724229113807
2026-09-03 17:09:40.022521,730.5696533355224,631.591195399268,311.823667061806,0.0003204719677295165
2026-09-03 17:09:40.119535,730.5696556355931,631.5911928288548,311.82366704885067,0.00023262793586376082
2026-09-03 17:09:40.220470,730.5696575613621,631.5911906767565,311.82366704201144,0.000169178623619189
2026-09-03 17:09:40.319848,730.5696588878167,631.5911891944133,311.8236670383866,0.00012329651531599827
2026-09-03 17:09:40.399913,730.5696592522704,631.5911887871233,311.8236670364315,9.124490642086432e-05
2026-09-03 17:09:40.523401,730.5696606008094,631.5911872801128,311.8236670353857,6.59549201400334e-05
2026-09-03 17:09:40.620041,730.5696610597703,631.5911867672169,311.82366703483547,4.800890362381122e-05
2026-09-03 17:09:40.719791,730.5696614395441,631.5911863428145,311.82366703454346,3.499586103406948e-05
2026-09-03 17:09:40.818946,730.569661711908,631.5911860384444,311.82366703438817,2.554051333010915e-05
2026-09-03 17:09:40.907530,730.5696618429357,631.5911858920192,311.8236670343047,1.8796806645768286e-05
2026-09-03 17:09:41.006426,730.5696619962939,631.5911857206397,311.82366703425964,1.3791412283087533e-05
2026-09-03 17:09:41.106707,730.5696621130523,631.5911855901608,311.8236670342355,1.0091986578953106e-05
2026-09-03 17:09:41.207784,730.7465953878515,631.4829298893545,311.81907838584544,0.0037767911340503457
2026-09-03 17:09:41.322531,730.7466595131256,631.4828582155621,311.81907709184,0.002728383714454127
2026-09-03 17:09:41.420933,730.7466892418553,631.4828249872048,311.81907641247676,0.0019828454895272317
2026-09-03 17:09:41.520455,730.746709726855,631.4828020908717,311.8190760528217,0.0014444070721325159
2026-09-03 17:09:41.620596,730.746723947599,631.4827861962466,311.8190758618227,0.0010530132599190496
2026-09-03 17:09:41.706914,730.7467301122479,631.4827793059501,311.8190757592332,0.000775820416159585
2026-09-03 17:09:41.812030,730.7467384757473,631.4827699580803,311.819075703996,0.0005669735730358289
2026-09-03 17:09:41.921375,730.7467448937292,631.4827627847288,311.81907567471313,0.00041128559488263
2026-09-03 17:09:42.020577,730.7467482556664,631.4827590271055,311.81907565925087,0.000299378775465025
2026-09-03 17:09:42.121601,730.7467508195674,631.4827561614485,311.8190756510541,0.00021802902806374624
2026-09-03 17:09:42.224438,730.7467527636989,631.4827539885067,311.81907564671127,0.00015861668803963014
2026-09-03 17:09:42.310772,730.7467534896921,631.4827531770684,311.8190756443862,0.0001167302211138593
2026-09-03 17:09:42.412458,730.746754535428,631.4827520082582,311.8190756431334,8.546908846004692e-05
2026-09-03 17:09:42.510947,730.7467552170931,631.4827512463671,311.81907564246194,6.255533841009654e-05
2026-09-03 17:09:42.612636,730.7467557656461,631.4827506332546,311.8190756421032,4.566806441414551e-05
2026-09-03 17:09:42.711723,730.7467561299139,631.4827502261157,311.8190756419119,3.3357622116950036e-05
2026-09-03 17:09:42.812623,730.7467564110823,631.4827499118566,311.81907564180995,2.43403947946644e-05
2026-09-03 17:09:42.912202,730.7467566063684,631.482749693587,311.8190756417556,1.776802341267268e-05
2026-09-03 17:09:43.014873,730.746756762821,631.4827495187217,311.8190756417267,1.2943943773874482e-05
2026-09-03 17:09:43.119982,730.7467568834123,631.4827493839377,311.8190756417115,9.402750776440209e-06
2026-09-03 17:09:43.220714,730.7467569589206,631.4827492995429,311.8190756417034,6.8417918673761255e-06
2026-09-03 17:09:43.319928,730.7467570113575,631.4827492409346,311.8190756416991,4.98826766124309e-06
2026-09-03 17:09:43.419481,730.7467570503746,631.4827491973256,311.8190756416968,3.639835599855062e-06
2026-09-03 17:09:43.518883,730.7467570788667,631.4827491654803,311.81907564169563,2.657352156268706e-06
2026-09-03 17:09:43.618837,730.7467571001476,631.4827491416949,311.81907564169495,1.939844117346562e-06
2026-09-03 17:09:43.719489,730.7467571160497,631.4827491239213,311.8190756416946,1.4152621460218538e-06
2026-09-03 17:09:43.819664,730.7467571274564,631.4827491111722,311.81907564169444,1.032585980710109e-06
2026-09-03 17:09:43.914792,730.7467571344531,631.4827491033519,311.8190756416943,7.561849394049243e-07
2026-09-03 17:09:44.019144,730.7467571414919,631.4827490954848,311.81907564169427,5.511429613403696e-07
2026-09-03 17:09:44.119890,730.7467571460149,631.4827490904294,311.81907564169427,4.017372085281942e-07
2026-09-03 17:09:44.219875,730.7467571492263,631.48274908684,311.81907564169427,2.930103156213335e-07
2026-09-03 17:09:44.319156,730.7467571515195,631.4827490842769,311.8190756416942,2.1388819093413336e-07
2026-09-03 17:09:44.419404,730.7467571532538,631.4827490823385,311.8190756416942,1.5609087965258621e-07
2026-09-03 17:09:44.519517,730.7467571545131,631.4827490809311,311.8190756416942,1.1390708902444212e-07
2026-09-03 17:09:44.619785,730.7467571554366,631.4827490798989,311.8190756416942,8.311234609416733e-08
2026-09-03 17:09:44.718649,730.7467571560802,631.4827490791796,311.8190756416942,6.070078647847236e-08
2026-09-03 17:09:44.819895,730.7467571565899,631.48274907861,311.8190756416942,4.4278062231256017e-08
2026-09-03 17:09:44.919629,730.7467571569423,631.4827490782161,311.8190756416942,3.2313005851027447e-08
2026-09-03 17:09:45.020649,730.7467571572107,631.4827490779162,311.8190756416942,2.3564714399189642e-08
2026-09-03 17:09:45.128960,730.7467571574495,631.4827490776493,311.8190756416942,1.7087681363552756e-08
2026-09-03 17:09:45.215809,730.7467571575245,631.4827490775654,311.8190756416942,1.2548688733588199e-08
2026-09-03 17:09:45.319132,730.7467571576389,631.4827490774373,311.8190756416942,9.166635462796295e-09
2026-09-03 17:09:45.418536,730.7467571577118,631.4827490773558,311.8190756416942,6.696261042782524e-09
2026-09-03 17:09:45.517933,730.7467571577652,631.4827490772961,311.8190756416942,4.8917333443317716e-09
2026-09-03 17:09:45.617629,730.7467571578046,631.4827490772522,311.8190756416942,3.5727496403166374e-09
2026-09-03 17:09:45.717632,730.7467571578336,631.4827490772198,311.8190756416942,2.6085352546406345e-09
2026-09-03 17:09:45.817569,730.7467571578547,631.4827490771962,311.8190756416942,1.904294423811746e-09
2026-09-03 17:09:45.917332,730.74675715787,631.482749077179,311.8190756416942,1.3902612111181279e-09
2026-09-03 17:09:46.017531,730.7467571578812,631.4827490771664,311.8190756416942,1.014690931406156e-09
2026-09-03 17:09:46.117999,730.7467571578895,631.4827490771571,311.8190756416942,7.403197756327291e-10
2026-09-03 17:09:46.217289,730.7467571578954,631.4827490771506,311.8190756416942,5.405021962921825e-10
2026-09-03 17:09:46.317208,730.7467571578999,631.4827490771457,311.8190756416942,3.9457722988585317e-10
2026-09-03 17:09:46.417838,730.7467571579031,631.4827490771421,311.8190756416942,2.878843231665413e-10
2026-09-03 17:09:46.516989,730.7467571579053,631.4827490771395,311.8190756416942,2.1020373589230638e-10
2026-09-03 17:09:46.616842,730.746757157907,631.4827490771376,311.8190756416942,1.5346859861308892e-10
2026-09-03 17:09:46.716947,730.7467571579083,631.4827490771362,311.8190756416942,1.1202001913709718e-10
2026-09-03 17:09:46.824290,730.7467571579094,631.4827490771349,311.8190756416942,8.132587848981518e-11
2026-09-03 17:09:46.916309,730.74675715791,631.4827490771344,311.8190756416942,5.953469912629149e-11
2026-09-03 17:09:47.025113,730.7467571579106,631.4827490771337,311.8190756416942,4.324283558516592e-11
2026-09-03 17:09:47.116242,730.7467571579108,631.4827490771333,311.8190756416942,3.1684787648814246e-11
2026-09-03 17:09:47.225009,730.7467571579111,631.482749077133,311.8190756416942,2.3025908917388368e-11
2026-09-03 17:09:47.323794,730.7467571579114,631.4827490771328,311.8190756416942,1.6781914237290406e-11
2026-09-03 17:09:47.423621,730.7467571579115,631.4827490771327,311.8190756416942,1.2240641587492113e-11
2026-09-03 17:09:47.523485,730.7467571579116,631.4827490771326,311.8190756416942,8.931716168076957e-12
2026-09-03 17:09:47.623319,730.7467571579116,631.4827490771324,311.8190756416942,6.518754410121193e-12
2026-09-03 17:09:47.713086,730.7467571579117,631.4827490771323,311.8190756416942,4.793471176420199e-12
2026-09-03 17:09:47.827260,730.7467571579117,631.4827490771322,311.8190756416942,3.4764557168704175e-12
2026-09-03 17:09:47.925604,730.7467571579117,631.4827490771322,311.8190756416942,2.5318374627965564e-12
2026-09-03 17:09:48.024296,730.7467571579118,631.4827490771322,311.8190756416942,1.847502608270025e-12
2026-09-03 17:09:48.125063,730.7467571579118,631.4827490771321,311.8190756416942,1.3475006580320092e-12
2026-09-03 17:09:48.226484,730.7467571579118,631.4827490771321,311.8190756416942,9.821020568925392e-13
2026-09-03 17:09:48.326585,730.7467571579118,631.4827490771321,311.8190756416942,7.1619959318508e-13
2026-09-03 17:09:48.425184,730.7467571579118,631.4827490771321,311.8190756416942,5.230226053329148e-13
2026-09-03 17:09:48.527057,730.7467571579118,631.4827490771321,311.8190756416942,3.8132351996559366e-13
2026-09-03 17:09:48.627511,730.7467571579118,631.4827490771321,311.8190756416942,2.780587661833359e-13
2026-09-03 17:09:48.710982,730.7467571579118,631.4827490771321,311.8190756416942,2.0531895298318664e-13
2026-09-03 17:09:48.812162,730.7467571579118,631.4827490771321,311.8190756416942,1.5066199097573725e-13
2026-09-03 17:09:48.917472,730.7467571579118,631.4827490771321,311.8190756416942,1.0985076711243054e-13
2026-09-03 17:09:49.017582,730.7467571579118,631.4827490771321,311.8190756416942,8.0125178375737e-14
2026-09-03 17:09:49.111503,730.7467571579118,631.4827490771321,311.8190756416942,5.872038158018017e-14
2026-09-03 17:09:49.217810,731.2665198644423,631.300506771637,311.8210827666992,0.005398999928862058
2026-09-03 17:09:49.326671,731.2666135805871,631.3004020397043,311.8210817354944,0.003910608799701676
2026-09-03 17:09:49.427068,731.2666642782476,631.3003453827306,311.82108119270225,0.0028418551590248075
2026-09-03 17:09:49.529514,731.2666987823216,631.3003068223312,311.8210809059848,0.002065689070205623
2026-09-03 17:09:49.625937,731.2667185674527,631.3002847111695,311.8210807538104,0.0015083059160017336
2026-09-03 17:09:49.718089,731.2667305678569,631.3002712998774,311.8210806722283,0.0011074352246868487
2026-09-03 17:09:49.818484,731.266741444539,631.3002591442406,311.82108062838336,0.0008106127756757917
2026-09-03 17:09:49.917778,731.2667488149738,631.3002509071018,311.8210806049117,0.0005928474914837048
2026-09-03 17:09:50.017916,731.2667541567123,631.3002449371905,311.8210805923705,0.0004331208417948119
2026-09-03 17:09:50.118986,731.2667580543944,631.3002405811376,311.8210805856851,0.0003160329130519445
2026-09-03 17:09:50.221257,731.5105293657648,631.2457046022257,311.8266266380242,0.0037941734997835076
2026-09-03 17:09:50.327845,731.5105871362026,631.2456400592869,311.82662613407587,0.002753676640962791
2026-09-03 17:09:50.427287,731.510619297544,631.2456041273626,311.82662586782135,0.002004602063326995
2026-09-03 17:09:50.535720,731.5106452398585,631.245575142197,311.82662572741447,0.0014521260792330012
2026-09-03 17:09:50.626611,731.5106560520112,631.2455630621505,311.826625652983,0.0010626648993567428
2026-09-03 17:09:50.734050,731.5106682730099,631.2455494072203,311.8266256133877,0.0007724878298586171
2026-09-03 17:09:50.834611,731.5106752827463,631.2455415749748,311.8266255924335,0.0005623711086550054
2026-09-03 17:09:50.934130,731.5106800868,631.2455362071624,311.8266255813111,0.0004100352178455987
2026-09-03 17:09:51.034728,731.5106836389414,631.2455322381321,311.82662557539805,0.00029897292551455453
2026-09-03 17:09:51.123572,731.510685290696,631.245530392531,311.8266255722272,0.0002198808294655671
2026-09-03 17:09:51.220760,731.5106870391381,631.2455284388647,311.8266255705147,0.00016147120292027607
2026-09-03 17:09:51.334827,731.5106890126277,631.2455262337169,311.82662556960315,0.0001170327800305768
2026-09-03 17:09:51.424112,731.5106896310684,631.2455255426842,311.826625569119,8.577005818882745e-05
2026-09-03 17:09:51.525057,731.5106903707493,631.2455247161741,311.82662556885964,6.269406959945553e-05
2026-09-03 17:09:51.624451,731.5106908795999,631.2455241475903,311.8266255687211,4.5814302667764494e-05
2026-09-03 17:09:51.724145,731.5208814971015,631.2341372018785,311.8266263315462,0.12740110317789266
2026-09-03 17:09:51.820226,731.5222847747042,631.2325691907384,311.82662620772874,0.09737374410600787
2026-09-03 17:09:51.921230,731.5234156217409,631.2313055907618,311.82662613693117,0.07284661539148136
2026-09-03 17:09:52.020701,731.5241760344668,631.2304559111341,311.8266260977376,0.05390625129618315
2026-09-03 17:09:52.121114,731.5486050562896,631.2031590688441,311.81538975335326,0.35496208478796154
2026-09-03 17:09:52.219141,731.8555125032118,631.1904538868392,312.05661276572044,0.37364458739911444
2026-09-03 17:09:52.318978,731.8947714205601,631.1467763366811,312.05675584360347,0.9559332595606583
2026-09-03 17:09:52.431650,731.9270250184455,631.1110263670988,312.08197314856164,0.9825156123702502
2026-09-03 17:09:52.523231,731.9539832378622,631.0811722373197,312.09222159540457,1.0025215559798824
2026-09-03 17:09:52.631087,731.9863851322924,631.0453025620532,312.05601245324544,1.0241978880754443
2026-09-03 17:09:52.730225,732.0834506044279,630.9376431647229,312.05610072543425,1.6481940099100048
2026-09-03 17:09:52.818652,732.1270943796374,630.8892671816359,312.0264142377682,1.6427852639784326
2026-09-03 17:09:52.919470,732.2414619572908,630.7623834273488,311.97005775317996,2.1978376992514703
2026-09-03 17:09:53.032088,732.3154580032169,630.6801160754036,311.94485253405026,2.2066942368375924
2026-09-03 17:09:53.130823,732.380561733536,630.6076709533919,311.9338035129756,2.207556986465702
2026-09-03 17:09:53.231630,732.4470434132593,630.5336637966974,311.91124173311084,2.2101995509593713
2026-09-03 17:09:53.330970,732.6050598624298,630.3578530607118,311.92238972344126,2.8606802005130465
2026-09-03 17:09:53.418762,732.6800712666322,630.274317179073,311.9518630305214,2.858378812494077
2026-09-03 17:09:53.519282,732.8425475744476,630.0936012284157,311.96312971281645,3.4391825314419395
2026-09-03 17:09:53.619148,732.9452119039182,629.9794332794951,311.92960295314737,3.3990414436757437
2026-09-03 17:09:53.719433,733.0470373595923,629.8660648464174,311.92960295314737,3.351721590446726
2026-09-03 17:09:53.819067,733.1467934515182,629.7550003610517,311.92960295314737,3.2777201553122866
2026-09-03 17:09:53.919101,733.2447387130611,629.6459519825789,311.9407973398814,3.180695018439747
2026-09-03 17:09:54.019002,733.339678934431,629.5402908304101,311.99669485618153,3.121335222616107
2026-09-03 17:09:54.119225,733.599278539223,629.2516746966412,312.01913849274325,4.015868867057806
2026-09-03 17:09:54.239249,734.805436331936,630.0000962178534,340.215483532369,3.939381374201531
2026-09-03 17:09:54.338007,734.9690891639455,629.9412275256761,340.27074150691146,3.9048633500873584
2026-09-03 17:09:54.437750,735.132982734724,629.8824506912522,340.3377124397549,3.8682579323674675
2026-09-03 17:09:54.537781,735.2958768523962,629.8242470880184,340.39368269483765,3.837665338234392
2026-09-03 17:09:54.638100,735.4580044749721,629.7664958952587,340.47226665408533,3.788576260635072
2026-09-03 17:09:54.723001,735.5935256869554,629.7184314811014,340.5102703179638,3.745547934730231
2026-09-03 17:09:54.824391,735.7535665843928,629.6617903097822,340.57834710411413,3.68353149744274
2026-09-03 17:09:54.923635,735.9076909933954,629.6074490597408,340.57834710411413,3.6228276873810006
2026-09-03 17:09:55.025250,736.0628969111079,629.552726490896,340.64657496312066,3.6032935538303117
2026-09-03 17:09:55.236908,737.1064256676461,630.1803353259863,355.9580768350778,3.6598506004533466
2026-09-03 17:09:55.443761,737.4440160129994,630.156480474878,355.98122488953015,3.6363532536695016
2026-09-03 17:09:55.543560,737.6058498962002,630.14511065589,355.9700568006637,3.6468178164043796
2026-09-03 17:09:55.644310,737.7696938299271,630.13356752405,355.9700568006637,3.644176746114249
2026-09-03 17:09:55.755217,737.9499248887681,630.1208698865694,355.9948790780796,3.671311796948626
2026-09-03 17:09:55.853755,738.1112527853132,630.1095742514954,355.97282512682307,3.6756169381272676
2026-09-03 17:09:55.953755,738.2751618476015,630.0980344899964,355.9280627990785,3.6625098895410115
2026-09-03 17:09:56.054702,738.4400239841724,630.0862981846925,355.8941731288372,3.645750404581612
2026-09-03 17:09:56.143044,738.8042760754305,630.0251200571299,355.6940684339622,4.103512210891334
2026-09-03 17:09:56.253323,739.0060046157931,630.0099310097347,355.6693867102555,4.055331137189875
2026-09-03 17:09:56.356259,739.1920840084756,629.9958396410726,355.6348292979901,3.96538532697155
2026-09-03 17:09:56.456200,739.3687340891277,629.9823551719888,355.59009338001886,3.8885360097963533
2026-09-03 17:09:56.555920,739.541567273439,629.9690263225057,355.5342971384852,3.82318426554528
2026-09-03 17:09:56.657504,739.7146590571025,629.95550795296,355.50019361622316,3.7601615214955304
2026-09-03 17:09:56.742187,739.8565675484896,629.944339994988,355.50019361622316,3.757201670307717
2026-09-03 17:09:56.842845,740.0251135488234,629.9310757101684,355.51145783218846,3.757201670307717
2026-09-03 17:09:56.942536,740.1894431928197,629.9183759918645,355.4787573642842,3.703701454271888
2026-09-03 17:09:57.042642,740.354673195472,629.9053104677222,355.4115427005662,3.639846202924134
2026-09-03 17:09:57.158594,740.4420552637858,629.9046235080707,355.4228262292987,3.3936551205431864
2026-09-03 17:09:57.258206,740.5926946239781,629.8925637531397,355.37823757938577,3.3684131469502194
2026-09-03 17:09:57.357216,740.741300616236,629.8805503873616,355.3449981938608,3.2974706348148395
2026-09-03 17:09:57.457007,740.8879174301318,629.868612209841,355.3003294193812,3.2268404985994
2026-09-03 17:09:57.542481,740.9037186335278,629.871682518226,355.2597137052069,2.869083516112787
2026-09-03 17:09:57.649368,741.0403424534512,629.8603532765162,355.18794604132233,2.811176627886901
2026-09-03 17:09:57.757614,741.0656705012696,629.8615419371995,355.1648077912342,2.4326527987741327
2026-09-03 17:09:57.857669,741.1740924023268,629.852370427849,355.17600452799036,2.4405213532519197
2026-09-03 17:09:57.956339,741.1535316020866,629.85704525363,355.165502384193,1.9802489024792649
2026-09-03 17:09:58.056997,741.2423221256144,629.849535464848,355.1429739522625,2.0013581712247914
2026-09-03 17:09:58.149579,741.1037381855904,629.8650016401149,355.1577513389156,1.0963808133458344
2026-09-03 17:09:58.248947,741.0906318408452,629.8669992987965,355.1612387020226,0.8030179973575622
2026-09-03 17:09:58.349376,741.0634733690144,629.8700521652198,355.164181360618,0.4625664614160401
2026-09-03 17:09:58.448848,741.0668026800819,629.8699369961503,355.16482761799716,0.3527125485999977
2026-09-03 17:09:58.554689,741.0707476510995,629.8696980152433,355.1651944523037,0.26256604963204394
2026-09-03 17:09:58.656946,741.0735024211018,629.8695170252736,355.1653955651257,0.19337072553000265
2026-09-03 17:09:58.757471,741.075518494071,629.8693746245854,355.16550414728323,0.14176116608766146
2026-09-03 17:09:58.857797,741.0770552092235,629.8692597424842,355.1655623691994,0.10368567379994457
2026-09-03 17:09:58.964814,741.0784814654119,629.869147142399,355.1655933258457,0.07537454220001763
2026-09-03 17:09:59.049062,741.0788576904962,629.8691196246344,355.16560990587806,0.05553288343086713
2026-09-03 17:09:59.165680,741.079882683736,629.8690352319321,355.1656187585882,0.040245336193366336
2026-09-03 17:09:59.257068,741.0802048113093,629.8690092062974,355.16562345294346,0.029447601665580806
2026-09-03 17:09:59.366422,741.0806608272402,629.8689712855006,355.1656259462224,0.021375213970514065
2026-09-03 17:09:59.454694,741.0808109060517,629.8689589373644,355.1656272746168,0.015689391514630103
2026-09-03 17:09:59.550577,741.080978028944,629.8689449886551,355.1656279905667,0.011520360515078572
2026-09-03 17:09:59.666108,741.0811894588605,629.8689272055166,355.165628371167,0.00834050880096905
2026-09-03 17:09:59.753849,741.0812469655971,629.8689223942854,355.1656285732162,0.006115813432770178
2026-09-03 17:09:59.854904,741.0813246527608,629.8689158519163,355.16562868153403,0.004471314255883224
2026-09-03 17:09:59.955310,741.0965981130672,629.8676225118702,355.16562266042985,0.13001895818658027
2026-09-03 17:10:00.055347,741.098927814309,629.8674257356622,355.16562366961483,0.09906591719957303
2026-09-03 17:10:00.155291,741.1319882396915,629.8646280465936,355.18798632890906,0.4307063087998419
2026-09-03 17:10:00.254894,741.1510984986284,629.8630192779857,355.18798632890906,0.4777043577719697
2026-09-03 17:10:00.362173,741.1739274960335,629.8610974529338,355.15197089572325,0.5236373192379459
2026-09-03 17:10:00.453209,741.1951615838539,629.8592964501679,355.14178343755185,0.5642065705912923
2026-09-03 17:10:00.549465,741.2980846281071,629.8505775343306,355.09869235623927,1.0975353534294765
2026-09-03 17:10:00.651492,741.347960332783,629.8463005314437,355.06444011114326,1.1037759600446564
2026-09-03 17:10:00.749104,741.4828543178246,629.8347516397432,355.0316669643157,1.621587684532848
2026-09-03 17:10:00.848925,741.5549441305456,629.8284847449299,355.00932586272677,1.6346712715021348
2026-09-03 17:10:00.949135,741.6278963117517,629.8221142210214,355.020539944885,1.6189097834361899
2026-09-03 17:10:01.049482,741.7002450971132,629.815810656479,355.020539944885,1.6320623134810404
2026-09-03 17:10:01.149474,741.9004979008529,629.7984605149214,355.00934844021583,2.278182063962529
2026-09-03 17:10:01.250028,743.1417650410052,629.1525097211589,351.64852813180744,2.3191685133614817
2026-09-03 17:10:01.350247,743.2445663813426,629.1374182976951,351.61488286387566,2.291145573579807
2026-09-03 17:10:01.450325,743.345973908576,629.122470651357,351.53648768974523,2.280651755912484
2026-09-03 17:10:01.570330,743.5812570193157,629.0860114483094,351.4474668005884,2.9370564649296917
2026-09-03 17:10:01.652172,743.6875191389121,629.0700308489842,351.46578399272477,2.9649468487599977
2026-09-03 17:10:01.762223,743.9326374506979,629.03236684328,351.41309607679943,3.485250456509778
2026-09-03 17:10:01.861230,744.0851658029766,629.0093347583334,351.35769877951185,3.4748689400347423
2026-09-03 17:10:01.949358,744.2205099296675,628.9887636627489,351.33797470741445,3.467168286849345
2026-09-03 17:10:02.050428,744.3753778649034,628.9651705753049,351.2814231016001,3.4910134160603774
2026-09-03 17:10:02.171892,744.7107497314639,628.9132732212342,351.19574399464227,4.149706883258355
2026-09-03 17:10:02.260771,744.873685071893,628.8880371046195,351.19574399464227,4.122524917928071
2026-09-03 17:10:02.370611,745.2027560920446,628.8368556239349,351.20967866270183,4.677685515746848
2026-09-03 17:10:02.460737,745.3890060463029,628.8080548230088,351.2701924059565,4.683985707004902
2026-09-03 17:10:02.568875,745.6128161214501,628.7736878979334,351.3670025779094,4.6565832199511705
2026-09-03 17:10:02.668101,745.8170325312166,628.7426827581801,351.3558986110774,4.686929620021633
2026-09-03 17:10:02.768797,746.1720400728892,628.6882599270799,351.3276589826239,5.387702769616049
2026-09-03 17:10:02.867844,746.4078691524569,628.6522895082131,351.3165750469336,5.365200396366451
2026-09-03 17:10:02.968526,746.646582861532,628.6158318488424,351.3053081452287,5.359921820903405
2026-09-03 17:10:03.048560,746.8361484508331,628.5868422106595,351.28739560453516,5.3515297446909855
2026-09-03 17:10:03.157122,747.2532852877819,628.5227425102179,351.35716297008804,6.0031747069498405
2026-09-03 17:10:03.255867,747.5152739819005,628.482920067548,351.3682131102209,6.013528751051039
2026-09-03 17:10:03.371401,747.9631820294194,628.4146547976542,351.3921605562331,6.6086929985597225
2026-09-03 17:10:03.468648,748.2472475238079,628.3716541739668,351.38127805101766,6.625687947277958
2026-09-03 17:10:03.568456,748.5395352165838,628.3273521193555,351.33660166694233,6.673654851805517
2026-09-03 17:10:03.668311,748.8340426719426,628.2824786695787,351.2807298889806,6.632645649259325
2026-09-03 17:10:03.756762,749.2483365172077,628.2189728785082,351.2994635276596,7.273103520662731
2026-09-03 17:10:03.955683,749.8876592584108,628.12113662547,351.2994635276596,7.290485302074908
2026-09-03 17:10:04.056837,750.2135404155871,628.07126667826,351.17494659389104,7.378873994921186
2026-09-03 17:10:04.171042,750.7323052656927,627.990972116264,351.1233226985874,8.000984549997728
2026-09-03 17:10:04.270490,751.0837465834906,627.9360844302714,351.1344515085113,7.992294751545689
2026-09-03 17:10:04.369355,751.5560146968304,627.8626258963059,351.1341482010399,8.518531292278453
2026-09-03 17:10:04.469268,751.931949785523,627.8039855621936,351.1453290471698,8.538611281974566
2026-09-03 17:10:04.569110,752.3085147119895,627.7453222521954,351.19002065043657,8.539483704604532
2026-09-03 17:10:04.669987,752.6890682486951,627.6863415798417,351.2013093737763,8.530669039669625
2026-09-03 17:10:04.770016,753.2164530760308,627.604702943164,351.12276928371404,9.116493627296471
2026-09-03 17:10:04.869944,753.6188250340753,627.5418569892227,351.0892217095626,9.050132395639348
2026-09-03 17:10:04.967348,754.008143147393,627.4808163642614,351.0347213374171,9.000767475833515
2026-09-03 17:10:05.063316,754.389572315143,627.420640841462,351.08841822577955,8.968901759119126
2026-09-03 17:10:05.167399,754.985268721835,627.3274016142973,351.0883050066595,9.729907437347292
2026-09-03 17:10:05.267523,755.415516559414,627.2599366239742,351.07710054840175,9.716784136020786
2026-09-03 17:10:05.366778,755.8414418405035,627.1930640896401,351.07710054840175,9.693367214087067
2026-09-03 17:10:05.467833,756.2740462502518,627.1251428965849,351.13364376127964,9.598883874718666
2026-09-03 17:10:05.569657,756.7057605517296,627.0577979338756,351.0424861760743,9.56329421831208
2026-09-03 17:10:05.668546,757.123372290206,626.9919721324111,351.05355243064514,9.603042601426568
2026-09-03 17:10:05.768209,757.7729587154711,626.8898973449006,351.0200407366546,10.448873848875067
2026-09-03 17:10:05.867631,758.2316730639855,626.8174085930235,350.97553713516436,10.44018632231145
2026-09-03 17:10:05.967518,758.6920930015551,626.7442837141679,350.87493570595734,10.41836592627586
2026-09-03 17:10:06.060522,759.1197704412549,626.6755889843021,350.80208188419005,10.45331082074839
2026-09-03 17:10:06.167679,759.7948799456569,626.5669494372349,350.50227105313576,11.114806344846446
2026-09-03 17:10:06.268412,760.2885373169659,626.4843596398198,350.52481627093925,10.86130637840049
2026-09-03 17:10:06.368247,760.7666666631651,626.4045611014668,350.9940452049293,10.733069243230819
2026-09-03 17:10:06.467647,761.2377193396185,626.3299035011308,351.4389827427106,10.561962840559918
2026-09-03 17:10:06.559025,761.904248434355,626.2275519278808,351.745737117201,11.423693104236188
2026-09-03 17:10:06.659580,762.412447817349,626.1538279181542,352.0045489795166,11.329677249600696
2026-09-03 17:10:06.759285,762.9125266596066,626.083586907604,352.194227664747,11.096188810367071
2026-09-03 17:10:06.980941,764.0018501094104,625.9342563502579,352.51668741660006,10.724316047303361
2026-09-03 17:10:07.082017,764.4823012573274,625.8711461081302,352.41488848322,10.282713366335216
2026-09-03 17:10:07.180920,764.9329588833505,625.8111347282044,352.4812954107339,9.938754754549917
2026-09-03 17:10:07.282031,765.3783347100176,625.7523519659303,352.57181468514557,9.720527489861635
2026-09-03 17:10:07.383223,766.2624278993587,625.6318595008652,352.719016274086,10.75173522204546
2026-09-03 17:10:07.468257,766.6678444286839,625.5800612043497,352.78562687019115,10.504306283220075
2026-09-03 17:10:07.570103,767.1423112471005,625.5200011787282,352.8882013108993,10.24800539291943
2026-09-03 17:10:07.680614,767.644696704062,625.4573207002397,352.9253017829097,9.991142839372769
2026-09-03 17:10:07.783350,768.1000673368086,625.4008054895932,352.90230827039386,9.790953398830535
2026-09-03 17:10:07.883323,768.5342907539565,625.3467378687361,353.0029963147051,9.515779695484637
2026-09-03 17:10:07.983293,768.9563893944097,625.2949330790369,353.08130688803607,9.313118160722647
2026-09-03 17:10:08.083161,769.3691457675973,625.2448474277141,353.10365850877207,9.125498449678892
2026-09-03 17:10:08.167953,769.7125489548766,625.2033133241705,353.0562149175956,8.98398363836447
2026-09-03 17:10:08.283806,770.1744249988817,625.1470620164991,353.0173210429241,8.837196184710994
2026-09-03 17:10:08.383396,770.5649451272659,625.0992320072519,353.18449155117725,8.92334802864554
2026-09-03 17:10:08.483017,770.9595343711487,625.0520717615952,353.1956397208079,8.920736554071118
2026-09-03 17:10:08.582471,771.353356009108,625.0050809776635,353.1288628326552,8.9841759100292
2026-09-03 17:10:08.672789,771.7134936122052,624.961683604414,353.0884343934828,8.950240240821746
2026-09-03 17:10:08.775400,772.1210685651662,624.9122781365949,353.03102055333034,8.891063436872434
2026-09-03 17:10:08.975183,773.7059622170498,624.7160307691615,352.9639468927261,10.480362313537498
2026-09-03 17:10:09.184696,776.302641624313,627.0126924937343,358.0840204118216,10.504765114042874
2026-09-03 17:10:09.295044,776.820551661582,626.9953670447478,358.3186434955647,10.481623728484536
2026-09-03 17:10:09.404918,777.335167162788,626.9802612100555,358.39241673554386,10.476823315629982
2026-09-03 17:10:09.501872,777.7890782264383,626.967522202461,358.2730698506297,10.540362355061575
2026-09-03 17:10:09.602662,778.2637813311131,626.9532100237054,358.2166749129625,10.467263733433757
2026-09-03 17:10:09.703124,778.7336440352128,626.9385808723107,358.34034001963414,10.490965419105061
2026-09-03 17:10:09.782581,779.1061315998622,626.9277881809367,358.4470404279022,10.454861931441766
2026-09-03 17:10:09.888630,779.6015951602504,626.9143557194174,358.4707754283772,10.525288060814976
2026-09-03 17:10:09.989038,780.0738691058258,626.9017477320908,358.3247043147413,10.377012808600409
2026-09-03 17:10:10.089157,780.5381165967333,626.8881695323421,358.16784973254016,10.340269399873003
2026-09-03 17:10:10.191658,781.3844963462524,628.643852867967,5.036778989613762,10.39623385023269
2026-09-03 17:10:10.305610,781.9453934681865,628.6889566900825,5.155620644530689,10.539477067886766
2026-09-03 17:10:10.402598,782.400510263595,628.7300201504988,5.188181209355386,10.46744090361735
2026-09-03 17:10:10.502634,782.8666974070537,628.7723495458915,5.288932704266198,10.384399711833616
2026-09-03 17:10:10.602926,783.3302949509425,628.8152658718747,5.3113792211370034,10.163558316209064
2026-09-03 17:10:10.687419,783.7125420232326,628.8508024315055,5.245192412369831,10.089728059129161
2026-09-03 17:10:10.790362,784.1749233469511,628.8932501817078,5.30279201618248,9.923316994473314
2026-09-03 17:10:10.890475,784.6171358736592,628.9342947319993,5.26918233430127,9.773727795590105
2026-09-03 17:10:11.005861,785.1446950020304,628.9816766965785,4.999242387883131,9.84764758903568
2026-09-03 17:10:11.104069,785.5753906446375,629.0193519441386,4.812411593849627,9.76698198864198
2026-09-03 17:10:11.203430,786.0076943975146,629.0557478135937,4.779054371496897,9.654981655548184
2026-09-03 17:10:11.304736,786.4061042664856,629.0900860930769,4.857168011766135,9.425648356209642
2026-09-03 17:10:11.390186,786.7648669557209,629.1205727549175,5.057977409319359,9.30692864222991
2026-09-03 17:10:11.496698,787.206291891241,629.159642567986,4.783833218787248,9.341364738552386
2026-09-03 17:10:11.602226,787.6454378445437,629.1963939022223,4.134327366980392,9.369027951016594
2026-09-03 17:10:11.705001,788.0386247950914,629.2250059488415,3.869090309247668,8.834696196966132
2026-09-03 17:10:11.803300,788.4259681784486,629.2512024456801,5.134116775050392,8.33393426675575
2026-09-03 17:10:11.903435,788.7897326879435,629.2840384934386,5.8399585456908145,8.141235090430499
2026-09-03 17:10:12.001051,789.1431581427215,629.3201871846068,6.550005445772236,8.04570225220573
2026-09-03 17:10:12.098104,789.4899550639592,629.360006332783,6.2567639676369895,8.341672490117887
2026-09-03 17:10:12.201062,789.8716048273047,629.4018493757738,5.7613351955947225,8.376758853334824
2026-09-03 17:10:12.301498,790.245812325167,629.4396048734759,5.345478399279274,7.9484836989862195
2026-09-03 17:10:12.402079,790.5460338307524,629.467995096644,5.0411931608671985,7.725735186606019
2026-09-03 17:10:12.500613,790.8850255669075,629.4978986318167,4.71039732071825,7.835942326906663
2026-09-03 17:10:12.586095,791.1834559100209,629.5224885945258,4.212968791683992,7.849387327633667
2026-09-03 17:10:12.693766,791.56025147667,629.5502444796205,3.574371183431036,7.765653218619373
2026-09-03 17:10:12.786647,791.7717316916664,629.5612616932764,3.1270124634090575,7.268314166389378
2026-09-03 17:10:12.894780,792.1225572368355,629.5804276139714,2.8002932403536285,7.35713191410211
2026-09-03 17:10:12.991607,792.4406344058191,629.5959858146766,2.5944186496986457,7.509425857317482
2026-09-03 17:10:13.092834,792.7801065138182,629.6113680158777,2.549107088192624,7.3351744707665025
2026-09-03 17:10:13.202002,793.1377268656448,629.6272891628864,2.451374812288184,7.34757534652706
2026-09-03 17:10:13.301823,793.4653048720979,629.6413130023182,2.4178631599047344,7.5159174988652175
2026-09-03 17:10:13.402038,793.8017190621492,629.655518004281,2.440292443279358,7.645518422440289
2026-09-03 17:10:13.502221,794.143819264283,629.6700972578268,2.5187698681870025,7.81096945695342
2026-09-03 17:10:13.598919,794.4811446546668,629.6849359211301,2.6486226952344096,7.979114557923131
2026-09-03 17:10:13.693990,794.8198990571808,629.7006067483286,4.095526443976601,8.186797927280459
2026-09-03 17:10:13.793743,795.1840454160877,629.7266805060466,4.129015267572901,8.373329945528267
2026-09-03 17:10:14.014128,796.0068523096334,629.7860788729837,4.276989451572791,8.340592513964536
2026-09-03 17:10:14.116308,796.386777475011,629.8144921499744,4.2998585248175045,8.3271997317191
2026-09-03 17:10:14.217496,796.7623988117617,629.8427343274262,4.356476155065256,8.243202249670514
2026-09-03 17:10:14.317794,797.1309331914706,629.8708099100074,4.5697308226013105,8.236190992288625
2026-09-03 17:10:14.521578,797.8788617250464,629.9305891417325,4.70655851555788,8.067027228978855
2026-09-03 17:10:14.614287,798.2120693175314,629.9580221922139,4.7999306050225385,8.00140959514016
2026-09-03 17:10:14.715127,798.5715039823001,629.9882043259028,4.890207267617839,7.9414918584723
2026-09-03 17:10:14.813555,798.9196675884701,630.0179925330324,4.923251265582177,7.921710316272498
2026-09-03 17:10:14.914370,799.2753687025129,630.0486322889885,4.923251265582177,7.872378531085491
2026-09-03 17:10:15.014893,799.627830882854,630.0789930462735,5.069489678417951,7.751163025342157
2026-09-03 17:10:15.113034,799.9665670401026,630.1090426359079,5.278158109759113,7.682558286392622
2026-09-03 17:10:15.346490,799.6602452015571,635.0756183731006,20.29005890750616,7.235132396249318
2026-09-03 17:10:15.441223,799.9476363819003,635.1818709155942,20.385469473376308,7.175532234630671
2026-09-03 17:10:15.541353,800.2487122427723,635.2937531178897,20.54234128907363,7.089788194667804
2026-09-03 17:10:15.640947,800.544295830513,635.4045163314145,20.698373363502462,7.058458993142214
2026-09-03 17:10:15.741324,800.5601399737506,635.468643600629,20.80687143771028,6.411046254734328
2026-09-03 17:10:15.827176,800.7901445915222,635.5560457248555,20.931766836959977,6.3780384422343275
2026-09-03 17:10:15.928422,801.0597703063589,635.6591770984636,21.2603373179851,6.299300958591925
2026-09-03 17:10:16.028619,801.3227259893472,635.7614895919316,21.450951983488675,6.3194380251156135
2026-09-03 17:10:16.144333,801.6269790217291,635.8810372806356,21.450951983488675,6.388193687360603
2026-09-03 17:10:16.242005,801.8865874009455,635.9830431060518,21.232350679715168,6.457324036434511
2026-09-03 17:10:16.342013,802.1556821891961,636.0875929304358,20.97494670451298,6.477423118731397
2026-09-03 17:10:16.442202,802.426572380197,636.1914420510686,20.773135526064834,6.3601121852858435
2026-09-03 17:10:16.528036,802.6547528351538,636.2779972708188,19.495627420887985,6.234108779550339
2026-09-03 17:10:16.644799,802.9615026380123,636.3865967283559,19.50869388007409,6.090249458027097
2026-09-03 17:10:16.742332,803.2117999924001,636.4752744144309,19.50869388007409,5.976900671774748
2026-09-03 17:10:16.843452,803.4664728691238,636.5655023014542,19.384218799081918,5.883240149226431
2026-09-03 17:10:16.943649,803.7150573488524,636.6529657634808,19.20481676096091,5.759791176189901
2026-09-03 17:10:17.032846,803.9319454698334,636.7285146434064,19.085036800525867,5.610145171358119
2026-09-03 17:10:17.132452,804.1680224121557,636.8101945744518,19.107329782612506,5.42301767367894
2026-09-03 17:10:17.234250,804.4012155338805,636.8909783436666,19.16428872560931,5.25045191474238
2026-09-03 17:10:17.334482,804.623438400942,636.9682092637437,19.298887254644203,5.055141721582931
2026-09-03 17:10:17.434021,804.8357415118077,637.0425521270374,19.510528128359244,5.06557902165675
2026-09-03 17:10:17.538161,805.0580271154577,637.1213135577525,19.871798161236715,5.0337297673953865
2026-09-03 17:10:17.639976,805.2734968726005,637.1991925870814,20.236396273181995,5.016826174805797
2026-09-03 17:10:17.740450,805.762788108186,637.3677008203008,20.677775778701946,5.4423345396941984
2026-09-03 17:10:17.840454,805.9904185888038,637.4536143242736,20.946360488128178,5.476414229151518
2026-09-03 17:10:17.940531,806.2192336164143,637.5412024941305,21.035954077602096,5.493029274435497
2026-09-03 17:10:18.024586,806.411883555777,637.6152926152591,21.035954077602096,5.459243410055352
2026-09-03 17:10:18.133602,806.6602060787459,637.71079353193,21.12135075122668,5.407803801742897
2026-09-03 17:10:18.232742,806.8837761979454,637.7971577908813,21.265577209336154,5.3852802999309795
2026-09-03 17:10:18.340108,807.0149429141414,637.852911920411,21.445053758606072,5.153111489927658
2026-09-03 17:10:18.439380,807.2277981924225,637.9365221331893,21.64501781959984,5.137497534800601
2026-09-03 17:10:18.541082,807.4449036824842,638.0226776610139,21.804352458569667,5.135720184060175
2026-09-03 17:10:18.640758,807.6573750539139,638.1076788695029,21.938204351977777,5.154010598508547
2026-09-03 17:10:18.731879,807.8521194559851,638.1861164962551,21.96879526247589,5.178693364242598
2026-09-03 17:10:18.832371,808.0678737360483,638.2731502273008,21.980040902075164,5.150594089009957
2026-09-03 17:10:19.032282,808.3106198463164,638.3771755929968,21.97934397878958,4.633348471394345
2026-09-03 17:10:19.132949,808.5039758053799,638.4552153964385,21.900487416965937,4.5708946344194645
2026-09-03 17:10:19.234988,806.8946125790521,642.4482582742447,39.58286459687751,4.474581907376447
2026-09-03 17:10:19.340489,807.0572584142376,642.5827286989224,39.57105842102906,4.4413945457868795
2026-09-03 17:10:19.440662,807.2105710376297,642.709429543741,39.59347830431486,4.399379429689886
2026-09-03 17:10:19.540483,807.2833934481669,642.7939059661246,39.61280515973307,4.034709355670336
2026-09-03 17:10:19.640571,807.4224656862256,642.9090088899397,39.59040430043657,4.02071620069539
2026-09-03 17:10:19.733305,807.4693246325079,642.9667426065214,39.556908329943724,3.638826118143749
2026-09-03 17:10:19.833168,807.5945702124307,643.070196197788,39.54573307910482,3.5855971442963304
2026-09-03 17:10:19.935002,807.7204397819762,643.1741239143464,39.54573307910482,3.5473345063053228
2026-09-03 17:10:20.040898,807.8499333358482,643.2810438745205,39.54573307910482,3.5047696631145566
2026-09-03 17:10:20.139057,807.876045604581,643.3138924543794,39.59923943120523,3.050810227942289
2026-09-03 17:10:20.238599,807.9806506944625,643.400426971787,39.59923943120523,3.0943002889547264
2026-09-03 17:10:20.338102,807.9936635218805,643.4195721947133,39.55366056485238,2.635132833389793
2026-09-03 17:10:20.547984,808.0983181914597,643.5115674119708,39.43552527094454,2.0171679199040073
2026-09-03 17:10:20.646515,808.1669412045424,643.5680062833037,39.402446694082016,1.9930608419579623
2026-09-03 17:10:20.857249,808.1506874272303,643.5602750232499,39.4016836978545,1.0139653026930777
2026-09-03 17:10:20.950915,808.118024730426,643.5353490934085,39.401424892681575,0.5742792535293808
2026-09-03 17:10:21.050265,808.1204003274465,643.5377102947849,39.40136920840167,0.43632765980702337
2026-09-03 17:10:21.151075,808.1230525968274,643.5401211293707,39.40133765946479,0.32536830780592213
2026-09-03 17:10:21.251433,807.6333645914812,644.7014268811645,45.61348522382694,0.24324404444813397
2026-09-03 17:10:21.357394,807.6368102305613,644.7059102090603,45.615585549362336,0.17786723737519686
2026-09-03 17:10:21.467485,807.6392926767535,644.7089577515709,45.61669938146764,0.12899573021605623
2026-09-03 17:10:21.555012,807.640172890778,644.7101294025935,45.6172923467024,0.09469029278645491
2026-09-03 17:10:21.656023,807.6411585901982,644.7112828537362,45.61761077058829,0.06927104536960928
2026-09-03 17:10:21.756074,807.641828737523,644.7120458284688,45.61778098957985,0.050618332549849314
2026-09-03 17:10:21.851170,807.6422350748635,644.7125029280721,45.61787215555165,0.037100220784605266
2026-09-03 17:10:21.952077,807.6425884065326,644.7128864192753,45.61792100120585,0.027120706543082698
2026-09-03 17:10:22.051765,807.6428311398612,644.7131464406326,45.617947089746345,0.01981528609745102
2026-09-03 17:10:22.152320,807.5009317510678,645.0792999559974,47.40795895523584,0.01688423357653055
2026-09-03 17:10:22.256136,807.5011642937699,645.0795810727958,47.40811280602969,0.012291455457000677
2026-09-03 17:10:22.362473,807.5013244195346,645.0797701316894,47.408194063128484,0.008917495980909018
2026-09-03 17:10:22.454283,807.5013974041417,645.0798574234396,47.408237210350634,0.006526717875609649
2026-09-03 17:10:22.555242,807.5014643184633,645.0799344362543,47.40826027690289,0.004767303124283278
2026-09-03 17:10:22.649710,807.5015027231459,645.0799784746383,47.408272628803296,0.003494989988825822
2026-09-03 17:10:22.749829,807.5015354439361,645.0800152814367,47.40827925306887,0.002556682042558411
2026-09-03 17:10:22.849951,807.5015586008486,645.0800411200188,47.408282793806926,0.0018681080811854683
2026-09-03 17:10:22.950857,807.5015754724928,645.0800598188462,47.4082846819106,0.0013633543857570233
2026-09-03 17:10:23.050872,807.501587201689,645.080072762099,47.40828568755728,0.0009949965785961286
2026-09-03 17:10:23.151102,807.4243537765162,645.2282902969631,48.08870912263602,0.0018391238697910814
2026-09-03 17:10:23.251073,807.424376300984,645.2283168482978,48.08872246749084,0.001342369790476888
2026-09-03 17:10:23.363330,807.4243954108338,645.2283389076571,48.08872951366993,0.0009710705998294952
2026-09-03 17:10:23.462927,807.4244048785241,645.2283498599005,48.08873321750617,0.0007056190022612545
2026-09-03 17:10:23.561520,807.4244112316939,645.2283571520683,48.088735179203894,0.0005143172840582293
2026-09-03 17:10:23.662539,807.424416020317,645.2283626007754,48.08873622127509,0.00037483105936882664
2026-09-03 17:10:23.749894,807.4244180920923,645.2283649699469,48.088736780288876,0.00027590288774378345
2026-09-03 17:10:23.850618,807.4244206292101,645.2283678294243,48.088737081812596,0.00020217829696552006
2026-09-03 17:10:23.950399,807.4244223873221,645.2283698057507,48.088737243446865,0.000147900012490517
2026-09-03 17:10:24.050545,807.4244236624638,645.2283712357934,48.088737329841415,0.00010806558741820451
2026-09-03 17:10:24.150535,807.3889612517936,645.3076736112632,48.38488473059511,0.0009347471789507624
2026-09-03 17:10:24.250307,807.3889872905618,645.3077029621974,48.384885245232816,0.0009095384996200075
2026-09-03 17:10:24.350251,807.3890125753356,645.3077314532366,48.38488561084929,0.000884992330466979
2026-09-03 17:10:24.450613,807.3890372160294,645.3077592113198,48.384885870475465,0.000861079905273007
2026-09-03 17:10:24.549810,807.3890608465153,645.3077858265839,48.384886054944424,0.0008378521741158521
2026-09-03 17:10:24.656064,807.3890855365167,645.3078136305501,48.38488618538935,0.0008149571475714864
2026-09-03 17:10:24.749472,807.3891064460823,645.3078371759689,48.38488627822868,0.0007930924489510877
2026-09-03 17:10:24.856520,807.3891299636849,645.3078636553076,48.38488634392042,0.0007714483699725536
2026-09-03 17:10:24.955331,807.389150947609,645.3078872809878,48.38488639050357,0.0007505430917609477
2026-09-03 17:10:25.056167,807.3891718046525,645.3079107628255,48.38488642354048,0.0007302001321611285
2026-09-03 17:10:25.156587,807.3689757153696,645.343204515096,48.50093228216726,0.0010574660840288505
2026-09-03 17:10:25.255274,807.3690047417268,645.3432373472638,48.500932730651826,0.001028945333275199
2026-09-03 17:10:25.356364,807.369033607756,645.3432699916034,48.50093304899809,0.00100111255357157
2026-09-03 17:10:25.456269,807.369061268225,645.3433012685746,48.50093327501556,0.0009740537107207589
2026-09-03 17:10:25.556300,807.3690881649555,645.343331678942,48.500933435495384,0.0009477306139588147
2026-09-03 17:10:25.656851,807.3691144414388,645.3433613858607,48.50093354940236,0.0009220949121321124
2026-09-03 17:10:25.756214,807.3691396593167,645.3433898945293,48.50093363030548,0.0008971985634214412
2026-09-03 17:10:25.856302,807.3691643698829,645.3434178285773,48.500933687760835,0.0008729635578775805
2026-09-03 17:10:25.956601,807.3691884531038,645.3434450526714,48.50093372855378,0.00084936775093176
2026-09-03 17:10:26.057280,807.3692119692539,645.3434716351863,48.500933757504235,0.0008263845561396673
2026-09-03 17:10:26.171280,807.3692380547303,645.343501121455,48.50093377784747,0.000803430446237369
2026-09-03 17:10:26.269641,807.3692597049284,645.3435255940856,48.50093379221982,0.0007814708758548199
2026-09-03 17:10:26.369867,807.3692811985484,645.3435498895182,48.50093380239748,0.000760218089066035
2026-09-03 17:10:26.469694,807.3693020221253,645.3435734274298,48.50093380961499,0.0007396144145950718
2026-09-03 17:10:26.560882,807.3693204196146,645.3435942229532,48.50093381476978,0.0007199481081819958
2026-09-03 17:10:26.661505,807.3693403350292,645.3436167341602,48.500933818441666,0.0007006379868506896
2026-09-03 17:10:26.760696,807.3693594188136,645.3436383052956,48.500933821054936,0.0006818126463075065
2026-09-03 17:10:26.861636,807.3693783376241,645.3436596899173,48.500933822911676,0.0006634122252369654
2026-09-03 17:10:26.960551,807.36939634931,645.3436800491606,48.50093382423156,0.0006455380582178686
2026-09-03 17:10:27.172639,807.3758903705827,645.3626848796796,48.524020382042835,0.0011768800634040023
2026-09-03 17:10:27.272072,807.3759226491167,645.3627214071408,48.52402078367516,0.001141830237235893
2026-09-03 17:10:27.372165,807.3759541226913,645.3627570202053,48.5240210624271,0.0011093282871879866
2026-09-03 17:10:27.471914,807.3759845517081,645.3627914490521,48.524021258048265,0.0010785262607284495
2026-09-03 17:10:27.571804,807.3760141596351,645.3628249472672,48.524021396111465,0.0010489664963302494
2026-09-03 17:10:27.671887,807.3760430024125,645.3628575786636,48.52402149382888,0.0010204050352733214
2026-09-03 17:10:27.771760,807.3760709887887,645.3628892403797,48.5240215631044,0.000992729679671844
2026-09-03 17:10:27.871517,807.3760981777385,645.3629199993874,48.524021612263994,0.0009658671295849504
2026-09-03 17:10:27.971429,807.3761246719729,645.3629499720586,48.52402164716308,0.0009397556992792616
2026-09-03 17:10:28.071289,807.3761504334733,645.362979115513,48.52402167194456,0.0009143653310018941
2026-09-03 17:10:28.171485,807.412733235195,645.371573873305,48.500947711071056,0.0017418693180900478
2026-09-03 17:10:28.271335,807.4127816683094,645.3716286254528,48.50094811940903,0.0016948352692636075
2026-09-03 17:10:28.485979,807.4128854440636,645.371745930873,48.50094838701966,0.0016395078514973636
2026-09-03 17:10:28.690852,807.4129803024142,645.3718531550631,48.50094855607285,0.0015826220605511415
2026-09-03 17:10:28.790223,807.413022674676,645.3719010516279,48.50094866890082,0.0015337824237230929
2026-09-03 17:10:29.009342,807.4131175429637,645.3720082854645,48.50094874047559,0.0014808011084669328
2026-09-03 17:10:29.099290,807.4131528976715,645.3720482488098,48.5009487886179,0.0014358855988358885
2026-09-03 17:10:29.207628,807.4464788815443,645.3696137082177,48.47266699133424,0.002118591282335007
2026-09-03 17:10:29.313772,807.4465410734643,645.3696839397237,48.472667452254896,0.0020583397607199377
2026-09-03 17:10:29.414281,807.4465980032213,645.3697482279994,48.47266777560768,0.0020011327544030076
2026-09-03 17:10:29.514358,807.4466530669172,645.3698104083057,48.47266800373888,0.0019462390455349781
2026-09-03 17:10:29.614553,807.4467066718786,645.3698709408382,48.47266816515899,0.0018932104457172012
2026-09-03 17:10:29.703995,807.4467528616864,645.3699230997296,48.472668280454464,0.001842900919947894
2026-09-03 17:10:29.804820,807.4468040140422,645.3699808620943,48.472668362581494,0.001793467606822041
2026-09-03 17:10:29.904869,807.4468533654757,645.3700365906435,48.472668420993344,0.0017451949327675085
2026-09-03 17:10:30.006384,807.4469021233539,645.3700916488029,48.47266846246176,0.0016979993538338268
2026-09-03 17:10:30.105853,807.4469485298563,645.370144051668,48.47266849191425,0.0016521499738839584
2026-09-03 17:10:30.215155,807.4469984273469,645.370200396514,48.47266851269055,0.0016067148367475347
2026-09-03 17:10:30.313849,807.4470419188757,645.3702495076424,48.47266852739895,0.0015630059128807856
2026-09-03 17:10:30.414329,807.4470850577163,645.3702982204763,48.472668537823786,0.0015205839500712557
2026-09-03 17:10:30.514328,807.447126814828,645.3703453730249,48.472668545219,0.001479402833499778
2026-09-03 17:10:30.612371,807.4471666004756,645.3703902993611,48.47266855047513,0.0014395375093024063
2026-09-03 17:10:30.714342,807.4472069790385,645.3704358952097,48.47266855420441,0.001400549158319678
2026-09-03 17:10:30.814404,807.4472454741093,645.3704793641939,48.47266855685105,0.0013626568877234523
2026-09-03 17:10:30.913699,807.4472826244073,645.3705213146427,48.472668558730845,0.0013258662456551433
2026-09-03 17:10:31.014217,807.4473192503829,645.3705626730175,48.47266856006541,0.0012900221674741082
2026-09-03 17:10:31.107141,807.447352023147,645.37059968031,48.47266856101789,0.0012556470965484673
2026-09-03 17:10:31.208203,807.4473869390342,645.370639107633,48.47266856169583,0.001221900944891396
2026-09-03 17:10:31.306866,807.4474200498828,645.3706764966894,48.47266856217829,0.0011890691071423005
2026-09-03 17:10:31.406718,807.4474526856201,645.3707133492449,48.47266856252135,0.0011570477267208669
2026-09-03 17:10:31.505800,807.4474841786464,645.3707489114405,48.47266856276531,0.0011258989851136844
2026-09-03 17:10:31.607316,807.4475156246069,645.3707844204886,48.47266856293849,0.0010954480392964757
2026-09-03 17:10:31.706482,807.4475454591446,645.3708181099038,48.47266856306151,0.0010658848419147454
2026-09-03 17:10:31.806308,807.447574695821,645.3708511242085,48.47266856314891,0.0010371152619525808
2026-09-03 17:10:31.906476,807.4476032460936,645.37088336342,48.47266856321097,0.0010091011236328241
2026-09-03 17:10:32.008074,807.4476314448865,645.3709152057376,48.472668563255,0.000981755993041456
2026-09-03 17:10:32.105748,807.4476577480835,645.370944907532,48.47266856328629,0.0009553116259932632
2026-09-03 17:10:32.212900,807.4476859961145,645.3709768054495,48.47266856330842,0.0009291814658788142
2026-09-03 17:10:32.312345,807.4477113557635,645.3710054417813,48.47266856332409,0.0009039400692507437
2026-09-03 17:10:32.411979,807.4477360821086,645.3710333629808,48.47266856333521,0.0008794652138158915
2026-09-03 17:10:32.511708,807.4477601673432,645.3710605602331,48.472668563343106,0.000855690445535967
2026-09-03 17:10:32.610925,807.4477834762727,645.3710868808748,48.47266856334871,0.0008326011209294127
2026-09-03 17:10:32.712073,807.4478066294441,645.3711130256333,48.4726685633527,0.0008100713410103061
2026-09-03 17:10:32.812108,807.4478288900121,645.3711381624564,48.47266856335552,0.000788166318407293
2026-09-03 17:10:32.911523,807.4478504067779,645.3711624593716,48.47266856335752,0.0007668874849051807
2026-09-03 17:10:33.011479,807.4478714661296,645.371186239771,48.47266856335895,0.000746178582080625
2026-09-03 17:10:33.105276,807.4478906147624,645.3712078625701,48.47266856335997,0.0007262725029805118
2026-09-03 17:10:33.207074,807.507465144015,645.4456779533645,48.489638047564114,0.002487173428142697
2026-09-03 17:10:33.306003,807.5075339716549,645.4457557254243,48.48963832569009,0.00242026129584873
2026-09-03 17:10:33.407227,807.5076022390776,645.4458328630831,48.48963852320371,0.0023548639801088947
2026-09-03 17:10:33.518986,807.5076756485462,645.4459158096189,48.48963866226397,0.002289777059665926
2026-09-03 17:10:33.618439,807.5077385374605,645.4459868684443,48.489638760542896,0.002227226130529823
2026-09-03 17:10:33.718155,807.5077997829551,645.446056069893,48.48963883017276,0.0021667324580918307
2026-09-03 17:10:33.818270,807.5078595493538,645.4461235997794,48.48963887955485,0.002108015987515579
2026-09-03 17:10:33.906860,807.5079105539374,645.4461812295955,48.489638914892126,0.00205226334832471
2026-09-03 17:10:34.007932,807.5079677360377,645.4462458391012,48.489638940085385,0.001997325288383413
2026-09-03 17:10:34.107354,807.5080223758963,645.446307576044,48.48963895802009,0.00194369037336761
2026-09-03 17:10:34.207781,807.5509452205745,645.519892448375,48.50957285863501,0.0038112662351584272
2026-09-03 17:10:34.307007,807.5510507618602,645.5200117873458,48.50957317964421,0.0037086309976272188
2026-09-03 17:10:34.406830,807.5511536549217,645.5201281302798,48.509573407794555,0.003608645413242295
2026-09-03 17:10:34.506966,807.5512537744343,645.5202413359813,48.509573569868834,0.0035112359517090923
2026-09-03 17:10:34.606850,807.5513506950888,645.5203509239257,48.50957368499318,0.0034164410804918524
