timestamp,rpm,speed,coolant_temp,engine_load,throttle_pos,source_session
2026-09-07 14:47:44.333064,1296.0,0.0,181.4,38.0,23.1,20260907_144740
2026-09-07 14:47:44.533228,1310.0,0.0,181.4,38.4,23.9,20260907_144740
2026-09-07 14:47:44.733426,1310.0,0.0,181.4,38.8,23.9,20260907_144740
2026-09-07 14:47:44.933509,1310.0,0.0,181.4,39.6,23.9,20260907_144740
2026-09-07 14:47:45.133604,1313.0,0.0,181.4,39.6,24.3,20260907_144740
2026-09-07 14:47:45.333739,1308.5,0.0,181.4,40.0,23.9,20260907_144740
2026-09-07 14:47:45.533867,1317.0,0.0,181.4,40.0,24.3,20260907_144740
2026-09-07 14:47:45.734005,1321.0,0.0,181.4,40.4,24.7,20260907_144740
2026-09-07 14:47:45.934144,1325.0,0.0,181.4,40.8,24.7,20260907_144740
2026-09-07 14:47:46.134268,1336.0,0.0,181.4,40.8,24.7,20260907_144740
2026-09-07 14:47:46.334404,1333.0,0.0,181.4,41.2,24.7,20260907_144740
2026-09-07 14:47:46.534530,1341.25,0.0,181.4,41.2,24.7,20260907_144740
2026-09-07 14:47:46.734668,1346.0,0.0,181.4,41.2,24.7,20260907_144740
2026-09-07 14:47:46.934795,1326.5,0.0,181.4,41.2,24.7,20260907_144740
2026-09-07 14:47:47.134935,1349.0,0.0,181.4,41.2,24.7,20260907_144740
2026-09-07 14:47:47.335053,1339.0,0.0,181.4,41.6,24.7,20260907_144740
2026-09-07 14:47:47.535208,1339.0,0.0,181.4,41.2,25.1,20260907_144740
2026-09-07 14:47:47.735374,1342.0,0.0,181.4,41.6,24.7,20260907_144740
2026-09-07 14:47:47.935523,1339.0,0.0,181.4,41.6,24.7,20260907_144740
2026-09-07 14:47:48.135643,1325.75,0.0,181.4,41.6,24.7,20260907_144740
2026-09-07 14:47:48.335784,1333.5,0.0,181.4,41.2,24.7,20260907_144740
2026-09-07 14:47:48.535881,1337.0,0.0,181.4,40.8,24.3,20260907_144740
2026-09-07 14:47:48.736007,1333.5,0.0,181.4,40.0,24.3,20260907_144740
2026-09-07 14:47:48.936168,1333.5,0.0,181.4,39.6,24.3,20260907_144740
2026-09-07 14:47:49.136304,1314.75,0.0,181.4,39.6,23.9,20260907_144740
2026-09-07 14:47:49.336423,1314.75,0.0,181.4,39.6,23.9,20260907_144740
2026-09-07 14:47:49.536541,1314.75,0.0,179.6,40.0,23.9,20260907_144740
2026-09-07 14:47:49.736692,1328.0,0.0,179.6,38.8,23.9,20260907_144740
2026-09-07 14:47:49.936803,1317.75,0.0,179.6,38.8,23.5,20260907_144740
2026-09-07 14:47:50.136909,1314.0,0.0,179.6,38.8,23.9,20260907_144740
2026-09-07 14:47:50.337059,1309.25,0.0,179.6,38.8,23.9,20260907_144740
2026-09-07 14:47:50.537208,1316.25,0.0,179.6,38.8,23.5,20260907_144740
2026-09-07 14:47:50.737329,1310.0,0.0,179.6,38.4,23.5,20260907_144740
2026-09-07 14:47:50.937471,1307.0,0.0,179.6,38.4,23.5,20260907_144740
2026-09-07 14:47:51.137583,1309.0,0.0,177.8,38.4,23.5,20260907_144740
2026-09-07 14:47:51.337702,1305.25,0.0,177.8,38.0,23.5,20260907_144740
2026-09-07 14:47:51.537810,1288.25,0.0,177.8,38.8,23.5,20260907_144740
2026-09-07 14:47:51.737932,1296.75,0.0,177.8,38.4,23.5,20260907_144740
2026-09-07 14:47:51.938041,1286.5,0.0,177.8,38.8,23.5,20260907_144740
2026-09-07 14:47:52.138162,1298.0,0.0,176.0,38.4,23.5,20260907_144740
2026-09-07 14:47:52.338270,1305.25,0.0,176.0,38.8,23.5,20260907_144740
2026-09-07 14:47:52.538380,1287.5,0.0,176.0,38.4,23.5,20260907_144740
2026-09-07 14:47:52.738498,1294.5,0.0,176.0,38.4,23.5,20260907_144740
2026-09-07 14:47:52.938616,1300.75,0.0,176.0,38.4,23.5,20260907_144740
2026-09-07 14:47:53.138764,1289.75,0.0,176.0,38.4,23.5,20260907_144740
2026-09-07 14:47:53.338876,1296.0,0.0,176.0,38.0,23.5,20260907_144740
2026-09-07 14:47:53.538987,1293.0,0.0,176.0,38.4,23.5,20260907_144740
2026-09-07 14:47:53.739100,1308.0,0.0,176.0,38.0,23.5,20260907_144740
2026-09-07 14:47:53.939221,1308.5,0.0,176.0,38.0,23.5,20260907_144740
2026-09-07 14:47:54.139328,1310.75,0.0,176.0,38.0,23.5,20260907_144740
2026-09-07 14:47:54.339457,1308.0,0.0,176.0,37.6,23.5,20260907_144740
2026-09-07 14:47:54.539561,1316.0,0.0,176.0,37.6,23.5,20260907_144740
2026-09-07 14:47:54.739679,1316.0,0.0,176.0,37.6,23.5,20260907_144740
2026-09-07 14:47:54.939832,,0.0,176.0,38.0,23.5,20260907_144740
2026-09-07 14:47:55.273044,1307.75,0.0,176.0,38.0,23.5,20260907_144740
2026-09-07 14:47:55.473162,1299.0,0.0,176.0,38.0,23.5,20260907_144740
2026-09-07 14:47:55.673287,1296.0,0.0,176.0,38.0,23.5,20260907_144740
2026-09-07 14:47:55.873442,1303.0,0.0,176.0,38.0,23.5,20260907_144740
2026-09-07 14:47:56.073561,1310.0,0.0,176.0,37.6,23.5,20260907_144740
2026-09-07 14:47:56.273696,1324.0,0.0,176.0,37.3,23.1,20260907_144740
2026-09-07 14:47:56.473802,1300.75,0.0,176.0,37.3,23.1,20260907_144740
2026-09-07 14:47:56.673941,1296.0,0.0,176.0,37.3,23.1,20260907_144740
2026-09-07 14:47:56.874098,1297.5,0.0,176.0,37.3,23.1,20260907_144740
2026-09-07 14:47:57.074217,1303.75,0.0,176.0,37.3,23.1,20260907_144740
2026-09-07 14:47:57.274330,1298.25,0.0,177.8,37.3,23.1,20260907_144740
2026-09-07 14:47:57.474441,1294.5,0.0,177.8,37.6,23.1,20260907_144740
2026-09-07 14:47:57.674571,1301.5,0.0,177.8,37.3,23.1,20260907_144740
2026-09-07 14:47:57.874689,1290.5,0.0,177.8,37.3,23.1,20260907_144740
2026-09-07 14:47:58.074811,1289.75,0.0,177.8,37.6,23.1,20260907_144740
2026-09-07 14:47:58.274925,1298.25,0.0,177.8,37.3,23.1,20260907_144740
2026-09-07 14:47:58.475034,1306.25,0.0,177.8,37.3,23.1,20260907_144740
2026-09-07 14:47:58.675142,1307.75,0.0,179.6,37.3,23.1,20260907_144740
2026-09-07 14:47:58.875258,1301.5,0.0,179.6,37.3,23.1,20260907_144740
2026-09-07 14:47:59.075367,1303.75,0.0,179.6,37.3,23.1,20260907_144740
2026-09-07 14:47:59.275494,1289.0,0.0,179.6,37.3,22.4,20260907_144740
2026-09-07 14:47:59.475609,1280.25,0.0,179.6,35.7,22.4,20260907_144740
2026-09-07 14:47:59.675716,1309.25,0.0,179.6,34.9,22.4,20260907_144740
2026-09-07 14:47:59.875837,1332.0,0.0,179.6,34.1,22.4,20260907_144740
2026-09-07 14:48:00.075945,1354.5,0.0,181.4,32.9,22.4,20260907_144740
2026-09-07 14:48:00.276060,1361.5,0.0,181.4,32.2,22.4,20260907_144740
2026-09-07 14:48:00.476197,1366.25,0.0,181.4,31.4,22.0,20260907_144740
2026-09-07 14:48:00.676356,1367.0,0.0,181.4,31.0,22.0,20260907_144740
2026-09-07 14:48:00.876515,1359.25,0.0,181.4,30.6,21.6,20260907_144740
2026-09-07 14:48:01.076648,1357.0,0.0,181.4,30.2,21.6,20260907_144740
2026-09-07 14:48:01.276812,1337.5,0.0,181.4,29.8,21.6,20260907_144740
2026-09-07 14:48:01.476979,1337.5,0.0,183.2,29.4,21.2,20260907_144740
2026-09-07 14:48:01.677616,1296.0,0.0,183.2,29.8,21.2,20260907_144740
2026-09-07 14:48:01.877767,1283.5,0.0,183.2,29.8,21.2,20260907_144740
2026-09-07 14:48:02.077926,1288.25,0.0,183.2,30.2,21.2,20260907_144740
2026-09-07 14:48:02.278063,1285.0,0.0,183.2,30.2,21.2,20260907_144740
2026-09-07 14:48:02.478191,1295.25,0.0,183.2,30.2,21.2,20260907_144740
2026-09-07 14:48:02.678326,1289.75,0.0,183.2,29.8,21.2,20260907_144740
2026-09-07 14:48:02.878433,1238.25,0.0,183.2,16.1,16.9,20260907_144740
2026-09-07 14:48:03.078568,1171.0,0.0,185.0,15.7,18.0,20260907_144740
2026-09-07 14:48:03.278691,1128.75,0.0,185.0,12.9,16.1,20260907_144740
2026-09-07 14:48:03.478822,1021.75,0.0,185.0,13.7,16.9,20260907_144740
2026-09-07 14:48:03.678969,991.25,0.0,185.0,15.3,16.5,20260907_144740
2026-09-07 14:48:03.879134,960.0,0.0,185.0,16.5,16.5,20260907_144740
2026-09-07 14:48:04.079239,935.75,0.0,185.0,16.9,16.5,20260907_144740
2026-09-07 14:48:04.279374,918.75,0.0,185.0,17.6,16.5,20260907_144740
2026-09-07 14:48:04.479505,900.0,0.0,185.0,17.6,16.1,20260907_144740
2026-09-07 14:48:04.679639,886.5,0.0,185.0,16.5,16.1,20260907_144740
2026-09-07 14:48:04.879736,862.5,0.0,185.0,17.6,16.9,20260907_144740
2026-09-07 14:48:05.079887,817.0,0.0,185.0,22.0,17.3,20260907_144740
2026-09-07 14:48:05.280010,814.0,0.0,186.8,25.5,16.9,20260907_144740
2026-09-07 14:48:05.480150,819.5,0.0,186.8,30.2,16.5,20260907_144740
2026-09-07 14:48:05.680292,788.25,0.0,186.8,33.3,17.6,20260907_144740
2026-09-07 14:48:05.880437,782.0,0.0,186.8,34.9,17.3,20260907_144740
2026-09-07 14:48:06.080517,749.0,0.0,186.8,32.5,16.9,20260907_144740
2026-09-07 14:48:06.280643,732.0,0.0,186.8,31.0,16.9,20260907_144740
2026-09-07 14:48:06.480757,717.75,0.0,186.8,29.8,16.9,20260907_144740
2026-09-07 14:48:06.680883,711.5,0.0,186.8,29.4,16.9,20260907_144740
2026-09-07 14:48:06.881046,708.5,0.0,186.8,29.4,16.9,20260907_144740
2026-09-07 14:48:07.081154,721.0,0.0,186.8,29.4,16.9,20260907_144740
2026-09-07 14:48:07.281264,735.75,0.0,186.8,29.0,16.9,20260907_144740
2026-09-07 14:48:07.481409,748.25,0.0,186.8,29.8,16.9,20260907_144740
2026-09-07 14:48:07.681489,764.75,0.6,186.8,29.8,16.9,20260907_144740
2026-09-07 14:48:07.881605,771.0,0.6,186.8,29.4,16.9,20260907_144740
2026-09-07 14:48:08.081753,772.5,0.6,186.8,29.8,16.9,20260907_144740
2026-09-07 14:48:08.281861,771.75,1.2,186.8,29.8,16.9,20260907_144740
2026-09-07 14:48:08.482034,757.0,1.2,188.6,29.4,16.9,20260907_144740
2026-09-07 14:48:08.682127,735.0,1.2,188.6,29.0,16.5,20260907_144740
2026-09-07 14:48:08.882247,715.5,1.2,188.6,28.6,20.8,20260907_144740
2026-09-07 14:48:09.082386,750.0,1.2,188.6,43.5,17.3,20260907_144740
2026-09-07 14:48:09.282499,742.75,1.2,188.6,38.4,17.6,20260907_144740
2026-09-07 14:48:09.482601,744.5,1.9,188.6,37.3,17.3,20260907_144740
2026-09-07 14:48:09.682734,744.5,1.9,188.6,36.9,17.6,20260907_144740
2026-09-07 14:48:09.882870,736.5,1.9,188.6,36.9,17.6,20260907_144740
2026-09-07 14:48:10.082984,735.75,1.9,188.6,37.3,17.6,20260907_144740
2026-09-07 14:48:10.283097,732.0,1.9,188.6,38.0,17.6,20260907_144740
2026-09-07 14:48:10.483206,731.25,1.9,188.6,38.8,17.6,20260907_144740
2026-09-07 14:48:10.683318,732.0,1.9,188.6,39.6,17.6,20260907_144740
2026-09-07 14:48:10.883442,734.25,1.9,188.6,40.0,17.6,20260907_144740
2026-09-07 14:48:11.083558,737.5,1.9,188.6,40.4,17.6,20260907_144740
2026-09-07 14:48:11.283671,737.5,1.9,188.6,40.4,17.6,20260907_144740
2026-09-07 14:48:11.483779,740.5,2.5,188.6,40.8,18.0,20260907_144740
2026-09-07 14:48:11.683908,749.0,2.5,188.6,41.2,18.0,20260907_144740
2026-09-07 14:48:11.884032,758.5,2.5,188.6,41.2,17.6,20260907_144740
2026-09-07 14:48:12.084152,753.0,2.5,188.6,40.8,18.0,20260907_144740
2026-09-07 14:48:12.284265,753.75,2.5,190.4,41.2,18.0,20260907_144740
2026-09-07 14:48:12.484372,753.75,2.5,190.4,41.2,18.0,20260907_144740
2026-09-07 14:48:12.684511,753.75,2.5,190.4,41.2,18.0,20260907_144740
2026-09-07 14:48:12.884658,760.75,2.5,190.4,41.2,18.0,20260907_144740
2026-09-07 14:48:13.084763,757.75,2.5,190.4,41.2,17.6,20260907_144740
2026-09-07 14:48:13.284875,757.0,2.5,190.4,41.2,17.6,20260907_144740
2026-09-07 14:48:13.484988,756.25,2.5,190.4,40.0,17.6,20260907_144740
2026-09-07 14:48:13.685100,757.75,2.5,190.4,40.0,17.6,20260907_144740
2026-09-07 14:48:13.885227,750.0,2.5,190.4,40.0,17.6,20260907_144740
2026-09-07 14:48:14.085423,750.0,2.5,190.4,39.6,17.6,20260907_144740
2026-09-07 14:48:14.285568,753.0,2.5,190.4,39.2,17.6,20260907_144740
2026-09-07 14:48:14.485682,758.5,2.5,190.4,39.2,17.6,20260907_144740
2026-09-07 14:48:14.685829,749.0,2.5,190.4,39.6,17.6,20260907_144740
2026-09-07 14:48:14.885949,742.0,2.5,190.4,39.6,17.6,20260907_144740
2026-09-07 14:48:15.086067,747.5,2.5,190.4,39.6,17.6,20260907_144740
2026-09-07 14:48:15.286183,749.0,2.5,190.4,39.2,17.6,20260907_144740
2026-09-07 14:48:15.486312,750.0,2.5,190.4,39.2,17.6,20260907_144740
2026-09-07 14:48:15.686455,749.0,2.5,190.4,39.2,17.6,20260907_144740
2026-09-07 14:48:15.886580,781.25,2.5,190.4,43.9,22.7,20260907_144740
2026-09-07 14:48:16.086695,1051.5,2.5,190.4,46.3,20.4,20260907_144740
2026-09-07 14:48:16.286806,1185.75,2.5,190.4,30.6,20.4,20260907_144740
2026-09-07 14:48:16.486912,1160.0,3.1,190.4,27.8,20.8,20260907_144740
2026-09-07 14:48:16.687021,1144.5,3.1,190.4,29.0,20.8,20260907_144740
2026-09-07 14:48:16.887146,1135.75,3.7,190.4,29.8,20.8,20260907_144740
2026-09-07 14:48:17.087251,1162.5,3.7,190.4,29.8,21.2,20260907_144740
2026-09-07 14:48:17.287365,1171.0,4.3,192.2,29.8,21.2,20260907_144740
2026-09-07 14:48:17.487477,1208.5,4.3,192.2,28.6,21.6,20260907_144740
2026-09-07 14:48:17.687591,1227.25,4.3,192.2,28.2,22.0,20260907_144740
2026-09-07 14:48:17.887712,1278.75,5.0,192.2,27.5,22.0,20260907_144740
2026-09-07 14:48:18.087829,1371.75,5.0,192.2,26.3,21.2,20260907_144740
2026-09-07 14:48:18.287952,1385.0,5.0,192.2,25.1,21.6,20260907_144740
2026-09-07 14:48:18.488067,1400.75,5.6,192.2,25.5,22.0,20260907_144740
2026-09-07 14:48:18.688172,1444.5,5.6,192.2,24.3,22.4,20260907_144740
2026-09-07 14:48:18.888308,1488.25,6.2,192.2,24.7,22.7,20260907_144740
2026-09-07 14:48:19.088541,1526.5,6.2,192.2,23.5,23.1,20260907_144740
2026-09-07 14:48:19.288679,1571.0,6.8,192.2,23.1,23.5,20260907_144740
2026-09-07 14:48:19.488827,1634.25,7.5,192.2,22.0,23.5,20260907_144740
2026-09-07 14:48:19.688987,1676.5,8.1,192.2,20.8,23.9,20260907_144740
2026-09-07 14:48:19.889130,1768.75,8.7,192.2,20.4,23.9,20260907_144740
2026-09-07 14:48:20.089298,1850.75,8.7,192.2,20.0,24.3,20260907_144740
2026-09-07 14:48:20.289645,1921.75,9.3,192.2,20.0,24.3,20260907_144740
2026-09-07 14:48:20.489790,1990.5,9.9,192.2,20.0,24.3,20260907_144740
2026-09-07 14:48:20.689939,2008.5,9.9,192.2,20.0,24.3,20260907_144740
2026-09-07 14:48:20.890040,1820.25,10.6,192.2,20.0,23.5,20260907_144740
2026-09-07 14:48:21.090135,1590.5,10.6,192.2,20.4,22.7,20260907_144740
2026-09-07 14:48:21.290262,1553.0,11.2,192.2,22.4,22.4,20260907_144740
2026-09-07 14:48:21.490400,1587.5,11.8,192.2,21.6,23.1,20260907_144740
2026-09-07 14:48:21.690534,1632.75,11.8,192.2,21.6,23.5,20260907_144740
2026-09-07 14:48:21.890681,1679.5,12.4,192.2,21.2,23.9,20260907_144740
2026-09-07 14:48:22.090801,1719.5,12.4,192.2,21.2,24.3,20260907_144740
2026-09-07 14:48:22.290964,1756.25,13.0,192.2,23.1,24.7,20260907_144740
2026-09-07 14:48:22.491092,1772.5,13.7,192.2,22.7,25.1,20260907_144740
2026-09-07 14:48:22.691234,1778.0,13.7,192.2,22.7,24.7,20260907_144740
2026-09-07 14:48:22.891387,1771.75,14.3,192.2,22.4,24.7,20260907_144740
2026-09-07 14:48:23.091535,1784.25,14.9,192.2,20.8,23.9,20260907_144740
2026-09-07 14:48:23.291641,1796.0,14.9,194.0,20.4,23.9,20260907_144740
2026-09-07 14:48:23.491769,1807.75,15.5,194.0,20.4,23.9,20260907_144740
2026-09-07 14:48:23.691895,1810.75,15.5,194.0,20.0,23.5,20260907_144740
2026-09-07 14:48:23.892022,1822.5,16.2,194.0,20.0,23.9,20260907_144740
2026-09-07 14:48:24.092173,1846.0,16.2,194.0,20.0,23.9,20260907_144740
2026-09-07 14:48:24.292274,1519.5,16.8,194.0,22.0,23.1,20260907_144740
2026-09-07 14:48:24.492387,1359.25,16.8,194.0,29.0,23.9,20260907_144740
2026-09-07 14:48:24.692495,1360.75,17.4,194.0,31.8,22.7,20260907_144740
2026-09-07 14:48:24.892606,1373.25,17.4,194.0,29.4,22.7,20260907_144740
2026-09-07 14:48:25.092756,1386.5,17.4,194.0,28.2,22.4,20260907_144740
2026-09-07 14:48:25.292878,1427.25,18.0,194.0,26.7,22.4,20260907_144740
2026-09-07 14:48:25.493031,1438.25,18.0,194.0,25.5,22.4,20260907_144740
2026-09-07 14:48:25.693173,1457.0,18.6,194.0,24.3,22.4,20260907_144740
2026-09-07 14:48:25.893292,1475.75,18.6,194.0,22.4,21.2,20260907_144740
2026-09-07 14:48:26.093467,1485.75,18.6,194.0,21.6,21.2,20260907_144740
2026-09-07 14:48:26.293584,1493.75,18.6,194.0,20.0,20.4,20260907_144740
2026-09-07 14:48:26.493691,1511.5,19.3,194.0,19.2,20.8,20260907_144740
2026-09-07 14:48:26.693803,1524.0,19.3,194.0,18.8,20.4,20260907_144740
2026-09-07 14:48:26.893962,1531.25,19.3,194.0,18.0,20.4,20260907_144740
2026-09-07 14:48:27.094088,1536.5,19.3,194.0,,17.6,20260907_144740
2026-09-07 14:48:27.430157,1511.5,19.3,194.0,12.9,17.6,20260907_144740
2026-09-07 14:48:27.630283,1514.0,19.3,194.0,11.0,18.0,20260907_144740
2026-09-07 14:48:27.830452,1532.0,19.3,195.8,10.2,18.0,20260907_144740
2026-09-07 14:48:28.030603,1497.5,19.3,195.8,9.8,16.1,20260907_144740
2026-09-07 14:48:28.230711,1507.0,19.3,195.8,7.1,16.9,20260907_144740
2026-09-07 14:48:28.430820,1492.0,19.3,195.8,7.1,16.9,20260907_144740
2026-09-07 14:48:28.630928,1477.25,18.6,195.8,7.1,16.9,20260907_144740
2026-09-07 14:48:28.831063,1471.0,18.6,195.8,7.1,16.9,20260907_144740
2026-09-07 14:48:29.031187,1450.75,18.6,195.8,7.1,16.9,20260907_144740
2026-09-07 14:48:29.231311,1440.5,18.6,195.8,7.5,17.3,20260907_144740
2026-09-07 14:48:29.431428,1429.5,18.0,195.8,8.6,17.3,20260907_144740
2026-09-07 14:48:29.631584,1400.0,18.0,195.8,9.4,17.3,20260907_144740
2026-09-07 14:48:29.831711,1375.0,17.4,195.8,9.8,17.3,20260907_144740
2026-09-07 14:48:30.031844,1345.25,16.8,195.8,10.2,17.3,20260907_144740
2026-09-07 14:48:30.231974,1303.75,16.8,195.8,10.2,17.3,20260907_144740
2026-09-07 14:48:30.432107,1265.5,16.2,195.8,10.6,16.9,20260907_144740
2026-09-07 14:48:30.632244,1217.0,15.5,197.6,10.6,16.9,20260907_144740
2026-09-07 14:48:30.832404,1163.25,14.9,197.6,11.0,17.3,20260907_144740
2026-09-07 14:48:31.032526,1106.25,14.3,197.6,12.9,17.3,20260907_144740
2026-09-07 14:48:31.232633,1047.5,13.7,197.6,15.7,17.6,20260907_144740
2026-09-07 14:48:31.432745,992.75,12.4,197.6,18.4,17.3,20260907_144740
2026-09-07 14:48:31.632872,936.5,11.8,197.6,21.6,17.6,20260907_144740
2026-09-07 14:48:31.832999,928.75,11.2,197.6,23.9,17.6,20260907_144740
2026-09-07 14:48:32.033151,894.5,10.6,197.6,25.5,17.6,20260907_144740
2026-09-07 14:48:32.233267,901.5,9.9,197.6,26.3,17.6,20260907_144740
2026-09-07 14:48:32.433448,869.5,9.3,197.6,26.7,16.1,20260907_144740
2026-09-07 14:48:32.633560,799.0,8.7,197.6,27.5,16.9,20260907_144740
2026-09-07 14:48:32.833701,806.25,8.1,197.6,26.7,16.5,20260907_144740
2026-09-07 14:48:33.033849,778.0,7.5,197.6,26.7,16.9,20260907_144740
2026-09-07 14:48:33.233962,751.5,6.8,197.6,27.1,16.9,20260907_144740
2026-09-07 14:48:33.434097,742.0,6.2,197.6,27.5,16.9,20260907_144740
2026-09-07 14:48:33.634245,731.25,5.6,197.6,28.2,16.5,20260907_144740
2026-09-07 14:48:33.834380,730.25,5.0,197.6,28.6,16.9,20260907_144740
2026-09-07 14:48:34.034497,732.75,4.3,197.6,28.6,16.9,20260907_144740
2026-09-07 14:48:34.234636,727.25,3.7,197.6,28.2,16.9,20260907_144740
2026-09-07 14:48:34.434770,725.0,3.7,197.6,28.6,16.9,20260907_144740
2026-09-07 14:48:34.634897,717.75,3.7,197.6,29.0,16.9,20260907_144740
2026-09-07 14:48:34.835065,764.0,3.7,197.6,36.1,19.2,20260907_144740
2026-09-07 14:48:35.035198,940.5,3.7,197.6,40.4,21.6,20260907_144740
2026-09-07 14:48:35.235325,1241.25,3.7,197.6,35.7,22.7,20260907_144740
2026-09-07 14:48:35.435489,1461.5,4.3,197.6,32.2,25.1,20260907_144740
2026-09-07 14:48:35.635621,1617.0,5.0,197.6,28.6,24.3,20260907_144740
2026-09-07 14:48:35.835783,1639.0,5.6,197.6,24.7,23.9,20260907_144740
2026-09-07 14:48:36.035882,1598.25,5.6,197.6,23.5,23.1,20260907_144740
2026-09-07 14:48:36.236031,1564.75,6.2,197.6,23.1,23.1,20260907_144740
2026-09-07 14:48:36.436173,1517.75,6.8,197.6,23.5,22.7,20260907_144740
2026-09-07 14:48:36.636279,1488.25,6.8,197.6,24.3,22.4,20260907_144740
2026-09-07 14:48:36.836431,1433.5,7.5,197.6,22.0,20.8,20260907_144740
2026-09-07 14:48:37.036561,1367.0,7.5,197.6,23.5,20.8,20260907_144740
2026-09-07 14:48:37.236717,1360.75,8.1,197.6,25.5,21.6,20260907_144740
2026-09-07 14:48:37.436860,1421.75,8.1,197.6,27.5,22.7,20260907_144740
2026-09-07 14:48:37.636966,1528.0,8.7,197.6,28.2,24.7,20260907_144740
2026-09-07 14:48:37.837116,1622.5,8.7,197.6,25.5,24.3,20260907_144740
2026-09-07 14:48:38.037271,1632.75,9.3,197.6,24.7,24.7,20260907_144740
2026-09-07 14:48:38.237462,1647.5,9.9,197.6,24.3,24.7,20260907_144740
2026-09-07 14:48:38.437590,1664.0,10.6,197.6,24.3,25.1,20260907_144740
2026-09-07 14:48:38.637718,1744.5,10.6,197.6,26.7,27.8,20260907_144740
2026-09-07 14:48:38.837862,1880.25,11.2,197.6,32.9,31.0,20260907_144740
2026-09-07 14:48:39.038016,1984.25,11.8,197.6,33.7,31.0,20260907_144740
2026-09-07 14:48:39.238111,2024.0,13.0,197.6,34.5,30.6,20260907_144740
2026-09-07 14:48:39.438241,2050.75,13.7,195.8,35.7,29.4,20260907_144740
2026-09-07 14:48:39.638367,2089.75,14.3,195.8,36.1,28.6,20260907_144740
2026-09-07 14:48:39.838515,2136.5,14.9,195.8,36.1,28.2,20260907_144740
2026-09-07 14:48:40.038667,2157.0,15.5,195.8,36.1,29.0,20260907_144740
2026-09-07 14:48:40.238767,2149.0,16.2,195.8,36.5,30.2,20260907_144740
2026-09-07 14:48:40.438899,2097.5,16.8,195.8,36.5,30.6,20260907_144740
2026-09-07 14:48:40.639056,2103.75,17.4,195.8,36.1,30.6,20260907_144740
2026-09-07 14:48:40.839189,2127.25,18.0,195.8,36.1,30.6,20260907_144740
2026-09-07 14:48:41.039326,2138.25,18.6,194.0,35.7,30.6,20260907_144740
2026-09-07 14:48:41.239462,2203.0,19.3,194.0,34.5,27.8,20260907_144740
2026-09-07 14:48:41.439599,2203.75,19.3,194.0,26.7,26.3,20260907_144740
2026-09-07 14:48:41.639736,2165.5,19.9,194.0,26.3,27.1,20260907_144740
2026-09-07 14:48:41.839846,1785.0,20.5,192.2,26.3,26.3,20260907_144740
2026-09-07 14:48:42.039996,1686.5,20.5,192.2,31.4,26.7,20260907_144740
2026-09-07 14:48:42.240134,1646.75,21.1,192.2,31.8,26.7,20260907_144740
2026-09-07 14:48:42.440267,1671.0,21.1,192.2,31.0,26.7,20260907_144740
2026-09-07 14:48:42.640391,1698.25,21.7,192.2,29.4,26.7,20260907_144740
2026-09-07 14:48:42.840527,1718.75,21.7,190.4,29.0,26.7,20260907_144740
2026-09-07 14:48:43.040629,1744.5,22.4,190.4,29.0,27.1,20260907_144740
2026-09-07 14:48:43.240754,1764.75,22.4,190.4,28.6,25.5,20260907_144740
2026-09-07 14:48:43.440901,1781.25,22.4,190.4,25.1,25.5,20260907_144740
2026-09-07 14:48:43.641018,1798.25,23.0,190.4,24.7,25.1,20260907_144740
2026-09-07 14:48:43.841151,1763.25,23.0,190.4,23.9,24.7,20260907_144740
2026-09-07 14:48:44.041313,1612.5,23.0,188.6,24.7,23.5,20260907_144740
2026-09-07 14:48:44.241484,1510.0,23.6,188.6,27.1,23.5,20260907_144740
2026-09-07 14:48:44.441625,1496.75,23.6,188.6,28.6,23.9,20260907_144740
2026-09-07 14:48:44.641741,1491.25,23.6,188.6,29.0,23.9,20260907_144740
2026-09-07 14:48:44.841901,1494.5,23.6,188.6,28.2,23.5,20260907_144740
2026-09-07 14:48:45.042041,1492.0,24.2,188.6,27.8,23.1,20260907_144740
2026-09-07 14:48:45.242197,1468.75,24.2,188.6,26.7,22.7,20260907_144740
2026-09-07 14:48:45.442340,1477.25,24.2,188.6,26.3,23.1,20260907_144740
2026-09-07 14:48:45.642474,1485.75,24.2,188.6,25.5,22.7,20260907_144740
2026-09-07 14:48:45.842612,1495.25,24.2,188.6,24.7,22.7,20260907_144740
2026-09-07 14:48:46.042720,1505.25,24.9,188.6,23.9,22.7,20260907_144740
2026-09-07 14:48:46.242849,1512.5,24.9,188.6,23.5,20.4,20260907_144740
2026-09-07 14:48:46.442987,1504.5,24.9,188.6,19.2,17.3,20260907_144740
2026-09-07 14:48:46.643124,1494.5,24.9,188.6,12.2,18.4,20260907_144740
2026-09-07 14:48:46.843280,1492.0,24.9,188.6,11.4,18.0,20260907_144740
2026-09-07 14:48:47.043420,1505.25,24.9,188.6,9.8,17.6,20260907_144740
2026-09-07 14:48:47.243570,1478.0,24.2,188.6,8.6,16.1,20260907_144740
2026-09-07 14:48:47.443714,1471.75,24.2,188.6,7.5,16.9,20260907_144740
2026-09-07 14:48:47.643812,1465.5,24.2,188.6,7.5,16.9,20260907_144740
2026-09-07 14:48:47.844027,1454.5,24.2,188.6,7.5,16.9,20260907_144740
2026-09-07 14:48:48.044185,1442.75,23.6,190.4,7.5,16.9,20260907_144740
2026-09-07 14:48:48.244332,1428.75,23.6,190.4,7.5,16.9,20260907_144740
2026-09-07 14:48:48.445095,1410.75,23.0,190.4,7.8,17.3,20260907_144740
2026-09-07 14:48:48.645285,1387.5,23.0,190.4,9.4,17.3,20260907_144740
2026-09-07 14:48:48.845491,1363.25,22.4,190.4,9.8,17.3,20260907_144740
2026-09-07 14:48:49.045674,1326.5,21.7,190.4,10.2,17.3,20260907_144740
2026-09-07 14:48:49.245837,1304.5,21.7,190.4,10.6,17.3,20260907_144740
2026-09-07 14:48:49.445963,1282.0,21.1,190.4,10.6,16.9,20260907_144740
2026-09-07 14:48:49.646098,1249.0,20.5,190.4,11.0,16.9,20260907_144740
2026-09-07 14:48:49.846258,1217.75,19.9,190.4,11.0,16.9,20260907_144740
2026-09-07 14:48:50.046404,1235.75,19.3,190.4,11.0,16.9,20260907_144740
2026-09-07 14:48:50.246522,1335.0,19.3,190.4,10.2,17.3,20260907_144740
2026-09-07 14:48:50.446657,1423.25,18.6,190.4,9.4,17.3,20260907_144740
2026-09-07 14:48:50.646795,1450.0,18.6,190.4,9.4,17.6,20260907_144740
2026-09-07 14:48:50.846936,1439.75,18.0,190.4,9.4,17.3,20260907_144740
2026-09-07 14:48:51.047080,1421.0,18.0,190.4,9.8,17.3,20260907_144740
2026-09-07 14:48:51.247264,1349.0,17.4,190.4,10.2,17.3,20260907_144740
2026-09-07 14:48:51.447397,1412.5,17.4,190.4,9.8,20.4,20260907_144740
2026-09-07 14:48:51.647563,1489.0,18.0,190.4,19.2,22.7,20260907_144740
2026-09-07 14:48:51.847780,1461.5,18.0,190.4,26.7,23.5,20260907_144740
2026-09-07 14:48:52.047932,1444.5,18.0,190.4,32.2,26.3,20260907_144740
2026-09-07 14:48:52.248052,1493.75,18.6,190.4,37.6,25.5,20260907_144740
2026-09-07 14:48:52.448185,1503.75,19.3,190.4,34.9,25.1,20260907_144740
2026-09-07 14:48:52.648280,1532.0,19.3,190.4,32.9,24.7,20260907_144740
2026-09-07 14:48:52.848424,1567.0,19.9,190.4,31.4,24.7,20260907_144740
2026-09-07 14:48:53.048558,1589.0,19.9,190.4,29.8,24.3,20260907_144740
2026-09-07 14:48:53.248658,1610.75,20.5,190.4,28.6,24.3,20260907_144740
2026-09-07 14:48:53.448798,1641.25,20.5,190.4,27.5,24.3,20260907_144740
2026-09-07 14:48:53.648923,1668.75,21.1,190.4,26.3,24.3,20260907_144740
2026-09-07 14:48:53.849074,1689.0,21.1,190.4,25.1,24.3,20260907_144740
2026-09-07 14:48:54.049202,1707.75,21.7,190.4,24.3,24.3,20260907_144740
2026-09-07 14:48:54.249314,1716.25,21.7,190.4,22.7,23.9,20260907_144740
2026-09-07 14:48:54.449488,1735.0,21.7,190.4,22.4,24.3,20260907_144740
2026-09-07 14:48:54.649616,1627.25,22.4,190.4,24.3,23.5,20260907_144740
2026-09-07 14:48:54.849742,1513.25,22.4,190.4,26.7,23.5,20260907_144740
2026-09-07 14:48:55.049868,1454.5,22.4,190.4,29.4,23.5,20260907_144740
2026-09-07 14:48:55.249983,1450.0,23.0,190.4,29.4,23.1,20260907_144740
2026-09-07 14:48:55.450098,1439.75,23.0,190.4,29.4,23.1,20260907_144740
2026-09-07 14:48:55.650220,1440.5,23.0,190.4,29.4,23.1,20260907_144740
2026-09-07 14:48:55.850343,1435.75,23.6,190.4,30.2,23.5,20260907_144740
2026-09-07 14:48:56.050481,1448.25,23.6,190.4,29.8,23.5,20260907_144740
2026-09-07 14:48:56.250584,1457.0,23.6,190.4,28.2,22.4,20260907_144740
2026-09-07 14:48:56.450748,1453.0,23.6,190.4,25.1,22.4,20260907_144740
2026-09-07 14:48:56.650870,1473.25,24.2,190.4,24.3,22.4,20260907_144740
2026-09-07 14:48:56.850983,1485.0,24.2,190.4,23.9,22.4,20260907_144740
2026-09-07 14:48:57.051124,1489.0,24.2,190.4,23.9,22.0,20260907_144740
2026-09-07 14:48:57.251283,1500.0,24.2,190.4,23.1,22.0,20260907_144740
2026-09-07 14:48:57.451384,1503.75,24.2,190.4,22.4,21.2,20260907_144740
2026-09-07 14:48:57.651530,1505.25,24.9,190.4,21.6,20.8,20260907_144740
2026-09-07 14:48:57.851672,1507.75,24.9,190.4,20.8,20.8,20260907_144740
2026-09-07 14:48:58.051816,1508.5,24.9,190.4,20.4,20.8,20260907_144740
2026-09-07 14:48:58.251951,1512.5,24.9,190.4,20.0,20.8,20260907_144740
2026-09-07 14:48:58.452783,1515.5,24.9,192.2,20.0,20.8,20260907_144740
2026-09-07 14:48:58.652919,1512.5,24.9,192.2,20.0,20.4,20260907_144740
2026-09-07 14:48:58.853080,1518.75,24.9,192.2,19.2,20.4,20260907_144740
2026-09-07 14:48:59.053233,1526.5,24.9,192.2,19.2,20.4,20260907_144740
2026-09-07 14:48:59.253332,1528.75,25.5,192.2,20.0,20.4,20260907_144740
2026-09-07 14:48:59.453526,1540.5,25.5,192.2,19.2,19.6,20260907_144740
2026-09-07 14:48:59.653669,1529.5,25.5,192.2,14.9,16.9,20260907_144740
2026-09-07 14:48:59.853804,1517.75,25.5,192.2,11.0,17.6,20260907_144740
2026-09-07 14:49:00.053929,1522.5,24.9,192.2,10.2,17.3,20260907_144740
2026-09-07 14:49:00.254054,1500.0,24.9,192.2,9.4,17.6,20260907_144740
2026-09-07 14:49:00.454184,1503.75,24.9,192.2,8.6,16.9,20260907_144740
2026-09-07 14:49:00.654306,1509.25,24.9,192.2,7.1,16.9,20260907_144740
2026-09-07 14:49:00.854457,1494.5,24.9,192.2,7.5,16.9,20260907_144740
2026-09-07 14:49:01.054589,1482.75,24.2,192.2,7.5,16.9,20260907_144740
2026-09-07 14:49:01.254720,1468.75,24.2,192.2,7.5,16.9,20260907_144740
2026-09-07 14:49:01.454830,1453.75,24.2,194.0,7.5,16.9,20260907_144740
2026-09-07 14:49:01.654947,1436.5,23.6,194.0,7.5,16.9,20260907_144740
2026-09-07 14:49:01.855073,1416.25,23.6,194.0,8.6,17.3,20260907_144740
2026-09-07 14:49:02.055209,1405.25,23.0,194.0,9.4,17.3,20260907_144740
2026-09-07 14:49:02.255315,1386.5,23.0,194.0,10.2,17.3,20260907_144740
2026-09-07 14:49:02.455432,1363.25,22.4,194.0,10.2,17.3,20260907_144740
2026-09-07 14:49:02.655562,1339.0,22.4,194.0,10.2,17.3,20260907_144740
2026-09-07 14:49:02.855698,1307.75,21.7,194.0,10.6,17.3,20260907_144740
2026-09-07 14:49:03.055837,1278.0,21.1,194.0,10.6,16.9,20260907_144740
2026-09-07 14:49:03.256007,1253.0,20.5,194.0,11.0,16.9,20260907_144740
2026-09-07 14:49:03.456147,1225.0,20.5,194.0,11.0,16.9,20260907_144740
2026-09-07 14:49:03.656281,1199.0,19.9,194.0,11.4,16.9,20260907_144740
2026-09-07 14:49:03.856420,1187.5,19.3,194.0,12.2,17.3,20260907_144740
2026-09-07 14:49:04.056540,1251.5,18.6,194.0,11.8,16.9,20260907_144740
2026-09-07 14:49:04.256673,1329.5,18.0,194.0,10.2,17.3,20260907_144740
2026-09-07 14:49:04.456800,1353.0,17.4,194.0,10.2,17.3,20260907_144740
2026-09-07 14:49:04.656928,1289.75,16.2,194.0,10.6,17.3,20260907_144740
2026-09-07 14:49:04.857101,1242.75,15.5,194.0,11.0,16.9,20260907_144740
2026-09-07 14:49:05.057228,1182.75,14.9,192.2,11.4,16.9,20260907_144740
2026-09-07 14:49:05.257335,1117.75,14.3,192.2,12.5,17.3,20260907_144740
2026-09-07 14:49:05.458358,1057.0,13.7,192.2,16.1,17.6,20260907_144740
2026-09-07 14:49:05.658424,995.25,13.0,192.2,18.8,17.6,20260907_144740
2026-09-07 14:49:05.858576,936.5,11.8,192.2,17.6,16.5,20260907_144740
2026-09-07 14:49:06.058724,889.75,11.2,192.2,19.2,16.5,20260907_144740
2026-09-07 14:49:06.258924,865.5,10.6,192.2,20.0,16.5,20260907_144740
2026-09-07 14:49:06.459025,839.75,9.9,192.2,21.6,16.5,20260907_144740
2026-09-07 14:49:06.659173,846.0,9.3,192.2,21.6,16.5,20260907_144740
2026-09-07 14:49:06.859299,831.25,8.7,192.2,22.4,16.5,20260907_144740
2026-09-07 14:49:07.059440,800.0,8.7,192.2,24.7,16.5,20260907_144740
2026-09-07 14:49:07.259565,788.25,8.7,192.2,25.5,16.5,20260907_144740
2026-09-07 14:49:07.459721,810.0,8.7,192.2,25.5,18.8,20260907_144740
2026-09-07 14:49:07.659845,900.75,8.1,192.2,35.3,20.4,20260907_144740
2026-09-07 14:49:07.860010,1138.25,8.7,192.2,31.8,22.7,20260907_144740
2026-09-07 14:49:08.060130,1376.5,8.7,192.2,31.4,22.4,20260907_144740
2026-09-07 14:49:08.260255,1486.5,8.7,192.2,27.1,22.7,20260907_144740
2026-09-07 14:49:08.460382,1533.5,9.3,192.2,25.9,25.1,20260907_144740
2026-09-07 14:49:08.660504,1666.25,9.3,192.2,29.4,27.5,20260907_144740
2026-09-07 14:49:08.860637,1820.25,9.9,192.2,31.0,27.1,20260907_144740
2026-09-07 14:49:09.060753,1883.5,10.6,192.2,31.4,27.5,20260907_144740
2026-09-07 14:49:09.260866,1942.75,11.2,192.2,32.9,27.8,20260907_144740
2026-09-07 14:49:09.460982,2005.25,11.2,192.2,34.5,28.6,20260907_144740
2026-09-07 14:49:09.661106,2053.0,11.8,192.2,35.3,29.4,20260907_144740
2026-09-07 14:49:09.861234,2065.5,12.4,192.2,35.3,29.8,20260907_144740
2026-09-07 14:49:10.061361,2069.5,13.0,192.2,35.3,29.8,20260907_144740
2026-09-07 14:49:10.261466,2068.75,13.7,192.2,35.3,30.6,20260907_144740
2026-09-07 14:49:10.461602,2075.75,14.3,192.2,36.1,30.6,20260907_144740
2026-09-07 14:49:10.661748,2084.25,14.9,192.2,36.1,31.0,20260907_144740
2026-09-07 14:49:10.861867,2081.25,15.5,192.2,36.1,31.0,20260907_144740
2026-09-07 14:49:11.061980,2082.75,16.2,192.2,36.5,31.0,20260907_144740
2026-09-07 14:49:11.262123,2082.75,16.8,192.2,36.5,31.4,20260907_144740
2026-09-07 14:49:11.462256,2090.5,17.4,192.2,36.5,31.4,20260907_144740
2026-09-07 14:49:11.662369,2100.0,17.4,192.2,36.5,31.4,20260907_144740
2026-09-07 14:49:11.862480,2108.5,18.0,192.2,36.9,31.4,20260907_144740
2026-09-07 14:49:12.062610,2120.25,18.6,192.2,36.9,31.0,20260907_144740
2026-09-07 14:49:12.262728,2119.5,19.3,192.2,35.7,30.6,20260907_144740
2026-09-07 14:49:12.462845,2131.25,19.9,192.2,36.1,31.0,20260907_144740
2026-09-07 14:49:12.662971,2146.0,20.5,192.2,36.5,31.4,20260907_144740
2026-09-07 14:49:12.863087,2149.0,20.5,192.2,36.5,31.0,20260907_144740
2026-09-07 14:49:13.063198,2158.5,21.1,192.2,36.1,30.6,20260907_144740
2026-09-07 14:49:13.263309,2159.25,21.7,192.2,35.7,30.2,20260907_144740
2026-09-07 14:49:13.463429,2142.75,21.7,192.2,31.4,26.7,20260907_144740
2026-09-07 14:49:13.663555,2026.5,22.4,192.2,27.8,26.7,20260907_144740
2026-09-07 14:49:13.863688,2053.75,22.4,192.2,28.6,27.1,20260907_144740
2026-09-07 14:49:14.063819,2059.25,23.0,192.2,28.2,26.7,20260907_144740
2026-09-07 14:49:14.263928,2059.25,23.0,192.2,27.5,26.7,20260907_144740
2026-09-07 14:49:14.464046,2067.0,23.0,192.2,25.9,25.5,20260907_144740
2026-09-07 14:49:14.664161,2021.75,23.6,192.2,23.9,24.7,20260907_144740
2026-09-07 14:49:14.864289,1797.5,23.6,192.2,21.2,23.1,20260907_144740
2026-09-07 14:49:15.064440,1662.5,23.6,192.2,21.2,22.7,20260907_144740
2026-09-07 14:49:15.264561,1625.75,23.6,192.2,18.4,18.4,20260907_144740
2026-09-07 14:49:15.466268,1567.0,23.6,192.2,16.9,19.2,20260907_144740
2026-09-07 14:49:15.666411,1480.25,23.6,192.2,16.9,17.3,20260907_144740
2026-09-07 14:49:15.866563,1442.0,23.6,190.4,12.2,15.7,20260907_144740
2026-09-07 14:49:16.067046,1420.25,23.6,190.4,8.2,16.5,20260907_144740
2026-09-07 14:49:16.267507,1446.75,23.6,190.4,7.8,16.9,20260907_144740
2026-09-07 14:49:16.468063,1428.75,23.6,190.4,8.2,16.9,20260907_144740
2026-09-07 14:49:16.668963,1407.75,23.0,190.4,8.6,16.9,20260907_144740
2026-09-07 14:49:16.869073,1403.0,23.0,190.4,8.2,16.5,20260907_144740
2026-09-07 14:49:17.069172,1383.5,23.0,190.4,7.8,16.5,20260907_144740
2026-09-07 14:49:17.269320,1367.0,22.4,190.4,7.8,16.5,20260907_144740
2026-09-07 14:49:17.469490,1353.0,22.4,190.4,8.2,16.5,20260907_144740
2026-09-07 14:49:17.669604,1338.25,22.4,190.4,8.2,17.3,20260907_144740
2026-09-07 14:49:17.869748,1326.5,21.7,190.4,9.8,16.9,20260907_144740
2026-09-07 14:49:18.069878,1311.5,21.7,190.4,10.2,17.3,20260907_144740
2026-09-07 14:49:18.270005,1294.5,21.1,190.4,10.6,17.3,20260907_144740
2026-09-07 14:49:18.470131,1284.25,21.1,190.4,10.6,17.3,20260907_144740
2026-09-07 14:49:18.670259,1267.75,21.1,190.4,11.0,16.9,20260907_144740
2026-09-07 14:49:18.870414,1253.0,20.5,190.4,11.0,16.9,20260907_144740
2026-09-07 14:49:19.070536,1231.25,20.5,190.4,11.0,16.9,20260907_144740
2026-09-07 14:49:19.270644,1207.75,19.9,188.6,11.0,16.9,20260907_144740
2026-09-07 14:49:19.470772,1195.25,,188.6,12.2,16.9,20260907_144740
2026-09-07 14:49:19.802545,1178.75,19.3,188.6,12.2,16.9,20260907_144740
2026-09-07 14:49:20.002653,1164.0,18.6,188.6,16.1,20.0,20260907_144740
2026-09-07 14:49:20.202802,1150.0,18.6,188.6,24.7,20.0,20260907_144740
2026-09-07 14:49:20.402948,1234.25,19.3,188.6,31.4,23.5,20260907_144740
2026-09-07 14:49:20.603056,1463.25,19.3,188.6,31.4,24.7,20260907_144740
2026-09-07 14:49:20.803191,1622.5,19.3,188.6,36.5,29.8,20260907_144740
2026-09-07 14:49:21.003311,1736.5,19.9,188.6,36.9,34.1,20260907_144740
2026-09-07 14:49:21.203425,1634.25,19.9,188.6,41.2,30.2,20260907_144740
2026-09-07 14:49:21.403539,1610.0,20.5,188.6,41.2,28.6,20260907_144740
2026-09-07 14:49:21.603650,1638.25,20.5,188.6,39.2,27.5,20260907_144740
2026-09-07 14:49:21.803766,1669.5,21.1,188.6,36.1,26.3,20260907_144740
2026-09-07 14:49:22.003900,1682.0,21.1,188.6,32.5,23.5,20260907_144740
2026-09-07 14:49:22.204015,1697.5,21.7,188.6,26.3,23.5,20260907_144740
2026-09-07 14:49:22.404139,1721.75,21.7,188.6,25.9,23.9,20260907_144740
2026-09-07 14:49:22.604263,1736.5,21.7,188.6,25.9,23.9,20260907_144740
2026-09-07 14:49:22.804386,1726.5,22.4,188.6,25.9,23.9,20260907_144740
2026-09-07 14:49:23.004506,1571.75,22.4,188.6,29.0,23.5,20260907_144740
2026-09-07 14:49:23.204617,1467.0,22.4,188.6,33.7,23.5,20260907_144740
2026-09-07 14:49:23.404738,1411.5,22.4,188.6,38.4,23.1,20260907_144740
2026-09-07 14:49:23.604853,1393.75,23.0,188.6,39.6,22.7,20260907_144740
2026-09-07 14:49:23.804969,1401.5,23.0,188.6,36.9,22.0,20260907_144740
2026-09-07 14:49:24.005097,1390.5,23.0,188.6,27.1,18.0,20260907_144740
2026-09-07 14:49:24.205207,1404.5,23.0,188.6,21.6,18.0,20260907_144740
2026-09-07 14:49:24.405316,1390.5,23.0,188.6,12.2,15.7,20260907_144740
2026-09-07 14:49:24.605503,1389.75,23.0,188.6,8.6,16.5,20260907_144740
2026-09-07 14:49:24.805610,1417.75,23.0,188.6,8.2,16.5,20260907_144740
2026-09-07 14:49:25.005739,1372.5,22.4,188.6,8.6,16.5,20260907_144740
2026-09-07 14:49:25.205862,1360.75,22.4,188.6,9.0,16.5,20260907_144740
2026-09-07 14:49:25.405974,1353.0,22.4,188.6,9.4,16.5,20260907_144740
2026-09-07 14:49:25.606086,1344.5,22.4,188.6,9.0,16.5,20260907_144740
2026-09-07 14:49:25.806195,1329.5,21.7,188.6,8.2,16.5,20260907_144740
2026-09-07 14:49:26.006331,1310.75,21.7,188.6,7.8,16.5,20260907_144740
2026-09-07 14:49:26.206485,1286.5,21.1,188.6,8.2,16.5,20260907_144740
2026-09-07 14:49:26.406609,1258.5,20.5,188.6,9.8,16.9,20260907_144740
2026-09-07 14:49:26.606719,1222.5,19.9,188.6,10.6,16.9,20260907_144740
2026-09-07 14:49:26.806831,1190.5,19.3,188.6,11.0,16.9,20260907_144740
2026-09-07 14:49:27.006957,1235.0,18.6,188.6,11.0,16.9,20260907_144740
2026-09-07 14:49:27.207070,1347.5,18.0,190.4,10.2,17.3,20260907_144740
2026-09-07 14:49:27.407181,1387.5,17.4,190.4,10.2,17.3,20260907_144740
2026-09-07 14:49:27.607299,1323.25,16.8,190.4,10.6,17.3,20260907_144740
2026-09-07 14:49:27.807409,1278.0,16.2,190.4,10.6,17.3,20260907_144740
2026-09-07 14:49:28.007553,1235.75,15.5,190.4,11.0,16.9,20260907_144740
2026-09-07 14:49:28.207658,1185.0,14.9,190.4,11.4,16.9,20260907_144740
2026-09-07 14:49:28.407773,1129.5,14.3,190.4,12.2,16.9,20260907_144740
2026-09-07 14:49:28.607897,1078.75,13.7,190.4,12.9,16.5,20260907_144740
2026-09-07 14:49:28.808075,1024.0,13.0,190.4,13.7,16.5,20260907_144740
2026-09-07 14:49:29.008212,972.5,12.4,190.4,14.9,16.1,20260907_144740
2026-09-07 14:49:29.208353,921.0,11.8,190.4,16.1,16.1,20260907_144740
2026-09-07 14:49:29.408515,875.0,11.2,190.4,18.4,16.5,20260907_144740
2026-09-07 14:49:29.608689,838.25,10.6,190.4,21.6,16.5,20260907_144740
2026-09-07 14:49:29.808853,839.75,9.3,190.4,22.4,16.5,20260907_144740
2026-09-07 14:49:30.009048,846.75,8.7,190.4,22.0,16.5,20260907_144740
2026-09-07 14:49:30.209236,800.0,8.1,190.4,23.9,16.5,20260907_144740
2026-09-07 14:49:30.409413,757.0,7.5,190.4,25.5,16.5,20260907_144740
2026-09-07 14:49:30.609544,746.75,6.8,190.4,27.1,16.5,20260907_144740
2026-09-07 14:49:30.809759,738.25,6.2,192.2,27.8,16.5,20260907_144740
2026-09-07 14:49:31.009880,739.0,5.6,192.2,28.6,16.5,20260907_144740
2026-09-07 14:49:31.210044,752.25,5.6,192.2,28.6,16.5,20260907_144740
2026-09-07 14:49:31.410143,778.75,5.6,192.2,28.2,16.9,20260907_144740
2026-09-07 14:49:31.610271,807.75,5.6,192.2,32.9,18.8,20260907_144740
2026-09-07 14:49:31.810407,975.75,5.6,192.2,40.0,22.7,20260907_144740
2026-09-07 14:49:32.010532,1339.75,5.6,192.2,38.0,25.9,20260907_144740
2026-09-07 14:49:32.210683,1664.0,6.2,192.2,34.5,29.8,20260907_144740
2026-09-07 14:49:32.410801,1903.75,6.8,192.2,34.9,29.8,20260907_144740
2026-09-07 14:49:32.610941,1975.75,7.5,192.2,32.9,27.5,20260907_144740
2026-09-07 14:49:32.811059,1950.0,8.1,192.2,31.8,27.1,20260907_144740
2026-09-07 14:49:33.011199,1946.75,8.7,192.2,32.5,26.7,20260907_144740
2026-09-07 14:49:33.211377,1959.25,9.9,192.2,32.9,26.7,20260907_144740
2026-09-07 14:49:33.411493,1963.25,10.6,192.2,33.7,26.7,20260907_144740
2026-09-07 14:49:33.611589,1999.0,11.2,192.2,35.3,26.7,20260907_144740
2026-09-07 14:49:33.811717,2014.0,11.8,192.2,34.9,26.7,20260907_144740
2026-09-07 14:49:34.011858,2043.75,12.4,192.2,35.3,26.7,20260907_144740
2026-09-07 14:49:34.211952,2087.5,13.0,192.2,36.9,27.1,20260907_144740
2026-09-07 14:49:34.412076,2079.5,13.7,192.2,36.5,27.1,20260907_144740
2026-09-07 14:49:34.612222,2099.0,14.3,192.2,35.3,28.2,20260907_144740
2026-09-07 14:49:34.812336,2142.0,14.9,192.2,37.6,29.8,20260907_144740
2026-09-07 14:49:35.012461,2175.75,15.5,192.2,38.0,31.0,20260907_144740
2026-09-07 14:49:35.212569,2204.5,16.2,192.2,38.0,31.0,20260907_144740
2026-09-07 14:49:35.412687,2220.25,16.8,192.2,38.0,31.8,20260907_144740
2026-09-07 14:49:35.612801,2192.75,17.4,192.2,35.3,29.8,20260907_144740
2026-09-07 14:49:35.812914,2164.0,18.0,192.2,34.5,29.4,20260907_144740
2026-09-07 14:49:36.013040,2170.25,18.0,192.2,28.2,25.5,20260907_144740
2026-09-07 14:49:36.213157,2159.25,18.6,192.2,24.7,25.9,20260907_144740
2026-09-07 14:49:36.413270,2174.0,18.6,192.2,24.3,25.9,20260907_144740
2026-09-07 14:49:36.613428,1856.25,18.6,192.2,24.3,25.5,20260907_144740
2026-09-07 14:49:36.813531,1636.5,19.3,192.2,28.2,25.5,20260907_144740
2026-09-07 14:49:37.013662,1621.0,19.3,192.2,30.2,25.5,20260907_144740
2026-09-07 14:49:37.213771,1578.75,19.3,192.2,32.5,25.9,20260907_144740
2026-09-07 14:49:37.413896,1565.5,19.9,192.2,33.7,25.9,20260907_144740
2026-09-07 14:49:37.614021,1589.75,19.9,192.2,33.3,25.1,20260907_144740
2026-09-07 14:49:37.814127,1606.25,20.5,192.2,32.2,24.7,20260907_144740
2026-09-07 14:49:38.014257,1631.25,20.5,192.2,31.0,24.3,20260907_144740
2026-09-07 14:49:38.214362,1643.75,20.5,192.2,29.8,24.3,20260907_144740
2026-09-07 14:49:38.414471,1662.5,21.1,192.2,28.6,23.9,20260907_144740
2026-09-07 14:49:38.614612,1675.0,21.1,192.2,27.5,23.9,20260907_144740
2026-09-07 14:49:38.814738,1701.5,21.1,192.2,27.1,23.9,20260907_144740
2026-09-07 14:49:39.014870,1714.0,21.7,192.2,26.3,23.5,20260907_144740
2026-09-07 14:49:39.214989,1726.5,21.7,192.2,25.9,23.5,20260907_144740
2026-09-07 14:49:39.415099,1726.5,21.7,192.2,25.5,23.5,20260907_144740
2026-09-07 14:49:39.615219,1641.25,22.4,192.2,27.5,23.1,20260907_144740
2026-09-07 14:49:39.815364,1507.75,22.4,192.2,31.8,23.1,20260907_144740
2026-09-07 14:49:40.015495,1416.25,22.4,192.2,35.7,22.7,20260907_144740
2026-09-07 14:49:40.215603,1389.0,22.4,192.2,37.3,22.7,20260907_144740
2026-09-07 14:49:40.415718,1391.25,22.4,192.2,38.0,22.7,20260907_144740
2026-09-07 14:49:40.615834,1403.0,23.0,192.2,37.6,22.7,20260907_144740
2026-09-07 14:49:40.815955,1408.5,23.0,192.2,36.1,22.0,20260907_144740
2026-09-07 14:49:41.016089,1421.0,23.0,192.2,33.7,22.4,20260907_144740
2026-09-07 14:49:41.216214,1429.5,23.0,192.2,32.9,22.4,20260907_144740
2026-09-07 14:49:41.416330,1439.0,23.6,192.2,31.4,22.0,20260907_144740
2026-09-07 14:49:41.616466,1446.75,23.6,192.2,29.8,22.4,20260907_144740
2026-09-07 14:49:41.816583,1457.75,23.6,192.2,29.0,22.4,20260907_144740
2026-09-07 14:49:42.016702,1463.25,23.6,192.2,28.2,22.4,20260907_144740
2026-09-07 14:49:42.216822,1473.25,23.6,190.4,28.2,22.4,20260907_144740
2026-09-07 14:49:42.416949,1478.75,24.2,190.4,27.1,20.0,20260907_144740
2026-09-07 14:49:42.617054,1454.5,24.2,190.4,21.2,19.2,20260907_144740
2026-09-07 14:49:42.817174,1463.25,24.2,190.4,18.4,19.2,20260907_144740
2026-09-07 14:49:43.017304,1466.25,24.2,190.4,17.6,18.8,20260907_144740
2026-09-07 14:49:43.217458,1439.75,23.6,190.4,10.6,15.7,20260907_144740
2026-09-07 14:49:43.417575,1434.25,23.6,190.4,8.2,16.9,20260907_144740
2026-09-07 14:49:43.617688,1439.0,,190.4,8.2,16.9,20260907_144740
2026-09-07 14:49:43.954188,1421.75,23.6,190.4,8.2,16.9,20260907_144740
2026-09-07 14:49:44.154315,1411.5,23.0,190.4,8.2,16.9,20260907_144740
2026-09-07 14:49:44.354444,1402.25,23.0,190.4,8.2,16.5,20260907_144740
2026-09-07 14:49:44.554554,1389.75,23.0,190.4,8.2,16.9,20260907_144740
2026-09-07 14:49:44.754661,1375.0,22.4,190.4,8.2,16.5,20260907_144740
2026-09-07 14:49:44.954781,1360.75,22.4,190.4,7.8,16.5,20260907_144740
2026-09-07 14:49:45.154909,1346.0,22.4,190.4,8.2,16.5,20260907_144740
2026-09-07 14:49:45.355019,1334.25,21.7,190.4,8.2,17.3,20260907_144740
2026-09-07 14:49:45.555147,1319.5,21.7,190.4,9.8,17.3,20260907_144740
2026-09-07 14:49:45.755253,1303.0,21.7,190.4,10.2,17.3,20260907_144740
2026-09-07 14:49:45.955383,1284.25,21.1,190.4,10.6,17.3,20260907_144740
2026-09-07 14:49:46.155493,1262.5,21.1,190.4,11.0,16.9,20260907_144740
2026-09-07 14:49:46.355614,1239.0,20.5,190.4,11.0,16.9,20260907_144740
2026-09-07 14:49:46.555734,1223.25,20.5,190.4,11.0,16.9,20260907_144740
2026-09-07 14:49:46.755867,1204.5,19.9,190.4,11.4,16.9,20260907_144740
2026-09-07 14:49:46.955997,1184.25,19.3,190.4,11.4,16.9,20260907_144740
2026-09-07 14:49:47.156108,1185.75,19.3,190.4,11.4,16.9,20260907_144740
2026-09-07 14:49:47.356223,1265.5,18.6,190.4,10.6,16.9,20260907_144740
2026-09-07 14:49:47.556348,1369.5,18.0,190.4,10.2,17.3,20260907_144740
2026-09-07 14:49:47.756471,1416.25,18.0,190.4,9.8,17.3,20260907_144740
2026-09-07 14:49:47.956604,1372.5,17.4,190.4,10.2,17.3,20260907_144740
2026-09-07 14:49:48.156711,1303.75,16.8,190.4,11.0,16.9,20260907_144740
2026-09-07 14:49:48.356826,1325.75,16.8,190.4,10.2,17.3,20260907_144740
2026-09-07 14:49:48.556941,1360.75,17.4,190.4,10.2,17.3,20260907_144740
2026-09-07 14:49:48.757062,1290.5,16.8,190.4,10.6,17.3,20260907_144740
2026-09-07 14:49:48.957206,1273.25,16.2,190.4,10.6,16.9,20260907_144740
2026-09-07 14:49:49.157334,1275.75,16.2,190.4,10.6,16.9,20260907_144740
2026-09-07 14:49:49.361169,1252.25,16.2,190.4,11.0,16.9,20260907_144740
2026-09-07 14:49:49.561336,1232.0,15.5,190.4,11.0,16.9,20260907_144740
2026-09-07 14:49:49.761548,1210.75,15.5,190.4,11.0,16.9,20260907_144740
2026-09-07 14:49:49.961702,1185.0,14.9,190.4,11.4,16.9,20260907_144740
2026-09-07 14:49:50.161904,1160.0,14.9,190.4,11.8,16.9,20260907_144740
2026-09-07 14:49:50.362101,1131.25,14.3,190.4,12.2,16.9,20260907_144740
2026-09-07 14:49:50.562315,1105.25,14.3,190.4,12.5,16.5,20260907_144740
2026-09-07 14:49:50.762482,1078.75,13.7,190.4,12.9,16.5,20260907_144740
2026-09-07 14:49:50.962643,1053.0,13.7,190.4,13.3,16.5,20260907_144740
2026-09-07 14:49:51.162776,1025.75,13.0,190.4,13.7,16.5,20260907_144740
2026-09-07 14:49:51.362870,999.0,13.0,190.4,14.1,16.5,20260907_144740
2026-09-07 14:49:51.563021,966.25,12.4,190.4,14.9,16.1,20260907_144740
2026-09-07 14:49:51.763151,932.75,11.8,190.4,15.7,16.1,20260907_144740
2026-09-07 14:49:51.963291,911.5,11.2,190.4,16.5,16.5,20260907_144740
2026-09-07 14:49:52.163422,917.0,11.2,190.4,16.9,16.5,20260907_144740
2026-09-07 14:49:52.363536,943.75,10.6,190.4,17.3,18.4,20260907_144740
2026-09-07 14:49:52.563671,963.25,10.6,190.4,21.6,17.3,20260907_144740
2026-09-07 14:49:52.763797,904.5,10.6,190.4,23.9,17.3,20260907_144740
2026-09-07 14:49:52.963902,902.25,10.6,190.4,24.7,17.3,20260907_144740
2026-09-07 14:49:53.164002,909.25,10.6,190.4,24.7,17.3,20260907_144740
2026-09-07 14:49:53.364127,920.25,10.6,190.4,24.3,17.3,20260907_144740
2026-09-07 14:49:53.564259,910.0,10.6,190.4,24.3,17.3,20260907_144740
2026-09-07 14:49:53.764358,910.0,9.9,190.4,25.1,17.3,20260907_144740
2026-09-07 14:49:53.964503,911.5,9.9,190.4,27.8,18.0,20260907_144740
2026-09-07 14:49:54.164645,953.0,9.9,190.4,27.1,17.3,20260907_144740
2026-09-07 14:49:54.364746,929.5,9.9,190.4,25.9,18.0,20260907_144740
2026-09-07 14:49:54.564862,960.75,9.9,190.4,30.2,19.2,20260907_144740
2026-09-07 14:49:54.764975,1040.5,9.9,190.4,32.5,19.6,20260907_144740
2026-09-07 14:49:54.965098,1126.5,9.9,190.4,28.2,19.6,20260907_144740
2026-09-07 14:49:55.165214,1135.75,9.9,190.4,26.7,19.6,20260907_144740
2026-09-07 14:49:55.365360,1141.25,9.9,190.4,26.3,19.6,20260907_144740
2026-09-07 14:49:55.565535,1142.75,10.6,190.4,26.3,19.6,20260907_144740
2026-09-07 14:49:55.765640,1141.25,10.6,190.4,25.9,19.6,20260907_144740
2026-09-07 14:49:55.965764,1145.25,10.6,190.4,26.3,19.6,20260907_144740
2026-09-07 14:49:56.165879,1150.75,10.6,190.4,26.3,19.6,20260907_144740
2026-09-07 14:49:56.366009,1154.5,10.6,190.4,25.9,19.6,20260907_144740
2026-09-07 14:49:56.566119,1152.25,10.6,190.4,25.9,19.6,20260907_144740
2026-09-07 14:49:56.766250,1153.75,10.6,190.4,25.9,19.6,20260907_144740
2026-09-07 14:49:56.966385,1158.5,10.6,190.4,25.9,18.8,20260907_144740
2026-09-07 14:49:57.166505,1146.75,10.6,190.4,24.7,19.6,20260907_144740
2026-09-07 14:49:57.366615,1147.5,10.6,190.4,25.9,19.6,20260907_144740
2026-09-07 14:49:57.566746,1127.25,10.6,190.4,24.3,16.9,20260907_144740
2026-09-07 14:49:57.766856,1039.75,10.6,190.4,20.8,16.9,20260907_144740
2026-09-07 14:49:57.966980,918.75,10.6,190.4,25.1,17.6,20260907_144740
2026-09-07 14:49:58.167092,911.5,10.6,190.4,26.3,17.6,20260907_144740
2026-09-07 14:49:58.367198,924.0,10.6,190.4,25.5,17.6,20260907_144740
2026-09-07 14:49:58.567313,909.25,10.6,190.4,26.3,17.6,20260907_144740
2026-09-07 14:49:58.767420,900.75,9.9,190.4,26.3,17.6,20260907_144740
2026-09-07 14:49:58.967545,893.75,9.9,190.4,26.7,17.6,20260907_144740
2026-09-07 14:49:59.167669,910.75,9.9,190.4,26.3,17.6,20260907_144740
2026-09-07 14:49:59.367780,928.75,9.9,190.4,25.5,17.3,20260907_144740
2026-09-07 14:49:59.567905,934.25,9.9,190.4,25.5,18.0,20260907_144740
2026-09-07 14:49:59.768023,980.25,9.9,190.4,31.0,18.4,20260907_144740
2026-09-07 14:49:59.968138,1070.25,9.9,190.4,31.0,19.6,20260907_144740
2026-09-07 14:50:00.168259,1174.0,9.9,190.4,25.1,19.2,20260907_144740
2026-09-07 14:50:00.368386,1213.25,10.6,190.4,25.1,19.2,20260907_144740
2026-09-07 14:50:00.568504,1220.25,10.6,190.4,23.1,19.2,20260907_144740
2026-09-07 14:50:00.768629,1216.25,10.6,190.4,22.7,18.8,20260907_144740
2026-09-07 14:50:00.968797,1194.5,10.6,190.4,20.4,16.1,20260907_144740
2026-09-07 14:50:01.168920,1101.5,10.6,190.4,18.8,18.0,20260907_144740
2026-09-07 14:50:01.369046,1071.75,11.2,190.4,20.4,15.7,20260907_144740
2026-09-07 14:50:01.569162,1000.0,11.2,190.4,13.7,15.3,20260907_144740
2026-09-07 14:50:01.769286,910.75,11.2,192.2,15.3,16.1,20260907_144740
2026-09-07 14:50:01.969432,905.25,11.2,192.2,16.5,16.5,20260907_144740
2026-09-07 14:50:02.169540,909.25,11.2,192.2,17.3,16.5,20260907_144740
2026-09-07 14:50:02.369654,917.75,10.6,192.2,16.9,16.5,20260907_144740
2026-09-07 14:50:02.569774,913.25,10.6,192.2,17.3,16.5,20260907_144740
2026-09-07 14:50:02.769881,900.0,10.6,192.2,17.6,16.5,20260907_144740
2026-09-07 14:50:02.969998,879.5,9.9,192.2,18.4,16.5,20260907_144740
2026-09-07 14:50:03.170133,865.5,9.9,192.2,19.2,16.5,20260907_144740
2026-09-07 14:50:03.370243,844.5,9.3,192.2,20.8,16.5,20260907_144740
2026-09-07 14:50:03.570355,837.5,9.3,192.2,21.2,16.5,20260907_144740
2026-09-07 14:50:03.770458,819.5,8.7,192.2,22.4,16.5,20260907_144740
2026-09-07 14:50:03.970584,807.0,8.7,192.2,23.9,16.5,20260907_144740
2026-09-07 14:50:04.170698,794.5,8.7,192.2,24.7,16.5,20260907_144740
2026-09-07 14:50:04.370806,781.25,8.1,192.2,25.1,16.5,20260907_144740
2026-09-07 14:50:04.570927,777.25,8.1,192.2,25.5,16.5,20260907_144740
2026-09-07 14:50:04.771042,777.25,8.1,192.2,25.9,16.5,20260907_144740
2026-09-07 14:50:04.971171,804.5,8.1,192.2,30.2,20.0,20260907_144740
2026-09-07 14:50:05.171284,976.5,8.1,192.2,36.5,20.4,20260907_144740
2026-09-07 14:50:05.371399,1235.0,8.7,192.2,32.2,21.2,20260907_144740
2026-09-07 14:50:05.571510,1371.0,8.7,192.2,26.3,21.2,20260907_144740
2026-09-07 14:50:05.771627,1353.75,8.7,192.2,25.9,21.2,20260907_144740
2026-09-07 14:50:05.971778,1396.0,9.3,192.2,27.5,22.4,20260907_144740
2026-09-07 14:50:06.171882,1464.0,9.3,192.2,26.3,22.7,20260907_144740
2026-09-07 14:50:06.372003,1485.0,9.3,192.2,25.1,22.7,20260907_144740
2026-09-07 14:50:06.572122,1498.25,9.9,192.2,25.5,23.5,20260907_144740
2026-09-07 14:50:06.772233,1564.75,9.9,192.2,28.2,24.7,20260907_144740
2026-09-07 14:50:06.972359,1642.75,10.6,192.2,25.9,24.7,20260907_144740
2026-09-07 14:50:07.172503,1674.0,10.6,192.2,25.1,25.1,20260907_144740
2026-09-07 14:50:07.372609,1690.5,11.2,192.2,24.7,25.1,20260907_144740
2026-09-07 14:50:07.572725,1692.0,11.8,192.2,24.3,25.1,20260907_144740
2026-09-07 14:50:07.772850,,12.4,192.2,22.4,23.5,20260907_144740
2026-09-07 14:50:08.104792,1667.0,12.4,192.2,22.4,23.1,20260907_144740
2026-09-07 14:50:08.304913,1571.75,13.0,192.2,22.0,21.6,20260907_144740
2026-09-07 14:50:08.505024,1481.25,13.0,192.2,21.2,20.4,20260907_144740
2026-09-07 14:50:08.705146,1435.0,13.0,192.2,23.1,20.8,20260907_144740
2026-09-07 14:50:08.905265,1427.25,13.7,192.2,23.9,20.8,20260907_144740
2026-09-07 14:50:09.105479,1428.75,13.7,192.2,23.9,20.8,20260907_144740
2026-09-07 14:50:09.305606,1425.0,13.7,192.2,23.9,20.8,20260907_144740
2026-09-07 14:50:09.505727,1425.75,14.3,192.2,23.9,20.8,20260907_144740
2026-09-07 14:50:09.705853,1408.5,14.3,192.2,25.5,22.0,20260907_144740
2026-09-07 14:50:09.905965,1385.75,14.3,192.2,29.4,23.1,20260907_144740
2026-09-07 14:50:10.106116,1310.75,14.9,192.2,36.1,25.5,20260907_144740
2026-09-07 14:50:10.306236,1331.25,14.9,192.2,43.5,27.1,20260907_144740
2026-09-07 14:50:10.506351,1314.75,15.5,192.2,44.3,26.7,20260907_144740
2026-09-07 14:50:10.706461,1328.75,15.5,192.2,49.8,31.8,20260907_144740
2026-09-07 14:50:10.906576,1360.0,16.2,192.2,52.5,34.5,20260907_144740
2026-09-07 14:50:11.106694,1407.75,16.8,192.2,55.3,38.0,20260907_144740
2026-09-07 14:50:11.306814,1400.0,16.8,192.2,53.7,37.6,20260907_144740
2026-09-07 14:50:11.506934,1402.25,17.4,192.2,53.7,37.6,20260907_144740
2026-09-07 14:50:11.707042,1441.25,18.0,192.2,51.0,37.3,20260907_144740
2026-09-07 14:50:11.907172,1450.75,18.0,192.2,49.8,37.3,20260907_144740
2026-09-07 14:50:12.107311,1492.75,18.6,192.2,48.6,42.0,20260907_144740
2026-09-07 14:50:12.307438,1525.75,19.3,192.2,47.8,47.8,20260907_144740
2026-09-07 14:50:12.507590,1566.25,19.3,192.2,49.0,51.4,20260907_144740
2026-09-07 14:50:12.707701,1635.75,19.9,192.2,52.9,56.9,20260907_144740
2026-09-07 14:50:12.907823,1877.25,20.5,190.4,53.3,56.1,20260907_144740
2026-09-07 14:50:13.107942,2119.5,21.1,190.4,54.9,57.6,20260907_144740
2026-09-07 14:50:13.308086,2399.0,21.7,190.4,59.2,55.7,20260907_144740
2026-09-07 14:50:13.508212,2568.75,22.4,190.4,62.4,46.7,20260907_144740
2026-09-07 14:50:13.708324,2527.25,23.0,190.4,50.6,29.0,20260907_144740
2026-09-07 14:50:13.908455,2324.0,23.6,190.4,35.3,27.8,20260907_144740
2026-09-07 14:50:14.108582,2292.75,24.2,190.4,39.2,29.4,20260907_144740
2026-09-07 14:50:14.308703,2315.5,24.9,190.4,39.2,29.4,20260907_144740
2026-09-07 14:50:14.508826,2256.25,24.9,190.4,32.9,25.5,20260907_144740
2026-09-07 14:50:14.708946,2167.0,25.5,190.4,22.7,24.3,20260907_144740
2026-09-07 14:50:14.909079,2146.75,25.5,190.4,19.6,22.7,20260907_144740
2026-09-07 14:50:15.109194,2000.75,25.5,190.4,15.7,20.4,20260907_144740
2026-09-07 14:50:15.309323,1804.5,25.5,190.4,12.9,18.4,20260907_144740
2026-09-07 14:50:15.509465,1617.0,25.5,190.4,10.6,18.0,20260907_144740
2026-09-07 14:50:15.709573,1522.5,25.5,190.4,10.6,18.0,20260907_144740
2026-09-07 14:50:15.909706,1554.5,25.5,190.4,9.0,17.3,20260907_144740
2026-09-07 14:50:16.109812,1532.75,25.5,190.4,7.8,16.9,20260907_144740
2026-09-07 14:50:16.309940,1525.0,25.5,190.4,7.5,16.9,20260907_144740
2026-09-07 14:50:16.510048,1510.75,24.9,190.4,7.5,16.9,20260907_144740
2026-09-07 14:50:16.710169,1484.25,24.9,190.4,7.5,16.9,20260907_144740
2026-09-07 14:50:16.910305,1457.75,24.2,190.4,7.8,16.9,20260907_144740
2026-09-07 14:50:17.110418,1440.5,23.6,190.4,7.8,16.9,20260907_144740
2026-09-07 14:50:17.310536,1421.0,23.6,190.4,7.8,16.9,20260907_144740
2026-09-07 14:50:17.510628,1386.5,23.0,190.4,8.2,16.5,20260907_144740
2026-09-07 14:50:17.710743,1357.0,22.4,190.4,7.8,16.5,20260907_144740
2026-09-07 14:50:17.910886,1327.25,21.7,190.4,8.2,16.5,20260907_144740
2026-09-07 14:50:18.111025,1293.75,21.1,190.4,8.2,17.3,20260907_144740
2026-09-07 14:50:18.312097,1263.25,20.5,190.4,10.2,16.9,20260907_144740
2026-09-07 14:50:18.514913,1233.5,20.5,190.4,10.6,16.9,20260907_144740
2026-09-07 14:50:18.715062,1302.25,19.3,190.4,10.6,16.9,20260907_144740
2026-09-07 14:50:18.915211,1407.75,18.6,190.4,9.8,17.3,20260907_144740
2026-09-07 14:50:19.115346,1452.25,18.6,188.6,9.4,17.6,20260907_144740
2026-09-07 14:50:19.315545,1392.75,18.0,190.4,10.2,17.3,20260907_144740
2026-09-07 14:50:19.515672,1350.0,17.4,190.4,10.6,17.3,20260907_144740
2026-09-07 14:50:19.715803,1305.25,16.8,188.6,10.6,17.3,20260907_144740
2026-09-07 14:50:19.915934,1246.75,16.2,188.6,11.0,16.9,20260907_144740
2026-09-07 14:50:20.116059,1189.0,14.9,188.6,11.4,16.9,20260907_144740
2026-09-07 14:50:20.316157,1138.25,14.3,188.6,12.2,16.9,20260907_144740
2026-09-07 14:50:20.516318,1078.75,13.7,188.6,12.9,16.5,20260907_144740
2026-09-07 14:50:20.716560,1013.25,13.0,188.6,13.7,16.5,20260907_144740
2026-09-07 14:50:20.916679,944.5,11.8,188.6,15.7,16.1,20260907_144740
2026-09-07 14:50:21.116775,877.25,11.2,188.6,18.0,16.5,20260907_144740
2026-09-07 14:50:21.316902,833.5,10.6,188.6,21.6,16.5,20260907_144740
2026-09-07 14:50:21.517023,823.25,9.9,188.6,23.9,16.5,20260907_144740
2026-09-07 14:50:21.717125,852.25,9.3,188.6,23.1,16.5,20260907_144740
2026-09-07 14:50:21.917265,842.0,8.7,188.6,22.7,16.5,20260907_144740
2026-09-07 14:50:22.117493,793.75,8.7,188.6,25.5,16.5,20260907_144740
2026-09-07 14:50:22.317629,782.0,8.1,188.6,25.9,16.5,20260907_144740
2026-09-07 14:50:22.517767,775.0,8.1,188.6,26.7,16.5,20260907_144740
2026-09-07 14:50:22.717860,767.75,8.1,188.6,27.1,16.5,20260907_144740
2026-09-07 14:50:22.917993,785.0,8.1,188.6,27.1,16.5,20260907_144740
2026-09-07 14:50:23.118122,839.75,7.5,188.6,25.5,16.9,20260907_144740
2026-09-07 14:50:23.318233,892.0,7.5,188.6,22.7,16.9,20260907_144740
2026-09-07 14:50:23.518375,931.25,7.5,188.6,18.4,16.5,20260907_144740
2026-09-07 14:50:23.718497,919.5,6.8,188.6,18.4,16.5,20260907_144740
2026-09-07 14:50:23.918634,878.75,6.8,188.6,19.2,16.5,20260907_144740
2026-09-07 14:50:24.118743,857.75,6.2,188.6,19.6,16.5,20260907_144740
2026-09-07 14:50:24.318855,833.5,6.2,188.6,21.2,16.5,20260907_144740
2026-09-07 14:50:24.519005,814.75,5.6,188.6,22.7,16.5,20260907_144740
2026-09-07 14:50:24.719134,785.0,5.6,188.6,24.3,16.9,20260907_144740
2026-09-07 14:50:24.919258,760.0,5.0,188.6,25.9,16.5,20260907_144740
2026-09-07 14:50:25.119404,753.0,5.0,188.6,27.1,16.5,20260907_144740
2026-09-07 14:50:25.319522,737.5,4.3,188.6,27.8,16.5,20260907_144740
2026-09-07 14:50:25.519641,738.25,4.3,188.6,28.2,16.5,20260907_144740
2026-09-07 14:50:25.719747,738.25,4.3,188.6,28.2,18.0,20260907_144740
2026-09-07 14:50:25.919863,804.5,4.3,188.6,38.0,21.6,20260907_144740
2026-09-07 14:50:26.119994,1161.5,5.0,188.6,40.8,23.9,20260907_144740
2026-09-07 14:50:26.320104,1508.5,5.0,188.6,36.9,27.5,20260907_144740
2026-09-07 14:50:26.520236,1742.75,5.6,188.6,29.0,27.1,20260907_144740
2026-09-07 14:50:26.720354,1825.75,6.8,188.6,29.4,27.8,20260907_144740
2026-09-07 14:50:26.920459,1875.75,7.5,188.6,30.6,25.9,20260907_144740
2026-09-07 14:50:27.120576,1832.75,8.1,188.6,27.5,25.5,20260907_144740
2026-09-07 14:50:27.320688,1832.0,8.7,188.6,29.0,25.5,20260907_144740
2026-09-07 14:50:27.520797,1866.25,9.9,188.6,32.5,26.7,20260907_144740
2026-09-07 14:50:27.720910,1961.5,10.6,188.6,38.8,31.0,20260907_144740
2026-09-07 14:50:27.921059,2136.5,11.8,188.6,41.6,27.8,20260907_144740
2026-09-07 14:50:28.121185,2086.5,12.4,188.6,32.5,25.9,20260907_144740
2026-09-07 14:50:28.321291,2013.25,12.4,188.6,33.3,28.2,20260907_144740
2026-09-07 14:50:28.521480,2078.75,13.7,188.6,36.9,29.8,20260907_144740
2026-09-07 14:50:28.721599,2102.25,14.3,188.6,36.9,30.2,20260907_144740
2026-09-07 14:50:28.921809,2129.5,14.9,188.6,37.6,31.4,20260907_144740
2026-09-07 14:50:29.121924,2173.25,15.5,188.6,38.4,32.5,20260907_144740
2026-09-07 14:50:29.322034,2221.75,16.2,188.6,39.2,33.3,20260907_144740
2026-09-07 14:50:29.522166,2261.5,16.8,188.6,40.4,35.7,20260907_144740
2026-09-07 14:50:29.722282,2249.0,18.0,188.6,40.8,34.9,20260907_144740
2026-09-07 14:50:29.922414,2235.0,18.6,188.6,40.4,34.1,20260907_144740
2026-09-07 14:50:30.122532,2255.25,19.3,188.6,39.6,33.7,20260907_144740
2026-09-07 14:50:30.322634,2246.75,19.3,188.6,39.6,33.7,20260907_144740
2026-09-07 14:50:30.522747,2277.25,19.9,190.4,39.6,33.3,20260907_144740
2026-09-07 14:50:30.722861,2312.5,20.5,190.4,39.6,32.5,20260907_144740
2026-09-07 14:50:30.922980,2326.5,21.1,190.4,35.3,29.8,20260907_144740
2026-09-07 14:50:31.123093,1957.0,21.1,190.4,34.9,29.4,20260907_144740
2026-09-07 14:50:31.323202,1742.0,21.7,190.4,35.3,28.6,20260907_144740
2026-09-07 14:50:31.523316,1728.75,21.7,190.4,35.3,28.2,20260907_144740
2026-09-07 14:50:31.723438,1754.5,22.4,190.4,34.5,27.5,20260907_144740
2026-09-07 14:50:31.923583,,23.0,190.4,31.4,25.9,20260907_144740
2026-09-07 14:50:32.255640,1838.25,23.6,190.4,30.6,25.9,20260907_144740
2026-09-07 14:50:32.455754,1848.25,23.6,190.4,26.7,25.1,20260907_144740
2026-09-07 14:50:32.655875,1873.25,23.6,190.4,26.3,25.5,20260907_144740
2026-09-07 14:50:32.855985,1868.75,23.6,190.4,25.9,25.5,20260907_144740
2026-09-07 14:50:33.056110,1728.0,24.2,190.4,25.1,23.9,20260907_144740
2026-09-07 14:50:33.256229,1566.25,24.2,190.4,25.9,22.7,20260907_144740
2026-09-07 14:50:33.456350,1510.0,24.2,190.4,24.7,22.0,20260907_144740
2026-09-07 14:50:33.656472,1492.0,24.2,190.4,25.1,20.0,20260907_144740
2026-09-07 14:50:33.856602,1480.25,24.2,190.4,17.6,15.7,20260907_144740
2026-09-07 14:50:34.056712,1481.25,24.2,192.2,12.9,18.0,20260907_144740
2026-09-07 14:50:34.256829,1482.75,24.2,192.2,11.4,17.3,20260907_144740
2026-09-07 14:50:34.456939,1421.75,24.2,192.2,10.6,17.3,20260907_144740
2026-09-07 14:50:34.657049,1441.25,24.2,192.2,8.6,16.9,20260907_144740
2026-09-07 14:50:34.857174,1449.0,23.6,192.2,7.8,16.9,20260907_144740
2026-09-07 14:50:35.057301,1435.75,23.6,192.2,7.8,16.9,20260907_144740
2026-09-07 14:50:35.257443,1414.75,23.6,192.2,7.8,16.9,20260907_144740
2026-09-07 14:50:35.457591,1400.75,23.0,192.2,7.8,16.5,20260907_144740
2026-09-07 14:50:35.657712,1395.25,23.0,192.2,7.8,16.5,20260907_144740
2026-09-07 14:50:35.857862,1392.0,23.0,192.2,7.8,16.9,20260907_144740
2026-09-07 14:50:36.057996,1387.5,23.0,192.2,9.4,17.3,20260907_144740
2026-09-07 14:50:36.258167,1382.75,23.0,192.2,9.8,17.3,20260907_144740
2026-09-07 14:50:36.458314,1371.75,22.4,192.2,10.2,17.3,20260907_144740
2026-09-07 14:50:36.658704,1361.5,22.4,192.2,10.2,17.3,20260907_144740
2026-09-07 14:50:36.858854,1353.0,22.4,192.2,10.2,17.3,20260907_144740
2026-09-07 14:50:37.059037,1344.5,22.4,192.2,10.2,17.3,20260907_144740
2026-09-07 14:50:37.259264,1336.5,21.7,192.2,10.6,17.3,20260907_144740
2026-09-07 14:50:37.459401,1330.25,21.7,192.2,10.6,17.3,20260907_144740
2026-09-07 14:50:37.659532,1318.75,21.7,192.2,10.6,17.3,20260907_144740
2026-09-07 14:50:37.859647,1310.75,21.7,190.4,10.6,17.3,20260907_144740
2026-09-07 14:50:38.059748,1307.0,21.7,190.4,10.6,17.3,20260907_144740
2026-09-07 14:50:38.259850,1303.75,21.7,190.4,10.6,17.3,20260907_144740
2026-09-07 14:50:38.460025,1294.5,21.1,190.4,10.6,17.3,20260907_144740
2026-09-07 14:50:38.660157,1288.25,21.1,190.4,10.6,16.9,20260907_144740
2026-09-07 14:50:38.860276,1290.5,21.1,190.4,10.2,16.5,20260907_144740
2026-09-07 14:50:39.060413,1305.25,21.1,190.4,11.4,18.8,20260907_144740
2026-09-07 14:50:39.260547,1309.25,21.1,190.4,16.1,19.6,20260907_144740
2026-09-07 14:50:39.460681,1330.25,21.7,190.4,21.6,20.8,20260907_144740
2026-09-07 14:50:39.660805,1345.25,21.7,190.4,23.5,21.6,20260907_144740
2026-09-07 14:50:39.860942,1343.75,21.7,190.4,25.9,21.6,20260907_144740
2026-09-07 14:50:40.061042,1363.25,21.7,190.4,27.5,22.0,20260907_144740
2026-09-07 14:50:40.261145,1367.75,22.4,190.4,27.8,22.4,20260907_144740
2026-09-07 14:50:40.461274,1384.25,22.4,190.4,29.4,23.1,20260907_144740
2026-09-07 14:50:40.661449,1399.0,22.4,190.4,31.4,23.1,20260907_144740
2026-09-07 14:50:40.861581,1411.5,23.0,190.4,32.5,23.9,20260907_144740
2026-09-07 14:50:41.061691,1434.25,23.0,190.4,33.7,23.9,20260907_144740
2026-09-07 14:50:41.261833,1442.75,23.6,190.4,33.7,23.9,20260907_144740
2026-09-07 14:50:41.461937,1455.25,23.6,190.4,32.5,23.5,20260907_144740
2026-09-07 14:50:41.662048,1475.0,23.6,190.4,31.8,23.5,20260907_144740
2026-09-07 14:50:41.862172,1494.5,24.2,190.4,31.0,23.5,20260907_144740
2026-09-07 14:50:42.062283,1503.75,24.2,188.6,29.8,23.1,20260907_144740
2026-09-07 14:50:42.262446,1510.75,24.9,188.6,27.8,23.5,20260907_144740
2026-09-07 14:50:42.462548,1539.0,24.9,188.6,27.5,23.1,20260907_144740
2026-09-07 14:50:42.662663,1547.5,24.9,188.6,27.1,23.1,20260907_144740
2026-09-07 14:50:42.862781,1558.5,25.5,188.6,26.3,23.1,20260907_144740
2026-09-07 14:50:43.062893,1570.25,25.5,188.6,25.5,23.1,20260907_144740
2026-09-07 14:50:43.263002,1585.0,26.1,188.6,24.7,23.1,20260907_144740
2026-09-07 14:50:43.463118,1607.75,26.1,188.6,24.3,23.1,20260907_144740
2026-09-07 14:50:43.663230,1618.75,26.1,188.6,22.7,22.7,20260907_144740
2026-09-07 14:50:43.863357,1613.25,26.7,188.6,20.8,22.4,20260907_144740
2026-09-07 14:50:44.063491,1634.25,26.7,188.6,20.4,22.0,20260907_144740
2026-09-07 14:50:44.263604,1645.25,26.7,188.6,20.0,22.0,20260907_144740
2026-09-07 14:50:44.463719,1648.25,26.7,188.6,19.6,22.0,20260907_144740
2026-09-07 14:50:44.663841,1568.75,27.3,188.6,20.8,19.2,20260907_144740
2026-09-07 14:50:44.863974,1407.0,27.3,188.6,19.6,18.8,20260907_144740
2026-09-07 14:50:45.064085,1363.25,27.3,188.6,15.3,15.7,20260907_144740
2026-09-07 14:50:45.264199,1396.0,27.3,190.4,9.0,16.5,20260907_144740
2026-09-07 14:50:45.464315,1388.25,27.3,190.4,8.6,16.5,20260907_144740
2026-09-07 14:50:45.664425,1389.75,27.3,190.4,8.6,16.5,20260907_144740
2026-09-07 14:50:45.864539,1381.25,27.3,190.4,8.6,16.5,20260907_144740
2026-09-07 14:50:46.064651,1384.25,27.3,190.4,8.6,16.5,20260907_144740
2026-09-07 14:50:46.264776,1377.25,26.7,190.4,8.2,16.5,20260907_144740
2026-09-07 14:50:46.464887,1371.0,26.7,190.4,8.2,16.5,20260907_144740
2026-09-07 14:50:46.665004,1364.0,26.7,190.4,7.8,16.5,20260907_144740
2026-09-07 14:50:46.865124,1362.5,26.7,190.4,8.2,16.5,20260907_144740
2026-09-07 14:50:47.065238,1349.0,26.7,190.4,8.2,16.5,20260907_144740
2026-09-07 14:50:47.265364,1341.25,26.1,190.4,9.0,17.3,20260907_144740
2026-09-07 14:50:47.465505,1331.25,26.1,190.4,9.8,17.3,20260907_144740
2026-09-07 14:50:47.665624,1323.25,26.1,190.4,10.2,17.3,20260907_144740
2026-09-07 14:50:47.865748,1316.25,26.1,190.4,10.6,17.3,20260907_144740
2026-09-07 14:50:48.065877,1310.75,26.1,190.4,10.6,17.3,20260907_144740
2026-09-07 14:50:48.265986,1307.0,25.5,190.4,10.6,17.3,20260907_144740
2026-09-07 14:50:48.466097,1299.0,25.5,192.2,10.6,17.3,20260907_144740
2026-09-07 14:50:48.666218,1292.0,25.5,192.2,10.6,17.3,20260907_144740
2026-09-07 14:50:48.866343,1285.0,25.5,192.2,10.6,16.9,20260907_144740
2026-09-07 14:50:49.066452,1278.75,24.9,192.2,10.6,16.9,20260907_144740
2026-09-07 14:50:49.266568,1269.5,24.9,192.2,11.0,16.9,20260907_144740
2026-09-07 14:50:49.466683,1254.5,24.9,192.2,11.0,16.9,20260907_144740
2026-09-07 14:50:49.666790,1242.75,24.2,192.2,11.0,16.9,20260907_144740
2026-09-07 14:50:49.866910,1226.5,24.2,192.2,11.0,16.9,20260907_144740
2026-09-07 14:50:50.067051,1210.75,23.6,192.2,11.4,16.9,20260907_144740
2026-09-07 14:50:50.267162,1201.5,23.6,192.2,11.4,16.9,20260907_144740
2026-09-07 14:50:50.467267,1187.5,23.6,192.2,11.8,16.9,20260907_144740
2026-09-07 14:50:50.667375,1217.0,23.0,192.2,12.2,16.9,20260907_144740
2026-09-07 14:50:50.867494,1309.25,22.4,192.2,11.0,16.9,20260907_144740
2026-09-07 14:50:51.067619,1352.25,22.4,192.2,10.2,17.3,20260907_144740
2026-09-07 14:50:51.267728,1331.25,21.7,192.2,10.6,17.3,20260907_144740
2026-09-07 14:50:51.467852,1305.25,21.7,192.2,10.6,17.3,20260907_144740
2026-09-07 14:50:51.667972,1280.25,21.1,192.2,11.0,16.9,20260907_144740
2026-09-07 14:50:51.868097,1265.5,21.1,192.2,11.0,16.9,20260907_144740
2026-09-07 14:50:52.068207,1250.75,20.5,192.2,11.0,16.9,20260907_144740
2026-09-07 14:50:52.268317,1230.25,20.5,192.2,11.0,16.9,20260907_144740
2026-09-07 14:50:52.468431,1212.5,19.9,192.2,11.4,16.9,20260907_144740
2026-09-07 14:50:52.668552,1240.5,19.3,192.2,11.0,16.9,20260907_144740
2026-09-07 14:50:52.868679,1307.0,18.6,192.2,10.6,17.3,20260907_144740
2026-09-07 14:50:53.068816,1376.5,18.0,192.2,10.2,17.3,20260907_144740
2026-09-07 14:50:53.268930,1393.75,18.0,192.2,10.2,17.3,20260907_144740
2026-09-07 14:50:53.469063,1350.75,17.4,192.2,10.6,17.3,20260907_144740
2026-09-07 14:50:53.669191,1320.25,16.8,192.2,10.6,17.3,20260907_144740
2026-09-07 14:50:53.869329,1296.0,16.8,192.2,10.6,17.3,20260907_144740
2026-09-07 14:50:54.069449,1282.0,16.2,192.2,10.6,16.9,20260907_144740
2026-09-07 14:50:54.269562,1260.75,16.2,192.2,11.0,16.9,20260907_144740
2026-09-07 14:50:54.469675,1241.25,16.2,192.2,11.0,16.9,20260907_144740
2026-09-07 14:50:54.669818,1222.5,15.5,192.2,11.0,16.9,20260907_144740
2026-09-07 14:50:54.869933,1196.75,15.5,192.2,11.4,16.9,20260907_144740
2026-09-07 14:50:55.070046,1171.0,14.9,192.2,11.4,16.9,20260907_144740
2026-09-07 14:50:55.270163,1134.25,14.3,192.2,12.2,16.9,20260907_144740
2026-09-07 14:50:55.470290,1098.25,14.3,192.2,12.5,16.5,20260907_144740
2026-09-07 14:50:55.670396,1060.75,13.7,192.2,13.3,16.5,20260907_144740
2026-09-07 14:50:55.870519,1021.75,13.0,192.2,13.7,16.5,20260907_144740
2026-09-07 14:50:56.070622,981.25,12.4,192.2,14.5,16.1,20260907_144740
2026-09-07 14:50:56.270733,942.75,11.8,192.2,15.3,16.1,20260907_144740
2026-09-07 14:50:56.470864,900.75,11.2,192.2,16.9,16.5,20260907_144740
2026-09-07 14:50:56.670977,884.25,11.2,190.4,18.4,16.5,20260907_144740
2026-09-07 14:50:56.871097,861.5,10.6,192.2,20.0,16.5,20260907_144740
2026-09-07 14:50:57.071211,885.75,9.9,190.4,20.0,16.5,20260907_144740
2026-09-07 14:50:57.271335,880.25,9.9,192.2,20.0,16.5,20260907_144740
2026-09-07 14:50:57.471445,848.25,9.3,190.4,21.6,16.5,20260907_144740
2026-09-07 14:50:57.671572,813.25,8.7,190.4,22.7,16.5,20260907_144740
2026-09-07 14:50:57.871695,800.75,8.1,190.4,24.7,16.5,20260907_144740
2026-09-07 14:50:58.071919,,7.5,190.4,26.7,16.5,20260907_144740
2026-09-07 14:50:58.406654,755.25,7.5,190.4,27.1,16.5,20260907_144740
2026-09-07 14:50:58.606769,743.75,6.8,190.4,27.8,16.5,20260907_144740
2026-09-07 14:50:58.806893,739.75,6.2,190.4,28.2,16.5,20260907_144740
2026-09-07 14:50:59.007014,744.5,5.6,190.4,28.6,16.5,20260907_144740
2026-09-07 14:50:59.207143,766.25,5.0,190.4,28.6,16.5,20260907_144740
2026-09-07 14:50:59.407245,755.25,5.0,190.4,28.2,16.9,20260907_144740
2026-09-07 14:50:59.607374,743.75,4.3,190.4,29.0,16.5,20260907_144740
2026-09-07 14:50:59.807478,739.0,3.7,190.4,29.0,16.5,20260907_144740
2026-09-07 14:51:00.007594,732.75,3.1,190.4,28.6,16.5,20260907_144740
2026-09-07 14:51:00.207714,723.25,3.1,190.4,28.6,16.5,20260907_144740
2026-09-07 14:51:00.407830,725.75,2.5,190.4,29.0,16.5,20260907_144740
2026-09-07 14:51:00.607961,726.5,2.5,190.4,29.0,16.5,20260907_144740
2026-09-07 14:51:00.808073,725.75,1.9,190.4,29.4,16.5,20260907_144740
2026-09-07 14:51:01.008217,725.75,1.9,190.4,29.4,16.5,20260907_144740
2026-09-07 14:51:01.208349,726.5,1.2,190.4,29.0,16.5,20260907_144740
2026-09-07 14:51:01.409078,723.25,0.6,190.4,29.0,16.5,20260907_144740
2026-09-07 14:51:01.609222,725.0,0.6,190.4,29.0,16.5,20260907_144740
2026-09-07 14:51:01.809321,728.75,0.0,190.4,29.0,16.5,20260907_144740
2026-09-07 14:51:02.009519,726.5,0.0,190.4,29.4,16.5,20260907_144740
2026-09-07 14:51:02.209674,727.25,0.0,190.4,29.4,16.5,20260907_144740
2026-09-07 14:51:02.409872,728.75,0.0,190.4,29.4,16.5,20260907_144740
2026-09-07 14:51:02.610742,728.0,0.0,190.4,29.4,16.5,20260907_144740
2026-09-07 14:51:02.810934,732.0,0.0,190.4,29.4,16.5,20260907_144740
2026-09-07 14:51:03.011097,731.25,0.0,190.4,29.0,16.5,20260907_144740
2026-09-07 14:51:03.211281,732.0,0.0,190.4,29.0,16.5,20260907_144740
2026-09-07 14:51:03.411487,728.75,0.0,190.4,29.0,16.5,20260907_144740
2026-09-07 14:51:03.615273,732.75,0.0,190.4,29.0,16.5,20260907_144740
2026-09-07 14:51:03.815408,729.5,0.0,190.4,29.0,16.5,20260907_144740
2026-09-07 14:51:04.015530,730.25,0.0,190.4,29.0,16.5,20260907_144740
2026-09-07 14:51:04.215678,732.75,0.0,192.2,29.0,16.5,20260907_144740
2026-09-07 14:51:04.415805,732.0,0.0,192.2,29.0,16.5,20260907_144740
2026-09-07 14:51:04.615947,732.75,0.0,190.4,29.0,16.5,20260907_144740
2026-09-07 14:51:04.816061,732.0,0.0,192.2,29.0,16.5,20260907_144740
2026-09-07 14:51:05.016174,732.75,0.0,192.2,29.0,16.5,20260907_144740
2026-09-07 14:51:05.216284,742.75,0.0,192.2,38.8,16.9,20260907_144740
2026-09-07 14:51:05.416433,777.25,0.0,192.2,38.0,17.6,20260907_144740
2026-09-07 14:51:05.616585,876.5,0.0,192.2,53.7,22.7,20260907_144740
2026-09-07 14:51:05.816683,1239.0,1.2,192.2,42.4,23.5,20260907_144740
2026-09-07 14:51:06.016787,1425.0,1.9,192.2,34.1,23.9,20260907_144740
2026-09-07 14:51:06.216892,1484.25,2.5,192.2,32.2,24.7,20260907_144740
2026-09-07 14:51:06.417003,1555.25,3.1,192.2,30.6,25.5,20260907_144740
2026-09-07 14:51:06.617143,1604.5,4.3,192.2,29.8,25.9,20260907_144740
2026-09-07 14:51:06.817264,1633.5,5.0,192.2,29.4,25.9,20260907_144740
2026-09-07 14:51:07.017419,1657.0,5.6,192.2,29.4,27.1,20260907_144740
2026-09-07 14:51:07.217530,1751.5,6.8,192.2,31.8,29.4,20260907_144740
2026-09-07 14:51:07.417648,1912.5,7.5,192.2,36.5,33.7,20260907_144740
2026-09-07 14:51:07.617772,2051.5,8.7,192.2,38.8,30.2,20260907_144740
2026-09-07 14:51:07.817887,2117.75,9.3,192.2,36.9,29.0,20260907_144740
2026-09-07 14:51:08.018010,2115.5,10.6,192.2,29.8,27.1,20260907_144740
2026-09-07 14:51:08.218127,2233.5,11.2,192.2,30.2,27.8,20260907_144740
2026-09-07 14:51:08.418254,2317.0,11.8,192.2,31.8,28.2,20260907_144740
2026-09-07 14:51:08.618379,2157.0,12.4,192.2,33.7,28.2,20260907_144740
2026-09-07 14:51:08.818498,1887.5,13.0,192.2,32.5,25.1,20260907_144740
2026-09-07 14:51:09.018615,1651.5,13.0,192.2,28.2,23.1,20260907_144740
2026-09-07 14:51:09.218748,1700.0,13.0,192.2,32.5,25.5,20260907_144740
2026-09-07 14:51:09.418874,1754.5,14.3,192.2,35.7,27.5,20260907_144740
2026-09-07 14:51:09.619003,1700.0,14.9,192.2,32.2,25.1,20260907_144740
2026-09-07 14:51:09.819128,1740.5,14.9,192.2,31.4,25.5,20260907_144740
2026-09-07 14:51:10.019258,1829.5,16.2,190.4,32.5,25.9,20260907_144740
2026-09-07 14:51:10.219387,1946.75,16.8,190.4,36.5,27.8,20260907_144740
2026-09-07 14:51:10.419530,2003.0,17.4,190.4,34.9,24.3,20260907_144740
2026-09-07 14:51:10.619659,1942.0,17.4,190.4,28.2,26.7,20260907_144740
2026-09-07 14:51:10.819796,2103.75,18.0,190.4,35.7,28.6,20260907_144740
2026-09-07 14:51:11.019926,2075.0,18.6,190.4,36.1,29.4,20260907_144740
2026-09-07 14:51:11.220051,1769.5,19.3,190.4,35.7,29.8,20260907_144740
2026-09-07 14:51:11.420190,1590.5,19.9,190.4,43.1,32.9,20260907_144740
2026-09-07 14:51:11.620314,1606.25,19.9,190.4,43.9,32.2,20260907_144740
2026-09-07 14:51:11.820439,1642.75,20.5,190.4,40.4,32.5,20260907_144740
2026-09-07 14:51:12.020560,1684.25,21.1,188.6,37.3,31.8,20260907_144740
2026-09-07 14:51:12.220681,1718.75,21.7,188.6,36.1,31.4,20260907_144740
2026-09-07 14:51:12.420802,1768.75,22.4,188.6,36.1,30.6,20260907_144740
2026-09-07 14:51:12.620924,1807.75,22.4,188.6,34.5,28.6,20260907_144740
2026-09-07 14:51:12.821043,1845.25,23.0,188.6,32.5,28.2,20260907_144740
2026-09-07 14:51:13.021170,1895.25,23.6,188.6,32.2,27.1,20260907_144740
2026-09-07 14:51:13.221296,1901.5,24.2,188.6,28.6,26.3,20260907_144740
2026-09-07 14:51:13.421480,1924.0,24.2,188.6,26.7,25.9,20260907_144740
2026-09-07 14:51:13.621597,1938.25,24.9,188.6,25.9,25.9,20260907_144740
2026-09-07 14:51:13.821708,1769.5,24.9,188.6,25.1,25.1,20260907_144740
2026-09-07 14:51:14.021826,1589.75,25.5,188.6,28.2,25.1,20260907_144740
2026-09-07 14:51:14.221951,1592.75,25.5,188.6,29.8,25.1,20260907_144740
2026-09-07 14:51:14.422068,1600.0,26.1,188.6,30.6,25.5,20260907_144740
2026-09-07 14:51:14.622186,1614.0,26.1,188.6,30.2,25.1,20260907_144740
2026-09-07 14:51:14.822308,1630.25,26.7,188.6,29.0,25.5,20260907_144740
2026-09-07 14:51:15.022439,1645.25,26.7,188.6,28.6,25.1,20260907_144740
2026-09-07 14:51:15.222562,1662.5,26.7,188.6,27.5,25.1,20260907_144740
2026-09-07 14:51:15.422686,1655.25,27.3,188.6,21.2,20.8,20260907_144740
2026-09-07 14:51:15.622806,1673.25,27.3,188.6,17.6,21.2,20260907_144740
2026-09-07 14:51:15.822927,1689.0,27.3,188.6,16.5,20.8,20260907_144740
2026-09-07 14:51:16.023044,1690.5,28.0,188.6,16.1,20.0,20260907_144740
2026-09-07 14:51:16.223174,1678.75,28.0,188.6,11.8,15.7,20260907_144740
2026-09-07 14:51:16.423312,1678.0,28.0,188.6,6.3,17.3,20260907_144740
2026-09-07 14:51:16.623432,1678.0,28.0,188.6,6.3,17.3,20260907_144740
2026-09-07 14:51:16.823553,1672.5,27.3,188.6,6.3,17.3,20260907_144740
2026-09-07 14:51:17.023695,1671.0,27.3,188.6,6.3,17.3,20260907_144740
2026-09-07 14:51:17.223811,1666.25,27.3,188.6,6.3,17.3,20260907_144740
2026-09-07 14:51:17.423938,1657.0,27.3,188.6,6.3,17.3,20260907_144740
2026-09-07 14:51:17.624067,1648.25,27.3,188.6,6.3,17.3,20260907_144740
2026-09-07 14:51:17.824191,1637.5,27.3,188.6,6.3,17.3,20260907_144740
2026-09-07 14:51:18.024314,1628.75,26.7,188.6,6.3,17.3,20260907_144740
2026-09-07 14:51:18.224437,1626.5,26.7,188.6,6.3,17.6,20260907_144740
2026-09-07 14:51:18.424553,1616.25,26.7,188.6,7.5,17.6,20260907_144740
2026-09-07 14:51:18.624672,1607.75,26.7,188.6,7.8,17.6,20260907_144740
2026-09-07 14:51:18.824794,1592.75,26.7,188.6,7.8,17.6,20260907_144740
2026-09-07 14:51:19.024924,1589.75,26.1,188.6,7.8,17.6,20260907_144740
2026-09-07 14:51:19.225051,1584.25,26.1,188.6,8.2,17.6,20260907_144740
2026-09-07 14:51:19.425174,1572.5,26.1,188.6,8.2,17.6,20260907_144740
2026-09-07 14:51:19.625299,1564.75,26.1,188.6,8.2,17.6,20260907_144740
2026-09-07 14:51:19.825493,1553.0,26.1,188.6,8.2,17.6,20260907_144740
2026-09-07 14:51:20.025613,1546.0,25.5,188.6,8.2,17.6,20260907_144740
2026-09-07 14:51:20.225742,1539.75,25.5,188.6,8.6,17.6,20260907_144740
2026-09-07 14:51:20.425872,1530.25,25.5,188.6,8.6,17.6,20260907_144740
2026-09-07 14:51:20.626006,1522.5,25.5,188.6,8.6,17.6,20260907_144740
2026-09-07 14:51:20.826116,1514.0,25.5,188.6,8.6,17.6,20260907_144740
2026-09-07 14:51:21.026237,1505.25,24.9,188.6,8.6,17.6,20260907_144740
2026-09-07 14:51:21.226360,1497.5,24.9,188.6,9.0,17.6,20260907_144740
2026-09-07 14:51:21.426486,1492.75,24.9,188.6,9.0,17.6,20260907_144740
2026-09-07 14:51:21.626613,1483.5,24.9,188.6,9.0,17.6,20260907_144740
2026-09-07 14:51:21.826733,1471.0,24.9,188.6,9.4,17.3,20260907_144740
2026-09-07 14:51:22.026950,1465.5,24.2,188.6,9.4,17.3,20260907_144740
2026-09-07 14:51:22.227071,1460.75,24.2,188.6,9.4,17.3,20260907_144740
2026-09-07 14:51:22.427198,1452.25,24.2,188.6,9.4,17.3,20260907_144740
2026-09-07 14:51:22.627325,1454.5,24.2,188.6,9.4,17.3,20260907_144740
2026-09-07 14:51:22.827501,1446.75,23.6,188.6,9.4,18.0,20260907_144740
2026-09-07 14:51:23.027666,1457.75,24.2,188.6,14.1,19.6,20260907_144740
2026-09-07 14:51:23.227814,1496.0,24.2,188.6,21.2,24.7,20260907_144740
2026-09-07 14:51:23.427957,1548.25,24.2,188.6,30.6,25.5,20260907_144740
2026-09-07 14:51:23.628097,1510.75,24.2,188.6,39.2,29.8,20260907_144740
2026-09-07 14:51:23.828236,1520.25,24.9,188.6,45.9,33.7,20260907_144740
2026-09-07 14:51:24.028379,1536.5,24.9,188.6,46.7,30.2,20260907_144740
2026-09-07 14:51:24.228510,1550.75,25.5,188.6,43.9,28.6,20260907_144740
2026-09-07 14:51:24.428668,1574.0,25.5,188.6,42.4,27.8,20260907_144740
2026-09-07 14:51:24.628817,1592.75,26.1,188.6,40.8,27.5,20260907_144740
2026-09-07 14:51:24.828999,1616.25,26.1,188.6,40.0,26.7,20260907_144740
2026-09-07 14:51:25.029176,1628.0,26.7,188.6,38.4,26.7,20260907_144740
2026-09-07 14:51:25.229363,1648.25,26.7,188.6,37.3,25.9,20260907_144740
2026-09-07 14:51:25.429551,1664.75,27.3,188.6,35.3,25.5,20260907_144740
2026-09-07 14:51:25.629755,1664.0,27.3,188.6,30.6,23.5,20260907_144740
2026-09-07 14:51:25.829884,1678.75,27.3,188.6,26.7,23.1,20260907_144740
2026-09-07 14:51:26.030031,1703.0,28.0,188.6,25.1,23.1,20260907_144740
2026-09-07 14:51:26.230186,1721.0,28.0,188.6,24.7,23.5,20260907_144740
2026-09-07 14:51:26.430322,1724.0,28.0,188.6,23.5,22.7,20260907_144740
2026-09-07 14:51:26.630482,1715.5,28.0,188.6,19.6,22.0,20260907_144740
2026-09-07 14:51:26.830606,1720.25,28.0,188.6,18.8,22.0,20260907_144740
2026-09-07 14:51:27.030768,1604.5,28.0,188.6,18.8,19.6,20260907_144740
2026-09-07 14:51:27.230902,1451.5,28.6,188.6,19.6,19.6,20260907_144740
2026-09-07 14:51:27.431063,1435.75,28.0,188.6,14.9,16.9,20260907_144740
2026-09-07 14:51:27.631210,1425.75,28.0,188.6,11.4,17.3,20260907_144740
2026-09-07 14:51:27.831311,1429.5,28.0,188.6,10.2,17.3,20260907_144740
2026-09-07 14:51:28.031466,1425.0,28.0,190.4,7.8,16.5,20260907_144740
2026-09-07 14:51:28.231616,1415.5,28.0,190.4,8.2,16.5,20260907_144740
2026-09-07 14:51:28.431753,1416.25,27.3,190.4,8.2,16.5,20260907_144740
2026-09-07 14:51:28.631899,1408.5,27.3,190.4,8.2,16.5,20260907_144740
2026-09-07 14:51:28.832029,1402.25,27.3,190.4,8.2,16.5,20260907_144740
2026-09-07 14:51:29.032172,1376.5,27.3,190.4,8.2,16.5,20260907_144740
2026-09-07 14:51:29.232317,1364.0,26.7,190.4,8.2,16.5,20260907_144740
2026-09-07 14:51:29.432447,1355.25,26.7,190.4,8.2,16.5,20260907_144740
2026-09-07 14:51:29.632592,1342.0,26.7,190.4,8.2,16.5,20260907_144740
2026-09-07 14:51:29.832793,1330.25,26.1,190.4,8.2,16.5,20260907_144740
2026-09-07 14:51:30.032937,1317.75,26.1,190.4,8.2,16.1,20260907_144740
2026-09-07 14:51:30.233070,1310.75,25.5,192.2,,16.9,20260907_144740
2026-09-07 14:51:30.564139,1292.75,25.5,192.2,9.4,16.9,20260907_144740
2026-09-07 14:51:30.764282,1270.25,24.9,192.2,10.2,16.9,20260907_144740
2026-09-07 14:51:30.964431,1246.0,24.9,192.2,10.6,16.9,20260907_144740
2026-09-07 14:51:31.164566,1224.0,24.2,192.2,11.0,16.9,20260907_144740
2026-09-07 14:51:31.364720,1210.0,23.6,192.2,11.0,16.9,20260907_144740
2026-09-07 14:51:31.564864,1196.0,23.6,192.2,11.4,16.9,20260907_144740
2026-09-07 14:51:31.765021,1214.0,23.0,192.2,11.4,16.9,20260907_144740
2026-09-07 14:51:31.965153,1318.75,22.4,192.2,10.2,16.9,20260907_144740
2026-09-07 14:51:32.165292,1362.5,22.4,192.2,10.2,17.3,20260907_144740
2026-09-07 14:51:32.365489,1344.5,22.4,192.2,10.2,17.3,20260907_144740
2026-09-07 14:51:32.565640,1330.25,21.7,192.2,10.2,17.3,20260907_144740
2026-09-07 14:51:32.765770,1271.0,21.1,192.2,11.0,15.3,20260907_144740
2026-09-07 14:51:32.965904,1307.0,21.7,192.2,9.8,19.6,20260907_144740
2026-09-07 14:51:33.166056,1372.5,21.7,192.2,19.2,21.2,20260907_144740
2026-09-07 14:51:33.366192,1340.5,21.1,192.2,23.1,20.4,20260907_144740
2026-09-07 14:51:33.566345,1304.5,21.1,192.2,23.5,20.8,20260907_144740
2026-09-07 14:51:33.766479,1331.25,21.7,192.2,24.7,20.8,20260907_144740
2026-09-07 14:51:33.966651,1328.75,21.7,192.2,24.7,20.8,20260907_144740
2026-09-07 14:51:34.166815,1332.0,21.7,192.2,24.7,20.4,20260907_144740
2026-09-07 14:51:34.366949,1336.5,21.7,192.2,24.7,20.4,20260907_144740
2026-09-07 14:51:34.567092,1335.75,21.7,192.2,24.7,20.4,20260907_144740
2026-09-07 14:51:34.767249,1332.0,21.7,192.2,24.7,20.4,20260907_144740
2026-09-07 14:51:34.967400,1325.75,21.7,192.2,24.7,20.4,20260907_144740
2026-09-07 14:51:35.167560,1329.5,21.7,192.2,24.7,20.4,20260907_144740
2026-09-07 14:51:35.367702,1332.0,21.7,192.2,24.7,20.4,20260907_144740
2026-09-07 14:51:35.567837,1338.25,21.7,192.2,25.1,20.8,20260907_144740
2026-09-07 14:51:35.767994,1340.5,22.4,192.2,24.7,20.4,20260907_144740
2026-09-07 14:51:35.968127,1349.0,22.4,192.2,24.7,20.4,20260907_144740
2026-09-07 14:51:36.168268,1346.75,22.4,192.2,24.3,20.4,20260907_144740
2026-09-07 14:51:36.368415,1352.25,22.4,192.2,24.3,20.4,20260907_144740
2026-09-07 14:51:36.568550,1351.5,22.4,192.2,24.3,20.8,20260907_144740
2026-09-07 14:51:36.768718,1360.75,22.4,190.4,24.3,20.4,20260907_144740
2026-09-07 14:51:36.968864,1349.0,22.4,192.2,20.8,16.9,20260907_144740
2026-09-07 14:51:37.169000,1353.0,22.4,190.4,16.1,18.8,20260907_144740
2026-09-07 14:51:37.369153,1350.75,22.4,190.4,17.3,19.2,20260907_144740
2026-09-07 14:51:37.569297,1354.5,22.4,190.4,18.0,18.8,20260907_144740
2026-09-07 14:51:37.769460,1357.0,22.4,190.4,17.6,19.2,20260907_144740
2026-09-07 14:51:37.969606,1363.25,22.4,190.4,17.6,19.2,20260907_144740
2026-09-07 14:51:38.169756,1359.25,22.4,190.4,15.7,16.1,20260907_144740
2026-09-07 14:51:38.369867,1339.75,22.4,190.4,9.0,16.5,20260907_144740
2026-09-07 14:51:38.570016,1364.0,22.4,190.4,8.6,16.5,20260907_144740
2026-09-07 14:51:38.770165,1352.25,22.4,190.4,9.0,16.9,20260907_144740
2026-09-07 14:51:38.970319,1345.25,22.4,190.4,9.0,16.5,20260907_144740
2026-09-07 14:51:39.170445,1360.75,22.4,190.4,9.0,16.9,20260907_144740
2026-09-07 14:51:39.370567,1357.75,22.4,190.4,10.2,18.8,20260907_144740
2026-09-07 14:51:39.570707,1392.75,22.4,190.4,13.3,16.5,20260907_144740
2026-09-07 14:51:39.770845,1339.0,22.4,190.4,8.2,16.5,20260907_144740
2026-09-07 14:51:39.970984,1377.25,22.4,190.4,7.8,16.5,20260907_144740
2026-09-07 14:51:40.171145,1378.75,22.4,190.4,8.2,16.5,20260907_144740
2026-09-07 14:51:40.371306,1371.75,22.4,190.4,8.2,16.5,20260907_144740
2026-09-07 14:51:40.571455,1371.0,22.4,190.4,8.2,16.5,20260907_144740
2026-09-07 14:51:40.771610,1367.0,22.4,190.4,7.8,16.5,20260907_144740
2026-09-07 14:51:40.971741,1354.5,22.4,190.4,7.8,16.5,20260907_144740
2026-09-07 14:51:41.171874,1331.25,21.7,190.4,7.8,16.5,20260907_144740
2026-09-07 14:51:41.372018,1304.5,21.7,190.4,7.8,16.5,20260907_144740
2026-09-07 14:51:41.572156,1272.5,21.1,190.4,9.0,16.9,20260907_144740
2026-09-07 14:51:41.772294,1246.75,20.5,190.4,10.6,16.9,20260907_144740
2026-09-07 14:51:41.972448,1210.0,19.9,190.4,11.0,16.9,20260907_144740
2026-09-07 14:51:42.172576,1171.0,19.3,190.4,11.4,16.9,20260907_144740
2026-09-07 14:51:42.372717,1129.5,18.6,190.4,12.2,16.9,20260907_144740
2026-09-07 14:51:42.572858,1124.0,18.0,190.4,12.9,16.9,20260907_144740
2026-09-07 14:51:42.773013,1185.75,16.8,190.4,12.2,16.9,20260907_144740
2026-09-07 14:51:42.973148,1263.25,16.8,190.4,11.0,16.9,20260907_144740
2026-09-07 14:51:43.173288,1275.75,16.2,190.4,10.6,16.9,20260907_144740
2026-09-07 14:51:43.373502,1238.25,15.5,192.2,11.0,16.9,20260907_144740
2026-09-07 14:51:43.573649,1201.5,15.5,192.2,11.4,16.9,20260907_144740
2026-09-07 14:51:43.773773,1159.25,14.9,192.2,11.8,16.9,20260907_144740
2026-09-07 14:51:43.973914,1120.25,14.3,192.2,12.9,17.3,20260907_144740
2026-09-07 14:51:44.174052,1094.5,14.3,192.2,14.1,17.3,20260907_144740
2026-09-07 14:51:44.374180,1075.75,13.7,192.2,15.3,17.3,20260907_144740
2026-09-07 14:51:44.574325,1063.25,13.7,192.2,16.1,17.3,20260907_144740
2026-09-07 14:51:44.774469,1047.5,13.7,190.4,16.9,17.3,20260907_144740
2026-09-07 14:51:44.974598,1039.75,13.7,192.2,17.3,17.3,20260907_144740
2026-09-07 14:51:45.174751,1033.5,13.0,192.2,17.6,17.3,20260907_144740
2026-09-07 14:51:45.374880,1025.75,13.0,192.2,18.0,17.3,20260907_144740
2026-09-07 14:51:45.575011,1017.0,13.0,192.2,18.4,17.3,20260907_144740
2026-09-07 14:51:45.775145,1081.25,13.0,190.4,19.2,18.0,20260907_144740
2026-09-07 14:51:45.975312,1037.5,13.0,192.2,27.1,18.8,20260907_144740
2026-09-07 14:51:46.175468,1091.25,13.0,192.2,28.2,19.2,20260907_144740
2026-09-07 14:51:46.375593,1120.25,13.7,192.2,26.3,19.2,20260907_144740
2026-09-07 14:51:46.575738,1132.0,13.7,192.2,25.1,19.2,20260907_144740
2026-09-07 14:51:46.775871,1141.25,13.7,192.2,25.1,19.2,20260907_144740
2026-09-07 14:51:46.975993,1172.5,14.3,190.4,27.1,20.0,20260907_144740
2026-09-07 14:51:47.176123,1227.25,14.3,190.4,28.2,20.8,20260907_144740
2026-09-07 14:51:47.376264,1245.25,14.3,190.4,27.8,21.6,20260907_144740
2026-09-07 14:51:47.576411,1274.0,14.9,190.4,29.8,21.6,20260907_144740
2026-09-07 14:51:47.776535,1242.75,14.9,190.4,30.2,22.0,20260907_144740
2026-09-07 14:51:47.976667,1224.0,14.9,190.4,31.0,21.6,20260907_144740
2026-09-07 14:51:48.176807,1232.75,15.5,190.4,31.0,21.6,20260907_144740
2026-09-07 14:51:48.376949,1253.0,15.5,190.4,29.8,20.8,20260907_144740
2026-09-07 14:51:48.577090,1266.25,16.2,190.4,28.2,20.8,20260907_144740
2026-09-07 14:51:48.777252,1290.5,16.2,190.4,27.1,20.4,20260907_144740
2026-09-07 14:51:48.977432,1307.75,16.2,190.4,26.3,20.4,20260907_144740
2026-09-07 14:51:49.177459,1322.5,16.8,190.4,25.5,20.4,20260907_144740
2026-09-07 14:51:49.377604,1331.25,16.8,190.4,25.1,20.4,20260907_144740
2026-09-07 14:51:49.577771,1340.5,16.8,190.4,23.9,20.4,20260907_144740
2026-09-07 14:51:49.777895,1361.5,16.8,190.4,21.6,20.0,20260907_144740
2026-09-07 14:51:49.978056,1382.75,17.4,190.4,22.4,20.0,20260907_144740
2026-09-07 14:51:50.178182,1389.75,17.4,190.4,22.0,21.2,20260907_144740
2026-09-07 14:51:50.378336,1421.75,17.4,190.4,23.1,21.2,20260907_144740
2026-09-07 14:51:50.578476,1438.25,18.0,190.4,24.3,21.6,20260907_144740
2026-09-07 14:51:50.778607,1435.75,18.0,190.4,23.5,21.6,20260907_144740
2026-09-07 14:51:50.978750,1447.5,18.0,190.4,23.5,21.2,20260907_144740
2026-09-07 14:51:51.178906,1471.0,18.6,190.4,22.7,21.6,20260907_144740
2026-09-07 14:51:51.379034,1485.75,18.6,190.4,22.4,21.2,20260907_144740
2026-09-07 14:51:51.579165,1497.5,18.6,190.4,21.6,21.2,20260907_144740
2026-09-07 14:51:51.779298,1517.0,18.6,190.4,20.4,21.2,20260907_144740
2026-09-07 14:51:51.979458,1529.5,19.3,190.4,20.0,21.2,20260907_144740
2026-09-07 14:51:52.179593,1530.25,19.3,190.4,18.0,18.4,20260907_144740
2026-09-07 14:51:52.379722,1515.5,19.3,190.4,14.5,19.2,20260907_144740
2026-09-07 14:51:52.579881,1538.25,19.3,190.4,14.1,19.2,20260907_144740
2026-09-07 14:51:52.780009,1550.0,19.3,190.4,13.3,19.2,20260907_144740
2026-09-07 14:51:52.980141,1550.75,19.9,190.4,12.2,18.0,20260907_144740
2026-09-07 14:51:53.180300,1536.5,19.9,190.4,8.6,16.1,20260907_144740
2026-09-07 14:51:53.380438,1497.5,19.9,190.4,7.5,16.9,20260907_144740
2026-09-07 14:51:53.580593,1542.75,19.9,190.4,7.1,16.9,20260907_144740
2026-09-07 14:51:53.780721,1517.0,19.3,190.4,7.5,16.9,20260907_144740
2026-09-07 14:51:53.980861,1507.0,19.3,190.4,7.5,16.9,20260907_144740
2026-09-07 14:51:54.181040,1498.25,19.3,190.4,7.5,16.9,20260907_144740
2026-09-07 14:51:54.381182,1476.5,18.6,190.4,7.5,16.9,20260907_144740
2026-09-07 14:51:54.581315,1465.5,18.6,190.4,7.5,16.9,20260907_144740
2026-09-07 14:51:54.781491,1456.25,18.6,192.2,7.5,16.9,20260907_144740
2026-09-07 14:51:54.981638,1439.75,18.6,192.2,7.5,17.3,20260907_144740
2026-09-07 14:51:55.181779,1415.5,18.0,192.2,9.0,17.3,20260907_144740
2026-09-07 14:51:55.381917,1386.5,18.0,190.4,9.8,17.3,20260907_144740
2026-09-07 14:51:55.582042,1355.25,17.4,192.2,10.2,17.3,20260907_144740
2026-09-07 14:51:55.782219,1318.75,16.8,192.2,10.6,17.3,20260907_144740
2026-09-07 14:51:55.982357,1282.0,16.2,192.2,10.6,16.9,20260907_144740
2026-09-07 14:51:56.182483,1242.0,16.2,190.4,11.0,16.9,20260907_144740
2026-09-07 14:51:56.382649,1201.5,15.5,190.4,11.4,16.9,20260907_144740
2026-09-07 14:51:56.582804,1157.0,14.9,190.4,11.8,16.9,20260907_144740
2026-09-07 14:51:56.782934,1118.75,14.3,190.4,12.2,16.5,20260907_144740
2026-09-07 14:51:56.983075,1065.5,13.7,190.4,12.9,16.5,20260907_144740
2026-09-07 14:51:57.183246,1021.0,13.0,190.4,13.7,16.5,20260907_144740
2026-09-07 14:51:57.383374,964.75,12.4,190.4,14.9,16.1,20260907_144740
2026-09-07 14:51:57.583513,892.75,11.2,190.4,16.9,16.1,20260907_144740
2026-09-07 14:51:57.783651,848.25,10.6,190.4,20.4,16.1,20260907_144740
2026-09-07 14:51:57.983778,818.75,9.9,190.4,22.7,16.5,20260907_144740
2026-09-07 14:51:58.183910,826.5,9.3,190.4,23.5,16.5,20260907_144740
2026-09-07 14:51:58.384042,809.25,8.7,190.4,23.5,16.5,20260907_144740
2026-09-07 14:51:58.584189,772.5,8.1,190.4,25.1,16.9,20260907_144740
2026-09-07 14:51:58.784321,746.75,7.5,190.4,27.1,16.5,20260907_144740
2026-09-07 14:51:58.984461,738.25,6.8,190.4,27.5,16.5,20260907_144740
2026-09-07 14:51:59.184590,743.75,6.2,190.4,28.2,16.5,20260907_144740
2026-09-07 14:51:59.384722,787.5,5.6,190.4,28.2,16.9,20260907_144740
2026-09-07 14:51:59.584874,782.0,5.0,190.4,28.2,16.5,20260907_144740
2026-09-07 14:51:59.785004,756.25,5.0,190.4,27.1,16.5,20260907_144740
2026-09-07 14:51:59.985137,739.75,4.3,190.4,27.1,16.5,20260907_144740
2026-09-07 14:52:00.185268,739.0,4.3,190.4,27.8,16.5,20260907_144740
2026-09-07 14:52:00.385462,730.25,3.7,190.4,28.2,16.5,20260907_144740
2026-09-07 14:52:00.585596,723.25,3.7,190.4,28.2,16.5,20260907_144740
2026-09-07 14:52:00.785731,723.25,3.7,190.4,28.6,16.5,20260907_144740
2026-09-07 14:52:00.985857,725.0,3.1,190.4,29.0,16.5,20260907_144740
2026-09-07 14:52:01.186005,721.0,3.1,190.4,29.0,16.5,20260907_144740
2026-09-07 14:52:01.386160,721.0,2.5,190.4,29.0,16.5,20260907_144740
2026-09-07 14:52:01.586283,729.5,3.1,190.4,29.8,20.8,20260907_144740
2026-09-07 14:52:01.786425,795.25,3.1,190.4,40.8,18.0,20260907_144740
2026-09-07 14:52:01.986580,835.75,3.1,190.4,38.4,20.8,20260907_144740
2026-09-07 14:52:02.186724,1026.5,3.7,190.4,43.5,23.1,20260907_144740
2026-09-07 14:52:02.386878,1261.5,3.7,190.4,35.7,22.4,20260907_144740
2026-09-07 14:52:02.587125,1346.75,4.3,190.4,30.2,22.0,20260907_144740
2026-09-07 14:52:02.787293,1361.5,5.0,190.4,28.2,22.0,20260907_144740
2026-09-07 14:52:02.987420,1355.25,5.0,190.4,27.8,22.0,20260907_144740
2026-09-07 14:52:03.187550,1356.25,5.6,190.4,29.0,22.0,20260907_144740
2026-09-07 14:52:03.387721,1366.25,5.6,190.4,28.6,22.0,20260907_144740
2026-09-07 14:52:03.587898,1360.0,5.6,190.4,28.2,22.4,20260907_144740
2026-09-07 14:52:03.788041,1360.0,6.2,190.4,28.6,22.0,20260907_144740
2026-09-07 14:52:03.988169,1343.75,6.8,190.4,28.2,22.7,20260907_144740
2026-09-07 14:52:04.188321,1369.5,6.8,190.4,32.5,24.7,20260907_144740
2026-09-07 14:52:04.388452,1475.0,6.8,190.4,29.8,22.7,20260907_144740
2026-09-07 14:52:04.588595,1449.0,7.5,190.4,27.5,23.1,20260907_144740
2026-09-07 14:52:04.788731,1417.0,7.5,190.4,29.8,24.3,20260907_144740
2026-09-07 14:52:04.988875,1492.0,8.1,190.4,33.7,27.1,20260907_144740
2026-09-07 14:52:05.189016,1645.25,8.1,190.4,33.7,29.8,20260907_144740
2026-09-07 14:52:05.389601,1810.75,8.7,190.4,34.5,32.9,20260907_144740
2026-09-07 14:52:05.589763,1929.5,9.3,190.4,37.6,32.9,20260907_144740
2026-09-07 14:52:05.789861,1981.25,9.9,190.4,37.6,30.2,20260907_144740
2026-09-07 14:52:05.990014,2007.75,10.6,190.4,36.5,30.2,20260907_144740
2026-09-07 14:52:06.190166,2022.5,11.8,190.4,37.6,31.4,20260907_144740
2026-09-07 14:52:06.390316,2054.5,12.4,190.4,38.0,31.4,20260907_144740
2026-09-07 14:52:06.590440,2078.0,13.0,190.4,37.6,31.4,20260907_144740
2026-09-07 14:52:06.790591,2078.0,13.7,190.4,34.9,27.1,20260907_144740
2026-09-07 14:52:06.990733,1964.75,14.3,190.4,27.1,25.1,20260907_144740
2026-09-07 14:52:07.190880,1900.0,14.3,190.4,25.1,27.1,20260907_144740
2026-09-07 14:52:07.391085,2033.5,14.9,190.4,31.8,28.6,20260907_144740
2026-09-07 14:52:07.591233,2028.0,15.5,190.4,30.6,28.2,20260907_144740
2026-09-07 14:52:07.791368,2079.5,15.5,190.4,31.8,27.8,20260907_144740
2026-09-07 14:52:07.991509,2067.75,16.2,190.4,29.4,25.9,20260907_144740
2026-09-07 14:52:08.191643,1994.5,16.8,190.4,24.3,23.9,20260907_144740
2026-09-07 14:52:08.391799,2021.75,16.8,190.4,22.4,23.9,20260907_144740
2026-09-07 14:52:08.591962,2059.25,17.4,190.4,21.2,23.9,20260907_144740
2026-09-07 14:52:08.792111,1964.0,17.4,190.4,21.6,23.9,20260907_144740
2026-09-07 14:52:08.992213,1682.75,17.4,190.4,22.4,23.1,20260907_144740
2026-09-07 14:52:09.192360,1570.25,18.0,190.4,27.1,23.5,20260907_144740
2026-09-07 14:52:09.392506,1528.75,18.0,190.4,29.0,22.7,20260907_144740
2026-09-07 14:52:09.592665,1485.75,18.0,190.4,25.1,19.2,20260907_144740
2026-09-07 14:52:09.792801,1443.75,18.6,190.4,18.8,15.7,20260907_144740
2026-09-07 14:52:09.992944,1453.0,18.6,190.4,16.1,18.4,20260907_144740
2026-09-07 14:52:10.193101,1451.5,18.6,190.4,16.1,18.8,20260907_144740
2026-09-07 14:52:10.393256,1461.5,18.6,190.4,14.5,18.0,20260907_144740
2026-09-07 14:52:10.593494,1451.5,18.6,190.4,13.7,17.3,20260907_144740
2026-09-07 14:52:10.793638,1421.75,18.0,190.4,8.6,16.5,20260907_144740
2026-09-07 14:52:10.993796,1438.25,18.0,190.4,8.2,16.5,20260907_144740
2026-09-07 14:52:11.193981,1391.25,18.0,190.4,8.2,16.9,20260907_144740
2026-09-07 14:52:11.394119,1398.25,18.0,190.4,8.2,16.5,20260907_144740
2026-09-07 14:52:11.594264,1384.25,17.4,190.4,8.2,17.3,20260907_144740
2026-09-07 14:52:11.794410,1388.25,17.4,190.4,12.5,20.4,20260907_144740
2026-09-07 14:52:11.994550,1460.0,17.4,190.4,21.6,23.1,20260907_144740
2026-09-07 14:52:12.194697,1453.75,18.0,190.4,25.5,22.7,20260907_144740
2026-09-07 14:52:12.394839,1450.0,18.0,190.4,30.2,23.9,20260907_144740
2026-09-07 14:52:12.594976,1446.75,18.0,190.4,30.2,23.1,20260907_144740
2026-09-07 14:52:12.795097,1457.75,18.6,190.4,27.8,22.4,20260907_144740
2026-09-07 14:52:12.995264,1475.75,18.6,190.4,25.5,22.4,20260907_144740
2026-09-07 14:52:13.195419,1512.5,18.6,190.4,26.7,25.1,20260907_144740
2026-09-07 14:52:13.395566,1582.0,19.3,190.4,32.9,29.0,20260907_144740
2026-09-07 14:52:13.595748,1579.5,19.3,188.6,38.4,31.4,20260907_144740
2026-09-07 14:52:13.795892,1582.0,19.9,190.4,39.2,31.4,20260907_144740
2026-09-07 14:52:13.996033,1620.25,20.5,188.6,38.8,29.4,20260907_144740
2026-09-07 14:52:14.196151,1654.5,20.5,190.4,36.5,28.2,20260907_144740
2026-09-07 14:52:14.396296,1689.75,21.1,188.6,34.9,27.5,20260907_144740
2026-09-07 14:52:14.596434,1717.0,21.7,188.6,33.7,26.7,20260907_144740
2026-09-07 14:52:14.796574,1753.0,22.4,188.6,33.3,26.3,20260907_144740
2026-09-07 14:52:14.996715,1779.5,22.4,188.6,32.2,25.1,20260907_144740
2026-09-07 14:52:15.196863,1800.0,23.0,188.6,27.8,23.5,20260907_144740
2026-09-07 14:52:15.396998,1796.75,23.0,188.6,23.1,22.0,20260907_144740
2026-09-07 14:52:15.597137,1789.75,23.0,188.6,18.4,20.4,20260907_144740
2026-09-07 14:52:15.797280,1783.5,23.0,188.6,16.9,21.2,20260907_144740
2026-09-07 14:52:15.997460,1603.0,23.0,188.6,18.4,20.8,20260907_144740
2026-09-07 14:52:16.197609,1477.25,23.0,188.6,21.2,20.8,20260907_144740
2026-09-07 14:52:16.397753,1431.25,23.0,188.6,22.7,20.8,20260907_144740
2026-09-07 14:52:16.597905,1446.75,23.0,188.6,23.1,21.2,20260907_144740
2026-09-07 14:52:16.798044,1482.75,23.6,188.6,27.8,24.3,20260907_144740
2026-09-07 14:52:16.998175,1506.25,23.6,188.6,34.1,26.7,20260907_144740
2026-09-07 14:52:17.198314,1486.5,24.2,188.6,36.9,25.9,20260907_144740
2026-09-07 14:52:17.398458,1503.0,24.2,188.6,40.0,28.2,20260907_144740
2026-09-07 14:52:17.598622,1517.0,24.9,188.6,40.8,28.6,20260907_144740
2026-09-07 14:52:17.798746,1534.25,24.9,188.6,41.2,28.2,20260907_144740
2026-09-07 14:52:17.998885,1558.5,24.9,188.6,43.5,36.1,20260907_144740
2026-09-07 14:52:18.199035,1561.5,25.5,188.6,44.7,35.7,20260907_144740
2026-09-07 14:52:18.399171,1575.0,25.5,188.6,43.5,35.7,20260907_144740
2026-09-07 14:52:18.599309,1599.0,26.1,188.6,42.4,35.3,20260907_144740
2026-09-07 14:52:18.799447,1623.25,26.7,188.6,40.8,34.9,20260907_144740
2026-09-07 14:52:18.999623,1639.0,26.7,188.6,36.5,28.6,20260907_144740
2026-09-07 14:52:19.199766,1642.75,27.3,188.6,28.2,22.7,20260907_144740
2026-09-07 14:52:19.399904,1634.25,27.3,188.6,17.6,20.4,20260907_144740
2026-09-07 14:52:19.600048,1646.0,27.3,188.6,15.7,20.4,20260907_144740
2026-09-07 14:52:19.800193,1657.75,27.3,188.6,15.3,20.4,20260907_144740
2026-09-07 14:52:20.000334,1650.0,27.3,188.6,14.9,20.4,20260907_144740
2026-09-07 14:52:20.200469,1654.5,27.3,188.6,15.3,20.4,20260907_144740
2026-09-07 14:52:20.400611,1650.0,27.3,188.6,14.9,20.0,20260907_144740
2026-09-07 14:52:20.600753,1657.75,27.3,188.6,14.1,20.0,20260907_144740
2026-09-07 14:52:20.800891,1644.5,27.3,188.6,14.1,19.6,20260907_144740
2026-09-07 14:52:21.001039,1525.75,27.3,188.6,15.3,19.2,20260907_144740
2026-09-07 14:52:21.201180,1396.0,27.3,190.4,15.3,18.0,20260907_144740
2026-09-07 14:52:21.401329,1400.0,27.3,190.4,15.7,18.8,20260907_144740
2026-09-07 14:52:21.601527,1401.5,27.3,190.4,16.1,19.6,20260907_144740
2026-09-07 14:52:21.801666,1423.25,27.3,190.4,17.3,19.2,20260907_144740
2026-09-07 14:52:22.001806,1412.5,27.3,190.4,19.6,21.2,20260907_144740
2026-09-07 14:52:22.201943,1438.25,27.3,190.4,27.8,22.7,20260907_144740
2026-09-07 14:52:22.402078,1438.25,27.3,190.4,32.5,26.3,20260907_144740
2026-09-07 14:52:22.602213,1436.5,27.3,190.4,37.3,25.1,20260907_144740
2026-09-07 14:52:22.802361,1410.75,27.3,190.4,36.1,24.3,20260907_144740
2026-09-07 14:52:23.002511,1428.75,28.0,190.4,34.5,23.9,20260907_144740
2026-09-07 14:52:23.202648,1441.25,28.0,190.4,34.1,23.9,20260907_144740
2026-09-07 14:52:23.402791,1449.0,28.0,190.4,33.7,23.5,20260907_144740
2026-09-07 14:52:23.602962,1451.5,28.0,190.4,33.7,23.5,20260907_144740
2026-09-07 14:52:23.803100,1448.25,28.0,190.4,32.5,23.5,20260907_144740
2026-09-07 14:52:24.003237,1446.75,28.0,190.4,32.9,23.5,20260907_144740
2026-09-07 14:52:24.203391,1458.5,28.0,190.4,32.5,23.9,20260907_144740
2026-09-07 14:52:24.403539,1473.25,28.0,190.4,34.1,25.1,20260907_144740
2026-09-07 14:52:24.603687,1486.5,28.6,190.4,35.3,25.9,20260907_144740
2026-09-07 14:52:24.803845,1491.25,28.6,190.4,35.7,26.7,20260907_144740
2026-09-07 14:52:25.003993,1494.5,28.6,190.4,37.3,26.7,20260907_144740
2026-09-07 14:52:25.204129,1512.5,28.6,190.4,38.8,30.6,20260907_144740
2026-09-07 14:52:25.404290,1514.0,29.2,190.4,42.7,34.1,20260907_144740
2026-09-07 14:52:25.604436,1509.25,29.2,190.4,45.9,36.9,20260907_144740
2026-09-07 14:52:25.804569,1522.5,29.2,190.4,45.9,36.1,20260907_144740
2026-09-07 14:52:26.004708,1526.5,29.8,190.4,44.3,34.9,20260907_144740
2026-09-07 14:52:26.204850,1546.0,29.8,190.4,43.5,34.1,20260907_144740
2026-09-07 14:52:26.404996,1557.0,29.8,190.4,42.4,34.5,20260907_144740
2026-09-07 14:52:26.605125,1565.5,30.4,190.4,42.4,34.1,20260907_144740
2026-09-07 14:52:26.805287,1564.0,30.4,190.4,39.6,28.6,20260907_144740
2026-09-07 14:52:27.005480,1575.75,30.4,190.4,36.9,27.1,20260907_144740
2026-09-07 14:52:27.205627,1575.75,30.4,190.4,32.9,25.5,20260907_144740
2026-09-07 14:52:27.405775,1587.5,30.4,190.4,30.2,24.7,20260907_144740
2026-09-07 14:52:27.605898,1592.0,31.1,190.4,27.8,24.3,20260907_144740
2026-09-07 14:52:27.806047,1604.5,31.1,190.4,25.5,24.3,20260907_144740
2026-09-07 14:52:28.006182,1642.0,31.1,190.4,28.6,28.2,20260907_144740
2026-09-07 14:52:28.206316,1652.25,31.1,190.4,33.7,28.6,20260907_144740
2026-09-07 14:52:28.406464,1628.0,31.1,190.4,35.3,29.0,20260907_144740
2026-09-07 14:52:28.606609,1639.0,,190.4,34.5,29.0,20260907_144740
2026-09-07 14:52:28.939788,1663.25,31.7,190.4,34.5,29.0,20260907_144740
2026-09-07 14:52:29.139932,1671.0,32.3,190.4,34.1,28.6,20260907_144740
2026-09-07 14:52:29.340081,1679.5,32.3,190.4,34.1,28.6,20260907_144740
2026-09-07 14:52:29.540223,1682.0,32.3,190.4,33.7,28.6,20260907_144740
2026-09-07 14:52:29.740358,1690.5,32.9,190.4,33.7,28.6,20260907_144740
2026-09-07 14:52:29.940501,1703.0,32.9,190.4,33.3,28.6,20260907_144740
2026-09-07 14:52:30.140655,1721.75,32.9,192.2,33.7,28.6,20260907_144740
2026-09-07 14:52:30.340815,1712.5,33.6,190.4,34.5,28.2,20260907_144740
2026-09-07 14:52:30.540966,1733.5,33.6,192.2,34.1,27.5,20260907_144740
2026-09-07 14:52:30.741120,1737.5,33.6,192.2,33.7,27.1,20260907_144740
2026-09-07 14:52:30.941258,1752.25,34.2,192.2,33.3,26.7,20260907_144740
2026-09-07 14:52:31.141482,1774.0,34.2,192.2,35.7,27.1,20260907_144740
2026-09-07 14:52:31.341618,1778.75,34.2,192.2,36.5,26.7,20260907_144740
2026-09-07 14:52:31.541775,1777.25,34.2,192.2,35.7,26.7,20260907_144740
2026-09-07 14:52:31.741907,1790.5,34.8,192.2,35.3,25.9,20260907_144740
2026-09-07 14:52:31.942051,1792.0,34.8,192.2,32.2,25.1,20260907_144740
2026-09-07 14:52:32.142197,1816.25,34.8,192.2,32.5,25.5,20260907_144740
2026-09-07 14:52:32.342348,1826.5,35.4,192.2,33.3,25.9,20260907_144740
2026-09-07 14:52:32.542480,1837.5,35.4,192.2,34.5,26.7,20260907_144740
2026-09-07 14:52:32.742614,1843.75,35.4,192.2,36.5,26.7,20260907_144740
2026-09-07 14:52:32.942774,1841.25,36.0,192.2,35.3,23.5,20260907_144740
2026-09-07 14:52:33.142911,1815.5,36.0,192.2,20.0,17.3,20260907_144740
2026-09-07 14:52:33.343047,1821.75,36.0,192.2,8.6,16.9,20260907_144740
2026-09-07 14:52:33.543174,1807.0,35.4,192.2,6.3,17.3,20260907_144740
2026-09-07 14:52:33.743302,1811.5,35.4,192.2,5.9,17.3,20260907_144740
2026-09-07 14:52:33.943490,1817.0,35.4,192.2,5.9,17.3,20260907_144740
2026-09-07 14:52:34.143625,1787.5,35.4,192.2,5.9,17.3,20260907_144740
2026-09-07 14:52:34.343769,1796.75,35.4,192.2,5.9,17.3,20260907_144740
2026-09-07 14:52:34.543896,1780.25,34.8,192.2,5.9,17.6,20260907_144740
2026-09-07 14:52:34.744028,1778.75,34.8,192.2,5.9,17.6,20260907_144740
2026-09-07 14:52:34.944175,1775.0,34.8,192.2,5.9,17.6,20260907_144740
2026-09-07 14:52:35.144301,1764.0,34.8,192.2,5.9,17.3,20260907_144740
2026-09-07 14:52:35.344429,1764.75,34.8,192.2,5.9,17.6,20260907_144740
2026-09-07 14:52:35.544555,1760.0,34.2,192.2,5.9,17.3,20260907_144740
2026-09-07 14:52:35.744720,1750.0,34.2,192.2,5.9,17.3,20260907_144740
2026-09-07 14:52:35.944851,1746.0,34.2,192.2,5.9,17.3,20260907_144740
2026-09-07 14:52:36.145017,1739.75,34.2,192.2,5.9,17.3,20260907_144740
2026-09-07 14:52:36.345141,1742.0,34.2,192.2,7.5,18.4,20260907_144740
2026-09-07 14:52:36.545310,1728.0,34.2,192.2,10.6,20.4,20260907_144740
2026-09-07 14:52:36.745496,1730.25,34.2,192.2,12.5,21.6,20260907_144740
2026-09-07 14:52:36.945634,1727.25,34.2,192.2,14.1,20.8,20260907_144740
2026-09-07 14:52:37.145767,1728.75,33.6,192.2,14.5,20.4,20260907_144740
2026-09-07 14:52:37.345920,1727.25,33.6,192.2,14.1,20.0,20260907_144740
2026-09-07 14:52:37.546031,1725.75,33.6,192.2,14.1,20.0,20260907_144740
2026-09-07 14:52:37.746191,1724.0,33.6,192.2,14.1,20.0,20260907_144740
2026-09-07 14:52:37.946338,1725.75,33.6,192.2,14.1,20.0,20260907_144740
2026-09-07 14:52:38.146490,1709.25,33.6,192.2,13.3,19.6,20260907_144740
2026-09-07 14:52:38.346616,1539.0,33.6,192.2,11.0,16.5,20260907_144740
2026-09-07 14:52:38.546755,1390.5,33.6,190.4,9.0,16.9,20260907_144740
2026-09-07 14:52:38.746884,1319.5,33.6,190.4,9.0,16.5,20260907_144740
2026-09-07 14:52:38.947001,1334.25,33.6,190.4,8.2,16.5,20260907_144740
2026-09-07 14:52:39.147184,1341.25,33.6,190.4,8.6,16.5,20260907_144740
2026-09-07 14:52:39.347305,1309.25,32.9,190.4,8.2,16.5,20260907_144740
2026-09-07 14:52:39.547431,1319.5,32.9,190.4,8.2,16.5,20260907_144740
2026-09-07 14:52:39.747593,1315.5,32.9,190.4,8.2,16.5,20260907_144740
2026-09-07 14:52:39.947720,1310.75,32.9,190.4,8.2,16.5,20260907_144740
2026-09-07 14:52:40.147860,1307.0,32.9,190.4,8.2,16.5,20260907_144740
2026-09-07 14:52:40.348882,1310.0,32.3,190.4,9.8,16.9,20260907_144740
2026-09-07 14:52:40.549024,1307.0,32.3,190.4,12.5,19.2,20260907_144740
2026-09-07 14:52:40.749155,1310.0,32.3,190.4,16.9,20.4,20260907_144740
2026-09-07 14:52:40.949287,1343.75,32.3,190.4,20.8,22.0,20260907_144740
2026-09-07 14:52:41.149499,1317.75,32.3,190.4,25.1,20.8,20260907_144740
2026-09-07 14:52:41.349645,1300.75,32.3,190.4,27.5,21.6,20260907_144740
2026-09-07 14:52:41.549776,1300.0,32.3,190.4,32.2,23.9,20260907_144740
2026-09-07 14:52:41.749901,1310.75,32.3,190.4,36.9,25.9,20260907_144740
2026-09-07 14:52:41.950048,1340.5,32.3,190.4,44.3,31.8,20260907_144740
2026-09-07 14:52:42.150183,1351.5,32.3,190.4,51.4,38.8,20260907_144740
2026-09-07 14:52:42.350310,1321.0,32.9,190.4,52.5,42.7,20260907_144740
2026-09-07 14:52:42.550454,1335.75,32.9,190.4,53.7,45.9,20260907_144740
2026-09-07 14:52:42.750589,1341.25,32.9,190.4,56.5,49.4,20260907_144740
2026-09-07 14:52:42.950736,1356.25,32.9,190.4,60.0,49.0,20260907_144740
2026-09-07 14:52:43.150874,1364.0,33.6,190.4,61.6,47.1,20260907_144740
2026-09-07 14:52:43.351008,1389.0,33.6,190.4,68.2,43.5,20260907_144740
2026-09-07 14:52:43.551202,1380.25,33.6,190.4,71.8,45.5,20260907_144740
2026-09-07 14:52:43.751357,1400.0,34.2,190.4,74.5,44.7,20260907_144740
2026-09-07 14:52:43.951495,1404.5,34.2,190.4,73.7,43.9,20260907_144740
2026-09-07 14:52:44.151634,1414.75,34.2,190.4,73.7,43.5,20260907_144740
2026-09-07 14:52:49.104702,1468.75,36.7,194.0,18.4,19.2,20260907_145246
2026-09-07 14:52:49.304848,1475.0,36.7,194.0,18.0,19.6,20260907_145246
2026-09-07 14:52:49.504987,1477.25,36.7,194.0,18.4,19.2,20260907_145246
2026-09-07 14:52:49.705116,1473.25,36.7,194.0,16.9,17.3,20260907_145246
2026-09-07 14:52:49.905261,1465.5,36.7,194.0,10.6,16.1,20260907_145246
2026-09-07 14:52:50.105481,1463.25,36.7,194.0,8.2,16.9,20260907_145246
2026-09-07 14:52:50.305600,1450.75,36.7,194.0,8.2,16.9,20260907_145246
2026-09-07 14:52:50.505748,1432.75,36.0,194.0,8.2,16.9,20260907_145246
2026-09-07 14:52:50.705875,1411.5,35.4,194.0,8.2,16.5,20260907_145246
2026-09-07 14:52:50.906036,1394.5,34.8,192.2,8.2,16.5,20260907_145246
2026-09-07 14:52:51.106161,1380.25,34.2,192.2,8.2,16.5,20260907_145246
2026-09-07 14:52:51.306311,1364.0,34.2,192.2,7.8,16.5,20260907_145246
2026-09-07 14:52:51.506459,1339.75,33.6,192.2,8.2,16.5,20260907_145246
2026-09-07 14:52:51.706607,1366.25,32.9,192.2,9.4,17.3,20260907_145246
2026-09-07 14:52:51.906726,1435.0,32.3,192.2,9.0,17.3,20260907_145246
2026-09-07 14:52:52.106857,1503.75,31.7,192.2,8.6,17.6,20260907_145246
2026-09-07 14:52:52.306988,1566.25,31.1,192.2,8.2,17.6,20260907_145246
2026-09-07 14:52:52.507149,1559.25,30.4,192.2,8.2,17.6,20260907_145246
2026-09-07 14:52:52.707281,1536.5,30.4,190.4,8.6,17.6,20260907_145246
2026-09-07 14:52:52.907417,1512.5,29.8,190.4,8.6,17.6,20260907_145246
2026-09-07 14:52:53.107560,1586.5,29.2,190.4,8.2,17.6,20260907_145246
2026-09-07 14:52:53.307700,1674.0,28.6,190.4,7.1,18.0,20260907_145246
2026-09-07 14:52:53.507824,1700.75,28.0,190.4,7.1,18.0,20260907_145246
2026-09-07 14:52:53.707963,1656.25,27.3,190.4,7.5,17.6,20260907_145246
2026-09-07 14:52:53.908089,1616.25,26.7,190.4,7.5,17.6,20260907_145246
2026-09-07 14:52:54.108234,1577.25,26.1,190.4,8.2,17.6,20260907_145246
2026-09-07 14:52:54.308369,1538.25,25.5,190.4,8.6,17.6,20260907_145246
2026-09-07 14:52:54.508504,1496.75,24.9,190.4,9.0,17.6,20260907_145246
2026-09-07 14:52:54.708641,1458.5,24.2,190.4,9.4,17.3,20260907_145246
2026-09-07 14:52:54.908761,1410.0,23.6,190.4,9.8,17.3,20260907_145246
2026-09-07 14:52:55.108894,1360.75,23.0,188.6,10.6,17.3,20260907_145246
2026-09-07 14:52:55.309026,1321.75,21.7,188.6,10.6,16.9,20260907_145246
2026-09-07 14:52:55.509149,1282.75,21.1,188.6,11.0,16.9,20260907_145246
2026-09-07 14:52:55.709315,1242.75,20.5,188.6,11.0,16.9,20260907_145246
2026-09-07 14:52:55.909461,1203.75,19.9,188.6,11.4,16.9,20260907_145246
2026-09-07 14:52:56.109585,1197.5,19.3,188.6,11.4,16.9,20260907_145246
2026-09-07 14:52:56.309714,1282.0,18.6,188.6,10.6,16.9,20260907_145246
2026-09-07 14:52:56.509853,1379.5,18.0,188.6,10.2,17.3,20260907_145246
2026-09-07 14:52:56.709978,1368.75,17.4,188.6,10.2,17.3,20260907_145246
2026-09-07 14:52:56.910118,1333.5,16.8,188.6,10.6,16.9,20260907_145246
2026-09-07 14:52:57.110241,1288.25,16.2,188.6,10.6,16.9,20260907_145246
2026-09-07 14:52:57.310362,1250.0,16.2,188.6,11.0,16.9,20260907_145246
2026-09-07 14:52:57.510498,1212.5,15.5,188.6,11.0,16.9,20260907_145246
2026-09-07 14:52:57.710620,1175.0,14.9,188.6,11.4,16.9,20260907_145246
2026-09-07 14:52:57.910815,1135.75,14.3,188.6,11.8,16.5,20260907_145246
2026-09-07 14:52:58.110907,1104.5,14.3,188.6,12.5,16.5,20260907_145246
2026-09-07 14:52:58.311127,1077.25,13.7,188.6,12.9,16.5,20260907_145246
2026-09-07 14:52:58.511248,1047.5,13.7,188.6,13.3,16.5,20260907_145246
2026-09-07 14:52:58.711369,1017.75,13.0,188.6,13.7,16.1,20260907_145246
2026-09-07 14:52:58.911515,989.0,12.4,188.6,20.4,16.5,20260907_145246
2026-09-07 14:52:59.111657,921.75,12.4,188.6,22.0,17.6,20260907_145246
2026-09-07 14:52:59.311798,907.75,11.8,188.6,24.3,17.3,20260907_145246
2026-09-07 14:52:59.511921,942.75,11.8,188.6,22.7,17.3,20260907_145246
2026-09-07 14:52:59.712072,918.75,11.2,188.6,24.3,17.3,20260907_145246
2026-09-07 14:52:59.912195,943.75,11.2,188.6,22.7,17.3,20260907_145246
2026-09-07 14:53:00.112660,936.5,10.6,188.6,23.1,17.3,20260907_145246
2026-09-07 14:53:00.312793,919.5,10.6,188.6,24.3,17.3,20260907_145246
2026-09-07 14:53:00.512921,896.75,10.6,188.6,25.1,17.6,20260907_145246
2026-09-07 14:53:00.713076,889.75,9.9,188.6,26.7,17.3,20260907_145246
2026-09-07 14:53:00.913220,881.25,9.9,188.6,27.1,17.3,20260907_145246
2026-09-07 14:53:01.113351,864.75,9.3,188.6,27.8,17.3,20260907_145246
2026-09-07 14:53:01.313494,853.75,9.3,188.6,29.0,17.3,20260907_145246
2026-09-07 14:53:01.513626,837.5,8.7,188.6,30.2,17.3,20260907_145246
2026-09-07 14:53:01.713760,826.5,8.7,188.6,31.0,17.3,20260907_145246
2026-09-07 14:53:01.913897,816.25,8.7,188.6,32.2,17.3,20260907_145246
2026-09-07 14:53:02.114044,801.5,8.1,188.6,33.7,17.3,20260907_145246
2026-09-07 14:53:02.314188,789.0,8.1,188.6,34.5,17.6,20260907_145246
2026-09-07 14:53:02.514318,789.0,7.5,188.6,35.7,17.6,20260907_145246
2026-09-07 14:53:02.714459,783.5,7.5,188.6,36.1,17.6,20260907_145246
2026-09-07 14:53:02.914579,775.75,7.5,188.6,36.9,17.6,20260907_145246
2026-09-07 14:53:03.114717,778.75,6.8,188.6,37.6,17.6,20260907_145246
2026-09-07 14:53:03.314847,772.5,6.8,188.6,38.4,17.6,20260907_145246
2026-09-07 14:53:03.514981,779.5,6.8,188.6,38.4,17.6,20260907_145246
2026-09-07 14:53:03.715108,791.25,6.2,188.6,38.4,17.6,20260907_145246
2026-09-07 14:53:03.915233,818.75,6.2,188.6,37.3,17.6,20260907_145246
2026-09-07 14:53:04.115384,828.75,5.6,188.6,36.1,17.6,20260907_145246
2026-09-07 14:53:04.315507,807.0,5.6,188.6,37.6,17.6,20260907_145246
2026-09-07 14:53:04.515637,789.75,5.0,188.6,37.3,17.6,20260907_145246
2026-09-07 14:53:04.715769,786.5,5.0,188.6,37.6,17.6,20260907_145246
2026-09-07 14:53:04.915901,784.25,5.0,188.6,38.0,17.6,20260907_145246
2026-09-07 14:53:05.116054,778.0,4.3,190.4,38.0,17.6,20260907_145246
2026-09-07 14:53:05.316177,775.0,4.3,190.4,37.6,17.6,20260907_145246
2026-09-07 14:53:05.516319,772.5,4.3,190.4,38.0,17.6,20260907_145246
2026-09-07 14:53:05.716449,771.75,3.7,190.4,38.0,17.6,20260907_145246
2026-09-07 14:53:05.916574,770.25,3.7,190.4,38.0,17.6,20260907_145246
2026-09-07 14:53:06.116712,767.75,3.7,190.4,38.0,17.6,20260907_145246
2026-09-07 14:53:06.316840,746.0,3.7,190.4,37.6,16.5,20260907_145246
2026-09-07 14:53:06.516972,723.25,3.1,190.4,34.9,16.9,20260907_145246
2026-09-07 14:53:06.717098,720.25,3.1,190.4,32.9,16.9,20260907_145246
2026-09-07 14:53:06.917215,727.25,3.1,190.4,32.2,16.9,20260907_145246
2026-09-07 14:53:07.117352,719.5,2.5,190.4,31.4,16.5,20260907_145246
2026-09-07 14:53:07.317505,719.5,2.5,190.4,30.6,16.5,20260907_145246
2026-09-07 14:53:07.517661,703.75,2.5,190.4,31.0,16.5,20260907_145246
2026-09-07 14:53:07.717821,734.25,2.5,190.4,35.3,23.1,20260907_145246
2026-09-07 14:53:07.917967,1112.5,2.5,190.4,43.1,21.2,20260907_145246
2026-09-07 14:53:08.118093,1375.75,3.1,190.4,29.4,22.7,20260907_145246
2026-09-07 14:53:08.318246,1455.25,3.7,190.4,26.7,22.7,20260907_145246
2026-09-07 14:53:08.518365,1473.25,3.7,190.4,25.1,22.7,20260907_145246
2026-09-07 14:53:08.718511,1493.75,4.3,190.4,26.7,25.1,20260907_145246
2026-09-07 14:53:08.918664,1606.25,5.0,190.4,27.8,24.3,20260907_145246
2026-09-07 14:53:09.118785,1641.25,5.6,190.4,25.9,25.9,20260907_145246
2026-09-07 14:53:09.318913,1717.75,6.2,190.4,27.5,27.5,20260907_145246
2026-09-07 14:53:09.519072,1775.0,6.8,190.4,27.8,26.3,20260907_145246
2026-09-07 14:53:09.719198,1764.75,7.5,190.4,25.9,27.1,20260907_145246
2026-09-07 14:53:09.919333,1800.0,8.1,190.4,30.2,28.2,20260907_145246
2026-09-07 14:53:10.119463,1897.5,8.7,192.2,31.4,27.5,20260907_145246
2026-09-07 14:53:10.319588,1912.5,9.3,192.2,32.2,27.1,20260907_145246
2026-09-07 14:53:10.519719,1948.25,9.9,192.2,33.3,27.1,20260907_145246
2026-09-07 14:53:10.719848,1971.0,10.6,192.2,33.3,26.7,20260907_145246
2026-09-07 14:53:10.919984,1978.0,11.2,192.2,32.9,26.3,20260907_145246
2026-09-07 14:53:11.120128,1989.75,12.4,192.2,33.3,26.3,20260907_145246
2026-09-07 14:53:11.320265,2020.25,13.0,192.2,32.2,27.1,20260907_145246
2026-09-07 14:53:11.520383,2059.25,13.7,192.2,34.5,28.2,20260907_145246
2026-09-07 14:53:11.720524,2107.0,14.3,192.2,34.9,28.6,20260907_145246
2026-09-07 14:53:11.920668,2145.25,14.9,192.2,35.3,29.4,20260907_145246
2026-09-07 14:53:12.120798,2182.75,15.5,192.2,36.1,30.2,20260907_145246
2026-09-07 14:53:12.320935,2211.5,16.2,192.2,36.5,30.6,20260907_145246
2026-09-07 14:53:12.521072,2193.75,16.8,192.2,36.9,31.0,20260907_145246
2026-09-07 14:53:12.721203,2141.25,17.4,192.2,37.3,31.0,20260907_145246
2026-09-07 14:53:12.921345,2165.5,18.0,192.2,37.3,31.0,20260907_145246
2026-09-07 14:53:13.121490,2185.75,18.6,192.2,36.9,30.6,20260907_145246
2026-09-07 14:53:13.321610,2207.0,19.3,192.2,36.1,30.6,20260907_145246
2026-09-07 14:53:13.521739,2256.25,19.9,192.2,35.3,27.8,20260907_145246
2026-09-07 14:53:13.721867,2278.75,20.5,190.4,32.2,29.0,20260907_145246
2026-09-07 14:53:13.922001,2002.25,20.5,192.2,33.7,29.0,20260907_145246
2026-09-07 14:53:14.122135,1783.5,21.1,190.4,34.5,28.6,20260907_145246
2026-09-07 14:53:14.322295,1750.75,21.7,190.4,34.5,28.6,20260907_145246
2026-09-07 14:53:14.522411,1755.25,21.7,190.4,34.1,28.6,20260907_145246
2026-09-07 14:53:14.722559,1753.0,22.4,190.4,34.1,29.0,20260907_145246
2026-09-07 14:53:14.922704,1794.5,23.0,190.4,34.5,29.0,20260907_145246
2026-09-07 14:53:15.122851,1834.25,23.0,190.4,34.9,30.2,20260907_145246
2026-09-07 14:53:15.322990,1875.0,23.6,190.4,36.1,34.9,20260907_145246
2026-09-07 14:53:15.523119,1919.5,24.2,190.4,39.2,34.5,20260907_145246
2026-09-07 14:53:15.723247,1944.5,24.2,190.4,38.8,33.7,20260907_145246
2026-09-07 14:53:15.923391,1979.5,24.9,188.6,38.0,32.5,20260907_145246
2026-09-07 14:53:16.123515,2023.25,25.5,188.6,38.8,34.9,20260907_145246
2026-09-07 14:53:16.323665,2058.5,26.1,188.6,40.0,34.9,20260907_145246
2026-09-07 14:53:16.523772,2094.5,26.7,188.6,40.0,34.5,20260907_145246
2026-09-07 14:53:16.723913,2128.0,26.7,188.6,40.0,33.7,20260907_145246
2026-09-07 14:53:16.924047,,28.0,188.6,38.8,32.5,20260907_145246
2026-09-07 14:53:17.258104,2235.0,28.0,188.6,38.8,31.8,20260907_145246
2026-09-07 14:53:17.458238,2258.5,28.6,188.6,38.0,32.9,20260907_145246
2026-09-07 14:53:17.658368,2279.5,29.2,188.6,37.6,31.8,20260907_145246
2026-09-07 14:53:17.858505,2323.25,29.2,188.6,37.6,32.2,20260907_145246
2026-09-07 14:53:18.058638,2338.25,29.8,188.6,37.6,31.4,20260907_145246
2026-09-07 14:53:18.258764,2137.5,29.8,188.6,36.9,31.4,20260907_145246
2026-09-07 14:53:18.458887,1924.0,30.4,188.6,39.6,35.3,20260907_145246
2026-09-07 14:53:18.659018,1912.5,30.4,188.6,42.4,38.8,20260907_145246
2026-09-07 14:53:18.859155,1899.0,31.1,188.6,42.0,38.8,20260907_145246
2026-09-07 14:53:19.059305,1922.5,31.7,188.6,41.6,39.2,20260907_145246
2026-09-07 14:53:19.259417,1943.75,31.7,188.6,41.6,39.6,20260907_145246
2026-09-07 14:53:19.459544,1972.5,32.3,188.6,42.4,41.6,20260907_145246
2026-09-07 14:53:19.659674,1991.25,32.3,188.6,43.5,42.0,20260907_145246
2026-09-07 14:53:19.859817,2014.0,32.9,188.6,43.9,42.0,20260907_145246
2026-09-07 14:53:20.059950,2035.0,32.9,186.8,43.9,42.0,20260907_145246
2026-09-07 14:53:20.260083,2057.75,33.6,188.6,44.3,42.7,20260907_145246
2026-09-07 14:53:20.460212,2075.75,34.2,186.8,45.1,42.7,20260907_145246
2026-09-07 14:53:20.660357,2104.5,34.2,188.6,45.1,42.7,20260907_145246
2026-09-07 14:53:20.860499,2127.25,34.8,188.6,45.5,43.5,20260907_145246
2026-09-07 14:53:21.060629,2139.75,34.8,188.6,45.9,43.1,20260907_145246
2026-09-07 14:53:21.260766,2162.5,35.4,188.6,45.5,42.7,20260907_145246
2026-09-07 14:53:21.460894,2185.0,35.4,188.6,45.5,42.7,20260907_145246
2026-09-07 14:53:21.661022,2207.0,36.0,188.6,45.5,43.1,20260907_145246
2026-09-07 14:53:21.861170,2228.75,36.7,188.6,45.5,43.1,20260907_145246
2026-09-07 14:53:22.061299,2250.0,36.7,188.6,45.5,42.7,20260907_145246
2026-09-07 14:53:22.261484,2271.75,37.3,188.6,45.9,42.0,20260907_145246
2026-09-07 14:53:22.461622,2292.0,37.3,188.6,45.5,42.0,20260907_145246
2026-09-07 14:53:22.661749,2319.5,37.9,188.6,45.5,41.6,20260907_145246
2026-09-07 14:53:22.861888,2336.5,38.5,188.6,45.5,41.6,20260907_145246
2026-09-07 14:53:23.062020,2336.5,38.5,188.6,42.4,30.6,20260907_145246
2026-09-07 14:53:23.262166,2288.25,38.5,188.6,29.4,26.3,20260907_145246
2026-09-07 14:53:23.462290,2097.5,39.1,188.6,27.8,24.3,20260907_145246
2026-09-07 14:53:23.662435,1974.0,39.1,188.6,17.6,16.5,20260907_145246
2026-09-07 14:53:23.862570,1950.75,38.5,188.6,6.7,17.6,20260907_145246
2026-09-07 14:53:24.062707,1969.5,38.5,188.6,5.9,17.6,20260907_145246
2026-09-07 14:53:24.262817,1967.0,38.5,188.6,5.9,17.6,20260907_145246
2026-09-07 14:53:24.462947,1940.5,38.5,188.6,5.5,17.6,20260907_145246
2026-09-07 14:53:24.663070,1893.75,38.5,188.6,6.3,17.6,20260907_145246
2026-09-07 14:53:24.863219,1818.75,37.9,188.6,6.3,17.6,20260907_145246
2026-09-07 14:53:25.063341,1714.75,37.9,188.6,6.3,17.3,20260907_145246
2026-09-07 14:53:25.263477,1598.25,37.9,190.4,7.1,17.3,20260907_145246
2026-09-07 14:53:25.463606,1499.0,37.9,190.4,7.5,16.9,20260907_145246
2026-09-07 14:53:25.663766,1502.25,37.9,190.4,7.5,16.9,20260907_145246
2026-09-07 14:53:25.863913,1493.75,37.3,190.4,7.5,16.9,20260907_145246
2026-09-07 14:53:26.064046,1484.25,37.3,190.4,7.5,16.9,20260907_145246
2026-09-07 14:53:26.264176,1491.25,37.3,190.4,7.1,16.9,20260907_145246
2026-09-07 14:53:26.464308,1484.25,37.3,190.4,7.1,16.9,20260907_145246
2026-09-07 14:53:26.664422,1478.0,36.7,190.4,7.1,16.9,20260907_145246
2026-09-07 14:53:26.864546,1472.5,36.7,190.4,7.5,16.9,20260907_145246
2026-09-07 14:53:27.064681,1471.0,36.7,190.4,7.5,16.9,20260907_145246
2026-09-07 14:53:27.264805,1469.5,36.7,190.4,7.5,16.9,20260907_145246
2026-09-07 14:53:27.464954,1465.5,36.7,190.4,7.5,16.9,20260907_145246
2026-09-07 14:53:27.665076,1457.0,36.7,190.4,7.8,17.3,20260907_145246
2026-09-07 14:53:27.865209,1469.5,36.7,190.4,10.2,18.0,20260907_145246
2026-09-07 14:53:28.065341,1474.0,36.0,190.4,11.0,18.0,20260907_145246
2026-09-07 14:53:28.265473,1478.0,36.0,190.4,12.9,18.8,20260907_145246
2026-09-07 14:53:28.465592,1485.0,36.0,190.4,16.1,19.6,20260907_145246
2026-09-07 14:53:28.665727,1448.25,36.0,190.4,17.3,20.0,20260907_145246
2026-09-07 14:53:28.865871,1445.25,36.0,190.4,20.4,21.6,20260907_145246
2026-09-07 14:53:29.066004,1446.0,36.0,190.4,23.1,21.2,20260907_145246
2026-09-07 14:53:29.266125,1449.0,36.0,190.4,22.4,21.2,20260907_145246
2026-09-07 14:53:29.466257,1449.0,36.0,190.4,22.4,21.2,20260907_145246
2026-09-07 14:53:29.666383,1453.0,36.0,190.4,22.7,22.4,20260907_145246
2026-09-07 14:53:29.866514,1451.5,36.0,190.4,25.1,23.1,20260907_145246
2026-09-07 14:53:30.066653,1452.25,36.0,190.4,26.7,22.7,20260907_145246
2026-09-07 14:53:30.266777,1459.25,36.0,190.4,26.3,22.7,20260907_145246
2026-09-07 14:53:30.466914,1458.5,36.7,190.4,27.1,23.1,20260907_145246
2026-09-07 14:53:30.667089,1460.75,36.7,190.4,26.7,23.1,20260907_145246
2026-09-07 14:53:30.867224,1465.5,36.7,190.4,26.7,23.1,20260907_145246
2026-09-07 14:53:31.067345,1464.0,36.7,190.4,27.1,23.1,20260907_145246
2026-09-07 14:53:31.267468,1471.0,36.7,190.4,27.1,23.5,20260907_145246
2026-09-07 14:53:31.467591,1473.25,36.7,190.4,29.4,24.7,20260907_145246
2026-09-07 14:53:31.667703,1475.75,36.7,190.4,32.9,25.5,20260907_145246
2026-09-07 14:53:31.867878,1515.5,36.7,190.4,34.9,27.8,20260907_145246
2026-09-07 14:53:32.068005,1544.5,37.3,190.4,40.8,35.7,20260907_145246
2026-09-07 14:53:32.268135,1527.25,37.3,190.4,45.5,39.6,20260907_145246
2026-09-07 14:53:32.468264,1524.0,37.3,190.4,49.4,39.2,20260907_145246
2026-09-07 14:53:32.668394,1528.75,37.9,190.4,49.4,37.6,20260907_145246
2026-09-07 14:53:32.868538,1533.5,37.9,190.4,49.0,37.3,20260907_145246
2026-09-07 14:53:33.068665,1542.0,37.9,190.4,48.2,37.6,20260907_145246
2026-09-07 14:53:33.268806,1551.5,38.5,190.4,47.5,37.3,20260907_145246
2026-09-07 14:53:33.468958,1566.25,38.5,190.4,46.7,37.6,20260907_145246
2026-09-07 14:53:33.669082,1571.75,38.5,190.4,46.7,38.0,20260907_145246
2026-09-07 14:53:33.869234,1582.0,39.1,190.4,46.3,38.0,20260907_145246
2026-09-07 14:53:34.069461,1586.5,39.1,190.4,46.3,38.0,20260907_145246
2026-09-07 14:53:34.269593,1601.5,39.1,190.4,45.9,38.8,20260907_145246
2026-09-07 14:53:34.469716,1609.25,39.8,190.4,46.7,39.6,20260907_145246
2026-09-07 14:53:34.669845,1621.0,39.8,190.4,46.7,39.6,20260907_145246
2026-09-07 14:53:34.869980,1626.5,40.4,190.4,47.5,39.6,20260907_145246
2026-09-07 14:53:35.070121,1637.5,40.4,190.4,48.2,39.2,20260907_145246
2026-09-07 14:53:35.270240,1642.0,40.4,190.4,47.5,38.0,20260907_145246
2026-09-07 14:53:35.470359,1652.25,41.0,190.4,45.5,35.7,20260907_145246
2026-09-07 14:53:35.670517,1652.25,41.0,190.4,43.5,36.1,20260907_145246
2026-09-07 14:53:35.870688,1653.75,41.0,192.2,40.0,26.3,20260907_145246
2026-09-07 14:53:36.070786,1660.0,41.0,192.2,33.3,27.1,20260907_145246
2026-09-07 14:53:36.270915,1672.5,41.6,192.2,32.9,26.7,20260907_145246
2026-09-07 14:53:36.471071,1676.5,41.6,192.2,31.8,26.7,20260907_145246
2026-09-07 14:53:36.671194,1698.25,41.6,192.2,31.4,27.1,20260907_145246
2026-09-07 14:53:36.871341,1686.5,41.6,192.2,30.6,26.3,20260907_145246
2026-09-07 14:53:37.071465,1686.5,41.6,192.2,29.0,25.5,20260907_145246
2026-09-07 14:53:37.271602,1698.25,41.6,192.2,27.8,25.5,20260907_145246
2026-09-07 14:53:37.471713,1703.0,41.6,192.2,27.5,25.5,20260907_145246
2026-09-07 14:53:37.671843,1707.0,41.6,192.2,27.5,25.5,20260907_145246
2026-09-07 14:53:37.871978,1709.25,41.6,192.2,27.5,25.5,20260907_145246
2026-09-07 14:53:38.072111,1714.75,42.3,192.2,28.2,26.3,20260907_145246
2026-09-07 14:53:38.272233,1714.0,42.3,192.2,28.2,25.9,20260907_145246
2026-09-07 14:53:38.472361,1703.75,42.3,192.2,27.1,25.1,20260907_145246
2026-09-07 14:53:38.672504,1704.5,42.3,192.2,25.9,22.7,20260907_145246
2026-09-07 14:53:38.872646,1687.5,42.3,192.2,20.4,22.0,20260907_145246
2026-09-07 14:53:39.073020,1690.5,42.3,194.0,19.2,22.4,20260907_145246
2026-09-07 14:53:39.273154,1689.0,42.3,194.0,19.2,22.4,20260907_145246
2026-09-07 14:53:39.473288,1687.5,42.3,194.0,19.6,22.0,20260907_145246
2026-09-07 14:53:39.673523,1678.75,42.3,194.0,19.2,22.0,20260907_145246
2026-09-07 14:53:39.873655,1677.25,42.3,194.0,19.2,22.4,20260907_145246
2026-09-07 14:53:40.073792,1678.75,42.3,194.0,19.2,22.4,20260907_145246
2026-09-07 14:53:40.273917,1674.0,41.6,194.0,19.6,22.4,20260907_145246
2026-09-07 14:53:40.474042,1675.75,41.6,192.2,19.6,22.4,20260907_145246
2026-09-07 14:53:40.674172,1671.0,41.6,192.2,19.2,22.7,20260907_145246
2026-09-07 14:53:40.874301,1671.0,41.6,192.2,19.2,22.4,20260907_145246
2026-09-07 14:53:41.074432,1669.5,41.6,192.2,17.3,21.2,20260907_145246
2026-09-07 14:53:41.274554,1672.5,41.6,192.2,17.3,21.6,20260907_145246
2026-09-07 14:53:41.474694,1669.5,41.6,192.2,17.3,21.6,20260907_145246
2026-09-07 14:53:41.674817,1665.5,41.6,192.2,17.3,21.6,20260907_145246
2026-09-07 14:53:41.874950,1664.0,41.6,192.2,17.3,21.6,20260907_145246
2026-09-07 14:53:42.075071,1665.5,41.6,192.2,17.3,21.6,20260907_145246
2026-09-07 14:53:42.275201,1662.5,41.6,192.2,18.0,20.8,20260907_145246
2026-09-07 14:53:42.475327,1665.5,41.6,192.2,17.3,21.2,20260907_145246
2026-09-07 14:53:42.675463,1657.75,41.6,192.2,17.3,21.2,20260907_145246
2026-09-07 14:53:42.875600,1657.75,41.6,192.2,16.1,22.0,20260907_145246
2026-09-07 14:53:43.075731,1654.5,41.6,192.2,18.8,23.1,20260907_145246
2026-09-07 14:53:43.275868,1658.5,41.6,192.2,22.0,23.1,20260907_145246
2026-09-07 14:53:43.476033,1660.75,41.6,192.2,21.2,23.1,20260907_145246
2026-09-07 14:53:43.676186,1658.5,41.6,190.4,21.6,23.1,20260907_145246
2026-09-07 14:53:43.876330,1660.75,41.6,190.4,21.6,23.1,20260907_145246
2026-09-07 14:53:44.076469,1663.25,41.6,190.4,21.2,23.1,20260907_145246
2026-09-07 14:53:44.276616,1663.25,41.6,190.4,21.2,23.1,20260907_145246
2026-09-07 14:53:44.476733,1661.5,41.6,190.4,21.2,23.1,20260907_145246
2026-09-07 14:53:44.676862,1663.25,41.6,190.4,21.2,23.1,20260907_145246
2026-09-07 14:53:44.877001,1664.0,41.6,190.4,20.8,23.5,20260907_145246
2026-09-07 14:53:45.077133,1662.5,41.6,190.4,21.2,23.5,20260907_145246
2026-09-07 14:53:45.277278,1667.0,41.6,190.4,20.8,23.5,20260907_145246
2026-09-07 14:53:45.477449,1664.75,41.6,190.4,20.8,23.5,20260907_145246
2026-09-07 14:53:45.677586,1666.25,41.6,190.4,20.8,23.1,20260907_145246
2026-09-07 14:53:45.877709,1670.25,41.6,190.4,20.8,23.5,20260907_145246
2026-09-07 14:53:46.077833,1672.5,41.6,190.4,20.8,23.5,20260907_145246
2026-09-07 14:53:46.277953,1674.0,41.6,190.4,21.2,24.3,20260907_145246
2026-09-07 14:53:46.478084,1671.75,41.6,190.4,22.4,24.3,20260907_145246
2026-09-07 14:53:46.678220,1672.5,41.6,190.4,23.1,23.9,20260907_145246
2026-09-07 14:53:46.878349,1680.25,42.3,190.4,23.9,24.3,20260907_145246
2026-09-07 14:53:47.078490,1680.25,42.3,190.4,23.9,24.3,20260907_145246
2026-09-07 14:53:47.278612,1680.25,42.3,190.4,23.5,23.9,20260907_145246
2026-09-07 14:53:47.478749,1687.5,42.3,190.4,23.5,24.3,20260907_145246
2026-09-07 14:53:47.678862,1685.75,42.3,190.4,23.5,24.3,20260907_145246
2026-09-07 14:53:47.879000,1689.75,42.3,190.4,23.5,24.3,20260907_145246
2026-09-07 14:53:48.079113,1687.5,42.3,190.4,23.1,25.5,20260907_145246
2026-09-07 14:53:48.279251,1689.75,42.3,190.4,25.5,26.3,20260907_145246
2026-09-07 14:53:48.479382,1699.0,42.3,190.4,27.8,26.7,20260907_145246
2026-09-07 14:53:48.679515,1697.5,42.9,190.4,28.6,28.2,20260907_145246
2026-09-07 14:53:48.879658,1732.0,42.9,190.4,31.8,28.2,20260907_145246
2026-09-07 14:53:49.079789,1742.75,42.9,190.4,31.8,28.2,20260907_145246
2026-09-07 14:53:49.279928,1743.75,42.9,190.4,31.8,28.2,20260907_145246
2026-09-07 14:53:49.480049,1746.75,42.9,190.4,32.2,28.6,20260907_145246
2026-09-07 14:53:49.680188,1749.0,43.5,190.4,32.9,29.0,20260907_145246
2026-09-07 14:53:49.880344,1767.75,43.5,192.2,36.1,34.1,20260907_145246
2026-09-07 14:53:50.080483,1757.75,43.5,190.4,37.3,37.6,20260907_145246
2026-09-07 14:53:50.280604,1777.25,43.5,190.4,41.6,44.7,20260907_145246
2026-09-07 14:53:50.480741,1773.25,43.5,192.2,45.1,49.0,20260907_145246
2026-09-07 14:53:50.680879,1771.75,44.1,192.2,48.2,50.6,20260907_145246
2026-09-07 14:53:50.881025,1778.75,44.1,192.2,52.9,50.6,20260907_145246
2026-09-07 14:53:51.081128,1796.0,44.7,192.2,56.9,48.2,20260907_145246
2026-09-07 14:53:51.281255,1805.25,44.7,192.2,58.4,46.3,20260907_145246
2026-09-07 14:53:51.481610,1821.0,44.7,192.2,59.2,44.7,20260907_145246
2026-09-07 14:53:51.681737,1833.5,45.4,192.2,58.4,43.5,20260907_145246
2026-09-07 14:53:51.881915,1840.5,46.0,192.2,56.9,43.1,20260907_145246
2026-09-07 14:53:52.082046,1849.0,46.0,192.2,56.5,42.7,20260907_145246
2026-09-07 14:53:52.282176,1864.75,46.0,192.2,54.9,42.4,20260907_145246
2026-09-07 14:53:52.482302,1876.5,46.6,192.2,54.1,41.2,20260907_145246
2026-09-07 14:53:52.682440,1864.75,46.6,192.2,45.9,31.8,20260907_145246
2026-09-07 14:53:52.882569,1893.75,46.6,192.2,46.7,35.3,20260907_145246
2026-09-07 14:53:53.082701,1909.25,47.2,192.2,47.8,37.3,20260907_145246
2026-09-07 14:53:53.282868,1914.0,47.2,192.2,47.5,38.0,20260907_145246
2026-09-07 14:53:53.482987,1926.5,47.8,192.2,47.5,38.8,20260907_145246
2026-09-07 14:53:53.683118,1936.5,47.8,192.2,47.1,39.2,20260907_145246
2026-09-07 14:53:53.883245,1935.75,47.8,192.2,47.1,39.6,20260907_145246
2026-09-07 14:53:54.083375,1946.0,48.5,192.2,46.7,40.0,20260907_145246
2026-09-07 14:53:54.283512,1954.5,48.5,192.2,46.3,38.4,20260907_145246
2026-09-07 14:53:54.483643,1960.0,48.5,192.2,43.9,31.0,20260907_145246
2026-09-07 14:53:54.683767,1971.75,48.5,194.0,41.2,32.5,20260907_145246
2026-09-07 14:53:54.883947,1977.25,49.1,194.0,41.6,33.7,20260907_145246
2026-09-07 14:53:55.084107,1987.5,49.1,194.0,41.6,34.9,20260907_145246
2026-09-07 14:53:55.284222,1992.0,49.1,194.0,42.0,35.7,20260907_145246
2026-09-07 14:53:55.484387,1995.25,49.7,194.0,42.0,36.9,20260907_145246
2026-09-07 14:53:55.684525,2004.5,49.7,192.2,42.7,39.2,20260907_145246
2026-09-07 14:53:55.884653,2000.75,49.7,192.2,42.7,38.8,20260907_145246
2026-09-07 14:53:56.084792,2017.0,49.7,192.2,42.7,38.8,20260907_145246
2026-09-07 14:53:56.284923,2013.25,49.7,192.2,38.4,28.6,20260907_145246
2026-09-07 14:53:56.485084,2021.75,50.3,192.2,34.9,29.4,20260907_145246
2026-09-07 14:53:56.685220,2042.0,50.3,192.2,35.3,29.8,20260907_145246
2026-09-07 14:53:56.885339,2042.75,50.3,192.2,34.9,29.8,20260907_145246
2026-09-07 14:53:57.085477,2036.5,50.3,190.4,34.1,29.4,20260907_145246
2026-09-07 14:53:57.285609,2042.75,50.3,190.4,34.5,29.4,20260907_145246
2026-09-07 14:53:57.485748,2046.75,50.3,190.4,34.5,29.4,20260907_145246
2026-09-07 14:53:57.685871,2046.0,50.3,190.4,33.7,26.3,20260907_145246
2026-09-07 14:53:57.885988,2030.25,50.3,190.4,27.1,25.9,20260907_145246
2026-09-07 14:53:58.086129,2027.25,50.3,188.6,26.7,26.3,20260907_145246
2026-09-07 14:53:58.286267,2025.0,50.3,188.6,26.3,25.9,20260907_145246
2026-09-07 14:53:58.487945,2021.0,50.3,188.6,25.9,26.3,20260907_145246
2026-09-07 14:53:58.688073,2016.25,50.3,188.6,26.3,26.3,20260907_145246
2026-09-07 14:53:58.888221,2021.0,50.3,186.8,26.3,26.3,20260907_145246
2026-09-07 14:53:59.088368,2022.5,50.3,186.8,26.7,26.7,20260907_145246
2026-09-07 14:53:59.288506,2021.75,50.3,186.8,27.5,26.7,20260907_145246
2026-09-07 14:53:59.488644,2023.25,50.3,185.0,27.5,27.1,20260907_145246
2026-09-07 14:53:59.688796,2050.0,51.0,185.0,32.5,29.8,20260907_145246
2026-09-07 14:53:59.888923,1917.75,51.0,185.0,35.7,31.4,20260907_145246
2026-09-07 14:54:00.089091,1692.75,51.0,185.0,32.2,24.7,20260907_145246
2026-09-07 14:54:00.289223,1622.5,51.0,185.0,29.4,23.9,20260907_145246
2026-09-07 14:54:00.489365,1622.5,51.0,185.0,27.5,23.9,20260907_145246
2026-09-07 14:54:00.689540,1628.0,51.0,183.2,27.1,23.9,20260907_145246
2026-09-07 14:54:00.889666,1619.5,51.0,183.2,26.7,23.9,20260907_145246
2026-09-07 14:54:01.089785,1614.75,51.0,183.2,27.1,23.9,20260907_145246
2026-09-07 14:54:01.289934,1604.5,51.0,183.2,27.1,23.9,20260907_145246
2026-09-07 14:54:01.490058,1607.0,51.0,183.2,27.1,23.9,20260907_145246
2026-09-07 14:54:01.690178,1607.0,51.0,183.2,27.1,23.9,20260907_145246
2026-09-07 14:54:01.890307,1606.25,51.0,183.2,24.7,23.5,20260907_145246
2026-09-07 14:54:02.090422,1601.5,51.0,183.2,23.9,22.0,20260907_145246
2026-09-07 14:54:02.290572,1604.5,50.3,183.2,17.3,19.6,20260907_145246
2026-09-07 14:54:02.490700,1592.0,50.3,183.2,15.3,19.6,20260907_145246
2026-09-07 14:54:02.690827,1597.5,50.3,181.4,15.7,20.0,20260907_145246
2026-09-07 14:54:02.891011,1600.0,50.3,181.4,15.7,19.6,20260907_145246
2026-09-07 14:54:03.091132,1592.75,50.3,181.4,15.7,19.6,20260907_145246
2026-09-07 14:54:03.291271,1589.0,50.3,181.4,15.7,20.0,20260907_145246
2026-09-07 14:54:03.491443,1590.5,50.3,181.4,16.1,20.0,20260907_145246
2026-09-07 14:54:03.691589,1584.25,50.3,181.4,16.1,20.0,20260907_145246
2026-09-07 14:54:03.891732,1582.0,49.7,183.2,15.7,19.6,20260907_145246
2026-09-07 14:54:04.091875,1582.75,49.7,183.2,15.3,19.6,20260907_145246
2026-09-07 14:54:04.292020,1584.25,49.7,183.2,15.3,19.6,20260907_145246
2026-09-07 14:54:04.492179,1575.75,49.7,183.2,15.7,19.6,20260907_145246
2026-09-07 14:54:04.692301,1575.0,49.7,183.2,15.7,19.6,20260907_145246
2026-09-07 14:54:04.892442,1574.0,49.7,183.2,15.7,18.8,20260907_145246
2026-09-07 14:54:05.092619,1568.75,49.7,183.2,13.7,18.4,20260907_145246
2026-09-07 14:54:05.292741,1564.75,49.7,183.2,12.9,19.2,20260907_145246
2026-09-07 14:54:05.492920,1565.5,49.1,183.2,13.3,20.4,20260907_145246
2026-09-07 14:54:05.693051,1565.5,49.1,183.2,16.9,20.8,20260907_145246
2026-09-07 14:54:05.893176,1561.5,49.1,183.2,18.8,20.4,20260907_145246
2026-09-07 14:54:06.093338,1560.0,49.1,183.2,18.4,20.4,20260907_145246
2026-09-07 14:54:06.293513,1551.5,49.1,183.2,18.4,20.4,20260907_145246
2026-09-07 14:54:06.493638,1557.75,49.1,183.2,21.6,21.6,20260907_145246
2026-09-07 14:54:06.693808,1564.75,49.1,183.2,23.9,23.1,20260907_145246
2026-09-07 14:54:06.893943,1556.25,49.1,183.2,24.7,23.1,20260907_145246
2026-09-07 14:54:07.094070,1556.25,49.1,183.2,24.7,23.1,20260907_145246
2026-09-07 14:54:07.294200,1555.25,49.1,183.2,24.7,22.7,20260907_145246
2026-09-07 14:54:07.494327,1555.25,49.1,183.2,24.3,22.7,20260907_145246
2026-09-07 14:54:07.695251,1558.5,49.1,183.2,24.7,22.7,20260907_145246
2026-09-07 14:54:07.895374,1557.0,49.1,183.2,24.7,22.7,20260907_145246
2026-09-07 14:54:08.095545,1556.25,49.1,183.2,24.7,22.7,20260907_145246
2026-09-07 14:54:08.295666,1556.25,49.1,183.2,25.1,23.9,20260907_145246
2026-09-07 14:54:08.495793,1553.0,49.1,183.2,27.5,25.1,20260907_145246
2026-09-07 14:54:08.695941,1558.5,49.1,183.2,30.6,25.9,20260907_145246
2026-09-07 14:54:08.896068,1571.0,49.1,183.2,33.3,27.8,20260907_145246
2026-09-07 14:54:09.096199,1562.5,49.1,183.2,40.0,36.9,20260907_145246
2026-09-07 14:54:09.296351,1586.5,49.7,183.2,44.3,39.6,20260907_145246
2026-09-07 14:54:09.496501,1592.75,49.7,183.2,45.9,38.4,20260907_145246
2026-09-07 14:54:09.696657,1593.75,49.7,183.2,45.5,37.3,20260907_145246
2026-09-07 14:54:09.896790,1595.25,49.7,183.2,45.1,37.6,20260907_145246
2026-09-07 14:54:10.096921,1604.5,49.7,183.2,44.3,37.6,20260907_145246
2026-09-07 14:54:10.297057,1600.0,49.7,183.2,44.3,38.0,20260907_145246
2026-09-07 14:54:10.497212,1603.0,50.3,183.2,44.3,38.0,20260907_145246
2026-09-07 14:54:10.697348,1612.5,50.3,183.2,43.5,38.0,20260907_145246
2026-09-07 14:54:10.897504,1624.0,50.3,183.2,44.3,39.2,20260907_145246
2026-09-07 14:54:11.097639,1621.0,50.3,183.2,45.1,38.8,20260907_145246
2026-09-07 14:54:11.297769,1624.0,50.3,183.2,45.5,38.8,20260907_145246
2026-09-07 14:54:11.497905,1627.25,50.3,183.2,45.1,38.8,20260907_145246
2026-09-07 14:54:11.698054,1630.25,51.0,185.0,45.5,38.8,20260907_145246
2026-09-07 14:54:11.898194,1632.0,51.0,185.0,44.7,37.6,20260907_145246
2026-09-07 14:54:12.098306,1638.25,51.0,185.0,43.1,30.6,20260907_145246
2026-09-07 14:54:12.298450,1620.25,51.0,185.0,35.3,26.3,20260907_145246
2026-09-07 14:54:12.498569,1645.25,51.0,185.0,33.7,27.5,20260907_145246
2026-09-07 14:54:12.698751,1633.5,51.0,185.0,33.7,25.5,20260907_145246
2026-09-07 14:54:12.898870,1621.75,51.0,185.0,30.2,24.7,20260907_145246
2026-09-07 14:54:13.098990,1619.5,51.0,185.0,27.5,23.9,20260907_145246
2026-09-07 14:54:13.299112,1619.5,51.0,185.0,25.5,23.9,20260907_145246
2026-09-07 14:54:13.499261,1625.75,51.0,185.0,25.9,24.3,20260907_145246
2026-09-07 14:54:13.699426,1623.25,51.0,185.0,25.5,23.5,20260907_145246
2026-09-07 14:54:13.899572,1623.25,51.0,185.0,18.8,18.4,20260907_145246
2026-09-07 14:54:14.099698,1621.75,51.0,185.0,15.7,19.6,20260907_145246
2026-09-07 14:54:14.299854,1617.75,51.0,185.0,16.1,20.0,20260907_145246
2026-09-07 14:54:14.499967,1616.25,51.0,185.0,16.1,19.6,20260907_145246
2026-09-07 14:54:14.700141,1613.25,51.0,185.0,16.1,20.4,20260907_145246
2026-09-07 14:54:14.900272,1612.5,51.0,185.0,16.1,19.6,20260907_145246
2026-09-07 14:54:15.100397,1610.0,51.0,185.0,16.1,20.0,20260907_145246
2026-09-07 14:54:15.300570,,50.3,185.0,17.6,20.8,20260907_145246
2026-09-07 14:54:15.633906,1596.0,50.3,185.0,17.6,22.0,20260907_145246
2026-09-07 14:54:15.834059,1591.25,50.3,185.0,19.6,23.1,20260907_145246
2026-09-07 14:54:16.034209,1600.0,50.3,185.0,23.5,25.1,20260907_145246
2026-09-07 14:54:16.234329,1603.75,50.3,185.0,30.2,31.8,20260907_145246
2026-09-07 14:54:16.434528,1602.25,50.3,185.0,40.0,37.6,20260907_145246
2026-09-07 14:54:16.634662,1604.5,50.3,185.0,42.7,39.2,20260907_145246
2026-09-07 14:54:16.834802,1623.25,51.0,185.0,43.5,38.4,20260907_145246
2026-09-07 14:54:17.034958,1625.0,51.0,185.0,42.0,36.9,20260907_145246
2026-09-07 14:54:17.235081,1627.25,51.0,185.0,41.6,37.3,20260907_145246
2026-09-07 14:54:17.435222,1617.75,51.0,183.2,35.7,25.5,20260907_145246
2026-09-07 14:54:17.635345,1609.25,51.0,183.2,27.5,23.5,20260907_145246
2026-09-07 14:54:17.835489,1614.0,51.0,183.2,25.9,23.5,20260907_145246
2026-09-07 14:54:18.035618,1613.25,51.0,183.2,24.3,23.1,20260907_145246
2026-09-07 14:54:18.235781,1606.25,51.0,183.2,23.5,23.5,20260907_145246
2026-09-07 14:54:18.435905,1603.0,51.0,183.2,22.7,23.5,20260907_145246
2026-09-07 14:54:18.636038,1601.5,51.0,183.2,23.1,23.5,20260907_145246
2026-09-07 14:54:18.836171,1603.0,51.0,183.2,23.1,23.5,20260907_145246
2026-09-07 14:54:19.036318,1601.5,51.0,183.2,22.7,23.5,20260907_145246
2026-09-07 14:54:19.236461,1600.0,50.3,183.2,20.8,21.6,20260907_145246
2026-09-07 14:54:19.436590,1597.5,50.3,183.2,18.8,21.2,20260907_145246
2026-09-07 14:54:19.636727,1603.0,50.3,183.2,18.8,21.2,20260907_145246
2026-09-07 14:54:19.836872,1603.75,50.3,183.2,18.8,21.2,20260907_145246
2026-09-07 14:54:20.037006,1594.5,50.3,183.2,18.8,20.8,20260907_145246
2026-09-07 14:54:20.237143,1596.0,50.3,183.2,19.6,21.6,20260907_145246
2026-09-07 14:54:20.437266,1593.75,50.3,183.2,22.4,23.1,20260907_145246
2026-09-07 14:54:20.637457,1586.5,50.3,183.2,24.3,23.1,20260907_145246
2026-09-07 14:54:20.837591,1590.5,50.3,181.4,23.9,23.1,20260907_145246
2026-09-07 14:54:21.037709,1590.5,50.3,181.4,23.1,23.5,20260907_145246
2026-09-07 14:54:21.237858,1589.75,50.3,183.2,29.0,26.7,20260907_145246
2026-09-07 14:54:21.437992,1595.25,50.3,183.2,36.9,30.2,20260907_145246
2026-09-07 14:54:21.638126,1589.0,50.3,183.2,39.6,34.1,20260907_145246
2026-09-07 14:54:21.838261,1596.75,50.3,183.2,40.4,36.5,20260907_145246
2026-09-07 14:54:22.038390,1606.25,50.3,183.2,43.1,39.2,20260907_145246
2026-09-07 14:54:22.238535,1630.25,50.3,183.2,44.3,40.0,20260907_145246
2026-09-07 14:54:22.438656,1616.25,51.0,183.2,45.5,38.8,20260907_145246
2026-09-07 14:54:22.638804,1622.5,51.0,183.2,44.3,38.4,20260907_145246
2026-09-07 14:54:22.838948,1641.25,51.0,183.2,44.3,38.8,20260907_145246
2026-09-07 14:54:23.039126,1629.5,51.0,183.2,43.5,36.1,20260907_145246
2026-09-07 14:54:23.239259,1631.25,51.0,183.2,40.4,32.2,20260907_145246
2026-09-07 14:54:23.439414,1643.75,51.6,183.2,39.6,33.7,20260907_145246
2026-09-07 14:54:23.639545,1656.25,51.6,183.2,39.6,35.3,20260907_145246
2026-09-07 14:54:23.839673,1654.5,51.6,183.2,40.4,36.5,20260907_145246
2026-09-07 14:54:24.039809,1653.75,51.6,183.2,40.8,37.3,20260907_145246
2026-09-07 14:54:24.239950,1657.75,51.6,183.2,40.8,37.3,20260907_145246
2026-09-07 14:54:24.440102,1660.0,51.6,183.2,40.4,34.5,20260907_145246
2026-09-07 14:54:24.640251,1645.25,51.6,183.2,33.3,26.7,20260907_145246
2026-09-07 14:54:24.840382,1657.75,51.6,183.2,31.8,27.1,20260907_145246
2026-09-07 14:54:25.040497,1660.0,51.6,183.2,31.8,25.9,20260907_145246
2026-09-07 14:54:25.240630,1647.5,51.6,183.2,27.8,24.3,20260907_145246
2026-09-07 14:54:25.440752,1642.75,52.2,183.2,26.3,24.3,20260907_145246
2026-09-07 14:54:25.640925,1645.25,52.2,183.2,25.1,23.9,20260907_145246
2026-09-07 14:54:25.841156,1645.25,52.2,183.2,24.7,23.1,20260907_145246
2026-09-07 14:54:26.041282,1646.0,51.6,183.2,19.2,21.6,20260907_145246
2026-09-07 14:54:26.241504,1636.5,51.6,183.2,18.8,21.2,20260907_145246
2026-09-07 14:54:26.441624,1642.0,51.6,183.2,18.8,21.2,20260907_145246
2026-09-07 14:54:26.641792,1636.5,51.6,183.2,18.4,21.2,20260907_145246
2026-09-07 14:54:26.841940,1636.5,51.6,183.2,18.4,20.8,20260907_145246
2026-09-07 14:54:27.042065,1633.5,51.6,183.2,17.3,20.0,20260907_145246
2026-09-07 14:54:27.242237,1639.0,51.6,183.2,16.1,20.0,20260907_145246
2026-09-07 14:54:27.442345,1634.25,51.6,183.2,16.1,20.4,20260907_145246
2026-09-07 14:54:27.642494,1636.5,51.6,183.2,16.5,20.0,20260907_145246
2026-09-07 14:54:27.842652,1638.25,51.6,183.2,15.7,20.8,20260907_145246
2026-09-07 14:54:28.042799,1633.5,51.6,183.2,16.9,20.8,20260907_145246
2026-09-07 14:54:28.242927,1635.75,51.6,183.2,16.5,20.8,20260907_145246
2026-09-07 14:54:28.443053,1632.0,51.6,183.2,16.5,20.8,20260907_145246
2026-09-07 14:54:28.643220,1632.0,51.6,183.2,16.5,20.8,20260907_145246
2026-09-07 14:54:28.843339,1625.75,51.6,183.2,17.6,22.4,20260907_145246
2026-09-07 14:54:29.043476,1628.0,51.6,183.2,20.4,22.7,20260907_145246
2026-09-07 14:54:29.243619,1630.25,51.6,183.2,20.8,23.1,20260907_145246
2026-09-07 14:54:29.443753,1632.75,51.6,183.2,21.6,22.7,20260907_145246
2026-09-07 14:54:29.643896,1628.75,51.6,183.2,22.0,23.1,20260907_145246
2026-09-07 14:54:29.844043,1633.5,51.6,183.2,22.4,23.1,20260907_145246
2026-09-07 14:54:30.044200,1635.75,51.6,183.2,22.4,23.1,20260907_145246
2026-09-07 14:54:30.244331,1632.75,51.6,183.2,23.5,24.3,20260907_145246
2026-09-07 14:54:30.444481,1640.5,51.6,183.2,26.3,25.9,20260907_145246
2026-09-07 14:54:30.644607,1639.75,51.6,183.2,29.4,25.9,20260907_145246
2026-09-07 14:54:30.844732,1643.75,51.6,183.2,29.4,25.9,20260907_145246
2026-09-07 14:54:31.044886,1642.0,51.6,183.2,29.4,25.5,20260907_145246
2026-09-07 14:54:31.245016,1644.5,52.2,183.2,29.0,25.5,20260907_145246
2026-09-07 14:54:31.445158,1646.0,52.2,183.2,28.2,25.1,20260907_145246
2026-09-07 14:54:31.645286,1637.5,52.2,183.2,24.7,20.8,20260907_145246
2026-09-07 14:54:31.845492,1645.25,52.2,183.2,18.0,21.2,20260907_145246
2026-09-07 14:54:32.045599,1642.0,52.2,183.2,18.4,20.4,20260907_145246
2026-09-07 14:54:32.245737,1640.5,52.2,185.0,15.3,19.6,20260907_145246
2026-09-07 14:54:32.445856,1639.0,51.6,185.0,13.7,18.0,20260907_145246
2026-09-07 14:54:32.646005,1638.25,51.6,185.0,13.3,20.4,20260907_145246
2026-09-07 14:54:32.846143,1635.75,51.6,185.0,15.7,20.8,20260907_145246
2026-09-07 14:54:33.046282,1642.75,51.6,185.0,16.9,20.4,20260907_145246
2026-09-07 14:54:33.246405,1637.5,51.6,185.0,16.5,21.2,20260907_145246
2026-09-07 14:54:33.446535,1639.0,51.6,185.0,18.4,22.0,20260907_145246
2026-09-07 14:54:33.646677,1635.75,51.6,185.0,20.4,22.4,20260907_145246
2026-09-07 14:54:33.846810,1624.0,51.6,185.0,21.2,22.4,20260907_145246
2026-09-07 14:54:34.046927,1628.75,51.6,185.0,21.2,22.4,20260907_145246
2026-09-07 14:54:34.247092,1639.75,51.6,185.0,20.4,22.0,20260907_145246
2026-09-07 14:54:34.447211,1626.5,51.6,185.0,19.6,21.6,20260907_145246
2026-09-07 14:54:34.647367,1628.0,51.6,185.0,18.4,20.8,20260907_145246
2026-09-07 14:54:34.847491,1633.5,51.6,185.0,18.0,20.8,20260907_145246
2026-09-07 14:54:35.047611,1626.5,51.6,185.0,18.0,20.8,20260907_145246
2026-09-07 14:54:35.247753,1625.75,51.6,186.8,16.9,18.4,20260907_145246
2026-09-07 14:54:35.447873,1625.75,51.0,186.8,14.9,19.6,20260907_145246
2026-09-07 14:54:35.648006,1629.5,51.0,186.8,16.5,20.4,20260907_145246
2026-09-07 14:54:35.848142,1625.0,51.0,186.8,17.6,21.2,20260907_145246
2026-09-07 14:54:36.048275,1621.75,51.0,186.8,17.6,21.2,20260907_145246
2026-09-07 14:54:36.248400,1616.25,51.0,186.8,19.6,22.7,20260907_145246
2026-09-07 14:54:36.448541,1620.25,51.6,186.8,22.4,22.7,20260907_145246
2026-09-07 14:54:36.648662,1623.25,51.6,186.8,22.4,23.1,20260907_145246
2026-09-07 14:54:36.848819,1620.25,51.0,186.8,22.7,23.9,20260907_145246
2026-09-07 14:54:37.048963,1621.75,51.0,186.8,25.1,24.7,20260907_145246
2026-09-07 14:54:37.249098,1628.0,51.0,186.8,27.8,26.7,20260907_145246
2026-09-07 14:54:37.449233,1626.5,51.0,186.8,31.8,29.4,20260907_145246
2026-09-07 14:54:37.649361,1633.5,51.6,188.6,36.5,34.5,20260907_145246
2026-09-07 14:54:37.849456,1636.5,51.6,188.6,40.8,38.8,20260907_145246
2026-09-07 14:54:38.049585,1642.0,51.6,188.6,42.7,40.0,20260907_145246
2026-09-07 14:54:38.249711,1653.0,51.6,188.6,43.5,39.6,20260907_145246
2026-09-07 14:54:38.449839,1668.75,52.2,188.6,43.1,39.2,20260907_145246
2026-09-07 14:54:38.649960,1675.0,52.2,188.6,43.5,39.2,20260907_145246
2026-09-07 14:54:38.850088,1671.0,52.2,188.6,43.1,38.4,20260907_145246
2026-09-07 14:54:39.050216,1674.0,52.2,188.6,42.4,36.5,20260907_145246
2026-09-07 14:54:39.250374,1673.25,52.2,188.6,37.6,31.0,20260907_145246
2026-09-07 14:54:39.450492,1688.25,52.2,188.6,37.6,32.9,20260907_145246
2026-09-07 14:54:39.650668,1703.75,52.8,188.6,38.8,35.7,20260907_145246
2026-09-07 14:54:39.850797,1716.25,52.8,188.6,43.9,43.9,20260907_145246
2026-09-07 14:54:40.050932,1712.5,52.8,188.6,48.2,47.8,20260907_145246
2026-09-07 14:54:40.251063,1706.25,52.8,188.6,51.4,43.9,20260907_145246
2026-09-07 14:54:40.451206,1696.75,53.4,188.6,52.2,41.6,20260907_145246
2026-09-07 14:54:40.651323,1703.75,53.4,188.6,51.0,39.6,20260907_145246
2026-09-07 14:54:40.851463,1710.0,53.4,188.6,49.0,38.8,20260907_145246
2026-09-07 14:54:41.051606,1717.0,53.4,190.4,47.5,30.6,20260907_145246
2026-09-07 14:54:41.251732,1710.75,54.1,190.4,38.4,28.2,20260907_145246
2026-09-07 14:54:41.451838,1722.5,54.1,190.4,35.3,27.1,20260907_145246
2026-09-07 14:54:41.651973,1741.25,54.1,190.4,34.9,27.8,20260907_145246
2026-09-07 14:54:41.852127,1750.0,54.1,190.4,35.3,28.2,20260907_145246
2026-09-07 14:54:42.052265,1737.5,54.1,190.4,34.9,27.8,20260907_145246
2026-09-07 14:54:42.252430,1732.75,54.1,190.4,32.9,26.7,20260907_145246
2026-09-07 14:54:42.452541,1730.25,54.1,190.4,30.2,26.7,20260907_145246
2026-09-07 14:54:42.652676,1725.0,54.7,190.4,30.6,27.5,20260907_145246
2026-09-07 14:54:42.852825,1730.25,54.7,190.4,32.2,27.8,20260907_145246
2026-09-07 14:54:43.052991,1728.0,54.7,190.4,29.4,26.3,20260907_145246
2026-09-07 14:54:43.253111,1731.25,54.7,192.2,29.0,26.3,20260907_145246
2026-09-07 14:54:43.453231,1735.0,54.7,192.2,,24.7,20260907_145246
2026-09-07 14:54:43.786928,1736.5,54.7,192.2,25.1,24.7,20260907_145246
2026-09-07 14:54:43.987072,1741.25,54.7,192.2,24.7,24.7,20260907_145246
2026-09-07 14:54:44.187218,1742.0,54.7,192.2,25.5,25.1,20260907_145246
2026-09-07 14:54:44.387342,1746.0,55.3,192.2,25.5,24.7,20260907_145246
2026-09-07 14:54:44.587488,1743.75,55.3,192.2,24.7,24.7,20260907_145246
2026-09-07 14:54:44.787614,1747.5,55.3,190.4,23.9,24.3,20260907_145246
2026-09-07 14:54:44.987730,1747.5,55.3,190.4,23.5,23.9,20260907_145246
2026-09-07 14:54:45.187859,1749.0,55.3,190.4,21.6,23.5,20260907_145246
2026-09-07 14:54:45.388010,1750.75,55.3,190.4,21.2,22.7,20260907_145246
2026-09-07 14:54:45.588138,1750.75,55.3,190.4,20.0,22.7,20260907_145246
2026-09-07 14:54:45.788268,1757.75,55.3,190.4,19.6,22.7,20260907_145246
2026-09-07 14:54:45.988414,1757.0,55.3,190.4,20.0,23.1,20260907_145246
2026-09-07 14:54:46.188550,1756.25,55.3,190.4,20.4,23.5,20260907_145246
2026-09-07 14:54:46.388702,1757.0,55.9,190.4,22.7,25.5,20260907_145246
2026-09-07 14:54:46.588829,1761.5,55.9,190.4,25.9,26.3,20260907_145246
2026-09-07 14:54:46.788960,1763.25,55.9,190.4,27.5,25.9,20260907_145246
2026-09-07 14:54:46.989069,1761.5,55.9,190.4,27.1,25.9,20260907_145246
2026-09-07 14:54:47.189201,1766.25,55.9,188.6,27.5,25.9,20260907_145246
2026-09-07 14:54:47.389324,1771.75,55.9,188.6,27.1,25.9,20260907_145246
2026-09-07 14:54:47.589510,1773.25,55.9,188.6,27.1,25.9,20260907_145246
2026-09-07 14:54:47.789834,1771.75,55.9,188.6,26.7,25.1,20260907_145246
2026-09-07 14:54:47.989964,1776.5,55.9,188.6,25.1,25.1,20260907_145246
2026-09-07 14:54:48.190098,1776.5,55.9,188.6,24.3,24.3,20260907_145246
2026-09-07 14:54:48.390250,1773.25,55.9,188.6,23.1,23.9,20260907_145246
2026-09-07 14:54:48.590364,1781.25,55.9,188.6,22.7,24.3,20260907_145246
2026-09-07 14:54:48.790492,1779.5,56.5,188.6,23.1,24.7,20260907_145246
2026-09-07 14:54:48.990637,1777.25,56.5,188.6,23.9,24.7,20260907_145246
2026-09-07 14:54:49.190755,1785.75,56.5,188.6,25.5,25.9,20260907_145246
2026-09-07 14:54:49.390901,1785.75,56.5,188.6,27.8,28.2,20260907_145246
2026-09-07 14:54:49.591035,1789.0,56.5,188.6,31.8,27.5,20260907_145246
2026-09-07 14:54:49.791151,1795.25,56.5,188.6,29.8,27.1,20260907_145246
2026-09-07 14:54:49.991282,1795.25,56.5,188.6,29.8,27.1,20260907_145246
2026-09-07 14:54:50.191398,1795.25,56.5,188.6,29.8,27.1,20260907_145246
2026-09-07 14:54:50.391529,1802.25,56.5,188.6,30.2,27.1,20260907_145246
2026-09-07 14:54:50.591659,1797.5,57.2,188.6,29.0,24.7,20260907_145246
2026-09-07 14:54:50.791785,1803.75,57.2,188.6,23.5,24.3,20260907_145246
2026-09-07 14:54:50.991920,1803.75,57.2,188.6,22.7,24.3,20260907_145246
2026-09-07 14:54:51.192056,1806.25,57.2,188.6,22.7,24.3,20260907_145246
2026-09-07 14:54:51.392191,1807.0,57.2,188.6,23.1,24.3,20260907_145246
2026-09-07 14:54:51.592327,1810.0,57.2,188.6,23.1,24.3,20260907_145246
2026-09-07 14:54:51.792480,1811.5,57.2,188.6,23.5,24.7,20260907_145246
2026-09-07 14:54:51.992612,1812.5,57.2,188.6,23.5,24.7,20260907_145246
2026-09-07 14:54:52.192755,1812.5,57.2,188.6,23.5,24.7,20260907_145246
2026-09-07 14:54:52.392913,1811.5,57.2,188.6,23.1,25.1,20260907_145246
2026-09-07 14:54:52.593043,1817.0,57.8,188.6,23.5,25.1,20260907_145246
2026-09-07 14:54:52.793172,1818.75,57.8,188.6,23.9,25.5,20260907_145246
2026-09-07 14:54:52.993329,1828.0,57.8,188.6,24.3,25.9,20260907_145246
2026-09-07 14:54:53.193494,1838.25,57.2,188.6,26.3,26.7,20260907_145246
2026-09-07 14:54:53.393629,1662.5,57.8,188.6,29.0,26.3,20260907_145246
2026-09-07 14:54:53.593745,1536.5,57.8,188.6,35.3,27.8,20260907_145246
2026-09-07 14:54:53.793881,1567.0,57.8,188.6,38.4,28.6,20260907_145246
2026-09-07 14:54:53.994009,1534.25,57.8,188.6,39.6,29.0,20260907_145246
2026-09-07 14:54:54.194155,1516.25,57.8,188.6,40.8,29.8,20260907_145246
2026-09-07 14:54:54.394272,1516.25,57.8,188.6,41.2,29.8,20260907_145246
2026-09-07 14:54:54.594408,1506.25,57.8,188.6,41.6,29.8,20260907_145246
2026-09-07 14:54:54.794526,1509.25,57.8,188.6,41.6,29.8,20260907_145246
2026-09-07 14:54:54.994682,1507.0,57.8,190.4,41.2,29.0,20260907_145246
2026-09-07 14:54:55.194799,1509.25,57.8,190.4,40.0,27.8,20260907_145246
2026-09-07 14:54:55.394952,1509.25,58.4,190.4,37.3,25.5,20260907_145246
2026-09-07 14:54:55.595072,1507.0,58.4,190.4,33.7,25.1,20260907_145246
2026-09-07 14:54:55.795215,1513.25,58.4,190.4,33.3,25.1,20260907_145246
2026-09-07 14:54:55.995335,1516.25,58.4,190.4,32.5,25.1,20260907_145246
2026-09-07 14:54:56.195480,1509.25,57.8,190.4,32.9,25.5,20260907_145246
2026-09-07 14:54:56.395605,1515.5,58.4,190.4,34.1,25.9,20260907_145246
2026-09-07 14:54:56.595746,1505.25,58.4,190.4,35.3,25.5,20260907_145246
2026-09-07 14:54:56.795872,1518.75,58.4,190.4,34.5,25.5,20260907_145246
2026-09-07 14:54:56.996002,1516.25,58.4,190.4,34.5,25.9,20260907_145246
2026-09-07 14:54:57.196152,1518.75,58.4,190.4,35.7,26.7,20260907_145246
2026-09-07 14:54:57.396295,1515.5,58.4,190.4,38.8,28.2,20260907_145246
2026-09-07 14:54:57.596412,1517.75,58.4,190.4,40.4,29.0,20260907_145246
2026-09-07 14:54:57.796568,1514.75,58.4,190.4,40.4,29.4,20260907_145246
2026-09-07 14:54:57.996700,1521.75,58.4,190.4,40.8,29.4,20260907_145246
2026-09-07 14:54:58.196839,1517.75,58.4,190.4,40.8,29.0,20260907_145246
2026-09-07 14:54:58.396986,1521.75,58.4,190.4,40.0,28.6,20260907_145246
2026-09-07 14:54:58.597110,1522.5,58.4,190.4,39.2,27.8,20260907_145246
2026-09-07 14:54:58.797247,1520.25,58.4,192.2,39.2,27.8,20260907_145246
2026-09-07 14:54:58.997440,1521.0,58.4,192.2,39.2,27.8,20260907_145246
2026-09-07 14:54:59.197584,1524.0,58.4,192.2,38.8,27.5,20260907_145246
2026-09-07 14:54:59.397705,1525.0,58.4,192.2,36.5,26.3,20260907_145246
2026-09-07 14:54:59.597842,1528.0,58.4,192.2,33.3,23.9,20260907_145246
2026-09-07 14:54:59.797962,1518.75,58.4,192.2,31.4,24.3,20260907_145246
2026-09-07 14:54:59.998071,1529.5,59.0,192.2,31.0,24.3,20260907_145246
2026-09-07 14:55:00.198196,1525.75,59.0,192.2,31.0,24.3,20260907_145246
2026-09-07 14:55:00.398377,1527.25,59.0,192.2,30.6,23.9,20260907_145246
2026-09-07 14:55:00.598505,1529.5,59.0,192.2,30.2,23.9,20260907_145246
2026-09-07 14:55:00.798626,1526.5,59.0,192.2,30.2,24.3,20260907_145246
2026-09-07 14:55:00.998769,1530.25,59.0,192.2,31.0,24.7,20260907_145246
2026-09-07 14:55:01.198898,1526.5,59.0,192.2,31.0,24.3,20260907_145246
2026-09-07 14:55:01.399076,1532.0,59.0,192.2,29.8,24.7,20260907_145246
2026-09-07 14:55:01.599365,1534.25,59.0,192.2,29.8,25.1,20260907_145246
2026-09-07 14:55:01.799442,1540.5,59.0,192.2,30.6,25.1,20260907_145246
2026-09-07 14:55:01.999569,1534.25,59.0,192.2,30.2,24.7,20260907_145246
2026-09-07 14:55:02.199695,1539.75,59.0,192.2,29.8,24.7,20260907_145246
2026-09-07 14:55:02.399820,1535.75,59.0,192.2,27.1,23.1,20260907_145246
2026-09-07 14:55:02.599956,1538.25,59.0,192.2,22.4,20.4,20260907_145246
2026-09-07 14:55:02.800104,1541.25,59.0,192.2,18.4,16.5,20260907_145246
2026-09-07 14:55:03.000218,1537.5,59.0,192.2,14.9,19.2,20260907_145246
2026-09-07 14:55:03.200343,1533.5,59.0,192.2,15.7,19.2,20260907_145246
2026-09-07 14:55:03.400478,1532.75,59.0,192.2,13.3,16.9,20260907_145246
2026-09-07 14:55:03.600600,1529.5,59.0,192.2,9.4,16.1,20260907_145246
2026-09-07 14:55:03.800744,1527.25,59.0,192.2,7.5,16.9,20260907_145246
2026-09-07 14:55:04.000879,1530.25,59.0,192.2,8.2,18.0,20260907_145246
2026-09-07 14:55:04.201035,1545.25,59.0,192.2,11.8,20.0,20260907_145246
2026-09-07 14:55:04.401163,1617.75,59.0,192.2,15.7,21.2,20260907_145246
2026-09-07 14:55:04.601307,1582.75,59.0,192.2,18.8,21.2,20260907_145246
2026-09-07 14:55:04.801510,1550.0,58.4,192.2,20.0,22.7,20260907_145246
2026-09-07 14:55:05.001631,1570.25,58.4,192.2,23.1,22.7,20260907_145246
2026-09-07 14:55:05.201776,1549.0,58.4,192.2,23.5,22.7,20260907_145246
2026-09-07 14:55:05.401933,1550.0,59.0,192.2,23.9,22.7,20260907_145246
2026-09-07 14:55:05.602066,1546.75,59.0,192.2,25.1,23.1,20260907_145246
2026-09-07 14:55:05.802189,1540.5,59.0,192.2,25.9,23.1,20260907_145246
2026-09-07 14:55:06.002343,1528.75,59.0,192.2,26.3,23.9,20260907_145246
2026-09-07 14:55:06.202479,1525.0,58.4,192.2,29.8,25.5,20260907_145246
2026-09-07 14:55:06.402602,1534.25,59.0,192.2,36.9,28.6,20260907_145246
2026-09-07 14:55:06.602774,1528.0,59.0,192.2,39.2,28.2,20260907_145246
2026-09-07 14:55:06.802899,1525.75,59.0,192.2,38.4,27.8,20260907_145246
2026-09-07 14:55:07.003030,1533.5,59.0,192.2,38.0,28.2,20260907_145246
2026-09-07 14:55:07.203156,1527.25,59.0,192.2,39.2,28.2,20260907_145246
2026-09-07 14:55:07.403312,1535.0,59.0,192.2,38.4,27.5,20260907_145246
2026-09-07 14:55:07.603434,1526.5,59.0,192.2,35.3,25.5,20260907_145246
2026-09-07 14:55:07.803600,1532.75,59.0,192.2,33.7,25.1,20260907_145246
2026-09-07 14:55:08.003705,1529.5,59.0,192.2,33.3,25.1,20260907_145246
2026-09-07 14:55:08.203831,1525.75,59.0,192.2,33.3,25.5,20260907_145246
2026-09-07 14:55:08.403973,1529.5,59.0,192.2,33.7,25.5,20260907_145246
2026-09-07 14:55:08.604096,1523.25,59.0,192.2,33.7,25.5,20260907_145246
2026-09-07 14:55:08.804228,1528.75,59.0,192.2,34.1,25.5,20260907_145246
2026-09-07 14:55:09.004396,1529.5,59.0,192.2,33.7,25.5,20260907_145246
2026-09-07 14:55:09.204519,1532.0,59.0,192.2,34.1,25.9,20260907_145246
2026-09-07 14:55:09.404666,1528.75,59.0,192.2,36.9,27.5,20260907_145246
2026-09-07 14:55:09.604813,1529.5,59.0,192.2,38.0,27.5,20260907_145246
2026-09-07 14:55:09.804934,1532.0,59.0,192.2,37.6,27.5,20260907_145246
2026-09-07 14:55:10.005070,1532.75,59.0,192.2,38.0,27.5,20260907_145246
2026-09-07 14:55:10.205244,1526.5,59.0,192.2,38.4,27.5,20260907_145246
2026-09-07 14:55:10.405435,1533.5,59.0,192.2,37.3,27.1,20260907_145246
2026-09-07 14:55:10.605510,1525.75,59.0,192.2,38.0,27.8,20260907_145246
2026-09-07 14:55:10.805645,1534.25,59.0,192.2,39.6,28.2,20260907_145246
2026-09-07 14:55:11.005786,1528.75,59.0,192.2,38.8,27.8,20260907_145246
2026-09-07 14:55:11.205927,1535.0,59.0,192.2,38.8,27.5,20260907_145246
2026-09-07 14:55:11.406082,1532.75,59.0,192.2,34.9,25.1,20260907_145246
2026-09-07 14:55:11.606219,1529.5,59.0,192.2,32.9,24.7,20260907_145246
2026-09-07 14:55:11.806365,1530.25,59.0,192.2,32.2,24.3,20260907_145246
2026-09-07 14:55:12.006507,1525.0,59.0,192.2,29.4,20.8,20260907_145246
2026-09-07 14:55:12.206631,1528.0,59.0,192.2,22.4,21.2,20260907_145246
2026-09-07 14:55:12.406750,1528.75,59.0,192.2,22.7,22.0,20260907_145246
2026-09-07 14:55:12.606879,1528.75,59.0,192.2,24.7,20.4,20260907_145246
2026-09-07 14:55:12.807003,1523.25,59.0,192.2,18.8,19.2,20260907_145246
2026-09-07 14:55:13.007119,1514.75,58.4,192.2,13.7,18.4,20260907_145246
2026-09-07 14:55:13.207262,1515.5,58.4,192.2,10.6,18.0,20260907_145246
2026-09-07 14:55:13.407391,1515.5,58.4,192.2,10.2,18.4,20260907_145246
2026-09-07 14:55:13.607517,1521.0,57.8,192.2,13.7,19.2,20260907_145246
2026-09-07 14:55:13.807644,1539.0,57.8,192.2,14.5,19.6,20260907_145246
2026-09-07 14:55:14.007783,1532.0,57.8,192.2,14.1,19.6,20260907_145246
2026-09-07 14:55:14.207920,1517.0,57.8,192.2,13.7,18.4,20260907_145246
2026-09-07 14:55:14.408041,1489.75,57.8,192.2,11.8,18.4,20260907_145246
2026-09-07 14:55:14.608183,1498.25,57.2,192.2,12.2,18.8,20260907_145246
2026-09-07 14:55:14.808313,1497.5,57.2,192.2,14.1,20.4,20260907_145246
2026-09-07 14:55:15.008432,1546.75,57.2,192.2,15.7,20.4,20260907_145246
2026-09-07 14:55:15.208567,1514.75,57.2,192.2,16.5,19.2,20260907_145246
2026-09-07 14:55:15.408692,1483.5,57.2,192.2,17.3,20.0,20260907_145246
2026-09-07 14:55:15.608820,1483.5,57.2,192.2,20.4,20.4,20260907_145246
2026-09-07 14:55:15.808965,1481.25,57.2,192.2,21.2,20.4,20260907_145246
2026-09-07 14:55:16.009082,1473.25,56.5,192.2,20.8,19.2,20260907_145246
2026-09-07 14:55:16.209216,1475.0,56.5,192.2,18.8,19.6,20260907_145246
2026-09-07 14:55:16.409342,1472.5,56.5,192.2,18.8,19.6,20260907_145246
2026-09-07 14:55:16.609488,1466.25,56.5,192.2,18.8,18.8,20260907_145246
2026-09-07 14:55:16.809623,1463.25,56.5,192.2,15.3,17.6,20260907_145246
2026-09-07 14:55:17.009754,1457.0,55.9,192.2,12.2,17.3,20260907_145246
2026-09-07 14:55:17.209888,1452.25,55.9,192.2,11.0,17.6,20260907_145246
2026-09-07 14:55:17.410015,1454.5,55.9,192.2,10.6,17.3,20260907_145246
2026-09-07 14:55:17.610165,1432.75,55.3,190.4,8.2,16.5,20260907_145246
2026-09-07 14:55:17.810287,1407.0,54.7,192.2,8.2,16.5,20260907_145246
2026-09-07 14:55:18.010430,1402.25,54.1,190.4,8.2,16.5,20260907_145246
2026-09-07 14:55:18.210573,1392.75,54.1,190.4,8.2,16.5,20260907_145246
2026-09-07 14:55:18.410686,1389.75,53.4,190.4,8.2,16.5,20260907_145246
2026-09-07 14:55:18.610839,1385.75,53.4,190.4,8.2,16.5,20260907_145246
2026-09-07 14:55:18.810964,1474.0,52.8,190.4,7.5,16.9,20260907_145246
2026-09-07 14:55:19.011092,1592.75,52.8,190.4,6.3,17.6,20260907_145246
2026-09-07 14:55:19.211228,1608.5,52.8,190.4,7.5,17.6,20260907_145246
2026-09-07 14:55:19.411391,1604.5,52.2,190.4,7.8,17.6,20260907_145246
2026-09-07 14:55:19.611541,1647.5,52.2,190.4,7.5,18.0,20260907_145246
2026-09-07 14:55:19.811665,1641.25,52.2,190.4,7.8,17.6,20260907_145246
2026-09-07 14:55:20.011806,1635.75,51.6,190.4,7.5,17.6,20260907_145246
2026-09-07 14:55:20.211939,1631.25,51.6,190.4,7.8,17.6,20260907_145246
2026-09-07 14:55:20.412082,1645.25,51.6,190.4,7.1,17.3,20260907_145246
2026-09-07 14:55:20.612208,1639.75,51.6,190.4,8.2,18.0,20260907_145246
2026-09-07 14:55:20.812341,1609.25,51.6,190.4,6.7,17.3,20260907_145246
2026-09-07 14:55:21.012483,1628.75,51.0,190.4,6.7,17.3,20260907_145246
2026-09-07 14:55:21.212613,1615.5,51.0,190.4,6.7,17.3,20260907_145246
2026-09-07 14:55:21.412734,1629.5,51.0,190.4,10.2,20.4,20260907_145246
2026-09-07 14:55:21.612900,1635.75,51.0,190.4,15.3,22.0,20260907_145246
2026-09-07 14:55:21.813041,1675.75,51.0,190.4,16.5,21.6,20260907_145246
2026-09-07 14:55:22.013174,1631.25,51.0,190.4,15.7,20.0,20260907_145246
2026-09-07 14:55:22.213300,1622.5,51.0,190.4,15.3,20.8,20260907_145246
2026-09-07 14:55:22.413460,1637.5,51.0,190.4,17.3,21.2,20260907_145246
2026-09-07 14:55:22.613594,1617.75,51.0,190.4,18.4,21.6,20260907_145246
2026-09-07 14:55:22.813729,1623.25,51.0,190.4,19.2,21.6,20260907_145246
2026-09-07 14:55:23.013856,1615.5,51.0,190.4,19.2,21.6,20260907_145246
2026-09-07 14:55:23.213988,1615.5,51.0,190.4,18.4,20.0,20260907_145246
2026-09-07 14:55:23.414238,1623.25,51.0,190.4,16.1,20.4,20260907_145246
2026-09-07 14:55:23.614390,1614.0,51.0,190.4,16.1,19.2,20260907_145246
2026-09-07 14:55:23.814537,1610.75,51.0,190.4,13.7,17.6,20260907_145246
2026-09-07 14:55:24.014674,1611.5,51.0,190.4,8.2,16.9,20260907_145246
2026-09-07 14:55:24.214806,1602.25,51.0,190.4,7.1,17.3,20260907_145246
2026-09-07 14:55:24.414927,1597.5,51.0,190.4,7.1,16.9,20260907_145246
2026-09-07 14:55:24.615074,1594.5,50.3,190.4,7.1,16.9,20260907_145246
2026-09-07 14:55:24.815203,1584.25,50.3,190.4,7.1,16.9,20260907_145246
2026-09-07 14:55:25.015359,1586.5,50.3,190.4,6.7,16.9,20260907_145246
2026-09-07 14:55:25.215479,1582.0,49.7,190.4,6.3,16.9,20260907_145246
2026-09-07 14:55:25.415618,1567.75,49.7,190.4,6.7,16.9,20260907_145246
2026-09-07 14:55:25.615747,1521.75,49.7,190.4,7.1,16.9,20260907_145246
2026-09-07 14:55:25.815956,1457.75,49.7,190.4,7.8,16.9,20260907_145246
2026-09-07 14:55:26.016094,1453.75,49.7,190.4,7.8,16.9,20260907_145246
2026-09-07 14:55:26.216209,1474.0,49.1,190.4,7.5,16.9,20260907_145246
2026-09-07 14:55:26.416361,1500.0,49.1,190.4,7.5,16.9,20260907_145246
2026-09-07 14:55:26.616481,1542.0,49.1,190.4,7.1,18.4,20260907_145246
2026-09-07 14:55:26.816613,1596.75,49.1,190.4,11.4,20.0,20260907_145246
2026-09-07 14:55:27.016769,1646.0,49.1,190.4,14.5,23.5,20260907_145246
2026-09-07 14:55:27.216888,1639.75,49.1,190.4,21.6,26.3,20260907_145246
2026-09-07 14:55:27.417003,1750.0,49.1,190.4,32.9,37.6,20260907_145246
2026-09-07 14:55:27.617131,1656.25,49.1,190.4,39.2,42.4,20260907_145246
2026-09-07 14:55:27.817273,1660.75,49.7,190.4,43.5,46.7,20260907_145246
2026-09-07 14:55:28.017486,1621.0,49.7,190.4,47.5,50.6,20260907_145246
2026-09-07 14:55:28.217608,1624.0,49.7,190.4,51.4,50.6,20260907_145246
2026-09-07 14:55:28.417733,1612.5,49.7,190.4,56.9,48.6,20260907_145246
2026-09-07 14:55:28.617849,1628.0,50.3,190.4,58.8,51.4,20260907_145246
2026-09-07 14:55:28.817984,1654.5,50.3,190.4,62.7,57.3,20260907_145246
2026-09-07 14:55:29.018104,1656.25,50.3,190.4,65.5,59.2,20260907_145246
2026-09-07 14:55:29.218257,1664.75,51.0,190.4,67.5,58.4,20260907_145246
2026-09-07 14:55:29.418386,1680.25,51.0,190.4,70.6,61.2,20260907_145246
2026-09-07 14:55:29.618517,1679.5,51.6,190.4,74.1,59.6,20260907_145246
2026-09-07 14:55:29.818648,1686.5,51.6,190.4,77.3,56.9,20260907_145246
2026-09-07 14:55:30.018777,1709.25,52.2,192.2,79.6,59.6,20260907_145246
2026-09-07 14:55:30.218917,1716.25,52.2,192.2,81.6,63.1,20260907_145246
2026-09-07 14:55:30.419053,1716.25,52.8,192.2,83.9,63.1,20260907_145246
2026-09-07 14:55:30.619181,1721.75,52.8,192.2,86.3,61.6,20260907_145246
2026-09-07 14:55:30.819312,1716.25,52.8,192.2,87.5,63.9,20260907_145246
2026-09-07 14:55:31.019438,1727.25,53.4,192.2,89.0,62.7,20260907_145246
2026-09-07 14:55:31.219563,1729.5,53.4,192.2,89.0,62.0,20260907_145246
2026-09-07 14:55:31.419687,1755.25,54.1,192.2,90.2,67.1,20260907_145246
2026-09-07 14:55:31.619829,1755.25,54.1,192.2,91.4,71.8,20260907_145246
2026-09-07 14:55:31.819943,1775.75,54.7,192.2,93.7,81.6,20260907_145246
2026-09-07 14:55:32.020070,1773.25,54.7,192.2,93.3,82.0,20260907_145246
2026-09-07 14:55:32.220196,1792.75,55.3,192.2,94.9,82.0,20260907_145246
2026-09-07 14:55:32.420395,1803.75,55.3,192.2,98.0,82.0,20260907_145246
2026-09-07 14:55:32.620529,1810.75,55.3,192.2,98.0,82.0,20260907_145246
2026-09-07 14:55:32.820669,1821.0,55.9,192.2,98.4,82.0,20260907_145246
2026-09-07 14:55:33.020792,1824.0,55.9,190.4,98.4,82.0,20260907_145246
2026-09-07 14:55:33.220927,1827.25,55.9,190.4,98.4,82.0,20260907_145246
2026-09-07 14:55:33.421066,1831.25,56.5,190.4,98.4,82.0,20260907_145246
2026-09-07 14:55:33.621197,1842.0,56.5,190.4,97.6,82.0,20260907_145246
2026-09-07 14:55:33.821319,1851.5,56.5,190.4,100.0,82.0,20260907_145246
2026-09-07 14:55:34.021457,1839.75,57.2,188.6,100.0,82.0,20260907_145246
2026-09-07 14:55:34.221580,1841.25,57.2,188.6,100.0,82.0,20260907_145246
2026-09-07 14:55:34.421724,1850.75,57.2,188.6,100.0,82.0,20260907_145246
2026-09-07 14:55:34.621843,1861.5,57.8,188.6,100.0,82.0,20260907_145246
2026-09-07 14:55:34.821970,1863.25,57.8,186.8,100.0,82.0,20260907_145246
2026-09-07 14:55:35.022138,1877.25,57.8,186.8,99.6,82.0,20260907_145246
2026-09-07 14:55:35.222272,2054.5,57.8,186.8,100.0,82.0,20260907_145246
2026-09-07 14:55:35.422395,2294.5,57.8,185.0,100.0,82.0,20260907_145246
2026-09-07 14:55:35.622529,2529.5,57.8,185.0,100.0,82.0,20260907_145246
2026-09-07 14:55:35.822661,2478.75,58.4,185.0,100.0,82.0,20260907_145246
2026-09-07 14:55:36.022803,2400.75,58.4,183.2,100.0,82.0,20260907_145246
2026-09-07 14:55:36.222933,2374.0,59.0,183.2,100.0,82.0,20260907_145246
2026-09-07 14:55:36.423082,2375.0,59.0,183.2,99.6,82.0,20260907_145246
2026-09-07 14:55:36.623210,2391.25,59.0,183.2,99.6,82.0,20260907_145246
2026-09-07 14:55:36.823347,2407.75,59.7,183.2,100.0,82.0,20260907_145246
2026-09-07 14:55:37.023490,2417.75,59.7,181.4,100.0,82.0,20260907_145246
2026-09-07 14:55:37.223614,2432.75,60.3,181.4,100.0,82.0,20260907_145246
2026-09-07 14:55:37.423737,2432.75,60.3,181.4,100.0,82.0,20260907_145246
2026-09-07 14:55:37.623884,2453.0,60.9,181.4,100.0,82.0,20260907_145246
2026-09-07 14:55:37.824008,2460.0,60.9,181.4,100.0,82.0,20260907_145246
2026-09-07 14:55:38.024229,2462.5,60.9,181.4,100.0,82.0,20260907_145246
2026-09-07 14:55:38.224357,2475.0,61.5,179.6,100.0,82.0,20260907_145246
2026-09-07 14:55:38.424482,2486.5,61.5,179.6,99.6,49.8,20260907_145246
2026-09-07 14:55:38.624614,2477.25,62.1,179.6,89.0,36.5,20260907_145246
2026-09-07 14:55:38.824739,2506.25,62.1,179.6,83.1,36.9,20260907_145246
2026-09-07 14:55:39.024884,2513.25,62.1,179.6,80.4,38.8,20260907_145246
2026-09-07 14:55:39.225006,2528.0,62.8,179.6,81.6,43.5,20260907_145246
2026-09-07 14:55:39.425125,2521.0,62.8,179.6,82.4,46.7,20260907_145246
2026-09-07 14:55:39.625257,2525.75,62.8,179.6,82.4,46.7,20260907_145246
2026-09-07 14:55:39.825457,,63.4,179.6,80.8,51.8,20260907_145246
2026-09-07 14:55:40.159154,2553.75,63.4,179.6,80.8,52.2,20260907_145246
2026-09-07 14:55:40.359275,2561.5,63.4,179.6,80.8,51.4,20260907_145246
2026-09-07 14:55:40.559423,2560.75,63.4,179.6,78.8,44.3,20260907_145246
2026-09-07 14:55:40.759585,2547.5,64.0,179.6,69.0,36.1,20260907_145246
2026-09-07 14:55:40.959707,2579.5,64.0,179.6,67.8,41.2,20260907_145246
2026-09-07 14:55:41.159844,2583.5,64.0,179.6,70.6,45.1,20260907_145246
2026-09-07 14:55:41.359986,2577.25,64.0,179.6,70.6,47.1,20260907_145246
2026-09-07 14:55:41.560140,2596.0,64.0,179.6,71.0,47.8,20260907_145246
2026-09-07 14:55:41.760285,2595.25,64.0,179.6,71.4,47.1,20260907_145246
2026-09-07 14:55:41.960440,2589.0,64.6,179.6,69.4,43.1,20260907_145246
2026-09-07 14:55:42.160569,2584.25,64.6,179.6,64.7,33.3,20260907_145246
2026-09-07 14:55:42.360688,2594.5,64.6,179.6,57.3,36.1,20260907_145246
2026-09-07 14:55:42.560822,2601.5,64.6,179.6,57.6,38.8,20260907_145246
2026-09-07 14:55:42.760949,2606.25,64.6,181.4,58.4,42.7,20260907_145246
2026-09-07 14:55:42.961084,2604.5,64.6,181.4,59.6,44.3,20260907_145246
2026-09-07 14:55:43.161220,2607.75,64.6,181.4,59.6,44.7,20260907_145246
2026-09-07 14:55:43.361339,2612.5,64.6,181.4,58.8,44.3,20260907_145246
2026-09-07 14:55:43.561497,2603.75,64.6,181.4,58.4,45.1,20260907_145246
2026-09-07 14:55:43.761617,2607.75,64.6,181.4,58.0,45.9,20260907_145246
2026-09-07 14:55:43.961756,2611.5,64.6,181.4,57.6,46.7,20260907_145246
2026-09-07 14:55:44.161899,2609.25,64.6,181.4,57.3,47.5,20260907_145246
2026-09-07 14:55:44.362046,2607.75,64.6,179.6,56.9,47.8,20260907_145246
2026-09-07 14:55:44.562177,2615.5,64.6,179.6,56.9,45.5,20260907_145246
2026-09-07 14:55:44.762315,2614.0,64.6,179.6,54.9,42.7,20260907_145246
2026-09-07 14:55:44.962446,2609.25,64.6,179.6,53.7,43.1,20260907_145246
2026-09-07 14:55:45.162573,2616.25,64.6,179.6,53.3,43.9,20260907_145246
2026-09-07 14:55:45.362703,2612.5,64.6,179.6,53.3,44.3,20260907_145246
2026-09-07 14:55:45.562830,2601.5,64.6,179.6,51.8,32.5,20260907_145246
2026-09-07 14:55:45.762961,2557.75,64.6,179.6,32.9,23.9,20260907_145246
2026-09-07 14:55:45.963095,2574.0,64.6,179.6,23.9,27.1,20260907_145246
2026-09-07 14:55:46.163245,2630.25,64.0,179.6,31.8,30.2,20260907_145246
2026-09-07 14:55:46.363358,2613.25,64.0,179.6,38.0,32.2,20260907_145246
2026-09-07 14:55:46.563511,2585.75,64.0,179.6,37.6,32.2,20260907_145246
2026-09-07 14:55:46.763627,2558.5,64.0,181.4,40.0,34.5,20260907_145246
2026-09-07 14:55:46.963767,2557.0,64.0,181.4,41.2,39.2,20260907_145246
2026-09-07 14:55:47.163897,2551.5,64.0,181.4,44.3,40.0,20260907_145246
2026-09-07 14:55:47.364020,2553.0,64.0,181.4,42.0,32.5,20260907_145246
2026-09-07 14:55:47.564140,2549.0,64.0,181.4,36.5,30.6,20260907_145246
2026-09-07 14:55:47.764275,2552.25,64.0,181.4,37.3,33.3,20260907_145246
2026-09-07 14:55:47.964423,2550.0,64.0,181.4,44.3,42.0,20260907_145246
2026-09-07 14:55:48.164529,2576.5,64.0,181.4,45.1,45.9,20260907_145246
2026-09-07 14:55:48.364706,2603.0,64.0,181.4,47.8,49.4,20260907_145246
2026-09-07 14:55:48.564833,2602.25,64.0,181.4,51.8,51.8,20260907_145246
2026-09-07 14:55:48.764966,2598.25,64.0,181.4,54.5,52.2,20260907_145246
2026-09-07 14:55:48.965108,2596.0,64.6,181.4,56.9,50.6,20260907_145246
2026-09-07 14:55:49.165212,2601.5,64.6,181.4,57.3,49.0,20260907_145246
2026-09-07 14:55:49.365337,2601.5,64.6,181.4,56.1,48.6,20260907_145246
2026-09-07 14:55:49.565534,2613.25,64.6,181.4,54.5,49.0,20260907_145246
2026-09-07 14:55:49.765659,2618.75,65.2,181.4,54.5,49.0,20260907_145246
2026-09-07 14:55:49.965870,2621.0,65.2,181.4,54.9,49.4,20260907_145246
2026-09-07 14:55:50.165992,2640.5,65.2,181.4,58.8,52.2,20260907_145246
2026-09-07 14:55:50.366160,2632.75,65.2,181.4,60.8,50.6,20260907_145246
2026-09-07 14:55:50.566289,2642.75,65.9,181.4,60.4,50.2,20260907_145246
2026-09-07 14:55:50.766417,2643.75,65.9,181.4,60.0,49.8,20260907_145246
2026-09-07 14:55:50.966571,2643.75,65.9,181.4,59.2,49.0,20260907_145246
2026-09-07 14:55:51.166708,2658.5,65.9,181.4,58.8,47.1,20260907_145246
2026-09-07 14:55:51.366834,2652.25,66.5,181.4,53.7,37.6,20260907_145246
2026-09-07 14:55:51.566978,2667.75,66.5,181.4,52.2,40.0,20260907_145246
2026-09-07 14:55:51.767099,2685.75,66.5,181.4,52.9,42.4,20260907_145246
2026-09-07 14:55:51.967254,2685.75,66.5,181.4,53.3,43.9,20260907_145246
2026-09-07 14:55:52.167359,2683.5,66.5,181.4,52.9,42.7,20260907_145246
2026-09-07 14:55:52.367485,2678.0,66.5,181.4,51.0,35.3,20260907_145246
2026-09-07 14:55:52.567623,2668.75,66.5,181.4,43.1,31.4,20260907_145246
2026-09-07 14:55:52.767768,2680.25,66.5,181.4,39.6,29.8,20260907_145246
2026-09-07 14:55:52.967943,2675.75,66.5,181.4,36.1,29.8,20260907_145246
2026-09-07 14:55:53.168065,2680.25,66.5,181.4,36.1,31.8,20260907_145246
2026-09-07 14:55:53.368228,2697.5,66.5,181.4,39.6,34.1,20260907_145246
2026-09-07 14:55:53.568353,2496.75,66.5,181.4,40.0,33.3,20260907_145246
2026-09-07 14:55:53.768583,2199.0,66.5,181.4,39.6,35.3,20260907_145246
2026-09-07 14:55:53.968690,2190.5,66.5,181.4,43.1,40.8,20260907_145246
2026-09-07 14:55:54.168833,2153.75,66.5,181.4,43.5,42.7,20260907_145246
2026-09-07 14:55:54.368973,2137.5,66.5,181.4,43.5,43.1,20260907_145246
2026-09-07 14:55:54.569089,2127.25,66.5,181.4,44.3,43.5,20260907_145246
2026-09-07 14:55:54.769221,2119.5,66.5,181.4,44.7,43.5,20260907_145246
2026-09-07 14:55:54.969435,2105.25,66.5,181.4,44.7,42.7,20260907_145246
2026-09-07 14:55:55.169478,2100.75,66.5,181.4,44.7,42.7,20260907_145246
2026-09-07 14:55:55.369610,2103.75,66.5,181.4,44.3,42.4,20260907_145246
2026-09-07 14:55:55.569716,2100.0,66.5,181.4,43.5,38.0,20260907_145246
2026-09-07 14:55:55.769882,2097.5,66.5,181.4,40.0,30.2,20260907_145246
2026-09-07 14:55:55.970012,2096.75,66.5,181.4,32.5,25.9,20260907_145246
2026-09-07 14:55:56.170126,2091.25,65.9,181.4,25.9,25.5,20260907_145246
2026-09-07 14:55:56.370256,1850.0,65.9,181.4,24.3,25.5,20260907_145246
2026-09-07 14:55:56.570397,1771.75,65.9,181.4,27.1,26.3,20260907_145246
2026-09-07 14:55:56.770524,1777.25,65.2,181.4,29.8,27.1,20260907_145246
2026-09-07 14:55:56.970660,1753.0,65.2,181.4,29.8,27.1,20260907_145246
2026-09-07 14:55:57.170785,1738.25,65.2,181.4,29.8,27.1,20260907_145246
2026-09-07 14:55:57.370931,1708.5,65.2,181.4,29.8,25.9,20260907_145246
2026-09-07 14:55:57.571060,1696.75,65.2,183.2,28.6,26.7,20260907_145246
2026-09-07 14:55:57.771283,1689.0,64.6,183.2,29.0,26.3,20260907_145246
2026-09-07 14:55:57.971418,1684.25,64.6,183.2,29.0,26.7,20260907_145246
2026-09-07 14:55:58.171552,1685.0,64.6,183.2,32.2,28.6,20260907_145246
2026-09-07 14:55:58.371694,1698.25,64.6,183.2,35.3,34.9,20260907_145246
2026-09-07 14:55:58.571822,1721.75,64.6,183.2,38.4,38.4,20260907_145246
2026-09-07 14:55:58.771961,1705.25,64.6,183.2,39.6,39.2,20260907_145246
2026-09-07 14:55:58.972128,1719.5,64.6,183.2,42.4,41.2,20260907_145246
2026-09-07 14:55:59.172256,1703.0,64.6,183.2,44.3,41.2,20260907_145246
2026-09-07 14:55:59.372409,1698.25,64.6,183.2,45.1,40.0,20260907_145246
2026-09-07 14:55:59.572529,1692.0,64.0,183.2,44.7,39.6,20260907_145246
2026-09-07 14:55:59.772672,1713.25,64.0,183.2,50.2,47.5,20260907_145246
2026-09-07 14:55:59.972825,1682.75,64.6,183.2,54.9,49.4,20260907_145246
2026-09-07 14:56:00.172954,1705.25,64.0,183.2,58.4,45.9,20260907_145246
2026-09-07 14:56:00.373086,1669.5,64.0,181.4,52.9,27.8,20260907_145246
2026-09-07 14:56:00.573209,1677.25,64.0,181.4,42.4,28.6,20260907_145246
2026-09-07 14:56:00.773350,1694.5,64.0,181.4,42.4,29.8,20260907_145246
2026-09-07 14:56:00.973452,1691.25,64.0,181.4,42.0,33.3,20260907_145246
2026-09-07 14:56:01.173614,1693.75,64.0,181.4,43.1,36.9,20260907_145246
2026-09-07 14:56:01.373734,1713.25,64.0,181.4,50.6,46.3,20260907_145246
2026-09-07 14:56:01.573861,1674.0,64.0,181.4,52.2,49.4,20260907_145246
2026-09-07 14:56:01.774009,1692.0,64.0,181.4,55.7,47.8,20260907_145246
2026-09-07 14:56:01.974127,1714.0,64.0,181.4,57.3,44.7,20260907_145246
2026-09-07 14:56:02.174253,1703.0,64.0,181.4,58.0,43.5,20260907_145246
2026-09-07 14:56:02.374404,1683.5,64.0,181.4,56.5,29.4,20260907_145246
2026-09-07 14:56:02.574536,1664.75,64.0,181.4,39.2,23.9,20260907_145246
2026-09-07 14:56:02.774666,1675.75,64.0,181.4,31.8,24.7,20260907_145246
2026-09-07 14:56:02.974817,1714.75,64.0,181.4,31.4,26.7,20260907_145246
2026-09-07 14:56:03.174952,1739.75,64.0,181.4,40.4,38.4,20260907_145246
2026-09-07 14:56:03.375089,1720.25,64.0,181.4,51.0,46.7,20260907_145246
2026-09-07 14:56:03.575237,1677.25,64.0,181.4,51.8,48.2,20260907_145246
2026-09-07 14:56:03.775385,1690.5,64.0,181.4,55.7,44.7,20260907_145246
2026-09-07 14:56:03.975502,1694.5,,181.4,56.1,36.9,20260907_145246
2026-09-07 14:56:04.306403,1690.5,64.0,181.4,56.1,32.5,20260907_145246
2026-09-07 14:56:04.506580,1672.5,64.0,181.4,47.8,30.6,20260907_145246
2026-09-07 14:56:04.706669,1678.75,64.0,181.4,47.1,34.5,20260907_145246
2026-09-07 14:56:04.906789,1693.75,64.0,181.4,48.6,37.6,20260907_145246
2026-09-07 14:56:05.106923,1687.5,64.0,181.4,50.2,40.0,20260907_145246
2026-09-07 14:56:05.307051,1698.25,64.0,181.4,50.2,40.0,20260907_145246
2026-09-07 14:56:05.507209,1681.25,64.0,181.4,49.4,38.8,20260907_145246
2026-09-07 14:56:05.707329,1682.75,64.0,181.4,49.0,39.6,20260907_145246
2026-09-07 14:56:05.907448,1685.75,64.0,181.4,48.6,39.6,20260907_145246
2026-09-07 14:56:06.107592,1686.5,64.0,181.4,49.0,39.6,20260907_145246
2026-09-07 14:56:06.307706,1685.0,64.0,181.4,48.6,39.2,20260907_145246
2026-09-07 14:56:06.507857,1690.5,64.0,181.4,47.8,38.4,20260907_145246
2026-09-07 14:56:06.707982,1683.5,64.0,181.4,47.1,31.0,20260907_145246
2026-09-07 14:56:06.908097,1678.0,64.0,181.4,40.8,27.8,20260907_145246
2026-09-07 14:56:07.108240,1682.0,64.0,181.4,37.6,27.8,20260907_145246
2026-09-07 14:56:07.308388,1689.75,64.0,181.4,36.5,28.6,20260907_145246
2026-09-07 14:56:07.508542,1693.75,64.0,181.4,36.9,31.0,20260907_145246
2026-09-07 14:56:07.708660,1683.5,64.0,181.4,38.4,31.0,20260907_145246
2026-09-07 14:56:07.908780,1677.25,64.0,181.4,37.3,31.0,20260907_145246
2026-09-07 14:56:08.108927,1684.25,64.0,181.4,36.9,31.4,20260907_145246
2026-09-07 14:56:08.309053,1682.0,63.4,181.4,36.9,31.0,20260907_145246
2026-09-07 14:56:08.509188,1675.0,63.4,181.4,36.5,32.2,20260907_145246
2026-09-07 14:56:08.709313,1678.75,63.4,181.4,37.3,32.9,20260907_145246
2026-09-07 14:56:08.909459,1681.25,63.4,181.4,38.4,37.6,20260907_145246
2026-09-07 14:56:09.109587,1695.25,63.4,181.4,42.7,41.6,20260907_145246
2026-09-07 14:56:09.309710,1669.5,63.4,181.4,45.9,41.2,20260907_145246
2026-09-07 14:56:09.509833,1675.75,63.4,181.4,45.9,38.0,20260907_145246
2026-09-07 14:56:09.709969,1662.5,63.4,181.4,45.1,37.3,20260907_145246
2026-09-07 14:56:09.910152,1669.5,63.4,181.4,45.1,38.4,20260907_145246
2026-09-07 14:56:10.110289,1664.0,63.4,181.4,45.1,36.5,20260907_145246
2026-09-07 14:56:10.310419,1660.0,63.4,181.4,41.2,28.2,20260907_145246
2026-09-07 14:56:10.510548,1657.0,63.4,181.4,36.9,27.8,20260907_145246
2026-09-07 14:56:10.711162,1670.25,63.4,181.4,36.1,29.0,20260907_145246
2026-09-07 14:56:10.911290,1672.5,63.4,181.4,37.3,29.8,20260907_145246
2026-09-07 14:56:11.111465,1662.5,63.4,181.4,36.9,30.2,20260907_145246
2026-09-07 14:56:11.311597,1662.5,63.4,181.4,36.1,29.4,20260907_145246
2026-09-07 14:56:11.511720,1663.25,63.4,181.4,36.1,29.8,20260907_145246
2026-09-07 14:56:11.711859,1668.75,63.4,181.4,36.5,31.0,20260907_145246
2026-09-07 14:56:11.911973,1666.25,63.4,181.4,36.9,30.2,20260907_145246
2026-09-07 14:56:12.112116,1667.75,63.4,181.4,36.5,31.4,20260907_145246
2026-09-07 14:56:12.312282,1664.75,63.4,181.4,36.5,30.6,20260907_145246
2026-09-07 14:56:12.512427,1670.25,63.4,181.4,36.1,30.2,20260907_145246
2026-09-07 14:56:12.712574,1669.5,63.4,181.4,34.5,27.5,20260907_145246
2026-09-07 14:56:12.912691,1643.75,63.4,181.4,27.8,23.5,20260907_145246
2026-09-07 14:56:13.112811,1646.75,63.4,179.6,24.7,23.9,20260907_145246
2026-09-07 14:56:13.312957,1649.0,63.4,179.6,24.3,23.9,20260907_145246
2026-09-07 14:56:13.513091,1635.75,62.8,179.6,22.0,22.7,20260907_145246
2026-09-07 14:56:13.713215,1639.0,62.8,179.6,20.8,23.1,20260907_145246
2026-09-07 14:56:13.913358,1632.0,62.8,179.6,21.2,23.1,20260907_145246
2026-09-07 14:56:14.113458,1636.5,62.8,179.6,21.2,22.7,20260907_145246
2026-09-07 14:56:14.313593,1631.25,62.8,179.6,21.2,22.7,20260907_145246
2026-09-07 14:56:14.513714,1631.25,62.8,179.6,21.6,22.7,20260907_145246
2026-09-07 14:56:14.713849,1631.25,62.8,179.6,21.6,23.1,20260907_145246
2026-09-07 14:56:14.913988,1630.25,62.8,179.6,22.4,23.1,20260907_145246
2026-09-07 14:56:15.114099,1628.0,62.8,179.6,22.4,23.1,20260907_145246
2026-09-07 14:56:15.314261,1629.5,62.8,179.6,22.0,22.7,20260907_145246
2026-09-07 14:56:15.514383,1623.25,62.8,179.6,21.6,22.4,20260907_145246
2026-09-07 14:56:15.714520,1624.0,62.8,179.6,20.8,22.7,20260907_145246
2026-09-07 14:56:15.914666,1627.25,62.1,179.6,22.0,23.1,20260907_145246
2026-09-07 14:56:16.114767,1622.5,62.8,179.6,23.5,24.3,20260907_145246
2026-09-07 14:56:16.314896,1624.0,62.8,179.6,30.6,28.6,20260907_145246
2026-09-07 14:56:16.515026,1625.75,62.8,179.6,35.7,29.8,20260907_145246
2026-09-07 14:56:16.715178,1626.5,62.8,179.6,36.1,31.8,20260907_145246
2026-09-07 14:56:16.915313,1628.75,62.8,179.6,36.9,30.2,20260907_145246
2026-09-07 14:56:17.115437,1621.75,62.8,179.6,32.9,27.1,20260907_145246
2026-09-07 14:56:17.315566,1632.0,62.8,179.6,30.2,26.7,20260907_145246
2026-09-07 14:56:17.515690,1627.25,62.8,179.6,31.4,27.1,20260907_145246
2026-09-07 14:56:17.715832,1625.75,62.8,179.6,32.2,26.7,20260907_145246
2026-09-07 14:56:17.915974,1629.5,62.8,179.6,31.4,27.5,20260907_145246
2026-09-07 14:56:18.116099,1632.0,62.8,179.6,33.7,28.6,20260907_145246
2026-09-07 14:56:18.316234,1636.5,62.8,179.6,36.1,29.8,20260907_145246
2026-09-07 14:56:18.516364,1638.25,62.8,179.6,38.8,37.6,20260907_145246
2026-09-07 14:56:18.716495,1663.25,62.8,179.6,39.2,35.7,20260907_145246
2026-09-07 14:56:18.916644,1651.5,62.8,179.6,36.1,27.1,20260907_145246
2026-09-07 14:56:19.116755,1638.25,62.8,179.6,28.6,24.7,20260907_145246
2026-09-07 14:56:19.316883,1650.75,62.8,179.6,27.5,25.1,20260907_145246
2026-09-07 14:56:19.517017,1648.25,62.8,179.6,27.5,25.5,20260907_145246
2026-09-07 14:56:19.717138,1636.5,62.8,177.8,30.2,27.8,20260907_145246
2026-09-07 14:56:19.917290,1639.75,62.8,179.6,33.3,27.8,20260907_145246
2026-09-07 14:56:20.117483,1634.25,62.8,177.8,32.9,27.5,20260907_145246
2026-09-07 14:56:20.317651,1638.25,62.8,177.8,32.5,26.3,20260907_145246
2026-09-07 14:56:20.517782,1633.5,63.4,177.8,30.6,25.5,20260907_145246
2026-09-07 14:56:20.717953,1637.5,62.8,177.8,29.8,25.5,20260907_145246
2026-09-07 14:56:20.918091,1634.25,62.8,177.8,26.3,23.1,20260907_145246
2026-09-07 14:56:21.118213,1637.5,62.8,177.8,23.1,23.1,20260907_145246
2026-09-07 14:56:21.318363,1637.5,62.8,177.8,25.1,24.7,20260907_145246
2026-09-07 14:56:21.518482,1643.75,62.8,177.8,27.1,24.7,20260907_145246
2026-09-07 14:56:21.718602,1635.75,63.4,177.8,27.1,24.3,20260907_145246
2026-09-07 14:56:21.918748,1641.25,63.4,177.8,26.3,24.3,20260907_145246
2026-09-07 14:56:22.118918,1645.25,63.4,177.8,26.7,24.7,20260907_145246
2026-09-07 14:56:22.319043,1641.25,63.4,177.8,26.3,24.3,20260907_145246
2026-09-07 14:56:22.519168,1644.5,63.4,177.8,26.3,24.3,20260907_145246
2026-09-07 14:56:22.719290,1646.0,63.4,177.8,25.9,24.7,20260907_145246
2026-09-07 14:56:22.919432,1646.75,63.4,177.8,26.7,24.7,20260907_145246
2026-09-07 14:56:23.119585,1644.5,63.4,177.8,25.9,25.1,20260907_145246
2026-09-07 14:56:23.319710,1653.75,63.4,177.8,26.7,25.5,20260907_145246
2026-09-07 14:56:23.519847,1646.0,63.4,177.8,26.7,25.1,20260907_145246
2026-09-07 14:56:23.719972,1648.25,63.4,177.8,26.3,25.1,20260907_145246
2026-09-07 14:56:23.920206,1653.0,63.4,177.8,26.3,25.1,20260907_145246
2026-09-07 14:56:24.120331,1651.5,63.4,177.8,26.3,25.1,20260907_145246
2026-09-07 14:56:24.320491,1653.75,63.4,177.8,26.3,25.1,20260907_145246
2026-09-07 14:56:24.520610,1650.75,64.0,177.8,20.0,20.4,20260907_145246
2026-09-07 14:56:24.720737,1653.0,63.4,177.8,13.3,18.4,20260907_145246
2026-09-07 14:56:24.920874,1645.25,63.4,177.8,9.0,17.3,20260907_145246
2026-09-07 14:56:25.120996,1648.25,63.4,177.8,6.7,17.6,20260907_145246
2026-09-07 14:56:25.321124,1661.5,63.4,177.8,10.6,19.2,20260907_145246
2026-09-07 14:56:25.521248,1670.25,63.4,177.8,11.0,19.2,20260907_145246
2026-09-07 14:56:25.721439,1667.75,63.4,177.8,11.0,19.6,20260907_145246
2026-09-07 14:56:25.921574,1676.5,63.4,176.0,11.4,19.6,20260907_145246
2026-09-07 14:56:26.121726,1694.5,63.4,176.0,13.7,20.8,20260907_145246
2026-09-07 14:56:26.321847,1716.25,63.4,176.0,16.5,21.6,20260907_145246
2026-09-07 14:56:26.521971,1663.25,63.4,176.0,17.3,21.6,20260907_145246
2026-09-07 14:56:26.722105,1657.0,63.4,176.0,17.6,21.6,20260907_145246
2026-09-07 14:56:26.922238,1658.5,63.4,176.0,17.6,21.6,20260907_145246
2026-09-07 14:56:27.122369,1656.25,63.4,176.0,18.8,22.7,20260907_145246
2026-09-07 14:56:27.322511,1642.0,63.4,176.0,20.8,23.1,20260907_145246
2026-09-07 14:56:27.522617,1650.0,63.4,176.0,22.4,23.5,20260907_145246
2026-09-07 14:56:27.722762,1640.5,63.4,176.0,20.8,20.4,20260907_145246
2026-09-07 14:56:27.922916,1636.5,63.4,176.0,14.5,19.6,20260907_145246
2026-09-07 14:56:28.123082,,63.4,176.0,18.4,22.0,20260907_145246
2026-09-07 14:56:28.457185,1646.75,63.4,176.0,19.6,22.0,20260907_145246
2026-09-07 14:56:28.657312,1646.0,63.4,176.0,19.2,21.6,20260907_145246
2026-09-07 14:56:28.857538,1638.25,63.4,176.0,18.8,22.0,20260907_145246
2026-09-07 14:56:29.057671,1646.0,63.4,176.0,19.2,22.0,20260907_145246
2026-09-07 14:56:29.257807,1642.0,63.4,176.0,19.2,22.0,20260907_145246
2026-09-07 14:56:29.457953,1641.25,63.4,176.0,19.2,21.6,20260907_145246
2026-09-07 14:56:29.658073,1642.0,63.4,176.0,19.2,21.6,20260907_145246
2026-09-07 14:56:29.858226,1645.25,63.4,176.0,19.2,22.0,20260907_145246
2026-09-07 14:56:30.058357,1643.75,63.4,176.0,20.4,22.7,20260907_145246
2026-09-07 14:56:30.258506,1649.0,63.4,176.0,22.7,23.9,20260907_145246
2026-09-07 14:56:30.458641,1642.0,63.4,176.0,23.5,23.9,20260907_145246
2026-09-07 14:56:30.658777,1646.75,63.4,176.0,23.5,23.5,20260907_145246
2026-09-07 14:56:30.858914,1646.75,63.4,176.0,23.9,23.5,20260907_145246
2026-09-07 14:56:31.059028,1646.0,63.4,176.0,25.1,23.9,20260907_145246
2026-09-07 14:56:31.259151,1643.75,63.4,176.0,24.3,23.9,20260907_145246
2026-09-07 14:56:31.459279,1653.0,63.4,176.0,25.9,25.9,20260907_145246
2026-09-07 14:56:31.659416,1650.75,63.4,176.0,30.6,28.6,20260907_145246
2026-09-07 14:56:31.859554,1650.75,63.4,176.0,35.3,29.4,20260907_145246
2026-09-07 14:56:32.059677,1654.5,63.4,176.0,34.9,29.4,20260907_145246
2026-09-07 14:56:32.259822,1647.5,64.0,176.0,35.3,29.4,20260907_145246
2026-09-07 14:56:32.459936,1657.0,63.4,176.0,35.3,29.0,20260907_145246
2026-09-07 14:56:32.660063,1650.75,63.4,176.0,34.5,27.8,20260907_145246
2026-09-07 14:56:32.860227,1653.75,64.0,176.0,31.8,25.9,20260907_145246
2026-09-07 14:56:33.060324,1655.25,63.4,176.0,29.0,25.1,20260907_145246
2026-09-07 14:56:33.260458,1657.0,64.0,176.0,28.2,25.1,20260907_145246
2026-09-07 14:56:33.460599,1653.0,64.0,176.0,28.2,25.1,20260907_145246
2026-09-07 14:56:33.660712,1652.25,63.4,176.0,28.2,24.7,20260907_145246
2026-09-07 14:56:33.860876,1647.5,63.4,176.0,27.5,24.7,20260907_145246
2026-09-07 14:56:34.060979,1650.75,63.4,176.0,27.8,25.1,20260907_145246
2026-09-07 14:56:34.261137,1646.75,63.4,176.0,27.8,24.7,20260907_145246
2026-09-07 14:56:34.461253,1643.75,63.4,176.0,26.3,21.6,20260907_145246
2026-09-07 14:56:34.661461,1637.5,63.4,176.0,19.6,20.4,20260907_145246
2026-09-07 14:56:34.861549,1639.0,62.8,176.0,17.3,20.8,20260907_145246
2026-09-07 14:56:35.061693,1638.25,63.4,176.0,17.6,20.8,20260907_145246
2026-09-07 14:56:35.261825,1634.25,62.8,176.0,17.6,20.8,20260907_145246
2026-09-07 14:56:35.461935,1628.0,62.8,176.0,18.0,20.8,20260907_145246
2026-09-07 14:56:35.662071,1630.25,62.8,176.0,17.6,20.8,20260907_145246
2026-09-07 14:56:35.862206,1618.75,62.8,176.0,18.0,20.8,20260907_145246
2026-09-07 14:56:36.062325,1620.25,62.1,176.0,18.0,20.8,20260907_145246
2026-09-07 14:56:36.262451,1611.5,62.1,176.0,19.2,21.2,20260907_145246
2026-09-07 14:56:36.462585,1607.75,62.1,176.0,19.6,21.6,20260907_145246
2026-09-07 14:56:36.662701,1609.25,61.5,176.0,19.6,21.6,20260907_145246
2026-09-07 14:56:36.862834,1600.0,61.5,176.0,19.6,21.6,20260907_145246
2026-09-07 14:56:37.062967,1589.0,61.5,176.0,19.6,21.6,20260907_145246
2026-09-07 14:56:37.263085,1600.75,61.5,176.0,20.4,21.6,20260907_145246
2026-09-07 14:56:37.463216,1583.5,60.9,176.0,21.2,22.0,20260907_145246
2026-09-07 14:56:37.663351,1582.0,60.9,176.0,21.2,22.0,20260907_145246
2026-09-07 14:56:37.863500,1585.75,60.9,176.0,21.6,22.7,20260907_145246
2026-09-07 14:56:38.063622,1584.25,60.9,176.0,24.7,25.1,20260907_145246
2026-09-07 14:56:38.263734,1571.0,60.3,176.0,31.4,27.1,20260907_145246
2026-09-07 14:56:38.463870,1575.75,60.9,176.0,34.5,27.5,20260907_145246
2026-09-07 14:56:38.663997,1565.5,60.3,176.0,36.1,27.8,20260907_145246
2026-09-07 14:56:38.864170,1571.75,60.3,176.0,36.1,27.8,20260907_145246
2026-09-07 14:56:39.064317,1561.5,60.3,176.0,37.3,28.6,20260907_145246
2026-09-07 14:56:39.264429,1567.0,60.3,176.0,38.0,29.0,20260907_145246
2026-09-07 14:56:39.464555,1560.75,60.3,176.0,38.4,29.8,20260907_145246
2026-09-07 14:56:39.664691,1564.75,60.3,176.0,40.0,32.2,20260907_145246
2026-09-07 14:56:39.864855,1594.5,59.7,176.0,40.4,35.7,20260907_145246
2026-09-07 14:56:40.064981,1587.5,60.3,176.0,41.6,35.7,20260907_145246
2026-09-07 14:56:40.265131,1583.5,60.3,176.0,42.0,34.9,20260907_145246
2026-09-07 14:56:40.465265,1583.5,59.7,176.0,41.6,34.1,20260907_145246
2026-09-07 14:56:40.665438,1581.25,59.7,176.0,41.6,34.1,20260907_145246
2026-09-07 14:56:40.865518,1581.25,59.7,176.0,42.0,34.5,20260907_145246
2026-09-07 14:56:41.065650,1582.0,59.7,176.0,42.0,35.3,20260907_145246
2026-09-07 14:56:41.265784,1584.25,59.7,176.0,42.7,37.6,20260907_145246
2026-09-07 14:56:41.465916,1582.75,59.7,176.0,43.1,36.9,20260907_145246
2026-09-07 14:56:41.666050,1579.5,59.7,176.0,43.1,36.9,20260907_145246
2026-09-07 14:56:41.866186,1577.25,59.7,177.8,43.5,37.6,20260907_145246
2026-09-07 14:56:42.066321,1596.75,59.7,177.8,45.9,48.2,20260907_145246
2026-09-07 14:56:42.266456,1578.75,59.7,177.8,49.8,56.5,20260907_145246
2026-09-07 14:56:42.466652,1587.5,59.7,177.8,56.1,54.9,20260907_145246
2026-09-07 14:56:42.666813,1567.0,59.7,177.8,60.4,53.3,20260907_145246
2026-09-07 14:56:42.866947,1585.0,59.7,177.8,62.7,51.4,20260907_145246
2026-09-07 14:56:43.067053,1589.75,59.7,177.8,67.1,48.6,20260907_145246
2026-09-07 14:56:43.267204,1589.0,59.7,177.8,67.5,45.9,20260907_145246
2026-09-07 14:56:43.467322,1586.5,59.7,177.8,67.1,44.7,20260907_145246
2026-09-07 14:56:43.667447,1591.25,59.7,177.8,68.2,41.2,20260907_145246
2026-09-07 14:56:43.867636,1589.0,60.3,177.8,65.1,38.4,20260907_145246
2026-09-07 14:56:44.067763,1578.75,60.3,177.8,63.5,40.0,20260907_145246
2026-09-07 14:56:44.267904,1582.75,60.3,177.8,59.2,27.1,20260907_145246
2026-09-07 14:56:44.468047,1559.25,59.7,177.8,44.7,26.3,20260907_145246
2026-09-07 14:56:44.668173,1594.5,60.3,177.8,43.9,28.2,20260907_145246
2026-09-07 14:56:44.868316,1593.75,60.3,177.8,44.3,30.2,20260907_145246
2026-09-07 14:56:45.068454,1582.0,59.7,177.8,44.3,31.4,20260907_145246
2026-09-07 14:56:45.268594,1587.5,59.7,177.8,44.3,32.9,20260907_145246
2026-09-07 14:56:45.468716,1582.75,59.7,177.8,44.3,34.1,20260907_145246
2026-09-07 14:56:45.668844,1582.75,60.3,177.8,44.7,36.5,20260907_145246
2026-09-07 14:56:45.868999,1585.0,59.7,177.8,45.1,37.3,20260907_145246
2026-09-07 14:56:46.069133,1580.25,59.7,177.8,44.7,37.6,20260907_145246
2026-09-07 14:56:46.269273,1582.0,59.7,177.8,45.1,38.0,20260907_145246
2026-09-07 14:56:46.469415,1583.5,59.7,176.0,45.1,38.0,20260907_145246
2026-09-07 14:56:46.669549,1582.0,60.3,176.0,45.1,38.0,20260907_145246
2026-09-07 14:56:46.869695,1585.0,59.7,176.0,45.1,38.0,20260907_145246
2026-09-07 14:56:47.069803,1592.75,59.7,176.0,48.6,43.1,20260907_145246
2026-09-07 14:56:47.269980,1599.0,59.7,176.0,53.3,48.6,20260907_145246
2026-09-07 14:56:47.470108,1571.75,60.3,176.0,59.2,46.7,20260907_145246
2026-09-07 14:56:47.670247,1585.0,60.3,176.0,63.5,44.7,20260907_145246
2026-09-07 14:56:47.870388,1583.5,60.3,176.0,65.1,42.0,20260907_145246
2026-09-07 14:56:48.070507,1584.25,60.3,176.0,63.5,41.2,20260907_145246
2026-09-07 14:56:48.270659,1580.25,60.3,176.0,62.4,39.2,20260907_145246
2026-09-07 14:56:48.470772,1580.25,60.3,176.0,59.6,36.9,20260907_145246
2026-09-07 14:56:48.670911,1567.0,60.3,176.0,49.8,25.1,20260907_145246
2026-09-07 14:56:48.871034,1579.5,60.3,176.0,39.6,26.7,20260907_145246
2026-09-07 14:56:49.071163,1596.0,60.3,176.0,40.4,28.2,20260907_145246
2026-09-07 14:56:49.271303,1597.5,60.3,176.0,41.6,29.0,20260907_145246
2026-09-07 14:56:49.471447,1594.5,60.3,176.0,41.2,30.6,20260907_145246
2026-09-07 14:56:49.671576,1598.25,60.3,176.0,42.7,37.3,20260907_145246
2026-09-07 14:56:49.871720,1610.75,60.3,176.0,49.4,48.6,20260907_145246
2026-09-07 14:56:50.071844,1603.75,60.3,176.0,53.7,51.4,20260907_145246
2026-09-07 14:56:50.271963,1588.25,60.3,176.0,59.2,43.9,20260907_145246
2026-09-07 14:56:50.472090,1580.25,60.3,176.0,54.9,35.3,20260907_145246
2026-09-07 14:56:50.672242,1574.0,60.3,176.0,51.0,34.1,20260907_145246
2026-09-07 14:56:50.872378,1578.75,60.9,176.0,43.5,27.8,20260907_145246
2026-09-07 14:56:51.072489,1593.75,60.3,176.0,40.0,27.1,20260907_145246
2026-09-07 14:56:51.272638,1584.25,60.3,176.0,36.9,26.7,20260907_145246
2026-09-07 14:56:51.472759,1604.5,60.3,176.0,36.5,27.5,20260907_145246
2026-09-07 14:56:51.672870,1602.25,60.3,176.0,36.9,28.2,20260907_145246
2026-09-07 14:56:51.873019,1603.75,60.3,177.8,37.3,28.2,20260907_145246
2026-09-07 14:56:52.073154,1604.5,60.3,177.8,38.0,29.8,20260907_145246
2026-09-07 14:56:52.273323,1596.75,60.3,177.8,39.6,34.1,20260907_145246
2026-09-07 14:56:52.473483,1600.0,60.3,177.8,42.0,37.3,20260907_145246
2026-09-07 14:56:52.673598,1594.5,60.3,177.8,43.5,38.0,20260907_145246
2026-09-07 14:56:52.873742,1593.75,60.3,177.8,43.5,38.0,20260907_145246
2026-09-07 14:56:53.073865,1584.25,60.3,177.8,43.9,38.0,20260907_145246
2026-09-07 14:56:53.274024,1596.0,60.3,177.8,44.7,38.4,20260907_145246
2026-09-07 14:56:53.474160,1598.25,60.3,177.8,47.1,40.0,20260907_145246
2026-09-07 14:56:53.674275,1592.0,60.3,177.8,49.4,42.4,20260907_145246
2026-09-07 14:56:53.874424,1600.0,60.3,177.8,54.5,43.1,20260907_145246
2026-09-07 14:56:54.074577,1582.75,60.3,177.8,56.9,41.2,20260907_145246
2026-09-07 14:56:54.274716,1580.25,,177.8,52.9,37.3,20260907_145246
2026-09-07 14:56:54.612713,1574.0,60.3,177.8,52.2,37.6,20260907_145246
2026-09-07 14:56:54.812838,1590.5,60.3,177.8,51.8,39.2,20260907_145246
2026-09-07 14:56:55.012983,1597.5,60.3,177.8,51.8,40.0,20260907_145246
2026-09-07 14:56:55.213133,1593.75,60.3,177.8,52.9,39.6,20260907_145246
2026-09-07 14:56:55.413258,1590.5,60.9,177.8,51.4,38.0,20260907_145246
2026-09-07 14:56:55.613435,1596.0,60.9,179.6,51.0,38.8,20260907_145246
2026-09-07 14:56:55.813550,1597.5,60.9,179.6,50.6,38.8,20260907_145246
2026-09-07 14:56:56.013697,1603.0,60.9,179.6,50.2,38.8,20260907_145246
2026-09-07 14:56:56.213810,1596.75,60.9,179.6,48.6,34.1,20260907_145246
2026-09-07 14:56:56.413935,1600.0,60.9,179.6,46.7,34.1,20260907_145246
2026-09-07 14:56:56.614081,1605.25,60.9,179.6,46.7,34.1,20260907_145246
2026-09-07 14:56:56.814200,1605.25,60.9,179.6,45.9,34.5,20260907_145246
2026-09-07 14:56:57.014348,1607.0,60.9,179.6,44.7,34.5,20260907_145246
2026-09-07 14:56:57.214572,1610.0,60.9,179.6,44.3,32.2,20260907_145246
2026-09-07 14:56:57.414710,1611.5,60.9,179.6,44.3,36.5,20260907_145246
2026-09-07 14:56:57.614831,1602.25,60.9,179.6,44.7,38.0,20260907_145246
2026-09-07 14:56:57.814971,1628.0,60.9,179.6,50.6,45.1,20260907_145246
2026-09-07 14:56:58.015108,1606.25,60.9,179.6,55.7,44.7,20260907_145246
2026-09-07 14:56:58.215240,1601.5,60.9,179.6,55.7,41.2,20260907_145246
2026-09-07 14:56:58.415366,1603.75,60.9,179.6,54.1,39.6,20260907_145246
2026-09-07 14:56:58.615501,1603.75,61.5,179.6,52.5,39.2,20260907_145246
2026-09-07 14:56:58.815620,1614.0,61.5,179.6,51.8,39.2,20260907_145246
2026-09-07 14:56:59.015755,1617.75,61.5,179.6,51.4,39.2,20260907_145246
2026-09-07 14:56:59.215899,1614.75,61.5,179.6,51.8,39.6,20260907_145246
2026-09-07 14:56:59.416049,1618.75,61.5,179.6,51.8,40.4,20260907_145246
2026-09-07 14:56:59.616194,1625.75,61.5,179.6,52.5,40.8,20260907_145246
2026-09-07 14:56:59.816324,1621.75,61.5,179.6,53.7,40.0,20260907_145246
2026-09-07 14:57:00.016435,1625.75,61.5,179.6,54.9,41.6,20260907_145246
2026-09-07 14:57:00.216560,1628.0,61.5,179.6,56.1,39.6,20260907_145246
2026-09-07 14:57:00.416681,1628.0,61.5,179.6,54.5,39.2,20260907_145246
2026-09-07 14:57:00.616816,1630.25,62.1,179.6,54.1,39.6,20260907_145246
2026-09-07 14:57:00.816978,1642.0,62.1,179.6,53.7,39.6,20260907_145246
2026-09-07 14:57:01.017120,1633.5,62.1,179.6,51.4,28.6,20260907_145246
2026-09-07 14:57:01.217240,1624.0,62.1,179.6,42.7,28.2,20260907_145246
2026-09-07 14:57:01.417359,1637.5,62.1,179.6,43.1,29.4,20260907_145246
2026-09-07 14:57:01.617484,1640.5,62.1,179.6,40.8,29.0,20260907_145246
2026-09-07 14:57:01.817601,1642.0,62.1,179.6,41.6,33.3,20260907_145246
2026-09-07 14:57:02.017730,1656.25,62.1,179.6,43.1,37.6,20260907_145246
2026-09-07 14:57:02.217850,1654.5,62.1,179.6,45.1,40.4,20260907_145246
2026-09-07 14:57:02.417980,1641.25,62.1,179.6,47.5,40.4,20260907_145246
2026-09-07 14:57:02.618111,1644.5,62.1,179.6,47.1,38.0,20260907_145246
2026-09-07 14:57:02.818272,1639.0,62.1,179.6,46.3,37.6,20260907_145246
2026-09-07 14:57:03.018400,1646.0,62.1,179.6,45.1,38.0,20260907_145246
2026-09-07 14:57:03.218519,1641.25,62.1,179.6,44.7,36.5,20260907_145246
2026-09-07 14:57:03.418648,1625.0,62.1,179.6,39.2,27.8,20260907_145246
2026-09-07 14:57:03.618797,1635.0,62.1,179.6,36.9,28.2,20260907_145246
2026-09-07 14:57:03.818933,1649.0,62.1,179.6,36.5,28.6,20260907_145246
2026-09-07 14:57:04.019078,1646.0,62.1,179.6,36.5,28.6,20260907_145246
2026-09-07 14:57:04.219206,1645.25,62.1,179.6,36.1,25.1,20260907_145246
2026-09-07 14:57:04.419332,1619.5,62.1,179.6,29.4,23.9,20260907_145246
2026-09-07 14:57:04.619459,1617.0,62.1,179.6,25.5,23.5,20260907_145246
2026-09-07 14:57:04.819594,1617.75,61.5,179.6,25.1,23.5,20260907_145246
2026-09-07 14:57:05.019745,1609.25,62.1,179.6,25.5,23.9,20260907_145246
2026-09-07 14:57:05.219863,1605.25,62.1,179.6,25.9,24.3,20260907_145246
2026-09-07 14:57:05.420017,1605.25,61.5,177.8,26.3,23.9,20260907_145246
2026-09-07 14:57:05.620167,1603.0,61.5,177.8,26.3,23.9,20260907_145246
2026-09-07 14:57:05.820278,1604.5,61.5,179.6,28.6,25.1,20260907_145246
2026-09-07 14:57:06.020431,1595.25,61.5,179.6,31.0,25.9,20260907_145246
2026-09-07 14:57:06.220551,1600.75,61.5,179.6,31.4,26.7,20260907_145246
2026-09-07 14:57:06.420678,1597.5,61.5,179.6,32.2,26.3,20260907_145246
2026-09-07 14:57:06.620802,1594.5,61.5,179.6,31.8,26.3,20260907_145246
2026-09-07 14:57:06.820951,1596.75,61.5,177.8,31.8,26.3,20260907_145246
2026-09-07 14:57:07.021093,1594.5,61.5,179.6,31.8,25.9,20260907_145246
2026-09-07 14:57:07.221231,1594.5,61.5,179.6,31.4,25.9,20260907_145246
2026-09-07 14:57:07.421464,1595.25,61.5,179.6,31.4,25.9,20260907_145246
2026-09-07 14:57:07.621602,1593.75,61.5,179.6,31.0,25.9,20260907_145246
2026-09-07 14:57:07.821716,1594.5,61.5,179.6,31.4,25.9,20260907_145246
2026-09-07 14:57:08.021833,1592.75,61.5,179.6,31.0,25.9,20260907_145246
2026-09-07 14:57:08.221969,1595.25,61.5,179.6,31.4,25.9,20260907_145246
2026-09-07 14:57:08.422091,1590.5,60.9,179.6,31.8,25.9,20260907_145246
2026-09-07 14:57:08.622217,1592.75,61.5,179.6,31.4,25.9,20260907_145246
2026-09-07 14:57:08.822341,1585.75,61.5,179.6,31.4,25.9,20260907_145246
2026-09-07 14:57:09.022459,1592.75,60.9,179.6,31.4,25.9,20260907_145246
2026-09-07 14:57:09.222635,1585.0,60.9,179.6,31.4,25.9,20260907_145246
2026-09-07 14:57:09.422756,1579.5,60.9,179.6,25.9,22.4,20260907_145246
2026-09-07 14:57:09.622875,1585.0,60.9,179.6,22.7,22.4,20260907_145246
2026-09-07 14:57:09.822990,1581.25,60.9,179.6,22.0,22.4,20260907_145246
2026-09-07 14:57:10.023122,1581.25,60.9,179.6,23.1,23.5,20260907_145246
2026-09-07 14:57:10.223266,1579.5,60.9,179.6,24.3,23.1,20260907_145246
2026-09-07 14:57:10.423391,1578.75,60.9,179.6,24.3,23.1,20260907_145246
2026-09-07 14:57:10.623536,1575.0,60.3,179.6,24.3,23.1,20260907_145246
2026-09-07 14:57:10.823660,1574.0,60.3,179.6,24.7,23.5,20260907_145246
2026-09-07 14:57:11.023809,1573.25,60.3,179.6,24.7,23.1,20260907_145246
2026-09-07 14:57:11.223993,1573.25,60.3,179.6,25.1,23.5,20260907_145246
2026-09-07 14:57:11.424112,1575.75,60.3,179.6,25.5,23.9,20260907_145246
2026-09-07 14:57:11.624265,1564.75,60.3,179.6,26.3,24.7,20260907_145246
2026-09-07 14:57:11.824377,1575.75,60.3,179.6,29.0,25.9,20260907_145246
2026-09-07 14:57:12.024497,1568.75,60.3,179.6,34.1,27.8,20260907_145246
2026-09-07 14:57:12.224626,1569.5,60.3,179.6,35.7,28.2,20260907_145246
2026-09-07 14:57:12.424789,1568.75,60.3,179.6,36.5,28.2,20260907_145246
2026-09-07 14:57:12.624921,1573.25,60.3,179.6,36.9,28.2,20260907_145246
2026-09-07 14:57:12.825076,1571.75,60.3,179.6,37.6,29.4,20260907_145246
2026-09-07 14:57:13.025206,1575.75,60.3,179.6,40.4,35.3,20260907_145246
2026-09-07 14:57:13.225476,1607.0,60.9,179.6,43.5,40.8,20260907_145246
2026-09-07 14:57:13.425602,1602.25,60.9,179.6,47.5,43.9,20260907_145246
2026-09-07 14:57:13.625732,1602.25,60.9,179.6,49.4,43.1,20260907_145246
2026-09-07 14:57:13.825886,1606.25,60.9,179.6,52.2,41.6,20260907_145246
2026-09-07 14:57:14.026000,1614.75,60.9,179.6,52.5,42.0,20260907_145246
2026-09-07 14:57:14.226125,1605.25,60.9,179.6,55.3,41.6,20260907_145246
2026-09-07 14:57:14.426248,1608.5,60.9,181.4,57.3,41.6,20260907_145246
2026-09-07 14:57:14.626376,1611.5,61.5,181.4,58.0,41.2,20260907_145246
2026-09-07 14:57:14.826501,1613.25,61.5,181.4,58.0,41.2,20260907_145246
2026-09-07 14:57:15.026639,1627.25,61.5,181.4,58.8,42.4,20260907_145246
2026-09-07 14:57:15.226765,1626.5,61.5,181.4,61.2,42.4,20260907_145246
2026-09-07 14:57:15.426890,1636.5,61.5,181.4,60.8,41.6,20260907_145246
2026-09-07 14:57:15.627014,1638.25,62.1,181.4,60.8,41.6,20260907_145246
2026-09-07 14:57:15.827156,1635.75,62.1,181.4,60.4,41.6,20260907_145246
2026-09-07 14:57:16.027277,1644.5,62.1,181.4,60.8,42.4,20260907_145246
2026-09-07 14:57:16.227409,1646.0,62.1,181.4,62.0,42.7,20260907_145246
2026-09-07 14:57:16.427536,,62.8,181.4,60.8,41.2,20260907_145246
2026-09-07 14:57:16.760060,1659.25,62.8,181.4,59.6,41.2,20260907_145246
2026-09-07 14:57:16.960200,1664.75,62.8,181.4,59.6,42.7,20260907_145246
2026-09-07 14:57:17.160340,1670.25,63.4,181.4,60.8,43.9,20260907_145246
2026-09-07 14:57:17.360456,1664.75,63.4,181.4,59.6,41.2,20260907_145246
2026-09-07 14:57:17.560599,1666.25,63.4,181.4,59.2,41.6,20260907_145246
2026-09-07 14:57:17.760755,1667.75,63.4,181.4,59.2,41.6,20260907_145246
2026-09-07 14:57:17.960881,1686.5,64.0,181.4,57.6,42.0,20260907_145246
2026-09-07 14:57:18.161006,1681.25,64.0,181.4,58.0,42.0,20260907_145246
2026-09-07 14:57:18.361140,1691.25,64.0,181.4,58.0,42.0,20260907_145246
2026-09-07 14:57:18.561301,1718.75,64.6,179.6,65.5,52.5,20260907_145246
2026-09-07 14:57:18.761468,1717.0,64.6,179.6,70.6,56.9,20260907_145246
2026-09-07 14:57:18.961588,1739.0,65.2,179.6,75.7,57.3,20260907_145246
2026-09-07 14:57:19.161722,1763.25,65.2,179.6,78.8,56.5,20260907_145246
2026-09-07 14:57:19.361850,1773.25,65.2,179.6,83.1,56.5,20260907_145246
2026-09-07 14:57:19.561966,1753.75,65.9,179.6,85.1,57.3,20260907_145246
2026-09-07 14:57:19.762073,1738.25,65.9,179.6,85.1,52.9,20260907_145246
2026-09-07 14:57:19.962212,1759.25,66.5,179.6,87.5,51.8,20260907_145246
2026-09-07 14:57:20.162341,1755.25,66.5,179.6,87.5,47.5,20260907_145246
2026-09-07 14:57:20.362452,1763.25,66.5,179.6,86.3,44.7,20260907_145246
2026-09-07 14:57:20.562585,1775.0,67.1,179.6,84.3,45.9,20260907_145246
2026-09-07 14:57:20.762734,1782.0,67.1,179.6,84.7,47.1,20260907_145246
2026-09-07 14:57:20.962874,1782.0,67.1,177.8,84.7,47.5,20260907_145246
2026-09-07 14:57:21.162990,1787.5,67.1,177.8,84.3,48.2,20260907_145246
2026-09-07 14:57:21.363099,1803.75,67.1,177.8,84.3,49.0,20260907_145246
2026-09-07 14:57:21.563234,1793.75,67.7,177.8,85.1,51.0,20260907_145246
2026-09-07 14:57:21.763386,1796.75,67.7,177.8,85.9,50.6,20260907_145246
2026-09-07 14:57:21.963536,1804.5,67.7,177.8,85.5,49.4,20260907_145246
2026-09-07 14:57:22.163626,1807.75,67.7,177.8,85.9,48.2,20260907_145246
2026-09-07 14:57:22.363802,1813.25,67.7,177.8,85.9,47.8,20260907_145246
2026-09-07 14:57:22.563889,1817.75,67.7,177.8,85.5,48.6,20260907_145246
2026-09-07 14:57:22.764003,1821.0,67.7,177.8,85.5,49.0,20260907_145246
2026-09-07 14:57:22.964129,1831.25,68.4,177.8,84.7,49.8,20260907_145246
2026-09-07 14:57:23.164274,1818.75,68.4,177.8,85.5,49.4,20260907_145246
2026-09-07 14:57:23.364392,1826.5,68.4,177.8,84.3,38.0,20260907_145246
2026-09-07 14:57:23.564528,1779.5,68.4,177.8,64.7,28.6,20260907_145246
2026-09-07 14:57:23.764648,1796.75,68.4,177.8,59.2,31.4,20260907_145246
2026-09-07 14:57:23.964797,1807.0,68.4,177.8,62.4,36.1,20260907_145246
2026-09-07 14:57:24.164925,1797.5,68.4,177.8,62.7,38.8,20260907_145246
2026-09-07 14:57:24.365075,1803.75,67.7,177.8,63.1,42.0,20260907_145246
2026-09-07 14:57:24.565202,1803.75,68.4,177.8,65.1,45.5,20260907_145246
2026-09-07 14:57:24.765333,1797.5,67.7,177.8,67.5,47.5,20260907_145246
2026-09-07 14:57:24.965490,1801.5,68.4,177.8,70.2,47.8,20260907_145246
2026-09-07 14:57:25.165606,1795.25,67.7,177.8,70.6,45.5,20260907_145246
2026-09-07 14:57:25.365728,1797.5,68.4,177.8,69.8,44.7,20260907_145246
2026-09-07 14:57:25.565858,1789.75,67.7,177.8,69.0,45.9,20260907_145246
2026-09-07 14:57:25.765997,1795.25,67.7,177.8,69.4,45.9,20260907_145246
2026-09-07 14:57:25.966138,1792.0,67.7,177.8,69.0,45.9,20260907_145246
2026-09-07 14:57:26.166262,1778.75,67.7,177.8,69.0,46.3,20260907_145246
2026-09-07 14:57:26.366412,1783.5,67.7,177.8,69.0,33.3,20260907_145246
2026-09-07 14:57:26.566533,1753.0,67.7,177.8,50.6,23.9,20260907_145246
2026-09-07 14:57:26.766643,1708.5,65.9,177.8,31.0,20.4,20260907_145246
2026-09-07 14:57:26.966791,1680.25,64.6,177.8,16.5,18.8,20260907_145246
2026-09-07 14:57:27.166914,1651.5,63.4,177.8,11.4,17.6,20260907_145246
2026-09-07 14:57:27.367056,1618.75,62.8,177.8,7.8,16.9,20260907_145246
2026-09-07 14:57:27.567188,1575.0,60.9,177.8,7.8,16.9,20260907_145246
2026-09-07 14:57:27.767295,1546.75,59.7,177.8,7.8,16.9,20260907_145246
2026-09-07 14:57:27.967475,1515.5,58.4,177.8,8.6,16.9,20260907_145246
2026-09-07 14:57:28.167641,1482.0,57.2,177.8,9.0,16.9,20260907_145246
2026-09-07 14:57:28.367765,1455.25,55.9,177.8,9.4,16.5,20260907_145246
2026-09-07 14:57:28.567891,1431.25,55.3,177.8,9.8,16.5,20260907_145246
2026-09-07 14:57:28.767998,1492.0,54.1,177.8,9.0,16.5,20260907_145246
2026-09-07 14:57:28.968135,1616.25,53.4,179.6,7.5,17.6,20260907_145246
2026-09-07 14:57:29.168281,1660.75,52.8,177.8,7.1,17.6,20260907_145246
2026-09-07 14:57:29.368420,1658.5,52.2,179.6,7.5,17.6,20260907_145246
2026-09-07 14:57:29.568538,1647.5,52.2,179.6,7.5,16.5,20260907_145246
2026-09-07 14:57:29.768648,1642.0,51.6,179.6,7.5,19.6,20260907_145246
2026-09-07 14:57:29.968790,1632.0,51.6,179.6,12.5,20.8,20260907_145246
2026-09-07 14:57:30.168924,1664.0,51.0,179.6,14.5,20.4,20260907_145246
2026-09-07 14:57:30.369050,1659.25,51.0,179.6,14.5,20.4,20260907_145246
2026-09-07 14:57:30.569177,1642.0,51.0,179.6,14.9,22.0,20260907_145246
2026-09-07 14:57:30.769333,1636.5,51.0,179.6,16.9,21.2,20260907_145246
2026-09-07 14:57:30.969518,1615.5,50.3,179.6,18.0,21.6,20260907_145246
2026-09-07 14:57:31.169678,1623.25,50.3,179.6,18.4,21.6,20260907_145246
2026-09-07 14:57:31.369823,1615.5,50.3,179.6,20.0,22.7,20260907_145246
2026-09-07 14:57:31.569947,1627.25,50.3,179.6,29.0,28.6,20260907_145246
2026-09-07 14:57:31.770057,1614.0,49.7,179.6,37.6,28.6,20260907_145246
2026-09-07 14:57:31.970197,1594.5,49.7,179.6,39.6,31.0,20260907_145246
2026-09-07 14:57:32.170326,1607.0,49.7,179.6,44.7,35.3,20260907_145246
2026-09-07 14:57:32.370450,1657.0,49.7,179.6,49.8,42.4,20260907_145246
2026-09-07 14:57:32.570583,1653.75,50.3,179.6,58.4,48.6,20260907_145246
2026-09-07 14:57:32.770691,1638.25,50.3,179.6,59.2,49.8,20260907_145246
2026-09-07 14:57:32.970835,1660.0,50.3,179.6,59.2,47.8,20260907_145246
2026-09-07 14:57:33.170960,1657.0,50.3,179.6,58.4,28.2,20260907_145246
2026-09-07 14:57:33.371086,1589.0,50.3,179.6,44.3,23.5,20260907_145246
2026-09-07 14:57:33.571259,1598.25,49.7,179.6,36.9,28.2,20260907_145246
2026-09-07 14:57:33.771361,1645.25,49.7,179.6,42.4,34.9,20260907_145246
2026-09-07 14:57:33.971508,1646.0,50.3,179.6,47.1,42.4,20260907_145246
2026-09-07 14:57:34.171643,1642.0,50.3,179.6,54.1,46.7,20260907_145246
2026-09-07 14:57:34.371765,1640.5,49.7,179.6,56.5,44.7,20260907_145246
2026-09-07 14:57:34.571884,1633.5,49.7,179.6,54.5,32.5,20260907_145246
2026-09-07 14:57:34.771992,1617.0,49.7,179.6,49.8,35.3,20260907_145246
2026-09-07 14:57:34.972149,1653.75,50.3,179.6,53.3,45.1,20260907_145246
2026-09-07 14:57:35.172268,1650.0,50.3,179.6,58.8,47.8,20260907_145246
2026-09-07 14:57:35.372380,1663.25,50.3,179.6,60.4,49.0,20260907_145246
2026-09-07 14:57:35.572507,1668.75,50.3,179.6,63.1,44.3,20260907_145246
2026-09-07 14:57:35.772635,1618.75,50.3,181.4,60.4,38.8,20260907_145246
2026-09-07 14:57:35.972765,1639.75,50.3,181.4,56.1,40.4,20260907_145246
2026-09-07 14:57:36.172897,1622.5,50.3,181.4,52.2,29.8,20260907_145246
2026-09-07 14:57:36.373026,1635.75,50.3,181.4,50.2,34.9,20260907_145246
2026-09-07 14:57:36.573146,1668.75,50.3,181.4,51.8,42.4,20260907_145246
2026-09-07 14:57:36.773300,1657.0,50.3,181.4,53.3,41.2,20260907_145246
2026-09-07 14:57:36.973464,1639.75,50.3,181.4,54.9,41.2,20260907_145246
2026-09-07 14:57:37.173573,1648.25,51.0,181.4,54.1,40.0,20260907_145246
2026-09-07 14:57:37.373715,1648.25,51.0,179.6,54.1,40.8,20260907_145246
2026-09-07 14:57:37.573879,1650.75,51.0,179.6,56.1,46.3,20260907_145246
2026-09-07 14:57:37.774008,1681.25,51.0,179.6,62.0,45.9,20260907_145246
2026-09-07 14:57:37.974147,1668.75,51.0,179.6,63.5,43.5,20260907_145246
2026-09-07 14:57:38.174252,1662.5,51.0,179.6,63.9,43.5,20260907_145246
2026-09-07 14:57:38.374384,1668.75,51.0,179.6,62.0,43.5,20260907_145246
2026-09-07 14:57:38.574508,1669.5,51.6,179.6,60.8,42.4,20260907_145246
2026-09-07 14:57:38.774681,1672.5,51.6,179.6,58.8,40.8,20260907_145246
2026-09-07 14:57:38.974821,1679.5,51.6,179.6,57.6,41.6,20260907_145246
2026-09-07 14:57:39.174934,1687.5,51.6,179.6,57.3,41.6,20260907_145246
2026-09-07 14:57:39.375068,1691.25,51.6,179.6,56.1,33.3,20260907_145246
2026-09-07 14:57:39.575199,1642.0,51.6,177.8,43.9,24.3,20260907_145246
2026-09-07 14:57:39.775328,1651.5,51.6,177.8,34.1,25.5,20260907_145246
2026-09-07 14:57:39.975481,1707.0,51.6,177.8,36.9,29.4,20260907_145246
2026-09-07 14:57:40.175596,1712.5,51.6,177.8,43.1,39.2,20260907_145246
2026-09-07 14:57:40.375761,1713.25,51.6,177.8,48.6,42.7,20260907_145246
2026-09-07 14:57:40.575917,1700.75,,177.8,56.1,42.4,20260907_145246
2026-09-07 14:57:40.907280,1706.25,52.2,177.8,56.1,42.4,20260907_145246
2026-09-07 14:57:41.107396,1710.75,52.2,177.8,55.7,41.2,20260907_145246
2026-09-07 14:57:41.307599,1710.75,52.2,177.8,56.1,40.8,20260907_145246
2026-09-07 14:57:41.507731,1712.5,52.2,177.8,55.3,41.2,20260907_145246
2026-09-07 14:57:41.707848,1714.0,52.2,177.8,54.5,39.6,20260907_145246
2026-09-07 14:57:41.908002,1685.75,52.8,177.8,49.8,27.1,20260907_145246
2026-09-07 14:57:42.108126,1657.75,52.2,177.8,34.1,24.7,20260907_145246
2026-09-07 14:57:42.308237,1687.5,52.8,177.8,32.2,25.5,20260907_145246
2026-09-07 14:57:42.508368,1717.0,52.8,177.8,33.3,27.8,20260907_145246
2026-09-07 14:57:42.708499,1712.5,52.8,177.8,37.6,31.0,20260907_145246
2026-09-07 14:57:42.908649,1693.75,52.2,177.8,38.4,31.8,20260907_145246
2026-09-07 14:57:43.108775,1685.75,52.8,177.8,38.8,32.5,20260907_145246
2026-09-07 14:57:43.308905,1687.5,52.2,177.8,38.8,33.7,20260907_145246
2026-09-07 14:57:43.509098,1683.5,52.8,177.8,38.0,31.4,20260907_145246
2026-09-07 14:57:43.709227,1680.25,52.8,177.8,36.9,29.8,20260907_145246
2026-09-07 14:57:43.909352,1682.75,52.2,177.8,34.9,29.4,20260907_145246
2026-09-07 14:57:44.109514,1689.0,52.2,177.8,34.9,29.8,20260907_145246
2026-09-07 14:57:44.309648,1687.5,52.2,177.8,34.9,29.4,20260907_145246
2026-09-07 14:57:44.509782,1686.5,52.2,177.8,34.9,29.8,20260907_145246
2026-09-07 14:57:44.709905,1679.5,52.2,177.8,34.9,29.8,20260907_145246
2026-09-07 14:57:44.910030,1682.75,52.2,177.8,35.3,30.6,20260907_145246
2026-09-07 14:57:45.110172,1680.25,52.2,177.8,35.7,30.6,20260907_145246
2026-09-07 14:57:45.310334,1682.75,52.2,179.6,35.7,30.6,20260907_145246
2026-09-07 14:57:45.510465,1675.75,52.2,179.6,35.3,29.8,20260907_145246
2026-09-07 14:57:45.710597,1682.75,52.2,179.6,34.9,29.8,20260907_145246
2026-09-07 14:57:45.910723,1683.5,52.2,179.6,36.1,32.2,20260907_145246
2026-09-07 14:57:46.110900,1684.25,52.2,179.6,37.6,34.5,20260907_145246
2026-09-07 14:57:46.311038,1686.5,52.2,179.6,40.8,40.0,20260907_145246
2026-09-07 14:57:46.511168,1685.75,52.2,179.6,43.9,40.8,20260907_145246
2026-09-07 14:57:46.711304,1676.5,52.2,179.6,44.7,39.6,20260907_145246
2026-09-07 14:57:46.911450,1679.5,52.2,179.6,45.1,40.4,20260907_145246
2026-09-07 14:57:47.111575,1692.75,52.8,179.6,48.2,43.9,20260907_145246
2026-09-07 14:57:47.311692,1691.25,52.8,179.6,51.8,41.2,20260907_145246
2026-09-07 14:57:47.511805,1685.0,52.8,179.6,51.0,38.8,20260907_145246
2026-09-07 14:57:47.711932,1688.25,52.8,179.6,50.2,40.0,20260907_145246
2026-09-07 14:57:47.912078,1692.0,52.8,179.6,51.0,40.8,20260907_145246
2026-09-07 14:57:48.112191,1683.5,52.8,179.6,49.8,28.6,20260907_145246
2026-09-07 14:57:48.312372,1669.5,52.8,179.6,38.0,25.9,20260907_145246
2026-09-07 14:57:48.512519,1698.25,52.8,179.6,35.3,28.6,20260907_145246
2026-09-07 14:57:48.712682,1735.75,52.8,179.6,41.2,33.7,20260907_145246
2026-09-07 14:57:48.912815,1691.25,52.8,179.6,41.2,33.7,20260907_145246
2026-09-07 14:57:53.079893,1693.75,52.8,179.6,39.2,38.4,20260907_145750
2026-09-07 14:57:53.280062,1692.0,52.8,179.6,39.6,38.4,20260907_145750
2026-09-07 14:57:53.480215,1685.75,52.8,179.6,39.6,38.0,20260907_145750
2026-09-07 14:57:53.680359,1690.5,52.8,177.8,39.6,38.0,20260907_145750
2026-09-07 14:57:53.880519,1692.75,52.8,177.8,40.0,38.8,20260907_145750
2026-09-07 14:57:54.080650,1702.25,52.8,177.8,40.8,38.8,20260907_145750
2026-09-07 14:57:54.280787,1698.25,52.8,177.8,40.8,38.4,20260907_145750
2026-09-07 14:57:54.480908,1685.75,52.8,177.8,40.8,37.6,20260907_145750
2026-09-07 14:57:54.681063,1694.5,52.8,177.8,40.0,38.0,20260907_145750
2026-09-07 14:57:54.881196,1696.0,52.8,177.8,40.4,38.8,20260907_145750
2026-09-07 14:57:55.081317,1694.5,52.8,177.8,40.4,38.4,20260907_145750
2026-09-07 14:57:55.281480,1687.5,52.8,177.8,40.8,38.4,20260907_145750
2026-09-07 14:57:55.481624,1688.25,52.8,177.8,40.8,38.4,20260907_145750
2026-09-07 14:57:55.681753,1682.75,52.8,177.8,41.2,38.4,20260907_145750
2026-09-07 14:57:55.881889,1689.75,52.2,177.8,40.4,37.6,20260907_145750
2026-09-07 14:57:56.081998,1692.75,52.8,177.8,40.4,38.4,20260907_145750
2026-09-07 14:57:56.282131,1686.5,52.8,177.8,40.8,38.4,20260907_145750
2026-09-07 14:57:56.482245,1692.0,52.8,177.8,40.4,37.3,20260907_145750
2026-09-07 14:57:56.682412,1689.0,52.2,177.8,40.4,37.3,20260907_145750
2026-09-07 14:57:56.882538,1687.5,52.8,179.6,40.0,36.5,20260907_145750
2026-09-07 14:57:57.082698,1686.5,52.8,179.6,38.8,29.8,20260907_145750
2026-09-07 14:57:57.282820,1671.0,52.2,179.6,34.1,25.9,20260907_145750
2026-09-07 14:57:57.482961,1668.75,52.2,179.6,28.6,24.7,20260907_145750
2026-09-07 14:57:57.683098,1658.5,52.2,179.6,23.9,23.1,20260907_145750
2026-09-07 14:57:57.883256,1657.0,52.2,179.6,21.2,22.7,20260907_145750
2026-09-07 14:57:58.083379,1649.0,52.2,179.6,20.4,22.7,20260907_145750
2026-09-07 14:57:58.283493,1650.0,52.2,179.6,20.8,23.1,20260907_145750
2026-09-07 14:57:58.483623,1644.5,52.2,179.6,21.2,23.9,20260907_145750
2026-09-07 14:57:58.683733,1645.25,52.2,179.6,25.1,27.8,20260907_145750
2026-09-07 14:57:58.883867,1644.5,51.6,179.6,37.6,34.5,20260907_145750
2026-09-07 14:57:59.084003,1644.5,51.6,179.6,38.8,36.1,20260907_145750
2026-09-07 14:57:59.284127,1642.0,52.2,179.6,38.8,35.3,20260907_145750
2026-09-07 14:57:59.484253,1643.75,52.2,179.6,38.4,34.1,20260907_145750
2026-09-07 14:57:59.684375,1644.5,52.2,179.6,38.4,34.1,20260907_145750
2026-09-07 14:57:59.884485,1644.5,52.2,179.6,38.4,33.3,20260907_145750
2026-09-07 14:58:00.084598,1648.25,52.2,179.6,37.3,31.0,20260907_145750
2026-09-07 14:58:00.284756,1645.25,52.2,179.6,37.3,31.4,20260907_145750
2026-09-07 14:58:00.484879,1648.25,52.2,179.6,37.3,31.4,20260907_145750
2026-09-07 14:58:00.685035,1649.0,52.2,179.6,37.3,31.4,20260907_145750
2026-09-07 14:58:00.885172,1648.25,52.2,179.6,36.5,29.4,20260907_145750
2026-09-07 14:58:01.085329,1650.0,52.2,179.6,35.7,28.6,20260907_145750
2026-09-07 14:58:01.285478,1649.0,52.2,179.6,34.9,29.0,20260907_145750
2026-09-07 14:58:01.485599,1653.0,52.2,179.6,35.7,29.8,20260907_145750
2026-09-07 14:58:01.685716,1651.5,52.2,179.6,36.1,29.8,20260907_145750
2026-09-07 14:58:01.885850,1656.25,52.2,179.6,36.1,30.2,20260907_145750
2026-09-07 14:58:02.086045,1659.25,52.2,179.6,36.5,31.0,20260907_145750
2026-09-07 14:58:02.286171,1661.5,52.2,179.6,37.3,36.5,20260907_145750
2026-09-07 14:58:02.486321,1668.75,52.8,179.6,40.0,37.6,20260907_145750
2026-09-07 14:58:02.686453,1665.5,52.8,179.6,39.6,37.6,20260907_145750
2026-09-07 14:58:02.886573,1666.25,52.8,179.6,39.6,37.3,20260907_145750
2026-09-07 14:58:03.086685,1675.75,52.8,179.6,39.6,37.3,20260907_145750
2026-09-07 14:58:03.286815,1671.75,52.8,179.6,39.6,37.3,20260907_145750
2026-09-07 14:58:03.486993,1668.75,52.8,179.6,40.0,37.6,20260907_145750
2026-09-07 14:58:03.687124,1684.25,52.8,179.6,39.6,37.3,20260907_145750
2026-09-07 14:58:03.887274,1682.0,52.8,179.6,39.6,36.5,20260907_145750
2026-09-07 14:58:04.087404,1684.25,53.4,179.6,38.8,36.5,20260907_145750
2026-09-07 14:58:04.287539,1693.75,53.4,179.6,38.8,36.5,20260907_145750
2026-09-07 14:58:04.487663,1685.75,53.4,179.6,38.8,36.5,20260907_145750
2026-09-07 14:58:04.687809,1696.0,53.4,179.6,38.8,29.0,20260907_145750
2026-09-07 14:58:04.887939,1692.75,53.4,179.6,30.6,25.9,20260907_145750
2026-09-07 14:58:05.088076,1692.0,53.4,179.6,29.8,26.7,20260907_145750
2026-09-07 14:58:05.288195,1703.75,53.4,179.6,30.2,27.1,20260907_145750
2026-09-07 14:58:05.488325,1699.0,53.4,179.6,29.8,27.5,20260907_145750
2026-09-07 14:58:05.688460,1700.75,53.4,179.6,31.4,27.8,20260907_145750
2026-09-07 14:58:05.888594,1703.75,53.4,179.6,31.4,27.8,20260907_145750
2026-09-07 14:58:06.088722,1705.25,54.1,179.6,31.4,27.5,20260907_145750
2026-09-07 14:58:06.288832,1707.0,54.1,179.6,31.0,27.5,20260907_145750
2026-09-07 14:58:06.488955,1704.5,54.1,179.6,31.4,27.5,20260907_145750
2026-09-07 14:58:06.689090,1712.5,54.1,179.6,31.4,27.5,20260907_145750
2026-09-07 14:58:06.889215,1709.25,54.1,179.6,31.4,27.5,20260907_145750
2026-09-07 14:58:07.089345,1710.75,54.1,179.6,31.4,27.5,20260907_145750
2026-09-07 14:58:07.289489,1713.25,54.1,179.6,30.2,26.7,20260907_145750
2026-09-07 14:58:07.489601,1713.25,54.1,179.6,29.4,26.3,20260907_145750
2026-09-07 14:58:07.689757,1716.25,54.1,179.6,26.7,24.3,20260907_145750
2026-09-07 14:58:07.889884,1709.25,54.1,179.6,23.5,23.9,20260907_145750
2026-09-07 14:58:08.090008,1713.25,54.1,179.6,22.7,23.9,20260907_145750
2026-09-07 14:58:08.290129,1713.25,54.1,179.6,22.7,23.9,20260907_145750
2026-09-07 14:58:08.490268,1707.0,54.1,179.6,23.1,24.7,20260907_145750
2026-09-07 14:58:08.690408,1714.75,54.1,179.6,24.7,24.7,20260907_145750
2026-09-07 14:58:08.890564,1716.25,54.1,179.6,25.1,25.5,20260907_145750
2026-09-07 14:58:09.090689,1711.5,54.1,179.6,26.7,25.5,20260907_145750
2026-09-07 14:58:09.290829,1718.75,54.1,179.6,28.2,27.8,20260907_145750
2026-09-07 14:58:09.491007,1715.5,54.1,179.6,33.7,29.8,20260907_145750
2026-09-07 14:58:09.691112,1721.0,54.1,179.6,34.1,31.0,20260907_145750
2026-09-07 14:58:09.891265,1714.75,54.1,179.6,34.9,30.6,20260907_145750
2026-09-07 14:58:10.091387,1726.5,54.1,179.6,34.1,27.8,20260907_145750
2026-09-07 14:58:10.291541,1726.5,54.7,179.6,26.3,23.1,20260907_145750
2026-09-07 14:58:10.491679,1715.5,54.1,179.6,22.7,23.9,20260907_145750
2026-09-07 14:58:10.691810,1716.25,54.1,179.6,23.5,25.1,20260907_145750
2026-09-07 14:58:10.891943,1726.5,54.1,179.6,24.7,25.1,20260907_145750
2026-09-07 14:58:11.092078,1717.0,54.1,179.6,25.1,25.9,20260907_145750
2026-09-07 14:58:11.292208,1718.75,54.1,179.6,28.6,29.8,20260907_145750
2026-09-07 14:58:11.492356,1726.5,54.1,179.6,38.0,38.4,20260907_145750
2026-09-07 14:58:11.692480,1721.0,54.7,179.6,40.8,40.0,20260907_145750
2026-09-07 14:58:11.892635,1742.75,54.7,179.6,42.0,39.6,20260907_145750
2026-09-07 14:58:12.092745,1759.25,54.7,179.6,42.0,39.2,20260907_145750
2026-09-07 14:58:12.292873,1751.5,54.7,179.6,41.2,38.4,20260907_145750
2026-09-07 14:58:12.493025,1758.5,54.7,179.6,40.8,38.8,20260907_145750
2026-09-07 14:58:12.693145,1760.75,54.7,179.6,40.8,38.8,20260907_145750
2026-09-07 14:58:12.893295,1765.5,54.7,177.8,40.8,38.8,20260907_145750
2026-09-07 14:58:13.093460,1767.0,54.7,177.8,40.8,38.8,20260907_145750
2026-09-07 14:58:13.293601,1775.0,55.3,179.6,40.8,38.8,20260907_145750
2026-09-07 14:58:13.493730,1772.5,55.3,177.8,40.8,38.8,20260907_145750
2026-09-07 14:58:13.693862,1777.25,55.3,177.8,41.2,38.8,20260907_145750
2026-09-07 14:58:13.894008,1784.25,55.3,177.8,41.6,39.6,20260907_145750
2026-09-07 14:58:14.094218,1787.5,55.3,177.8,41.6,39.6,20260907_145750
2026-09-07 14:58:14.294331,1785.75,55.3,179.6,41.6,39.2,20260907_145750
2026-09-07 14:58:14.494438,1789.0,55.3,177.8,42.0,39.6,20260907_145750
2026-09-07 14:58:14.694564,1792.0,55.9,179.6,41.2,38.0,20260907_145750
2026-09-07 14:58:14.894716,1777.25,55.9,179.6,35.3,27.8,20260907_145750
2026-09-07 14:58:15.094848,1764.75,55.9,179.6,26.7,23.9,20260907_145750
2026-09-07 14:58:15.294979,1774.0,55.9,179.6,25.1,24.7,20260907_145750
2026-09-07 14:58:15.495081,1772.5,55.9,179.6,25.1,26.3,20260907_145750
2026-09-07 14:58:15.695222,1768.75,55.9,179.6,28.2,28.2,20260907_145750
2026-09-07 14:58:15.895374,1776.5,55.9,179.6,34.5,30.2,20260907_145750
2026-09-07 14:58:16.095515,1775.75,55.9,179.6,34.1,29.0,20260907_145750
2026-09-07 14:58:16.295636,1784.25,56.5,179.6,34.1,28.6,20260907_145750
2026-09-07 14:58:16.495771,1786.5,56.5,179.6,34.1,29.0,20260907_145750
2026-09-07 14:58:16.695928,1789.0,56.5,179.6,34.1,29.0,20260907_145750
2026-09-07 14:58:16.896085,1797.5,56.5,179.6,34.1,29.4,20260907_145750
2026-09-07 14:58:17.096199,1800.0,56.5,179.6,34.5,29.4,20260907_145750
2026-09-07 14:58:17.296349,1800.75,57.2,179.6,34.1,28.6,20260907_145750
2026-09-07 14:58:17.496469,1810.0,57.2,179.6,32.5,27.5,20260907_145750
2026-09-07 14:58:17.696623,1810.0,57.2,179.6,25.9,24.7,20260907_145750
2026-09-07 14:58:17.896781,1811.5,57.2,179.6,24.7,24.3,20260907_145750
2026-09-07 14:58:18.096886,1810.75,57.2,179.6,23.9,23.9,20260907_145750
2026-09-07 14:58:18.297008,1814.75,57.2,179.6,22.7,23.9,20260907_145750
2026-09-07 14:58:18.497145,1814.75,57.2,179.6,22.7,23.9,20260907_145750
2026-09-07 14:58:18.697304,1816.25,57.2,179.6,22.7,24.3,20260907_145750
2026-09-07 14:58:18.897498,1814.0,57.2,179.6,20.0,22.7,20260907_145750
2026-09-07 14:58:19.097602,1823.25,57.8,179.6,19.6,22.7,20260907_145750
2026-09-07 14:58:19.297726,1824.0,57.8,179.6,19.6,22.7,20260907_145750
2026-09-07 14:58:19.497843,1831.25,57.8,179.6,19.6,22.7,20260907_145750
2026-09-07 14:58:19.698106,1828.75,57.8,179.6,19.6,22.7,20260907_145750
2026-09-07 14:58:19.898184,1833.5,57.8,179.6,19.6,22.7,20260907_145750
2026-09-07 14:58:20.098323,1832.0,57.8,179.6,17.6,21.2,20260907_145750
2026-09-07 14:58:20.298474,1831.25,57.8,179.6,16.1,21.2,20260907_145750
2026-09-07 14:58:20.498611,1835.0,57.8,179.6,16.1,21.2,20260907_145750
2026-09-07 14:58:20.698825,1835.75,57.8,179.6,16.1,21.2,20260907_145750
2026-09-07 14:58:20.898962,1832.0,57.8,179.6,15.3,20.0,20260907_145750
2026-09-07 14:58:21.099070,1834.25,57.8,179.6,12.9,20.0,20260907_145750
2026-09-07 14:58:21.299234,1832.75,57.8,179.6,12.9,19.6,20260907_145750
2026-09-07 14:58:21.499356,1829.5,57.8,179.6,9.8,17.6,20260907_145750
2026-09-07 14:58:21.699557,1839.0,57.8,179.6,9.4,18.8,20260907_145750
2026-09-07 14:58:21.899682,1838.25,57.8,179.6,12.2,20.0,20260907_145750
2026-09-07 14:58:22.099833,1832.0,57.8,179.6,14.1,20.8,20260907_145750
2026-09-07 14:58:22.299962,1835.75,57.8,177.8,14.1,20.0,20260907_145750
2026-09-07 14:58:22.500085,1832.0,57.8,177.8,12.2,20.0,20260907_145750
2026-09-07 14:58:22.700255,1833.5,57.8,177.8,13.7,20.8,20260907_145750
2026-09-07 14:58:22.900387,1836.5,57.8,177.8,15.3,20.8,20260907_145750
2026-09-07 14:58:23.100511,1840.5,57.8,177.8,15.3,21.2,20260907_145750
2026-09-07 14:58:23.300647,1838.25,58.4,177.8,15.7,21.2,20260907_145750
2026-09-07 14:58:23.500754,1841.25,57.8,177.8,15.7,21.2,20260907_145750
2026-09-07 14:58:23.700875,1837.5,57.8,179.6,15.7,21.2,20260907_145750
2026-09-07 14:58:23.901009,1839.0,58.4,177.8,15.7,21.2,20260907_145750
2026-09-07 14:58:24.101190,1840.5,58.4,177.8,15.7,21.2,20260907_145750
2026-09-07 14:58:24.301289,1840.5,58.4,177.8,15.7,21.2,20260907_145750
2026-09-07 14:58:24.501472,1846.75,58.4,177.8,15.7,21.2,20260907_145750
2026-09-07 14:58:24.701608,1845.25,58.4,177.8,16.1,21.6,20260907_145750
2026-09-07 14:58:24.901722,1846.75,58.4,179.6,18.0,22.0,20260907_145750
2026-09-07 14:58:25.101839,1846.75,58.4,179.6,17.6,22.0,20260907_145750
2026-09-07 14:58:25.301993,1848.25,58.4,177.8,18.4,22.7,20260907_145750
2026-09-07 14:58:25.502116,1848.25,58.4,179.6,18.8,22.7,20260907_145750
2026-09-07 14:58:25.702233,1852.25,58.4,179.6,18.8,22.7,20260907_145750
2026-09-07 14:58:25.902371,1853.75,58.4,179.6,18.8,23.1,20260907_145750
2026-09-07 14:58:26.102505,1853.0,58.4,179.6,20.0,23.5,20260907_145750
2026-09-07 14:58:26.302619,1855.25,58.4,179.6,20.0,23.1,20260907_145750
2026-09-07 14:58:26.502762,1856.25,58.4,179.6,20.0,23.5,20260907_145750
2026-09-07 14:58:26.702905,1859.25,58.4,179.6,21.2,24.3,20260907_145750
2026-09-07 14:58:26.903049,1869.5,59.0,179.6,23.9,26.3,20260907_145750
2026-09-07 14:58:27.103174,1870.25,59.0,179.6,25.9,25.9,20260907_145750
2026-09-07 14:58:27.303295,1724.0,59.0,179.6,25.9,25.5,20260907_145750
2026-09-07 14:58:27.503436,1566.25,59.0,179.6,30.6,27.1,20260907_145750
2026-09-07 14:58:27.703567,1596.75,59.0,179.6,35.7,28.2,20260907_145750
2026-09-07 14:58:27.903706,1569.5,59.0,179.6,36.9,28.6,20260907_145750
2026-09-07 14:58:28.103851,1548.25,59.0,179.6,38.4,30.2,20260907_145750
2026-09-07 14:58:28.303973,1549.0,59.0,179.6,40.4,31.4,20260907_145750
2026-09-07 14:58:28.504112,1555.25,59.0,179.6,40.4,31.4,20260907_145750
2026-09-07 14:58:28.704232,1553.75,59.0,179.6,42.0,34.9,20260907_145750
2026-09-07 14:58:28.904379,1561.5,59.0,179.6,43.5,38.0,20260907_145750
2026-09-07 14:58:29.104498,1560.75,59.0,179.6,45.5,38.8,20260907_145750
2026-09-07 14:58:29.304617,1561.5,59.0,179.6,48.2,43.9,20260907_145750
2026-09-07 14:58:29.504758,1559.25,59.0,179.6,51.4,51.0,20260907_145750
2026-09-07 14:58:29.704881,1572.5,59.0,179.6,54.1,49.8,20260907_145750
2026-09-07 14:58:29.905016,1557.0,59.0,179.6,58.4,47.5,20260907_145750
2026-09-07 14:58:30.105138,1562.5,59.0,179.6,61.2,46.7,20260907_145750
2026-09-07 14:58:30.305260,1576.5,59.0,179.6,63.5,46.3,20260907_145750
2026-09-07 14:58:30.505442,1567.0,59.7,179.6,66.7,45.1,20260907_145750
2026-09-07 14:58:30.705644,1568.75,59.0,179.6,67.1,44.3,20260907_145750
2026-09-07 14:58:30.905753,1575.0,59.0,179.6,65.9,41.6,20260907_145750
2026-09-07 14:58:31.105865,1563.25,59.0,179.6,63.5,40.8,20260907_145750
2026-09-07 14:58:31.306004,1566.25,59.0,179.6,63.1,41.6,20260907_145750
2026-09-07 14:58:31.506136,1562.5,59.0,181.4,63.9,41.6,20260907_145750
2026-09-07 14:58:31.706253,1558.5,59.0,179.6,62.7,39.6,20260907_145750
2026-09-07 14:58:31.906419,1553.75,59.0,181.4,62.0,42.0,20260907_145750
2026-09-07 14:58:32.106551,1574.0,59.0,179.6,64.3,46.7,20260907_145750
2026-09-07 14:58:32.306676,1585.75,59.0,179.6,67.5,45.1,20260907_145750
2026-09-07 14:58:32.506788,1558.5,58.4,179.6,69.0,41.2,20260907_145750
2026-09-07 14:58:32.706901,1554.5,58.4,179.6,65.1,39.6,20260907_145750
2026-09-07 14:58:32.907066,1525.0,58.4,179.6,55.3,27.1,20260907_145750
2026-09-07 14:58:33.107186,1510.0,58.4,179.6,42.0,24.3,20260907_145750
2026-09-07 14:58:33.307437,1536.5,57.8,179.6,40.4,26.3,20260907_145750
2026-09-07 14:58:33.507543,1578.0,57.8,179.6,45.5,34.1,20260907_145750
2026-09-07 14:58:33.707709,1575.0,57.8,179.6,54.9,43.5,20260907_145750
2026-09-07 14:58:33.907839,1531.25,57.8,179.6,61.2,43.9,20260907_145750
2026-09-07 14:58:34.107954,1530.25,57.8,179.6,62.7,41.2,20260907_145750
2026-09-07 14:58:34.308106,1533.5,57.2,179.6,62.0,39.6,20260907_145750
2026-09-07 14:58:34.508229,1536.5,57.2,177.8,61.6,41.2,20260907_145750
2026-09-07 14:58:34.708349,1533.5,57.2,177.8,63.1,42.0,20260907_145750
2026-09-07 14:58:34.908482,1539.75,57.2,177.8,67.5,45.1,20260907_145750
2026-09-07 14:58:35.108599,1550.0,57.2,177.8,73.3,49.8,20260907_145750
2026-09-07 14:58:35.308725,1538.25,57.2,177.8,76.9,48.6,20260907_145750
2026-09-07 14:58:35.508858,1535.75,57.2,177.8,77.6,46.3,20260907_145750
2026-09-07 14:58:35.708995,1504.5,57.2,177.8,72.5,27.5,20260907_145750
2026-09-07 14:58:35.909141,1464.0,56.5,177.8,49.4,23.5,20260907_145750
2026-09-07 14:58:36.109246,1487.5,56.5,177.8,41.2,24.3,20260907_145750
2026-09-07 14:58:36.309448,1517.0,55.9,177.8,43.1,26.3,20260907_145750
2026-09-07 14:58:36.509571,1521.0,55.9,177.8,51.0,38.0,20260907_145750
2026-09-07 14:58:36.709695,1525.0,55.9,177.8,60.8,52.2,20260907_145750
2026-09-07 14:58:36.909832,1478.75,,177.8,71.0,71.4,20260907_145750
2026-09-07 14:58:37.242275,1519.5,55.9,177.8,73.3,70.6,20260907_145750
2026-09-07 14:58:37.442411,1496.0,55.9,177.8,76.5,69.8,20260907_145750
2026-09-07 14:58:37.642537,1516.25,55.9,177.8,79.2,66.7,20260907_145750
2026-09-07 14:58:37.842680,1510.0,55.9,177.8,82.4,61.6,20260907_145750
2026-09-07 14:58:38.042814,1509.25,55.9,177.8,86.3,60.0,20260907_145750
2026-09-07 14:58:38.242953,1542.75,55.9,177.8,87.1,60.4,20260907_145750
2026-09-07 14:58:38.443072,1571.0,55.9,177.8,86.7,52.9,20260907_145750
2026-09-07 14:58:38.643193,1539.0,55.9,177.8,87.5,43.9,20260907_145750
2026-09-07 14:58:38.843312,1525.75,55.9,177.8,84.3,37.6,20260907_145750
2026-09-07 14:58:39.043457,1541.25,55.9,177.8,79.2,31.8,20260907_145750
2026-09-07 14:58:39.243574,1471.75,55.9,177.8,65.1,24.3,20260907_145750
2026-09-07 14:58:39.443715,1454.5,55.3,177.8,51.8,26.3,20260907_145750
2026-09-07 14:58:39.643835,1469.5,55.3,177.8,51.8,30.6,20260907_145750
2026-09-07 14:58:39.843980,1514.75,55.3,177.8,56.1,38.0,20260907_145750
2026-09-07 14:58:40.044128,1486.5,55.3,177.8,60.4,44.3,20260907_145750
2026-09-07 14:58:40.244258,1506.25,55.3,177.8,65.9,47.8,20260907_145750
2026-09-07 14:58:40.444382,1484.25,55.3,177.8,67.5,31.0,20260907_145750
2026-09-07 14:58:40.644493,1433.5,55.3,177.8,50.2,25.1,20260907_145750
2026-09-07 14:58:40.844634,1442.0,54.7,177.8,45.5,26.7,20260907_145750
2026-09-07 14:58:41.044772,1459.25,54.7,177.8,46.7,28.2,20260907_145750
2026-09-07 14:58:41.244907,1462.5,54.7,177.8,47.1,28.6,20260907_145750
2026-09-07 14:58:41.445029,1460.0,54.7,177.8,48.6,30.6,20260907_145750
2026-09-07 14:58:41.645171,1450.0,54.7,177.8,49.4,36.9,20260907_145750
2026-09-07 14:58:41.845267,1553.0,54.1,177.8,52.2,43.1,20260907_145750
2026-09-07 14:58:42.045418,1786.5,54.1,177.8,46.3,48.6,20260907_145750
2026-09-07 14:58:42.245547,1924.0,54.1,179.6,50.6,42.0,20260907_145750
2026-09-07 14:58:42.445672,1833.5,54.1,177.8,44.3,32.5,20260907_145750
2026-09-07 14:58:42.645838,1772.5,54.1,179.6,43.5,33.7,20260907_145750
2026-09-07 14:58:42.845958,1743.75,54.1,179.6,43.1,35.7,20260907_145750
2026-09-07 14:58:43.046097,1747.5,54.1,179.6,43.5,36.9,20260907_145750
2026-09-07 14:58:43.246224,1732.0,54.1,179.6,43.5,38.8,20260907_145750
2026-09-07 14:58:43.446357,1736.5,54.1,179.6,43.5,39.2,20260907_145750
2026-09-07 14:58:43.646495,1735.75,54.1,177.8,43.9,39.2,20260907_145750
2026-09-07 14:58:43.846616,1732.75,54.1,177.8,43.5,39.2,20260907_145750
2026-09-07 14:58:44.046747,1737.5,54.1,177.8,43.9,39.6,20260907_145750
2026-09-07 14:58:44.246909,1739.0,54.1,177.8,44.7,40.4,20260907_145750
2026-09-07 14:58:44.447036,1740.5,54.1,177.8,46.7,42.0,20260907_145750
2026-09-07 14:58:44.647178,1735.75,54.1,177.8,50.2,42.4,20260907_145750
2026-09-07 14:58:44.847312,1727.25,54.1,177.8,51.0,40.0,20260907_145750
2026-09-07 14:58:45.047421,1727.25,54.1,177.8,49.4,37.6,20260907_145750
2026-09-07 14:58:45.247547,1710.75,54.1,177.8,40.4,28.2,20260907_145750
2026-09-07 14:58:45.447687,1731.25,54.1,177.8,40.8,29.8,20260907_145750
2026-09-07 14:58:45.647796,1735.0,54.1,177.8,40.8,31.4,20260907_145750
2026-09-07 14:58:45.847908,1741.25,54.1,177.8,40.8,33.3,20260907_145750
2026-09-07 14:58:46.048040,1734.25,54.1,177.8,41.2,35.7,20260907_145750
2026-09-07 14:58:46.248182,1732.75,54.1,177.8,41.2,36.5,20260907_145750
2026-09-07 14:58:46.448304,1736.5,54.1,177.8,41.2,39.2,20260907_145750
2026-09-07 14:58:46.648421,1742.75,54.1,177.8,44.7,41.2,20260907_145750
2026-09-07 14:58:46.848579,1739.0,54.1,177.8,47.1,42.0,20260907_145750
2026-09-07 14:58:47.048706,1735.0,54.1,177.8,47.8,40.4,20260907_145750
2026-09-07 14:58:47.248818,1732.0,54.1,177.8,47.5,38.8,20260907_145750
2026-09-07 14:58:47.448942,1732.0,54.1,177.8,46.3,39.6,20260907_145750
2026-09-07 14:58:47.649096,1739.0,54.1,177.8,47.1,40.4,20260907_145750
2026-09-07 14:58:47.849232,1728.75,54.1,177.8,45.9,38.8,20260907_145750
2026-09-07 14:58:48.049442,1736.5,54.1,177.8,45.1,39.2,20260907_145750
2026-09-07 14:58:48.249489,1739.0,54.1,177.8,45.9,40.0,20260907_145750
2026-09-07 14:58:48.449613,1736.5,54.1,177.8,45.5,39.6,20260907_145750
2026-09-07 14:58:48.649741,1733.5,54.1,177.8,45.1,39.6,20260907_145750
2026-09-07 14:58:48.849858,1742.75,54.1,177.8,45.1,40.4,20260907_145750
2026-09-07 14:58:49.049989,1741.25,54.7,177.8,46.3,40.8,20260907_145750
2026-09-07 14:58:49.250115,1753.75,54.7,177.8,47.5,42.0,20260907_145750
2026-09-07 14:58:49.450254,1738.25,54.7,177.8,49.4,41.6,20260907_145750
2026-09-07 14:58:49.650378,1741.25,54.7,177.8,49.8,40.0,20260907_145750
2026-09-07 14:58:49.850495,1749.0,54.7,177.8,49.0,40.0,20260907_145750
2026-09-07 14:58:50.050632,1756.25,54.7,177.8,48.2,40.8,20260907_145750
2026-09-07 14:58:50.250757,1746.75,54.7,177.8,49.4,39.2,20260907_145750
2026-09-07 14:58:50.450897,1735.0,54.7,177.8,42.0,28.6,20260907_145750
2026-09-07 14:58:50.651018,1750.75,54.7,177.8,40.0,30.2,20260907_145750
2026-09-07 14:58:50.851159,1767.75,54.7,177.8,41.2,36.1,20260907_145750
2026-09-07 14:58:51.051288,1777.25,54.7,177.8,45.9,42.0,20260907_145750
2026-09-07 14:58:51.251473,1766.25,54.7,177.8,49.8,42.7,20260907_145750
2026-09-07 14:58:51.451595,1754.5,54.7,177.8,50.2,40.8,20260907_145750
2026-09-07 14:58:51.651736,1760.0,54.7,177.8,49.8,40.4,20260907_145750
2026-09-07 14:58:51.851905,1767.0,55.3,177.8,50.6,41.2,20260907_145750
2026-09-07 14:58:52.052028,1747.5,55.3,177.8,45.5,28.2,20260907_145750
2026-09-07 14:58:52.252185,1757.0,55.3,177.8,40.8,29.8,20260907_145750
2026-09-07 14:58:52.452309,1775.0,55.3,177.8,45.1,39.6,20260907_145750
2026-09-07 14:58:52.652432,1778.0,55.3,177.8,47.5,41.6,20260907_145750
2026-09-07 14:58:52.852576,1775.75,55.3,179.6,47.8,41.6,20260907_145750
2026-09-07 14:58:53.052694,1781.25,55.3,177.8,48.2,41.2,20260907_145750
2026-09-07 14:58:53.252831,1780.25,55.3,179.6,48.6,40.0,20260907_145750
2026-09-07 14:58:53.453007,1783.5,55.3,179.6,47.8,40.4,20260907_145750
2026-09-07 14:58:53.653139,1792.75,55.3,179.6,49.0,42.0,20260907_145750
2026-09-07 14:58:53.853268,1789.75,55.9,179.6,50.2,40.8,20260907_145750
2026-09-07 14:58:54.053442,1784.25,55.9,179.6,49.0,39.6,20260907_145750
2026-09-07 14:58:54.253618,1799.0,55.9,179.6,47.8,39.2,20260907_145750
2026-09-07 14:58:54.453793,1797.5,55.9,179.6,47.5,31.8,20260907_145750
2026-09-07 14:58:54.653882,1778.0,55.9,179.6,39.6,26.7,20260907_145750
2026-09-07 14:58:54.854052,1773.25,55.9,179.6,28.6,23.5,20260907_145750
2026-09-07 14:58:55.054193,1774.0,55.9,179.6,26.3,24.7,20260907_145750
2026-09-07 14:58:55.254311,1778.75,55.9,179.6,26.7,25.1,20260907_145750
2026-09-07 14:58:55.454473,1767.0,55.9,179.6,25.5,24.3,20260907_145750
2026-09-07 14:58:55.654578,1759.25,55.3,179.6,23.9,24.3,20260907_145750
2026-09-07 14:58:55.854727,1761.5,55.3,179.6,23.9,23.1,20260907_145750
2026-09-07 14:58:56.054888,1761.5,55.3,179.6,23.1,24.3,20260907_145750
2026-09-07 14:58:56.255011,1759.25,55.3,179.6,23.5,24.3,20260907_145750
2026-09-07 14:58:56.455147,1755.25,55.3,179.6,23.1,23.9,20260907_145750
2026-09-07 14:58:56.655293,1753.75,55.3,179.6,22.7,23.9,20260907_145750
2026-09-07 14:58:56.855428,1755.25,55.3,179.6,25.1,25.9,20260907_145750
2026-09-07 14:58:57.055575,1746.75,55.3,179.6,28.2,26.7,20260907_145750
2026-09-07 14:58:57.255718,1754.5,55.3,179.6,29.0,26.7,20260907_145750
2026-09-07 14:58:57.455844,1750.0,55.3,179.6,29.0,26.3,20260907_145750
2026-09-07 14:58:57.655979,1756.25,55.3,179.6,28.2,26.3,20260907_145750
2026-09-07 14:58:57.856125,1752.25,55.3,179.6,28.2,25.1,20260907_145750
2026-09-07 14:58:58.056270,1750.0,55.3,179.6,25.9,24.3,20260907_145750
2026-09-07 14:58:58.256409,1753.0,55.3,179.6,24.3,24.7,20260907_145750
2026-09-07 14:58:58.456532,1749.0,55.3,179.6,24.7,24.7,20260907_145750
2026-09-07 14:58:58.656670,1753.75,55.3,179.6,24.7,24.7,20260907_145750
2026-09-07 14:58:58.856844,1756.25,55.3,179.6,24.3,24.7,20260907_145750
2026-09-07 14:58:59.057002,1753.75,55.3,179.6,24.3,24.7,20260907_145750
2026-09-07 14:58:59.257083,1757.0,55.3,179.6,25.9,26.7,20260907_145750
2026-09-07 14:58:59.457208,1753.0,55.3,179.6,29.0,26.7,20260907_145750
2026-09-07 14:58:59.657353,1753.0,55.3,179.6,28.6,26.3,20260907_145750
2026-09-07 14:58:59.857562,1754.5,55.3,179.6,28.6,26.3,20260907_145750
2026-09-07 14:59:00.057673,1756.25,55.3,179.6,29.4,27.5,20260907_145750
2026-09-07 14:59:00.257820,1764.0,55.3,179.6,32.5,30.2,20260907_145750
2026-09-07 14:59:00.457950,1760.75,55.9,179.6,35.7,32.2,20260907_145750
2026-09-07 14:59:00.658062,1761.5,55.9,179.6,36.1,32.2,20260907_145750
2026-09-07 14:59:00.858196,1764.75,55.9,179.6,35.3,31.0,20260907_145750
2026-09-07 14:59:01.058307,1765.5,55.9,179.6,34.9,30.2,20260907_145750
2026-09-07 14:59:01.258420,1765.5,55.9,179.6,29.8,26.3,20260907_145750
2026-09-07 14:59:01.458553,1771.75,55.9,179.6,29.0,26.7,20260907_145750
2026-09-07 14:59:01.658715,1772.5,55.9,179.6,29.0,26.3,20260907_145750
2026-09-07 14:59:01.858825,1770.25,55.9,179.6,25.5,25.1,20260907_145750
2026-09-07 14:59:02.058947,1775.75,55.9,179.6,24.7,25.1,20260907_145750
2026-09-07 14:59:02.259165,1773.25,55.9,179.6,24.7,25.1,20260907_145750
2026-09-07 14:59:02.459291,1773.25,55.9,179.6,25.1,24.7,20260907_145750
2026-09-07 14:59:02.659419,1772.5,55.9,179.6,20.4,22.4,20260907_145750
2026-09-07 14:59:02.859579,1772.5,55.9,179.6,19.2,22.7,20260907_145750
2026-09-07 14:59:03.059703,1775.75,55.9,179.6,20.0,23.1,20260907_145750
2026-09-07 14:59:03.259862,1771.0,55.9,179.6,20.4,23.1,20260907_145750
2026-09-07 14:59:03.459986,1772.5,55.9,179.6,20.4,23.1,20260907_145750
2026-09-07 14:59:03.660116,1771.75,55.9,179.6,20.4,23.1,20260907_145750
2026-09-07 14:59:03.860246,1771.75,55.9,179.6,20.0,23.1,20260907_145750
2026-09-07 14:59:04.060411,1773.25,55.9,179.6,20.0,23.1,20260907_145750
2026-09-07 14:59:04.260542,1775.75,55.9,179.6,20.0,22.7,20260907_145750
2026-09-07 14:59:04.460679,1771.75,55.9,179.6,17.6,20.4,20260907_145750
2026-09-07 14:59:04.660795,1771.75,55.9,179.6,14.1,17.6,20260907_145750
2026-09-07 14:59:04.860948,1765.5,55.9,179.6,8.6,17.3,20260907_145750
2026-09-07 14:59:05.061099,1760.0,55.9,179.6,6.7,17.6,20260907_145750
2026-09-07 14:59:05.261227,1763.25,55.9,179.6,6.7,17.3,20260907_145750
2026-09-07 14:59:05.461363,1761.5,55.9,179.6,6.7,18.8,20260907_145750
2026-09-07 14:59:05.661565,1800.0,55.3,179.6,10.6,20.0,20260907_145750
2026-09-07 14:59:05.861647,1818.75,55.9,179.6,11.8,20.0,20260907_145750
2026-09-07 14:59:06.061771,1778.75,55.3,179.6,12.2,19.6,20260907_145750
2026-09-07 14:59:06.261892,1771.75,55.3,179.6,13.3,21.2,20260907_145750
2026-09-07 14:59:06.462018,1805.25,55.9,179.6,15.3,21.2,20260907_145750
2026-09-07 14:59:06.662153,1782.0,55.9,179.6,15.7,20.8,20260907_145750
2026-09-07 14:59:06.862294,1768.75,55.9,179.6,15.3,21.2,20260907_145750
2026-09-07 14:59:07.062400,1771.0,55.3,179.6,16.1,21.2,20260907_145750
2026-09-07 14:59:07.262532,1764.0,55.3,179.6,16.1,21.2,20260907_145750
2026-09-07 14:59:07.462697,1765.5,55.3,177.8,16.1,20.8,20260907_145750
2026-09-07 14:59:07.662825,1761.5,55.3,179.6,15.7,20.8,20260907_145750
2026-09-07 14:59:07.862950,1759.25,55.3,177.8,15.7,20.8,20260907_145750
2026-09-07 14:59:08.063070,1762.5,55.3,177.8,15.7,20.8,20260907_145750
2026-09-07 14:59:08.263228,1760.75,55.3,177.8,15.7,20.8,20260907_145750
2026-09-07 14:59:08.463367,1760.0,55.9,177.8,15.3,20.8,20260907_145750
2026-09-07 14:59:08.663502,1763.25,55.9,177.8,15.3,20.8,20260907_145750
2026-09-07 14:59:08.863651,1763.25,55.9,177.8,15.7,20.8,20260907_145750
2026-09-07 14:59:09.063760,1767.75,55.9,177.8,15.7,,20260907_145750
2026-09-07 14:59:09.398837,1767.75,55.9,177.8,15.3,19.6,20260907_145750
2026-09-07 14:59:09.598960,1765.5,55.9,177.8,12.5,17.6,20260907_145750
2026-09-07 14:59:09.799081,1767.75,55.9,177.8,11.0,19.2,20260907_145750
2026-09-07 14:59:09.999230,1767.75,55.9,177.8,11.4,19.2,20260907_145750
2026-09-07 14:59:10.199360,1762.5,55.9,177.8,11.4,19.2,20260907_145750
2026-09-07 14:59:10.399511,1752.25,55.9,179.6,11.0,18.8,20260907_145750
2026-09-07 14:59:10.599626,1755.25,55.9,179.6,7.5,16.1,20260907_145750
2026-09-07 14:59:10.799779,1760.75,55.9,179.6,6.3,17.6,20260907_145750
2026-09-07 14:59:10.999916,1773.25,55.9,179.6,6.3,18.4,20260907_145750
2026-09-07 14:59:11.200052,1777.25,55.9,179.6,9.8,20.0,20260907_145750
2026-09-07 14:59:11.400190,1764.0,55.9,179.6,12.5,20.4,20260907_145750
2026-09-07 14:59:11.600317,1773.25,55.9,179.6,12.5,20.4,20260907_145750
2026-09-07 14:59:11.800451,1783.5,55.9,179.6,12.9,19.6,20260907_145750
2026-09-07 14:59:12.000600,1775.75,55.9,179.6,12.5,20.4,20260907_145750
2026-09-07 14:59:12.200723,1804.5,55.9,179.6,14.9,20.8,20260907_145750
2026-09-07 14:59:12.400874,1805.25,55.9,179.6,15.3,21.2,20260907_145750
2026-09-07 14:59:12.601014,1782.75,55.9,179.6,15.3,20.8,20260907_145750
2026-09-07 14:59:12.801159,1775.75,55.9,179.6,15.7,20.8,20260907_145750
2026-09-07 14:59:13.001298,1771.75,55.9,179.6,15.3,20.8,20260907_145750
2026-09-07 14:59:13.201530,1770.25,55.9,179.6,15.7,20.8,20260907_145750
2026-09-07 14:59:13.401638,1771.75,55.9,179.6,15.7,20.8,20260907_145750
2026-09-07 14:59:13.601798,1773.25,55.9,179.6,15.7,20.8,20260907_145750
2026-09-07 14:59:13.802212,1775.0,55.9,179.6,15.7,20.8,20260907_145750
2026-09-07 14:59:14.002352,1780.25,56.5,179.6,15.7,20.8,20260907_145750
2026-09-07 14:59:14.202517,1781.25,56.5,179.6,15.7,20.8,20260907_145750
2026-09-07 14:59:14.402957,1786.5,56.5,179.6,15.7,20.8,20260907_145750
2026-09-07 14:59:14.603087,1789.75,56.5,179.6,15.7,20.8,20260907_145750
2026-09-07 14:59:14.803316,1790.5,56.5,179.6,15.7,20.8,20260907_145750
2026-09-07 14:59:15.003408,1789.75,56.5,179.6,15.7,20.8,20260907_145750
2026-09-07 14:59:15.203527,1795.25,56.5,179.6,15.7,21.2,20260907_145750
2026-09-07 14:59:15.403649,1795.25,56.5,179.6,16.1,21.2,20260907_145750
2026-09-07 14:59:15.603770,1798.25,57.2,179.6,16.5,21.2,20260907_145750
2026-09-07 14:59:15.803916,1801.5,57.2,179.6,16.5,21.2,20260907_145750
2026-09-07 14:59:16.004032,1807.75,57.2,179.6,16.5,21.2,20260907_145750
2026-09-07 14:59:16.204162,1811.5,57.2,179.6,16.5,21.6,20260907_145750
2026-09-07 14:59:16.404288,1809.25,57.2,179.6,15.3,21.6,20260907_145750
2026-09-07 14:59:16.604422,1817.0,57.2,179.6,16.5,21.2,20260907_145750
2026-09-07 14:59:16.804571,1820.25,57.2,179.6,16.5,21.2,20260907_145750
2026-09-07 14:59:17.004696,1820.25,57.2,179.6,16.5,21.2,20260907_145750
2026-09-07 14:59:17.204813,1642.75,57.8,179.6,18.0,20.8,20260907_145750
2026-09-07 14:59:17.404946,1528.75,57.8,179.6,21.2,21.2,20260907_145750
2026-09-07 14:59:17.605077,1525.75,57.8,179.6,22.4,21.6,20260907_145750
2026-09-07 14:59:17.805226,1532.75,57.8,179.6,22.0,20.4,20260907_145750
2026-09-07 14:59:18.005359,1506.25,57.8,179.6,20.0,20.0,20260907_145750
2026-09-07 14:59:18.205469,1497.5,57.8,179.6,17.6,18.8,20260907_145750
2026-09-07 14:59:18.405606,1505.25,57.8,179.6,18.0,19.6,20260907_145750
2026-09-07 14:59:18.605734,1506.25,57.8,179.6,18.4,19.6,20260907_145750
2026-09-07 14:59:18.805876,1509.25,58.4,179.6,18.4,20.4,20260907_145750
2026-09-07 14:59:19.006020,1516.25,58.4,179.6,20.0,20.4,20260907_145750
2026-09-07 14:59:19.206167,1514.75,58.4,179.6,19.6,20.4,20260907_145750
2026-09-07 14:59:19.406289,1516.25,58.4,179.6,19.6,20.4,20260907_145750
2026-09-07 14:59:19.606410,1520.25,58.4,179.6,19.6,20.4,20260907_145750
2026-09-07 14:59:19.806538,1518.75,58.4,179.6,19.6,18.8,20260907_145750
2026-09-07 14:59:20.006693,1517.75,58.4,179.6,14.9,16.5,20260907_145750
2026-09-07 14:59:20.206846,1523.25,58.4,179.6,10.2,17.3,20260907_145750
2026-09-07 14:59:20.406986,1525.0,58.4,179.6,9.8,15.7,20260907_145750
2026-09-07 14:59:20.607185,1523.25,58.4,179.6,7.1,16.9,20260907_145750
2026-09-07 14:59:20.807330,1525.75,58.4,179.6,7.5,16.9,20260907_145750
2026-09-07 14:59:21.007440,1517.75,58.4,179.6,7.5,16.9,20260907_145750
2026-09-07 14:59:21.207568,1518.75,59.0,179.6,8.2,18.4,20260907_145750
2026-09-07 14:59:21.407694,1541.25,58.4,179.6,12.9,19.2,20260907_145750
2026-09-07 14:59:21.607845,1532.0,58.4,179.6,13.3,18.8,20260907_145750
2026-09-07 14:59:21.807964,1535.0,59.0,179.6,12.5,18.8,20260907_145750
2026-09-07 14:59:22.008108,1549.0,59.0,179.6,12.9,20.4,20260907_145750
2026-09-07 14:59:22.208227,1594.5,59.0,179.6,16.5,21.2,20260907_145750
2026-09-07 14:59:22.408365,1579.5,59.0,179.6,18.0,20.4,20260907_145750
2026-09-07 14:59:22.608495,1556.25,59.0,179.6,18.4,20.4,20260907_145750
2026-09-07 14:59:22.808613,1557.0,59.7,179.6,18.8,20.8,20260907_145750
2026-09-07 14:59:23.008758,1561.5,59.7,179.6,19.6,20.8,20260907_145750
2026-09-07 14:59:23.208890,1555.25,59.7,179.6,20.0,20.8,20260907_145750
2026-09-07 14:59:23.409022,1554.5,59.7,179.6,20.4,21.2,20260907_145750
2026-09-07 14:59:23.609164,1556.25,59.7,179.6,20.8,21.2,20260907_145750
2026-09-07 14:59:23.809310,1553.75,59.7,179.6,20.8,21.2,20260907_145750
2026-09-07 14:59:24.009465,1555.25,60.3,179.6,20.8,21.2,20260907_145750
2026-09-07 14:59:24.209606,1557.75,60.3,179.6,20.8,21.2,20260907_145750
2026-09-07 14:59:24.409738,1560.0,59.7,179.6,20.8,21.2,20260907_145750
2026-09-07 14:59:24.609917,1557.0,59.7,179.6,20.8,22.0,20260907_145750
2026-09-07 14:59:24.810036,1563.25,60.3,179.6,23.1,23.1,20260907_145750
2026-09-07 14:59:25.010174,1564.0,60.3,179.6,26.7,23.5,20260907_145750
2026-09-07 14:59:25.210300,1566.25,60.3,179.6,26.7,23.5,20260907_145750
2026-09-07 14:59:25.410439,1564.75,60.3,179.6,26.3,23.5,20260907_145750
2026-09-07 14:59:25.610577,1560.75,60.3,179.6,26.3,23.1,20260907_145750
2026-09-07 14:59:25.810734,1565.5,60.3,179.6,26.3,23.5,20260907_145750
2026-09-07 14:59:26.010859,1569.5,60.3,179.6,26.3,23.5,20260907_145750
2026-09-07 14:59:26.210970,1567.0,60.3,179.6,26.3,23.5,20260907_145750
2026-09-07 14:59:26.411115,1563.25,60.3,179.6,26.3,23.5,20260907_145750
2026-09-07 14:59:26.611236,1567.0,60.3,179.6,26.3,23.5,20260907_145750
2026-09-07 14:59:26.811398,1569.5,60.3,179.6,26.3,23.9,20260907_145750
2026-09-07 14:59:27.011538,1564.75,60.3,179.6,26.7,25.1,20260907_145750
2026-09-07 14:59:27.211659,1560.75,60.3,179.6,29.4,27.1,20260907_145750
2026-09-07 14:59:27.411806,1564.0,60.3,179.6,36.1,28.2,20260907_145750
2026-09-07 14:59:27.611950,1567.75,60.3,179.6,38.4,33.7,20260907_145750
2026-09-07 14:59:27.812073,1581.25,60.3,179.6,41.2,33.7,20260907_145750
2026-09-07 14:59:28.012205,1581.25,60.3,179.6,40.8,32.9,20260907_145750
2026-09-07 14:59:28.212335,1586.5,60.3,179.6,40.4,33.7,20260907_145750
2026-09-07 14:59:28.412460,1589.75,60.3,179.6,40.8,33.3,20260907_145750
2026-09-07 14:59:28.612598,1591.25,60.3,179.6,41.2,33.7,20260907_145750
2026-09-07 14:59:28.812731,1592.0,60.3,179.6,41.6,37.3,20260907_145750
2026-09-07 14:59:29.012862,1606.25,60.3,179.6,46.7,41.2,20260907_145750
2026-09-07 14:59:29.212989,1592.0,60.3,179.6,49.4,40.0,20260907_145750
2026-09-07 14:59:29.413112,1590.5,60.3,179.6,50.2,38.4,20260907_145750
2026-09-07 14:59:29.613240,1584.25,60.3,179.6,50.6,38.8,20260907_145750
2026-09-07 14:59:29.813456,1597.5,60.3,181.4,57.3,49.8,20260907_145750
2026-09-07 14:59:30.013470,1583.5,60.3,181.4,61.2,52.9,20260907_145750
2026-09-07 14:59:30.213622,1604.5,60.3,181.4,65.1,54.1,20260907_145750
2026-09-07 14:59:30.413791,1597.5,60.3,181.4,67.8,51.4,20260907_145750
2026-09-07 14:59:30.613929,1607.0,60.3,181.4,69.4,60.0,20260907_145750
2026-09-07 14:59:30.814082,1615.5,60.9,181.4,72.9,62.4,20260907_145750
2026-09-07 14:59:31.014214,1644.5,60.3,181.4,77.6,58.4,20260907_145750
2026-09-07 14:59:31.214370,1625.75,60.3,181.4,82.0,50.6,20260907_145750
2026-09-07 14:59:31.414512,1622.5,60.9,181.4,83.1,38.4,20260907_145750
2026-09-07 14:59:31.614641,1582.0,60.9,181.4,76.5,28.2,20260907_145750
2026-09-07 14:59:31.814781,1580.25,60.3,181.4,56.1,27.8,20260907_145750
2026-09-07 14:59:32.014912,1594.5,60.3,183.2,61.2,37.3,20260907_145750
2026-09-07 14:59:32.215023,1588.25,60.9,183.2,65.5,43.5,20260907_145750
2026-09-07 14:59:32.415154,1606.25,60.9,183.2,68.2,49.4,20260907_145750
2026-09-07 14:59:32.615276,1632.75,60.3,183.2,71.0,52.5,20260907_145750
2026-09-07 14:59:32.815423,1625.75,60.3,183.2,73.7,53.3,20260907_145750
2026-09-07 14:59:33.015559,1639.0,60.3,183.2,75.7,50.2,20260907_145750
2026-09-07 14:59:33.215692,1625.75,60.3,183.2,74.5,49.4,20260907_145750
2026-09-07 14:59:33.415811,1613.25,60.3,185.0,76.9,49.4,20260907_145750
2026-09-07 14:59:33.615939,1599.0,60.3,185.0,76.5,44.3,20260907_145750
2026-09-07 14:59:33.816067,1585.0,60.3,185.0,70.2,36.1,20260907_145750
2026-09-07 14:59:34.016184,1582.75,60.3,185.0,66.7,40.4,20260907_145750
2026-09-07 14:59:34.216306,1613.25,60.3,185.0,66.7,42.7,20260907_145750
2026-09-07 14:59:34.416432,1581.25,59.7,185.0,63.9,29.8,20260907_145750
2026-09-07 14:59:34.616582,1565.5,59.7,185.0,56.1,33.3,20260907_145750
2026-09-07 14:59:34.816691,1582.75,59.7,185.0,60.8,48.6,20260907_145750
2026-09-07 14:59:35.016846,1615.5,59.7,186.8,67.8,53.7,20260907_145750
2026-09-07 14:59:35.216984,1610.0,59.0,186.8,72.2,56.5,20260907_145750
2026-09-07 14:59:35.417112,1621.0,59.0,186.8,77.3,55.7,20260907_145750
2026-09-07 14:59:35.617243,1604.5,59.0,186.8,80.4,62.7,20260907_145750
2026-09-07 14:59:35.817414,1592.0,59.7,186.8,86.7,69.0,20260907_145750
2026-09-07 14:59:36.017542,1607.75,59.0,186.8,90.2,67.1,20260907_145750
2026-09-07 14:59:36.217674,1596.75,59.0,186.8,94.9,69.8,20260907_145750
2026-09-07 14:59:36.417829,1610.75,59.0,186.8,96.9,73.7,20260907_145750
2026-09-07 14:59:36.617908,1638.25,59.0,186.8,94.9,45.5,20260907_145750
2026-09-07 14:59:36.818048,1601.5,59.0,186.8,92.9,38.4,20260907_145750
2026-09-07 14:59:37.018201,1578.0,59.7,186.8,93.7,42.0,20260907_145750
2026-09-07 14:59:37.218336,1590.5,59.0,186.8,96.1,50.6,20260907_145750
2026-09-07 14:59:37.418465,1611.5,59.0,186.8,94.1,41.6,20260907_145750
2026-09-07 14:59:37.618595,1574.0,59.0,186.8,92.5,38.0,20260907_145750
2026-09-07 14:59:37.818726,1592.0,59.0,186.8,91.0,51.0,20260907_145750
2026-09-07 14:59:38.018874,1583.5,59.0,185.0,92.9,54.5,20260907_145750
2026-09-07 14:59:38.219006,1582.0,59.0,185.0,93.7,58.8,20260907_145750
2026-09-07 14:59:38.419132,1575.75,59.0,185.0,95.7,56.5,20260907_145750
2026-09-07 14:59:38.619635,1589.0,59.0,185.0,91.0,29.4,20260907_145750
2026-09-07 14:59:38.819781,1530.25,59.0,185.0,65.5,23.9,20260907_145750
2026-09-07 14:59:39.019948,1549.0,59.0,185.0,48.6,28.2,20260907_145750
2026-09-07 14:59:39.220051,1599.0,59.0,185.0,56.5,35.3,20260907_145750
2026-09-07 14:59:39.420188,1556.25,58.4,185.0,58.8,38.4,20260907_145750
2026-09-07 14:59:39.620324,1565.5,58.4,185.0,67.1,48.6,20260907_145750
2026-09-07 14:59:39.820452,1610.0,58.4,185.0,70.2,49.0,20260907_145750
2026-09-07 14:59:40.020592,1576.5,58.4,185.0,71.8,45.5,20260907_145750
2026-09-07 14:59:40.220727,1587.5,58.4,185.0,71.4,45.9,20260907_145750
2026-09-07 14:59:40.420853,1564.75,58.4,185.0,72.9,39.6,20260907_145750
2026-09-07 14:59:40.620959,1521.0,58.4,185.0,55.3,24.7,20260907_145750
2026-09-07 14:59:40.821089,1522.5,57.8,185.0,44.3,25.1,20260907_145750
2026-09-07 14:59:41.021237,1539.0,57.8,185.0,42.4,27.8,20260907_145750
2026-09-07 14:59:41.221436,1578.0,57.8,185.0,48.2,38.0,20260907_145750
2026-09-07 14:59:41.421532,1572.5,57.8,185.0,60.0,46.7,20260907_145750
2026-09-07 14:59:41.621652,1516.25,57.8,185.0,63.5,52.5,20260907_145750
2026-09-07 14:59:41.821774,1533.5,57.8,185.0,68.6,65.9,20260907_145750
2026-09-07 14:59:42.021906,1560.75,57.2,185.0,71.4,71.4,20260907_145750
2026-09-07 14:59:42.222024,1566.25,57.2,185.0,73.3,68.2,20260907_145750
2026-09-07 14:59:42.422167,1581.25,57.8,185.0,76.9,65.9,20260907_145750
2026-09-07 14:59:42.622318,1544.5,57.8,185.0,86.3,68.2,20260907_145750
2026-09-07 14:59:42.822436,1539.0,57.8,185.0,91.8,82.0,20260907_145750
2026-09-07 14:59:43.022575,1569.5,57.8,185.0,91.8,82.0,20260907_145750
2026-09-07 14:59:43.222697,1591.25,57.8,185.0,94.1,75.3,20260907_145750
2026-09-07 14:59:43.422851,1602.25,57.8,185.0,96.9,56.1,20260907_145750
2026-09-07 14:59:43.622978,1599.0,57.8,185.0,99.6,48.2,20260907_145750
2026-09-07 14:59:43.823106,1563.25,57.8,185.0,100.0,42.7,20260907_145750
2026-09-07 14:59:44.023246,1598.25,57.8,185.0,96.1,46.3,20260907_145750
2026-09-07 14:59:44.223406,1567.75,57.8,185.0,85.1,28.6,20260907_145750
2026-09-07 14:59:44.423554,1509.25,57.8,185.0,61.2,26.3,20260907_145750
2026-09-07 14:59:44.623680,1532.0,57.8,185.0,66.3,32.9,20260907_145750
2026-09-07 14:59:44.823831,1569.5,57.8,185.0,74.9,46.7,20260907_145750
2026-09-07 14:59:45.023957,1531.25,57.8,185.0,78.4,49.8,20260907_145750
2026-09-07 14:59:45.224090,1562.5,57.8,185.0,78.8,53.3,20260907_145750
2026-09-07 14:59:45.424213,1550.75,57.8,185.0,80.0,43.5,20260907_145750
2026-09-07 14:59:45.624367,1518.75,57.8,186.8,66.3,29.4,20260907_145750
2026-09-07 14:59:45.824485,1539.75,57.8,186.8,63.5,35.3,20260907_145750
2026-09-07 14:59:46.024639,1592.0,57.8,186.8,63.9,43.5,20260907_145750
2026-09-07 14:59:46.224797,1578.75,57.8,186.8,68.2,48.2,20260907_145750
2026-09-07 14:59:46.424929,1555.25,57.8,186.8,68.2,29.4,20260907_145750
2026-09-07 14:59:46.625077,1505.25,57.8,186.8,56.5,30.2,20260907_145750
2026-09-07 14:59:46.825215,1542.75,57.8,186.8,58.8,43.5,20260907_145750
2026-09-07 14:59:47.025335,1603.75,57.8,186.8,67.5,50.2,20260907_145750
2026-09-07 14:59:47.225454,1553.0,57.8,186.8,71.8,51.0,20260907_145750
2026-09-07 14:59:47.425578,1559.25,57.8,186.8,74.9,51.8,20260907_145750
2026-09-07 14:59:47.625735,1555.25,57.8,186.8,76.5,51.4,20260907_145750
2026-09-07 14:59:47.825861,1565.5,57.8,188.6,77.3,52.5,20260907_145750
2026-09-07 14:59:48.025982,1570.25,57.8,188.6,77.6,49.4,20260907_145750
2026-09-07 14:59:48.226163,1538.25,57.8,188.6,78.4,49.0,20260907_145750
2026-09-07 14:59:48.426301,1542.75,57.8,188.6,72.9,29.8,20260907_145750
2026-09-07 14:59:48.626443,1496.0,57.8,188.6,51.4,25.5,20260907_145750
2026-09-07 14:59:48.826573,1515.5,57.8,188.6,47.5,27.5,20260907_145750
2026-09-07 14:59:49.026718,1544.5,57.2,188.6,49.8,34.1,20260907_145750
2026-09-07 14:59:49.226822,1565.5,57.2,188.6,58.0,46.7,20260907_145750
2026-09-07 14:59:49.426971,1543.75,57.8,188.6,62.7,57.3,20260907_145750
2026-09-07 14:59:49.627110,1539.0,57.8,188.6,67.5,64.3,20260907_145750
2026-09-07 14:59:49.827229,1567.0,57.8,188.6,71.4,63.5,20260907_145750
2026-09-07 14:59:50.027359,1550.0,57.8,188.6,73.7,61.2,20260907_145750
2026-09-07 14:59:50.227483,1571.0,57.8,188.6,77.3,61.2,20260907_145750
2026-09-07 14:59:50.427628,1544.5,57.8,188.6,80.4,61.6,20260907_145750
2026-09-07 14:59:50.627733,1549.0,57.8,188.6,87.1,65.1,20260907_145750
2026-09-07 14:59:50.827876,1556.25,57.8,188.6,88.2,71.0,20260907_145750
2026-09-07 14:59:51.028021,1552.25,58.4,188.6,91.0,70.2,20260907_145750
2026-09-07 14:59:51.228127,1570.25,58.4,188.6,93.3,60.0,20260907_145750
2026-09-07 14:59:51.428262,1579.5,58.4,188.6,92.9,44.3,20260907_145750
2026-09-07 14:59:51.628411,1554.5,58.4,188.6,92.9,37.6,20260907_145750
2026-09-07 14:59:51.828537,1562.5,58.4,188.6,89.4,37.6,20260907_145750
2026-09-07 14:59:52.028677,1519.5,58.4,188.6,80.8,28.2,20260907_145750
2026-09-07 14:59:52.228780,1516.25,58.4,188.6,53.3,23.9,20260907_145750
2026-09-07 14:59:52.428928,1527.25,58.4,188.6,45.5,28.2,20260907_145750
2026-09-07 14:59:52.629060,1555.25,58.4,188.6,51.0,34.5,20260907_145750
2026-09-07 14:59:52.829177,1560.0,58.4,188.6,62.0,48.6,20260907_145750
2026-09-07 14:59:53.029319,1546.75,58.4,188.6,67.5,55.3,20260907_145750
2026-09-07 14:59:53.229486,1564.0,58.4,188.6,71.0,57.3,20260907_145750
2026-09-07 14:59:53.429594,1576.5,58.4,190.4,74.1,64.3,20260907_145750
2026-09-07 14:59:53.629724,1594.5,59.0,190.4,78.4,67.1,20260907_145750
2026-09-07 14:59:53.829850,1581.25,59.0,190.4,81.6,65.1,20260907_145750
2026-09-07 14:59:54.029983,1592.75,59.0,190.4,85.5,66.3,20260907_145750
2026-09-07 14:59:54.230112,1595.25,59.0,190.4,89.0,60.4,20260907_145750
2026-09-07 14:59:54.430235,1598.25,59.0,190.4,90.2,36.9,20260907_145750
2026-09-07 14:59:54.630361,1572.5,59.7,190.4,78.0,30.2,20260907_145750
2026-09-07 14:59:54.830498,1572.5,59.7,190.4,71.4,28.2,20260907_145750
2026-09-07 14:59:55.030651,1557.75,59.7,190.4,54.1,24.7,20260907_145750
2026-09-07 14:59:55.230795,1542.0,59.7,190.4,44.7,25.1,20260907_145750
2026-09-07 14:59:55.430928,1568.75,59.7,190.4,42.0,26.3,20260907_145750
2026-09-07 14:59:55.631070,1586.5,59.7,190.4,41.6,26.3,20260907_145750
2026-09-07 14:59:55.831221,1553.0,59.0,190.4,35.7,24.3,20260907_145750
2026-09-07 14:59:56.031339,1564.75,59.0,190.4,33.3,25.1,20260907_145750
2026-09-07 14:59:56.231465,1572.5,59.0,190.4,32.2,24.7,20260907_145750
2026-09-07 14:59:56.431591,1550.75,59.0,190.4,31.8,22.4,20260907_145750
2026-09-07 14:59:56.631705,1532.75,59.0,190.4,21.2,20.0,20260907_145750
2026-09-07 14:59:56.831842,1526.5,59.0,190.4,19.6,20.4,20260907_145750
2026-09-07 14:59:57.031989,1528.0,58.4,190.4,19.2,20.8,20260907_145750
2026-09-07 14:59:57.232108,1529.5,58.4,190.4,22.0,22.0,20260907_145750
2026-09-07 14:59:57.432264,1517.0,58.4,190.4,22.7,22.0,20260907_145750
2026-09-07 14:59:57.632369,1521.0,58.4,190.4,24.7,23.9,20260907_145750
2026-09-07 14:59:57.832528,1521.75,58.4,190.4,31.0,26.7,20260907_145750
2026-09-07 14:59:58.032676,1528.0,58.4,188.6,38.0,29.0,20260907_145750
2026-09-07 14:59:58.232793,1576.5,58.4,188.6,39.6,31.8,20260907_145750
2026-09-07 14:59:58.432930,1563.25,58.4,188.6,43.1,39.2,20260907_145750
2026-09-07 14:59:58.633055,1569.5,58.4,188.6,47.5,43.5,20260907_145750
2026-09-07 14:59:58.833188,1553.0,58.4,188.6,51.0,49.0,20260907_145750
2026-09-07 14:59:59.033330,1550.75,58.4,188.6,51.8,57.6,20260907_145750
2026-09-07 14:59:59.233568,1562.5,58.4,188.6,55.3,63.9,20260907_145750
2026-09-07 14:59:59.433693,1542.75,58.4,188.6,59.6,65.9,20260907_145750
2026-09-07 14:59:59.633830,1554.5,58.4,186.8,63.1,64.7,20260907_145750
2026-09-07 14:59:59.833966,1574.0,59.0,186.8,68.2,63.5,20260907_145750
2026-09-07 15:00:00.034126,1574.0,59.0,186.8,70.6,59.6,20260907_145750
2026-09-07 15:00:00.234246,1589.75,59.0,186.8,71.8,56.5,20260907_145750
2026-09-07 15:00:00.434388,1601.5,59.0,186.8,73.3,55.3,20260907_145750
2026-09-07 15:00:00.634514,1603.75,59.7,186.8,74.9,48.6,20260907_145750
2026-09-07 15:00:00.834690,1550.75,59.7,186.8,66.3,28.6,20260907_145750
2026-09-07 15:00:01.034837,1544.5,59.7,185.0,52.5,25.1,20260907_145750
2026-09-07 15:00:01.234956,1554.5,59.7,185.0,42.7,25.9,20260907_145750
2026-09-07 15:00:01.435089,1564.0,59.0,185.0,41.2,25.5,20260907_145750
2026-09-07 15:00:01.635225,1559.25,59.7,185.0,37.6,25.9,20260907_145750
2026-09-07 15:00:01.835353,1564.75,59.7,185.0,36.5,26.3,20260907_145750
2026-09-07 15:00:02.035472,1569.5,59.7,185.0,36.1,26.7,20260907_145750
2026-09-07 15:00:02.235597,1569.5,59.7,185.0,36.5,27.5,20260907_145750
2026-09-07 15:00:02.435726,1574.0,59.0,185.0,36.9,27.8,20260907_145750
2026-09-07 15:00:02.635859,1567.0,59.0,185.0,37.6,27.8,20260907_145750
2026-09-07 15:00:02.836009,1566.25,59.7,185.0,38.0,28.2,20260907_145750
2026-09-07 15:00:03.036133,1574.0,59.0,185.0,39.2,30.2,20260907_145750
2026-09-07 15:00:03.236267,1567.0,59.0,185.0,39.6,29.8,20260907_145750
2026-09-07 15:00:03.436404,1560.0,59.0,185.0,39.2,29.4,20260907_145750
2026-09-07 15:00:03.636527,1564.75,59.0,183.2,38.8,29.0,20260907_145750
2026-09-07 15:00:03.836669,1565.5,59.0,183.2,38.4,29.0,20260907_145750
2026-09-07 15:00:04.036874,1547.5,59.0,183.2,36.1,24.7,20260907_145750
2026-09-07 15:00:04.237008,1547.5,59.0,183.2,32.2,25.1,20260907_145750
2026-09-07 15:00:04.437139,1544.5,59.0,183.2,32.2,25.9,20260907_145750
2026-09-07 15:00:04.637250,1548.25,59.0,183.2,35.7,27.5,20260907_145750
2026-09-07 15:00:04.837443,1533.5,59.0,183.2,36.5,27.1,20260907_145750
2026-09-07 15:00:05.037576,1535.0,59.0,183.2,35.3,22.7,20260907_145750
2026-09-07 15:00:05.237703,1526.5,59.0,183.2,27.1,22.7,20260907_145750
2026-09-07 15:00:05.437828,1532.0,59.0,183.2,26.7,22.7,20260907_145750
2026-09-07 15:00:05.637956,1526.5,59.0,183.2,25.9,22.0,20260907_145750
2026-09-07 15:00:05.838098,1521.75,59.0,183.2,22.0,21.2,20260907_145750
2026-09-07 15:00:06.038213,1522.5,58.4,183.2,22.0,21.2,20260907_145750
2026-09-07 15:00:06.238338,1519.5,58.4,183.2,22.0,21.2,20260907_145750
2026-09-07 15:00:06.438462,1516.25,58.4,183.2,21.6,21.2,20260907_145750
2026-09-07 15:00:06.638580,1510.0,58.4,183.2,18.8,18.8,20260907_145750
2026-09-07 15:00:06.838716,1505.25,57.8,183.2,14.1,17.6,20260907_145750
2026-09-07 15:00:07.038859,1501.5,57.8,183.2,10.2,16.9,20260907_145750
2026-09-07 15:00:07.238998,1496.0,57.8,183.2,7.8,16.9,20260907_145750
2026-09-07 15:00:07.439152,1494.5,57.8,183.2,7.8,16.9,20260907_145750
2026-09-07 15:00:07.639293,1493.75,57.2,183.2,7.8,17.6,20260907_145750
2026-09-07 15:00:07.839426,1496.75,57.2,183.2,10.6,19.6,20260907_145750
2026-09-07 15:00:08.039604,1520.25,57.2,183.2,15.3,21.2,20260907_145750
2026-09-07 15:00:08.239736,1542.0,57.2,183.2,18.4,21.2,20260907_145750
2026-09-07 15:00:08.439889,1509.25,57.2,183.2,19.6,21.6,20260907_145750
2026-09-07 15:00:08.640015,1509.25,57.2,183.2,21.6,21.2,20260907_145750
2026-09-07 15:00:08.840166,1500.0,57.2,183.2,22.0,22.0,20260907_145750
2026-09-07 15:00:09.040306,1514.75,56.5,183.2,23.9,22.7,20260907_145750
2026-09-07 15:00:09.240432,1510.75,56.5,183.2,27.5,23.5,20260907_145750
2026-09-07 15:00:09.440569,1483.5,56.5,183.2,28.6,23.5,20260907_145750
2026-09-07 15:00:09.640684,1484.25,56.5,183.2,31.8,25.1,20260907_145750
2026-09-07 15:00:09.840810,1471.0,56.5,183.2,37.6,26.7,20260907_145750
2026-09-07 15:00:10.040934,1473.25,56.5,183.2,38.0,27.1,20260907_145750
2026-09-07 15:00:10.241057,1478.0,56.5,183.2,41.6,32.5,20260907_145750
2026-09-07 15:00:10.441199,1494.5,57.2,183.2,45.1,34.9,20260907_145750
2026-09-07 15:00:10.641304,1500.0,57.2,183.2,45.1,34.9,20260907_145750
2026-09-07 15:00:10.841503,1503.75,57.2,183.2,44.7,34.9,20260907_145750
2026-09-07 15:00:11.041639,1499.0,57.2,183.2,45.1,33.3,20260907_145750
2026-09-07 15:00:11.241747,1503.75,57.2,183.2,43.9,32.9,20260907_145750
2026-09-07 15:00:11.441860,1504.5,57.2,183.2,,27.1,20260907_145750
2026-09-07 15:00:11.774815,1492.0,57.2,183.2,39.6,26.7,20260907_145750
2026-09-07 15:00:11.974935,1496.75,57.2,183.2,38.0,26.3,20260907_145750
2026-09-07 15:00:12.175072,1509.25,57.2,183.2,37.3,26.7,20260907_145750
2026-09-07 15:00:12.375202,1507.75,57.2,183.2,36.5,26.3,20260907_145750
2026-09-07 15:00:12.575342,1510.0,57.2,183.2,36.5,26.3,20260907_145750
2026-09-07 15:00:12.775496,1498.25,57.2,183.2,36.1,25.9,20260907_145750
2026-09-07 15:00:12.975629,1492.0,57.2,183.2,36.5,25.9,20260907_145750
2026-09-07 15:00:13.175751,1487.5,57.2,183.2,36.1,25.5,20260907_145750
2026-09-07 15:00:13.375888,1480.25,57.2,183.2,35.7,25.5,20260907_145750
2026-09-07 15:00:13.576033,1485.0,57.2,183.2,35.7,25.5,20260907_145750
2026-09-07 15:00:13.776161,1480.25,57.2,183.2,35.7,25.5,20260907_145750
2026-09-07 15:00:13.976290,1485.0,57.2,183.2,35.7,25.5,20260907_145750
2026-09-07 15:00:14.176437,1489.75,57.2,183.2,35.3,25.5,20260907_145750
2026-09-07 15:00:14.376571,1480.25,57.2,183.2,28.2,20.4,20260907_145750
2026-09-07 15:00:14.576694,1488.25,57.2,183.2,23.9,21.2,20260907_145750
2026-09-07 15:00:14.776824,1485.0,57.2,183.2,23.5,21.2,20260907_145750
2026-09-07 15:00:14.976957,1482.75,57.2,183.2,23.5,21.2,20260907_145750
2026-09-07 15:00:15.177111,1490.5,57.2,183.2,23.5,21.2,20260907_145750
2026-09-07 15:00:15.377232,1485.75,57.2,183.2,23.5,21.6,20260907_145750
2026-09-07 15:00:15.577463,1487.5,57.2,183.2,23.9,21.6,20260907_145750
2026-09-07 15:00:15.777519,1489.75,57.2,183.2,23.9,22.4,20260907_145750
2026-09-07 15:00:15.977693,1485.0,57.2,183.2,25.5,22.7,20260907_145750
2026-09-07 15:00:16.177819,1488.25,57.2,183.2,26.3,22.4,20260907_145750
2026-09-07 15:00:16.377962,1492.0,57.2,183.2,27.1,22.4,20260907_145750
2026-09-07 15:00:16.578090,1489.0,57.2,183.2,29.4,27.1,20260907_145750
2026-09-07 15:00:16.778210,1493.75,57.2,183.2,38.8,27.8,20260907_145750
2026-09-07 15:00:16.978340,1496.75,57.8,183.2,39.6,28.6,20260907_145750
2026-09-07 15:00:17.178544,1500.75,57.8,183.2,43.1,33.3,20260907_145750
2026-09-07 15:00:17.378659,1519.5,57.8,183.2,43.1,34.1,20260907_145750
2026-09-07 15:00:17.578792,1517.75,57.8,183.2,43.1,32.9,20260907_145750
2026-09-07 15:00:17.778921,1529.5,57.8,183.2,42.7,32.5,20260907_145750
2026-09-07 15:00:17.979038,1524.0,57.8,183.2,40.4,28.6,20260907_145750
2026-09-07 15:00:18.179166,1529.5,58.4,183.2,38.0,27.1,20260907_145750
2026-09-07 15:00:18.379326,1536.5,58.4,183.2,36.5,26.7,20260907_145750
2026-09-07 15:00:18.579454,1542.0,58.4,183.2,36.1,27.1,20260907_145750
2026-09-07 15:00:18.779584,1543.75,58.4,183.2,36.5,27.5,20260907_145750
2026-09-07 15:00:18.979700,1547.5,58.4,183.2,37.3,29.4,20260907_145750
2026-09-07 15:00:19.179823,1564.0,58.4,183.2,40.8,33.3,20260907_145750
2026-09-07 15:00:19.379950,1553.0,59.0,181.4,44.3,39.6,20260907_145750
2026-09-07 15:00:19.580094,1556.25,59.0,181.4,48.6,53.3,20260907_145750
2026-09-07 15:00:19.780218,1558.5,59.0,181.4,51.4,55.3,20260907_145750
2026-09-07 15:00:19.980396,1558.5,59.0,181.4,53.7,53.3,20260907_145750
2026-09-07 15:00:20.180524,1557.0,59.7,181.4,57.6,56.9,20260907_145750
2026-09-07 15:00:20.380664,1570.25,59.7,181.4,61.6,60.4,20260907_145750
2026-09-07 15:00:20.580781,1592.75,59.7,181.4,66.3,59.6,20260907_145750
2026-09-07 15:00:20.780919,1590.5,59.7,181.4,68.6,57.3,20260907_145750
2026-09-07 15:00:20.981059,1601.5,60.3,181.4,69.8,53.3,20260907_145750
2026-09-07 15:00:21.181150,1610.75,60.3,181.4,71.0,49.0,20260907_145750
2026-09-07 15:00:21.381283,1632.0,60.9,181.4,70.2,43.9,20260907_145750
2026-09-07 15:00:21.581484,1579.5,60.9,181.4,57.6,28.2,20260907_145750
2026-09-07 15:00:21.781616,1595.25,60.9,181.4,53.7,32.5,20260907_145750
2026-09-07 15:00:21.981759,1604.5,61.5,181.4,56.5,39.2,20260907_145750
2026-09-07 15:00:22.181889,1612.5,61.5,181.4,56.9,40.4,20260907_145750
2026-09-07 15:00:22.382024,1610.0,61.5,181.4,56.5,39.2,20260907_145750
2026-09-07 15:00:22.582150,1615.5,61.5,181.4,55.3,39.2,20260907_145750
2026-09-07 15:00:22.782271,1621.0,62.1,181.4,54.5,39.6,20260907_145750
2026-09-07 15:00:22.982424,1628.0,62.1,181.4,52.9,32.2,20260907_145750
2026-09-07 15:00:23.182541,1616.25,62.1,181.4,42.7,27.5,20260907_145750
2026-09-07 15:00:23.382678,1639.75,62.1,181.4,42.7,29.0,20260907_145750
2026-09-07 15:00:23.582806,1646.75,62.1,181.4,42.4,29.8,20260907_145750
2026-09-07 15:00:23.782958,1646.75,62.8,181.4,41.6,31.0,20260907_145750
2026-09-07 15:00:23.983081,1652.25,62.8,181.4,41.2,32.2,20260907_145750
2026-09-07 15:00:24.183214,1655.25,62.8,181.4,40.8,32.9,20260907_145750
2026-09-07 15:00:24.383341,1658.5,62.8,181.4,40.4,33.3,20260907_145750
2026-09-07 15:00:24.583463,1662.5,62.8,181.4,40.4,34.1,20260907_145750
2026-09-07 15:00:24.783597,1660.75,62.8,181.4,40.8,35.3,20260907_145750
2026-09-07 15:00:24.983754,1664.75,63.4,181.4,40.8,36.1,20260907_145750
2026-09-07 15:00:25.183859,1668.75,63.4,179.6,40.4,35.3,20260907_145750
2026-09-07 15:00:25.383993,1672.5,63.4,179.6,40.0,36.1,20260907_145750
2026-09-07 15:00:25.584135,1678.0,63.4,179.6,40.0,36.1,20260907_145750
2026-09-07 15:00:25.784274,1677.25,63.4,179.6,40.0,35.7,20260907_145750
2026-09-07 15:00:25.984419,1685.0,63.4,179.6,39.2,35.7,20260907_145750
2026-09-07 15:00:26.184577,1684.25,63.4,179.6,39.6,37.3,20260907_145750
2026-09-07 15:00:26.384674,1684.25,64.0,179.6,40.0,37.3,20260907_145750
2026-09-07 15:00:26.584839,1680.25,63.4,179.6,40.0,35.7,20260907_145750
2026-09-07 15:00:26.784968,1686.5,64.0,179.6,39.2,34.1,20260907_145750
2026-09-07 15:00:26.985120,1673.25,64.0,179.6,36.1,29.4,20260907_145750
2026-09-07 15:00:27.185227,1677.25,64.0,179.6,35.3,29.0,20260907_145750
2026-09-07 15:00:27.385355,1680.25,64.0,179.6,34.5,31.4,20260907_145750
2026-09-07 15:00:27.585468,1717.75,64.0,179.6,42.7,43.1,20260907_145750
2026-09-07 15:00:27.785628,1689.0,64.0,179.6,45.5,45.1,20260907_145750
2026-09-07 15:00:27.985754,1687.5,64.0,179.6,51.0,43.9,20260907_145750
2026-09-07 15:00:28.185887,1675.75,64.0,179.6,51.0,40.0,20260907_145750
2026-09-07 15:00:28.386016,1675.0,64.0,179.6,49.0,39.2,20260907_145750
2026-09-07 15:00:28.586154,1688.25,64.0,179.6,49.0,40.0,20260907_145750
2026-09-07 15:00:28.786279,1682.0,64.0,179.6,49.4,40.0,20260907_145750
2026-09-07 15:00:28.986420,1685.0,64.0,179.6,48.6,38.8,20260907_145750
2026-09-07 15:00:29.186563,1686.5,64.0,179.6,47.5,39.2,20260907_145750
2026-09-07 15:00:29.386690,1675.0,64.0,179.6,47.1,29.4,20260907_145750
2026-09-07 15:00:29.586819,1669.5,64.0,179.6,38.0,26.7,20260907_145750
2026-09-07 15:00:29.786948,1675.0,64.0,179.6,34.9,27.1,20260907_145750
2026-09-07 15:00:29.987076,1718.75,64.0,179.6,37.3,31.4,20260907_145750
2026-09-07 15:00:30.187186,1688.25,64.0,179.6,40.4,36.1,20260907_145750
2026-09-07 15:00:30.387335,1703.0,63.4,179.6,45.5,46.7,20260907_145750
2026-09-07 15:00:30.587459,1670.25,64.0,179.6,49.8,55.3,20260907_145750
2026-09-07 15:00:30.787615,1683.5,63.4,179.6,53.7,55.7,20260907_145750
2026-09-07 15:00:30.987746,1681.25,63.4,179.6,58.8,52.9,20260907_145750
2026-09-07 15:00:31.187878,1673.25,63.4,179.6,61.2,50.6,20260907_145750
2026-09-07 15:00:31.388030,1689.0,63.4,179.6,62.7,45.1,20260907_145750
2026-09-07 15:00:31.588187,1671.75,63.4,179.6,61.6,41.6,20260907_145750
2026-09-07 15:00:31.788322,1671.0,63.4,179.6,59.2,40.8,20260907_145750
2026-09-07 15:00:31.988449,1673.25,63.4,179.6,56.5,37.3,20260907_145750
2026-09-07 15:00:32.188586,1662.5,63.4,179.6,56.1,38.0,20260907_145750
2026-09-07 15:00:32.388734,1663.25,63.4,179.6,54.9,36.9,20260907_145750
2026-09-07 15:00:32.588861,1655.25,63.4,179.6,52.2,31.8,20260907_145750
2026-09-07 15:00:32.789007,1651.5,63.4,179.6,50.2,31.0,20260907_145750
2026-09-07 15:00:32.989133,1650.75,62.8,179.6,45.5,28.6,20260907_145750
2026-09-07 15:00:33.189245,1653.75,62.8,179.6,42.4,27.8,20260907_145750
2026-09-07 15:00:33.389452,1652.25,62.8,179.6,40.4,29.0,20260907_145750
2026-09-07 15:00:33.589536,1660.75,62.8,179.6,41.6,32.9,20260907_145750
2026-09-07 15:00:33.789669,1660.75,62.8,179.6,44.7,41.6,20260907_145750
2026-09-07 15:00:33.989793,1642.0,62.8,179.6,52.5,44.7,20260907_145750
2026-09-07 15:00:34.189900,1642.0,62.1,179.6,55.3,42.4,20260907_145750
2026-09-07 15:00:34.390098,1632.75,62.1,179.6,54.5,39.6,20260907_145750
2026-09-07 15:00:34.590245,1635.0,62.1,181.4,52.5,39.2,20260907_145750
2026-09-07 15:00:34.790412,1635.75,62.1,181.4,53.7,40.4,20260907_145750
2026-09-07 15:00:34.990546,1630.25,62.1,179.6,55.3,40.0,20260907_145750
2026-09-07 15:00:35.190675,1630.25,62.1,179.6,55.3,39.6,20260907_145750
2026-09-07 15:00:35.390809,1626.5,62.1,181.4,54.9,39.6,20260907_145750
2026-09-07 15:00:35.590919,1625.75,61.5,,55.3,39.6,20260907_145750
2026-09-07 15:00:35.929116,1625.75,61.5,181.4,54.9,37.6,20260907_145750
2026-09-07 15:00:36.129254,1621.75,61.5,181.4,53.3,37.6,20260907_145750
2026-09-07 15:00:36.329420,1615.5,61.5,181.4,52.9,37.6,20260907_145750
2026-09-07 15:00:36.529578,1603.0,61.5,181.4,47.1,24.7,20260907_145750
2026-09-07 15:00:36.729683,1587.5,60.9,181.4,30.2,20.4,20260907_145750
2026-09-07 15:00:36.929811,1574.0,60.9,181.4,18.4,18.4,20260907_145750
2026-09-07 15:00:37.129939,1568.75,60.3,179.6,12.5,17.3,20260907_145750
2026-09-07 15:00:37.330069,1555.25,60.3,179.6,9.0,16.5,20260907_145750
2026-09-07 15:00:37.530192,1542.75,59.7,179.6,7.8,16.9,20260907_145750
2026-09-07 15:00:37.730332,1533.5,59.0,179.6,7.8,16.9,20260907_145750
2026-09-07 15:00:37.930462,1526.5,59.0,179.6,8.2,16.9,20260907_145750
2026-09-07 15:00:38.130582,1518.75,58.4,179.6,8.6,16.9,20260907_145750
2026-09-07 15:00:38.330738,1514.75,58.4,179.6,8.6,17.3,20260907_145750
2026-09-07 15:00:38.530864,1510.0,57.8,179.6,9.8,18.4,20260907_145750
2026-09-07 15:00:38.730989,1498.25,57.8,179.6,11.4,18.4,20260907_145750
2026-09-07 15:00:38.931150,1519.5,57.2,179.6,14.9,20.4,20260907_145750
2026-09-07 15:00:39.131285,1562.5,57.2,179.6,21.2,23.1,20260907_145750
2026-09-07 15:00:39.331415,1529.5,57.2,179.6,27.8,24.7,20260907_145750
2026-09-07 15:00:39.531586,1504.5,56.5,179.6,31.0,24.3,20260907_145750
2026-09-07 15:00:39.731707,1485.75,56.5,179.6,29.8,20.4,20260907_145750
2026-09-07 15:00:39.931872,1465.5,56.5,179.6,22.0,20.8,20260907_145750
2026-09-07 15:00:40.131982,1469.5,55.9,179.6,24.3,22.4,20260907_145750
2026-09-07 15:00:40.332106,1458.5,55.9,179.6,25.1,22.0,20260907_145750
2026-09-07 15:00:40.532254,1457.0,55.9,179.6,27.5,22.4,20260907_145750
2026-09-07 15:00:40.732372,1446.0,55.3,179.6,32.2,25.5,20260907_145750
2026-09-07 15:00:40.932496,1466.25,55.3,179.6,39.2,27.8,20260907_145750
2026-09-07 15:00:41.132627,1508.5,55.3,179.6,47.1,41.6,20260907_145750
2026-09-07 15:00:41.332756,1473.25,55.3,179.6,52.5,65.1,20260907_145750
2026-09-07 15:00:41.532886,1476.5,55.3,179.6,59.2,77.6,20260907_145750
2026-09-07 15:00:41.733045,1485.0,55.3,179.6,65.5,75.7,20260907_145750
2026-09-07 15:00:41.933185,1496.0,55.3,179.6,72.2,75.7,20260907_145750
2026-09-07 15:00:42.133310,1489.75,55.3,179.6,81.2,46.3,20260907_145750
2026-09-07 15:00:42.333488,1423.25,55.3,179.6,61.2,23.9,20260907_145750
2026-09-07 15:00:42.533614,1441.25,54.7,179.6,45.1,26.7,20260907_145750
2026-09-07 15:00:42.733755,1495.25,54.7,179.6,52.9,36.9,20260907_145750
2026-09-07 15:00:42.933898,1492.75,54.7,179.6,65.1,52.2,20260907_145750
2026-09-07 15:00:43.134023,1446.0,54.7,179.6,67.1,68.6,20260907_145750
2026-09-07 15:00:43.334148,1487.5,54.7,179.6,69.8,82.0,20260907_145750
2026-09-07 15:00:43.534283,1505.25,54.7,179.6,80.4,82.0,20260907_145750
2026-09-07 15:00:43.734405,1484.25,54.7,179.6,88.6,82.0,20260907_145750
2026-09-07 15:00:43.934556,1523.25,54.7,179.6,93.3,82.0,20260907_145750
2026-09-07 15:00:44.134671,1519.5,54.7,179.6,98.4,76.1,20260907_145750
2026-09-07 15:00:44.334844,1541.25,54.7,179.6,98.8,72.5,20260907_145750
2026-09-07 15:00:44.534958,1539.0,54.7,179.6,98.0,61.6,20260907_145750
2026-09-07 15:00:44.735096,1511.5,54.7,179.6,86.7,31.0,20260907_145750
2026-09-07 15:00:44.935235,1533.5,55.3,179.6,85.1,34.9,20260907_145750
2026-09-07 15:00:45.135375,1553.0,55.3,179.6,85.1,39.2,20260907_145750
2026-09-07 15:00:45.335510,1522.5,55.3,179.6,90.6,45.1,20260907_145750
2026-09-07 15:00:45.535629,1542.0,55.3,179.6,90.2,50.2,20260907_145750
2026-09-07 15:00:45.735779,1553.75,55.3,179.6,89.8,44.3,20260907_145750
2026-09-07 15:00:45.935910,1528.0,55.3,181.4,89.0,40.0,20260907_145750
2026-09-07 15:00:46.136036,1545.25,55.3,181.4,87.8,51.4,20260907_145750
2026-09-07 15:00:46.336162,1558.5,55.9,181.4,87.5,51.4,20260907_145750
2026-09-07 15:00:46.536745,1551.5,55.9,181.4,87.1,52.5,20260907_145750
2026-09-07 15:00:46.736871,1558.5,55.9,181.4,83.9,38.8,20260907_145750
2026-09-07 15:00:46.937014,1476.5,55.9,179.6,67.1,25.1,20260907_145750
2026-09-07 15:00:47.137122,1460.0,55.9,179.6,42.7,23.1,20260907_145750
2026-09-07 15:00:47.337254,1499.0,56.5,179.6,41.2,24.7,20260907_145750
2026-09-07 15:00:47.537460,1557.75,56.5,179.6,49.8,34.1,20260907_145750
2026-09-07 15:00:47.737626,1510.0,56.5,179.6,55.3,42.0,20260907_145750
2026-09-07 15:00:47.937763,1542.0,56.5,179.6,63.1,46.7,20260907_145750
2026-09-07 15:00:48.137913,1518.75,56.5,179.6,65.9,47.8,20260907_145750
2026-09-07 15:00:48.338047,1519.5,56.5,179.6,67.8,54.1,20260907_145750
2026-09-07 15:00:48.538191,1566.25,56.5,179.6,70.2,59.2,20260907_145750
2026-09-07 15:00:48.738303,1561.5,56.5,179.6,72.9,56.5,20260907_145750
2026-09-07 15:00:48.938437,1543.75,57.2,179.6,78.4,56.9,20260907_145750
2026-09-07 15:00:49.138561,1550.0,57.2,177.8,80.8,55.3,20260907_145750
2026-09-07 15:00:49.338674,1538.25,57.8,177.8,82.0,56.5,20260907_145750
2026-09-07 15:00:49.538812,1536.5,57.2,177.8,82.4,54.1,20260907_145750
2026-09-07 15:00:49.738953,1548.25,57.8,177.8,83.5,52.9,20260907_145750
2026-09-07 15:00:49.939088,1525.0,57.8,177.8,74.9,29.0,20260907_145750
2026-09-07 15:00:50.139224,1496.75,57.8,177.8,52.2,25.9,20260907_145750
2026-09-07 15:00:50.339358,1521.75,57.8,177.8,49.4,27.1,20260907_145750
2026-09-07 15:00:50.539475,1528.75,57.8,177.8,49.0,28.2,20260907_145750
2026-09-07 15:00:50.739604,1535.0,57.8,177.8,49.0,29.8,20260907_145750
2026-09-07 15:00:50.939756,1520.25,57.8,176.0,46.3,30.2,20260907_145750
2026-09-07 15:00:51.139873,1539.0,57.8,176.0,47.1,32.9,20260907_145750
2026-09-07 15:00:51.340000,1531.25,57.8,176.0,47.5,34.1,20260907_145750
2026-09-07 15:00:51.540134,1527.25,57.8,176.0,47.1,33.7,20260907_145750
2026-09-07 15:00:51.740244,1529.5,57.8,176.0,46.3,33.7,20260907_145750
2026-09-07 15:00:51.940412,1530.25,57.8,176.0,43.5,27.8,20260907_145750
2026-09-07 15:00:52.140535,1519.5,57.8,176.0,38.4,26.7,20260907_145750
2026-09-07 15:00:52.340656,1532.0,57.8,176.0,37.6,27.1,20260907_145750
2026-09-07 15:00:52.540788,1542.0,57.8,176.0,37.6,27.5,20260907_145750
2026-09-07 15:00:52.740919,1535.75,57.8,176.0,38.0,27.8,20260907_145750
2026-09-07 15:00:52.941085,1542.75,57.8,176.0,39.2,29.0,20260907_145750
2026-09-07 15:00:53.141216,1539.75,58.4,176.0,40.0,29.4,20260907_145750
2026-09-07 15:00:53.341336,1538.25,58.4,176.0,40.0,29.0,20260907_145750
2026-09-07 15:00:53.541452,1537.5,58.4,176.0,40.0,29.0,20260907_145750
2026-09-07 15:00:53.741578,1538.25,58.4,177.8,39.6,28.6,20260907_145750
2026-09-07 15:00:53.941728,1540.5,58.4,177.8,39.2,28.6,20260907_145750
2026-09-07 15:00:54.141832,1542.0,58.4,177.8,39.2,28.6,20260907_145750
2026-09-07 15:00:54.341956,1541.25,58.4,177.8,39.2,28.6,20260907_145750
2026-09-07 15:00:54.542083,1540.5,58.4,177.8,39.2,28.6,20260907_145750
2026-09-07 15:00:54.742208,1549.0,58.4,177.8,39.6,29.4,20260907_145750
2026-09-07 15:00:54.942347,1551.5,58.4,177.8,39.6,29.0,20260907_145750
2026-09-07 15:00:55.142487,1546.75,58.4,177.8,39.2,29.0,20260907_145750
2026-09-07 15:00:55.342632,1549.0,58.4,177.8,39.2,26.7,20260907_145750
2026-09-07 15:00:55.542763,1552.25,59.0,177.8,37.6,27.8,20260907_145750
2026-09-07 15:00:55.742896,1550.0,59.0,177.8,37.3,27.5,20260907_145750
2026-09-07 15:00:55.943055,1553.0,59.0,177.8,37.3,27.5,20260907_145750
2026-09-07 15:00:56.143173,1552.25,59.0,177.8,36.5,26.7,20260907_145750
2026-09-07 15:00:56.343301,1544.5,59.0,177.8,34.5,25.1,20260907_145750
2026-09-07 15:00:56.543471,1537.5,59.0,177.8,32.9,25.1,20260907_145750
2026-09-07 15:00:56.743591,1538.25,59.0,177.8,32.9,25.1,20260907_145750
2026-09-07 15:00:56.943720,1538.25,59.0,177.8,32.9,24.3,20260907_145750
2026-09-07 15:00:57.143838,1533.5,59.0,177.8,30.6,23.9,20260907_145750
2026-09-07 15:00:57.343947,1535.0,59.0,177.8,30.6,24.3,20260907_145750
2026-09-07 15:00:57.544097,1538.25,59.0,177.8,31.0,24.3,20260907_145750
2026-09-07 15:00:57.744216,1536.5,59.0,179.6,31.0,24.3,20260907_145750
2026-09-07 15:00:57.944334,1539.0,59.0,179.6,31.0,24.3,20260907_145750
2026-09-07 15:00:58.144471,1539.0,59.0,179.6,22.7,18.8,20260907_145750
2026-09-07 15:00:58.344587,1537.5,59.0,179.6,18.0,20.8,20260907_145750
2026-09-07 15:00:58.544713,1535.75,59.0,179.6,20.0,20.4,20260907_145750
2026-09-07 15:00:58.744824,1532.75,59.0,179.6,19.6,20.4,20260907_145750
2026-09-07 15:00:58.944964,1539.75,59.0,179.6,19.6,20.8,20260907_145750
2026-09-07 15:00:59.145093,1533.5,59.0,179.6,19.6,20.8,20260907_145750
2026-09-07 15:00:59.345211,1535.75,59.0,179.6,19.6,20.8,20260907_145750
2026-09-07 15:00:59.545332,1533.5,59.0,179.6,19.6,20.8,20260907_145750
2026-09-07 15:00:59.745533,1533.5,59.0,179.6,19.6,20.8,20260907_145750
2026-09-07 15:00:59.945677,1536.5,59.0,179.6,20.0,20.8,20260907_145750
2026-09-07 15:01:00.145786,1534.25,59.0,179.6,20.0,20.4,20260907_145750
2026-09-07 15:01:00.345933,1540.5,59.0,179.6,19.6,19.6,20260907_145750
2026-09-07 15:01:00.546082,1539.0,59.0,179.6,16.5,16.9,20260907_145750
2026-09-07 15:01:00.746209,1531.25,59.0,179.6,11.4,16.9,20260907_145750
2026-09-07 15:01:00.946343,1525.75,59.0,179.6,8.6,16.9,20260907_145750
2026-09-07 15:01:01.146464,1522.5,59.0,179.6,7.8,16.9,20260907_145750
2026-09-07 15:01:01.346610,1521.0,58.4,179.6,7.5,16.9,20260907_145750
2026-09-07 15:01:01.546735,1517.75,58.4,179.6,7.5,16.9,20260907_145750
2026-09-07 15:01:01.746889,1515.5,58.4,179.6,7.5,16.9,20260907_145750
2026-09-07 15:01:01.947024,1512.5,58.4,179.6,7.5,16.9,20260907_145750
2026-09-07 15:01:02.147134,1508.5,58.4,179.6,7.5,16.9,20260907_145750
2026-09-07 15:01:02.347316,1504.5,57.8,179.6,7.5,16.9,20260907_145750
2026-09-07 15:01:02.547429,1499.0,57.8,179.6,7.5,17.3,20260907_145750
2026-09-07 15:01:02.747559,1496.75,57.8,179.6,8.6,17.3,20260907_145750
2026-09-07 15:01:02.947697,1494.5,57.8,179.6,9.0,17.6,20260907_145750
2026-09-07 15:01:03.147803,1489.75,57.8,179.6,9.4,17.6,20260907_145750
2026-09-07 15:01:03.347938,1487.5,57.8,179.6,9.4,17.6,20260907_145750
2026-09-07 15:01:03.548113,1484.25,57.8,179.6,9.4,17.6,20260907_145750
2026-09-07 15:01:03.748219,1480.25,57.2,179.6,9.4,17.3,20260907_145750
2026-09-07 15:01:03.948370,1486.5,57.2,179.6,7.5,16.9,20260907_145750
2026-09-07 15:01:04.148496,1492.0,57.2,179.6,7.8,16.9,20260907_145750
2026-09-07 15:01:04.348626,1487.5,57.2,179.6,8.2,18.8,20260907_145750
2026-09-07 15:01:04.548754,1510.75,57.2,179.6,14.1,19.2,20260907_145750
2026-09-07 15:01:04.748898,1517.75,57.2,179.6,14.5,20.4,20260907_145750
2026-09-07 15:01:04.949034,1546.0,57.2,179.6,19.2,20.8,20260907_145750
2026-09-07 15:01:05.149193,1508.5,57.2,179.6,19.6,20.4,20260907_145750
2026-09-07 15:01:05.349331,1485.75,57.2,179.6,16.9,18.8,20260907_145750
2026-09-07 15:01:05.549477,1485.0,57.2,179.6,15.3,18.8,20260907_145750
2026-09-07 15:01:05.749599,1485.0,57.2,179.6,14.1,18.8,20260907_145750
2026-09-07 15:01:05.949730,1480.25,57.2,179.6,12.2,17.6,20260907_145750
2026-09-07 15:01:06.149854,1478.0,57.2,179.6,10.2,16.5,20260907_145750
2026-09-07 15:01:06.349988,1475.0,57.2,179.6,9.0,16.9,20260907_145750
2026-09-07 15:01:06.550100,1478.75,57.2,179.6,9.0,16.9,20260907_145750
2026-09-07 15:01:06.750254,1481.25,57.2,179.6,9.0,16.9,20260907_145750
2026-09-07 15:01:06.950394,1481.25,56.5,179.6,9.0,16.9,20260907_145750
2026-09-07 15:01:07.150519,1478.75,56.5,179.6,9.0,16.9,20260907_145750
2026-09-07 15:01:07.350659,1479.5,56.5,179.6,9.4,17.3,20260907_145750
2026-09-07 15:01:07.550770,1478.75,56.5,179.6,9.8,17.3,20260907_145750
2026-09-07 15:01:07.751832,1477.25,56.5,179.6,9.8,15.7,20260907_145750
2026-09-07 15:01:07.951959,1472.5,56.5,179.6,7.5,16.9,20260907_145750
2026-09-07 15:01:08.152073,1482.75,56.5,179.6,7.8,16.9,20260907_145750
2026-09-07 15:01:08.352220,1466.25,56.5,179.6,7.8,16.9,20260907_145750
2026-09-07 15:01:08.552345,1467.75,56.5,179.6,7.8,16.9,20260907_145750
2026-09-07 15:01:08.752472,1467.0,56.5,179.6,7.8,16.9,20260907_145750
2026-09-07 15:01:08.952622,1441.25,56.5,179.6,8.2,16.9,20260907_145750
2026-09-07 15:01:09.152757,1451.5,55.9,179.6,8.2,16.5,20260907_145750
2026-09-07 15:01:09.352915,1453.0,55.9,179.6,7.8,16.9,20260907_145750
2026-09-07 15:01:09.553034,1449.0,55.9,179.6,7.8,16.9,20260907_145750
2026-09-07 15:01:09.753169,1446.0,55.9,179.6,7.8,16.9,20260907_145750
2026-09-07 15:01:09.953307,1442.75,55.9,179.6,7.8,16.9,20260907_145750
2026-09-07 15:01:10.153492,1439.0,55.9,179.6,7.8,16.9,20260907_145750
2026-09-07 15:01:10.353619,1436.5,55.9,179.6,8.6,17.3,20260907_145750
2026-09-07 15:01:10.553776,1434.25,55.3,179.6,9.4,17.3,20260907_145750
2026-09-07 15:01:10.753897,1432.75,55.3,179.6,8.2,16.5,20260907_145750
2026-09-07 15:01:10.954063,1432.0,55.3,179.6,7.8,16.9,20260907_145750
2026-09-07 15:01:11.154201,1444.5,55.3,179.6,11.0,18.0,20260907_145750
2026-09-07 15:01:11.354334,1434.25,55.3,179.6,12.5,18.8,20260907_145750
2026-09-07 15:01:11.554467,1439.0,55.3,179.6,14.5,20.0,20260907_145750
2026-09-07 15:01:11.754590,1463.25,55.3,179.6,18.8,20.4,20260907_145750
2026-09-07 15:01:11.954730,1461.5,55.3,179.6,18.8,20.0,20260907_145750
2026-09-07 15:01:12.154855,1436.5,55.3,181.4,18.0,18.4,20260907_145750
2026-09-07 15:01:12.354999,1435.75,54.7,181.4,16.5,19.2,20260907_145750
2026-09-07 15:01:12.555116,1442.75,54.7,181.4,18.0,20.4,20260907_145750
2026-09-07 15:01:12.755243,1435.0,54.7,181.4,19.2,20.4,20260907_145750
2026-09-07 15:01:12.955394,1425.0,54.7,181.4,22.7,22.0,20260907_145750
2026-09-07 15:01:13.155536,1423.25,54.7,181.4,28.2,22.7,20260907_145750
2026-09-07 15:01:13.355672,1427.25,54.7,181.4,28.6,22.7,20260907_145750
2026-09-07 15:01:13.555814,1420.25,54.7,181.4,31.0,23.9,20260907_145750
2026-09-07 15:01:13.755952,1423.25,54.7,181.4,39.6,27.8,20260907_145750
2026-09-07 15:01:13.956078,1460.75,54.7,181.4,44.3,30.6,20260907_145750
2026-09-07 15:01:14.156220,1460.0,54.7,181.4,46.3,29.8,20260907_145750
2026-09-07 15:01:14.356360,1450.0,54.7,181.4,46.3,31.0,20260907_145750
2026-09-07 15:01:14.556478,1453.75,54.7,181.4,47.5,35.3,20260907_145750
2026-09-07 15:01:14.756596,1487.5,54.7,181.4,52.2,41.6,20260907_145750
2026-09-07 15:01:14.956729,1457.75,54.7,181.4,54.9,39.6,20260907_145750
2026-09-07 15:01:15.156879,1465.5,54.7,181.4,54.9,38.4,20260907_145750
2026-09-07 15:01:15.357001,1464.75,54.7,181.4,57.6,50.6,20260907_145750
2026-09-07 15:01:15.557129,1468.75,54.7,181.4,60.8,56.5,20260907_145750
2026-09-07 15:01:15.757238,1467.0,54.7,181.4,62.0,58.0,20260907_145750
2026-09-07 15:01:15.957468,1459.25,54.7,181.4,64.7,60.8,20260907_145750
2026-09-07 15:01:16.157596,1471.75,54.7,181.4,67.5,73.7,20260907_145750
2026-09-07 15:01:16.357741,1489.0,54.7,181.4,70.2,82.0,20260907_145750
2026-09-07 15:01:16.557886,1497.5,54.7,181.4,73.3,82.0,20260907_145750
2026-09-07 15:01:16.758022,1499.0,55.3,181.4,84.3,82.0,20260907_145750
2026-09-07 15:01:16.958143,1522.5,55.3,181.4,92.2,81.6,20260907_145750
2026-09-07 15:01:17.158264,1516.25,55.3,181.4,100.0,68.6,20260907_145750
2026-09-07 15:01:17.358400,1551.5,55.3,181.4,95.3,51.4,20260907_145750
2026-09-07 15:01:17.558560,1540.5,55.3,181.4,87.1,34.1,20260907_145750
2026-09-07 15:01:17.758675,1528.75,55.3,181.4,82.7,35.3,20260907_145750
2026-09-07 15:01:17.958821,1505.25,55.3,181.4,82.7,36.5,20260907_145750
2026-09-07 15:01:18.158947,1490.5,55.3,181.4,83.9,40.8,20260907_145750
2026-09-07 15:01:18.359070,1497.5,55.3,181.4,84.3,45.1,20260907_145750
2026-09-07 15:01:18.559203,1500.0,55.3,179.6,84.7,49.4,20260907_145750
2026-09-07 15:01:18.759345,1500.0,55.9,179.6,84.3,52.5,20260907_145750
2026-09-07 15:01:18.959497,1537.5,55.9,179.6,83.1,49.8,20260907_145750
2026-09-07 15:01:19.159619,1541.25,55.9,179.6,80.8,47.5,20260907_145750
2026-09-07 15:01:19.359760,1543.75,55.9,179.6,81.6,51.8,20260907_145750
2026-09-07 15:01:19.559903,1539.75,55.9,179.6,78.0,47.1,20260907_145750
2026-09-07 15:01:19.760073,1531.25,55.9,179.6,80.4,48.2,20260907_145750
2026-09-07 15:01:19.960197,1488.25,55.9,177.8,67.5,26.7,20260907_145750
2026-09-07 15:01:20.160369,1482.0,55.9,177.8,56.5,28.2,20260907_145750
2026-09-07 15:01:20.360517,1540.5,55.9,177.8,58.8,34.9,20260907_145750
2026-09-07 15:01:20.560637,1507.75,55.9,177.8,62.7,40.8,20260907_145750
2026-09-07 15:01:20.760771,1559.25,55.9,177.8,72.2,60.8,20260907_145750
2026-09-07 15:01:20.960917,1517.75,55.9,177.8,75.7,70.2,20260907_145750
2026-09-07 15:01:21.161049,1543.75,55.9,176.0,79.2,76.9,20260907_145750
2026-09-07 15:01:21.361164,1525.75,55.9,176.0,84.7,79.2,20260907_145750
2026-09-07 15:01:21.561290,1559.25,55.9,176.0,85.5,82.0,20260907_145750
2026-09-07 15:01:21.761490,1622.5,56.5,176.0,82.4,68.2,20260907_145750
2026-09-07 15:01:21.961589,1589.0,56.5,176.0,88.6,63.1,20260907_145750
2026-09-07 15:01:22.161729,1585.75,56.5,176.0,92.9,62.4,20260907_145750
2026-09-07 15:01:22.361870,1560.0,56.5,176.0,84.7,28.6,20260907_145750
2026-09-07 15:01:22.561997,1521.75,56.5,174.2,76.5,30.2,20260907_145750
2026-09-07 15:01:22.762121,1517.75,56.5,174.2,74.9,32.5,20260907_145750
2026-09-07 15:01:22.962245,1520.25,56.5,174.2,77.6,40.0,20260907_145750
2026-09-07 15:01:23.162385,1524.0,56.5,174.2,81.2,43.9,20260907_145750
2026-09-07 15:01:23.362505,1516.25,56.5,174.2,80.4,38.8,20260907_145750
2026-09-07 15:01:23.562626,1517.0,56.5,174.2,73.7,36.1,20260907_145750
2026-09-07 15:01:23.762744,1534.25,56.5,174.2,72.2,42.0,20260907_145750
2026-09-07 15:01:23.962945,1535.75,57.2,174.2,72.5,43.5,20260907_145750
2026-09-07 15:01:24.163078,1537.5,57.2,174.2,79.2,54.1,20260907_145750
2026-09-07 15:01:24.363211,1536.5,57.2,174.2,80.0,53.7,20260907_145750
2026-09-07 15:01:24.563341,1535.0,57.2,174.2,82.7,54.5,20260907_145750
2026-09-07 15:01:24.763461,1552.25,57.2,174.2,83.1,56.1,20260907_145750
2026-09-07 15:01:24.963584,1545.25,57.2,174.2,85.5,58.4,20260907_145750
2026-09-07 15:01:25.163716,1542.75,57.2,174.2,87.5,59.2,20260907_145750
2026-09-07 15:01:25.363844,1580.25,57.2,174.2,87.1,51.8,20260907_145750
2026-09-07 15:01:25.563955,1585.75,57.2,176.0,82.7,33.3,20260907_145750
2026-09-07 15:01:25.764124,1492.75,57.2,176.0,67.5,24.3,20260907_145750
2026-09-07 15:01:25.964240,1502.25,57.2,176.0,49.0,24.3,20260907_145750
2026-09-07 15:01:26.164391,1532.75,57.2,176.0,50.6,31.0,20260907_145750
2026-09-07 15:01:26.364508,1520.25,57.2,176.0,54.9,36.1,20260907_145750
2026-09-07 15:01:26.564633,1534.25,57.2,176.0,60.8,49.4,20260907_145750
2026-09-07 15:01:26.764764,1506.25,57.2,176.0,64.3,52.9,20260907_145750
2026-09-07 15:01:26.964913,1542.0,57.2,176.0,69.8,57.6,20260907_145750
2026-09-07 15:01:27.165038,1545.25,57.2,176.0,72.9,53.3,20260907_145750
2026-09-07 15:01:27.365179,1533.5,57.2,176.0,75.3,54.5,20260907_145750
2026-09-07 15:01:27.565279,1552.25,57.2,176.0,76.9,53.7,20260907_145750
2026-09-07 15:01:27.765492,1553.75,57.2,176.0,78.0,46.7,20260907_145750
2026-09-07 15:01:27.965635,1507.75,57.2,176.0,76.1,39.2,20260907_145750
2026-09-07 15:01:28.165802,1535.0,57.8,176.0,74.1,41.6,20260907_145750
2026-09-07 15:01:28.365935,1537.5,57.2,176.0,72.9,43.9,20260907_145750
2026-09-07 15:01:28.566060,1523.25,57.8,177.8,73.3,43.1,20260907_145750
2026-09-07 15:01:28.766180,1525.0,57.2,177.8,72.9,42.7,20260907_145750
2026-09-07 15:01:28.966286,1533.5,57.2,177.8,71.8,43.1,20260907_145750
2026-09-07 15:01:29.166409,1528.0,57.2,177.8,71.4,43.1,20260907_145750
2026-09-07 15:01:29.366537,1535.75,57.8,177.8,71.0,38.4,20260907_145750
2026-09-07 15:01:29.566644,1528.0,57.8,177.8,65.1,34.5,20260907_145750
2026-09-07 15:01:29.766789,1536.5,57.8,177.8,61.6,35.3,20260907_145750
2026-09-07 15:01:29.966917,1543.75,57.8,177.8,60.4,38.8,20260907_145750
2026-09-07 15:01:30.167051,1542.75,57.2,177.8,62.7,44.7,20260907_145750
2026-09-07 15:01:30.367180,1551.5,57.2,177.8,65.9,46.3,20260907_145750
2026-09-07 15:01:30.567308,1560.75,57.2,177.8,71.4,54.1,20260907_145750
2026-09-07 15:01:30.767444,1550.75,57.8,177.8,76.1,58.0,20260907_145750
2026-09-07 15:01:30.967571,1557.0,57.8,177.8,82.0,64.7,20260907_145750
2026-09-07 15:01:31.167698,1550.75,57.8,177.8,86.3,63.1,20260907_145750
2026-09-07 15:01:31.367845,1562.5,57.8,177.8,87.8,57.6,20260907_145750
2026-09-07 15:01:31.567964,1565.5,57.8,179.6,88.6,51.8,20260907_145750
2026-09-07 15:01:31.768139,1563.25,57.8,179.6,82.4,29.8,20260907_145750
2026-09-07 15:01:31.968304,1526.5,57.8,179.6,69.0,29.8,20260907_145750
2026-09-07 15:01:32.168430,1551.5,57.8,179.6,66.3,33.3,20260907_145750
2026-09-07 15:01:32.368562,1560.75,57.8,179.6,71.0,45.9,20260907_145750
2026-09-07 15:01:32.568684,1577.25,57.8,179.6,75.7,51.4,20260907_145750
2026-09-07 15:01:32.768803,1544.5,57.8,179.6,79.6,51.0,20260907_145750
2026-09-07 15:01:32.968935,1559.25,57.8,179.6,78.8,50.6,20260907_145750
2026-09-07 15:01:33.169097,1558.5,57.8,179.6,79.6,42.7,20260907_145750
2026-09-07 15:01:33.369224,1523.25,58.4,179.6,68.2,27.5,20260907_145750
2026-09-07 15:01:33.569329,1518.75,58.4,179.6,55.7,28.6,20260907_145750
2026-09-07 15:01:33.769528,1527.25,58.4,179.6,52.5,28.2,20260907_145750
2026-09-07 15:01:33.969652,1550.75,57.8,179.6,54.5,35.7,20260907_145750
2026-09-07 15:01:34.169776,1536.5,57.8,179.6,56.5,36.9,20260907_145750
2026-09-07 15:01:34.369914,1535.0,57.8,179.6,55.7,34.1,20260907_145750
2026-09-07 15:01:34.570023,1534.25,57.8,179.6,55.3,39.6,20260907_145750
2026-09-07 15:01:34.770205,1548.25,57.8,179.6,60.0,44.7,20260907_145750
2026-09-07 15:01:34.970304,1542.0,57.8,179.6,64.3,44.7,20260907_145750
2026-09-07 15:01:35.170443,1560.75,57.8,179.6,63.1,40.4,20260907_145750
2026-09-07 15:01:35.370574,1529.5,57.8,179.6,56.1,30.6,20260907_145750
2026-09-07 15:01:35.570684,1527.25,57.8,179.6,56.1,36.5,20260907_145750
2026-09-07 15:01:35.770841,1542.0,57.8,179.6,60.0,43.5,20260907_145750
2026-09-07 15:01:35.970964,,57.8,179.6,62.4,39.2,20260907_145750
2026-09-07 15:01:36.304976,1542.75,57.8,179.6,62.0,38.8,20260907_145750
2026-09-07 15:01:36.505126,1530.25,57.8,179.6,60.0,38.0,20260907_145750
2026-09-07 15:01:36.705256,1526.5,57.8,179.6,57.6,34.1,20260907_145750
2026-09-07 15:01:36.905441,1510.75,57.8,179.6,51.8,24.7,20260907_145750
2026-09-07 15:01:37.105583,1507.0,57.8,179.6,39.6,23.5,20260907_145750
2026-09-07 15:01:37.305690,1517.75,57.8,179.6,35.3,24.3,20260907_145750
2026-09-07 15:01:37.505826,1531.25,57.8,179.6,34.9,25.1,20260907_145750
2026-09-07 15:01:37.705968,1538.25,57.2,179.6,36.1,27.5,20260907_145750
2026-09-07 15:01:37.906085,1539.0,57.2,177.8,40.4,29.8,20260907_145750
2026-09-07 15:01:38.106201,1513.25,57.2,177.8,42.7,29.8,20260907_145750
2026-09-07 15:01:38.306335,1514.0,57.2,177.8,42.4,29.8,20260907_145750
2026-09-07 15:01:38.506467,1509.25,57.2,177.8,43.5,31.8,20260907_145750
2026-09-07 15:01:38.706624,1514.75,57.2,177.8,45.5,35.3,20260907_145750
2026-09-07 15:01:38.906747,1500.75,57.2,177.8,46.3,34.1,20260907_145750
2026-09-07 15:01:39.106907,1501.5,57.2,177.8,45.9,33.7,20260907_145750
2026-09-07 15:01:39.307035,1502.25,56.5,177.8,45.1,33.3,20260907_145750
2026-09-07 15:01:39.507171,1496.75,56.5,177.8,44.3,27.1,20260907_145750
2026-09-07 15:01:39.707301,1471.0,56.5,177.8,33.3,20.8,20260907_145750
2026-09-07 15:01:39.907426,1471.75,56.5,177.8,25.5,22.7,20260907_145750
2026-09-07 15:01:40.107554,1470.25,56.5,177.8,26.7,23.5,20260907_145750
2026-09-07 15:01:40.307683,1459.25,56.5,179.6,30.6,24.3,20260907_145750
2026-09-07 15:01:40.507846,1465.5,55.9,177.8,32.5,24.7,20260907_145750
2026-09-07 15:01:40.707927,1454.5,55.9,177.8,34.5,25.9,20260907_145750
2026-09-07 15:01:40.908075,1474.0,55.9,177.8,41.2,31.4,20260907_145750
2026-09-07 15:01:41.108207,1500.0,55.9,177.8,45.5,37.3,20260907_145750
2026-09-07 15:01:41.308329,1487.5,55.9,177.8,50.2,41.6,20260907_145750
2026-09-07 15:01:41.508468,1480.25,55.9,177.8,56.1,40.0,20260907_145750
2026-09-07 15:01:41.708617,1479.5,55.9,179.6,58.8,36.9,20260907_145750
2026-09-07 15:01:41.908763,1460.75,55.9,179.6,54.5,26.3,20260907_145750
2026-09-07 15:01:42.108896,1445.25,55.3,179.6,41.2,24.3,20260907_145750
2026-09-07 15:01:42.309026,1464.0,55.3,179.6,38.4,25.1,20260907_145750
2026-09-07 15:01:42.509162,1472.5,55.3,179.6,40.0,26.3,20260907_145750
2026-09-07 15:01:42.709298,1461.5,55.3,179.6,40.4,26.3,20260907_145750
2026-09-07 15:01:42.909510,1453.75,54.7,179.6,40.8,27.8,20260907_145750
2026-09-07 15:01:43.109628,1483.5,54.7,179.6,46.3,32.9,20260907_145750
2026-09-07 15:01:43.309745,1475.75,54.7,179.6,52.5,41.6,20260907_145750
2026-09-07 15:01:43.509871,1463.25,54.7,179.6,56.5,47.1,20260907_145750
2026-09-07 15:01:43.709999,1467.0,54.7,179.6,56.9,44.7,20260907_145750
2026-09-07 15:01:43.910521,1478.0,54.7,179.6,58.8,42.7,20260907_145750
2026-09-07 15:01:44.110656,1474.0,54.7,179.6,61.2,40.4,20260907_145750
2026-09-07 15:01:44.310821,1430.25,54.7,179.6,53.3,26.3,20260907_145750
2026-09-07 15:01:44.510953,1431.25,54.7,179.6,47.1,28.2,20260907_145750
2026-09-07 15:01:44.711127,1596.75,54.7,179.6,44.7,30.6,20260907_145750
2026-09-07 15:01:44.911268,1783.5,54.1,179.6,36.9,30.6,20260907_145750
2026-09-07 15:01:45.111387,1942.75,54.1,179.6,39.6,40.0,20260907_145750
2026-09-07 15:01:45.311541,1880.25,54.1,179.6,42.4,40.0,20260907_145750
2026-09-07 15:01:45.511672,1767.0,54.1,179.6,41.2,39.2,20260907_145750
2026-09-07 15:01:45.711825,1742.0,54.1,179.6,40.4,28.2,20260907_145750
2026-09-07 15:01:45.911977,1721.75,54.1,179.6,33.3,28.2,20260907_145750
2026-09-07 15:01:46.112108,1732.75,54.1,179.6,34.5,29.0,20260907_145750
2026-09-07 15:01:46.312233,1718.75,54.1,179.6,34.5,29.0,20260907_145750
2026-09-07 15:01:46.512379,1705.25,54.1,179.6,34.1,28.6,20260907_145750
2026-09-07 15:01:46.712511,1702.25,54.1,179.6,31.8,27.1,20260907_145750
2026-09-07 15:01:46.912658,1700.75,53.4,179.6,30.6,26.3,20260907_145750
2026-09-07 15:01:47.112778,1697.5,53.4,179.6,28.6,25.9,20260907_145750
2026-09-07 15:01:47.312888,1688.25,53.4,179.6,24.7,22.7,20260907_145750
2026-09-07 15:01:47.512997,1694.5,53.4,179.6,20.8,23.5,20260907_145750
2026-09-07 15:01:47.713122,1682.0,53.4,179.6,23.1,23.9,20260907_145750
2026-09-07 15:01:47.913272,1691.25,53.4,179.6,26.3,25.1,20260907_145750
2026-09-07 15:01:48.113448,1680.25,53.4,179.6,26.7,25.5,20260907_145750
2026-09-07 15:01:48.313567,1681.25,53.4,179.6,26.7,25.1,20260907_145750
2026-09-07 15:01:48.513727,1678.75,52.8,179.6,25.9,23.9,20260907_145750
2026-09-07 15:01:48.713835,1677.25,52.8,179.6,23.9,23.9,20260907_145750
2026-09-07 15:01:48.913985,1673.25,52.8,179.6,25.5,26.7,20260907_145750
2026-09-07 15:01:49.114124,1673.25,52.8,179.6,35.3,34.1,20260907_145750
2026-09-07 15:01:49.314246,1678.0,52.8,179.6,37.3,33.7,20260907_145750
2026-09-07 15:01:49.514372,1678.0,52.8,179.6,37.3,33.7,20260907_145750
2026-09-07 15:01:49.714503,1675.0,52.8,179.6,36.9,33.7,20260907_145750
2026-09-07 15:01:49.914643,1671.75,52.8,179.6,36.1,30.6,20260907_145750
2026-09-07 15:01:50.114768,1678.75,52.8,179.6,35.3,30.6,20260907_145750
2026-09-07 15:01:50.314894,1679.5,52.8,179.6,35.7,31.8,20260907_145750
2026-09-07 15:01:50.515019,1678.0,52.8,179.6,36.5,32.2,20260907_145750
2026-09-07 15:01:50.715137,1681.25,52.8,179.6,36.1,30.2,20260907_145750
2026-09-07 15:01:50.915273,1681.25,52.8,179.6,33.3,28.2,20260907_145750
2026-09-07 15:01:51.115399,1677.25,52.8,179.6,32.5,27.5,20260907_145750
2026-09-07 15:01:51.315500,1683.5,52.8,179.6,32.2,30.2,20260907_145750
2026-09-07 15:01:51.515624,1688.25,53.4,179.6,36.9,36.1,20260907_145750
2026-09-07 15:01:51.715750,1721.0,53.4,179.6,41.6,41.2,20260907_145750
2026-09-07 15:01:51.915899,1732.75,53.4,179.6,45.1,42.0,20260907_145750
2026-09-07 15:01:52.116030,1724.0,53.4,179.6,44.3,28.6,20260907_145750
2026-09-07 15:01:52.316158,1701.5,53.4,179.6,33.3,26.7,20260907_145750
2026-09-07 15:01:52.516287,1714.0,53.4,179.6,32.5,26.7,20260907_145750
2026-09-07 15:01:52.716403,1714.75,54.1,179.6,31.8,26.3,20260907_145750
2026-09-07 15:01:52.916538,1707.75,54.1,179.6,30.2,26.3,20260907_145750
2026-09-07 15:01:53.116684,1703.75,54.1,179.6,30.2,27.1,20260907_145750
2026-09-07 15:01:53.316789,1707.75,54.1,179.6,31.8,27.5,20260907_145750
2026-09-07 15:01:53.516918,1707.75,54.1,179.6,33.7,31.0,20260907_145750
2026-09-07 15:01:53.717035,1717.75,54.1,179.6,35.7,32.5,20260907_145750
2026-09-07 15:01:53.917156,1715.5,54.1,179.6,38.4,34.9,20260907_145750
2026-09-07 15:01:54.117283,1718.75,54.1,179.6,38.4,34.9,20260907_145750
2026-09-07 15:01:54.317497,1730.25,54.7,179.6,34.5,27.8,20260907_145750
2026-09-07 15:01:54.517602,1723.25,54.7,179.6,30.2,26.3,20260907_145750
2026-09-07 15:01:54.717786,1728.0,54.7,179.6,28.6,25.9,20260907_145750
2026-09-07 15:01:54.917927,1734.25,54.7,179.6,28.2,26.3,20260907_145750
2026-09-07 15:01:55.118056,1732.75,54.7,179.6,27.5,25.5,20260907_145750
2026-09-07 15:01:55.318195,1736.5,54.7,179.6,25.9,24.3,20260907_145750
2026-09-07 15:01:55.518327,1735.75,54.7,179.6,21.2,23.1,20260907_145750
2026-09-07 15:01:55.718467,1737.5,54.7,179.6,20.4,23.1,20260907_145750
2026-09-07 15:01:55.918607,1739.0,55.3,179.6,20.4,23.1,20260907_145750
2026-09-07 15:01:56.118745,1744.5,55.3,179.6,20.8,22.7,20260907_145750
2026-09-07 15:01:56.318872,1747.5,55.3,179.6,20.4,22.7,20260907_145750
2026-09-07 15:01:56.519022,1749.0,55.3,179.6,20.0,23.1,20260907_145750
2026-09-07 15:01:56.719149,1749.0,55.3,179.6,20.0,23.1,20260907_145750
2026-09-07 15:01:56.919279,1753.0,55.3,179.6,20.4,22.7,20260907_145750
2026-09-07 15:01:57.119410,1753.0,55.3,179.6,18.8,21.6,20260907_145750
2026-09-07 15:01:57.319546,1758.5,55.3,179.6,16.5,21.2,20260907_145750
2026-09-07 15:01:57.519678,1761.5,55.3,179.6,16.5,20.8,20260907_145750
2026-09-07 15:01:57.719803,1764.0,55.9,179.6,15.7,20.8,20260907_145750
2026-09-07 15:01:57.919936,1764.75,55.9,179.6,15.3,20.4,20260907_145750
2026-09-07 15:01:58.120101,1766.25,55.9,179.6,14.9,20.4,20260907_145750
2026-09-07 15:01:58.320227,1766.25,55.9,179.6,14.9,20.4,20260907_145750
2026-09-07 15:01:58.520356,1770.25,55.9,179.6,15.3,20.4,20260907_145750
2026-09-07 15:01:58.720469,1771.0,55.9,179.6,15.3,20.4,20260907_145750
2026-09-07 15:01:58.920622,1772.5,55.9,179.6,15.3,20.0,20260907_145750
2026-09-07 15:01:59.120789,1775.75,55.9,179.6,13.3,20.0,20260907_145750
2026-09-07 15:01:59.320903,1779.5,55.9,179.6,13.7,20.0,20260907_145750
2026-09-07 15:01:59.521030,1780.25,55.9,179.6,12.9,18.0,20260907_145750
2026-09-07 15:01:59.721152,1782.75,56.5,179.6,9.4,17.6,20260907_145750
2026-09-07 15:01:59.921302,1773.25,56.5,179.6,6.7,17.6,20260907_145750
2026-09-07 15:02:00.121510,1782.0,56.5,179.6,6.3,17.6,20260907_145750
2026-09-07 15:02:00.321633,1778.75,56.5,179.6,6.3,17.6,20260907_145750
2026-09-07 15:02:00.521772,1781.25,56.5,179.6,6.3,17.6,20260907_145750
2026-09-07 15:02:00.721896,1781.25,56.5,179.6,6.3,17.6,20260907_145750
2026-09-07 15:02:00.922036,1780.25,56.5,179.6,5.9,17.6,20260907_145750
2026-09-07 15:02:01.122160,1778.0,56.5,179.6,5.9,17.6,20260907_145750
2026-09-07 15:02:01.322281,1779.5,56.5,179.6,5.9,17.6,20260907_145750
2026-09-07 15:02:01.522419,1780.25,56.5,179.6,6.3,17.6,20260907_145750
2026-09-07 15:02:01.722541,1781.25,56.5,179.6,6.3,17.6,20260907_145750
2026-09-07 15:02:01.922690,1782.0,56.5,179.6,6.7,17.6,20260907_145750
2026-09-07 15:02:02.122838,1782.0,,179.6,6.7,17.6,20260907_145750
2026-09-07 15:02:02.457850,1779.5,56.5,179.6,6.7,17.6,20260907_145750
2026-09-07 15:02:02.657981,1781.25,56.5,179.6,7.1,17.6,20260907_145750
2026-09-07 15:02:02.858127,1780.25,56.5,179.6,7.1,17.6,20260907_145750
2026-09-07 15:02:03.058241,1782.75,56.5,179.6,7.1,17.6,20260907_145750
2026-09-07 15:02:03.258365,1782.75,56.5,179.6,7.1,17.6,20260907_145750
2026-09-07 15:02:03.459148,1781.25,56.5,179.6,7.1,17.6,20260907_145750
2026-09-07 15:02:03.659274,1782.75,56.5,179.6,7.1,17.6,20260907_145750
2026-09-07 15:02:03.859400,1782.75,56.5,179.6,7.1,17.6,20260907_145750
2026-09-07 15:02:04.059536,1782.0,56.5,179.6,7.1,17.6,20260907_145750
2026-09-07 15:02:04.259662,1785.75,57.2,179.6,7.1,17.6,20260907_145750
2026-09-07 15:02:04.459790,1788.25,57.2,179.6,6.7,17.6,20260907_145750
2026-09-07 15:02:04.659985,1783.5,56.5,179.6,7.1,17.6,20260907_145750
2026-09-07 15:02:04.860117,1775.0,56.5,179.6,7.1,17.6,20260907_145750
2026-09-07 15:02:05.060255,1766.25,56.5,179.6,7.1,17.6,20260907_145750
2026-09-07 15:02:05.260358,1760.75,55.9,179.6,7.1,17.6,20260907_145750
2026-09-07 15:02:05.460496,1750.75,55.9,179.6,7.1,17.6,20260907_145750
2026-09-07 15:02:05.660621,1737.5,55.3,179.6,7.1,17.6,20260907_145750
2026-09-07 15:02:05.860760,1725.75,55.3,179.6,7.1,17.6,20260907_145750
2026-09-07 15:02:06.060894,1714.0,54.7,179.6,7.1,17.6,20260907_145750
2026-09-07 15:02:06.261031,1709.25,54.1,179.6,7.1,17.6,20260907_145750
2026-09-07 15:02:06.461171,1707.0,54.1,179.6,7.1,17.6,20260907_145750
2026-09-07 15:02:06.661318,1800.0,53.4,179.6,6.7,17.6,20260907_145750
2026-09-07 15:02:06.861476,1895.25,52.8,179.6,6.7,18.0,20260907_145750
2026-09-07 15:02:07.061604,1984.25,52.2,179.6,6.7,18.0,20260907_145750
2026-09-07 15:02:07.261774,2052.25,52.2,179.6,6.7,18.0,20260907_145750
2026-09-07 15:02:07.461915,2052.25,51.6,179.6,6.3,18.0,20260907_145750
2026-09-07 15:02:07.662034,2035.0,51.0,179.6,6.3,18.0,20260907_145750
2026-09-07 15:02:07.862154,2028.75,51.0,179.6,6.3,18.0,20260907_145750
2026-09-07 15:02:08.062266,2016.25,51.0,179.6,6.3,17.6,20260907_145750
2026-09-07 15:02:08.262424,2014.0,51.0,179.6,6.3,17.6,20260907_145750
2026-09-07 15:02:08.462547,2016.25,51.0,179.6,6.3,17.6,20260907_145750
2026-09-07 15:02:08.662680,2021.0,51.0,179.6,6.3,17.6,20260907_145750
2026-09-07 15:02:08.862820,2021.75,51.0,179.6,6.3,17.6,20260907_145750
2026-09-07 15:02:09.062946,2024.0,51.0,179.6,6.3,18.0,20260907_145750
2026-09-07 15:02:09.263075,2028.75,51.0,179.6,6.3,18.0,20260907_145750
2026-09-07 15:02:09.463231,2029.5,51.0,179.6,6.3,18.0,20260907_145750
2026-09-07 15:02:09.663353,2028.75,51.0,179.6,6.3,18.0,20260907_145750
2026-09-07 15:02:09.863485,2031.25,51.0,179.6,6.3,18.0,20260907_145750
2026-09-07 15:02:10.063623,2032.0,51.6,179.6,6.3,17.6,20260907_145750
2026-09-07 15:02:10.263748,2033.5,51.6,179.6,6.3,18.0,20260907_145750
2026-09-07 15:02:10.463887,2067.75,51.6,179.6,6.3,20.4,20260907_145750
2026-09-07 15:02:10.664015,2053.0,51.6,179.6,9.8,21.2,20260907_145750
2026-09-07 15:02:10.864158,2059.25,51.6,179.6,12.5,20.8,20260907_145750
2026-09-07 15:02:11.064387,2067.0,51.6,179.6,12.9,22.0,20260907_145750
2026-09-07 15:02:11.264527,2103.0,51.6,179.6,16.1,22.7,20260907_145750
2026-09-07 15:02:11.464701,2096.0,52.2,179.6,16.9,22.4,20260907_145750
2026-09-07 15:02:11.664815,2092.75,52.2,179.6,16.9,23.1,20260907_145750
2026-09-07 15:02:11.864942,2112.5,52.2,179.6,20.0,24.3,20260907_145750
2026-09-07 15:02:12.065086,2123.25,52.2,179.6,22.0,24.7,20260907_145750
2026-09-07 15:02:12.265221,2121.0,52.2,179.6,25.5,26.3,20260907_145750
2026-09-07 15:02:12.465450,2114.75,52.8,179.6,27.8,24.7,20260907_145750
2026-09-07 15:02:12.665495,2103.0,52.8,179.6,20.0,21.6,20260907_145750
2026-09-07 15:02:12.865636,2103.75,52.8,179.6,18.8,22.4,20260907_145750
2026-09-07 15:02:13.065759,2103.75,52.8,179.6,18.4,22.0,20260907_145750
2026-09-07 15:02:13.265869,2103.75,52.8,179.6,18.0,22.4,20260907_145750
2026-09-07 15:02:13.466019,2096.75,52.8,179.6,16.5,20.4,20260907_145750
2026-09-07 15:02:13.666153,2083.5,52.8,179.6,9.8,19.2,20260907_145750
2026-09-07 15:02:13.866288,2085.75,52.8,179.6,9.4,19.2,20260907_145750
2026-09-07 15:02:14.066403,2081.25,52.2,179.6,9.4,18.8,20260907_145750
2026-09-07 15:02:14.266558,2077.25,52.2,179.6,9.4,18.0,20260907_145750
2026-09-07 15:02:14.466687,2063.25,52.2,179.6,6.7,18.0,20260907_145750
2026-09-07 15:02:14.666831,2078.75,51.6,179.6,6.3,18.0,20260907_145750
2026-09-07 15:02:14.866986,2045.25,51.6,179.6,6.3,18.0,20260907_145750
2026-09-07 15:02:15.067103,2053.75,51.0,179.6,6.7,19.6,20260907_145750
2026-09-07 15:02:15.267279,2037.5,51.0,179.6,9.8,20.4,20260907_145750
2026-09-07 15:02:15.467413,2026.5,51.0,179.6,12.9,22.7,20260907_145750
2026-09-07 15:02:15.667549,2013.25,50.3,179.6,15.3,22.0,20260907_145750
2026-09-07 15:02:15.867688,2014.0,50.3,179.6,15.3,22.0,20260907_145750
2026-09-07 15:02:16.067798,2008.5,50.3,179.6,15.7,21.2,20260907_145750
2026-09-07 15:02:16.267953,1993.75,50.3,179.6,15.7,21.6,20260907_145750
2026-09-07 15:02:16.468079,1984.25,49.7,179.6,15.7,21.2,20260907_145750
2026-09-07 15:02:16.668205,1971.75,49.7,179.6,13.3,18.4,20260907_145750
2026-09-07 15:02:16.868347,1952.25,49.1,177.8,7.1,18.0,20260907_145750
2026-09-07 15:02:17.068453,1957.75,48.5,177.8,7.1,17.6,20260907_145750
2026-09-07 15:02:17.268582,1917.0,48.5,177.8,6.7,18.0,20260907_145750
2026-09-07 15:02:17.468729,1907.75,47.8,177.8,6.7,17.6,20260907_145750
2026-09-07 15:02:17.668836,1903.75,47.2,177.8,6.7,18.8,20260907_145750
2026-09-07 15:02:17.868973,1903.75,47.2,177.8,8.6,20.4,20260907_145750
2026-09-07 15:02:18.069099,1875.75,46.6,177.8,11.8,22.0,20260907_145750
2026-09-07 15:02:18.269223,1907.75,46.6,177.8,16.5,23.1,20260907_145750
2026-09-07 15:02:18.469435,1853.75,46.0,177.8,14.5,19.6,20260907_145750
2026-09-07 15:02:18.669498,1823.25,46.0,176.0,9.4,16.9,20260907_145750
2026-09-07 15:02:18.869657,1800.0,45.4,176.0,6.7,17.6,20260907_145750
2026-09-07 15:02:19.069779,1797.5,44.7,176.0,6.7,17.6,20260907_145750
2026-09-07 15:02:19.269894,1771.0,44.1,176.0,6.3,17.6,20260907_145750
2026-09-07 15:02:19.470036,1754.5,44.1,176.0,6.3,17.3,20260907_145750
2026-09-07 15:02:19.670150,1735.75,43.5,176.0,6.3,17.3,20260907_145750
2026-09-07 15:02:19.870287,1717.75,42.9,176.0,6.3,17.3,20260907_145750
2026-09-07 15:02:20.070425,1716.25,42.9,176.0,5.9,17.3,20260907_145750
2026-09-07 15:02:20.270572,1681.25,42.3,176.0,5.9,17.3,20260907_145750
2026-09-07 15:02:20.470702,1681.25,42.3,176.0,6.3,17.6,20260907_145750
2026-09-07 15:02:20.670841,1677.25,41.6,176.0,9.0,20.0,20260907_145750
2026-09-07 15:02:20.870978,1664.75,41.0,176.0,12.5,21.2,20260907_145750
2026-09-07 15:02:21.071108,1690.5,41.0,176.0,14.5,22.7,20260907_145750
2026-09-07 15:02:21.271251,1682.0,40.4,176.0,17.6,22.4,20260907_145750
2026-09-07 15:02:21.471374,1625.0,40.4,176.0,18.8,22.4,20260907_145750
2026-09-07 15:02:21.671510,1638.25,40.4,176.0,21.6,25.1,20260907_145750
2026-09-07 15:02:21.871643,1633.5,39.8,176.0,26.7,25.9,20260907_145750
2026-09-07 15:02:22.071797,1617.75,39.8,176.0,33.3,29.0,20260907_145750
2026-09-07 15:02:22.271914,1610.75,39.8,176.0,36.5,26.7,20260907_145750
2026-09-07 15:02:22.472045,1578.0,39.1,177.8,30.6,25.1,20260907_145750
2026-09-07 15:02:22.672214,1576.5,39.1,177.8,30.2,25.1,20260907_145750
2026-09-07 15:02:22.872335,1569.5,39.1,177.8,29.4,22.7,20260907_145750
2026-09-07 15:02:23.072469,1548.25,38.5,177.8,23.5,22.0,20260907_145750
2026-09-07 15:02:23.272603,1534.25,38.5,177.8,22.0,21.6,20260907_145750
2026-09-07 15:02:23.472732,1525.0,37.9,177.8,22.0,22.0,20260907_145750
2026-09-07 15:02:23.672930,1515.5,37.9,177.8,23.5,22.0,20260907_145750
2026-09-07 15:02:23.873056,1513.25,37.9,177.8,24.7,22.7,20260907_145750
2026-09-07 15:02:24.073236,1500.75,37.3,177.8,26.7,23.5,20260907_145750
2026-09-07 15:02:24.273470,1486.5,37.3,177.8,29.8,24.3,20260907_145750
2026-09-07 15:02:24.473626,1499.0,37.3,177.8,32.5,25.1,20260907_145750
2026-09-07 15:02:24.673750,1507.0,36.7,177.8,32.2,24.7,20260907_145750
2026-09-07 15:02:24.873878,1488.25,36.7,177.8,32.2,24.3,20260907_145750
2026-09-07 15:02:25.074022,1482.75,36.7,177.8,32.2,24.3,20260907_145750
2026-09-07 15:02:25.274150,1481.25,36.7,177.8,32.5,24.3,20260907_145750
2026-09-07 15:02:25.474296,1478.0,36.0,177.8,32.9,24.3,20260907_145750
2026-09-07 15:02:25.674432,1474.0,36.0,179.6,33.3,24.3,20260907_145750
2026-09-07 15:02:25.874609,1464.75,36.0,179.6,33.3,24.3,20260907_145750
2026-09-07 15:02:26.074717,1462.5,36.0,179.6,33.7,25.5,20260907_145750
2026-09-07 15:02:26.274845,1460.75,,179.6,35.3,25.5,20260907_145750
2026-09-07 15:02:26.609309,1446.75,35.4,179.6,35.3,27.1,20260907_145750
2026-09-07 15:02:26.809607,1467.0,35.4,179.6,42.0,29.4,20260907_145750
2026-09-07 15:02:27.009746,1458.5,35.4,179.6,47.1,36.1,20260907_145750
2026-09-07 15:02:27.209868,1442.75,35.4,179.6,51.8,40.8,20260907_145750
2026-09-07 15:02:27.410032,1439.75,35.4,179.6,54.9,42.7,20260907_145750
2026-09-07 15:02:27.610156,1424.0,35.4,179.6,58.0,41.6,20260907_145750
2026-09-07 15:02:27.810279,1425.75,34.8,179.6,59.2,41.6,20260907_145750
2026-09-07 15:02:28.010418,1425.0,35.4,179.6,60.8,42.4,20260907_145750
2026-09-07 15:02:28.210527,1428.0,34.8,179.6,64.3,45.1,20260907_145750
2026-09-07 15:02:28.410678,1431.25,35.4,179.6,67.5,44.7,20260907_145750
2026-09-07 15:02:28.610802,1435.75,35.4,181.4,71.8,45.5,20260907_145750
2026-09-07 15:02:28.810943,1438.25,35.4,181.4,74.9,47.8,20260907_145750
2026-09-07 15:02:29.011106,1419.5,35.4,181.4,72.5,51.0,20260907_145750
2026-09-07 15:02:29.211218,1435.0,35.4,181.4,74.1,51.8,20260907_145750
2026-09-07 15:02:29.411327,1449.0,35.4,181.4,76.5,43.1,20260907_145750
2026-09-07 15:02:29.611458,1392.75,35.4,181.4,56.1,20.8,20260907_145750
2026-09-07 15:02:29.811610,1383.5,34.8,181.4,29.0,17.6,20260907_145750
2026-09-07 15:02:30.011721,1379.5,34.8,181.4,16.9,16.9,20260907_145750
2026-09-07 15:02:30.211851,1378.75,34.2,181.4,12.5,17.3,20260907_145750
2026-09-07 15:02:30.411981,1362.5,34.2,181.4,12.5,18.4,20260907_145750
2026-09-07 15:02:30.612109,1382.75,34.2,181.4,16.5,19.6,20260907_145750
2026-09-07 15:02:30.812230,1386.5,33.6,181.4,22.0,20.4,20260907_145750
2026-09-07 15:02:31.012377,1393.75,33.6,181.4,23.9,22.4,20260907_145750
2026-09-07 15:02:31.212496,1391.25,33.6,181.4,30.2,23.1,20260907_145750
2026-09-07 15:02:31.412633,1364.0,33.6,181.4,34.5,23.9,20260907_145750
2026-09-07 15:02:31.612784,1372.5,33.6,181.4,39.2,26.7,20260907_145750
2026-09-07 15:02:31.812889,1400.75,33.6,179.6,50.2,35.7,20260907_145750
2026-09-07 15:02:32.013029,1357.0,33.6,179.6,52.9,37.6,20260907_145750
2026-09-07 15:02:32.213176,1365.5,33.6,179.6,55.7,44.7,20260907_145750
2026-09-07 15:02:32.413326,1360.75,33.6,179.6,59.2,47.1,20260907_145750
2026-09-07 15:02:32.613476,1368.75,33.6,179.6,62.7,55.7,20260907_145750
2026-09-07 15:02:32.813639,1374.0,33.6,179.6,67.1,64.3,20260907_145750
2026-09-07 15:02:33.013766,1376.5,34.2,179.6,71.8,64.7,20260907_145750
2026-09-07 15:02:33.213910,1384.25,34.2,179.6,74.1,68.6,20260907_145750
2026-09-07 15:02:33.414016,1395.25,34.2,179.6,76.1,73.3,20260907_145750
2026-09-07 15:02:33.614137,1410.75,34.2,179.6,77.6,71.8,20260907_145750
2026-09-07 15:02:33.814272,1439.75,34.8,179.6,76.9,67.1,20260907_145750
2026-09-07 15:02:34.014419,1433.5,34.8,179.6,79.6,63.5,20260907_145750
2026-09-07 15:02:34.214525,1448.25,34.8,179.6,80.0,63.1,20260907_145750
2026-09-07 15:02:34.414659,1462.5,35.4,179.6,82.4,60.0,20260907_145750
2026-09-07 15:02:34.614782,1466.25,35.4,179.6,84.3,55.3,20260907_145750
2026-09-07 15:02:34.814913,1482.0,36.0,179.6,82.7,47.1,20260907_145750
2026-09-07 15:02:35.015047,1453.75,36.0,179.6,71.4,29.8,20260907_145750
2026-09-07 15:02:35.215170,1470.25,36.0,179.6,65.5,29.8,20260907_145750
2026-09-07 15:02:35.415296,1480.25,36.7,179.6,62.4,32.2,20260907_145750
2026-09-07 15:02:35.615426,1489.75,36.7,179.6,61.2,33.7,20260907_145750
2026-09-07 15:02:35.815552,1501.5,37.3,177.8,57.6,27.8,20260907_145750
2026-09-07 15:02:36.015707,1503.75,37.3,177.8,51.0,28.6,20260907_145750
2026-09-07 15:02:36.215839,1517.75,37.3,177.8,49.4,29.4,20260907_145750
2026-09-07 15:02:36.415981,1527.25,37.3,177.8,48.2,31.4,20260907_145750
2026-09-07 15:02:36.616103,1539.0,37.9,177.8,48.2,32.5,20260907_145750
2026-09-07 15:02:36.816226,1540.5,37.9,177.8,47.5,33.3,20260907_145750
2026-09-07 15:02:37.016357,1558.5,37.9,177.8,46.3,34.9,20260907_145750
2026-09-07 15:02:37.216513,1561.5,38.5,177.8,46.3,35.7,20260907_145750
2026-09-07 15:02:37.416642,1566.25,38.5,177.8,45.9,36.1,20260907_145750
2026-09-07 15:02:37.616790,1579.5,39.1,177.8,45.1,36.5,20260907_145750
2026-09-07 15:02:37.816915,1590.5,39.1,177.8,44.7,36.9,20260907_145750
2026-09-07 15:02:38.017053,1598.25,39.1,177.8,43.9,37.6,20260907_145750
2026-09-07 15:02:38.217167,1618.75,39.8,177.8,45.5,41.2,20260907_145750
2026-09-07 15:02:38.417306,1617.0,39.8,177.8,48.2,42.7,20260907_145750
2026-09-07 15:02:38.617490,1642.0,39.8,177.8,49.8,42.0,20260907_145750
2026-09-07 15:02:38.817612,1637.5,40.4,177.8,52.5,40.0,20260907_145750
2026-09-07 15:02:39.017741,1641.25,40.4,177.8,51.8,38.4,20260907_145750
2026-09-07 15:02:39.217905,1654.5,41.0,177.8,49.4,38.8,20260907_145750
2026-09-07 15:02:39.418033,1678.0,41.0,177.8,47.5,38.8,20260907_145750
2026-09-07 15:02:39.618155,1680.25,41.6,177.8,46.7,38.4,20260907_145750
2026-09-07 15:02:39.818287,1690.5,41.6,177.8,45.1,31.8,20260907_145750
2026-09-07 15:02:40.018421,1700.75,42.3,177.8,41.6,30.6,20260907_145750
2026-09-07 15:02:40.218548,1716.25,42.3,177.8,40.4,31.4,20260907_145750
2026-09-07 15:02:40.418717,1735.75,42.9,177.8,41.2,34.9,20260907_145750
2026-09-07 15:02:40.618871,1741.25,42.9,177.8,42.0,37.3,20260907_145750
2026-09-07 15:02:40.818979,1757.0,42.9,177.8,42.4,38.4,20260907_145750
2026-09-07 15:02:41.019131,1760.75,43.5,177.8,42.0,38.4,20260907_145750
2026-09-07 15:02:41.219264,1771.75,43.5,177.8,42.0,38.4,20260907_145750
2026-09-07 15:02:41.419389,1780.25,44.1,177.8,41.6,38.8,20260907_145750
2026-09-07 15:02:41.619509,1799.0,44.1,177.8,41.6,38.8,20260907_145750
2026-09-07 15:02:41.819652,1812.5,44.7,177.8,41.6,39.2,20260907_145750
2026-09-07 15:02:42.019806,1825.0,44.7,177.8,42.0,38.8,20260907_145750
2026-09-07 15:02:42.219922,1828.75,45.4,177.8,41.6,38.4,20260907_145750
2026-09-07 15:02:42.420032,1837.5,45.4,177.8,41.6,38.4,20260907_145750
2026-09-07 15:02:42.620157,1846.75,45.4,177.8,41.2,36.5,20260907_145750
2026-09-07 15:02:42.820282,1862.5,46.0,177.8,41.2,32.9,20260907_145750
2026-09-07 15:02:43.020445,1853.75,46.0,177.8,37.3,30.2,20260907_145750
2026-09-07 15:02:43.220563,1865.5,46.0,177.8,36.5,30.6,20260907_145750
2026-09-07 15:02:43.420682,1866.25,46.6,177.8,32.9,24.7,20260907_145750
2026-09-07 15:02:43.620812,1847.5,46.6,177.8,19.6,22.4,20260907_145750
2026-09-07 15:02:43.820954,1864.75,46.6,177.8,19.6,22.7,20260907_145750
2026-09-07 15:02:44.021078,1864.0,46.6,177.8,19.2,22.7,20260907_145750
2026-09-07 15:02:44.221214,1858.5,46.6,177.8,19.2,22.7,20260907_145750
2026-09-07 15:02:44.421320,1857.0,46.6,177.8,19.2,23.1,20260907_145750
2026-09-07 15:02:44.621458,1864.75,46.6,177.8,19.2,23.1,20260907_145750
2026-09-07 15:02:44.821621,1870.25,46.6,177.8,19.2,22.7,20260907_145750
2026-09-07 15:02:45.021743,1868.75,46.6,177.8,19.2,22.7,20260907_145750
2026-09-07 15:02:45.221872,1873.25,46.6,177.8,19.6,22.7,20260907_145750
2026-09-07 15:02:45.421997,1877.25,46.6,177.8,19.2,22.7,20260907_145750
2026-09-07 15:02:45.622128,1861.5,46.6,177.8,19.2,22.7,20260907_145750
2026-09-07 15:02:45.822344,1656.25,47.2,177.8,20.4,22.0,20260907_145750
2026-09-07 15:02:46.022447,1532.0,46.6,177.8,24.7,23.1,20260907_145750
2026-09-07 15:02:46.222571,1567.0,46.6,177.8,31.8,27.8,20260907_145750
2026-09-07 15:02:46.422706,1548.25,47.2,177.8,35.3,26.7,20260907_145750
2026-09-07 15:02:46.622824,1513.25,47.2,177.8,34.1,25.5,20260907_145750
2026-09-07 15:02:46.822953,1507.75,47.2,177.8,34.5,25.1,20260907_145750
2026-09-07 15:02:47.023072,1504.5,47.2,177.8,34.1,25.1,20260907_145750
2026-09-07 15:02:47.223198,1502.25,47.2,177.8,35.7,25.9,20260907_145750
2026-09-07 15:02:47.423317,1500.0,47.8,177.8,35.3,25.1,20260907_145750
2026-09-07 15:02:47.623446,1499.0,47.2,177.8,34.9,25.1,20260907_145750
2026-09-07 15:02:47.823566,1508.5,47.2,177.8,34.1,25.1,20260907_145750
2026-09-07 15:02:48.023681,1506.25,47.8,177.8,33.7,25.1,20260907_145750
2026-09-07 15:02:48.223816,1508.5,47.8,177.8,33.7,24.7,20260907_145750
2026-09-07 15:02:48.423940,1508.5,47.8,177.8,32.5,25.1,20260907_145750
2026-09-07 15:02:48.624049,1513.25,47.8,177.8,32.9,25.1,20260907_145750
2026-09-07 15:02:48.824193,1515.5,47.8,177.8,32.9,25.1,20260907_145750
2026-09-07 15:02:49.024328,1523.25,47.8,177.8,32.9,25.1,20260907_145750
2026-09-07 15:02:49.224436,1514.75,47.8,177.8,32.9,25.5,20260907_145750
2026-09-07 15:02:49.424557,1519.5,47.8,177.8,32.9,25.1,20260907_145750
2026-09-07 15:02:49.624691,1522.5,47.8,177.8,32.5,25.1,20260907_145750
2026-09-07 15:02:49.824853,1525.0,47.8,179.6,32.5,25.1,20260907_145750
2026-09-07 15:02:50.024978,1519.5,47.8,179.6,32.5,25.1,20260907_145750
2026-09-07 15:02:50.225086,1521.75,48.5,179.6,32.5,24.7,20260907_145750
2026-09-07 15:02:50.425199,,48.5,179.6,32.2,24.7,20260907_145750
2026-09-07 15:02:50.759940,1528.75,47.8,179.6,32.2,24.7,20260907_145750
2026-09-07 15:02:50.960104,1534.25,48.5,179.6,32.2,24.7,20260907_145750
2026-09-07 15:02:51.160235,1533.5,48.5,179.6,32.2,24.7,20260907_145750
2026-09-07 15:02:51.360377,1530.25,48.5,179.6,32.2,24.7,20260907_145750
2026-09-07 15:02:51.560499,1532.75,48.5,179.6,31.4,24.7,20260907_145750
2026-09-07 15:02:51.760668,1536.5,48.5,179.6,31.4,24.7,20260907_145750
2026-09-07 15:02:51.960814,1536.5,48.5,179.6,31.4,24.7,20260907_145750
2026-09-07 15:02:52.160948,1542.75,48.5,179.6,31.4,24.7,20260907_145750
2026-09-07 15:02:52.361080,1538.25,48.5,179.6,31.8,25.1,20260907_145750
2026-09-07 15:02:52.561234,1545.25,48.5,179.6,32.2,25.1,20260907_145750
2026-09-07 15:02:52.761429,1543.75,48.5,181.4,32.2,25.1,20260907_145750
2026-09-07 15:02:52.961520,1548.25,48.5,181.4,33.7,26.7,20260907_145750
2026-09-07 15:02:56.931116,1557.75,49.1,181.4,42.4,33.3,20260907_150254
2026-09-07 15:02:57.131275,1562.5,49.1,181.4,41.6,33.7,20260907_150254
2026-09-07 15:02:57.331411,1559.25,49.1,181.4,42.0,34.5,20260907_150254
2026-09-07 15:02:57.531564,1562.5,49.7,181.4,42.4,34.5,20260907_150254
2026-09-07 15:02:57.731687,1568.75,49.7,183.2,42.4,34.1,20260907_150254
2026-09-07 15:02:57.931839,1565.5,49.7,183.2,42.0,33.7,20260907_150254
2026-09-07 15:02:58.131967,1574.0,49.7,183.2,42.4,33.7,20260907_150254
2026-09-07 15:02:58.332099,1579.5,49.7,183.2,43.9,39.2,20260907_150254
2026-09-07 15:02:58.532235,1614.75,49.7,183.2,47.1,45.9,20260907_150254
2026-09-07 15:02:58.732358,1625.75,49.7,183.2,49.0,45.1,20260907_150254
2026-09-07 15:02:58.932494,1638.25,50.3,183.2,52.2,42.4,20260907_150254
2026-09-07 15:02:59.132632,1635.75,50.3,183.2,52.2,40.0,20260907_150254
2026-09-07 15:02:59.332759,1632.75,50.3,183.2,51.8,39.2,20260907_150254
2026-09-07 15:02:59.532905,1637.5,50.3,183.2,51.4,40.4,20260907_150254
2026-09-07 15:02:59.733030,1657.75,50.3,183.2,53.3,42.7,20260907_150254
2026-09-07 15:02:59.933166,1657.0,51.0,183.2,56.9,42.7,20260907_150254
2026-09-07 15:03:00.133309,1666.25,51.0,183.2,60.0,45.1,20260907_150254
2026-09-07 15:03:00.333463,1686.5,51.0,183.2,63.1,47.1,20260907_150254
2026-09-07 15:03:00.533600,1671.0,51.6,183.2,67.1,49.8,20260907_150254
2026-09-07 15:03:00.733725,1723.25,51.6,183.2,69.4,49.8,20260907_150254
2026-09-07 15:03:00.933872,1729.5,52.2,183.2,72.5,48.6,20260907_150254
2026-09-07 15:03:01.133988,1707.0,52.2,183.2,73.7,49.4,20260907_150254
2026-09-07 15:03:01.334119,1687.5,52.2,183.2,72.2,47.8,20260907_150254
2026-09-07 15:03:01.534250,1707.0,52.8,183.2,70.6,46.7,20260907_150254
2026-09-07 15:03:01.734395,1710.75,52.8,183.2,70.6,46.3,20260907_150254
2026-09-07 15:03:01.934532,1723.25,52.8,183.2,70.6,45.5,20260907_150254
2026-09-07 15:03:02.134669,1729.5,53.4,183.2,70.2,47.5,20260907_150254
2026-09-07 15:03:02.334806,1745.25,53.4,183.2,69.8,47.1,20260907_150254
2026-09-07 15:03:02.534953,1749.0,53.4,181.4,69.4,47.5,20260907_150254
2026-09-07 15:03:02.735083,1757.0,54.1,181.4,69.0,46.7,20260907_150254
2026-09-07 15:03:02.935230,1767.0,54.1,181.4,68.6,47.1,20260907_150254
2026-09-07 15:03:03.135357,1777.25,54.7,181.4,69.0,45.9,20260907_150254
2026-09-07 15:03:03.335485,1757.75,54.7,181.4,65.1,40.8,20260907_150254
2026-09-07 15:03:03.535647,1764.0,54.7,181.4,62.4,41.2,20260907_150254
2026-09-07 15:03:03.735757,1762.5,55.3,181.4,61.2,42.0,20260907_150254
2026-09-07 15:03:03.935896,1767.75,55.3,181.4,60.8,42.0,20260907_150254
2026-09-07 15:03:04.136019,1771.0,55.3,181.4,60.0,40.0,20260907_150254
2026-09-07 15:03:04.336143,1765.5,55.3,181.4,53.3,27.5,20260907_150254
2026-09-07 15:03:04.536270,1771.75,55.3,181.4,43.9,28.6,20260907_150254
2026-09-07 15:03:04.736377,1797.5,55.3,181.4,44.7,29.8,20260907_150254
2026-09-07 15:03:04.936525,1796.0,55.9,181.4,44.3,30.2,20260907_150254
2026-09-07 15:03:05.136649,1792.0,55.9,179.6,41.6,29.0,20260907_150254
2026-09-07 15:03:05.336765,1783.5,55.9,179.6,37.3,27.1,20260907_150254
2026-09-07 15:03:05.536917,1792.75,55.9,179.6,34.5,27.8,20260907_150254
2026-09-07 15:03:05.737043,1792.75,55.9,179.6,34.5,28.2,20260907_150254
2026-09-07 15:03:05.937178,1785.0,55.9,179.6,33.7,27.8,20260907_150254
2026-09-07 15:03:06.137304,1775.75,55.9,179.6,33.7,28.2,20260907_150254
2026-09-07 15:03:06.337504,1771.75,55.9,179.6,33.7,28.6,20260907_150254
2026-09-07 15:03:06.537637,1772.5,55.9,179.6,35.7,35.3,20260907_150254
2026-09-07 15:03:06.737769,1767.75,55.9,177.8,40.0,36.5,20260907_150254
2026-09-07 15:03:06.937926,1774.0,55.9,177.8,39.6,37.3,20260907_150254
2026-09-07 15:03:07.138118,1770.25,55.9,177.8,39.6,39.2,20260907_150254
2026-09-07 15:03:07.338216,1785.0,55.9,177.8,44.7,42.0,20260907_150254
2026-09-07 15:03:07.538358,1814.75,55.9,177.8,46.7,43.1,20260907_150254
2026-09-07 15:03:07.738464,1815.5,55.9,177.8,47.8,41.6,20260907_150254
2026-09-07 15:03:07.938599,1809.25,55.9,177.8,47.5,39.2,20260907_150254
2026-09-07 15:03:08.138726,1811.5,55.9,177.8,46.3,39.2,20260907_150254
2026-09-07 15:03:08.338858,1815.5,56.5,177.8,45.5,38.8,20260907_150254
2026-09-07 15:03:08.539002,1813.25,56.5,177.8,45.5,36.1,20260907_150254
2026-09-07 15:03:08.739109,1813.25,56.5,177.8,44.3,32.5,20260907_150254
2026-09-07 15:03:08.939217,1804.5,56.5,177.8,42.0,31.4,20260907_150254
2026-09-07 15:03:09.139356,1810.75,56.5,177.8,40.4,31.0,20260907_150254
2026-09-07 15:03:09.339477,1815.5,56.5,177.8,39.6,31.8,20260907_150254
2026-09-07 15:03:09.539620,1815.5,56.5,177.8,39.6,32.2,20260907_150254
2026-09-07 15:03:09.739740,1819.5,56.5,177.8,39.6,31.8,20260907_150254
2026-09-07 15:03:09.939887,1814.75,56.5,177.8,39.2,32.5,20260907_150254
2026-09-07 15:03:10.140033,1817.0,56.5,177.8,39.2,32.9,20260907_150254
2026-09-07 15:03:10.340192,1817.0,56.5,177.8,39.2,32.9,20260907_150254
2026-09-07 15:03:10.540325,1816.25,56.5,177.8,39.2,31.8,20260907_150254
2026-09-07 15:03:10.740456,1806.25,56.5,177.8,34.5,27.1,20260907_150254
2026-09-07 15:03:10.940583,1783.5,56.5,177.8,24.3,23.9,20260907_150254
2026-09-07 15:03:11.140721,1791.25,56.5,177.8,24.3,24.3,20260907_150254
2026-09-07 15:03:11.340847,1779.5,56.5,177.8,23.1,24.7,20260907_150254
2026-09-07 15:03:11.540981,1775.75,55.9,177.8,24.3,26.3,20260907_150254
2026-09-07 15:03:11.741101,1780.25,55.9,177.8,27.8,28.2,20260907_150254
2026-09-07 15:03:11.941241,1777.25,55.9,177.8,31.4,27.1,20260907_150254
2026-09-07 15:03:12.141403,1778.0,55.9,177.8,29.8,27.1,20260907_150254
2026-09-07 15:03:12.341500,1773.25,55.9,177.8,29.8,23.9,20260907_150254
2026-09-07 15:03:12.541630,1777.25,55.9,177.8,,17.6,20260907_150254
2026-09-07 15:03:12.874704,1760.75,55.9,177.8,9.8,17.6,20260907_150254
2026-09-07 15:03:13.074834,1750.75,55.3,179.6,7.5,17.3,20260907_150254
2026-09-07 15:03:13.274990,1738.25,55.3,179.6,6.3,17.3,20260907_150254
2026-09-07 15:03:13.475119,1734.25,54.7,179.6,6.7,17.3,20260907_150254
2026-09-07 15:03:13.675229,1730.25,54.7,179.6,6.3,17.3,20260907_150254
2026-09-07 15:03:13.875365,1722.5,54.7,179.6,6.3,17.3,20260907_150254
2026-09-07 15:03:14.075490,1733.5,54.1,179.6,5.9,17.3,20260907_150254
2026-09-07 15:03:14.275666,1697.5,54.1,179.6,5.9,17.3,20260907_150254
2026-09-07 15:03:14.475797,1713.25,54.1,179.6,7.1,18.0,20260907_150254
2026-09-07 15:03:14.675947,1696.0,53.4,179.6,7.5,18.0,20260907_150254
2026-09-07 15:03:14.876082,1696.0,53.4,179.6,7.5,19.2,20260907_150254
2026-09-07 15:03:15.076191,1692.0,53.4,179.6,9.4,18.8,20260907_150254
2026-09-07 15:03:15.276349,1686.5,53.4,179.6,9.8,19.2,20260907_150254
2026-09-07 15:03:15.476495,1689.0,52.8,179.6,10.6,20.0,20260907_150254
2026-09-07 15:03:15.676604,1718.75,52.8,179.6,13.3,22.4,20260907_150254
2026-09-07 15:03:15.876750,1714.0,52.8,179.6,17.3,23.5,20260907_150254
2026-09-07 15:03:16.076880,1684.25,52.8,179.6,21.2,23.1,20260907_150254
2026-09-07 15:03:16.276993,1666.25,52.8,179.6,21.6,23.1,20260907_150254
2026-09-07 15:03:16.477138,1663.25,52.8,179.6,21.6,23.1,20260907_150254
2026-09-07 15:03:16.677268,1668.75,52.8,179.6,22.0,23.1,20260907_150254
2026-09-07 15:03:16.877484,1664.0,52.8,179.6,22.0,22.7,20260907_150254
2026-09-07 15:03:17.077635,1662.5,52.8,179.6,21.2,22.7,20260907_150254
2026-09-07 15:03:17.277762,1664.0,52.8,179.6,20.8,23.1,20260907_150254
2026-09-07 15:03:17.477884,1659.25,52.8,179.6,20.8,23.1,20260907_150254
2026-09-07 15:03:17.678027,1662.5,52.2,179.6,21.2,22.7,20260907_150254
2026-09-07 15:03:17.878145,1660.75,52.2,179.6,21.2,22.7,20260907_150254
2026-09-07 15:03:18.078273,1660.0,52.2,179.6,21.2,23.1,20260907_150254
2026-09-07 15:03:18.278418,1659.25,52.2,179.6,23.9,24.3,20260907_150254
2026-09-07 15:03:18.478529,1661.5,52.2,179.6,27.1,25.9,20260907_150254
2026-09-07 15:03:18.678677,1657.75,52.2,179.6,29.4,25.9,20260907_150254
2026-09-07 15:03:18.878803,1664.0,52.2,179.6,29.8,26.3,20260907_150254
2026-09-07 15:03:19.078928,1658.5,52.2,179.6,30.6,25.9,20260907_150254
2026-09-07 15:03:19.279053,1664.0,52.2,181.4,29.0,25.9,20260907_150254
2026-09-07 15:03:19.479162,1659.25,52.2,179.6,29.4,26.3,20260907_150254
2026-09-07 15:03:19.679286,1664.0,52.2,181.4,31.0,28.6,20260907_150254
2026-09-07 15:03:19.879434,1664.0,52.8,181.4,34.5,29.0,20260907_150254
2026-09-07 15:03:20.079546,1661.5,52.8,181.4,33.7,26.3,20260907_150254
2026-09-07 15:03:20.279661,1664.75,52.8,181.4,29.8,25.9,20260907_150254
2026-09-07 15:03:20.479789,1663.25,52.8,181.4,29.4,29.0,20260907_150254
2026-09-07 15:03:20.679963,1671.75,52.8,181.4,37.6,34.9,20260907_150254
2026-09-07 15:03:20.880072,1670.25,52.8,181.4,39.6,38.0,20260907_150254
2026-09-07 15:03:21.080204,1677.25,52.8,181.4,41.2,40.4,20260907_150254
2026-09-07 15:03:21.280334,1700.75,52.8,181.4,43.5,47.5,20260907_150254
2026-09-07 15:03:21.480458,1714.0,52.8,181.4,48.2,45.5,20260907_150254
2026-09-07 15:03:21.680577,1696.75,53.4,181.4,50.6,42.4,20260907_150254
2026-09-07 15:03:21.880706,1705.25,53.4,181.4,49.0,39.2,20260907_150254
2026-09-07 15:03:22.080842,1705.25,53.4,181.4,47.5,36.5,20260907_150254
2026-09-07 15:03:22.280965,1716.25,53.4,181.4,45.9,36.5,20260907_150254
2026-09-07 15:03:22.481111,1725.0,53.4,181.4,45.9,38.4,20260907_150254
2026-09-07 15:03:22.681235,1718.75,54.1,181.4,45.9,37.3,20260907_150254
2026-09-07 15:03:22.881362,1729.5,54.1,181.4,45.5,37.3,20260907_150254
2026-09-07 15:03:23.081499,1735.75,54.1,181.4,45.5,37.6,20260907_150254
2026-09-07 15:03:23.281602,1739.75,54.1,181.4,45.1,38.0,20260907_150254
2026-09-07 15:03:23.481712,1749.0,54.1,181.4,45.1,39.2,20260907_150254
2026-09-07 15:03:23.681861,1753.0,54.7,181.4,45.1,39.6,20260907_150254
2026-09-07 15:03:23.881991,1750.0,54.7,181.4,44.7,37.3,20260907_150254
2026-09-07 15:03:24.082107,1745.25,54.7,181.4,43.1,31.8,20260907_150254
2026-09-07 15:03:24.282231,1753.75,54.7,181.4,41.2,31.8,20260907_150254
2026-09-07 15:03:24.482435,1771.0,55.3,181.4,40.8,32.2,20260907_150254
2026-09-07 15:03:24.682586,1772.5,55.3,181.4,40.4,32.2,20260907_150254
2026-09-07 15:03:24.882715,1780.25,55.3,181.4,40.0,32.9,20260907_150254
2026-09-07 15:03:25.082837,1781.25,55.3,181.4,40.8,35.7,20260907_150254
2026-09-07 15:03:25.282950,1778.0,55.3,181.4,41.2,36.5,20260907_150254
2026-09-07 15:03:25.483094,1782.0,55.3,181.4,40.8,36.5,20260907_150254
2026-09-07 15:03:25.683220,1786.5,55.3,181.4,40.8,36.9,20260907_150254
2026-09-07 15:03:25.883387,1787.5,55.3,181.4,40.8,36.1,20260907_150254
2026-09-07 15:03:26.083522,1789.75,55.3,181.4,40.4,36.1,20260907_150254
2026-09-07 15:03:26.283635,1786.5,55.9,181.4,40.4,36.1,20260907_150254
2026-09-07 15:03:26.483787,1791.25,55.9,181.4,40.4,36.1,20260907_150254
2026-09-07 15:03:26.683928,1804.5,55.9,181.4,40.8,37.3,20260907_150254
2026-09-07 15:03:26.884087,1794.5,55.9,179.6,40.8,36.9,20260907_150254
2026-09-07 15:03:27.084218,1802.25,55.9,179.6,40.8,32.5,20260907_150254
2026-09-07 15:03:27.284344,1785.75,55.9,179.6,35.7,29.4,20260907_150254
2026-09-07 15:03:27.484474,1792.75,55.9,179.6,34.9,29.4,20260907_150254
2026-09-07 15:03:27.684655,1788.25,55.9,179.6,34.9,29.4,20260907_150254
2026-09-07 15:03:27.884782,1778.0,55.9,179.6,33.7,28.2,20260907_150254
2026-09-07 15:03:28.084928,1768.75,55.9,179.6,31.8,27.1,20260907_150254
2026-09-07 15:03:28.285057,1777.25,55.9,179.6,30.6,27.1,20260907_150254
2026-09-07 15:03:28.485187,1775.0,55.9,179.6,30.6,27.1,20260907_150254
2026-09-07 15:03:28.685341,1775.0,55.9,179.6,31.0,27.8,20260907_150254
2026-09-07 15:03:28.885459,1777.25,55.9,177.8,32.5,27.8,20260907_150254
2026-09-07 15:03:29.085592,1775.0,55.9,177.8,32.5,28.2,20260907_150254
2026-09-07 15:03:29.285726,1781.25,55.9,177.8,36.1,32.9,20260907_150254
2026-09-07 15:03:29.485829,1780.25,55.9,177.8,38.8,35.3,20260907_150254
2026-09-07 15:03:29.685993,1776.5,55.9,177.8,38.4,34.9,20260907_150254
2026-09-07 15:03:29.886107,1779.5,56.5,177.8,36.1,29.4,20260907_150254
2026-09-07 15:03:30.086240,1782.75,56.5,177.8,34.5,29.8,20260907_150254
2026-09-07 15:03:30.286370,1782.0,56.5,177.8,34.9,29.8,20260907_150254
2026-09-07 15:03:30.486493,1785.0,56.5,177.8,34.9,29.0,20260907_150254
2026-09-07 15:03:30.686641,1784.25,56.5,177.8,32.2,27.5,20260907_150254
2026-09-07 15:03:30.886757,1785.0,56.5,177.8,31.4,27.8,20260907_150254
2026-09-07 15:03:31.086887,1780.25,55.9,177.8,30.6,27.1,20260907_150254
2026-09-07 15:03:31.287019,1787.5,55.9,177.8,30.2,27.1,20260907_150254
2026-09-07 15:03:31.487138,1784.25,55.9,177.8,30.2,26.7,20260907_150254
2026-09-07 15:03:31.687282,1782.0,56.5,177.8,30.2,26.7,20260907_150254
2026-09-07 15:03:31.887388,1782.75,56.5,177.8,31.0,27.1,20260907_150254
2026-09-07 15:03:32.087527,1781.25,56.5,177.8,30.6,27.1,20260907_150254
2026-09-07 15:03:32.287633,1782.0,56.5,177.8,30.6,27.1,20260907_150254
2026-09-07 15:03:32.487796,1785.0,56.5,177.8,29.0,25.9,20260907_150254
2026-09-07 15:03:32.687952,1786.5,56.5,177.8,28.6,26.3,20260907_150254
2026-09-07 15:03:32.888076,1782.0,56.5,177.8,28.6,25.9,20260907_150254
2026-09-07 15:03:33.088213,1780.25,56.5,177.8,23.1,23.1,20260907_150254
2026-09-07 15:03:33.288358,1784.25,55.9,177.8,22.0,23.5,20260907_150254
2026-09-07 15:03:33.488479,1781.25,55.9,177.8,22.4,23.5,20260907_150254
2026-09-07 15:03:33.688588,1778.75,55.9,177.8,22.0,23.9,20260907_150254
2026-09-07 15:03:33.888748,1776.5,55.9,177.8,22.0,23.9,20260907_150254
2026-09-07 15:03:34.088880,1775.75,55.9,177.8,22.0,23.5,20260907_150254
2026-09-07 15:03:34.289012,1773.25,55.9,177.8,22.0,23.5,20260907_150254
2026-09-07 15:03:34.489162,1772.5,55.9,177.8,22.0,23.5,20260907_150254
2026-09-07 15:03:34.689283,1773.25,,179.6,23.9,25.5,20260907_150254
2026-09-07 15:03:35.027117,1768.75,55.9,179.6,23.9,26.3,20260907_150254
2026-09-07 15:03:35.227253,1775.0,55.9,179.6,30.6,28.6,20260907_150254
2026-09-07 15:03:35.427829,1775.0,55.9,179.6,34.5,30.6,20260907_150254
2026-09-07 15:03:35.627950,1775.0,55.9,179.6,34.9,31.0,20260907_150254
2026-09-07 15:03:35.828102,1777.25,56.5,179.6,34.9,31.0,20260907_150254
2026-09-07 15:03:36.028216,1782.0,56.5,179.6,35.3,31.0,20260907_150254
2026-09-07 15:03:36.228350,1783.5,56.5,179.6,35.3,31.0,20260907_150254
2026-09-07 15:03:36.428495,1781.25,56.5,179.6,34.9,29.8,20260907_150254
2026-09-07 15:03:36.628641,1788.25,56.5,179.6,34.5,29.8,20260907_150254
2026-09-07 15:03:36.828764,1785.75,56.5,179.6,34.5,29.4,20260907_150254
2026-09-07 15:03:37.028897,1785.0,56.5,179.6,33.7,28.6,20260907_150254
2026-09-07 15:03:37.229016,1784.25,56.5,179.6,32.9,28.2,20260907_150254
2026-09-07 15:03:37.429154,1785.75,56.5,179.6,32.2,27.8,20260907_150254
2026-09-07 15:03:37.629262,1785.75,56.5,179.6,32.2,28.2,20260907_150254
2026-09-07 15:03:37.829467,1786.5,56.5,179.6,33.3,28.2,20260907_150254
2026-09-07 15:03:38.029622,1781.25,56.5,179.6,33.3,28.2,20260907_150254
2026-09-07 15:03:38.229736,1787.5,56.5,179.6,33.3,28.6,20260907_150254
2026-09-07 15:03:38.429900,1788.25,56.5,179.6,33.7,29.8,20260907_150254
2026-09-07 15:03:38.630037,1785.0,56.5,179.6,34.9,30.2,20260907_150254
2026-09-07 15:03:38.830139,1797.5,56.5,179.6,36.5,34.5,20260907_150254
2026-09-07 15:03:39.030279,1790.5,56.5,179.6,39.6,38.8,20260907_150254
2026-09-07 15:03:39.230418,1796.75,56.5,179.6,40.8,38.8,20260907_150254
2026-09-07 15:03:39.430540,1799.0,56.5,179.6,40.4,37.6,20260907_150254
2026-09-07 15:03:39.630686,1795.25,56.5,179.6,40.4,37.3,20260907_150254
2026-09-07 15:03:39.830807,1793.75,57.2,179.6,40.4,37.3,20260907_150254
2026-09-07 15:03:40.030969,1804.5,57.2,179.6,40.4,36.5,20260907_150254
2026-09-07 15:03:40.231081,1801.5,57.2,179.6,40.4,36.5,20260907_150254
2026-09-07 15:03:40.431211,1815.5,57.2,179.6,40.4,31.8,20260907_150254
2026-09-07 15:03:40.631336,1807.0,57.2,179.6,37.3,30.6,20260907_150254
2026-09-07 15:03:40.831478,1807.0,57.2,179.6,31.4,26.7,20260907_150254
2026-09-07 15:03:41.031612,1815.5,57.2,179.6,32.2,28.2,20260907_150254
2026-09-07 15:03:41.231737,1807.75,57.2,179.6,33.3,27.8,20260907_150254
2026-09-07 15:03:41.431858,1810.75,57.2,179.6,30.6,25.9,20260907_150254
2026-09-07 15:03:41.631993,1808.5,57.2,179.6,25.9,24.7,20260907_150254
2026-09-07 15:03:41.832128,1808.5,57.2,181.4,24.3,24.7,20260907_150254
2026-09-07 15:03:42.032271,1812.5,57.2,181.4,23.5,24.3,20260907_150254
2026-09-07 15:03:42.232415,1812.5,57.2,181.4,23.5,24.3,20260907_150254
2026-09-07 15:03:42.432540,1810.75,57.2,179.6,23.1,24.3,20260907_150254
2026-09-07 15:03:42.632666,1811.5,57.2,181.4,22.7,23.9,20260907_150254
2026-09-07 15:03:42.832777,1808.5,57.2,179.6,20.8,20.4,20260907_150254
2026-09-07 15:03:43.032937,1807.0,57.2,179.6,15.3,18.4,20260907_150254
2026-09-07 15:03:43.233063,1792.75,57.2,179.6,10.2,18.0,20260907_150254
2026-09-07 15:03:43.433190,1792.75,57.2,181.4,7.5,17.3,20260907_150254
2026-09-07 15:03:43.633344,1790.5,56.5,181.4,6.3,18.4,20260907_150254
2026-09-07 15:03:43.833488,1792.0,56.5,181.4,9.8,18.8,20260907_150254
2026-09-07 15:03:44.033605,1789.75,56.5,181.4,10.6,19.6,20260907_150254
2026-09-07 15:03:44.233740,1784.25,56.5,179.6,11.4,19.6,20260907_150254
2026-09-07 15:03:44.433882,1779.5,55.9,179.6,11.4,19.6,20260907_150254
2026-09-07 15:03:44.634006,1779.5,55.9,179.6,11.4,19.6,20260907_150254
2026-09-07 15:03:44.834128,1775.75,55.9,179.6,11.8,20.4,20260907_150254
2026-09-07 15:03:45.034281,1785.0,55.9,179.6,13.3,20.0,20260907_150254
2026-09-07 15:03:45.234401,1791.25,55.9,179.6,13.3,20.4,20260907_150254
2026-09-07 15:03:45.434535,1782.75,55.9,179.6,13.7,20.4,20260907_150254
2026-09-07 15:03:45.634679,1770.25,55.9,179.6,13.7,20.4,20260907_150254
2026-09-07 15:03:45.834806,1763.25,55.9,179.6,13.7,20.0,20260907_150254
2026-09-07 15:03:46.034962,1764.75,55.9,179.6,13.7,20.0,20260907_150254
2026-09-07 15:03:46.235081,1761.5,55.9,179.6,13.7,20.8,20260907_150254
2026-09-07 15:03:46.435210,1766.25,55.9,177.8,15.3,21.2,20260907_150254
2026-09-07 15:03:46.635355,1764.0,55.9,177.8,16.1,21.2,20260907_150254
2026-09-07 15:03:46.835469,1767.0,55.9,177.8,16.9,21.2,20260907_150254
2026-09-07 15:03:47.035587,1760.0,55.3,177.8,16.5,21.2,20260907_150254
2026-09-07 15:03:47.235710,1759.25,55.9,177.8,16.9,21.6,20260907_150254
2026-09-07 15:03:47.435839,1761.5,55.9,176.0,16.9,21.2,20260907_150254
2026-09-07 15:03:47.635972,1760.75,55.3,176.0,16.9,21.2,20260907_150254
2026-09-07 15:03:47.836105,1761.5,55.9,176.0,16.9,21.2,20260907_150254
2026-09-07 15:03:48.036242,1764.75,55.9,176.0,17.6,22.4,20260907_150254
2026-09-07 15:03:48.236374,1763.25,55.9,176.0,18.8,22.4,20260907_150254
2026-09-07 15:03:48.436509,1767.75,55.9,176.0,18.4,22.0,20260907_150254
2026-09-07 15:03:48.636646,1769.5,55.9,174.2,18.4,22.0,20260907_150254
2026-09-07 15:03:48.836785,1769.5,55.9,174.2,18.4,22.4,20260907_150254
2026-09-07 15:03:49.036919,1767.75,55.9,174.2,18.4,22.0,20260907_150254
2026-09-07 15:03:49.237051,1771.75,55.9,174.2,18.4,22.0,20260907_150254
2026-09-07 15:03:49.437198,1771.0,55.9,174.2,18.0,20.8,20260907_150254
2026-09-07 15:03:49.637341,1764.0,55.9,174.2,14.5,18.8,20260907_150254
2026-09-07 15:03:49.837526,1772.5,55.9,174.2,13.3,20.4,20260907_150254
2026-09-07 15:03:50.037664,1773.25,55.9,174.2,14.1,20.0,20260907_150254
2026-09-07 15:03:50.237789,1771.75,55.9,174.2,14.1,20.0,20260907_150254
2026-09-07 15:03:50.437926,1771.75,55.9,174.2,14.5,20.0,20260907_150254
2026-09-07 15:03:50.638037,1770.25,55.9,174.2,13.7,19.6,20260907_150254
2026-09-07 15:03:50.838203,1767.75,55.9,174.2,11.8,17.6,20260907_150254
2026-09-07 15:03:51.038327,1765.5,55.9,174.2,8.2,16.5,20260907_150254
2026-09-07 15:03:51.238454,1744.5,55.9,174.2,6.7,17.6,20260907_150254
2026-09-07 15:03:51.438582,1739.0,55.9,174.2,6.3,17.6,20260907_150254
2026-09-07 15:03:51.638704,1753.75,55.3,174.2,6.3,17.3,20260907_150254
2026-09-07 15:03:51.838807,1753.75,55.3,174.2,6.3,17.6,20260907_150254
2026-09-07 15:03:52.038930,1747.5,55.3,174.2,6.3,17.3,20260907_150254
2026-09-07 15:03:52.239075,1759.25,55.3,174.2,5.9,17.6,20260907_150254
2026-09-07 15:03:52.439193,1745.25,55.3,174.2,5.9,17.3,20260907_150254
2026-09-07 15:03:52.639305,1748.25,55.3,174.2,5.9,18.4,20260907_150254
2026-09-07 15:03:52.839459,1744.5,55.3,174.2,7.1,18.0,20260907_150254
2026-09-07 15:03:53.039588,1750.0,55.3,174.2,7.8,18.8,20260907_150254
2026-09-07 15:03:53.239709,1750.0,55.3,176.0,9.0,18.4,20260907_150254
2026-09-07 15:03:53.439839,1746.0,55.3,176.0,8.6,18.8,20260907_150254
2026-09-07 15:03:53.639965,1755.25,55.3,176.0,9.8,18.4,20260907_150254
2026-09-07 15:03:53.840121,1760.0,55.3,176.0,9.4,18.4,20260907_150254
2026-09-07 15:03:54.040256,1754.5,55.3,176.0,9.4,18.0,20260907_150254
2026-09-07 15:03:54.240372,1739.75,55.3,176.0,8.2,18.0,20260907_150254
2026-09-07 15:03:54.440512,1738.25,54.7,176.0,8.2,18.0,20260907_150254
2026-09-07 15:03:54.640635,1735.75,54.7,176.0,8.6,18.0,20260907_150254
2026-09-07 15:03:54.840763,1738.25,54.7,176.0,11.4,20.4,20260907_150254
2026-09-07 15:03:55.040905,1735.75,54.7,176.0,13.7,21.2,20260907_150254
2026-09-07 15:03:55.241034,1737.5,54.7,176.0,16.1,20.8,20260907_150254
2026-09-07 15:03:55.441165,1739.75,54.7,176.0,15.7,20.8,20260907_150254
2026-09-07 15:03:55.641275,1741.25,54.7,176.0,15.7,20.4,20260907_150254
2026-09-07 15:03:55.841451,1734.25,54.7,176.0,15.7,20.4,20260907_150254
2026-09-07 15:03:56.041597,1741.25,54.7,176.0,15.7,20.8,20260907_150254
2026-09-07 15:03:56.241728,1744.5,54.7,176.0,15.7,20.8,20260907_150254
2026-09-07 15:03:56.441852,1745.25,55.3,176.0,15.7,20.8,20260907_150254
2026-09-07 15:03:56.641992,1742.75,54.7,176.0,15.7,20.8,20260907_150254
2026-09-07 15:03:56.842112,1748.25,55.3,176.0,16.1,21.2,20260907_150254
2026-09-07 15:03:57.042250,1741.25,55.3,176.0,16.9,21.2,20260907_150254
2026-09-07 15:03:57.242373,1744.5,55.3,176.0,16.5,21.2,20260907_150254
2026-09-07 15:03:57.442514,1751.5,55.3,176.0,16.5,21.2,20260907_150254
2026-09-07 15:03:57.642672,1749.0,55.3,176.0,16.5,21.2,20260907_150254
2026-09-07 15:03:57.842782,1750.75,55.3,176.0,16.5,21.2,20260907_150254
2026-09-07 15:03:58.042929,1749.0,55.3,176.0,16.5,21.2,20260907_150254
2026-09-07 15:03:58.243040,1751.5,55.3,176.0,17.3,21.6,20260907_150254
2026-09-07 15:03:58.443184,1753.75,55.3,176.0,18.0,22.4,20260907_150254
2026-09-07 15:03:58.643341,1753.0,55.3,176.0,18.8,23.1,20260907_150254
2026-09-07 15:03:58.843461,1759.25,55.3,176.0,20.4,23.5,20260907_150254
2026-09-07 15:03:59.043590,1762.5,55.9,177.8,21.2,24.7,20260907_150254
2026-09-07 15:03:59.243718,1764.75,55.9,177.8,25.1,27.8,20260907_150254
2026-09-07 15:03:59.443867,1768.75,55.9,177.8,31.4,28.6,20260907_150254
2026-09-07 15:03:59.643991,1771.75,55.9,177.8,32.2,28.2,20260907_150254
2026-09-07 15:03:59.844118,1773.25,55.9,177.8,32.9,29.4,20260907_150254
2026-09-07 15:04:00.044250,1777.25,55.9,177.8,33.3,29.4,20260907_150254
2026-09-07 15:04:00.244408,1778.75,55.9,177.8,34.5,30.2,20260907_150254
2026-09-07 15:04:00.444540,1781.25,56.5,177.8,34.9,29.8,20260907_150254
2026-09-07 15:04:00.644659,1785.75,56.5,177.8,35.7,36.1,20260907_150254
2026-09-07 15:04:00.844793,1794.5,56.5,177.8,40.0,39.6,20260907_150254
2026-09-07 15:04:01.044932,1783.5,56.5,177.8,41.2,39.6,20260907_150254
2026-09-07 15:04:01.245086,1800.0,56.5,177.8,42.0,40.4,20260907_150254
2026-09-07 15:04:01.445209,1792.0,56.5,179.6,45.1,43.1,20260907_150254
2026-09-07 15:04:01.645318,1813.25,56.5,179.6,49.4,45.1,20260907_150254
2026-09-07 15:04:01.845474,1819.5,57.2,179.6,50.2,40.8,20260907_150254
2026-09-07 15:04:02.045625,1820.25,57.2,179.6,48.6,40.4,20260907_150254
2026-09-07 15:04:02.245754,1832.0,57.2,179.6,50.6,42.0,20260907_150254
2026-09-07 15:04:02.446601,1835.75,57.2,179.6,51.8,41.6,20260907_150254
2026-09-07 15:04:02.646694,1840.5,57.8,179.6,51.8,41.6,20260907_150254
2026-09-07 15:04:02.846819,1847.5,57.8,179.6,,48.6,20260907_150254
2026-09-07 15:04:03.180749,1859.25,57.8,181.4,63.1,48.2,20260907_150254
2026-09-07 15:04:03.380900,1858.5,57.8,181.4,65.1,45.5,20260907_150254
2026-09-07 15:04:03.581009,1867.0,58.4,181.4,65.5,44.3,20260907_150254
2026-09-07 15:04:03.781181,1871.0,58.4,181.4,65.1,43.9,20260907_150254
2026-09-07 15:04:03.981318,1875.75,58.4,181.4,63.9,43.1,20260907_150254
2026-09-07 15:04:04.181503,1878.75,58.4,181.4,63.1,38.8,20260907_150254
2026-09-07 15:04:04.381618,1878.0,58.4,181.4,58.8,37.6,20260907_150254
2026-09-07 15:04:04.581763,1876.5,59.0,181.4,54.9,31.8,20260907_150254
2026-09-07 15:04:04.781892,1892.0,59.0,183.2,51.4,33.7,20260907_150254
2026-09-07 15:04:04.982014,1907.75,59.0,183.2,52.2,36.9,20260907_150254
2026-09-07 15:04:05.182177,1902.25,59.0,183.2,52.5,38.4,20260907_150254
2026-09-07 15:04:05.382309,1888.25,59.0,183.2,48.6,32.9,20260907_150254
2026-09-07 15:04:05.582445,1896.0,59.0,183.2,48.6,34.5,20260907_150254
2026-09-07 15:04:05.782607,1910.0,59.7,183.2,48.6,36.9,20260907_150254
2026-09-07 15:04:05.982724,1893.75,59.7,183.2,42.7,27.1,20260907_150254
2026-09-07 15:04:06.182864,1902.25,59.7,185.0,37.6,27.1,20260907_150254
2026-09-07 15:04:06.382994,1878.0,59.0,185.0,29.0,24.3,20260907_150254
2026-09-07 15:04:06.583101,1886.5,59.0,185.0,27.5,25.9,20260907_150254
2026-09-07 15:04:06.783236,1871.0,59.7,185.0,33.7,28.2,20260907_150254
2026-09-07 15:04:06.983372,1873.25,59.0,185.0,33.7,28.2,20260907_150254
2026-09-07 15:04:07.183482,1866.25,59.0,185.0,30.2,25.5,20260907_150254
2026-09-07 15:04:07.383609,1866.25,59.0,185.0,26.7,25.9,20260907_150254
2026-09-07 15:04:07.583752,1868.75,59.0,185.0,26.7,25.5,20260907_150254
2026-09-07 15:04:07.783872,1857.75,59.0,185.0,26.7,25.5,20260907_150254
2026-09-07 15:04:07.984011,1860.75,59.0,185.0,26.7,25.5,20260907_150254
2026-09-07 15:04:08.184130,1861.5,58.4,185.0,26.3,25.5,20260907_150254
2026-09-07 15:04:08.384264,1855.25,58.4,185.0,26.3,25.5,20260907_150254
2026-09-07 15:04:08.584411,1852.25,58.4,185.0,23.9,24.7,20260907_150254
2026-09-07 15:04:08.784518,1850.75,58.4,186.8,23.9,24.3,20260907_150254
2026-09-07 15:04:08.984672,1849.0,58.4,186.8,23.1,24.3,20260907_150254
2026-09-07 15:04:09.184800,1845.25,58.4,186.8,22.7,24.3,20260907_150254
2026-09-07 15:04:09.384920,1850.75,58.4,186.8,25.1,25.9,20260907_150254
2026-09-07 15:04:09.585048,1853.75,57.8,186.8,26.3,25.9,20260907_150254
2026-09-07 15:04:09.785175,1756.25,57.8,186.8,26.3,26.7,20260907_150254
2026-09-07 15:04:09.985304,1596.75,57.8,186.8,32.5,27.5,20260907_150254
2026-09-07 15:04:10.185482,1564.75,57.8,186.8,39.6,32.2,20260907_150254
2026-09-07 15:04:10.385609,1567.0,57.8,186.8,42.4,34.5,20260907_150254
2026-09-07 15:04:10.585742,1530.25,57.8,186.8,43.9,36.1,20260907_150254
2026-09-07 15:04:10.785871,1541.25,57.8,186.8,45.9,38.8,20260907_150254
2026-09-07 15:04:10.986003,1528.75,57.8,186.8,47.5,37.3,20260907_150254
2026-09-07 15:04:11.186124,1521.75,57.8,186.8,46.7,35.7,20260907_150254
2026-09-07 15:04:11.386262,1521.0,57.8,186.8,45.5,32.9,20260907_150254
2026-09-07 15:04:11.586390,1519.5,57.8,186.8,43.1,29.4,20260907_150254
2026-09-07 15:04:11.786525,1521.75,57.8,186.8,41.6,30.6,20260907_150254
2026-09-07 15:04:11.986682,1528.0,57.8,186.8,42.7,33.3,20260907_150254
2026-09-07 15:04:12.186826,1524.0,57.8,186.8,44.7,33.7,20260907_150254
2026-09-07 15:04:12.386929,1520.25,57.8,186.8,45.1,33.7,20260907_150254
2026-09-07 15:04:12.587066,1518.75,57.8,186.8,45.1,34.1,20260907_150254
2026-09-07 15:04:12.787193,1519.5,57.8,186.8,45.5,34.5,20260907_150254
2026-09-07 15:04:12.987334,1518.75,57.8,186.8,45.9,34.5,20260907_150254
2026-09-07 15:04:13.187465,1518.75,57.8,186.8,45.1,33.3,20260907_150254
2026-09-07 15:04:13.387586,1516.25,57.8,186.8,45.1,34.1,20260907_150254
2026-09-07 15:04:13.587705,1514.0,57.2,186.8,46.3,35.3,20260907_150254
2026-09-07 15:04:13.787842,1519.5,57.2,186.8,45.9,35.7,20260907_150254
2026-09-07 15:04:13.987968,1517.0,57.2,186.8,45.9,36.1,20260907_150254
2026-09-07 15:04:14.188222,1516.25,57.2,186.8,46.3,37.6,20260907_150254
2026-09-07 15:04:14.388328,1511.5,57.2,186.8,46.7,36.5,20260907_150254
2026-09-07 15:04:14.588465,1510.0,57.2,186.8,46.7,36.1,20260907_150254
2026-09-07 15:04:14.788608,1508.5,57.2,186.8,46.7,36.1,20260907_150254
2026-09-07 15:04:14.988778,1512.5,57.2,186.8,43.1,26.3,20260907_150254
2026-09-07 15:04:15.188915,1489.0,57.2,186.8,33.3,23.5,20260907_150254
2026-09-07 15:04:15.389073,1488.25,57.2,186.8,29.8,22.0,20260907_150254
2026-09-07 15:04:15.589200,1485.75,57.2,186.8,26.7,22.4,20260907_150254
2026-09-07 15:04:15.789333,1480.25,57.2,186.8,26.3,22.4,20260907_150254
2026-09-07 15:04:15.989485,1475.0,56.5,186.8,25.9,22.0,20260907_150254
2026-09-07 15:04:16.189624,1474.0,56.5,186.8,25.5,22.4,20260907_150254
2026-09-07 15:04:16.389743,1467.0,56.5,186.8,28.6,25.5,20260907_150254
2026-09-07 15:04:16.589869,1530.25,56.5,186.8,40.8,32.5,20260907_150254
2026-09-07 15:04:16.789980,1508.5,56.5,186.8,43.5,32.5,20260907_150254
2026-09-07 15:04:16.990123,1499.0,56.5,186.8,43.9,32.5,20260907_150254
2026-09-07 15:04:17.190244,1489.75,56.5,186.8,45.9,36.9,20260907_150254
2026-09-07 15:04:17.390358,1509.25,56.5,186.8,49.4,40.0,20260907_150254
2026-09-07 15:04:17.590488,1498.25,56.5,186.8,54.1,51.0,20260907_150254
2026-09-07 15:04:17.790614,1496.0,56.5,186.8,56.9,58.8,20260907_150254
2026-09-07 15:04:17.990729,1496.75,56.5,186.8,58.4,58.8,20260907_150254
2026-09-07 15:04:18.190841,1502.25,56.5,186.8,61.2,54.5,20260907_150254
2026-09-07 15:04:18.390973,1507.0,56.5,186.8,65.5,54.5,20260907_150254
2026-09-07 15:04:18.591100,1525.0,56.5,186.8,67.5,55.7,20260907_150254
2026-09-07 15:04:18.791234,1540.5,56.5,185.0,71.4,56.9,20260907_150254
2026-09-07 15:04:18.991365,1514.0,56.5,185.0,74.1,57.6,20260907_150254
2026-09-07 15:04:19.191481,1519.5,56.5,186.8,76.5,56.5,20260907_150254
2026-09-07 15:04:19.391618,1521.75,56.5,186.8,78.4,56.5,20260907_150254
2026-09-07 15:04:19.591756,1536.5,56.5,185.0,80.8,52.9,20260907_150254
2026-09-07 15:04:19.791886,1538.25,56.5,185.0,82.4,48.2,20260907_150254
2026-09-07 15:04:19.992033,1514.0,57.2,185.0,82.4,47.5,20260907_150254
2026-09-07 15:04:20.192160,1503.75,57.2,185.0,80.8,45.5,20260907_150254
2026-09-07 15:04:20.392285,1517.75,57.2,185.0,78.4,45.5,20260907_150254
2026-09-07 15:04:20.592418,1513.25,57.2,185.0,67.5,26.7,20260907_150254
2026-09-07 15:04:20.792546,1482.75,57.2,186.8,49.0,25.5,20260907_150254
2026-09-07 15:04:20.992669,1507.0,56.5,186.8,45.9,25.1,20260907_150254
2026-09-07 15:04:21.192806,1498.25,56.5,186.8,42.0,26.7,20260907_150254
2026-09-07 15:04:21.392928,1547.5,56.5,186.8,47.5,34.1,20260907_150254
2026-09-07 15:04:21.593054,1526.5,56.5,186.8,54.9,43.1,20260907_150254
2026-09-07 15:04:21.793189,1519.5,56.5,186.8,60.0,49.8,20260907_150254
2026-09-07 15:04:21.993324,1509.25,56.5,186.8,62.4,49.4,20260907_150254
2026-09-07 15:04:22.193496,1506.25,56.5,186.8,58.4,29.4,20260907_150254
2026-09-07 15:04:22.393679,1510.75,56.5,186.8,54.1,30.6,20260907_150254
2026-09-07 15:04:22.593788,1510.75,57.2,186.8,53.3,34.1,20260907_150254
2026-09-07 15:04:22.793910,1503.0,56.5,186.8,50.6,31.0,20260907_150254
2026-09-07 15:04:22.994047,,56.5,186.8,38.0,25.5,20260907_150254
2026-09-07 15:04:23.328479,1500.75,56.5,186.8,38.0,25.5,20260907_150254
2026-09-07 15:04:23.528630,1514.75,56.5,186.8,37.6,25.9,20260907_150254
2026-09-07 15:04:23.728765,1513.25,56.5,186.8,39.2,27.1,20260907_150254
2026-09-07 15:04:23.928909,1503.75,56.5,186.8,40.0,28.2,20260907_150254
2026-09-07 15:04:24.129031,1503.75,56.5,186.8,42.0,29.0,20260907_150254
2026-09-07 15:04:24.329157,1488.25,56.5,186.8,42.7,29.0,20260907_150254
2026-09-07 15:04:24.529309,1490.5,55.9,186.8,42.7,29.8,20260907_150254
2026-09-07 15:04:24.729525,1493.75,55.9,186.8,43.5,31.0,20260907_150254
2026-09-07 15:04:24.929646,1493.75,56.5,186.8,44.3,32.2,20260907_150254
2026-09-07 15:04:25.129759,1485.75,55.9,186.8,45.9,35.3,20260907_150254
2026-09-07 15:04:25.329900,1512.5,56.5,186.8,50.2,40.4,20260907_150254
2026-09-07 15:04:25.530031,1485.0,55.9,186.8,53.7,42.7,20260907_150254
2026-09-07 15:04:25.730167,1482.75,55.9,186.8,56.9,55.7,20260907_150254
2026-09-07 15:04:25.930316,1485.0,55.9,186.8,59.6,67.5,20260907_150254
2026-09-07 15:04:26.130429,1483.5,55.9,186.8,64.3,67.1,20260907_150254
2026-09-07 15:04:26.330548,1488.25,55.9,186.8,66.7,66.7,20260907_150254
2026-09-07 15:04:26.530671,1509.25,55.9,186.8,68.6,65.1,20260907_150254
2026-09-07 15:04:26.730800,1547.5,55.9,186.8,69.8,62.7,20260907_150254
2026-09-07 15:04:26.930946,1517.75,55.9,185.0,73.3,59.6,20260907_150254
2026-09-07 15:04:27.131097,1526.5,56.5,185.0,75.3,30.2,20260907_150254
2026-09-07 15:04:27.331248,1468.75,56.5,185.0,55.7,26.7,20260907_150254
2026-09-07 15:04:27.531354,1481.25,56.5,185.0,50.6,25.9,20260907_150254
2026-09-07 15:04:27.731500,1468.75,55.9,185.0,42.0,22.0,20260907_150254
2026-09-07 15:04:27.931635,1460.75,55.9,185.0,30.2,19.2,20260907_150254
2026-09-07 15:04:28.131766,1455.25,55.9,185.0,20.8,20.4,20260907_150254
2026-09-07 15:04:28.331890,1450.75,55.9,185.0,22.4,20.0,20260907_150254
2026-09-07 15:04:28.532015,1445.25,55.3,185.0,22.0,20.0,20260907_150254
2026-09-07 15:04:28.732143,1441.25,55.3,185.0,21.6,20.4,20260907_150254
2026-09-07 15:04:28.932266,1435.0,55.3,185.0,21.6,20.4,20260907_150254
2026-09-07 15:04:29.132422,1433.5,55.3,185.0,21.6,20.0,20260907_150254
2026-09-07 15:04:29.332539,1433.5,54.7,185.0,22.0,20.4,20260907_150254
2026-09-07 15:04:29.532670,1425.75,54.7,185.0,23.9,20.8,20260907_150254
2026-09-07 15:04:29.732795,1419.5,54.7,185.0,23.9,20.8,20260907_150254
2026-09-07 15:04:29.932916,1421.0,54.7,185.0,25.1,22.4,20260907_150254
2026-09-07 15:04:30.133041,1419.5,54.7,183.2,28.2,23.9,20260907_150254
2026-09-07 15:04:30.333173,1418.75,54.7,183.2,36.5,26.3,20260907_150254
2026-09-07 15:04:30.533298,1412.5,54.7,183.2,41.6,27.8,20260907_150254
2026-09-07 15:04:30.733493,1597.5,54.1,183.2,40.8,30.2,20260907_150254
2026-09-07 15:04:30.933621,1903.0,54.1,183.2,34.9,38.0,20260907_150254
2026-09-07 15:04:31.133727,1946.0,54.1,183.2,39.6,40.0,20260907_150254
2026-09-07 15:04:31.333874,1807.0,54.1,183.2,39.2,38.8,20260907_150254
2026-09-07 15:04:31.534000,1740.5,54.7,183.2,39.2,38.4,20260907_150254
2026-09-07 15:04:31.734136,1724.0,54.7,181.4,38.8,35.7,20260907_150254
2026-09-07 15:04:31.934275,1719.5,54.7,181.4,38.4,34.9,20260907_150254
2026-09-07 15:04:32.134391,1720.25,54.7,181.4,32.9,27.8,20260907_150254
2026-09-07 15:04:32.334519,1725.0,54.7,181.4,32.5,27.8,20260907_150254
2026-09-07 15:04:32.534664,1714.75,54.1,181.4,28.2,25.5,20260907_150254
2026-09-07 15:04:32.734798,1716.25,54.1,181.4,27.8,25.9,20260907_150254
2026-09-07 15:04:32.934940,1717.0,54.1,179.6,27.5,26.3,20260907_150254
2026-09-07 15:04:33.135060,1717.0,54.1,179.6,30.6,29.0,20260907_150254
2026-09-07 15:04:33.335200,1720.25,54.1,179.6,33.3,28.2,20260907_150254
2026-09-07 15:04:33.535330,1714.75,54.1,179.6,31.4,27.1,20260907_150254
2026-09-07 15:04:33.735441,1715.5,54.1,179.6,30.6,26.7,20260907_150254
2026-09-07 15:04:33.935598,1711.5,54.1,179.6,27.8,25.1,20260907_150254
2026-09-07 15:04:34.135741,1711.5,54.1,179.6,26.7,24.7,20260907_150254
2026-09-07 15:04:34.335856,1707.0,54.1,179.6,25.1,24.3,20260907_150254
2026-09-07 15:04:34.536001,1713.25,54.1,179.6,24.7,24.7,20260907_150254
2026-09-07 15:04:34.736134,1707.75,54.1,179.6,25.9,25.1,20260907_150254
2026-09-07 15:04:34.937823,1705.25,54.1,179.6,26.3,25.1,20260907_150254
2026-09-07 15:04:35.137975,1712.5,54.1,179.6,27.1,27.1,20260907_150254
2026-09-07 15:04:35.338085,1703.0,54.1,177.8,31.8,27.5,20260907_150254
2026-09-07 15:04:35.538289,1704.5,54.1,177.8,29.0,26.3,20260907_150254
2026-09-07 15:04:35.738406,1710.0,54.1,177.8,28.6,26.3,20260907_150254
2026-09-07 15:04:35.938555,1700.75,54.1,177.8,26.7,22.7,20260907_150254
2026-09-07 15:04:36.138680,1690.5,53.4,177.8,18.4,21.6,20260907_150254
2026-09-07 15:04:36.338795,1702.25,53.4,177.8,18.0,21.6,20260907_150254
2026-09-07 15:04:36.538924,1700.75,53.4,177.8,18.0,21.6,20260907_150254
2026-09-07 15:04:36.739178,1687.5,53.4,177.8,18.8,22.4,20260907_150254
2026-09-07 15:04:36.939311,1684.25,53.4,177.8,20.8,23.1,20260907_150254
2026-09-07 15:04:37.139443,1696.75,53.4,177.8,20.8,23.1,20260907_150254
2026-09-07 15:04:37.339556,1685.75,53.4,177.8,20.8,23.1,20260907_150254
2026-09-07 15:04:37.539674,1681.25,53.4,177.8,21.6,23.1,20260907_150254
2026-09-07 15:04:37.739812,1686.5,53.4,177.8,21.6,23.1,20260907_150254
2026-09-07 15:04:37.939953,1678.0,52.8,177.8,21.2,23.1,20260907_150254
2026-09-07 15:04:38.140089,1678.0,52.8,177.8,22.0,23.9,20260907_150254
2026-09-07 15:04:38.340215,1682.0,52.8,177.8,24.3,24.3,20260907_150254
2026-09-07 15:04:38.540340,1675.75,52.8,177.8,25.1,24.7,20260907_150254
2026-09-07 15:04:38.740516,1676.5,52.8,177.8,27.8,25.9,20260907_150254
2026-09-07 15:04:38.940664,1674.0,52.8,177.8,30.2,26.7,20260907_150254
2026-09-07 15:04:39.140793,1678.0,52.8,177.8,30.2,28.6,20260907_150254
2026-09-07 15:04:39.340919,1675.0,52.8,177.8,34.5,29.8,20260907_150254
2026-09-07 15:04:39.541080,1679.5,52.8,177.8,34.9,31.0,20260907_150254
2026-09-07 15:04:39.741177,1674.0,52.8,177.8,36.5,31.8,20260907_150254
2026-09-07 15:04:39.941313,1682.0,52.8,177.8,36.9,34.9,20260907_150254
2026-09-07 15:04:40.141518,1679.5,52.8,177.8,39.2,36.9,20260907_150254
2026-09-07 15:04:40.341642,1680.25,52.8,177.8,38.8,35.7,20260907_150254
2026-09-07 15:04:40.541787,1683.5,52.8,177.8,38.4,31.8,20260907_150254
2026-09-07 15:04:40.741910,1680.25,52.8,177.8,34.5,29.0,20260907_150254
2026-09-07 15:04:40.942024,1682.0,53.4,177.8,34.5,29.8,20260907_150254
2026-09-07 15:04:41.142158,1683.5,52.8,177.8,34.9,29.0,20260907_150254
2026-09-07 15:04:41.342296,1681.25,53.4,177.8,34.5,30.2,20260907_150254
2026-09-07 15:04:41.542408,1685.75,53.4,177.8,35.3,29.8,20260907_150254
2026-09-07 15:04:41.742539,1681.25,53.4,177.8,35.3,30.2,20260907_150254
2026-09-07 15:04:41.942673,1687.5,53.4,177.8,35.3,30.2,20260907_150254
2026-09-07 15:04:42.142827,1685.0,53.4,177.8,35.3,29.8,20260907_150254
2026-09-07 15:04:42.342948,1688.25,53.4,177.8,34.9,29.0,20260907_150254
2026-09-07 15:04:42.543071,1690.5,53.4,177.8,34.5,29.4,20260907_150254
2026-09-07 15:04:42.743191,1691.25,53.4,177.8,34.5,29.4,20260907_150254
2026-09-07 15:04:42.943339,1687.5,53.4,177.8,31.4,25.9,20260907_150254
2026-09-07 15:04:43.143460,1688.25,53.4,177.8,26.7,24.7,20260907_150254
2026-09-07 15:04:43.343616,1690.5,53.4,177.8,25.9,25.5,20260907_150254
2026-09-07 15:04:43.543747,1692.75,53.4,177.8,29.4,27.8,20260907_150254
2026-09-07 15:04:43.743877,1694.5,53.4,177.8,33.7,29.0,20260907_150254
2026-09-07 15:04:43.944025,1690.5,53.4,177.8,34.1,29.0,20260907_150254
2026-09-07 15:04:44.144177,1695.25,53.4,177.8,32.5,28.6,20260907_150254
2026-09-07 15:04:44.344319,1694.5,53.4,177.8,33.3,28.2,20260907_150254
2026-09-07 15:04:44.544446,1693.75,53.4,177.8,32.5,27.5,20260907_150254
2026-09-07 15:04:44.744586,1697.5,53.4,177.8,32.2,27.8,20260907_150254
2026-09-07 15:04:44.944711,1696.75,53.4,177.8,31.8,25.5,20260907_150254
2026-09-07 15:04:45.144845,,53.4,177.8,27.1,25.1,20260907_150254
2026-09-07 15:04:45.477061,1692.0,53.4,177.8,27.1,25.1,20260907_150254
2026-09-07 15:04:45.677183,1692.75,53.4,177.8,27.5,26.7,20260907_150254
2026-09-07 15:04:45.877364,1696.0,53.4,177.8,32.2,29.0,20260907_150254
2026-09-07 15:04:46.077532,1702.25,53.4,177.8,34.1,30.2,20260907_150254
2026-09-07 15:04:46.277688,1696.75,53.4,177.8,36.9,34.5,20260907_150254
2026-09-07 15:04:46.477804,1700.75,53.4,177.8,38.0,35.3,20260907_150254
2026-09-07 15:04:46.677961,1706.25,54.1,177.8,37.3,34.5,20260907_150254
2026-09-07 15:04:46.878092,1703.75,54.1,177.8,38.0,32.2,20260907_150254
2026-09-07 15:04:47.078216,1697.5,54.1,177.8,30.6,22.7,20260907_150254
2026-09-07 15:04:47.278345,1711.5,54.1,177.8,23.1,24.3,20260907_150254
2026-09-07 15:04:47.478471,1692.0,53.4,177.8,23.1,23.9,20260907_150254
2026-09-07 15:04:47.678591,1701.5,53.4,177.8,22.4,23.9,20260907_150254
2026-09-07 15:04:47.878732,1703.0,53.4,177.8,22.4,23.9,20260907_150254
2026-09-07 15:04:48.078867,1696.75,53.4,177.8,20.4,23.1,20260907_150254
2026-09-07 15:04:48.279010,1693.75,53.4,177.8,20.4,23.1,20260907_150254
2026-09-07 15:04:48.479152,1697.5,53.4,177.8,20.4,23.1,20260907_150254
2026-09-07 15:04:48.679275,1696.0,53.4,177.8,20.4,23.1,20260907_150254
2026-09-07 15:04:48.879421,1690.5,53.4,177.8,21.2,23.5,20260907_150254
2026-09-07 15:04:49.079574,1699.0,53.4,177.8,22.0,23.5,20260907_150254
2026-09-07 15:04:49.279693,1690.5,53.4,177.8,22.0,23.5,20260907_150254
2026-09-07 15:04:49.479805,1691.25,53.4,177.8,22.4,23.9,20260907_150254
2026-09-07 15:04:49.679954,1692.75,53.4,177.8,23.9,24.3,20260907_150254
2026-09-07 15:04:49.880109,1691.25,53.4,177.8,24.3,24.3,20260907_150254
2026-09-07 15:04:50.080225,1689.75,53.4,177.8,24.7,24.3,20260907_150254
2026-09-07 15:04:50.280374,1692.75,53.4,177.8,24.3,24.3,20260907_150254
2026-09-07 15:04:50.480497,1689.75,53.4,177.8,23.9,23.9,20260907_150254
2026-09-07 15:04:50.680624,1692.75,53.4,177.8,23.9,24.3,20260907_150254
2026-09-07 15:04:50.880855,1688.25,53.4,177.8,24.3,24.3,20260907_150254
2026-09-07 15:04:51.080971,1685.0,53.4,177.8,24.3,24.3,20260907_150254
2026-09-07 15:04:51.281109,1692.75,53.4,177.8,24.3,24.3,20260907_150254
2026-09-07 15:04:51.481237,1688.25,53.4,177.8,24.3,24.3,20260907_150254
2026-09-07 15:04:51.681354,1685.0,53.4,177.8,24.3,24.3,20260907_150254
2026-09-07 15:04:51.881476,1689.0,53.4,177.8,24.3,24.7,20260907_150254
2026-09-07 15:04:52.081617,1686.5,53.4,177.8,26.7,26.7,20260907_150254
2026-09-07 15:04:52.281768,1694.5,53.4,177.8,31.8,31.0,20260907_150254
2026-09-07 15:04:52.481889,1699.0,53.4,177.8,37.6,37.6,20260907_150254
2026-09-07 15:04:52.682025,1725.75,53.4,177.8,39.2,40.0,20260907_150254
2026-09-07 15:04:52.882167,1727.25,53.4,177.8,42.4,40.0,20260907_150254
2026-09-07 15:04:53.082307,1720.25,53.4,177.8,42.4,39.2,20260907_150254
2026-09-07 15:04:53.282424,1722.5,54.1,177.8,41.6,38.4,20260907_150254
2026-09-07 15:04:53.482561,1728.0,54.1,177.8,40.8,38.4,20260907_150254
2026-09-07 15:04:53.682682,1735.0,54.1,177.8,40.8,38.8,20260907_150254
2026-09-07 15:04:53.882813,1738.25,54.1,177.8,41.2,38.8,20260907_150254
2026-09-07 15:04:54.082972,1731.25,54.1,177.8,40.8,34.5,20260907_150254
2026-09-07 15:04:54.283120,1718.75,54.1,177.8,33.7,28.2,20260907_150254
2026-09-07 15:04:54.483263,1740.5,54.1,177.8,34.1,27.1,20260907_150254
2026-09-07 15:04:54.683382,1714.0,54.1,177.8,28.6,25.5,20260907_150254
2026-09-07 15:04:54.883528,1720.25,54.1,177.8,28.6,26.3,20260907_150254
2026-09-07 15:04:55.083683,1708.5,54.1,177.8,31.0,27.5,20260907_150254
2026-09-07 15:04:55.283788,1712.5,54.1,177.8,31.8,27.5,20260907_150254
2026-09-07 15:04:55.483935,1710.75,54.1,177.8,31.8,27.5,20260907_150254
2026-09-07 15:04:55.684053,1716.25,54.1,177.8,32.2,27.5,20260907_150254
2026-09-07 15:04:55.884198,1709.25,54.1,177.8,31.0,26.7,20260907_150254
2026-09-07 15:04:56.084377,1714.75,54.1,177.8,31.8,30.6,20260907_150254
2026-09-07 15:04:56.284481,1710.75,54.1,177.8,38.8,38.4,20260907_150254
2026-09-07 15:04:56.484626,1714.75,54.1,177.8,40.4,37.3,20260907_150254
2026-09-07 15:04:56.684756,1726.5,54.1,177.8,39.6,36.1,20260907_150254
2026-09-07 15:04:56.884872,1715.5,54.1,177.8,38.8,34.5,20260907_150254
2026-09-07 15:04:57.085000,1723.25,54.1,177.8,39.2,34.9,20260907_150254
2026-09-07 15:04:57.285124,1721.0,54.7,177.8,39.2,34.5,20260907_150254
2026-09-07 15:04:57.485270,1720.25,54.7,177.8,34.5,28.6,20260907_150254
2026-09-07 15:04:57.685435,1724.0,54.7,177.8,33.3,27.1,20260907_150254
2026-09-07 15:04:57.885553,1721.75,54.7,177.8,28.6,25.5,20260907_150254
2026-09-07 15:04:58.085688,1722.5,54.7,177.8,27.5,25.5,20260907_150254
2026-09-07 15:04:58.285814,1724.0,54.7,177.8,27.1,25.5,20260907_150254
2026-09-07 15:04:58.485932,1721.0,54.7,177.8,27.1,25.9,20260907_150254
2026-09-07 15:04:58.686096,1722.5,54.7,177.8,27.8,25.9,20260907_150254
2026-09-07 15:04:58.886228,1724.0,54.7,177.8,29.8,27.5,20260907_150254
2026-09-07 15:04:59.086349,1725.75,54.7,177.8,35.3,34.1,20260907_150254
2026-09-07 15:04:59.286481,1725.0,54.7,177.8,38.0,36.1,20260907_150254
2026-09-07 15:04:59.486591,1728.75,54.7,177.8,39.2,38.8,20260907_150254
2026-09-07 15:04:59.686743,1725.0,54.7,177.8,39.6,38.0,20260907_150254
2026-09-07 15:04:59.886879,1731.25,54.7,177.8,38.8,31.0,20260907_150254
2026-09-07 15:05:00.086999,1732.75,54.7,177.8,34.5,30.2,20260907_150254
2026-09-07 15:05:00.287123,1732.75,54.7,177.8,34.9,30.2,20260907_150254
2026-09-07 15:05:00.487274,1738.25,54.7,177.8,35.3,30.2,20260907_150254
2026-09-07 15:05:00.687377,1735.75,54.7,177.8,35.7,30.6,20260907_150254
2026-09-07 15:05:00.887515,1739.0,54.7,177.8,35.3,30.6,20260907_150254
2026-09-07 15:05:01.087644,1742.75,54.7,177.8,35.7,30.6,20260907_150254
2026-09-07 15:05:01.287770,1740.5,54.7,177.8,35.3,28.6,20260907_150254
2026-09-07 15:05:01.487895,1743.75,54.7,177.8,28.6,25.1,20260907_150254
2026-09-07 15:05:01.688025,1731.25,54.7,177.8,24.7,24.3,20260907_150254
2026-09-07 15:05:01.888160,1736.5,54.7,177.8,23.9,24.3,20260907_150254
2026-09-07 15:05:02.088294,1732.0,54.7,177.8,22.7,22.0,20260907_150254
2026-09-07 15:05:02.288408,1732.75,54.7,177.8,18.4,22.0,20260907_150254
2026-09-07 15:05:02.488546,1725.75,54.7,177.8,18.0,22.0,20260907_150254
2026-09-07 15:05:02.688675,1725.0,54.7,177.8,18.0,22.0,20260907_150254
2026-09-07 15:05:02.888812,1725.0,54.7,177.8,18.0,22.0,20260907_150254
2026-09-07 15:05:03.088931,1724.0,54.7,177.8,18.8,22.4,20260907_150254
2026-09-07 15:05:03.289036,1717.0,54.7,177.8,21.2,23.1,20260907_150254
2026-09-07 15:05:03.489172,1721.75,54.7,177.8,20.8,23.9,20260907_150254
2026-09-07 15:05:03.689327,1721.75,54.7,177.8,24.7,25.9,20260907_150254
2026-09-07 15:05:03.889456,1725.75,54.7,177.8,27.5,25.9,20260907_150254
2026-09-07 15:05:04.089576,1729.5,54.7,177.8,31.0,28.6,20260907_150254
2026-09-07 15:05:04.289702,1728.0,54.7,177.8,34.5,29.4,20260907_150254
2026-09-07 15:05:04.489824,1728.75,54.7,177.8,33.3,24.3,20260907_150254
2026-09-07 15:05:04.689936,1726.5,54.7,176.0,25.9,24.7,20260907_150254
2026-09-07 15:05:04.890085,1727.25,54.7,177.8,23.9,23.5,20260907_150254
2026-09-07 15:05:05.090213,1728.75,54.7,176.0,22.4,23.5,20260907_150254
2026-09-07 15:05:05.290341,1726.5,54.7,176.0,22.0,23.5,20260907_150254
2026-09-07 15:05:05.490492,1732.0,54.7,176.0,21.6,23.1,20260907_150254
2026-09-07 15:05:05.690617,1733.5,54.7,176.0,21.2,23.5,20260907_150254
2026-09-07 15:05:05.890722,1729.5,54.7,176.0,21.2,23.5,20260907_150254
2026-09-07 15:05:06.090835,1733.5,54.7,176.0,21.2,22.7,20260907_150254
2026-09-07 15:05:06.290957,1733.5,54.7,176.0,19.2,21.6,20260907_150254
2026-09-07 15:05:06.491089,1732.75,54.7,176.0,16.9,21.2,20260907_150254
2026-09-07 15:05:06.691195,1735.0,54.7,176.0,16.9,19.6,20260907_150254
2026-09-07 15:05:06.891328,1720.25,54.7,176.0,12.2,18.8,20260907_150254
2026-09-07 15:05:07.091454,1722.5,54.7,176.0,8.6,17.3,20260907_150254
2026-09-07 15:05:07.291631,1721.75,54.7,176.0,6.7,17.3,20260907_150254
2026-09-07 15:05:07.491793,1710.75,54.7,176.0,6.3,17.3,20260907_150254
2026-09-07 15:05:07.691915,1717.0,54.7,177.8,6.3,17.3,20260907_150254
2026-09-07 15:05:07.892057,1713.25,54.1,177.8,6.3,17.3,20260907_150254
2026-09-07 15:05:08.092181,1707.0,54.1,177.8,6.3,17.3,20260907_150254
2026-09-07 15:05:08.292309,1698.25,54.1,177.8,6.3,17.3,20260907_150254
2026-09-07 15:05:08.492435,1688.25,53.4,177.8,6.3,17.3,20260907_150254
2026-09-07 15:05:08.692576,1682.75,53.4,177.8,6.3,17.3,20260907_150254
2026-09-07 15:05:08.892712,1671.75,52.8,177.8,6.3,17.3,20260907_150254
2026-09-07 15:05:09.092844,1665.5,52.8,177.8,7.1,17.6,20260907_150254
2026-09-07 15:05:09.292979,1656.25,52.8,177.8,7.5,17.6,20260907_150254
2026-09-07 15:05:09.493125,1649.0,52.2,177.8,7.8,17.6,20260907_150254
2026-09-07 15:05:09.693244,1638.25,52.2,177.8,7.8,17.6,20260907_150254
2026-09-07 15:05:09.893467,1631.25,51.6,177.8,7.8,17.6,20260907_150254
2026-09-07 15:05:10.093587,1624.0,51.6,177.8,8.2,17.6,20260907_150254
2026-09-07 15:05:10.293703,1618.75,51.6,177.8,8.2,17.6,20260907_150254
2026-09-07 15:05:10.493813,1610.0,51.6,177.8,8.2,17.6,20260907_150254
2026-09-07 15:05:10.693949,1602.25,51.0,177.8,8.2,17.6,20260907_150254
2026-09-07 15:05:10.894079,1596.75,51.0,177.8,8.2,17.6,20260907_150254
2026-09-07 15:05:11.094266,1586.5,51.0,177.8,8.6,17.6,20260907_150254
2026-09-07 15:05:11.294388,1580.25,50.3,177.8,8.6,17.6,20260907_150254
2026-09-07 15:05:11.494519,1574.0,50.3,177.8,8.6,17.6,20260907_150254
2026-09-07 15:05:11.694671,1566.25,49.7,177.8,8.6,17.6,20260907_150254
2026-09-07 15:05:11.894806,1559.25,49.7,179.6,8.6,17.6,20260907_150254
2026-09-07 15:05:12.094935,1551.5,49.7,179.6,8.6,17.6,20260907_150254
2026-09-07 15:05:12.295088,1547.5,49.7,179.6,9.0,17.6,20260907_150254
2026-09-07 15:05:12.495218,1548.25,49.7,179.6,9.0,17.6,20260907_150254
2026-09-07 15:05:12.695421,1550.75,49.1,179.6,8.6,17.6,20260907_150254
2026-09-07 15:05:12.895542,1531.25,49.1,179.6,9.0,17.6,20260907_150254
2026-09-07 15:05:13.095687,1542.75,49.1,179.6,9.0,17.6,20260907_150254
2026-09-07 15:05:13.295814,1537.5,49.1,179.6,9.0,17.6,20260907_150254
2026-09-07 15:05:13.495912,1534.25,49.1,179.6,9.0,17.6,20260907_150254
2026-09-07 15:05:13.696058,1536.5,49.1,179.6,9.0,17.6,20260907_150254
2026-09-07 15:05:13.896202,1535.0,49.1,179.6,9.0,17.6,20260907_150254
2026-09-07 15:05:14.096307,1536.5,49.1,179.6,9.0,17.6,20260907_150254
2026-09-07 15:05:14.296424,1537.5,49.1,179.6,9.0,17.6,20260907_150254
2026-09-07 15:05:14.496547,1536.5,49.1,179.6,9.0,17.6,20260907_150254
2026-09-07 15:05:14.696725,1535.0,49.1,179.6,9.0,17.6,20260907_150254
2026-09-07 15:05:14.896903,1532.0,49.1,181.4,9.0,17.6,20260907_150254
2026-09-07 15:05:15.097032,1532.0,49.1,181.4,9.0,17.6,20260907_150254
2026-09-07 15:05:15.297137,1532.75,49.1,,9.0,17.6,20260907_150254
2026-09-07 15:05:15.633892,1529.5,48.5,181.4,9.0,17.6,20260907_150254
2026-09-07 15:05:15.834037,1529.5,49.1,181.4,9.0,17.6,20260907_150254
2026-09-07 15:05:16.034172,1525.75,48.5,181.4,9.0,17.6,20260907_150254
2026-09-07 15:05:16.234291,1523.25,49.1,181.4,9.0,17.6,20260907_150254
2026-09-07 15:05:16.434415,1521.75,48.5,181.4,9.0,17.6,20260907_150254
2026-09-07 15:05:16.634564,1521.0,48.5,181.4,9.0,17.6,20260907_150254
2026-09-07 15:05:16.834688,1553.75,48.5,181.4,8.2,16.5,20260907_150254
2026-09-07 15:05:17.034823,1548.25,48.5,181.4,7.1,16.9,20260907_150254
2026-09-07 15:05:17.234945,1542.75,48.5,181.4,7.5,16.9,20260907_150254
2026-09-07 15:05:17.435078,1533.5,48.5,181.4,7.5,16.9,20260907_150254
2026-09-07 15:05:17.635188,1505.25,48.5,181.4,7.8,16.9,20260907_150254
2026-09-07 15:05:17.835314,1518.75,48.5,181.4,7.5,16.9,20260907_150254
2026-09-07 15:05:18.035459,1524.0,48.5,181.4,7.5,16.9,20260907_150254
2026-09-07 15:05:18.235562,1518.75,48.5,181.4,7.5,16.9,20260907_150254
2026-09-07 15:05:18.435735,1517.75,48.5,181.4,7.5,16.9,20260907_150254
2026-09-07 15:05:18.635862,1515.5,48.5,181.4,7.5,16.9,20260907_150254
2026-09-07 15:05:18.835991,1547.5,48.5,181.4,7.1,17.6,20260907_150254
2026-09-07 15:05:19.036178,1548.25,48.5,183.2,8.6,17.6,20260907_150254
2026-09-07 15:05:19.236316,1532.75,48.5,183.2,9.8,19.2,20260907_150254
2026-09-07 15:05:19.436421,1553.75,48.5,183.2,14.1,20.4,20260907_150254
2026-09-07 15:05:19.636559,1571.0,48.5,183.2,16.9,20.4,20260907_150254
2026-09-07 15:05:19.836689,1560.75,48.5,183.2,16.5,20.0,20260907_150254
2026-09-07 15:05:20.036817,1545.25,48.5,183.2,16.1,19.6,20260907_150254
2026-09-07 15:05:20.236972,1552.25,48.5,183.2,15.3,19.6,20260907_150254
2026-09-07 15:05:20.437107,1559.25,48.5,183.2,14.5,19.6,20260907_150254
2026-09-07 15:05:20.637243,1553.75,48.5,183.2,14.9,20.0,20260907_150254
2026-09-07 15:05:20.837442,1553.0,48.5,183.2,17.3,20.4,20260907_150254
2026-09-07 15:05:21.037511,1554.5,49.1,183.2,20.8,21.2,20260907_150254
2026-09-07 15:05:21.237620,1546.75,49.1,183.2,20.8,21.2,20260907_150254
2026-09-07 15:05:21.437764,1550.0,49.1,183.2,20.4,21.2,20260907_150254
2026-09-07 15:05:21.637900,1559.25,49.1,183.2,20.4,22.4,20260907_150254
2026-09-07 15:05:21.838031,1560.0,49.1,183.2,22.7,23.5,20260907_150254
2026-09-07 15:05:22.038158,1560.75,49.1,183.2,26.3,23.9,20260907_150254
2026-09-07 15:05:22.238290,1568.75,49.7,183.2,27.1,23.9,20260907_150254
2026-09-07 15:05:22.438767,1574.0,49.7,183.2,26.7,23.9,20260907_150254
2026-09-07 15:05:22.638892,1571.0,49.7,183.2,27.1,23.9,20260907_150254
2026-09-07 15:05:22.839005,1580.25,49.7,183.2,28.6,25.5,20260907_150254
2026-09-07 15:05:23.039147,1585.0,50.3,183.2,32.2,25.9,20260907_150254
2026-09-07 15:05:23.239265,1592.75,50.3,183.2,32.9,27.5,20260907_150254
2026-09-07 15:05:23.439393,1597.5,50.3,183.2,36.9,28.2,20260907_150254
2026-09-07 15:05:23.639520,1608.5,51.0,185.0,36.5,28.6,20260907_150254
2026-09-07 15:05:23.839645,1610.0,51.0,185.0,36.5,29.0,20260907_150254
2026-09-07 15:05:24.039771,1613.25,51.0,185.0,35.7,27.8,20260907_150254
2026-09-07 15:05:24.239918,1615.5,51.0,185.0,33.3,25.9,20260907_150254
2026-09-07 15:05:24.440031,1623.25,51.6,185.0,31.4,25.9,20260907_150254
2026-09-07 15:05:24.640154,1628.0,51.6,185.0,28.2,22.7,20260907_150254
2026-09-07 15:05:24.840297,1634.25,51.6,185.0,22.0,22.4,20260907_150254
2026-09-07 15:05:25.040408,1629.5,51.6,185.0,19.6,20.4,20260907_150254
2026-09-07 15:05:25.240536,1624.0,51.6,185.0,14.5,18.4,20260907_150254
2026-09-07 15:05:25.440662,1628.0,51.6,185.0,9.8,17.3,20260907_150254
2026-09-07 15:05:25.640797,1629.5,51.6,185.0,7.5,17.3,20260907_150254
2026-09-07 15:05:25.840917,1634.25,51.6,185.0,7.1,17.3,20260907_150254
2026-09-07 15:05:26.041028,1633.5,51.6,186.8,7.1,17.3,20260907_150254
2026-09-07 15:05:26.241159,1631.25,51.6,186.8,7.1,17.3,20260907_150254
2026-09-07 15:05:26.441280,1631.25,51.6,186.8,6.7,17.3,20260907_150254
2026-09-07 15:05:26.641475,1631.25,51.6,186.8,6.7,17.3,20260907_150254
2026-09-07 15:05:26.841600,1628.0,51.6,186.8,6.7,17.3,20260907_150254
2026-09-07 15:05:27.041712,1626.5,51.6,186.8,6.7,17.3,20260907_150254
2026-09-07 15:05:27.241833,1623.25,51.6,186.8,6.7,17.3,20260907_150254
2026-09-07 15:05:27.441965,1621.75,51.6,186.8,7.8,17.6,20260907_150254
2026-09-07 15:05:27.642085,1615.5,51.6,186.8,7.8,17.6,20260907_150254
2026-09-07 15:05:27.842230,1609.25,51.0,186.8,8.2,17.6,20260907_150254
2026-09-07 15:05:28.042341,1603.0,51.0,186.8,8.2,17.6,20260907_150254
2026-09-07 15:05:28.242516,1592.75,51.0,186.8,8.6,17.6,20260907_150254
2026-09-07 15:05:28.442614,1585.0,50.3,188.6,8.6,17.6,20260907_150254
2026-09-07 15:05:28.642742,1585.0,50.3,188.6,8.6,17.6,20260907_150254
2026-09-07 15:05:28.842857,1589.0,50.3,188.6,8.6,17.6,20260907_150254
2026-09-07 15:05:29.042984,1589.0,50.3,188.6,8.6,17.6,20260907_150254
2026-09-07 15:05:29.243109,1674.0,50.3,188.6,7.8,17.6,20260907_150254
2026-09-07 15:05:29.443259,1780.25,50.3,188.6,7.1,18.0,20260907_150254
2026-09-07 15:05:29.643378,1875.0,50.3,188.6,7.1,18.0,20260907_150254
2026-09-07 15:05:29.843511,1963.25,50.3,188.6,6.7,18.0,20260907_150254
2026-09-07 15:05:30.043686,1999.0,50.3,188.6,6.7,18.0,20260907_150254
2026-09-07 15:05:30.243861,1992.75,49.7,188.6,6.7,17.6,20260907_150254
2026-09-07 15:05:30.443996,1992.75,49.7,188.6,6.3,17.6,20260907_150254
2026-09-07 15:05:30.644127,1990.5,49.7,188.6,6.3,17.6,20260907_150254
2026-09-07 15:05:30.844262,1984.25,49.7,188.6,6.3,17.6,20260907_150254
2026-09-07 15:05:31.044402,1992.0,49.7,188.6,8.2,18.8,20260907_150254
2026-09-07 15:05:31.244533,2017.0,50.3,188.6,11.4,21.6,20260907_150254
2026-09-07 15:05:31.444691,2014.75,50.3,188.6,13.3,20.8,20260907_150254
2026-09-07 15:05:31.644810,2024.0,50.3,188.6,13.3,20.8,20260907_150254
2026-09-07 15:05:31.844944,2009.25,50.3,188.6,12.9,17.6,20260907_150254
2026-09-07 15:05:32.045060,1969.5,50.3,188.6,6.7,17.6,20260907_150254
2026-09-07 15:05:32.245192,1991.25,50.3,188.6,6.7,17.6,20260907_150254
2026-09-07 15:05:32.445461,1995.25,50.3,188.6,6.7,17.6,20260907_150254
2026-09-07 15:05:32.645462,1990.5,50.3,188.6,6.7,17.6,20260907_150254
2026-09-07 15:05:32.845604,1986.5,49.7,188.6,6.7,17.6,20260907_150254
2026-09-07 15:05:33.045750,1989.75,49.7,188.6,6.7,17.6,20260907_150254
2026-09-07 15:05:33.245857,1985.75,49.7,188.6,6.7,17.6,20260907_150254
2026-09-07 15:05:33.445981,1982.75,49.7,188.6,6.7,17.6,20260907_150254
2026-09-07 15:05:33.646103,1979.5,49.7,188.6,6.7,17.6,20260907_150254
2026-09-07 15:05:33.846237,1971.75,49.7,188.6,6.7,17.6,20260907_150254
2026-09-07 15:05:34.046388,1968.75,49.1,188.6,6.7,17.6,20260907_150254
2026-09-07 15:05:34.246498,1963.25,49.1,188.6,6.3,17.6,20260907_150254
2026-09-07 15:05:34.446648,1964.0,49.1,188.6,6.3,17.6,20260907_150254
2026-09-07 15:05:34.646785,1958.5,49.1,188.6,6.3,17.6,20260907_150254
2026-09-07 15:05:34.846912,1952.25,49.1,188.6,6.3,17.6,20260907_150254
2026-09-07 15:05:35.047060,1950.75,49.1,188.6,6.3,17.6,20260907_150254
2026-09-07 15:05:35.247158,1945.25,49.1,188.6,6.7,17.6,20260907_150254
2026-09-07 15:05:35.447268,1939.0,48.5,188.6,6.7,17.6,20260907_150254
2026-09-07 15:05:35.647414,1935.75,48.5,188.6,6.7,17.6,20260907_150254
2026-09-07 15:05:35.847583,1926.5,48.5,188.6,6.7,17.6,20260907_150254
2026-09-07 15:05:36.047686,1921.75,48.5,188.6,6.7,17.6,20260907_150254
2026-09-07 15:05:36.247809,1914.75,48.5,188.6,6.7,17.6,20260907_150254
2026-09-07 15:05:36.447946,1910.75,47.8,188.6,6.7,17.6,20260907_150254
2026-09-07 15:05:36.648066,1903.75,47.8,188.6,6.7,17.6,20260907_150254
2026-09-07 15:05:36.848197,1917.75,47.8,188.6,6.7,17.6,20260907_150254
2026-09-07 15:05:37.048349,1912.5,47.8,188.6,6.3,17.6,20260907_150254
2026-09-07 15:05:37.248447,1907.75,47.8,188.6,6.3,17.6,20260907_150254
2026-09-07 15:05:37.448592,1927.25,47.8,188.6,11.0,20.0,20260907_150254
2026-09-07 15:05:37.648745,1904.5,47.8,188.6,11.8,20.0,20260907_150254
2026-09-07 15:05:37.848913,1907.75,47.8,188.6,12.9,21.6,20260907_150254
2026-09-07 15:05:38.049066,1939.75,47.2,188.6,15.3,22.0,20260907_150254
2026-09-07 15:05:38.249195,1932.0,47.2,190.4,16.9,22.0,20260907_150254
2026-09-07 15:05:38.449309,1936.5,47.8,190.4,19.6,23.1,20260907_150254
2026-09-07 15:05:38.649477,1912.5,47.8,190.4,19.2,23.1,20260907_150254
2026-09-07 15:05:38.849608,1906.25,47.8,190.4,19.2,22.7,20260907_150254
2026-09-07 15:05:39.049745,1906.25,47.8,188.6,19.2,22.7,20260907_150254
2026-09-07 15:05:39.249853,1908.5,47.8,190.4,18.4,22.7,20260907_150254
2026-09-07 15:05:39.449991,1894.5,47.8,190.4,18.8,22.4,20260907_150254
2026-09-07 15:05:39.650114,1890.5,47.2,190.4,18.8,22.4,20260907_150254
2026-09-07 15:05:39.850235,1896.0,47.2,190.4,18.8,22.4,20260907_150254
2026-09-07 15:05:40.050381,1895.25,47.2,190.4,18.4,22.7,20260907_150254
2026-09-07 15:05:40.250497,1898.25,47.2,190.4,19.2,22.4,20260907_150254
2026-09-07 15:05:40.450613,1771.75,47.2,190.4,18.8,22.7,20260907_150254
2026-09-07 15:05:40.650727,1566.25,47.2,190.4,23.9,23.5,20260907_150254
2026-09-07 15:05:40.850867,1545.25,47.2,190.4,28.2,25.1,20260907_150254
2026-09-07 15:05:41.051026,1539.0,47.2,190.4,31.8,25.5,20260907_150254
2026-09-07 15:05:41.251127,1532.0,47.2,190.4,36.1,27.5,20260907_150254
2026-09-07 15:05:41.451237,1503.75,47.2,190.4,,25.5,20260907_150254
2026-09-07 15:05:41.787481,1498.25,47.2,190.4,35.7,25.5,20260907_150254
2026-09-07 15:05:41.987592,1503.0,47.2,190.4,36.9,26.3,20260907_150254
2026-09-07 15:05:42.187766,1496.75,47.2,190.4,37.6,26.3,20260907_150254
2026-09-07 15:05:42.387884,1496.75,47.2,190.4,37.3,25.9,20260907_150254
2026-09-07 15:05:42.588008,1492.0,47.2,190.4,36.5,25.9,20260907_150254
2026-09-07 15:05:42.788160,1495.25,47.2,190.4,36.5,25.9,20260907_150254
2026-09-07 15:05:42.988293,1490.5,47.2,190.4,37.6,28.2,20260907_150254
2026-09-07 15:05:43.188425,1489.0,47.2,190.4,45.9,35.7,20260907_150254
2026-09-07 15:05:43.388550,1519.5,47.2,190.4,49.0,41.2,20260907_150254
2026-09-07 15:05:43.588687,1525.0,47.2,190.4,51.8,40.4,20260907_150254
2026-09-07 15:05:43.788815,1534.25,47.2,190.4,51.8,38.8,20260907_150254
2026-09-07 15:05:43.988972,1541.25,47.2,190.4,51.8,39.2,20260907_150254
2026-09-07 15:05:44.189108,1553.75,47.2,190.4,53.7,45.1,20260907_150254
2026-09-07 15:05:44.389258,1552.25,47.2,192.2,60.0,45.9,20260907_150254
2026-09-07 15:05:44.589421,1550.0,47.2,192.2,64.3,43.9,20260907_150254
2026-09-07 15:05:44.789562,1543.75,47.8,192.2,65.5,42.4,20260907_150254
2026-09-07 15:05:44.989698,1553.0,47.8,192.2,63.5,42.0,20260907_150254
2026-09-07 15:05:45.189840,1585.0,47.8,192.2,68.6,48.6,20260907_150254
2026-09-07 15:05:45.389971,1610.0,47.8,192.2,71.8,47.1,20260907_150254
2026-09-07 15:05:45.590099,1628.0,47.8,192.2,70.6,46.3,20260907_150254
2026-09-07 15:05:45.790220,1626.5,47.8,192.2,71.8,45.5,20260907_150254
2026-09-07 15:05:45.990371,1603.0,47.8,192.2,69.4,42.0,20260907_150254
2026-09-07 15:05:46.190503,1621.0,47.8,192.2,66.3,43.1,20260907_150254
2026-09-07 15:05:46.390681,1602.25,47.8,192.2,61.2,29.4,20260907_150254
2026-09-07 15:05:46.590799,1553.0,47.8,192.2,55.3,28.2,20260907_150254
2026-09-07 15:05:46.790926,1524.0,47.8,192.2,42.7,23.5,20260907_150254
2026-09-07 15:05:46.991067,1514.75,47.8,192.2,31.8,23.1,20260907_150254
2026-09-07 15:05:47.191188,1539.0,47.8,192.2,31.8,23.9,20260907_150254
2026-09-07 15:05:47.391338,1544.5,47.8,192.2,36.1,27.8,20260907_150254
2026-09-07 15:05:47.591473,1549.0,47.8,192.2,44.3,36.5,20260907_150254
2026-09-07 15:05:47.791579,1579.5,47.2,192.2,50.2,43.1,20260907_150254
2026-09-07 15:05:47.991703,1560.75,47.2,192.2,51.8,49.4,20260907_150254
2026-09-07 15:05:48.191838,1549.0,47.2,192.2,58.8,51.8,20260907_150254
2026-09-07 15:05:48.391968,1543.75,47.2,194.0,63.5,51.4,20260907_150254
2026-09-07 15:05:48.592093,1575.75,47.2,194.0,64.3,50.2,20260907_150254
2026-09-07 15:05:48.792214,1569.5,47.2,194.0,67.1,45.9,20260907_150254
2026-09-07 15:05:48.992335,1593.75,47.2,194.0,67.8,43.1,20260907_150254
2026-09-07 15:05:49.192460,1590.5,47.2,194.0,65.9,36.1,20260907_150254
2026-09-07 15:05:49.392588,1517.0,47.2,194.0,52.2,25.9,20260907_150254
2026-09-07 15:05:49.592700,1518.75,46.6,192.2,49.8,27.8,20260907_150254
2026-09-07 15:05:49.792809,1553.75,46.6,192.2,51.4,34.9,20260907_150254
2026-09-07 15:05:49.992930,1542.75,46.6,192.2,57.3,42.7,20260907_150254
2026-09-07 15:05:50.193058,1571.0,46.6,192.2,63.1,47.8,20260907_150254
2026-09-07 15:05:50.393188,1557.0,46.0,192.2,64.7,48.6,20260907_150254
2026-09-07 15:05:50.593327,1581.25,46.6,192.2,67.5,47.8,20260907_150254
2026-09-07 15:05:50.793505,1585.75,46.0,192.2,69.4,44.3,20260907_150254
2026-09-07 15:05:50.993668,1551.5,46.0,192.2,72.2,44.3,20260907_150254
2026-09-07 15:05:51.193800,1553.75,46.0,192.2,71.4,42.7,20260907_150254
2026-09-07 15:05:51.393917,1542.75,46.0,192.2,71.0,43.1,20260907_150254
2026-09-07 15:05:51.594048,1553.75,46.0,190.4,71.0,47.1,20260907_150254
2026-09-07 15:05:51.794179,1553.75,46.0,190.4,75.3,50.2,20260907_150254
2026-09-07 15:05:51.994299,1557.0,46.0,190.4,77.3,53.7,20260907_150254
2026-09-07 15:05:52.194432,1528.0,46.0,190.4,83.5,54.5,20260907_150254
2026-09-07 15:05:52.394612,1567.0,45.4,190.4,81.6,52.2,20260907_150254
2026-09-07 15:05:52.594731,1550.0,45.4,188.6,82.4,50.2,20260907_150254
2026-09-07 15:05:52.794861,1539.75,46.0,188.6,84.3,50.6,20260907_150254
2026-09-07 15:05:52.995042,1519.5,45.4,188.6,84.3,49.4,20260907_150254
2026-09-07 15:05:53.195174,1541.25,45.4,188.6,82.4,51.4,20260907_150254
2026-09-07 15:05:53.395319,1538.25,45.4,188.6,83.1,53.7,20260907_150254
2026-09-07 15:05:53.595482,1541.25,45.4,186.8,85.1,78.0,20260907_150254
2026-09-07 15:05:53.795584,1581.25,45.4,186.8,96.1,82.0,20260907_150254
2026-09-07 15:05:53.995729,1794.5,45.4,186.8,92.5,82.0,20260907_150254
2026-09-07 15:05:54.195910,2003.75,45.4,185.0,98.8,82.0,20260907_150254
2026-09-07 15:05:54.396057,1996.0,45.4,185.0,100.0,82.0,20260907_150254
2026-09-07 15:05:54.596176,1925.75,46.0,185.0,99.2,82.0,20260907_150254
2026-09-07 15:05:54.796319,2101.5,46.0,185.0,100.0,82.0,20260907_150254
2026-09-07 15:05:54.996452,2492.0,46.0,183.2,100.0,82.0,20260907_150254
2026-09-07 15:05:55.196593,2536.5,46.6,183.2,100.0,71.8,20260907_150254
2026-09-07 15:05:55.396713,2484.25,46.6,183.2,100.0,61.6,20260907_150254
2026-09-07 15:05:55.596841,2449.0,47.2,181.4,100.0,58.8,20260907_150254
2026-09-07 15:05:55.797021,2453.0,47.8,181.4,100.0,59.6,20260907_150254
2026-09-07 15:05:55.997161,2476.5,47.8,179.6,100.0,50.6,20260907_150254
2026-09-07 15:05:56.197335,2467.0,48.5,179.6,93.3,39.2,20260907_150254
2026-09-07 15:05:56.397640,2500.75,48.5,179.6,87.1,40.8,20260907_150254
2026-09-07 15:05:56.597758,2523.25,49.1,177.8,86.3,45.1,20260907_150254
2026-09-07 15:05:56.797885,2539.0,49.1,177.8,85.9,47.5,20260907_150254
2026-09-07 15:05:56.998028,2551.5,49.7,177.8,83.5,46.7,20260907_150254
2026-09-07 15:05:57.198147,2562.5,49.7,177.8,82.4,47.5,20260907_150254
2026-09-07 15:05:57.398261,2571.0,50.3,176.0,81.6,44.7,20260907_150254
2026-09-07 15:05:57.598421,2569.5,50.3,176.0,71.0,36.9,20260907_150254
2026-09-07 15:05:57.798541,2595.25,50.3,176.0,71.4,42.4,20260907_150254
2026-09-07 15:05:57.998660,2596.0,51.0,176.0,69.8,38.8,20260907_150254
2026-09-07 15:05:58.198757,2627.25,51.0,176.0,67.5,40.4,20260907_150254
2026-09-07 15:05:58.398891,2621.0,51.0,176.0,66.3,38.0,20260907_150254
2026-09-07 15:05:58.599024,2635.75,51.6,176.0,62.7,38.4,20260907_150254
2026-09-07 15:05:58.799140,2629.5,51.6,176.0,58.4,33.3,20260907_150254
2026-09-07 15:05:58.999268,2637.5,51.6,176.0,53.7,33.7,20260907_150254
2026-09-07 15:05:59.199421,2644.5,51.6,176.0,51.4,33.7,20260907_150254
2026-09-07 15:05:59.399546,2641.25,51.6,176.0,48.2,32.9,20260907_150254
2026-09-07 15:05:59.599691,2655.25,51.6,176.0,46.7,35.3,20260907_150254
2026-09-07 15:05:59.799814,2653.0,51.6,176.0,46.3,36.1,20260907_150254
2026-09-07 15:05:59.999947,2654.5,51.6,176.0,46.3,37.6,20260907_150254
2026-09-07 15:06:00.200057,2654.5,51.6,177.8,46.3,38.4,20260907_150254
2026-09-07 15:06:00.400177,2653.75,51.6,177.8,45.9,38.4,20260907_150254
2026-09-07 15:06:00.600337,2655.25,51.6,177.8,45.9,38.8,20260907_150254
2026-09-07 15:06:00.800456,2651.5,51.6,177.8,45.5,38.8,20260907_150254
2026-09-07 15:06:01.000594,2657.75,51.6,177.8,45.1,38.4,20260907_150254
2026-09-07 15:06:01.200729,2650.0,51.6,177.8,44.7,36.5,20260907_150254
2026-09-07 15:06:01.400859,2650.0,51.6,177.8,42.7,35.3,20260907_150254
2026-09-07 15:06:01.600988,2650.0,51.6,177.8,42.0,31.4,20260907_150254
2026-09-07 15:06:01.801124,2627.25,51.6,177.8,35.7,29.8,20260907_150254
2026-09-07 15:06:02.001269,2632.75,51.6,177.8,35.7,30.2,20260907_150254
2026-09-07 15:06:02.201453,2619.5,51.6,177.8,35.7,30.6,20260907_150254
2026-09-07 15:06:02.401579,2607.0,51.0,179.6,35.7,31.0,20260907_150254
2026-09-07 15:06:02.601712,2603.0,51.0,179.6,36.1,31.0,20260907_150254
2026-09-07 15:06:02.801864,2599.0,51.0,179.6,36.1,30.6,20260907_150254
2026-09-07 15:06:03.001997,2595.25,51.0,179.6,36.1,30.6,20260907_150254
2026-09-07 15:06:03.202107,2592.0,51.0,179.6,36.1,30.6,20260907_150254
2026-09-07 15:06:03.402254,2585.75,51.0,179.6,36.1,27.8,20260907_150254
2026-09-07 15:06:03.602376,2560.0,,179.6,20.4,24.3,20260907_150254
2026-09-07 15:06:03.940329,2556.25,50.3,179.6,20.4,24.3,20260907_150254
2026-09-07 15:06:04.140433,2540.5,49.7,179.6,20.4,24.3,20260907_150254
2026-09-07 15:06:04.340600,2525.75,49.7,179.6,19.6,23.5,20260907_150254
2026-09-07 15:06:04.540743,2511.5,49.1,179.6,17.6,23.1,20260907_150254
2026-09-07 15:06:04.740895,2492.75,49.1,179.6,17.6,23.1,20260907_150254
2026-09-07 15:06:04.941045,2481.25,48.5,179.6,18.0,23.1,20260907_150254
2026-09-07 15:06:05.141163,2468.75,48.5,179.6,18.0,23.1,20260907_150254
2026-09-07 15:06:05.341295,2455.25,48.5,179.6,18.0,23.1,20260907_150254
2026-09-07 15:06:05.541490,2439.75,47.8,177.8,18.4,23.5,20260907_150254
2026-09-07 15:06:05.741617,2438.25,47.8,177.8,21.6,27.1,20260907_150254
2026-09-07 15:06:05.941733,2421.75,47.2,177.8,24.7,26.3,20260907_150254
2026-09-07 15:06:06.141865,2412.5,47.2,177.8,24.7,27.1,20260907_150254
2026-09-07 15:06:06.341988,2400.0,47.2,177.8,25.1,26.7,20260907_150254
2026-09-07 15:06:06.542127,2389.0,47.2,177.8,25.1,26.7,20260907_150254
2026-09-07 15:06:06.742244,2382.0,46.6,177.8,25.1,27.8,20260907_150254
2026-09-07 15:06:06.942376,2374.0,46.6,177.8,27.8,30.2,20260907_150254
2026-09-07 15:06:07.142506,2364.0,46.6,177.8,35.7,31.0,20260907_150254
2026-09-07 15:06:07.342641,2361.5,46.6,177.8,34.9,29.8,20260907_150254
2026-09-07 15:06:07.542778,2360.75,46.0,177.8,34.1,29.8,20260907_150254
2026-09-07 15:06:07.742897,2353.0,46.0,177.8,33.3,29.0,20260907_150254
2026-09-07 15:06:07.943025,2348.25,46.0,177.8,32.2,28.2,20260907_150254
2026-09-07 15:06:08.143152,2346.0,46.0,177.8,30.6,28.2,20260907_150254
2026-09-07 15:06:08.343272,2332.75,46.0,177.8,30.6,28.2,20260907_150254
2026-09-07 15:06:08.543403,2326.5,46.0,177.8,30.2,27.8,20260907_150254
2026-09-07 15:06:08.743653,2320.25,45.4,177.8,29.8,27.8,20260907_150254
2026-09-07 15:06:08.943775,2319.5,45.4,177.8,29.8,27.8,20260907_150254
2026-09-07 15:06:09.143923,2305.25,45.4,177.8,29.8,27.8,20260907_150254
2026-09-07 15:06:09.344045,2309.25,45.4,179.6,32.5,30.2,20260907_150254
2026-09-07 15:06:09.544168,2308.5,45.4,177.8,35.3,31.4,20260907_150254
2026-09-07 15:06:09.744298,2299.0,45.4,177.8,39.6,38.4,20260907_150254
2026-09-07 15:06:09.944457,2292.0,45.4,177.8,43.1,41.6,20260907_150254
2026-09-07 15:06:10.144564,2300.75,45.4,179.6,43.5,42.0,20260907_150254
2026-09-07 15:06:10.344689,2298.25,45.4,179.6,43.9,43.1,20260907_150254
2026-09-07 15:06:10.544816,2307.0,45.4,179.6,44.7,45.1,20260907_150254
2026-09-07 15:06:10.744945,2340.5,45.4,179.6,46.7,46.7,20260907_150254
2026-09-07 15:06:10.945147,2344.5,45.4,179.6,49.0,47.5,20260907_150254
2026-09-07 15:06:11.145272,2342.0,45.4,179.6,50.6,47.1,20260907_150254
2026-09-07 15:06:11.345498,2342.0,45.4,179.6,52.5,47.1,20260907_150254
2026-09-07 15:06:11.545598,2348.25,45.4,179.6,52.9,47.1,20260907_150254
2026-09-07 15:06:11.745750,2343.75,46.0,179.6,52.9,47.1,20260907_150254
2026-09-07 15:06:11.945893,2353.0,46.0,179.6,52.9,46.7,20260907_150254
2026-09-07 15:06:12.146078,2362.5,46.0,179.6,52.9,46.7,20260907_150254
2026-09-07 15:06:12.346201,2369.5,46.0,179.6,52.9,46.3,20260907_150254
2026-09-07 15:06:12.546326,2362.5,46.0,179.6,52.5,46.3,20260907_150254
2026-09-07 15:06:12.746476,2375.0,46.0,179.6,52.9,47.1,20260907_150254
2026-09-07 15:06:12.946605,2381.25,46.6,179.6,53.7,47.1,20260907_150254
2026-09-07 15:06:13.146735,2383.5,46.6,179.6,53.7,46.7,20260907_150254
2026-09-07 15:06:13.346872,2389.75,46.6,179.6,52.9,46.3,20260907_150254
2026-09-07 15:06:13.546982,2396.0,46.6,179.6,52.5,44.3,20260907_150254
2026-09-07 15:06:13.747138,2400.75,46.6,179.6,51.4,41.2,20260907_150254
2026-09-07 15:06:13.947271,2400.75,46.6,179.6,48.6,34.9,20260907_150254
2026-09-07 15:06:14.147395,2403.75,46.6,179.6,45.1,30.6,20260907_150254
2026-09-07 15:06:14.347516,2397.5,46.6,179.6,38.4,29.0,20260907_150254
2026-09-07 15:06:14.547652,2378.75,46.6,179.6,34.1,25.5,20260907_150254
2026-09-07 15:06:14.747780,2375.0,46.6,179.6,26.3,26.3,20260907_150254
2026-09-07 15:06:14.947936,2364.75,46.6,179.6,27.1,27.5,20260907_150254
2026-09-07 15:06:15.148045,2367.0,46.6,179.6,31.8,29.8,20260907_150254
2026-09-07 15:06:15.348181,2366.25,46.6,179.6,36.1,30.6,20260907_150254
2026-09-07 15:06:15.548327,2360.0,46.6,179.6,31.4,28.2,20260907_150254
2026-09-07 15:06:15.748464,2357.75,46.0,179.6,30.2,27.5,20260907_150254
2026-09-07 15:06:15.948611,2350.75,46.0,179.6,27.1,26.3,20260907_150254
2026-09-07 15:06:16.148720,2340.5,46.0,179.6,24.3,25.9,20260907_150254
2026-09-07 15:06:16.348853,2335.0,46.0,179.6,24.7,26.3,20260907_150254
2026-09-07 15:06:16.548979,2335.75,46.0,179.6,25.9,27.1,20260907_150254
2026-09-07 15:06:16.749101,2330.25,46.0,179.6,29.0,28.2,20260907_150254
2026-09-07 15:06:16.949251,2329.5,45.4,179.6,32.9,31.4,20260907_150254
2026-09-07 15:06:17.149454,2372.5,46.0,179.6,40.4,40.8,20260907_150254
2026-09-07 15:06:17.349603,2378.75,46.0,179.6,43.5,43.1,20260907_150254
2026-09-07 15:06:17.549735,2357.75,46.0,179.6,40.8,31.4,20260907_150254
2026-09-07 15:06:17.749843,2363.25,46.0,179.6,36.9,28.2,20260907_150254
2026-09-07 15:06:17.950032,2324.0,46.0,179.6,27.8,21.2,20260907_150254
2026-09-07 15:06:18.150164,2310.0,46.0,179.6,12.2,18.0,20260907_150254
2026-09-07 15:06:18.350286,2292.75,45.4,179.6,7.8,18.4,20260907_150254
2026-09-07 15:06:18.550407,2298.25,45.4,179.6,7.1,18.4,20260907_150254
2026-09-07 15:06:18.750510,2268.75,44.7,179.6,6.7,18.4,20260907_150254
2026-09-07 15:06:18.950657,2252.25,44.1,179.6,6.7,18.4,20260907_150254
2026-09-07 15:06:19.150781,2232.0,43.5,179.6,6.3,18.4,20260907_150254
2026-09-07 15:06:19.350897,2212.5,43.5,179.6,6.3,18.4,20260907_150254
2026-09-07 15:06:19.551053,2214.0,42.9,179.6,6.3,18.0,20260907_150254
2026-09-07 15:06:19.751178,2171.0,42.9,179.6,6.3,18.8,20260907_150254
2026-09-07 15:06:19.951296,2192.75,42.9,179.6,8.2,19.6,20260907_150254
2026-09-07 15:06:20.151419,2163.25,42.3,179.6,9.4,19.6,20260907_150254
2026-09-07 15:06:20.351548,2154.5,42.3,179.6,11.0,20.4,20260907_150254
2026-09-07 15:06:20.551672,2148.25,42.3,179.6,11.4,20.4,20260907_150254
2026-09-07 15:06:20.751826,2149.0,41.6,179.6,11.8,20.8,20260907_150254
2026-09-07 15:06:20.951956,2162.5,41.6,179.6,14.1,22.0,20260907_150254
2026-09-07 15:06:21.152083,2032.75,41.6,179.6,17.3,22.4,20260907_150254
2026-09-07 15:06:21.352204,1900.0,41.6,179.6,17.3,22.0,20260907_150254
2026-09-07 15:06:21.552335,1787.5,41.0,179.6,17.3,21.6,20260907_150254
2026-09-07 15:06:21.752460,1716.25,41.0,179.6,17.6,23.1,20260907_150254
2026-09-07 15:06:21.952601,1702.25,41.0,179.6,19.6,23.5,20260907_150254
2026-09-07 15:06:22.152731,1686.5,41.0,179.6,22.0,25.5,20260907_150254
2026-09-07 15:06:22.352947,1715.5,41.0,179.6,30.6,29.0,20260907_150254
2026-09-07 15:06:22.553081,1668.75,41.0,179.6,35.7,29.0,20260907_150254
2026-09-07 15:06:22.753203,1660.75,41.0,179.6,35.7,29.8,20260907_150254
2026-09-07 15:06:22.953465,1667.0,41.0,179.6,35.7,30.2,20260907_150254
2026-09-07 15:06:23.153593,1671.75,41.0,179.6,35.7,30.2,20260907_150254
2026-09-07 15:06:23.353724,1669.5,41.6,179.6,36.1,30.6,20260907_150254
2026-09-07 15:06:23.553843,1671.75,41.6,179.6,35.7,29.8,20260907_150254
2026-09-07 15:06:23.753977,1671.75,41.6,179.6,35.3,30.2,20260907_150254
2026-09-07 15:06:23.954123,1683.5,41.6,179.6,35.3,30.2,20260907_150254
2026-09-07 15:06:24.154235,1682.0,41.6,179.6,35.7,30.2,20260907_150254
2026-09-07 15:06:24.354364,1683.5,41.6,179.6,35.3,30.2,20260907_150254
2026-09-07 15:06:24.554497,1690.5,41.6,179.6,35.3,30.6,20260907_150254
2026-09-07 15:06:24.754630,1685.75,41.6,179.6,35.3,30.6,20260907_150254
2026-09-07 15:06:24.954761,1691.25,41.6,179.6,34.9,29.8,20260907_150254
2026-09-07 15:06:25.154916,1689.0,41.6,181.4,34.9,29.4,20260907_150254
2026-09-07 15:06:25.355072,1685.75,41.6,181.4,32.9,27.5,20260907_150254
2026-09-07 15:06:25.555206,1696.75,42.3,181.4,31.4,28.2,20260907_150254
2026-09-07 15:06:25.755380,1706.25,41.6,181.4,32.5,31.0,20260907_150254
2026-09-07 15:06:25.955506,1717.0,42.3,181.4,36.9,36.1,20260907_150254
2026-09-07 15:06:26.155632,1715.5,42.3,181.4,39.6,39.2,20260907_150254
2026-09-07 15:06:26.355798,1717.75,42.3,181.4,41.2,39.6,20260907_150254
2026-09-07 15:06:26.555921,1714.75,42.3,181.4,41.6,39.6,20260907_150254
2026-09-07 15:06:26.756062,1734.25,42.3,181.4,43.5,42.0,20260907_150254
2026-09-07 15:06:26.956200,1744.5,42.9,181.4,48.2,44.3,20260907_150254
2026-09-07 15:06:27.156356,1732.0,42.9,181.4,51.8,43.1,20260907_150254
2026-09-07 15:06:27.356483,1744.5,42.9,181.4,52.9,41.6,20260907_150254
2026-09-07 15:06:27.556632,1755.25,43.5,181.4,53.3,41.2,20260907_150254
2026-09-07 15:06:27.756734,,44.1,181.4,52.5,41.2,20260907_150254
2026-09-07 15:06:28.092038,1778.75,44.1,181.4,52.5,41.2,20260907_150254
2026-09-07 15:06:28.292151,1778.0,44.1,181.4,52.2,41.2,20260907_150254
2026-09-07 15:06:28.492267,1802.25,44.1,181.4,52.5,42.7,20260907_150254
2026-09-07 15:06:28.692392,1801.5,44.7,181.4,54.1,42.4,20260907_150254
2026-09-07 15:06:28.892560,1817.0,44.7,181.4,54.1,41.2,20260907_150254
2026-09-07 15:06:29.092662,1821.0,44.7,181.4,53.3,41.6,20260907_150254
2026-09-07 15:06:29.292790,1830.25,45.4,181.4,52.2,40.8,20260907_150254
2026-09-07 15:06:29.492931,1825.0,45.4,181.4,51.8,41.6,20260907_150254
2026-09-07 15:06:29.693135,1844.5,45.4,181.4,51.8,38.4,20260907_150254
2026-09-07 15:06:29.893261,1839.75,46.0,181.4,42.7,29.0,20260907_150254
2026-09-07 15:06:30.093482,1857.0,46.0,181.4,41.6,29.0,20260907_150254
2026-09-07 15:06:30.293618,1862.5,46.0,181.4,38.8,29.0,20260907_150254
2026-09-07 15:06:30.493755,1878.75,46.0,181.4,39.2,30.2,20260907_150254
2026-09-07 15:06:30.693872,1884.25,46.0,181.4,39.6,31.8,20260907_150254
2026-09-07 15:06:30.894002,1883.5,46.0,181.4,39.6,32.9,20260907_150254
2026-09-07 15:06:31.094106,1892.0,46.6,181.4,40.4,34.9,20260907_150254
2026-09-07 15:06:31.294240,1892.75,46.6,181.4,41.6,36.9,20260907_150254
2026-09-07 15:06:31.494364,1892.0,46.6,181.4,41.2,37.3,20260907_150254
2026-09-07 15:06:31.694502,1901.5,46.6,181.4,41.2,36.9,20260907_150254
2026-09-07 15:06:31.894645,1910.75,47.2,181.4,40.8,36.9,20260907_150254
2026-09-07 15:06:32.094757,1918.75,47.2,181.4,41.2,36.5,20260907_150254
2026-09-07 15:06:32.294909,1914.75,47.2,181.4,41.2,30.2,20260907_150254
2026-09-07 15:06:32.495030,1891.25,47.2,181.4,31.8,22.7,20260907_150254
2026-09-07 15:06:32.695194,1891.25,47.2,181.4,22.4,23.9,20260907_150254
2026-09-07 15:06:32.895450,1892.75,47.2,181.4,22.0,23.9,20260907_150254
2026-09-07 15:06:33.095571,1889.0,47.2,181.4,21.6,24.3,20260907_150254
2026-09-07 15:06:33.295699,1888.25,47.2,181.4,21.6,24.3,20260907_150254
2026-09-07 15:06:33.495826,1888.25,47.2,181.4,21.6,24.3,20260907_150254
2026-09-07 15:06:33.695966,1889.0,47.2,181.4,22.0,24.3,20260907_150254
2026-09-07 15:06:33.896098,1891.25,47.2,181.4,21.6,24.3,20260907_150254
2026-09-07 15:06:34.096252,1889.0,47.2,181.4,22.0,23.9,20260907_150254
2026-09-07 15:06:34.296381,1892.0,47.2,181.4,21.6,23.9,20260907_150254
2026-09-07 15:06:34.496495,1898.25,47.2,181.4,21.6,23.9,20260907_150254
2026-09-07 15:06:34.696658,1785.0,47.2,181.4,21.6,23.9,20260907_150254
2026-09-07 15:06:34.896793,1592.75,47.2,181.4,24.3,23.1,20260907_150254
2026-09-07 15:06:35.096906,1544.5,47.2,181.4,28.2,23.9,20260907_150254
2026-09-07 15:06:35.297042,1548.25,47.2,181.4,30.2,24.3,20260907_150254
2026-09-07 15:06:35.497186,1528.75,47.2,181.4,30.6,24.3,20260907_150254
2026-09-07 15:06:35.697418,1516.25,47.8,181.4,31.8,24.7,20260907_150254
2026-09-07 15:06:35.897527,1514.0,47.2,181.4,32.5,24.3,20260907_150254
2026-09-07 15:06:36.097635,1509.25,47.8,181.4,31.8,22.7,20260907_150254
2026-09-07 15:06:36.297766,1510.0,47.8,181.4,30.2,23.9,20260907_150254
2026-09-07 15:06:36.498021,1507.75,47.8,181.4,30.6,23.9,20260907_150254
2026-09-07 15:06:36.698168,1511.5,47.8,181.4,30.6,23.9,20260907_150254
2026-09-07 15:06:36.898308,1514.75,47.8,181.4,30.6,23.9,20260907_150254
2026-09-07 15:06:37.098434,1517.0,47.8,181.4,30.2,24.3,20260907_150254
2026-09-07 15:06:37.298560,1515.5,47.8,181.4,30.6,24.3,20260907_150254
2026-09-07 15:06:37.498701,1522.5,47.8,181.4,30.6,24.3,20260907_150254
2026-09-07 15:06:37.698885,1525.0,47.8,181.4,31.4,25.1,20260907_150254
2026-09-07 15:06:37.899020,1530.25,48.5,181.4,34.9,27.1,20260907_150254
2026-09-07 15:06:38.099145,1529.5,48.5,181.4,34.9,24.7,20260907_150254
2026-09-07 15:06:38.299275,1531.25,48.5,181.4,30.2,23.9,20260907_150254
2026-09-07 15:06:38.499399,1533.5,48.5,181.4,29.8,23.9,20260907_150254
2026-09-07 15:06:38.699608,1531.25,48.5,181.4,29.8,23.9,20260907_150254
2026-09-07 15:06:38.899738,1536.5,48.5,181.4,29.8,24.3,20260907_150254
2026-09-07 15:06:39.099873,1535.75,48.5,181.4,29.8,24.3,20260907_150254
2026-09-07 15:06:39.300002,1537.5,48.5,181.4,30.2,24.7,20260907_150254
2026-09-07 15:06:39.500169,1541.25,48.5,181.4,33.3,28.2,20260907_150254
2026-09-07 15:06:39.700330,1543.75,48.5,181.4,38.4,28.6,20260907_150254
2026-09-07 15:06:39.900498,1550.0,48.5,181.4,38.8,29.4,20260907_150254
2026-09-07 15:06:40.100638,1546.75,49.1,181.4,39.2,29.8,20260907_150254
2026-09-07 15:06:40.300760,1553.0,49.1,181.4,39.2,29.8,20260907_150254
2026-09-07 15:06:40.500900,1548.25,49.1,181.4,38.8,29.4,20260907_150254
2026-09-07 15:06:40.701173,1558.5,49.1,181.4,38.8,29.8,20260907_150254
2026-09-07 15:06:40.901294,1564.0,49.1,181.4,42.0,34.9,20260907_150254
2026-09-07 15:06:41.101471,1571.75,49.1,181.4,42.4,35.7,20260907_150254
2026-09-07 15:06:41.301621,1573.25,49.7,181.4,43.1,37.6,20260907_150254
2026-09-07 15:06:41.501740,1600.0,49.7,181.4,45.1,40.0,20260907_150254
2026-09-07 15:06:41.701876,1611.5,49.7,181.4,47.1,39.2,20260907_150254
2026-09-07 15:06:41.902005,1611.5,49.7,181.4,45.9,37.6,20260907_150254
2026-09-07 15:06:42.102190,1616.25,49.7,181.4,44.7,37.6,20260907_150254
2026-09-07 15:06:42.302304,1611.5,50.3,181.4,44.7,38.0,20260907_150254
2026-09-07 15:06:42.502453,1619.5,50.3,181.4,44.7,37.6,20260907_150254
2026-09-07 15:06:42.702573,1625.0,50.3,181.4,43.9,37.6,20260907_150254
2026-09-07 15:06:42.902717,1635.0,51.0,181.4,43.1,38.4,20260907_150254
2026-09-07 15:06:43.102843,1629.5,51.0,181.4,44.3,38.8,20260907_150254
2026-09-07 15:06:43.302958,1628.75,51.0,181.4,44.3,38.0,20260907_150254
2026-09-07 15:06:43.503082,1643.75,51.0,181.4,42.7,37.6,20260907_150254
2026-09-07 15:06:43.703215,1646.75,51.0,181.4,42.4,36.5,20260907_150254
2026-09-07 15:06:43.903339,1648.25,51.0,181.4,42.0,36.1,20260907_150254
2026-09-07 15:06:44.103469,1654.5,51.6,181.4,41.6,35.7,20260907_150254
2026-09-07 15:06:44.303587,1659.25,51.6,181.4,41.2,35.7,20260907_150254
2026-09-07 15:06:44.503711,1665.5,51.6,181.4,41.2,35.7,20260907_150254
2026-09-07 15:06:44.703849,1664.75,51.6,181.4,39.2,30.2,20260907_150254
2026-09-07 15:06:44.903986,1658.5,51.6,181.4,36.1,28.6,20260907_150254
2026-09-07 15:06:45.104152,1668.75,52.2,181.4,35.3,28.6,20260907_150254
2026-09-07 15:06:45.304286,1671.75,52.2,181.4,34.5,28.6,20260907_150254
2026-09-07 15:06:45.504418,1652.25,52.2,181.4,29.8,23.5,20260907_150254
2026-09-07 15:06:45.704538,1647.5,52.2,181.4,22.7,23.1,20260907_150254
2026-09-07 15:06:45.904688,1653.75,52.2,181.4,22.0,23.1,20260907_150254
2026-09-07 15:06:46.104826,1646.75,52.2,181.4,21.6,23.1,20260907_150254
2026-09-07 15:06:46.304957,1650.0,52.2,181.4,21.6,23.1,20260907_150254
2026-09-07 15:06:46.505093,1648.25,52.2,181.4,21.2,22.0,20260907_150254
2026-09-07 15:06:46.705221,1650.0,52.2,181.4,19.2,21.6,20260907_150254
2026-09-07 15:06:46.905352,1648.25,52.2,181.4,19.6,22.0,20260907_150254
2026-09-07 15:06:47.105544,1657.0,52.2,181.4,19.6,22.0,20260907_150254
2026-09-07 15:06:47.305639,1655.25,52.2,181.4,19.6,22.0,20260907_150254
2026-09-07 15:06:47.505759,1642.0,52.2,181.4,20.0,22.0,20260907_150254
2026-09-07 15:06:47.705896,1650.75,52.2,181.4,19.6,22.0,20260907_150254
2026-09-07 15:06:47.906030,1651.5,52.2,181.4,20.4,22.7,20260907_150254
2026-09-07 15:06:48.106166,1644.5,52.2,181.4,21.6,23.1,20260907_150254
2026-09-07 15:06:48.306277,1645.25,52.2,181.4,22.0,23.1,20260907_150254
2026-09-07 15:06:48.506420,1647.5,52.2,181.4,22.7,24.3,20260907_150254
2026-09-07 15:06:48.706543,1651.5,52.2,181.4,28.2,28.6,20260907_150254
2026-09-07 15:06:48.906691,1654.5,52.2,181.4,37.6,34.9,20260907_150254
2026-09-07 15:06:49.106806,1653.0,52.2,181.4,38.0,36.1,20260907_150254
2026-09-07 15:06:49.306916,1664.0,52.2,181.4,40.4,39.6,20260907_150254
2026-09-07 15:06:49.507034,1680.25,52.2,179.6,43.5,43.5,20260907_150254
2026-09-07 15:06:49.707167,1699.0,52.8,179.6,45.9,44.3,20260907_150254
2026-09-07 15:06:49.907300,1703.0,52.8,179.6,49.0,43.1,20260907_150254
2026-09-07 15:06:50.107444,1702.25,52.8,179.6,49.4,40.0,20260907_150254
2026-09-07 15:06:50.307556,1702.25,52.8,179.6,47.5,37.6,20260907_150254
2026-09-07 15:06:50.507660,1706.25,53.4,179.6,46.3,32.2,20260907_150254
2026-09-07 15:06:50.707776,1692.0,53.4,179.6,36.9,23.1,20260907_150254
2026-09-07 15:06:50.907921,1683.5,53.4,179.6,23.1,20.4,20260907_150254
2026-09-07 15:06:51.108046,1689.0,53.4,179.6,18.0,22.0,20260907_150254
2026-09-07 15:06:51.308156,1681.25,53.4,179.6,18.4,21.2,20260907_150254
2026-09-07 15:06:51.508274,1682.75,52.8,179.6,16.9,19.6,20260907_150254
2026-09-07 15:06:51.708413,1678.75,52.8,179.6,13.3,18.8,20260907_150254
2026-09-07 15:06:51.908569,1675.75,,179.6,9.0,18.0,20260907_150254
2026-09-07 15:06:52.241226,1667.75,52.8,179.6,8.6,18.0,20260907_150254
2026-09-07 15:06:52.441347,1652.25,52.8,179.6,7.1,16.9,20260907_150254
2026-09-07 15:06:52.641484,1642.75,52.2,179.6,6.7,17.3,20260907_150254
2026-09-07 15:06:52.841600,1642.75,52.2,179.6,6.7,17.3,20260907_150254
2026-09-07 15:06:53.041749,1634.25,51.6,179.6,6.7,17.3,20260907_150254
2026-09-07 15:06:53.241917,1625.75,51.6,179.6,6.7,17.3,20260907_150254
2026-09-07 15:06:53.442057,1616.25,51.0,179.6,6.7,17.3,20260907_150254
2026-09-07 15:06:53.642185,1610.0,51.0,179.6,6.7,17.3,20260907_150254
2026-09-07 15:06:53.842349,1603.75,51.0,179.6,6.7,17.3,20260907_150254
2026-09-07 15:06:54.042485,1603.75,51.0,179.6,7.1,17.3,20260907_150254
2026-09-07 15:06:54.242586,1615.5,50.3,179.6,6.7,17.3,20260907_150254
2026-09-07 15:06:54.442699,1594.5,50.3,179.6,6.7,17.3,20260907_150254
2026-09-07 15:06:54.642829,1600.0,50.3,179.6,6.7,17.3,20260907_150254
2026-09-07 15:06:54.842970,1590.5,50.3,179.6,6.7,17.3,20260907_150254
2026-09-07 15:06:55.043084,1596.0,50.3,179.6,7.1,18.0,20260907_150254
2026-09-07 15:06:55.243224,1601.5,50.3,179.6,9.4,19.2,20260907_150254
2026-09-07 15:06:55.443345,1617.75,50.3,179.6,13.3,21.2,20260907_150254
2026-09-07 15:06:55.643462,1641.25,50.3,179.6,17.3,21.2,20260907_150254
2026-09-07 15:06:55.843588,1592.0,49.7,179.6,18.8,22.4,20260907_150254
2026-09-07 15:06:56.043733,1592.75,49.7,179.6,22.0,22.4,20260907_150254
2026-09-07 15:06:56.243870,1592.0,49.7,179.6,23.1,22.7,20260907_150254
2026-09-07 15:06:56.443991,1588.25,50.3,179.6,25.9,23.1,20260907_150254
2026-09-07 15:06:56.644099,1588.25,50.3,179.6,27.5,23.9,20260907_150254
2026-09-07 15:06:56.844233,1596.0,50.3,179.6,30.6,25.1,20260907_150254
2026-09-07 15:06:57.044378,1589.0,50.3,177.8,32.9,25.1,20260907_150254
2026-09-07 15:06:57.244514,1592.0,50.3,179.6,32.2,25.1,20260907_150254
2026-09-07 15:06:57.444688,1599.0,50.3,177.8,32.2,25.5,20260907_150254
2026-09-07 15:06:57.644797,1601.5,50.3,177.8,32.2,25.5,20260907_150254
2026-09-07 15:06:57.844939,1601.5,50.3,177.8,32.2,25.9,20260907_150254
2026-09-07 15:06:58.045081,1604.5,50.3,177.8,32.5,25.5,20260907_150254
2026-09-07 15:06:58.245226,1604.5,51.0,177.8,31.4,25.5,20260907_150254
2026-09-07 15:06:58.445358,1607.75,51.0,177.8,31.4,26.3,20260907_150254
2026-09-07 15:06:58.645453,1607.75,51.0,177.8,32.5,27.1,20260907_150254
2026-09-07 15:06:58.845599,1617.0,51.0,177.8,36.5,30.2,20260907_150254
2026-09-07 15:06:59.045723,1626.5,51.0,177.8,39.2,38.0,20260907_150254
2026-09-07 15:06:59.245849,1653.75,51.0,177.8,43.5,41.2,20260907_150254
2026-09-07 15:06:59.445990,1650.0,51.6,177.8,45.9,38.8,20260907_150254
2026-09-07 15:06:59.646114,1647.5,51.6,177.8,44.3,37.3,20260907_150254
2026-09-07 15:06:59.846242,1656.25,51.6,177.8,43.5,35.3,20260907_150254
2026-09-07 15:07:00.046357,1649.0,51.6,177.8,38.0,27.8,20260907_150254
2026-09-07 15:07:00.246513,1660.0,52.2,177.8,34.9,27.5,20260907_150254
2026-09-07 15:07:00.446674,1642.0,52.2,177.8,29.8,23.1,20260907_150254
2026-09-07 15:07:00.646824,1642.0,52.2,177.8,22.0,22.4,20260907_150254
2026-09-07 15:07:00.846939,1650.0,52.2,177.8,21.2,22.4,20260907_150254
2026-09-07 15:07:01.047052,1639.0,52.2,177.8,20.8,22.4,20260907_150254
2026-09-07 15:07:01.247184,1644.5,52.2,177.8,20.4,19.6,20260907_150254
2026-09-07 15:07:01.447301,1643.75,51.6,177.8,15.7,18.0,20260907_150254
2026-09-07 15:07:01.647421,1626.5,51.6,177.8,10.6,18.0,20260907_150254
2026-09-07 15:07:01.847537,1626.5,51.6,177.8,7.5,17.3,20260907_150254
2026-09-07 15:07:02.047654,1638.25,51.6,177.8,7.1,17.3,20260907_150254
2026-09-07 15:07:02.247823,1628.0,51.6,177.8,7.1,17.3,20260907_150254
2026-09-07 15:07:02.447953,1617.0,51.0,177.8,7.1,17.3,20260907_150254
2026-09-07 15:07:02.648073,1609.25,51.0,177.8,7.1,17.3,20260907_150254
2026-09-07 15:07:02.848195,1604.5,51.0,177.8,6.7,17.3,20260907_150254
2026-09-07 15:07:03.048313,1598.25,51.0,177.8,6.7,17.3,20260907_150254
2026-09-07 15:07:03.248451,1592.0,51.0,177.8,6.7,17.3,20260907_150254
2026-09-07 15:07:03.448573,1589.75,50.3,177.8,6.7,17.3,20260907_150254
2026-09-07 15:07:03.648675,1585.75,50.3,177.8,7.8,17.6,20260907_150254
2026-09-07 15:07:03.848798,1578.75,50.3,177.8,8.2,17.6,20260907_150254
2026-09-07 15:07:04.048965,1604.5,50.3,177.8,7.5,16.9,20260907_150254
2026-09-07 15:07:04.249089,1575.0,49.7,177.8,7.1,17.3,20260907_150254
2026-09-07 15:07:04.449219,1588.25,49.7,177.8,7.1,17.3,20260907_150254
2026-09-07 15:07:04.649351,1567.75,49.7,177.8,7.1,16.9,20260907_150254
2026-09-07 15:07:04.849498,1571.0,49.7,177.8,7.1,16.9,20260907_150254
2026-09-07 15:07:05.049660,1546.75,49.7,177.8,7.5,16.9,20260907_150254
2026-09-07 15:07:05.249758,1559.25,49.1,177.8,7.1,16.9,20260907_150254
2026-09-07 15:07:05.449903,1560.75,49.1,177.8,7.8,18.4,20260907_150254
2026-09-07 15:07:05.650034,1561.5,49.1,177.8,9.4,18.0,20260907_150254
2026-09-07 15:07:05.850168,1557.0,49.1,177.8,9.8,18.0,20260907_150254
2026-09-07 15:07:06.050318,1556.25,49.1,177.8,9.8,18.0,20260907_150254
2026-09-07 15:07:06.250445,1553.0,49.1,177.8,10.2,18.0,20260907_150254
2026-09-07 15:07:06.450568,1549.0,49.1,177.8,10.2,18.0,20260907_150254
2026-09-07 15:07:06.650679,1555.25,49.1,177.8,11.4,18.4,20260907_150254
2026-09-07 15:07:06.850801,1552.25,49.1,177.8,12.9,19.2,20260907_150254
2026-09-07 15:07:07.050944,1548.25,49.1,177.8,13.3,16.5,20260907_150254
2026-09-07 15:07:07.251059,1510.0,48.5,177.8,7.5,16.9,20260907_150254
2026-09-07 15:07:07.451180,1510.75,48.5,176.0,7.8,16.9,20260907_150254
2026-09-07 15:07:07.651326,1508.5,48.5,176.0,7.8,16.9,20260907_150254
2026-09-07 15:07:07.851457,1514.75,48.5,176.0,7.5,16.9,20260907_150254
2026-09-07 15:07:08.051605,1505.25,47.8,176.0,7.5,16.9,20260907_150254
2026-09-07 15:07:08.251743,1497.5,47.8,176.0,7.8,16.9,20260907_150254
2026-09-07 15:07:08.451882,1489.75,47.2,176.0,7.8,16.9,20260907_150254
2026-09-07 15:07:08.652002,1522.5,47.2,176.0,7.5,16.9,20260907_150254
2026-09-07 15:07:08.852133,1460.0,47.2,176.0,8.6,17.3,20260907_150254
2026-09-07 15:07:09.052359,1441.25,47.2,176.0,9.8,18.4,20260907_150254
2026-09-07 15:07:09.252470,1483.5,46.6,176.0,11.4,18.4,20260907_150254
2026-09-07 15:07:09.452602,1510.0,46.6,176.0,11.0,18.4,20260907_150254
2026-09-07 15:07:09.652730,1537.5,46.6,176.0,13.3,20.8,20260907_150254
2026-09-07 15:07:09.852890,1653.75,46.6,176.0,17.3,21.2,20260907_150254
2026-09-07 15:07:10.053018,1627.25,46.6,176.0,16.9,21.2,20260907_150254
2026-09-07 15:07:10.253137,1616.25,46.6,176.0,17.3,20.8,20260907_150254
2026-09-07 15:07:10.453268,1611.5,46.6,176.0,17.6,21.2,20260907_150254
2026-09-07 15:07:10.653458,1582.75,46.6,176.0,18.8,21.2,20260907_150254
2026-09-07 15:07:10.853584,1557.75,46.6,176.0,20.0,21.2,20260907_150254
2026-09-07 15:07:11.053724,1545.25,46.6,176.0,20.8,21.6,20260907_150254
2026-09-07 15:07:11.253848,1518.75,46.6,176.0,21.6,21.2,20260907_150254
2026-09-07 15:07:11.453996,1496.75,46.6,176.0,22.0,21.2,20260907_150254
2026-09-07 15:07:11.654151,1492.75,46.6,176.0,22.0,21.2,20260907_150254
2026-09-07 15:07:11.854280,1482.0,46.6,176.0,22.4,21.2,20260907_150254
2026-09-07 15:07:12.054423,1479.5,46.6,176.0,22.4,21.2,20260907_150254
2026-09-07 15:07:12.254541,1478.0,46.6,176.0,21.2,20.8,20260907_150254
2026-09-07 15:07:12.454691,1477.25,46.6,176.0,19.6,20.4,20260907_150254
2026-09-07 15:07:12.654815,1479.5,46.6,176.0,21.6,20.4,20260907_150254
2026-09-07 15:07:12.854957,1478.75,46.6,176.0,22.7,22.0,20260907_150254
2026-09-07 15:07:13.055095,1482.75,46.6,176.0,25.5,23.1,20260907_150254
2026-09-07 15:07:13.255260,1482.0,46.6,176.0,28.6,23.5,20260907_150254
2026-09-07 15:07:13.455385,1479.5,46.6,176.0,29.4,23.1,20260907_150254
2026-09-07 15:07:13.655516,1482.0,46.6,176.0,28.2,21.6,20260907_150254
2026-09-07 15:07:13.855720,1482.0,46.6,176.0,23.5,20.4,20260907_150254
2026-09-07 15:07:14.055828,1480.25,46.6,176.0,21.6,20.4,20260907_150254
2026-09-07 15:07:14.255936,1482.75,46.6,176.0,21.6,20.4,20260907_150254
2026-09-07 15:07:14.456103,1482.75,46.6,176.0,21.2,20.4,20260907_150254
2026-09-07 15:07:14.656245,1483.5,46.6,176.0,21.2,20.4,20260907_150254
2026-09-07 15:07:14.856374,1483.5,46.6,176.0,21.2,20.8,20260907_150254
2026-09-07 15:07:15.056513,1479.5,46.6,176.0,21.6,20.8,20260907_150254
2026-09-07 15:07:15.256640,1483.5,46.6,176.0,23.1,22.0,20260907_150254
2026-09-07 15:07:15.456769,1484.25,46.6,176.0,25.1,22.4,20260907_150254
2026-09-07 15:07:15.656923,1490.5,46.6,176.0,27.5,24.3,20260907_150254
2026-09-07 15:07:15.857061,1489.0,47.2,176.0,32.5,25.5,20260907_150254
2026-09-07 15:07:16.057218,1499.0,47.2,176.0,39.6,33.3,20260907_150254
2026-09-07 15:07:16.257353,1512.5,47.2,176.0,45.1,38.4,20260907_150254
2026-09-07 15:07:16.457506,1538.25,47.2,176.0,48.2,41.2,20260907_150254
2026-09-07 15:07:16.657656,1539.0,47.8,176.0,47.8,33.3,20260907_150254
2026-09-07 15:07:16.857773,1525.0,47.8,176.0,41.6,26.3,20260907_150254
2026-09-07 15:07:17.057935,1515.5,47.8,176.0,34.5,23.1,20260907_150254
2026-09-07 15:07:17.258059,1514.75,47.8,176.0,29.0,22.7,20260907_150254
2026-09-07 15:07:17.458179,1515.5,47.8,176.0,27.5,22.7,20260907_150254
2026-09-07 15:07:17.658306,1507.0,47.8,176.0,26.7,21.6,20260907_150254
2026-09-07 15:07:17.858442,1506.25,47.2,176.0,23.1,22.0,20260907_150254
2026-09-07 15:07:18.058576,1513.25,47.8,177.8,23.5,22.7,20260907_150254
2026-09-07 15:07:18.258711,1507.0,47.8,177.8,26.7,23.9,20260907_150254
2026-09-07 15:07:18.458845,1512.5,47.8,177.8,28.6,23.5,20260907_150254
2026-09-07 15:07:18.658966,1510.0,47.8,177.8,28.6,23.1,20260907_150254
2026-09-07 15:07:18.859100,1513.25,47.8,177.8,27.8,23.1,20260907_150254
2026-09-07 15:07:19.059242,1514.75,47.8,177.8,27.8,23.1,20260907_150254
2026-09-07 15:07:19.259361,1511.5,47.8,177.8,28.2,23.5,20260907_150254
2026-09-07 15:07:19.459489,1512.5,47.8,177.8,30.2,25.5,20260907_150254
2026-09-07 15:07:19.659611,1528.0,47.8,177.8,39.2,29.4,20260907_150254
2026-09-07 15:07:19.859766,1535.75,47.8,177.8,43.9,37.6,20260907_150254
2026-09-07 15:07:20.059897,1571.0,47.8,179.6,,22.7,20260907_150254
2026-09-07 15:07:20.390009,1528.0,48.5,179.6,34.9,21.6,20260907_150254
2026-09-07 15:07:20.590147,1531.25,47.8,179.6,27.5,23.1,20260907_150254
2026-09-07 15:07:20.790294,1533.5,47.8,179.6,26.7,22.7,20260907_150254
2026-09-07 15:07:20.990433,1525.0,47.8,179.6,26.7,23.1,20260907_150254
2026-09-07 15:07:21.190536,1524.0,48.5,179.6,26.3,23.1,20260907_150254
2026-09-07 15:07:21.390646,1524.0,48.5,179.6,26.3,23.1,20260907_150254
2026-09-07 15:07:21.590776,1523.25,47.8,179.6,26.3,23.1,20260907_150254
2026-09-07 15:07:21.790899,1525.0,47.8,179.6,26.7,23.1,20260907_150254
2026-09-07 15:07:21.991022,1527.25,48.5,179.6,27.1,23.1,20260907_150254
2026-09-07 15:07:22.191129,1527.25,48.5,181.4,27.1,23.1,20260907_150254
2026-09-07 15:07:22.391261,1527.25,48.5,181.4,27.1,23.5,20260907_150254
2026-09-07 15:07:22.591396,1529.5,48.5,181.4,31.0,24.7,20260907_150254
2026-09-07 15:07:22.791534,1539.0,48.5,181.4,39.6,32.2,20260907_150254
2026-09-07 15:07:22.991664,1569.5,48.5,181.4,43.9,37.6,20260907_150254
2026-09-07 15:07:23.191792,1592.0,48.5,181.4,47.1,42.4,20260907_150254
2026-09-07 15:07:23.391911,1613.25,48.5,181.4,49.4,43.5,20260907_150254
2026-09-07 15:07:23.592050,1591.25,48.5,181.4,51.8,42.4,20260907_150254
2026-09-07 15:07:23.792165,1600.75,49.1,181.4,52.5,41.6,20260907_150254
2026-09-07 15:07:23.992302,1596.75,49.1,181.4,54.5,40.0,20260907_150254
2026-09-07 15:07:24.192424,1592.75,49.1,183.2,54.5,39.6,20260907_150254
2026-09-07 15:07:24.392547,1600.0,49.7,183.2,53.7,39.6,20260907_150254
2026-09-07 15:07:24.592680,1611.5,49.7,183.2,52.9,39.6,20260907_150254
2026-09-07 15:07:24.792799,1620.25,49.7,183.2,52.5,38.8,20260907_150254
2026-09-07 15:07:24.992951,1623.25,49.7,183.2,50.6,38.8,20260907_150254
2026-09-07 15:07:25.193072,1632.75,49.7,183.2,49.8,38.0,20260907_150254
2026-09-07 15:07:25.393194,1635.0,50.3,183.2,48.6,35.7,20260907_150254
2026-09-07 15:07:25.593341,1632.0,50.3,183.2,47.1,36.1,20260907_150254
2026-09-07 15:07:25.793477,1646.0,50.3,183.2,46.3,36.5,20260907_150254
2026-09-07 15:07:25.993610,1639.0,50.3,183.2,42.7,27.8,20260907_150254
2026-09-07 15:07:26.193737,1611.5,50.3,183.2,36.9,26.7,20260907_150254
2026-09-07 15:07:26.393861,1630.25,50.3,185.0,31.4,23.9,20260907_150254
2026-09-07 15:07:26.594008,1592.0,50.3,185.0,23.1,21.2,20260907_150254
2026-09-07 15:07:26.794169,1600.0,50.3,185.0,21.2,22.0,20260907_150254
2026-09-07 15:07:26.994329,1602.25,50.3,185.0,20.8,22.0,20260907_150254
2026-09-07 15:07:27.194447,1592.75,50.3,185.0,20.8,22.4,20260907_150254
2026-09-07 15:07:27.394598,1589.0,50.3,185.0,21.2,22.4,20260907_150254
2026-09-07 15:07:27.594718,1589.75,50.3,185.0,23.1,25.5,20260907_150254
2026-09-07 15:07:27.794848,1595.25,50.3,185.0,34.5,29.0,20260907_150254
2026-09-07 15:07:27.994996,1594.5,50.3,185.0,35.7,27.8,20260907_150254
2026-09-07 15:07:28.195128,1600.75,50.3,185.0,35.7,27.8,20260907_150254
2026-09-07 15:07:28.395257,1605.25,50.3,186.8,35.3,27.8,20260907_150254
2026-09-07 15:07:28.595365,1600.0,50.3,186.8,35.3,27.8,20260907_150254
2026-09-07 15:07:28.795499,1603.75,50.3,186.8,35.3,27.5,20260907_150254
2026-09-07 15:07:28.995634,1600.0,50.3,186.8,34.9,27.5,20260907_150254
2026-09-07 15:07:29.195759,1600.0,50.3,186.8,34.5,27.5,20260907_150254
2026-09-07 15:07:29.395926,1606.25,50.3,186.8,34.9,27.5,20260907_150254
2026-09-07 15:07:29.596040,1606.25,50.3,186.8,34.5,27.5,20260907_150254
2026-09-07 15:07:29.796172,1607.0,50.3,186.8,38.8,33.7,20260907_150254
2026-09-07 15:07:29.996302,1611.5,51.0,186.8,41.6,37.3,20260907_150254
2026-09-07 15:07:30.196423,1615.5,51.0,186.8,41.2,37.3,20260907_150254
2026-09-07 15:07:30.396553,1622.5,51.0,186.8,42.4,39.2,20260907_150254
2026-09-07 15:07:30.596674,1661.5,51.0,186.8,43.1,38.8,20260907_150254
2026-09-07 15:07:30.796810,1649.0,51.0,186.8,43.5,38.4,20260907_150254
2026-09-07 15:07:30.996932,1647.5,51.6,186.8,43.5,38.8,20260907_150254
2026-09-07 15:07:31.197068,1657.0,51.6,186.8,43.5,38.4,20260907_150254
2026-09-07 15:07:31.397204,1664.0,51.6,186.8,43.5,40.4,20260907_150254
2026-09-07 15:07:31.597337,1677.25,51.6,186.8,48.6,43.9,20260907_150254
2026-09-07 15:07:31.797513,1685.75,51.6,186.8,51.0,41.6,20260907_150254
2026-09-07 15:07:31.997642,1686.5,51.6,186.8,50.2,38.8,20260907_150254
2026-09-07 15:07:32.197814,1688.25,52.2,186.8,49.0,38.0,20260907_150254
2026-09-07 15:07:32.397932,1667.75,52.2,186.8,47.8,36.9,20260907_150254
2026-09-07 15:07:32.598061,1685.0,52.2,186.8,47.1,36.5,20260907_150254
2026-09-07 15:07:32.798267,1689.0,52.8,186.8,46.3,34.9,20260907_150254
2026-09-07 15:07:32.998406,1676.5,52.8,186.8,41.2,27.5,20260907_150254
2026-09-07 15:07:33.198525,1682.75,52.8,186.8,35.7,26.3,20260907_150254
2026-09-07 15:07:33.398667,1674.0,52.8,186.8,27.5,22.4,20260907_150254
2026-09-07 15:07:33.598832,1681.25,52.8,186.8,23.5,23.5,20260907_150254
2026-09-07 15:07:33.798958,1684.25,52.8,186.8,23.5,23.9,20260907_150254
2026-09-07 15:07:33.999142,1673.25,52.8,186.8,23.5,23.9,20260907_150254
2026-09-07 15:07:34.199296,1684.25,52.8,188.6,23.9,24.3,20260907_150254
2026-09-07 15:07:34.399410,1670.25,52.8,188.6,24.3,24.3,20260907_150254
2026-09-07 15:07:34.599537,1682.0,52.8,188.6,24.3,24.3,20260907_150254
2026-09-07 15:07:34.799668,1682.0,53.4,188.6,24.3,24.3,20260907_150254
2026-09-07 15:07:34.999798,1675.75,53.4,188.6,25.1,24.7,20260907_150254
2026-09-07 15:07:35.199937,1683.5,52.8,188.6,25.5,24.7,20260907_150254
2026-09-07 15:07:35.400048,1683.5,53.4,186.8,25.9,24.7,20260907_150254
2026-09-07 15:07:35.600210,1683.5,53.4,186.8,25.5,24.7,20260907_150254
2026-09-07 15:07:35.800338,1685.0,53.4,186.8,25.5,24.3,20260907_150254
2026-09-07 15:07:36.000483,1679.5,53.4,186.8,22.7,22.4,20260907_150254
2026-09-07 15:07:36.200626,1689.0,53.4,186.8,20.0,22.4,20260907_150254
2026-09-07 15:07:36.400756,1687.5,53.4,186.8,20.0,22.7,20260907_150254
2026-09-07 15:07:36.600884,1685.75,53.4,186.8,20.0,22.7,20260907_150254
2026-09-07 15:07:36.800986,1690.5,53.4,186.8,20.4,22.7,20260907_150254
2026-09-07 15:07:37.001113,1685.75,53.4,186.8,20.4,22.7,20260907_150254
2026-09-07 15:07:37.201269,1687.5,53.4,186.8,20.4,22.7,20260907_150254
2026-09-07 15:07:37.401438,1689.0,53.4,186.8,21.2,23.9,20260907_150254
2026-09-07 15:07:37.601500,1692.0,53.4,186.8,23.9,25.5,20260907_150254
2026-09-07 15:07:37.801664,1693.75,53.4,186.8,26.7,25.5,20260907_150254
2026-09-07 15:07:38.001765,1696.0,53.4,186.8,31.0,28.6,20260907_150254
2026-09-07 15:07:38.201896,1699.0,53.4,186.8,34.1,30.6,20260907_150254
2026-09-07 15:07:38.402042,1700.75,53.4,186.8,33.7,29.8,20260907_150254
2026-09-07 15:07:38.602166,1700.75,53.4,186.8,33.3,29.0,20260907_150254
2026-09-07 15:07:38.802323,1704.5,54.1,186.8,32.9,28.6,20260907_150254
2026-09-07 15:07:39.002470,1714.75,54.1,186.8,33.3,29.4,20260907_150254
2026-09-07 15:07:39.202579,1710.0,54.1,186.8,33.7,29.4,20260907_150254
2026-09-07 15:07:39.402711,1714.75,54.1,186.8,33.7,29.0,20260907_150254
2026-09-07 15:07:39.602834,1721.0,54.1,186.8,33.3,29.0,20260907_150254
2026-09-07 15:07:39.802999,1717.75,54.1,186.8,33.3,28.2,20260907_150254
2026-09-07 15:07:40.003133,1720.25,54.7,186.8,32.9,27.5,20260907_150254
2026-09-07 15:07:40.203262,1728.0,54.7,186.8,30.2,26.7,20260907_150254
2026-09-07 15:07:40.403389,1725.0,54.7,186.8,29.8,26.7,20260907_150254
2026-09-07 15:07:40.603514,1733.5,54.7,186.8,29.8,26.3,20260907_150254
2026-09-07 15:07:40.803644,1725.0,54.7,186.8,25.5,22.7,20260907_150254
2026-09-07 15:07:41.003797,1726.5,54.7,186.8,20.4,22.7,20260907_150254
2026-09-07 15:07:41.203916,1730.25,54.7,186.8,20.0,22.7,20260907_150254
2026-09-07 15:07:41.404058,1731.25,54.7,186.8,20.0,22.7,20260907_150254
2026-09-07 15:07:41.604215,1732.0,54.7,186.8,20.0,22.0,20260907_150254
2026-09-07 15:07:41.804357,1735.0,54.7,186.8,19.6,22.0,20260907_150254
2026-09-07 15:07:42.004507,1724.0,54.7,186.8,18.4,22.0,20260907_150254
2026-09-07 15:07:42.204620,1725.75,54.7,186.8,18.4,22.0,20260907_150254
2026-09-07 15:07:42.404799,1728.75,54.7,186.8,18.4,22.0,20260907_150254
2026-09-07 15:07:42.604931,1725.75,54.7,186.8,18.4,22.0,20260907_150254
2026-09-07 15:07:42.805074,1725.75,54.7,186.8,18.8,22.7,20260907_150254
2026-09-07 15:07:43.005225,1726.5,54.7,186.8,20.4,23.1,20260907_150254
2026-09-07 15:07:43.205332,1728.75,54.7,186.8,20.8,23.1,20260907_150254
2026-09-07 15:07:43.405497,1727.25,54.7,186.8,20.8,22.7,20260907_150254
2026-09-07 15:07:43.605621,1726.5,54.7,186.8,17.6,20.8,20260907_150254
2026-09-07 15:07:43.805745,1729.5,54.7,186.8,16.5,20.8,20260907_150254
2026-09-07 15:07:44.005896,1721.75,54.7,186.8,16.1,20.8,20260907_150254
2026-09-07 15:07:44.205999,1719.5,54.1,,16.1,20.8,20260907_150254
2026-09-07 15:07:44.538015,1718.75,54.1,186.8,16.1,20.8,20260907_150254
2026-09-07 15:07:44.738132,1716.25,54.1,186.8,15.7,20.4,20260907_150254
2026-09-07 15:07:44.938273,1708.5,54.1,186.8,13.3,18.8,20260907_150254
2026-09-07 15:07:45.138429,1711.5,54.1,186.8,12.2,19.2,20260907_150254
2026-09-07 15:07:45.338542,1710.75,54.1,186.8,13.7,19.6,20260907_150254
2026-09-07 15:07:45.538675,1708.5,54.1,186.8,12.5,19.6,20260907_150254
2026-09-07 15:07:45.738797,1703.75,54.1,186.8,12.9,19.6,20260907_150254
2026-09-07 15:07:45.938941,1702.25,53.4,186.8,13.7,20.0,20260907_150254
2026-09-07 15:07:46.139061,1703.75,53.4,186.8,15.3,20.4,20260907_150254
2026-09-07 15:07:46.339169,1698.25,53.4,186.8,15.3,20.4,20260907_150254
2026-09-07 15:07:46.539323,1697.5,53.4,186.8,16.1,20.8,20260907_150254
2026-09-07 15:07:46.739455,1695.25,53.4,186.8,15.7,20.8,20260907_150254
2026-09-07 15:07:46.939604,1690.5,53.4,186.8,16.1,20.8,20260907_150254
2026-09-07 15:07:47.139754,1692.0,53.4,186.8,16.9,21.2,20260907_150254
2026-09-07 15:07:47.339877,1698.25,53.4,186.8,18.8,22.4,20260907_150254
2026-09-07 15:07:47.540003,1687.5,53.4,186.8,19.6,22.7,20260907_150254
2026-09-07 15:07:47.740146,1688.25,53.4,186.8,20.4,23.5,20260907_150254
2026-09-07 15:07:47.940278,1689.0,53.4,186.8,23.5,26.3,20260907_150254
2026-09-07 15:07:48.140384,1688.25,53.4,186.8,28.2,27.5,20260907_150254
2026-09-07 15:07:48.340521,1690.5,53.4,186.8,31.8,28.6,20260907_150254
2026-09-07 15:07:48.540652,1688.25,53.4,186.8,32.9,29.4,20260907_150254
2026-09-07 15:07:48.740821,1688.25,53.4,186.8,33.3,27.8,20260907_150254
2026-09-07 15:07:48.940965,1695.25,53.4,186.8,32.5,28.6,20260907_150254
2026-09-07 15:07:49.141090,1694.5,53.4,186.8,32.9,28.6,20260907_150254
2026-09-07 15:07:49.341213,1696.0,53.4,186.8,32.5,28.2,20260907_150254
2026-09-07 15:07:49.541347,1694.5,53.4,186.8,32.2,27.8,20260907_150254
2026-09-07 15:07:49.741503,1699.0,53.4,188.6,31.4,27.1,20260907_150254
2026-09-07 15:07:49.941622,1692.75,53.4,188.6,25.1,22.4,20260907_150254
2026-09-07 15:07:50.141748,1700.0,53.4,188.6,18.0,21.2,20260907_150254
2026-09-07 15:07:50.341880,1696.75,53.4,188.6,17.6,21.2,20260907_150254
2026-09-07 15:07:50.542021,1688.25,53.4,188.6,16.9,20.4,20260907_150254
2026-09-07 15:07:50.742149,1689.0,53.4,188.6,15.7,20.0,20260907_150254
2026-09-07 15:07:50.942284,1685.75,53.4,188.6,15.3,20.4,20260907_150254
2026-09-07 15:07:51.142417,1683.5,52.8,188.6,15.3,20.4,20260907_150254
2026-09-07 15:07:51.342553,1678.0,52.8,188.6,16.1,21.6,20260907_150254
2026-09-07 15:07:51.542674,1677.25,52.8,188.6,18.0,22.4,20260907_150254
2026-09-07 15:07:51.742844,1678.75,52.8,188.6,19.6,24.3,20260907_150254
2026-09-07 15:07:51.943014,1684.25,52.8,188.6,26.3,28.2,20260907_150254
2026-09-07 15:07:52.143136,1676.5,52.8,188.6,34.9,32.2,20260907_150254
2026-09-07 15:07:52.343272,1686.5,52.8,188.6,37.3,37.3,20260907_150254
2026-09-07 15:07:52.543396,1685.75,53.4,188.6,40.0,39.2,20260907_150254
2026-09-07 15:07:52.743568,1709.25,53.4,188.6,40.4,38.0,20260907_150254
2026-09-07 15:07:52.943697,1692.75,53.4,188.6,33.7,25.1,20260907_150254
2026-09-07 15:07:53.143845,1685.75,53.4,188.6,22.0,22.4,20260907_150254
2026-09-07 15:07:53.343975,1685.75,53.4,188.6,19.2,20.4,20260907_150254
2026-09-07 15:07:53.544105,1679.5,53.4,188.6,16.5,20.8,20260907_150254
2026-09-07 15:07:53.744237,1675.75,52.8,188.6,16.5,21.2,20260907_150254
2026-09-07 15:07:53.944388,1677.25,52.8,188.6,16.5,21.2,20260907_150254
2026-09-07 15:07:54.144497,1675.75,52.8,188.6,16.9,21.2,20260907_150254
2026-09-07 15:07:54.344626,1670.25,52.8,188.6,16.9,21.2,20260907_150254
2026-09-07 15:07:54.544750,1663.25,52.8,188.6,17.3,20.4,20260907_150254
2026-09-07 15:07:54.744883,1667.75,52.8,188.6,14.9,18.8,20260907_150254
2026-09-07 15:07:54.945011,1655.25,52.2,188.6,14.1,19.6,20260907_150254
2026-09-07 15:07:55.145179,1653.75,52.2,188.6,14.1,19.2,20260907_150254
2026-09-07 15:07:55.345314,1653.75,52.2,190.4,13.7,19.2,20260907_150254
2026-09-07 15:07:55.545481,1650.0,52.2,190.4,13.7,19.6,20260907_150254
2026-09-07 15:07:55.745613,1645.25,52.2,190.4,16.1,20.4,20260907_150254
2026-09-07 15:07:55.945743,1648.25,51.6,190.4,17.6,21.2,20260907_150254
2026-09-07 15:07:56.145894,1641.25,51.6,190.4,18.4,21.2,20260907_150254
2026-09-07 15:07:56.346032,1640.5,51.6,190.4,18.0,21.2,20260907_150254
2026-09-07 15:07:56.546162,1633.5,51.6,190.4,19.6,23.1,20260907_150254
2026-09-07 15:07:56.746318,1637.5,51.6,190.4,21.2,22.4,20260907_150254
2026-09-07 15:08:00.756157,1630.25,51.6,190.4,25.1,23.1,20260907_150758
2026-09-07 15:08:00.956336,1633.5,51.6,190.4,23.5,22.7,20260907_150758
2026-09-07 15:08:01.156487,1632.0,51.6,190.4,22.4,22.7,20260907_150758
2026-09-07 15:08:01.356626,1624.0,51.6,190.4,22.0,22.4,20260907_150758
2026-09-07 15:08:01.556753,1626.5,51.6,190.4,20.8,22.0,20260907_150758
2026-09-07 15:08:01.756908,1625.0,51.6,190.4,20.8,21.6,20260907_150758
2026-09-07 15:08:01.957049,1621.0,51.6,190.4,18.8,20.8,20260907_150758
2026-09-07 15:08:02.157177,1623.25,51.0,190.4,18.4,20.8,20260907_150758
2026-09-07 15:08:02.357295,1614.75,51.0,190.4,18.4,20.8,20260907_150758
2026-09-07 15:08:02.557580,1614.0,51.0,190.4,18.4,20.8,20260907_150758
2026-09-07 15:08:02.757706,1617.75,51.0,190.4,18.4,20.8,20260907_150758
2026-09-07 15:08:02.957853,1611.5,51.0,190.4,18.4,20.8,20260907_150758
2026-09-07 15:08:03.157967,1613.25,51.0,190.4,18.4,20.8,20260907_150758
2026-09-07 15:08:03.358124,1610.0,51.0,190.4,17.3,18.8,20260907_150758
2026-09-07 15:08:03.558244,1605.25,51.0,190.4,14.1,19.2,20260907_150758
2026-09-07 15:08:03.758389,1609.25,51.0,190.4,14.9,19.2,20260907_150758
2026-09-07 15:08:03.958519,1605.25,51.0,190.4,14.9,19.2,20260907_150758
2026-09-07 15:08:04.158641,1601.5,50.3,190.4,12.9,15.7,20260907_150758
2026-09-07 15:08:04.358766,1596.0,50.3,190.4,9.4,18.0,20260907_150758
2026-09-07 15:08:04.558890,1591.25,50.3,190.4,9.0,17.6,20260907_150758
2026-09-07 15:08:04.759031,1600.0,50.3,190.4,9.0,19.6,20260907_150758
2026-09-07 15:08:04.959170,1593.75,50.3,190.4,14.1,20.8,20260907_150758
2026-09-07 15:08:05.159306,1642.75,50.3,190.4,18.4,20.8,20260907_150758
2026-09-07 15:08:05.359467,1627.25,50.3,190.4,18.8,21.2,20260907_150758
2026-09-07 15:08:05.559587,1602.25,50.3,190.4,19.2,21.6,20260907_150758
2026-09-07 15:08:05.759726,1619.5,50.3,190.4,20.0,23.1,20260907_150758
2026-09-07 15:08:05.959875,1638.25,50.3,190.4,22.4,23.9,20260907_150758
2026-09-07 15:08:06.160021,1638.25,50.3,190.4,26.7,25.5,20260907_150758
2026-09-07 15:08:06.360153,1614.75,50.3,190.4,28.6,25.1,20260907_150758
2026-09-07 15:08:06.560266,1602.25,50.3,190.4,29.0,25.1,20260907_150758
2026-09-07 15:08:06.760393,1601.5,50.3,190.4,28.6,24.7,20260907_150758
2026-09-07 15:08:06.960540,1598.25,50.3,190.4,27.8,23.1,20260907_150758
2026-09-07 15:08:07.160675,1598.25,50.3,190.4,23.5,22.7,20260907_150758
2026-09-07 15:08:07.360803,1597.5,50.3,190.4,22.4,20.4,20260907_150758
2026-09-07 15:08:07.560933,1605.25,50.3,190.4,21.6,22.4,20260907_150758
2026-09-07 15:08:07.761053,1596.0,50.3,190.4,21.6,22.4,20260907_150758
2026-09-07 15:08:07.961212,1601.5,50.3,190.4,21.2,22.0,20260907_150758
2026-09-07 15:08:08.161319,1608.5,50.3,190.4,20.8,22.0,20260907_150758
2026-09-07 15:08:08.361502,1598.25,51.0,190.4,20.4,20.4,20260907_150758
2026-09-07 15:08:08.561629,1600.75,50.3,190.4,17.6,20.0,20260907_150758
2026-09-07 15:08:08.761749,1600.75,50.3,190.4,17.3,20.0,20260907_150758
2026-09-07 15:08:08.961887,1599.0,50.3,190.4,17.3,20.4,20260907_150758
2026-09-07 15:08:09.161997,1605.25,50.3,190.4,17.3,20.4,20260907_150758
2026-09-07 15:08:09.362126,1600.0,50.3,190.4,16.5,19.2,20260907_150758
2026-09-07 15:08:09.562251,1599.0,50.3,190.4,15.3,19.6,20260907_150758
2026-09-07 15:08:09.762372,1606.25,50.3,190.4,16.1,18.8,20260907_150758
2026-09-07 15:08:09.962527,1598.25,50.3,190.4,14.5,19.2,20260907_150758
2026-09-07 15:08:10.162650,1598.25,50.3,190.4,14.5,19.2,20260907_150758
2026-09-07 15:08:10.362777,1600.0,50.3,190.4,,19.2,20260907_150758
2026-09-07 15:08:10.700224,1597.5,50.3,190.4,14.5,19.2,20260907_150758
2026-09-07 15:08:10.900356,1594.5,50.3,190.4,14.5,19.2,20260907_150758
2026-09-07 15:08:11.100501,1593.75,50.3,190.4,14.5,19.2,20260907_150758
2026-09-07 15:08:11.300607,1594.5,50.3,190.4,14.5,19.2,20260907_150758
2026-09-07 15:08:11.500732,1592.0,50.3,190.4,14.9,19.2,20260907_150758
2026-09-07 15:08:11.700864,1592.75,50.3,190.4,14.9,19.2,20260907_150758
2026-09-07 15:08:11.901008,1592.75,50.3,190.4,14.5,19.2,20260907_150758
2026-09-07 15:08:12.101158,1592.0,50.3,190.4,14.9,20.4,20260907_150758
2026-09-07 15:08:12.301267,1592.0,50.3,190.4,17.3,20.4,20260907_150758
2026-09-07 15:08:12.501505,1592.75,50.3,190.4,17.6,20.4,20260907_150758
2026-09-07 15:08:12.701727,1590.5,50.3,190.4,17.6,20.4,20260907_150758
2026-09-07 15:08:12.901864,1593.75,50.3,190.4,17.6,20.8,20260907_150758
2026-09-07 15:08:13.102020,1595.25,50.3,190.4,20.4,21.2,20260907_150758
2026-09-07 15:08:13.302175,1593.75,50.3,190.4,19.6,21.2,20260907_150758
2026-09-07 15:08:13.502351,1596.0,50.3,188.6,19.6,21.2,20260907_150758
2026-09-07 15:08:13.702490,1593.75,50.3,188.6,20.8,22.4,20260907_150758
2026-09-07 15:08:13.902621,1590.5,50.3,188.6,23.1,23.1,20260907_150758
2026-09-07 15:08:14.102737,1593.75,50.3,188.6,21.6,21.6,20260907_150758
2026-09-07 15:08:14.302861,1592.0,50.3,188.6,20.0,21.2,20260907_150758
2026-09-07 15:08:14.502993,1591.25,50.3,188.6,19.6,21.2,20260907_150758
2026-09-07 15:08:14.703141,1596.75,50.3,188.6,19.6,21.2,20260907_150758
2026-09-07 15:08:14.903276,1597.5,50.3,188.6,19.6,21.2,20260907_150758
2026-09-07 15:08:15.103387,1592.0,50.3,188.6,19.6,18.8,20260907_150758
2026-09-07 15:08:15.303513,1593.75,50.3,188.6,15.7,19.2,20260907_150758
2026-09-07 15:08:15.503642,1591.25,50.3,188.6,17.3,20.0,20260907_150758
2026-09-07 15:08:15.703763,1593.75,50.3,188.6,20.0,20.8,20260907_150758
2026-09-07 15:08:15.903906,1589.0,50.3,188.6,21.2,21.6,20260907_150758
2026-09-07 15:08:16.104035,1589.0,50.3,188.6,20.8,21.6,20260907_150758
2026-09-07 15:08:16.304161,1589.0,50.3,188.6,20.4,21.6,20260907_150758
2026-09-07 15:08:16.504295,1592.0,50.3,188.6,21.2,22.4,20260907_150758
2026-09-07 15:08:16.704443,1593.75,50.3,188.6,23.5,23.1,20260907_150758
2026-09-07 15:08:16.904585,1589.0,50.3,188.6,23.9,23.1,20260907_150758
2026-09-07 15:08:17.104726,1586.5,50.3,188.6,23.5,23.1,20260907_150758
2026-09-07 15:08:17.304844,1584.25,50.3,188.6,23.9,23.9,20260907_150758
2026-09-07 15:08:17.505020,1584.25,50.3,188.6,25.9,23.9,20260907_150758
2026-09-07 15:08:17.705149,1592.0,50.3,188.6,26.7,25.1,20260907_150758
2026-09-07 15:08:17.905299,1592.0,50.3,188.6,32.5,28.2,20260907_150758
2026-09-07 15:08:18.105466,1594.5,50.3,188.6,39.2,33.3,20260907_150758
2026-09-07 15:08:18.305612,1613.25,50.3,188.6,40.8,38.4,20260907_150758
2026-09-07 15:08:18.505734,1628.0,50.3,188.6,43.1,40.4,20260907_150758
2026-09-07 15:08:18.705866,1613.25,50.3,188.6,45.9,39.6,20260907_150758
2026-09-07 15:08:18.905991,1621.75,50.3,188.6,45.1,38.4,20260907_150758
2026-09-07 15:08:19.106113,1624.0,50.3,190.4,44.7,38.8,20260907_150758
2026-09-07 15:08:19.306242,1633.5,50.3,188.6,45.1,36.5,20260907_150758
2026-09-07 15:08:19.506373,1601.5,50.3,188.6,37.6,25.5,20260907_150758
2026-09-07 15:08:19.706513,1611.5,50.3,188.6,33.7,26.7,20260907_150758
2026-09-07 15:08:19.906645,1615.5,50.3,190.4,34.5,27.1,20260907_150758
2026-09-07 15:08:20.106778,1598.25,50.3,190.4,36.1,31.4,20260907_150758
2026-09-07 15:08:20.306908,1610.0,50.3,190.4,41.2,35.7,20260907_150758
2026-09-07 15:08:20.507061,1628.0,50.3,190.4,42.0,38.4,20260907_150758
2026-09-07 15:08:20.707189,1625.75,50.3,190.4,43.1,38.8,20260907_150758
2026-09-07 15:08:20.907323,1625.0,50.3,190.4,43.9,38.4,20260907_150758
2026-09-07 15:08:21.107451,1617.0,50.3,190.4,43.1,29.4,20260907_150758
2026-09-07 15:08:21.307563,1608.5,50.3,190.4,35.3,24.7,20260907_150758
2026-09-07 15:08:21.507724,1596.75,50.3,190.4,29.0,23.9,20260907_150758
2026-09-07 15:08:21.707892,1596.75,50.3,190.4,29.4,25.5,20260907_150758
2026-09-07 15:08:21.908041,1610.0,50.3,190.4,35.3,30.2,20260907_150758
2026-09-07 15:08:22.108129,1636.5,49.7,190.4,40.4,37.6,20260907_150758
2026-09-07 15:08:22.308280,1626.5,49.7,190.4,45.5,42.4,20260907_150758
2026-09-07 15:08:22.508417,1627.25,50.3,190.4,48.2,54.1,20260907_150758
2026-09-07 15:08:22.708559,1643.75,50.3,190.4,50.6,60.8,20260907_150758
2026-09-07 15:08:22.908695,1629.5,50.3,190.4,55.3,60.8,20260907_150758
2026-09-07 15:08:23.108840,1641.25,50.3,190.4,58.8,60.0,20260907_150758
2026-09-07 15:08:23.308961,1649.0,50.3,190.4,61.6,59.2,20260907_150758
2026-09-07 15:08:23.509102,1657.75,50.3,190.4,64.3,57.3,20260907_150758
2026-09-07 15:08:23.709221,1653.0,50.3,190.4,67.8,55.3,20260907_150758
2026-09-07 15:08:23.909424,1660.75,50.3,190.4,69.8,52.9,20260907_150758
2026-09-07 15:08:24.109575,1664.75,50.3,190.4,71.8,50.2,20260907_150758
2026-09-07 15:08:24.309704,1658.5,51.0,190.4,72.9,48.2,20260907_150758
2026-09-07 15:08:24.509839,1653.0,51.0,190.4,72.9,46.7,20260907_150758
2026-09-07 15:08:24.709961,1621.75,51.0,190.4,72.2,42.7,20260907_150758
2026-09-07 15:08:24.910093,1627.25,51.0,190.4,69.4,44.3,20260907_150758
2026-09-07 15:08:25.110233,1640.5,51.0,190.4,65.9,34.1,20260907_150758
2026-09-07 15:08:25.310361,1621.75,51.0,190.4,51.8,27.5,20260907_150758
2026-09-07 15:08:25.510488,1624.0,51.0,190.4,46.3,28.6,20260907_150758
2026-09-07 15:08:25.710607,1639.0,51.0,190.4,44.3,28.6,20260907_150758
2026-09-07 15:08:25.910749,1633.5,51.0,190.4,44.3,29.8,20260907_150758
2026-09-07 15:08:26.110861,1641.25,51.0,190.4,44.7,34.5,20260907_150758
2026-09-07 15:08:26.310997,1642.75,51.0,190.4,45.1,36.1,20260907_150758
2026-09-07 15:08:26.511126,1636.5,51.0,190.4,45.1,37.3,20260907_150758
2026-09-07 15:08:26.711256,1632.0,51.0,190.4,44.7,37.6,20260907_150758
2026-09-07 15:08:26.911402,1635.75,51.0,190.4,43.9,38.0,20260907_150758
2026-09-07 15:08:27.111521,1639.0,51.0,190.4,43.5,38.0,20260907_150758
2026-09-07 15:08:27.311675,1632.75,51.0,190.4,43.5,38.4,20260907_150758
2026-09-07 15:08:27.511796,1641.25,51.0,190.4,43.5,38.8,20260907_150758
2026-09-07 15:08:27.711919,1637.5,51.0,190.4,44.3,39.2,20260907_150758
2026-09-07 15:08:27.912124,1642.75,51.0,190.4,44.7,38.8,20260907_150758
2026-09-07 15:08:28.112224,1667.75,51.0,190.4,48.6,48.6,20260907_150758
2026-09-07 15:08:28.312356,1653.0,51.0,190.4,51.0,51.4,20260907_150758
2026-09-07 15:08:28.512507,1679.5,51.0,190.4,55.3,49.8,20260907_150758
2026-09-07 15:08:28.712633,1686.5,51.6,190.4,59.2,47.8,20260907_150758
2026-09-07 15:08:28.912805,1686.5,51.6,190.4,60.4,46.3,20260907_150758
2026-09-07 15:08:29.112933,1689.75,51.6,190.4,61.6,44.3,20260907_150758
2026-09-07 15:08:29.313054,1678.75,51.6,190.4,62.4,42.4,20260907_150758
2026-09-07 15:08:29.513178,1676.5,51.6,190.4,60.0,39.6,20260907_150758
2026-09-07 15:08:29.713310,1675.0,51.6,188.6,57.6,40.4,20260907_150758
2026-09-07 15:08:29.913505,1682.0,51.6,188.6,56.9,38.0,20260907_150758
2026-09-07 15:08:30.113628,1656.25,51.6,188.6,49.4,30.6,20260907_150758
2026-09-07 15:08:30.313773,1671.0,52.2,188.6,48.2,32.5,20260907_150758
2026-09-07 15:08:30.513910,1682.0,52.2,188.6,47.8,34.9,20260907_150758
2026-09-07 15:08:30.714053,1679.5,52.2,188.6,48.2,35.7,20260907_150758
2026-09-07 15:08:30.914196,1679.5,52.2,188.6,47.8,36.5,20260907_150758
2026-09-07 15:08:31.114309,1656.25,52.2,188.6,43.5,25.1,20260907_150758
2026-09-07 15:08:31.314471,1656.25,52.2,188.6,33.3,21.2,20260907_150758
2026-09-07 15:08:31.514589,1643.75,51.6,188.6,22.7,22.0,20260907_150758
2026-09-07 15:08:31.714716,1648.25,51.6,188.6,22.4,22.4,20260907_150758
2026-09-07 15:08:31.914854,1632.0,51.6,188.6,22.7,22.7,20260907_150758
2026-09-07 15:08:32.114986,1632.75,51.6,188.6,22.7,22.7,20260907_150758
2026-09-07 15:08:32.315097,1628.75,51.6,188.6,22.4,24.3,20260907_150758
2026-09-07 15:08:32.515232,1623.25,,188.6,35.3,28.2,20260907_150758
2026-09-07 15:08:32.852027,1624.0,51.6,188.6,35.3,28.2,20260907_150758
2026-09-07 15:08:33.052152,1634.25,51.6,186.8,38.0,33.7,20260907_150758
2026-09-07 15:08:33.252301,1642.0,51.6,186.8,40.0,38.0,20260907_150758
2026-09-07 15:08:33.452448,1669.5,51.6,186.8,43.5,40.4,20260907_150758
2026-09-07 15:08:33.652588,1653.0,51.6,186.8,45.1,40.8,20260907_150758
2026-09-07 15:08:33.852773,1657.0,51.6,186.8,46.7,40.0,20260907_150758
2026-09-07 15:08:34.052915,1666.25,51.6,186.8,45.9,38.4,20260907_150758
2026-09-07 15:08:34.253030,1660.0,51.6,185.0,45.5,38.0,20260907_150758
2026-09-07 15:08:34.453166,1655.25,51.6,185.0,45.1,30.2,20260907_150758
2026-09-07 15:08:34.653315,1635.0,51.6,185.0,35.7,25.5,20260907_150758
2026-09-07 15:08:34.853467,1645.25,51.6,185.0,32.2,26.3,20260907_150758
2026-09-07 15:08:35.053610,1655.25,51.6,185.0,33.3,27.1,20260907_150758
2026-09-07 15:08:35.253741,1644.5,51.6,185.0,34.5,27.1,20260907_150758
2026-09-07 15:08:35.453864,1639.75,51.6,185.0,33.7,27.1,20260907_150758
2026-09-07 15:08:35.654024,1628.0,51.6,185.0,34.9,27.1,20260907_150758
2026-09-07 15:08:35.854178,1635.0,51.6,183.2,30.6,22.0,20260907_150758
2026-09-07 15:08:36.054301,1628.75,51.6,183.2,20.0,21.6,20260907_150758
2026-09-07 15:08:36.254431,1623.25,51.6,183.2,20.4,21.6,20260907_150758
2026-09-07 15:08:36.454776,1627.25,51.6,183.2,19.6,21.6,20260907_150758
2026-09-07 15:08:36.654882,1625.0,51.0,183.2,20.0,21.6,20260907_150758
2026-09-07 15:08:36.855024,1621.0,51.0,183.2,19.6,21.6,20260907_150758
2026-09-07 15:08:37.055162,1614.0,51.0,183.2,19.2,19.6,20260907_150758
2026-09-07 15:08:37.255264,1611.5,51.0,183.2,16.9,20.0,20260907_150758
2026-09-07 15:08:37.455409,1603.0,51.0,183.2,18.0,20.0,20260907_150758
2026-09-07 15:08:37.655535,1603.75,51.0,183.2,17.3,20.0,20260907_150758
2026-09-07 15:08:37.855668,1608.5,51.0,183.2,17.3,20.0,20260907_150758
2026-09-07 15:08:38.055801,1599.0,50.3,183.2,17.3,20.0,20260907_150758
2026-09-07 15:08:38.255957,1600.0,50.3,183.2,17.3,20.0,20260907_150758
2026-09-07 15:08:38.456091,1596.75,50.3,183.2,17.6,20.0,20260907_150758
2026-09-07 15:08:38.656211,1589.0,50.3,183.2,17.6,20.0,20260907_150758
2026-09-07 15:08:38.856329,1587.5,50.3,181.4,17.3,20.4,20260907_150758
2026-09-07 15:08:39.056474,1588.25,50.3,181.4,18.0,21.2,20260907_150758
2026-09-07 15:08:39.256605,1585.0,50.3,181.4,21.2,21.6,20260907_150758
2026-09-07 15:08:39.456726,1580.25,49.7,181.4,20.8,22.4,20260907_150758
2026-09-07 15:08:39.656870,1581.25,49.7,181.4,22.7,22.4,20260907_150758
2026-09-07 15:08:39.857009,1583.5,49.7,181.4,23.9,23.1,20260907_150758
2026-09-07 15:08:40.057140,1592.75,49.7,181.4,37.6,32.9,20260907_150758
2026-09-07 15:08:40.257274,1582.75,49.7,181.4,39.6,32.5,20260907_150758
2026-09-07 15:08:40.457446,1580.25,49.7,181.4,32.9,25.9,20260907_150758
2026-09-07 15:08:40.657576,1587.5,49.7,181.4,31.0,25.5,20260907_150758
2026-09-07 15:08:40.857712,1584.25,50.3,181.4,31.4,25.9,20260907_150758
2026-09-07 15:08:41.057850,1586.5,50.3,181.4,31.8,26.7,20260907_150758
2026-09-07 15:08:41.257991,1591.25,50.3,181.4,35.7,29.4,20260907_150758
2026-09-07 15:08:41.458134,1596.0,50.3,181.4,36.9,29.0,20260907_150758
2026-09-07 15:08:41.658258,1590.5,50.3,181.4,37.3,28.2,20260907_150758
2026-09-07 15:08:41.858396,1585.75,50.3,181.4,34.1,25.5,20260907_150758
2026-09-07 15:08:42.058566,1593.75,50.3,181.4,31.4,25.1,20260907_150758
2026-09-07 15:08:42.258680,1593.75,50.3,181.4,28.2,23.5,20260907_150758
2026-09-07 15:08:42.458827,1595.25,50.3,181.4,26.3,23.1,20260907_150758
2026-09-07 15:08:42.658962,1591.25,50.3,181.4,25.9,23.5,20260907_150758
2026-09-07 15:08:42.859118,1597.5,50.3,181.4,26.3,23.9,20260907_150758
2026-09-07 15:08:43.059264,1596.0,50.3,181.4,27.1,23.9,20260907_150758
2026-09-07 15:08:43.259382,1595.25,50.3,181.4,26.3,23.5,20260907_150758
2026-09-07 15:08:43.459538,1596.0,50.3,181.4,26.7,23.9,20260907_150758
2026-09-07 15:08:43.659660,1602.25,50.3,181.4,26.7,23.9,20260907_150758
2026-09-07 15:08:43.859794,1600.75,50.3,181.4,26.3,23.9,20260907_150758
2026-09-07 15:08:44.059943,1600.0,50.3,181.4,22.7,22.4,20260907_150758
2026-09-07 15:08:44.260074,1600.75,50.3,181.4,21.6,22.4,20260907_150758
2026-09-07 15:08:44.460204,1596.75,50.3,181.4,20.0,22.4,20260907_150758
2026-09-07 15:08:44.660330,1598.25,50.3,181.4,22.0,22.0,20260907_150758
2026-09-07 15:08:44.860494,1603.75,50.3,181.4,21.6,22.4,20260907_150758
2026-09-07 15:08:45.060609,1598.25,50.3,181.4,21.6,22.4,20260907_150758
2026-09-07 15:08:45.260741,1601.5,50.3,181.4,21.6,22.4,20260907_150758
2026-09-07 15:08:45.460866,1600.0,50.3,181.4,21.6,22.0,20260907_150758
2026-09-07 15:08:45.661033,1598.25,50.3,181.4,18.4,18.4,20260907_150758
2026-09-07 15:08:45.861172,1600.75,50.3,181.4,12.2,17.6,20260907_150758
2026-09-07 15:08:46.061307,1598.25,50.3,181.4,9.4,16.5,20260907_150758
2026-09-07 15:08:46.261457,1585.75,50.3,181.4,7.5,17.3,20260907_150758
2026-09-07 15:08:46.461840,1584.25,49.7,181.4,7.5,16.9,20260907_150758
2026-09-07 15:08:46.661965,1562.5,49.7,181.4,7.5,16.9,20260907_150758
2026-09-07 15:08:46.862101,1544.5,49.1,181.4,7.5,16.9,20260907_150758
2026-09-07 15:08:47.062219,1526.5,48.5,181.4,7.5,16.9,20260907_150758
2026-09-07 15:08:47.262345,1514.0,48.5,181.4,7.5,16.9,20260907_150758
2026-09-07 15:08:47.462456,1509.25,47.8,181.4,7.5,16.9,20260907_150758
2026-09-07 15:08:47.662579,1503.75,47.8,181.4,7.5,16.9,20260907_150758
2026-09-07 15:08:47.862749,1500.0,47.8,181.4,7.8,17.6,20260907_150758
2026-09-07 15:08:48.062853,1494.5,47.8,181.4,9.0,17.3,20260907_150758
2026-09-07 15:08:48.262994,1489.75,47.2,181.4,9.4,17.6,20260907_150758
2026-09-07 15:08:48.463113,1489.75,47.2,181.4,9.4,17.6,20260907_150758
2026-09-07 15:08:48.663239,1489.75,47.2,181.4,9.4,17.6,20260907_150758
2026-09-07 15:08:48.863384,1590.5,46.6,181.4,8.6,17.6,20260907_150758
2026-09-07 15:08:49.063504,1707.75,46.6,181.4,7.5,18.0,20260907_150758
2026-09-07 15:08:49.263641,1816.25,46.6,181.4,7.1,18.0,20260907_150758
2026-09-07 15:08:49.463766,1846.75,46.6,181.4,7.1,18.0,20260907_150758
2026-09-07 15:08:49.663913,1835.75,46.0,181.4,7.1,17.6,20260907_150758
2026-09-07 15:08:49.864038,1842.75,46.0,181.4,7.1,19.2,20260907_150758
2026-09-07 15:08:50.064153,1832.75,46.0,181.4,9.4,18.8,20260907_150758
2026-09-07 15:08:50.264295,1834.25,46.0,181.4,9.0,18.8,20260907_150758
2026-09-07 15:08:50.464434,1835.0,46.0,181.4,9.0,18.8,20260907_150758
2026-09-07 15:08:50.664544,1832.75,46.0,181.4,9.0,18.8,20260907_150758
2026-09-07 15:08:50.864663,1832.75,46.0,181.4,9.0,18.8,20260907_150758
2026-09-07 15:08:51.064796,1832.0,46.0,179.6,9.8,19.2,20260907_150758
2026-09-07 15:08:51.264945,1831.25,46.0,179.6,10.2,19.2,20260907_150758
2026-09-07 15:08:51.465064,1828.0,45.4,179.6,9.8,19.6,20260907_150758
2026-09-07 15:08:51.665197,1839.0,45.4,179.6,11.0,20.0,20260907_150758
2026-09-07 15:08:51.865343,1835.75,45.4,179.6,11.4,19.6,20260907_150758
2026-09-07 15:08:52.065474,1733.5,45.4,179.6,11.4,19.6,20260907_150758
2026-09-07 15:08:52.265593,1581.25,45.4,179.6,12.9,18.8,20260907_150758
2026-09-07 15:08:52.465738,1480.25,45.4,179.6,14.1,18.8,20260907_150758
2026-09-07 15:08:52.665861,1452.25,45.4,179.6,14.9,18.8,20260907_150758
2026-09-07 15:08:52.865985,1456.25,45.4,179.6,14.5,18.8,20260907_150758
2026-09-07 15:08:53.066108,1449.0,45.4,179.6,14.5,18.8,20260907_150758
2026-09-07 15:08:53.266257,1433.5,45.4,179.6,14.9,18.4,20260907_150758
2026-09-07 15:08:53.466371,1427.25,45.4,179.6,12.2,16.5,20260907_150758
2026-09-07 15:08:53.666502,1422.5,44.7,179.6,9.0,16.5,20260907_150758
2026-09-07 15:08:53.866611,1428.75,44.7,179.6,8.6,16.5,20260907_150758
2026-09-07 15:08:54.066737,1425.75,44.7,179.6,9.0,17.3,20260907_150758
2026-09-07 15:08:54.266872,1424.0,44.7,179.6,12.2,19.6,20260907_150758
2026-09-07 15:08:54.466984,1421.75,44.7,179.6,18.4,19.6,20260907_150758
2026-09-07 15:08:54.667132,,44.7,179.6,19.2,19.6,20260907_150758
2026-09-07 15:08:55.000676,1421.75,44.7,179.6,19.2,19.6,20260907_150758
2026-09-07 15:08:55.200793,1417.75,44.7,179.6,17.3,18.0,20260907_150758
2026-09-07 15:08:55.400939,1412.5,44.7,179.6,12.2,16.9,20260907_150758
2026-09-07 15:08:55.601063,1410.75,44.7,179.6,9.0,16.9,20260907_150758
2026-09-07 15:08:55.801187,1426.5,44.7,179.6,8.6,16.5,20260907_150758
2026-09-07 15:08:56.001330,1405.25,44.7,179.6,8.6,16.9,20260907_150758
2026-09-07 15:08:56.201470,1421.75,44.7,179.6,12.2,16.5,20260907_150758
2026-09-07 15:08:56.401598,1390.5,44.1,179.6,9.0,16.1,20260907_150758
2026-09-07 15:08:56.601765,1396.75,44.1,179.6,8.6,16.5,20260907_150758
2026-09-07 15:08:56.801877,1385.0,44.1,179.6,9.0,16.5,20260907_150758
2026-09-07 15:08:57.002024,1378.0,44.1,179.6,8.6,16.5,20260907_150758
2026-09-07 15:08:57.202145,1373.25,43.5,179.6,8.6,16.5,20260907_150758
2026-09-07 15:08:57.402288,1367.75,43.5,179.6,8.6,16.5,20260907_150758
2026-09-07 15:08:57.602413,1358.5,43.5,179.6,8.6,16.5,20260907_150758
2026-09-07 15:08:57.802527,1352.25,42.9,179.6,8.6,16.5,20260907_150758
2026-09-07 15:08:58.002660,1340.5,42.9,179.6,9.4,17.3,20260907_150758
2026-09-07 15:08:58.202786,1331.25,42.3,179.6,10.6,17.3,20260907_150758
2026-09-07 15:08:58.402908,1320.25,42.3,179.6,11.0,17.3,20260907_150758
2026-09-07 15:08:58.603021,1307.75,41.6,179.6,11.0,17.3,20260907_150758
2026-09-07 15:08:58.803147,1306.25,41.6,179.6,11.0,16.9,20260907_150758
2026-09-07 15:08:59.003314,1303.75,41.0,179.6,11.0,16.9,20260907_150758
2026-09-07 15:08:59.203431,1386.5,40.4,179.6,10.2,17.3,20260907_150758
2026-09-07 15:08:59.403561,1483.5,40.4,179.6,9.4,17.6,20260907_150758
2026-09-07 15:08:59.603707,1570.25,39.8,179.6,8.6,17.6,20260907_150758
2026-09-07 15:08:59.803824,1571.0,39.1,179.6,8.6,17.6,20260907_150758
2026-09-07 15:09:00.003975,1561.5,39.1,179.6,9.0,17.6,20260907_150758
2026-09-07 15:09:00.204113,1539.75,38.5,179.6,9.0,17.6,20260907_150758
2026-09-07 15:09:00.404250,1529.5,38.5,179.6,7.5,16.9,20260907_150758
2026-09-07 15:09:00.604388,1488.25,38.5,179.6,7.8,16.9,20260907_150758
2026-09-07 15:09:00.804512,1464.75,38.5,179.6,8.2,17.3,20260907_150758
2026-09-07 15:09:01.004658,1470.25,38.5,179.6,8.6,18.0,20260907_150758
2026-09-07 15:09:01.204784,1513.25,38.5,179.6,11.0,20.0,20260907_150758
2026-09-07 15:09:01.404929,1628.0,38.5,179.6,13.3,19.6,20260907_150758
2026-09-07 15:09:01.605153,1623.25,38.5,179.6,12.5,19.2,20260907_150758
2026-09-07 15:09:01.805283,1609.25,37.9,179.6,12.2,19.2,20260907_150758
2026-09-07 15:09:02.005474,1611.5,37.9,179.6,12.2,19.2,20260907_150758
2026-09-07 15:09:02.205590,1583.5,37.9,179.6,13.7,20.4,20260907_150758
2026-09-07 15:09:02.405718,1528.75,37.9,179.6,18.8,22.4,20260907_150758
2026-09-07 15:09:02.605870,1517.0,37.9,179.6,27.1,23.9,20260907_150758
2026-09-07 15:09:02.805999,1533.5,38.5,179.6,30.6,25.5,20260907_150758
2026-09-07 15:09:03.006130,1553.75,38.5,179.6,36.5,28.2,20260907_150758
2026-09-07 15:09:03.206287,1583.5,38.5,179.6,41.2,28.6,20260907_150758
2026-09-07 15:09:03.406405,1592.75,38.5,179.6,45.5,36.5,20260907_150758
2026-09-07 15:09:03.606576,1585.0,39.1,179.6,47.8,38.0,20260907_150758
2026-09-07 15:09:03.806701,1592.0,39.1,179.6,48.2,38.4,20260907_150758
2026-09-07 15:09:04.006851,1603.0,39.8,179.6,47.5,37.6,20260907_150758
2026-09-07 15:09:04.206981,1614.75,39.8,179.6,46.7,39.2,20260907_150758
2026-09-07 15:09:04.407089,1636.5,40.4,179.6,48.6,41.6,20260907_150758
2026-09-07 15:09:04.607203,1645.25,40.4,179.6,52.5,47.8,20260907_150758
2026-09-07 15:09:04.807346,1644.5,41.0,179.6,55.3,50.2,20260907_150758
2026-09-07 15:09:05.007485,1666.25,41.0,179.6,58.4,48.6,20260907_150758
2026-09-07 15:09:05.207616,1688.25,41.6,179.6,59.2,45.9,20260907_150758
2026-09-07 15:09:05.407741,1695.25,41.6,179.6,57.6,41.2,20260907_150758
2026-09-07 15:09:05.607855,1701.5,42.3,179.6,52.9,37.6,20260907_150758
2026-09-07 15:09:05.807995,1716.25,42.3,181.4,51.0,39.6,20260907_150758
2026-09-07 15:09:06.008124,1728.0,42.9,181.4,50.6,39.2,20260907_150758
2026-09-07 15:09:06.208580,1739.75,42.9,181.4,49.8,35.3,20260907_150758
2026-09-07 15:09:06.408715,1745.25,43.5,181.4,45.5,29.0,20260907_150758
2026-09-07 15:09:06.608844,1742.75,43.5,181.4,37.3,26.3,20260907_150758
2026-09-07 15:09:06.808980,1767.75,43.5,181.4,35.7,27.8,20260907_150758
2026-09-07 15:09:07.009105,1796.75,44.1,181.4,37.3,29.4,20260907_150758
2026-09-07 15:09:07.209232,1791.25,44.1,181.4,37.6,30.6,20260907_150758
2026-09-07 15:09:07.409454,1810.75,44.7,183.2,40.0,38.0,20260907_150758
2026-09-07 15:09:07.609570,1832.75,44.7,183.2,43.9,41.6,20260907_150758
2026-09-07 15:09:07.809718,1821.0,44.7,183.2,45.5,41.6,20260907_150758
2026-09-07 15:09:08.009838,1838.25,45.4,183.2,46.7,42.0,20260907_150758
2026-09-07 15:09:08.210006,1841.25,45.4,183.2,46.7,41.2,20260907_150758
2026-09-07 15:09:08.410123,1860.75,46.0,183.2,46.7,41.2,20260907_150758
2026-09-07 15:09:08.610264,1868.75,46.0,183.2,46.3,41.2,20260907_150758
2026-09-07 15:09:08.810423,1878.75,46.6,183.2,47.1,42.4,20260907_150758
2026-09-07 15:09:09.010567,1889.0,46.6,183.2,48.6,42.0,20260907_150758
2026-09-07 15:09:09.210690,1895.25,47.2,185.0,48.2,41.2,20260907_150758
2026-09-07 15:09:09.410864,1911.5,47.2,185.0,47.5,41.2,20260907_150758
2026-09-07 15:09:09.610971,1926.5,47.2,185.0,47.1,41.2,20260907_150758
2026-09-07 15:09:09.811098,1928.75,47.8,185.0,43.5,30.2,20260907_150758
2026-09-07 15:09:10.011245,1932.75,47.8,185.0,38.8,29.4,20260907_150758
2026-09-07 15:09:10.211379,1942.75,48.5,185.0,36.9,28.6,20260907_150758
2026-09-07 15:09:10.411521,1942.0,48.5,185.0,31.0,25.5,20260907_150758
2026-09-07 15:09:10.611640,1923.25,48.5,185.0,19.2,17.3,20260907_150758
2026-09-07 15:09:10.811769,1921.0,48.5,185.0,7.5,17.3,20260907_150758
2026-09-07 15:09:11.011917,1946.0,48.5,185.0,6.3,17.3,20260907_150758
2026-09-07 15:09:11.212038,1914.0,47.8,185.0,6.3,17.6,20260907_150758
2026-09-07 15:09:11.412185,1913.25,47.8,185.0,6.3,17.6,20260907_150758
2026-09-07 15:09:11.612313,1906.25,47.8,185.0,6.7,17.6,20260907_150758
2026-09-07 15:09:11.812441,1899.0,47.8,185.0,6.3,17.6,20260907_150758
2026-09-07 15:09:12.012570,1907.0,47.8,185.0,6.3,17.6,20260907_150758
2026-09-07 15:09:12.212708,1895.25,47.8,185.0,6.3,17.6,20260907_150758
2026-09-07 15:09:12.412844,1895.25,47.2,185.0,6.3,17.6,20260907_150758
2026-09-07 15:09:12.612976,1885.75,47.2,185.0,6.3,17.6,20260907_150758
2026-09-07 15:09:12.813117,1872.5,47.2,185.0,6.3,17.6,20260907_150758
2026-09-07 15:09:13.013257,1878.0,47.2,185.0,6.3,17.6,20260907_150758
2026-09-07 15:09:13.213433,1873.25,47.2,185.0,6.3,17.6,20260907_150758
2026-09-07 15:09:13.413584,1864.0,46.6,185.0,6.3,17.6,20260907_150758
2026-09-07 15:09:13.613731,1850.75,46.6,185.0,6.3,17.6,20260907_150758
2026-09-07 15:09:13.813859,1841.25,46.6,185.0,6.3,17.6,20260907_150758
2026-09-07 15:09:14.013991,1830.25,46.0,185.0,6.3,17.6,20260907_150758
2026-09-07 15:09:14.214126,1815.5,46.0,185.0,6.7,17.6,20260907_150758
2026-09-07 15:09:14.414281,1803.0,45.4,185.0,6.7,17.6,20260907_150758
2026-09-07 15:09:14.614403,1814.75,45.4,185.0,6.3,17.6,20260907_150758
2026-09-07 15:09:14.814529,1811.5,45.4,185.0,6.3,17.6,20260907_150758
2026-09-07 15:09:15.014695,1809.25,45.4,185.0,6.3,17.6,20260907_150758
2026-09-07 15:09:15.214855,1794.5,45.4,185.0,6.3,17.6,20260907_150758
2026-09-07 15:09:15.414987,1784.25,45.4,185.0,6.3,17.3,20260907_150758
2026-09-07 15:09:15.615117,1767.75,44.7,185.0,6.3,17.3,20260907_150758
2026-09-07 15:09:15.815252,1757.0,44.1,185.0,6.3,17.3,20260907_150758
2026-09-07 15:09:16.015378,1721.75,43.5,185.0,6.3,17.3,20260907_150758
2026-09-07 15:09:16.215520,1690.5,42.9,185.0,6.3,17.3,20260907_150758
2026-09-07 15:09:16.415666,1665.5,42.3,185.0,6.7,17.3,20260907_150758
2026-09-07 15:09:16.615837,1634.25,41.6,185.0,7.1,17.6,20260907_150758
2026-09-07 15:09:16.816095,1609.25,41.0,185.0,7.8,17.6,20260907_150758
2026-09-07 15:09:17.016229,1583.5,40.4,185.0,8.6,17.6,20260907_150758
2026-09-07 15:09:17.216364,1567.0,39.8,185.0,8.6,17.6,20260907_150758
2026-09-07 15:09:17.416519,1550.75,39.1,186.8,9.0,17.6,20260907_150758
2026-09-07 15:09:17.616639,1538.25,39.1,186.8,9.0,17.6,20260907_150758
2026-09-07 15:09:17.816777,1528.0,38.5,186.8,9.0,17.6,20260907_150758
2026-09-07 15:09:18.016918,1519.5,37.9,186.8,9.0,17.6,20260907_150758
2026-09-07 15:09:18.217045,1507.0,37.9,186.8,9.4,17.6,20260907_150758
2026-09-07 15:09:18.417174,1494.5,37.3,186.8,9.4,17.6,20260907_150758
2026-09-07 15:09:18.617305,1495.25,37.3,186.8,9.4,17.3,20260907_150758
2026-09-07 15:09:18.817499,,36.7,186.8,8.2,16.5,20260907_150758
2026-09-07 15:09:19.151396,1685.75,36.7,186.8,7.5,17.6,20260907_150758
2026-09-07 15:09:19.351525,1816.25,36.7,186.8,11.0,20.4,20260907_150758
2026-09-07 15:09:19.551652,1922.5,36.7,186.8,14.5,22.7,20260907_150758
2026-09-07 15:09:19.751790,1927.25,36.7,186.8,17.6,22.7,20260907_150758
2026-09-07 15:09:19.951930,1931.25,37.3,186.8,20.0,23.9,20260907_150758
2026-09-07 15:09:20.152050,1935.0,37.3,186.8,20.8,23.9,20260907_150758
2026-09-07 15:09:20.352171,1924.0,37.3,186.8,21.6,23.9,20260907_150758
2026-09-07 15:09:20.552306,1920.25,37.3,186.8,22.0,23.9,20260907_150758
2026-09-07 15:09:20.752446,1837.5,37.3,186.8,22.4,23.5,20260907_150758
2026-09-07 15:09:20.952575,1704.5,37.9,186.8,21.6,22.7,20260907_150758
2026-09-07 15:09:21.152696,1594.5,37.9,186.8,24.3,22.4,20260907_150758
2026-09-07 15:09:21.352829,1530.25,37.9,186.8,25.5,22.4,20260907_150758
2026-09-07 15:09:21.552948,1540.5,37.9,186.8,26.3,23.5,20260907_150758
2026-09-07 15:09:21.753095,1557.75,37.9,186.8,29.0,24.7,20260907_150758
2026-09-07 15:09:21.953234,1558.5,38.5,186.8,31.8,24.7,20260907_150758
2026-09-07 15:09:22.153408,1553.0,38.5,186.8,34.1,27.8,20260907_150758
2026-09-07 15:09:22.353511,1597.5,38.5,186.8,38.4,31.4,20260907_150758
2026-09-07 15:09:22.553668,1578.0,39.1,186.8,38.8,30.6,20260907_150758
2026-09-07 15:09:22.753819,1593.75,39.1,186.8,41.2,37.6,20260907_150758
2026-09-07 15:09:22.953940,1596.75,39.8,186.8,43.5,37.6,20260907_150758
2026-09-07 15:09:23.154065,1609.25,39.8,186.8,42.4,37.3,20260907_150758
2026-09-07 15:09:23.354193,1620.25,40.4,188.6,41.6,37.3,20260907_150758
2026-09-07 15:09:23.554347,1638.25,40.4,188.6,40.8,37.3,20260907_150758
2026-09-07 15:09:23.754476,1649.0,41.0,188.6,40.4,37.6,20260907_150758
2026-09-07 15:09:23.954590,1663.25,41.0,188.6,40.0,34.9,20260907_150758
2026-09-07 15:09:24.154725,1658.5,41.0,188.6,36.9,29.4,20260907_150758
2026-09-07 15:09:24.354837,1674.0,41.6,188.6,35.3,29.4,20260907_150758
2026-09-07 15:09:24.554971,1690.5,41.6,188.6,32.2,25.5,20260907_150758
2026-09-07 15:09:24.755087,1682.75,41.6,188.6,27.1,25.1,20260907_150758
2026-09-07 15:09:24.955206,1708.5,42.3,188.6,26.7,25.5,20260907_150758
2026-09-07 15:09:25.155320,1720.25,42.3,188.6,26.7,25.9,20260907_150758
2026-09-07 15:09:25.355445,1726.5,42.3,188.6,27.5,26.3,20260907_150758
2026-09-07 15:09:25.555563,1729.5,42.9,188.6,27.5,25.5,20260907_150758
2026-09-07 15:09:25.755721,1729.5,42.9,188.6,27.1,25.9,20260907_150758
2026-09-07 15:09:25.955867,1754.5,42.9,188.6,29.8,27.8,20260907_150758
2026-09-07 15:09:26.156001,1770.25,43.5,190.4,32.2,28.2,20260907_150758
2026-09-07 15:09:26.356121,1766.25,43.5,190.4,32.5,30.6,20260907_150758
2026-09-07 15:09:26.556242,1795.25,43.5,190.4,38.4,38.0,20260907_150758
2026-09-07 15:09:26.756382,1778.0,44.1,190.4,39.2,38.4,20260907_150758
2026-09-07 15:09:26.956534,1787.5,44.1,190.4,39.2,38.0,20260907_150758
2026-09-07 15:09:27.156650,1805.25,44.7,190.4,39.2,36.9,20260907_150758
2026-09-07 15:09:27.356813,1809.25,44.7,190.4,39.2,36.5,20260907_150758
2026-09-07 15:09:27.556940,1822.5,44.7,190.4,39.6,36.5,20260907_150758
2026-09-07 15:09:27.757096,1828.0,45.4,190.4,39.6,36.5,20260907_150758
2026-09-07 15:09:27.957208,1846.75,45.4,190.4,39.6,36.5,20260907_150758
2026-09-07 15:09:28.157337,1855.25,46.0,190.4,39.6,36.5,20260907_150758
2026-09-07 15:09:28.357508,1872.5,46.0,190.4,40.0,36.5,20260907_150758
2026-09-07 15:09:28.557605,1882.75,46.6,190.4,40.4,36.9,20260907_150758
2026-09-07 15:09:28.757744,1897.5,46.6,190.4,41.2,36.9,20260907_150758
2026-09-07 15:09:28.957889,1901.5,47.2,190.4,40.8,36.9,20260907_150758
2026-09-07 15:09:29.158110,1916.25,47.2,190.4,41.2,36.5,20260907_150758
2026-09-07 15:09:29.358242,1921.75,47.2,190.4,41.2,32.9,20260907_150758
2026-09-07 15:09:29.558363,1908.5,47.8,190.4,34.1,25.1,20260907_150758
2026-09-07 15:09:29.758501,1903.0,47.8,190.4,17.3,18.4,20260907_150758
2026-09-07 15:09:29.958641,1911.5,47.8,190.4,12.5,18.4,20260907_150758
2026-09-07 15:09:30.158760,1902.25,47.8,190.4,8.2,18.4,20260907_150758
2026-09-07 15:09:30.358911,1907.75,47.8,190.4,8.2,18.8,20260907_150758
2026-09-07 15:09:30.559067,1905.25,47.8,190.4,8.6,18.8,20260907_150758
2026-09-07 15:09:30.759182,1901.5,47.8,190.4,8.2,18.8,20260907_150758
2026-09-07 15:09:30.959301,1906.25,47.8,190.4,9.4,20.4,20260907_150758
2026-09-07 15:09:31.159443,1901.5,47.8,190.4,11.4,20.0,20260907_150758
2026-09-07 15:09:31.359617,1903.75,47.8,190.4,11.4,19.6,20260907_150758
2026-09-07 15:09:31.559741,1904.5,47.8,190.4,11.8,20.0,20260907_150758
2026-09-07 15:09:31.759859,1909.25,47.8,190.4,13.7,20.8,20260907_150758
2026-09-07 15:09:31.960006,1885.0,47.8,190.4,16.5,21.6,20260907_150758
2026-09-07 15:09:32.160129,1703.75,47.8,190.4,16.5,21.2,20260907_150758
2026-09-07 15:09:32.360292,1557.0,47.8,190.4,19.2,21.2,20260907_150758
2026-09-07 15:09:32.560428,1557.0,47.8,190.4,19.6,21.6,20260907_150758
2026-09-07 15:09:32.760553,1553.75,47.8,188.6,21.2,21.6,20260907_150758
2026-09-07 15:09:32.960674,1542.75,47.8,188.6,21.6,22.4,20260907_150758
2026-09-07 15:09:33.160803,1539.0,47.8,188.6,23.5,23.1,20260907_150758
2026-09-07 15:09:33.360941,1526.5,48.5,188.6,25.5,23.1,20260907_150758
2026-09-07 15:09:33.561085,1537.5,48.5,188.6,26.3,24.3,20260907_150758
2026-09-07 15:09:33.761223,1529.5,48.5,188.6,29.8,25.1,20260907_150758
2026-09-07 15:09:33.961417,1543.75,48.5,188.6,31.8,25.5,20260907_150758
2026-09-07 15:09:34.161456,1539.75,48.5,188.6,30.2,23.9,20260907_150758
2026-09-07 15:09:34.361599,1542.75,48.5,188.6,29.0,24.3,20260907_150758
2026-09-07 15:09:34.561741,1551.5,49.1,188.6,29.4,24.3,20260907_150758
2026-09-07 15:09:34.761885,1557.0,49.1,186.8,29.8,25.9,20260907_150758
2026-09-07 15:09:34.962006,1561.5,49.1,186.8,31.8,25.1,20260907_150758
2026-09-07 15:09:35.162148,1567.75,49.1,186.8,31.4,25.5,20260907_150758
2026-09-07 15:09:35.362297,1563.25,49.1,186.8,32.2,27.1,20260907_150758
2026-09-07 15:09:35.562412,1573.25,49.7,186.8,39.2,33.3,20260907_150758
2026-09-07 15:09:35.762528,1577.25,49.7,186.8,41.2,34.1,20260907_150758
2026-09-07 15:09:35.962665,1576.5,49.7,186.8,41.2,34.1,20260907_150758
2026-09-07 15:09:36.162810,1588.25,50.3,186.8,40.4,32.9,20260907_150758
2026-09-07 15:09:36.362944,1587.5,50.3,185.0,39.6,29.8,20260907_150758
2026-09-07 15:09:36.563068,1590.5,50.3,185.0,37.6,27.5,20260907_150758
2026-09-07 15:09:36.763191,1595.25,50.3,185.0,32.5,25.5,20260907_150758
2026-09-07 15:09:36.963315,1597.5,50.3,185.0,29.8,23.9,20260907_150758
2026-09-07 15:09:37.163454,1599.0,50.3,185.0,27.1,23.9,20260907_150758
2026-09-07 15:09:37.363596,1586.5,50.3,185.0,22.7,19.6,20260907_150758
2026-09-07 15:09:37.563724,1599.0,50.3,185.0,16.5,18.8,20260907_150758
2026-09-07 15:09:37.763860,1594.5,50.3,183.2,12.9,18.0,20260907_150758
2026-09-07 15:09:37.963996,1578.75,49.7,183.2,10.6,18.0,20260907_150758
2026-09-07 15:09:38.164133,1567.75,49.7,183.2,10.2,18.0,20260907_150758
2026-09-07 15:09:38.364253,1531.25,49.1,183.2,8.2,16.9,20260907_150758
2026-09-07 15:09:38.564390,1524.0,48.5,183.2,7.8,16.9,20260907_150758
2026-09-07 15:09:38.764515,1507.75,47.8,183.2,7.8,16.9,20260907_150758
2026-09-07 15:09:38.964635,1485.0,47.2,183.2,7.8,16.9,20260907_150758
2026-09-07 15:09:39.164756,1466.25,46.6,183.2,7.8,16.9,20260907_150758
2026-09-07 15:09:39.364895,1451.5,46.0,181.4,7.8,16.9,20260907_150758
2026-09-07 15:09:39.565045,1530.25,44.7,181.4,7.1,16.9,20260907_150758
2026-09-07 15:09:39.765165,1614.0,44.1,181.4,6.7,17.6,20260907_150758
2026-09-07 15:09:39.965292,1696.0,43.5,181.4,7.1,18.0,20260907_150758
2026-09-07 15:09:40.165457,1721.75,42.9,181.4,7.1,18.0,20260907_150758
2026-09-07 15:09:40.365594,1702.25,42.3,181.4,7.5,17.6,20260907_150758
2026-09-07 15:09:40.565740,1678.75,42.3,181.4,7.5,17.6,20260907_150758
2026-09-07 15:09:40.765868,1659.25,41.6,181.4,7.5,17.6,20260907_150758
2026-09-07 15:09:40.966000,1634.25,41.0,181.4,7.8,17.6,20260907_150758
2026-09-07 15:09:41.166141,1614.75,41.0,181.4,8.2,17.6,20260907_150758
2026-09-07 15:09:41.366289,1594.5,40.4,181.4,8.2,17.6,20260907_150758
2026-09-07 15:09:41.566426,1575.75,39.8,179.6,8.6,17.6,20260907_150758
2026-09-07 15:09:41.766589,1553.75,39.1,179.6,9.0,17.6,20260907_150758
2026-09-07 15:09:41.966712,1537.5,39.1,179.6,9.0,17.6,20260907_150758
2026-09-07 15:09:42.166854,1543.75,38.5,179.6,9.0,17.6,20260907_150758
2026-09-07 15:09:42.366986,1532.75,38.5,179.6,9.0,17.6,20260907_150758
2026-09-07 15:09:42.567115,1521.0,37.9,179.6,9.0,17.6,20260907_150758
2026-09-07 15:09:42.767287,1514.0,37.9,179.6,9.4,17.6,20260907_150758
2026-09-07 15:09:42.967422,1576.5,37.3,179.6,8.2,19.2,20260907_150758
2026-09-07 15:09:43.167550,1719.5,37.3,179.6,12.2,22.0,20260907_150758
2026-09-07 15:09:43.367682,1920.25,37.3,179.6,15.7,22.4,20260907_150758
2026-09-07 15:09:43.567834,1944.5,37.3,179.6,18.0,23.5,20260907_150758
2026-09-07 15:09:43.767967,1989.0,37.3,179.6,23.1,26.3,20260907_150758
2026-09-07 15:09:43.968081,1952.25,37.3,179.6,25.9,25.9,20260907_150758
2026-09-07 15:09:44.168217,1921.75,37.3,179.6,25.5,25.1,20260907_150758
2026-09-07 15:09:44.368372,1918.75,37.3,179.6,25.1,24.7,20260907_150758
2026-09-07 15:09:44.568479,1760.75,37.3,179.6,25.5,23.1,20260907_150758
2026-09-07 15:09:44.768597,1614.0,37.3,179.6,26.7,22.7,20260907_150758
2026-09-07 15:09:44.968712,1528.75,,179.6,25.1,20.0,20260907_150758
2026-09-07 15:09:45.301828,1504.5,37.9,179.6,23.5,20.4,20260907_150758
2026-09-07 15:09:45.501951,1512.5,37.9,179.6,23.5,18.8,20260907_150758
2026-09-07 15:09:45.702073,1503.75,37.3,179.6,20.0,19.6,20260907_150758
2026-09-07 15:09:45.902189,1502.25,37.3,179.6,19.6,20.4,20260907_150758
2026-09-07 15:09:46.102339,1496.75,37.3,179.6,20.0,19.6,20260907_150758
2026-09-07 15:09:46.302482,1494.5,37.3,179.6,18.8,20.0,20260907_150758
2026-09-07 15:09:46.502606,1495.25,37.3,179.6,19.2,20.0,20260907_150758
2026-09-07 15:09:46.702740,1495.25,37.3,179.6,19.2,20.0,20260907_150758
2026-09-07 15:09:46.902862,1494.5,37.3,179.6,19.2,20.0,20260907_150758
2026-09-07 15:09:47.102981,1494.5,37.3,179.6,19.6,20.4,20260907_150758
2026-09-07 15:09:47.303116,1491.25,37.3,179.6,20.0,20.0,20260907_150758
2026-09-07 15:09:47.503236,1492.0,37.3,179.6,20.0,20.4,20260907_150758
2026-09-07 15:09:47.703355,1491.25,37.3,179.6,20.0,20.4,20260907_150758
2026-09-07 15:09:47.903480,1488.25,37.3,179.6,20.4,20.0,20260907_150758
2026-09-07 15:09:48.103622,1490.5,37.3,179.6,20.0,20.4,20260907_150758
2026-09-07 15:09:48.303796,1488.25,37.3,179.6,21.2,20.4,20260907_150758
2026-09-07 15:09:48.503939,1486.5,37.3,181.4,21.2,20.4,20260907_150758
2026-09-07 15:09:48.704070,1492.0,37.3,181.4,22.0,22.0,20260907_150758
2026-09-07 15:09:48.904205,1485.0,37.3,179.6,23.9,22.7,20260907_150758
2026-09-07 15:09:49.104316,1485.0,37.3,181.4,25.9,23.5,20260907_150758
2026-09-07 15:09:49.304460,1491.25,37.3,181.4,29.4,23.5,20260907_150758
2026-09-07 15:09:49.504582,1498.25,37.3,181.4,29.8,24.7,20260907_150758
2026-09-07 15:09:49.704728,1515.5,37.3,181.4,35.7,28.2,20260907_150758
2026-09-07 15:09:49.904870,1552.25,37.9,181.4,38.4,33.3,20260907_150758
2026-09-07 15:09:50.105003,1555.25,37.9,181.4,43.9,39.2,20260907_150758
2026-09-07 15:09:50.305123,1546.0,37.9,181.4,47.5,45.1,20260907_150758
2026-09-07 15:09:50.505258,1553.75,38.5,181.4,50.2,50.2,20260907_150758
2026-09-07 15:09:50.705439,1562.5,38.5,181.4,51.4,49.0,20260907_150758
2026-09-07 15:09:50.905553,1574.0,38.5,181.4,53.7,47.1,20260907_150758
2026-09-07 15:09:51.105692,1587.5,39.1,181.4,56.9,44.7,20260907_150758
2026-09-07 15:09:51.305807,1595.25,39.1,181.4,59.2,43.1,20260907_150758
2026-09-07 15:09:51.505924,1607.75,39.8,181.4,60.8,41.6,20260907_150758
2026-09-07 15:09:51.706051,1617.0,39.8,181.4,58.4,38.8,20260907_150758
2026-09-07 15:09:51.906177,1617.0,40.4,181.4,52.5,29.0,20260907_150758
2026-09-07 15:09:52.106303,1626.5,40.4,181.4,46.3,29.8,20260907_150758
2026-09-07 15:09:52.306422,1654.5,40.4,181.4,45.5,32.9,20260907_150758
2026-09-07 15:09:52.506539,1662.5,41.0,181.4,46.3,35.3,20260907_150758
2026-09-07 15:09:52.706665,1671.0,41.0,181.4,46.3,40.0,20260907_150758
2026-09-07 15:09:52.906821,1697.5,41.6,181.4,50.6,45.5,20260907_150758
2026-09-07 15:09:53.106936,1697.5,41.6,181.4,54.5,45.1,20260907_150758
2026-09-07 15:09:53.307057,1715.5,42.3,181.4,56.5,43.9,20260907_150758
2026-09-07 15:09:53.507213,1726.5,42.3,181.4,56.5,41.6,20260907_150758
2026-09-07 15:09:53.707344,1743.75,42.9,181.4,55.3,41.2,20260907_150758
2026-09-07 15:09:53.907480,1760.0,43.5,181.4,54.5,41.6,20260907_150758
2026-09-07 15:09:54.107602,1777.25,43.5,181.4,54.1,41.2,20260907_150758
2026-09-07 15:09:54.307716,1785.0,44.1,181.4,52.9,40.4,20260907_150758
2026-09-07 15:09:54.507838,1796.0,44.1,181.4,49.0,29.0,20260907_150758
2026-09-07 15:09:54.707961,1787.5,44.7,179.6,38.8,27.5,20260907_150758
2026-09-07 15:09:54.908098,1826.5,44.7,179.6,39.6,27.5,20260907_150758
2026-09-07 15:09:55.108243,1806.25,44.7,179.6,32.2,24.7,20260907_150758
2026-09-07 15:09:55.308389,1806.25,44.7,179.6,25.1,23.1,20260907_150758
2026-09-07 15:09:55.508519,1803.0,45.4,179.6,20.0,22.4,20260907_150758
2026-09-07 15:09:55.708648,1811.5,45.4,179.6,19.6,22.7,20260907_150758
2026-09-07 15:09:55.908776,1817.75,45.4,179.6,19.6,23.5,20260907_150758
2026-09-07 15:09:56.108902,1808.5,45.4,179.6,21.6,24.3,20260907_150758
2026-09-07 15:09:56.309045,1810.75,45.4,179.6,22.7,24.3,20260907_150758
2026-09-07 15:09:56.509180,1818.75,45.4,179.6,24.3,25.5,20260907_150758
2026-09-07 15:09:56.709303,1830.25,46.0,177.8,29.0,28.2,20260907_150758
2026-09-07 15:09:56.909457,1828.0,46.0,177.8,31.0,27.5,20260907_150758
2026-09-07 15:09:57.109583,1838.25,46.0,177.8,30.2,27.8,20260907_150758
2026-09-07 15:09:57.309711,1848.25,46.0,177.8,31.8,27.8,20260907_150758
2026-09-07 15:09:57.509834,1850.75,46.6,177.8,32.2,27.8,20260907_150758
2026-09-07 15:09:57.709954,1858.5,46.6,177.8,32.2,28.2,20260907_150758
2026-09-07 15:09:57.910077,1870.25,46.6,177.8,31.8,27.5,20260907_150758
2026-09-07 15:09:58.110218,1877.25,46.6,177.8,32.9,28.6,20260907_150758
2026-09-07 15:09:58.310372,1882.75,47.2,177.8,34.5,29.8,20260907_150758
2026-09-07 15:09:58.510473,1887.5,47.2,177.8,33.7,29.0,20260907_150758
2026-09-07 15:09:58.710593,1899.0,47.2,177.8,33.7,28.6,20260907_150758
2026-09-07 15:09:58.910821,1909.25,47.8,177.8,32.9,28.6,20260907_150758
2026-09-07 15:09:59.110961,1925.0,47.8,177.8,30.6,26.3,20260907_150758
2026-09-07 15:09:59.311094,1867.0,47.8,177.8,27.8,25.9,20260907_150758
2026-09-07 15:09:59.511219,1648.25,47.8,177.8,28.6,25.5,20260907_150758
2026-09-07 15:09:59.711356,1581.25,48.5,177.8,32.5,26.3,20260907_150758
2026-09-07 15:09:59.911477,1590.5,48.5,177.8,34.9,27.1,20260907_150758
2026-09-07 15:10:00.111606,1578.0,48.5,177.8,35.7,27.1,20260907_150758
2026-09-07 15:10:00.311730,1561.5,49.1,177.8,36.9,27.8,20260907_150758
2026-09-07 15:10:00.511873,1563.25,49.1,177.8,38.0,28.2,20260907_150758
2026-09-07 15:10:00.712018,1560.0,49.1,177.8,38.4,28.2,20260907_150758
2026-09-07 15:10:00.912172,1561.5,49.1,177.8,38.4,28.2,20260907_150758
2026-09-07 15:10:01.112311,1564.75,49.7,177.8,38.4,28.6,20260907_150758
2026-09-07 15:10:01.312449,1573.25,49.7,177.8,37.6,28.6,20260907_150758
2026-09-07 15:10:01.512601,1574.0,49.7,177.8,37.6,28.6,20260907_150758
2026-09-07 15:10:01.712740,1582.75,50.3,177.8,38.4,31.0,20260907_150758
2026-09-07 15:10:01.912877,1595.25,50.3,177.8,41.6,35.7,20260907_150758
2026-09-07 15:10:02.113024,1596.0,50.3,177.8,42.0,36.5,20260907_150758
2026-09-07 15:10:02.313146,1607.75,50.3,179.6,41.2,36.1,20260907_150758
2026-09-07 15:10:02.513277,1609.25,51.0,179.6,40.8,34.9,20260907_150758
2026-09-07 15:10:02.713435,1609.25,51.0,179.6,41.2,35.7,20260907_150758
2026-09-07 15:10:02.913584,1622.5,51.6,179.6,40.8,34.9,20260907_150758
2026-09-07 15:10:03.113717,1624.0,51.6,179.6,40.0,29.0,20260907_150758
2026-09-07 15:10:03.313832,1628.0,51.6,179.6,34.1,25.9,20260907_150758
2026-09-07 15:10:03.513964,1639.0,51.6,179.6,31.4,27.1,20260907_150758
2026-09-07 15:10:03.714109,1642.75,51.6,179.6,33.3,29.0,20260907_150758
2026-09-07 15:10:03.914239,1650.0,52.2,179.6,36.1,31.4,20260907_150758
2026-09-07 15:10:04.114376,1653.75,52.2,179.6,37.6,32.9,20260907_150758
2026-09-07 15:10:04.314500,1659.25,52.2,179.6,38.0,32.9,20260907_150758
2026-09-07 15:10:04.514632,1668.75,52.8,179.6,37.6,32.5,20260907_150758
2026-09-07 15:10:04.714776,1674.0,52.8,179.6,37.6,31.8,20260907_150758
2026-09-07 15:10:04.914912,1680.25,52.8,179.6,36.5,31.4,20260907_150758
2026-09-07 15:10:05.115039,1685.75,53.4,179.6,36.1,30.2,20260907_150758
2026-09-07 15:10:05.315155,1690.5,53.4,179.6,34.1,25.5,20260907_150758
2026-09-07 15:10:05.515291,1692.0,53.4,179.6,25.5,24.7,20260907_150758
2026-09-07 15:10:05.715404,1696.75,53.4,179.6,24.7,24.3,20260907_150758
2026-09-07 15:10:05.915562,1701.5,53.4,179.6,23.5,24.3,20260907_150758
2026-09-07 15:10:06.115695,1703.75,54.1,179.6,23.1,23.9,20260907_150758
2026-09-07 15:10:06.315834,1707.75,54.1,179.6,22.4,23.9,20260907_150758
2026-09-07 15:10:06.515973,1706.25,54.1,179.6,21.2,23.5,20260907_150758
2026-09-07 15:10:06.716114,1715.5,54.1,179.6,21.2,23.1,20260907_150758
2026-09-07 15:10:06.916231,1714.75,54.1,179.6,20.0,21.2,20260907_150758
2026-09-07 15:10:07.116349,1723.25,54.1,179.6,17.6,21.6,20260907_150758
2026-09-07 15:10:07.316473,1717.0,54.1,179.6,18.0,21.6,20260907_150758
2026-09-07 15:10:07.516638,1720.25,54.1,179.6,18.0,21.6,20260907_150758
2026-09-07 15:10:07.716762,1722.5,54.1,179.6,18.0,21.6,20260907_150758
2026-09-07 15:10:07.916878,1725.75,54.1,179.6,18.0,21.6,20260907_150758
2026-09-07 15:10:08.117000,1726.5,54.7,179.6,18.0,21.6,20260907_150758
2026-09-07 15:10:08.317131,1729.5,54.7,179.6,17.6,21.6,20260907_150758
2026-09-07 15:10:08.517248,1728.75,54.7,179.6,18.0,21.6,20260907_150758
2026-09-07 15:10:08.717429,1732.75,54.7,179.6,17.6,20.4,20260907_150758
2026-09-07 15:10:08.917552,1735.75,54.7,179.6,15.3,18.0,20260907_150758
2026-09-07 15:10:09.117673,1734.25,54.7,177.8,9.4,17.3,20260907_150758
2026-09-07 15:10:09.317816,1729.5,54.7,179.6,7.1,17.3,20260907_150758
2026-09-07 15:10:09.517955,1727.25,54.7,177.8,6.7,17.3,20260907_150758
2026-09-07 15:10:09.718099,1719.5,54.7,177.8,6.3,17.3,20260907_150758
2026-09-07 15:10:09.918221,1721.75,54.7,177.8,6.3,17.3,20260907_150758
2026-09-07 15:10:10.118366,1716.25,54.7,177.8,6.3,17.3,20260907_150758
2026-09-07 15:10:10.318509,1716.25,54.7,177.8,6.3,17.3,20260907_150758
2026-09-07 15:10:10.518626,1728.0,54.1,177.8,6.3,17.3,20260907_150758
2026-09-07 15:10:10.718757,1720.25,54.7,177.8,5.9,17.3,20260907_150758
2026-09-07 15:10:10.918879,1720.25,54.7,177.8,6.3,17.3,20260907_150758
2026-09-07 15:10:11.119018,1707.75,54.1,177.8,6.3,17.3,20260907_150758
2026-09-07 15:10:11.319158,1700.0,54.1,177.8,6.3,17.3,20260907_150758
2026-09-07 15:10:11.519274,1705.25,54.1,177.8,6.3,17.3,20260907_150758
2026-09-07 15:10:11.719402,1700.0,54.1,177.8,6.3,17.3,20260907_150758
2026-09-07 15:10:11.919569,1696.0,54.1,177.8,6.3,17.3,20260907_150758
2026-09-07 15:10:12.119692,1693.75,54.1,177.8,6.3,17.3,20260907_150758
2026-09-07 15:10:12.319846,1689.75,54.1,177.8,6.3,17.3,20260907_150758
2026-09-07 15:10:12.519978,1689.0,54.1,177.8,6.3,17.6,20260907_150758
2026-09-07 15:10:12.720141,1685.0,53.4,177.8,7.1,17.6,20260907_150758
2026-09-07 15:10:12.920284,1682.0,53.4,177.8,7.5,17.6,20260907_150758
2026-09-07 15:10:13.120417,1689.0,53.4,,7.5,17.6,20260907_150758
2026-09-07 15:10:13.457467,1676.5,53.4,177.8,7.5,17.6,20260907_150758
2026-09-07 15:10:13.657625,1675.0,53.4,177.8,7.5,17.6,20260907_150758
2026-09-07 15:10:13.857745,1667.75,53.4,177.8,7.5,17.6,20260907_150758
2026-09-07 15:10:14.057871,1664.0,53.4,177.8,7.8,17.6,20260907_150758
2026-09-07 15:10:14.257997,1661.5,52.8,177.8,7.8,17.6,20260907_150758
2026-09-07 15:10:14.458124,1659.25,52.8,177.8,7.8,17.6,20260907_150758
2026-09-07 15:10:14.658260,1658.5,52.8,177.8,7.8,17.6,20260907_150758
2026-09-07 15:10:14.858416,1657.75,52.8,177.8,7.8,17.6,20260907_150758
2026-09-07 15:10:15.058519,1653.75,52.8,177.8,7.8,17.6,20260907_150758
2026-09-07 15:10:15.258671,1650.75,52.8,177.8,7.8,17.6,20260907_150758
2026-09-07 15:10:15.458784,1650.0,52.8,177.8,7.8,17.6,20260907_150758
2026-09-07 15:10:15.658903,1645.25,52.8,177.8,7.8,17.6,20260907_150758
2026-09-07 15:10:15.859038,1644.5,52.8,177.8,7.8,17.6,20260907_150758
2026-09-07 15:10:16.059165,1643.75,52.8,177.8,7.8,17.6,20260907_150758
2026-09-07 15:10:16.259295,1641.25,52.2,177.8,7.8,17.6,20260907_150758
2026-09-07 15:10:16.459412,1640.5,52.2,177.8,7.8,17.6,20260907_150758
2026-09-07 15:10:16.659519,1639.0,52.2,177.8,7.8,17.6,20260907_150758
2026-09-07 15:10:16.859669,1638.25,52.2,177.8,7.8,17.6,20260907_150758
2026-09-07 15:10:17.059793,1635.75,52.2,177.8,7.8,17.6,20260907_150758
2026-09-07 15:10:17.259904,1635.75,52.2,177.8,7.8,17.6,20260907_150758
2026-09-07 15:10:17.460041,1636.5,52.2,177.8,7.8,17.6,20260907_150758
2026-09-07 15:10:17.660151,1635.75,52.2,179.6,7.8,17.6,20260907_150758
2026-09-07 15:10:17.860279,1632.75,52.2,179.6,8.2,17.6,20260907_150758
2026-09-07 15:10:18.060394,1633.5,52.2,179.6,8.2,17.6,20260907_150758
2026-09-07 15:10:18.260545,1631.25,52.2,179.6,7.8,17.6,20260907_150758
2026-09-07 15:10:18.460670,1630.25,52.2,179.6,8.2,17.6,20260907_150758
2026-09-07 15:10:18.660778,1628.0,52.2,179.6,8.2,17.6,20260907_150758
2026-09-07 15:10:18.860926,1625.75,52.2,179.6,8.2,17.6,20260907_150758
2026-09-07 15:10:19.061086,1628.0,52.2,179.6,8.2,17.6,20260907_150758
2026-09-07 15:10:19.261211,1625.75,52.2,179.6,8.2,17.6,20260907_150758
2026-09-07 15:10:19.461345,1625.75,52.2,179.6,8.2,17.6,20260907_150758
2026-09-07 15:10:19.661549,1625.75,52.2,179.6,8.2,17.6,20260907_150758
2026-09-07 15:10:19.861663,1628.0,52.2,179.6,8.2,17.6,20260907_150758
2026-09-07 15:10:20.061789,1628.0,52.2,179.6,8.2,17.6,20260907_150758
2026-09-07 15:10:20.261930,1654.5,52.2,179.6,7.5,16.9,20260907_150758
2026-09-07 15:10:20.462071,1646.0,52.2,179.6,6.7,17.3,20260907_150758
2026-09-07 15:10:20.662190,1669.5,52.2,179.6,9.8,18.8,20260907_150758
2026-09-07 15:10:20.862313,1660.75,52.2,179.6,12.5,19.6,20260907_150758
2026-09-07 15:10:21.062459,1690.5,52.2,179.6,12.5,19.6,20260907_150758
2026-09-07 15:10:21.262596,1688.25,52.8,179.6,12.2,19.6,20260907_150758
2026-09-07 15:10:21.462751,1689.75,52.8,179.6,11.4,18.4,20260907_150758
2026-09-07 15:10:21.662883,1665.5,52.8,179.6,7.8,17.3,20260907_150758
2026-09-07 15:10:21.863001,1668.75,52.8,179.6,7.1,17.6,20260907_150758
2026-09-07 15:10:22.063142,1683.5,52.8,179.6,7.5,18.0,20260907_150758
2026-09-07 15:10:22.263277,1682.75,52.8,179.6,7.5,18.0,20260907_150758
2026-09-07 15:10:22.463403,1683.5,52.8,179.6,7.8,18.0,20260907_150758
2026-09-07 15:10:22.663525,1682.0,53.4,179.6,7.8,18.0,20260907_150758
2026-09-07 15:10:22.863647,1685.0,53.4,179.6,7.8,17.6,20260907_150758
2026-09-07 15:10:23.063793,1687.5,53.4,179.6,7.5,17.6,20260907_150758
2026-09-07 15:10:23.263956,1689.75,53.4,179.6,7.5,17.6,20260907_150758
2026-09-07 15:10:23.464099,1688.25,53.4,179.6,7.1,18.0,20260907_150758
2026-09-07 15:10:23.664246,1697.5,53.4,179.6,7.5,18.8,20260907_150758
2026-09-07 15:10:23.864380,1692.0,53.4,179.6,9.0,18.4,20260907_150758
2026-09-07 15:10:24.064504,1700.0,53.4,179.6,10.6,19.2,20260907_150758
2026-09-07 15:10:24.264628,1700.0,53.4,179.6,11.4,19.6,20260907_150758
2026-09-07 15:10:24.464765,1695.25,53.4,179.6,11.8,19.6,20260907_150758
2026-09-07 15:10:24.664916,1696.75,53.4,179.6,11.4,19.6,20260907_150758
2026-09-07 15:10:24.865040,1692.0,53.4,179.6,11.0,19.2,20260907_150758
2026-09-07 15:10:25.065171,1693.75,53.4,179.6,10.6,18.8,20260907_150758
2026-09-07 15:10:25.265316,1690.5,53.4,179.6,9.4,18.0,20260907_150758
2026-09-07 15:10:25.465490,1691.25,53.4,179.6,8.6,18.4,20260907_150758
2026-09-07 15:10:25.665606,1689.75,53.4,179.6,9.0,18.4,20260907_150758
2026-09-07 15:10:25.865745,1689.75,53.4,179.6,9.0,18.4,20260907_150758
2026-09-07 15:10:26.065884,1686.5,53.4,179.6,9.0,18.4,20260907_150758
2026-09-07 15:10:26.266008,1683.5,53.4,179.6,9.0,18.4,20260907_150758
2026-09-07 15:10:26.466140,1678.75,52.8,179.6,8.2,16.5,20260907_150758
2026-09-07 15:10:26.666290,1672.5,52.8,179.6,6.3,17.3,20260907_150758
2026-09-07 15:10:26.866428,1669.5,52.8,179.6,6.3,17.3,20260907_150758
2026-09-07 15:10:27.066575,1663.25,52.8,179.6,6.7,17.3,20260907_150758
2026-09-07 15:10:27.266696,1663.25,52.2,179.6,6.7,17.3,20260907_150758
2026-09-07 15:10:27.466816,1654.5,52.2,181.4,6.7,17.3,20260907_150758
2026-09-07 15:10:27.666935,1652.25,52.2,181.4,6.7,17.3,20260907_150758
2026-09-07 15:10:27.867080,1653.0,52.2,181.4,6.7,17.3,20260907_150758
2026-09-07 15:10:28.067280,1642.75,52.2,181.4,6.7,17.3,20260907_150758
2026-09-07 15:10:28.267427,1639.75,51.6,181.4,7.5,17.6,20260907_150758
2026-09-07 15:10:28.467573,1632.0,51.6,181.4,7.8,17.3,20260907_150758
2026-09-07 15:10:28.667688,1621.75,51.6,181.4,7.8,17.3,20260907_150758
2026-09-07 15:10:28.867830,1614.0,51.0,181.4,7.8,17.3,20260907_150758
2026-09-07 15:10:29.067968,1610.75,51.0,181.4,8.6,19.6,20260907_150758
2026-09-07 15:10:29.268087,1600.0,50.3,181.4,11.8,18.0,20260907_150758
2026-09-07 15:10:29.468224,1591.25,50.3,181.4,9.8,18.0,20260907_150758
2026-09-07 15:10:29.668361,1585.75,50.3,181.4,10.2,18.0,20260907_150758
2026-09-07 15:10:29.868495,1580.25,49.7,181.4,11.4,18.8,20260907_150758
2026-09-07 15:10:30.068603,1572.5,49.7,181.4,12.2,18.4,20260907_150758
2026-09-07 15:10:30.268727,1560.0,49.7,181.4,10.6,15.7,20260907_150758
2026-09-07 15:10:30.468862,1538.25,49.1,181.4,7.1,17.3,20260907_150758
2026-09-07 15:10:30.668997,1541.25,48.5,183.2,7.5,16.9,20260907_150758
2026-09-07 15:10:30.869148,1542.0,48.5,183.2,7.5,16.9,20260907_150758
2026-09-07 15:10:31.069264,1524.0,48.5,183.2,7.8,16.9,20260907_150758
2026-09-07 15:10:31.269435,1503.75,47.8,183.2,7.8,16.9,20260907_150758
2026-09-07 15:10:31.469562,1491.25,47.2,183.2,7.8,16.9,20260907_150758
2026-09-07 15:10:31.669688,1476.5,47.2,183.2,7.8,16.9,20260907_150758
2026-09-07 15:10:31.869839,1456.25,46.6,183.2,7.8,16.9,20260907_150758
2026-09-07 15:10:32.070017,1431.25,46.0,183.2,8.2,16.9,20260907_150758
2026-09-07 15:10:32.270182,1416.25,44.7,183.2,8.6,17.3,20260907_150758
2026-09-07 15:10:32.470330,1391.25,44.1,183.2,10.2,17.3,20260907_150758
2026-09-07 15:10:32.670482,1467.75,42.9,183.2,9.4,17.6,20260907_150758
2026-09-07 15:10:32.870596,1555.25,41.6,183.2,8.6,17.6,20260907_150758
2026-09-07 15:10:33.070739,1623.25,41.0,183.2,8.2,18.0,20260907_150758
2026-09-07 15:10:33.270876,1592.0,39.8,183.2,8.6,17.6,20260907_150758
2026-09-07 15:10:33.470997,1550.0,39.1,183.2,9.0,17.6,20260907_150758
2026-09-07 15:10:33.671125,1511.5,37.9,183.2,9.4,17.6,20260907_150758
2026-09-07 15:10:33.871263,1484.25,37.9,183.2,9.4,17.6,20260907_150758
2026-09-07 15:10:34.071440,1462.5,37.3,185.0,9.8,17.6,20260907_150758
2026-09-07 15:10:34.271555,1435.75,36.0,185.0,10.2,17.3,20260907_150758
2026-09-07 15:10:34.471688,1410.75,35.4,185.0,10.6,17.3,20260907_150758
2026-09-07 15:10:34.671806,1429.5,35.4,185.0,10.2,17.3,20260907_150758
2026-09-07 15:10:34.871965,1491.25,34.8,185.0,9.4,17.6,20260907_150758
2026-09-07 15:10:35.072096,1562.5,34.2,185.0,8.6,17.6,20260907_150758
2026-09-07 15:10:35.272211,,32.9,185.0,7.5,18.0,20260907_150758
2026-09-07 15:10:35.605900,1682.0,32.9,185.0,7.5,18.0,20260907_150758
2026-09-07 15:10:35.806026,1662.5,32.9,185.0,7.8,17.6,20260907_150758
2026-09-07 15:10:36.006146,1621.75,32.3,185.0,7.8,17.6,20260907_150758
2026-09-07 15:10:36.206267,1578.0,31.1,185.0,8.6,17.6,20260907_150758
2026-09-07 15:10:36.406384,1538.25,30.4,185.0,9.0,17.6,20260907_150758
2026-09-07 15:10:36.606528,1496.75,29.8,185.0,9.4,17.6,20260907_150758
2026-09-07 15:10:36.806650,1474.0,28.6,185.0,9.8,17.3,20260907_150758
2026-09-07 15:10:37.006775,1500.75,27.3,185.0,9.4,17.6,20260907_150758
2026-09-07 15:10:37.206906,1535.75,26.1,185.0,9.0,17.6,20260907_150758
2026-09-07 15:10:37.407033,1506.25,24.9,185.0,9.0,17.6,20260907_150758
2026-09-07 15:10:37.607202,1432.0,23.6,185.0,10.2,17.3,20260907_150758
2026-09-07 15:10:37.807343,1353.75,22.4,185.0,11.0,17.3,20260907_150758
2026-09-07 15:10:38.007462,1273.25,21.1,185.0,11.4,16.9,20260907_150758
2026-09-07 15:10:38.207596,1196.0,19.9,185.0,11.8,16.9,20260907_150758
2026-09-07 15:10:38.407736,1114.75,18.6,185.0,12.9,17.3,20260907_150758
2026-09-07 15:10:38.607891,1011.5,17.4,185.0,16.5,17.6,20260907_150758
2026-09-07 15:10:38.808011,951.5,15.5,185.0,22.4,17.6,20260907_150758
2026-09-07 15:10:39.008129,947.5,14.3,185.0,23.9,17.3,20260907_150758
2026-09-07 15:10:39.208260,969.5,13.0,185.0,22.0,15.3,20260907_150758
2026-09-07 15:10:39.408399,950.0,12.4,185.0,16.1,16.1,20260907_150758
2026-09-07 15:10:39.608546,883.5,11.2,185.0,18.8,16.1,20260907_150758
2026-09-07 15:10:39.808681,873.25,11.2,185.0,19.2,16.1,20260907_150758
2026-09-07 15:10:40.008807,866.25,10.6,185.0,20.8,16.1,20260907_150758
2026-09-07 15:10:40.208926,895.25,9.9,185.0,19.6,16.1,20260907_150758
2026-09-07 15:10:40.409055,874.0,9.9,185.0,20.0,16.1,20260907_150758
2026-09-07 15:10:40.609176,842.75,9.3,185.0,21.6,16.1,20260907_150758
2026-09-07 15:10:40.809311,811.5,8.7,186.8,23.9,16.5,20260907_150758
2026-09-07 15:10:41.009482,789.0,8.1,186.8,26.3,16.5,20260907_150758
2026-09-07 15:10:41.209624,775.75,8.1,186.8,28.2,16.5,20260907_150758
2026-09-07 15:10:41.409732,765.5,8.1,186.8,28.6,16.5,20260907_150758
2026-09-07 15:10:41.609852,766.25,7.5,186.8,29.0,16.5,20260907_150758
2026-09-07 15:10:41.809988,799.0,7.5,186.8,29.0,16.5,20260907_150758
2026-09-07 15:10:42.010103,869.5,7.5,186.8,25.5,16.5,20260907_150758
2026-09-07 15:10:42.210225,930.25,7.5,186.8,21.2,16.5,20260907_150758
2026-09-07 15:10:42.410367,942.75,7.5,186.8,18.4,16.1,20260907_150758
2026-09-07 15:10:42.610478,930.25,7.5,186.8,17.3,16.1,20260907_150758
2026-09-07 15:10:42.810596,909.25,7.5,186.8,17.6,16.1,20260907_150758
2026-09-07 15:10:43.010707,914.0,7.5,186.8,17.3,16.1,20260907_150758
2026-09-07 15:10:43.210820,907.0,6.8,186.8,17.3,16.1,20260907_150758
2026-09-07 15:10:43.410951,875.75,6.8,186.8,18.4,16.1,20260907_150758
2026-09-07 15:10:43.611063,851.5,6.2,186.8,19.6,16.1,20260907_150758
2026-09-07 15:10:43.811181,825.0,6.2,186.8,21.6,16.1,20260907_150758
2026-09-07 15:10:44.011323,800.75,5.6,186.8,23.9,16.5,20260907_150758
2026-09-07 15:10:44.211426,795.25,5.6,186.8,25.1,16.5,20260907_150758
2026-09-07 15:10:44.411545,789.75,5.6,186.8,25.9,16.5,20260907_150758
2026-09-07 15:10:44.611673,780.25,5.6,186.8,25.9,16.5,20260907_150758
2026-09-07 15:10:44.811780,773.25,5.6,186.8,26.7,16.5,20260907_150758
2026-09-07 15:10:45.011905,764.75,5.0,186.8,27.5,16.5,20260907_150758
2026-09-07 15:10:45.212021,757.0,5.0,186.8,27.8,16.5,20260907_150758
2026-09-07 15:10:45.412141,750.0,4.3,186.8,28.2,16.5,20260907_150758
2026-09-07 15:10:45.612266,745.25,4.3,186.8,28.2,16.5,20260907_150758
2026-09-07 15:10:45.812393,735.75,3.7,186.8,28.2,16.5,20260907_150758
2026-09-07 15:10:46.012513,733.5,3.7,186.8,29.0,16.5,20260907_150758
2026-09-07 15:10:46.212634,733.5,3.7,186.8,30.2,16.5,20260907_150758
2026-09-07 15:10:46.412767,736.5,3.1,186.8,30.2,16.5,20260907_150758
2026-09-07 15:10:46.612894,739.0,3.1,186.8,30.2,16.5,20260907_150758
2026-09-07 15:10:46.813032,731.25,3.1,186.8,30.2,16.5,20260907_150758
2026-09-07 15:10:47.013160,729.5,2.5,188.6,30.2,16.5,20260907_150758
2026-09-07 15:10:47.213282,747.5,2.5,186.8,35.3,22.7,20260907_150758
2026-09-07 15:10:47.413462,1114.0,2.5,188.6,43.1,15.3,20260907_150758
2026-09-07 15:10:47.613592,1205.25,2.5,188.6,20.0,18.0,20260907_150758
2026-09-07 15:10:47.813706,1104.5,2.5,188.6,17.6,15.7,20260907_150758
2026-09-07 15:10:48.013827,937.5,2.5,188.6,18.4,17.3,20260907_150758
2026-09-07 15:10:48.213950,845.25,2.5,188.6,25.9,16.9,20260907_150758
2026-09-07 15:10:48.414083,813.25,1.9,188.6,29.0,16.9,20260907_150758
2026-09-07 15:10:48.614191,791.25,1.9,188.6,30.2,16.9,20260907_150758
2026-09-07 15:10:48.814327,758.5,1.9,188.6,30.6,16.5,20260907_150758
2026-09-07 15:10:49.014440,746.0,1.2,188.6,30.6,16.5,20260907_150758
2026-09-07 15:10:49.214548,713.25,0.6,188.6,31.0,16.5,20260907_150758
2026-09-07 15:10:49.414671,711.5,0.0,188.6,31.4,16.9,20260907_150758
2026-09-07 15:10:49.614806,731.25,0.0,188.6,32.2,16.5,20260907_150758
2026-09-07 15:10:49.814929,776.5,0.0,188.6,31.4,16.9,20260907_150758
2026-09-07 15:10:50.015051,780.25,0.0,188.6,31.4,16.9,20260907_150758
2026-09-07 15:10:50.215189,765.5,0.0,188.6,34.9,17.6,20260907_150758
2026-09-07 15:10:50.415308,780.25,0.6,188.6,37.6,17.3,20260907_150758
2026-09-07 15:10:50.615433,766.25,1.2,188.6,37.3,16.5,20260907_150758
2026-09-07 15:10:50.815571,763.25,1.2,188.6,35.3,17.3,20260907_150758
2026-09-07 15:10:51.015686,783.5,1.9,188.6,35.3,18.4,20260907_150758
2026-09-07 15:10:51.215817,767.0,1.9,188.6,39.2,17.3,20260907_150758
2026-09-07 15:10:51.415936,756.25,1.9,188.6,38.8,17.6,20260907_150758
2026-09-07 15:10:51.616059,752.25,2.5,188.6,39.2,17.3,20260907_150758
2026-09-07 15:10:51.816179,739.75,2.5,188.6,39.2,17.3,20260907_150758
2026-09-07 15:10:52.016307,740.5,3.1,188.6,39.6,17.3,20260907_150758
2026-09-07 15:10:52.216445,740.5,3.1,188.6,39.2,17.3,20260907_150758
2026-09-07 15:10:52.416577,740.5,3.1,188.6,39.2,17.3,20260907_150758
2026-09-07 15:10:52.616697,740.5,3.1,188.6,39.2,17.3,20260907_150758
2026-09-07 15:10:52.816818,741.25,3.1,188.6,40.4,17.6,20260907_150758
2026-09-07 15:10:53.016948,737.5,2.5,188.6,41.2,17.6,20260907_150758
2026-09-07 15:10:53.217070,740.5,2.5,188.6,42.0,17.6,20260907_150758
2026-09-07 15:10:53.417192,750.0,2.5,188.6,42.4,17.6,20260907_150758
2026-09-07 15:10:53.617326,744.5,1.9,188.6,42.0,17.6,20260907_150758
2026-09-07 15:10:53.817465,745.25,1.9,188.6,42.4,17.6,20260907_150758
2026-09-07 15:10:54.017599,753.75,1.9,188.6,42.4,17.6,20260907_150758
2026-09-07 15:10:54.217729,745.25,1.9,188.6,42.7,17.6,20260907_150758
2026-09-07 15:10:54.417857,735.0,1.2,190.4,42.7,17.6,20260907_150758
2026-09-07 15:10:54.617986,747.5,1.2,190.4,42.7,17.6,20260907_150758
2026-09-07 15:10:54.818102,754.5,0.6,190.4,43.1,17.6,20260907_150758
2026-09-07 15:10:55.018217,757.75,0.0,190.4,43.1,17.6,20260907_150758
2026-09-07 15:10:55.218349,751.5,0.0,190.4,42.4,17.6,20260907_150758
2026-09-07 15:10:55.418486,749.0,0.0,190.4,41.6,17.6,20260907_150758
2026-09-07 15:10:55.618625,753.75,0.0,190.4,41.6,18.8,20260907_150758
2026-09-07 15:10:55.818752,847.5,0.0,190.4,45.1,18.8,20260907_150758
2026-09-07 15:10:56.018879,975.75,0.0,190.4,36.9,17.6,20260907_150758
2026-09-07 15:10:56.219004,1071.0,0.0,190.4,32.9,21.6,20260907_150758
2026-09-07 15:10:56.419131,1236.5,0.0,190.4,32.9,20.0,20260907_150758
2026-09-07 15:10:56.619257,1171.0,0.0,190.4,25.5,19.2,20260907_150758
2026-09-07 15:10:56.819382,1050.75,0.0,190.4,30.2,19.6,20260907_150758
2026-09-07 15:10:57.019498,1125.0,0.0,190.4,31.4,19.6,20260907_150758
2026-09-07 15:10:57.219636,1167.0,0.6,190.4,29.8,20.4,20260907_150758
2026-09-07 15:10:57.419738,1232.0,0.6,190.4,29.0,20.4,20260907_150758
2026-09-07 15:10:57.619873,1262.5,1.2,190.4,27.1,20.8,20260907_150758
2026-09-07 15:10:57.819992,1278.75,1.2,190.4,27.8,21.2,20260907_150758
2026-09-07 15:10:58.020128,1307.75,1.9,190.4,27.8,21.2,20260907_150758
2026-09-07 15:10:58.220246,1323.25,1.9,190.4,28.2,21.6,20260907_150758
2026-09-07 15:10:58.420403,1352.25,2.5,190.4,24.7,20.0,20260907_150758
2026-09-07 15:10:58.620526,1224.0,2.5,190.4,23.5,18.4,20260907_150758
2026-09-07 15:10:58.820643,1130.25,3.1,192.2,24.7,18.8,20260907_150758
2026-09-07 15:10:59.020780,1108.5,3.1,192.2,25.1,18.4,20260907_150758
2026-09-07 15:10:59.220905,1102.25,3.7,192.2,23.9,18.0,20260907_150758
2026-09-07 15:10:59.421027,1121.0,3.7,192.2,22.7,16.9,20260907_150758
2026-09-07 15:10:59.621160,1050.0,3.7,192.2,17.3,14.9,20260907_150758
2026-09-07 15:10:59.821283,866.25,3.7,192.2,18.4,16.9,20260907_150758
2026-09-07 15:11:00.021491,856.25,3.7,192.2,25.5,16.9,20260907_150758
2026-09-07 15:11:00.221609,834.25,4.3,192.2,25.9,15.7,20260907_150758
2026-09-07 15:11:00.421736,851.5,4.3,192.2,22.7,16.1,20260907_150758
2026-09-07 15:11:00.621855,850.75,4.3,192.2,22.0,16.1,20260907_150758
2026-09-07 15:11:00.821985,842.0,4.3,192.2,21.6,16.1,20260907_150758
2026-09-07 15:11:01.022099,851.5,4.3,192.2,20.4,16.1,20260907_150758
2026-09-07 15:11:01.222220,851.5,4.3,192.2,19.6,16.1,20260907_150758
2026-09-07 15:11:01.422342,,4.3,192.2,18.4,16.1,20260907_150758
2026-09-07 15:11:01.755243,879.5,4.3,192.2,18.4,16.1,20260907_150758
2026-09-07 15:11:01.955379,886.5,4.3,192.2,18.4,16.1,20260907_150758
2026-09-07 15:11:02.155510,894.5,4.3,192.2,18.0,16.1,20260907_150758
2026-09-07 15:11:02.355623,877.25,4.3,192.2,18.4,16.1,20260907_150758
2026-09-07 15:11:02.555795,874.0,4.3,192.2,18.8,16.1,20260907_150758
2026-09-07 15:11:02.755928,864.0,4.3,192.2,19.2,16.1,20260907_150758
2026-09-07 15:11:02.956041,860.0,4.3,192.2,19.2,16.1,20260907_150758
2026-09-07 15:11:03.156177,855.25,4.3,192.2,19.6,16.1,20260907_150758
2026-09-07 15:11:03.356307,853.0,4.3,192.2,19.6,16.1,20260907_150758
2026-09-07 15:11:03.556431,837.5,3.7,192.2,20.0,16.1,20260907_150758
2026-09-07 15:11:03.756556,802.25,3.7,192.2,21.6,16.5,20260907_150758
2026-09-07 15:11:03.956686,756.25,3.1,192.2,23.9,16.5,20260907_150758
2026-09-07 15:11:04.156804,735.0,3.1,192.2,26.3,16.5,20260907_150758
2026-09-07 15:11:04.356937,748.25,3.1,192.2,27.8,16.5,20260907_150758
2026-09-07 15:11:44.042324,1905.25,59.7,183.2,54.9,43.9,20260907_151141
2026-09-07 15:11:44.242643,1910.0,59.7,181.4,53.7,42.7,20260907_151141
2026-09-07 15:11:44.442811,1914.75,59.7,183.2,52.9,42.4,20260907_151141
2026-09-07 15:11:44.645760,1916.0,59.7,183.2,53.7,42.4,20260907_151141
2026-09-07 15:11:44.845924,1916.0,59.7,183.2,51.4,42.4,20260907_151141
2026-09-07 15:11:45.046071,1924.0,59.7,183.2,51.4,42.7,20260907_151141
2026-09-07 15:11:45.246278,1925.0,59.7,183.2,51.4,43.1,20260907_151141
2026-09-07 15:11:45.446758,1925.0,60.3,183.2,51.8,43.5,20260907_151141
2026-09-07 15:11:45.648000,1939.0,59.7,185.0,59.6,50.2,20260907_151141
2026-09-07 15:11:45.848198,1919.5,60.3,185.0,61.6,49.8,20260907_151141
2026-09-07 15:11:46.048369,1937.5,60.3,185.0,63.1,46.7,20260907_151141
2026-09-07 15:11:46.248613,1939.0,60.3,185.0,62.7,43.1,20260907_151141
2026-09-07 15:11:46.448813,1931.25,60.3,185.0,61.6,45.1,20260907_151141
2026-09-07 15:11:46.648939,1935.75,60.3,185.0,62.0,45.5,20260907_151141
2026-09-07 15:11:46.849076,1940.0,60.3,185.0,62.4,45.1,20260907_151141
2026-09-07 15:11:47.049231,1938.0,60.3,185.0,62.0,44.7,20260907_151141
2026-09-07 15:11:47.249391,1940.0,60.9,185.0,61.6,44.7,20260907_151141
2026-09-07 15:11:47.449519,1938.25,60.9,185.0,61.6,45.1,20260907_151141
2026-09-07 15:11:47.649646,1942.0,60.9,185.0,61.6,45.1,20260907_151141
2026-09-07 15:11:47.849774,1947.5,60.9,186.8,60.8,31.0,20260907_151141
2026-09-07 15:11:48.050012,1924.0,60.9,185.0,43.9,25.5,20260907_151141
2026-09-07 15:11:48.250189,1915.0,60.9,186.8,29.8,27.1,20260907_151141
2026-09-07 15:11:48.450339,2003.0,60.9,186.8,45.5,40.0,20260907_151141
2026-09-07 15:11:48.650499,1964.75,60.9,186.8,56.5,40.0,20260907_151141
2026-09-07 15:11:48.850680,1949.0,60.9,186.8,64.3,46.7,20260907_151141
2026-09-07 15:11:49.050835,1932.75,60.9,186.8,64.3,41.6,20260907_151141
2026-09-07 15:11:49.250997,1936.0,60.9,186.8,58.4,27.5,20260907_151141
2026-09-07 15:11:49.451120,1934.25,60.9,186.8,45.1,25.9,20260907_151141
2026-09-07 15:11:49.654688,1942.75,60.9,185.0,38.4,28.2,20260907_151141
2026-09-07 15:11:49.854805,1966.25,60.9,185.0,40.4,29.8,20260907_151141
2026-09-07 15:11:50.054974,1928.75,60.9,185.0,33.7,25.1,20260907_151141
2026-09-07 15:11:50.255149,1917.0,60.9,185.0,20.4,20.8,20260907_151141
2026-09-07 15:11:50.455337,1914.75,60.3,185.0,16.9,22.0,20260907_151141
2026-09-07 15:11:50.655470,1908.5,60.3,185.0,16.5,22.0,20260907_151141
2026-09-07 15:11:50.855755,1904.5,60.3,185.0,18.0,22.7,20260907_151141
2026-09-07 15:11:51.055903,1907.75,60.3,185.0,23.9,27.1,20260907_151141
2026-09-07 15:11:51.256055,1906.25,60.3,185.0,31.8,29.4,20260907_151141
2026-09-07 15:11:51.456185,1896.0,60.3,185.0,31.0,28.6,20260907_151141
2026-09-07 15:11:51.656301,1899.0,59.7,185.0,31.8,28.2,20260907_151141
2026-09-07 15:11:51.856433,1892.75,59.7,185.0,31.8,27.5,20260907_151141
2026-09-07 15:11:52.056938,1894.5,59.7,185.0,31.4,26.7,20260907_151141
2026-09-07 15:11:52.257194,1890.5,59.7,183.2,30.2,27.1,20260907_151141
2026-09-07 15:11:52.457355,1896.0,59.7,183.2,31.4,27.5,20260907_151141
2026-09-07 15:11:52.657494,1892.75,59.7,183.2,32.2,31.0,20260907_151141
2026-09-07 15:11:52.857633,1896.75,59.7,183.2,38.0,35.7,20260907_151141
2026-09-07 15:11:53.057795,1893.75,59.7,183.2,40.4,36.9,20260907_151141
2026-09-07 15:11:53.258991,1892.75,59.7,183.2,40.4,36.9,20260907_151141
2026-09-07 15:11:53.459179,,60.3,183.2,40.4,37.3,20260907_151141
2026-09-07 15:11:53.795207,1897.5,60.3,183.2,40.4,37.3,20260907_151141
2026-09-07 15:11:53.995366,1897.5,60.3,183.2,40.4,37.3,20260907_151141
2026-09-07 15:11:54.195563,1898.25,60.3,181.4,40.4,36.9,20260907_151141
2026-09-07 15:11:54.395768,1907.0,60.3,181.4,40.4,36.9,20260907_151141
2026-09-07 15:11:54.595939,1902.25,60.3,181.4,40.4,36.9,20260907_151141
2026-09-07 15:11:54.796068,1902.25,60.3,181.4,40.8,36.5,20260907_151141
2026-09-07 15:11:54.996212,1904.5,60.3,181.4,40.8,36.5,20260907_151141
2026-09-07 15:11:55.196405,1913.25,60.3,181.4,40.8,36.5,20260907_151141
2026-09-07 15:11:55.396518,1906.25,60.3,181.4,40.8,36.5,20260907_151141
2026-09-07 15:11:55.596686,1913.25,60.3,181.4,40.8,36.5,20260907_151141
2026-09-07 15:11:55.796821,1914.75,60.3,181.4,40.8,36.5,20260907_151141
2026-09-07 15:11:55.997006,1921.0,60.9,181.4,40.8,36.5,20260907_151141
2026-09-07 15:11:56.197168,1917.75,60.9,181.4,40.8,36.5,20260907_151141
2026-09-07 15:11:56.397320,1926.5,60.9,181.4,40.8,36.5,20260907_151141
2026-09-07 15:11:56.597500,1917.0,60.9,181.4,40.8,36.5,20260907_151141
2026-09-07 15:11:56.797847,1928.75,60.9,181.4,41.2,36.5,20260907_151141
2026-09-07 15:11:56.998027,1938.25,60.9,181.4,41.2,34.5,20260907_151141
2026-09-07 15:11:57.198247,1934.25,60.9,181.4,39.2,33.3,20260907_151141
2026-09-07 15:11:57.398358,1940.5,61.5,181.4,39.6,33.7,20260907_151141
2026-09-07 15:11:57.598485,1942.75,61.5,181.4,39.6,33.7,20260907_151141
2026-09-07 15:11:57.798657,1942.75,61.5,181.4,39.6,33.7,20260907_151141
2026-09-07 15:11:57.998799,1949.0,61.5,181.4,39.2,33.7,20260907_151141
2026-09-07 15:11:58.198931,1953.75,61.5,181.4,39.6,33.7,20260907_151141
2026-09-07 15:11:58.399035,1950.75,61.5,181.4,39.6,34.9,20260907_151141
2026-09-07 15:11:58.599477,1960.0,62.1,181.4,40.4,34.9,20260907_151141
2026-09-07 15:11:58.799608,1957.0,62.1,181.4,40.0,34.9,20260907_151141
2026-09-07 15:11:58.999811,1967.75,62.1,181.4,40.0,34.9,20260907_151141
2026-09-07 15:11:59.199965,1967.0,62.1,181.4,40.0,34.9,20260907_151141
2026-09-07 15:11:59.400112,1969.5,62.1,181.4,39.6,33.7,20260907_151141
2026-09-07 15:11:59.600234,1978.0,62.8,181.4,41.2,37.3,20260907_151141
2026-09-07 15:11:59.800402,1971.0,62.8,181.4,41.2,37.3,20260907_151141
2026-09-07 15:12:00.000550,1986.5,62.8,181.4,41.2,37.3,20260907_151141
2026-09-07 15:12:00.200704,1989.75,62.8,181.4,41.2,37.3,20260907_151141
2026-09-07 15:12:00.400861,1989.75,62.8,181.4,41.6,37.3,20260907_151141
2026-09-07 15:12:00.601030,1996.75,62.8,181.4,41.6,37.3,20260907_151141
2026-09-07 15:12:00.801861,2001.5,63.4,181.4,41.6,37.3,20260907_151141
2026-09-07 15:12:01.002091,2000.75,63.4,181.4,41.2,37.3,20260907_151141
2026-09-07 15:12:01.202361,2007.75,63.4,181.4,41.6,37.6,20260907_151141
2026-09-07 15:12:01.402527,2017.75,63.4,181.4,42.0,37.3,20260907_151141
2026-09-07 15:12:01.602662,2016.25,63.4,181.4,41.6,37.3,20260907_151141
2026-09-07 15:12:01.802791,2021.75,64.0,181.4,41.6,37.3,20260907_151141
2026-09-07 15:12:02.002891,2026.5,64.0,181.4,41.6,34.1,20260907_151141
2026-09-07 15:12:02.202996,2023.25,64.0,181.4,39.6,33.7,20260907_151141
2026-09-07 15:12:02.403101,2028.75,64.0,181.4,40.0,34.1,20260907_151141
2026-09-07 15:12:02.603204,2032.0,64.0,181.4,40.0,34.1,20260907_151141
2026-09-07 15:12:02.803381,2032.0,64.0,181.4,40.0,34.1,20260907_151141
2026-09-07 15:12:03.003505,2036.5,64.6,181.4,40.0,34.5,20260907_151141
2026-09-07 15:12:03.203614,2035.0,64.6,181.4,40.0,33.7,20260907_151141
2026-09-07 15:12:03.403736,2039.0,64.6,181.4,39.6,34.1,20260907_151141
2026-09-07 15:12:03.603873,2034.25,64.6,181.4,39.6,34.1,20260907_151141
2026-09-07 15:12:03.804000,2046.0,64.6,181.4,40.4,35.3,20260907_151141
2026-09-07 15:12:04.004130,2042.0,64.6,181.4,40.4,35.3,20260907_151141
2026-09-07 15:12:04.204275,2044.5,64.6,181.4,40.4,35.3,20260907_151141
2026-09-07 15:12:04.404406,2046.75,64.6,181.4,40.4,35.3,20260907_151141
2026-09-07 15:12:04.604562,2046.75,64.6,181.4,40.4,35.7,20260907_151141
2026-09-07 15:12:04.804712,2051.5,64.6,181.4,40.4,35.3,20260907_151141
2026-09-07 15:12:05.004865,2048.25,64.6,181.4,40.4,35.3,20260907_151141
2026-09-07 15:12:05.205077,2050.75,64.6,181.4,40.8,35.3,20260907_151141
2026-09-07 15:12:05.405209,2053.0,64.6,181.4,40.8,35.7,20260907_151141
2026-09-07 15:12:05.605357,2048.25,64.6,181.4,40.8,35.3,20260907_151141
2026-09-07 15:12:05.805623,2052.25,64.6,181.4,40.8,35.3,20260907_151141
2026-09-07 15:12:06.005739,2053.0,64.6,181.4,40.8,35.3,20260907_151141
2026-09-07 15:12:06.205865,2053.75,64.6,181.4,40.4,35.3,20260907_151141
2026-09-07 15:12:06.405969,2050.0,64.6,181.4,40.4,35.3,20260907_151141
2026-09-07 15:12:06.606065,2050.0,64.6,181.4,40.4,35.3,20260907_151141
2026-09-07 15:12:06.806210,2046.75,64.6,181.4,40.8,35.3,20260907_151141
2026-09-07 15:12:07.006329,2053.0,64.6,181.4,38.8,32.9,20260907_151141
2026-09-07 15:12:07.206438,2050.0,64.6,181.4,38.8,32.9,20260907_151141
2026-09-07 15:12:07.406716,2039.75,64.6,181.4,36.9,28.6,20260907_151141
2026-09-07 15:12:07.606874,2038.25,64.6,181.4,26.7,23.5,20260907_151141
2026-09-07 15:12:07.807011,2035.0,64.6,181.4,21.2,23.9,20260907_151141
2026-09-07 15:12:08.007118,1814.75,64.0,181.4,20.4,23.5,20260907_151141
2026-09-07 15:12:08.207241,1694.5,64.0,181.4,22.7,25.1,20260907_151141
2026-09-07 15:12:08.407368,1709.25,64.0,181.4,27.5,27.1,20260907_151141
2026-09-07 15:12:08.607484,1694.5,64.0,181.4,29.0,26.7,20260907_151141
2026-09-07 15:12:08.807612,1665.5,64.0,181.4,29.4,26.3,20260907_151141
2026-09-07 15:12:09.007726,1657.0,64.0,181.4,28.6,26.3,20260907_151141
2026-09-07 15:12:09.207847,1648.25,63.4,181.4,29.8,26.3,20260907_151141
2026-09-07 15:12:09.407957,1645.25,63.4,181.4,29.8,26.7,20260907_151141
2026-09-07 15:12:09.608070,1642.75,63.4,181.4,30.2,26.7,20260907_151141
2026-09-07 15:12:09.808187,1640.5,63.4,181.4,30.2,26.7,20260907_151141
2026-09-07 15:12:10.008291,1635.75,62.8,181.4,30.6,26.7,20260907_151141
2026-09-07 15:12:10.208414,1635.0,62.8,181.4,30.6,26.7,20260907_151141
2026-09-07 15:12:10.408529,1636.5,62.8,181.4,30.6,26.7,20260907_151141
2026-09-07 15:12:10.608646,1632.0,62.8,181.4,31.0,26.7,20260907_151141
2026-09-07 15:12:10.808755,1630.25,62.8,181.4,33.7,29.4,20260907_151141
2026-09-07 15:12:11.008879,1629.5,62.8,181.4,36.5,30.2,20260907_151141
2026-09-07 15:12:11.208993,1621.0,62.8,181.4,36.5,29.4,20260907_151141
2026-09-07 15:12:11.409113,1623.25,62.8,181.4,37.3,28.2,20260907_151141
2026-09-07 15:12:11.609217,1620.25,62.1,181.4,37.3,27.5,20260907_151141
2026-09-07 15:12:11.809330,1624.0,62.1,181.4,37.3,27.1,20260907_151141
2026-09-07 15:12:12.009444,1612.5,62.1,181.4,37.3,26.7,20260907_151141
2026-09-07 15:12:12.209575,1618.75,62.1,181.4,35.7,27.1,20260907_151141
2026-09-07 15:12:12.409688,1614.0,62.1,181.4,36.5,27.8,20260907_151141
2026-09-07 15:12:12.609793,1609.25,62.1,181.4,37.6,28.6,20260907_151141
2026-09-07 15:12:12.809909,1610.75,62.1,181.4,37.6,29.0,20260907_151141
2026-09-07 15:12:13.010025,1610.0,62.1,181.4,38.8,31.0,20260907_151141
2026-09-07 15:12:13.210149,1604.5,62.1,181.4,39.2,32.5,20260907_151141
2026-09-07 15:12:13.410263,1638.25,62.1,,46.7,45.5,20260907_151141
2026-09-07 15:12:13.746734,1635.75,61.5,181.4,46.7,46.7,20260907_151141
2026-09-07 15:12:13.946857,1636.5,61.5,181.4,50.6,50.2,20260907_151141
2026-09-07 15:12:14.146973,1619.5,61.5,181.4,55.7,54.5,20260907_151141
2026-09-07 15:12:14.347106,1638.25,61.5,181.4,58.4,54.9,20260907_151141
2026-09-07 15:12:14.547219,1642.0,61.5,181.4,60.8,54.1,20260907_151141
2026-09-07 15:12:14.747343,1656.25,61.5,181.4,63.9,53.3,20260907_151141
2026-09-07 15:12:14.947462,1636.5,62.1,181.4,67.1,51.8,20260907_151141
2026-09-07 15:12:15.147635,1642.75,62.1,181.4,71.0,50.2,20260907_151141
2026-09-07 15:12:15.347749,1632.75,62.1,181.4,71.8,47.1,20260907_151141
2026-09-07 15:12:15.547862,1635.75,62.1,181.4,72.2,46.7,20260907_151141
2026-09-07 15:12:15.747998,1634.25,62.1,181.4,70.2,43.5,20260907_151141
2026-09-07 15:12:15.948114,1631.25,62.1,181.4,66.3,42.7,20260907_151141
2026-09-07 15:12:16.148238,1628.75,62.1,181.4,65.9,43.5,20260907_151141
2026-09-07 15:12:16.348356,1631.25,62.1,181.4,65.9,44.7,20260907_151141
2026-09-07 15:12:16.548465,1637.5,62.1,181.4,67.8,49.8,20260907_151141
2026-09-07 15:12:16.748588,1645.25,62.1,181.4,72.5,63.5,20260907_151141
2026-09-07 15:12:16.948694,1669.5,62.8,181.4,78.4,60.0,20260907_151141
2026-09-07 15:12:17.148820,1700.75,62.8,181.4,78.8,54.1,20260907_151141
2026-09-07 15:12:17.348945,1686.5,62.8,181.4,80.0,49.8,20260907_151141
2026-09-07 15:12:17.549065,1675.0,62.8,181.4,82.7,47.5,20260907_151141
2026-09-07 15:12:17.749185,1660.0,62.8,181.4,82.7,41.6,20260907_151141
2026-09-07 15:12:17.949310,1664.75,62.8,181.4,77.6,38.0,20260907_151141
2026-09-07 15:12:18.149509,1670.25,63.4,181.4,75.3,40.0,20260907_151141
2026-09-07 15:12:18.349647,1683.5,63.4,181.4,73.3,43.5,20260907_151141
2026-09-07 15:12:18.549837,1690.5,63.4,181.4,72.5,48.2,20260907_151141
2026-09-07 15:12:18.750017,1676.5,63.4,181.4,72.2,47.8,20260907_151141
2026-09-07 15:12:18.950149,1685.75,63.4,181.4,69.8,49.0,20260907_151141
2026-09-07 15:12:19.150346,1689.75,63.4,181.4,68.6,49.4,20260907_151141
2026-09-07 15:12:19.350420,1684.25,64.0,181.4,69.8,50.6,20260907_151141
2026-09-07 15:12:19.550608,1690.5,64.0,181.4,71.0,51.0,20260907_151141
2026-09-07 15:12:19.750701,1707.75,64.0,181.4,69.8,51.4,20260907_151141
2026-09-07 15:12:19.950838,1699.0,64.0,181.4,69.4,52.5,20260907_151141
2026-09-07 15:12:20.151005,1703.75,64.0,181.4,71.0,53.7,20260907_151141
2026-09-07 15:12:20.351201,1698.25,64.0,179.6,72.9,51.0,20260907_151141
2026-09-07 15:12:20.551283,1715.5,64.0,179.6,73.3,49.8,20260907_151141
2026-09-07 15:12:20.751379,1716.25,64.0,179.6,72.5,49.4,20260907_151141
2026-09-07 15:12:20.951484,1717.0,64.6,179.6,71.8,50.2,20260907_151141
2026-09-07 15:12:21.151616,1708.5,64.6,179.6,70.2,48.6,20260907_151141
2026-09-07 15:12:21.351694,1688.25,64.6,179.6,68.6,43.9,20260907_151141
2026-09-07 15:12:21.551790,1689.0,64.6,179.6,66.3,40.8,20260907_151141
2026-09-07 15:12:21.751922,1690.5,64.6,179.6,62.7,43.1,20260907_151141
2026-09-07 15:12:21.952069,1685.75,64.6,179.6,62.7,43.9,20260907_151141
2026-09-07 15:12:22.152214,1700.0,64.6,179.6,62.4,43.9,20260907_151141
2026-09-07 15:12:22.352310,1708.5,64.6,179.6,62.0,44.3,20260907_151141
2026-09-07 15:12:22.552460,1698.25,64.6,179.6,62.0,44.3,20260907_151141
2026-09-07 15:12:22.752592,1713.25,64.6,177.8,62.0,44.3,20260907_151141
2026-09-07 15:12:22.952700,1716.25,64.6,177.8,62.4,44.3,20260907_151141
2026-09-07 15:12:23.152828,1708.5,64.6,177.8,62.4,44.7,20260907_151141
2026-09-07 15:12:23.352941,1713.25,65.2,177.8,63.1,44.3,20260907_151141
2026-09-07 15:12:23.553055,1703.0,65.2,177.8,55.7,28.6,20260907_151141
2026-09-07 15:12:23.753178,1677.25,64.6,177.8,36.1,22.7,20260907_151141
2026-09-07 15:12:23.953283,1703.0,65.2,177.8,33.3,26.3,20260907_151141
2026-09-07 15:12:24.153417,1703.75,64.6,177.8,35.3,26.3,20260907_151141
2026-09-07 15:12:24.353539,1694.5,64.6,177.8,36.1,26.7,20260907_151141
2026-09-07 15:12:24.553647,1678.75,64.6,177.8,37.3,26.7,20260907_151141
2026-09-07 15:12:24.753766,1684.25,64.6,177.8,37.6,26.7,20260907_151141
2026-09-07 15:12:24.953878,1680.25,64.6,177.8,37.6,27.1,20260907_151141
2026-09-07 15:12:25.153996,1679.5,64.6,177.8,37.6,27.1,20260907_151141
2026-09-07 15:12:25.354113,1679.5,64.6,177.8,36.5,28.6,20260907_151141
2026-09-07 15:12:25.554234,1680.25,64.6,177.8,38.8,30.2,20260907_151141
2026-09-07 15:12:25.754366,1679.5,64.6,177.8,38.4,31.0,20260907_151141
2026-09-07 15:12:25.954478,1677.25,64.6,177.8,38.4,32.5,20260907_151141
2026-09-07 15:12:26.154635,1686.5,64.6,177.8,38.8,31.0,20260907_151141
2026-09-07 15:12:26.354743,1707.75,64.6,177.8,37.3,33.3,20260907_151141
2026-09-07 15:12:26.554864,1715.5,64.6,177.8,38.4,35.3,20260907_151141
2026-09-07 15:12:26.754979,1713.25,64.6,177.8,38.8,38.4,20260907_151141
2026-09-07 15:12:26.955116,1731.25,64.6,177.8,43.1,40.8,20260907_151141
2026-09-07 15:12:27.155236,1714.0,64.6,177.8,44.3,40.0,20260907_151141
2026-09-07 15:12:27.355363,1705.25,64.6,177.8,43.1,38.4,20260907_151141
2026-09-07 15:12:27.555479,1707.75,64.6,177.8,42.4,38.4,20260907_151141
2026-09-07 15:12:27.755591,1704.5,64.6,177.8,41.6,38.8,20260907_151141
2026-09-07 15:12:27.955706,1707.75,64.6,177.8,42.4,39.2,20260907_151141
2026-09-07 15:12:28.155840,1710.75,64.6,177.8,42.7,39.2,20260907_151141
2026-09-07 15:12:28.355957,1717.0,64.6,177.8,43.1,39.2,20260907_151141
2026-09-07 15:12:28.556083,1710.75,64.6,177.8,42.7,38.8,20260907_151141
2026-09-07 15:12:28.756228,1712.5,64.6,177.8,42.0,38.8,20260907_151141
2026-09-07 15:12:28.956350,1713.25,65.2,177.8,42.4,39.2,20260907_151141
2026-09-07 15:12:29.156491,1715.5,64.6,177.8,42.4,39.2,20260907_151141
2026-09-07 15:12:29.356608,1713.25,65.2,177.8,42.4,39.2,20260907_151141
2026-09-07 15:12:29.556731,1717.0,65.2,177.8,42.0,38.8,20260907_151141
2026-09-07 15:12:29.756864,1714.0,65.2,177.8,41.6,38.8,20260907_151141
2026-09-07 15:12:29.956985,1718.75,65.2,177.8,41.2,38.8,20260907_151141
2026-09-07 15:12:30.157108,1713.25,65.2,177.8,41.6,39.6,20260907_151141
2026-09-07 15:12:30.357230,1717.0,65.2,177.8,41.6,38.8,20260907_151141
2026-09-07 15:12:30.557338,1714.0,65.2,177.8,41.6,39.2,20260907_151141
2026-09-07 15:12:30.757448,1713.25,65.2,177.8,41.2,36.9,20260907_151141
2026-09-07 15:12:30.957558,1700.75,65.2,177.8,35.7,29.0,20260907_151141
2026-09-07 15:12:31.157694,1714.75,65.2,177.8,35.7,31.0,20260907_151141
2026-09-07 15:12:31.357821,1718.75,65.2,177.8,38.0,29.8,20260907_151141
2026-09-07 15:12:31.557945,1707.0,65.2,179.6,36.1,29.8,20260907_151141
2026-09-07 15:12:31.758051,1717.0,65.2,179.6,36.5,30.6,20260907_151141
2026-09-07 15:12:31.958199,1710.75,65.2,179.6,37.6,30.2,20260907_151141
2026-09-07 15:12:32.158330,1703.75,65.2,179.6,36.1,29.8,20260907_151141
2026-09-07 15:12:32.358442,1708.5,65.2,179.6,36.5,31.0,20260907_151141
2026-09-07 15:12:32.558590,1714.0,64.6,179.6,36.9,31.4,20260907_151141
2026-09-07 15:12:32.758683,1707.75,65.2,179.6,36.5,31.4,20260907_151141
2026-09-07 15:12:32.958789,1707.75,64.6,179.6,36.9,32.2,20260907_151141
2026-09-07 15:12:33.158909,1714.75,65.2,179.6,37.3,32.2,20260907_151141
2026-09-07 15:12:33.359032,1710.75,65.2,179.6,37.3,32.2,20260907_151141
2026-09-07 15:12:33.559163,1714.75,64.6,179.6,38.4,36.9,20260907_151141
2026-09-07 15:12:33.759283,1715.5,65.2,179.6,38.8,36.5,20260907_151141
2026-09-07 15:12:33.959394,1708.5,64.6,179.6,38.4,35.7,20260907_151141
2026-09-07 15:12:34.159515,1707.75,64.6,179.6,38.4,36.5,20260907_151141
2026-09-07 15:12:34.359622,1709.25,64.6,179.6,38.8,37.3,20260907_151141
2026-09-07 15:12:34.559732,1711.5,64.6,179.6,38.8,37.3,20260907_151141
2026-09-07 15:12:34.759845,1704.5,64.6,179.6,38.4,36.5,20260907_151141
2026-09-07 15:12:34.959962,1702.25,64.6,179.6,38.4,36.5,20260907_151141
2026-09-07 15:12:35.160084,1706.25,64.6,179.6,38.4,36.5,20260907_151141
2026-09-07 15:12:35.360201,1703.75,64.6,179.6,38.4,36.9,20260907_151141
2026-09-07 15:12:35.560323,1704.5,64.6,179.6,38.4,36.1,20260907_151141
2026-09-07 15:12:35.760439,1703.0,64.6,179.6,38.4,36.1,20260907_151141
2026-09-07 15:12:35.960551,1706.25,64.6,179.6,38.0,35.7,20260907_151141
2026-09-07 15:12:36.160663,1704.5,64.6,181.4,38.0,35.7,20260907_151141
2026-09-07 15:12:36.360786,1703.75,64.6,181.4,38.0,36.5,20260907_151141
2026-09-07 15:12:36.560897,1710.75,64.6,181.4,38.4,36.5,20260907_151141
2026-09-07 15:12:36.761005,1705.25,64.6,181.4,38.0,35.3,20260907_151141
2026-09-07 15:12:36.961121,1708.5,64.6,181.4,38.0,35.3,20260907_151141
2026-09-07 15:12:37.161257,1705.25,64.6,181.4,38.0,35.3,20260907_151141
2026-09-07 15:12:37.361362,1700.75,64.6,181.4,38.0,35.3,20260907_151141
2026-09-07 15:12:37.561472,,64.6,181.4,38.8,36.5,20260907_151141
2026-09-07 15:12:37.894387,1685.75,64.6,181.4,38.8,36.9,20260907_151141
2026-09-07 15:12:38.094536,1695.25,64.6,181.4,38.8,37.3,20260907_151141
2026-09-07 15:12:38.294755,1696.75,64.6,181.4,38.4,37.6,20260907_151141
2026-09-07 15:12:38.494877,1695.25,64.6,181.4,38.8,38.0,20260907_151141
2026-09-07 15:12:38.695044,1691.25,64.6,181.4,38.8,38.4,20260907_151141
2026-09-07 15:12:38.895175,1697.5,64.6,181.4,38.8,38.4,20260907_151141
2026-09-07 15:12:39.095355,1693.75,64.6,181.4,38.8,38.4,20260907_151141
2026-09-07 15:12:39.295512,1693.75,64.6,181.4,38.8,38.4,20260907_151141
2026-09-07 15:12:39.495673,1693.75,64.6,181.4,39.2,38.0,20260907_151141
2026-09-07 15:12:39.695798,1694.5,64.6,181.4,38.8,37.3,20260907_151141
2026-09-07 15:12:39.895893,1691.25,64.0,181.4,38.8,37.3,20260907_151141
2026-09-07 15:12:40.096012,1694.5,64.0,181.4,38.8,37.3,20260907_151141
2026-09-07 15:12:40.296112,1690.5,64.0,181.4,38.4,37.3,20260907_151141
2026-09-07 15:12:40.496211,1696.0,64.0,181.4,38.8,38.4,20260907_151141
2026-09-07 15:12:40.696312,1692.75,64.0,181.4,39.2,38.4,20260907_151141
2026-09-07 15:12:40.896429,1689.0,64.0,179.6,39.6,38.4,20260907_151141
2026-09-07 15:12:41.096539,1684.25,64.0,181.4,39.6,37.6,20260907_151141
2026-09-07 15:12:41.296641,1686.5,64.0,181.4,39.2,37.3,20260907_151141
2026-09-07 15:12:41.496740,1680.25,64.0,179.6,39.2,37.6,20260907_151141
2026-09-07 15:12:41.696837,1688.25,64.0,179.6,38.8,37.6,20260907_151141
2026-09-07 15:12:41.896966,1685.0,64.0,179.6,39.2,37.6,20260907_151141
2026-09-07 15:12:42.097121,1687.5,64.0,181.4,39.6,38.4,20260907_151141
2026-09-07 15:12:42.297250,1686.5,64.0,179.6,39.6,38.4,20260907_151141
2026-09-07 15:12:42.497352,1685.0,64.0,179.6,39.6,38.4,20260907_151141
2026-09-07 15:12:42.697475,1688.25,64.0,179.6,39.6,37.6,20260907_151141
2026-09-07 15:12:42.897573,1684.25,64.0,179.6,39.6,38.4,20260907_151141
2026-09-07 15:12:43.097693,1678.0,64.0,179.6,40.0,38.4,20260907_151141
2026-09-07 15:12:43.297833,1687.5,64.0,179.6,39.6,38.4,20260907_151141
2026-09-07 15:12:43.497973,1681.25,64.0,179.6,39.6,37.6,20260907_151141
2026-09-07 15:12:43.698097,1682.0,64.0,179.6,39.6,37.6,20260907_151141
2026-09-07 15:12:43.898219,1687.5,64.0,179.6,39.2,37.6,20260907_151141
2026-09-07 15:12:44.098358,1685.75,64.0,179.6,39.6,37.6,20260907_151141
2026-09-07 15:12:44.298468,1682.0,64.0,179.6,39.6,37.6,20260907_151141
2026-09-07 15:12:44.498628,1681.25,64.0,179.6,39.2,38.0,20260907_151141
2026-09-07 15:12:44.698737,1686.5,64.0,179.6,39.2,38.0,20260907_151141
2026-09-07 15:12:44.898851,1682.75,64.0,179.6,39.2,38.0,20260907_151141
2026-09-07 15:12:45.098990,1687.5,64.0,179.6,38.8,38.0,20260907_151141
2026-09-07 15:12:45.299106,1685.75,64.0,179.6,39.2,37.6,20260907_151141
2026-09-07 15:12:45.499233,1693.75,64.0,179.6,38.4,36.5,20260907_151141
2026-09-07 15:12:45.699336,1692.75,64.0,179.6,38.4,36.5,20260907_151141
2026-09-07 15:12:45.899469,1688.25,64.0,179.6,38.8,36.5,20260907_151141
2026-09-07 15:12:46.099588,1693.75,64.0,179.6,38.4,36.5,20260907_151141
2026-09-07 15:12:46.299714,1692.75,64.0,179.6,38.4,36.5,20260907_151141
2026-09-07 15:12:46.499831,1698.25,64.6,179.6,38.4,36.5,20260907_151141
2026-09-07 15:12:46.699941,1696.75,64.6,179.6,38.4,36.5,20260907_151141
2026-09-07 15:12:46.900061,1700.0,64.6,179.6,38.4,36.5,20260907_151141
2026-09-07 15:12:47.100192,1704.5,64.6,179.6,38.4,37.3,20260907_151141
2026-09-07 15:12:47.300312,1705.25,64.6,179.6,38.4,37.6,20260907_151141
2026-09-07 15:12:47.500434,1707.0,64.6,179.6,38.4,36.9,20260907_151141
2026-09-07 15:12:47.700552,1706.25,64.6,179.6,38.4,36.5,20260907_151141
2026-09-07 15:12:47.900661,1706.25,64.6,179.6,38.4,36.5,20260907_151141
2026-09-07 15:12:48.100881,1708.5,65.2,179.6,38.4,36.5,20260907_151141
2026-09-07 15:12:48.300992,1721.0,65.2,179.6,38.8,37.3,20260907_151141
2026-09-07 15:12:48.501105,1717.0,65.2,179.6,38.8,37.3,20260907_151141
2026-09-07 15:12:48.701231,1720.25,65.2,179.6,38.8,37.3,20260907_151141
2026-09-07 15:12:48.901352,1720.25,65.2,179.6,38.4,37.3,20260907_151141
2026-09-07 15:12:49.101482,1725.0,65.2,179.6,38.4,36.5,20260907_151141
2026-09-07 15:12:49.301595,1730.25,65.2,179.6,38.8,37.3,20260907_151141
2026-09-07 15:12:49.501707,1726.5,65.9,179.6,38.8,37.3,20260907_151141
2026-09-07 15:12:49.701832,1729.5,65.9,179.6,38.4,36.5,20260907_151141
2026-09-07 15:12:49.901947,1730.25,65.9,179.6,38.4,36.1,20260907_151141
2026-09-07 15:12:50.102074,1738.25,65.9,179.6,38.4,36.1,20260907_151141
2026-09-07 15:12:50.302189,1735.0,65.9,179.6,38.8,36.9,20260907_151141
2026-09-07 15:12:50.502304,1743.75,65.9,179.6,38.8,36.9,20260907_151141
2026-09-07 15:12:50.702410,1730.25,65.9,179.6,34.9,26.3,20260907_151141
2026-09-07 15:12:50.902526,1729.5,66.5,179.6,29.0,26.3,20260907_151141
2026-09-07 15:12:51.102641,1732.0,66.5,179.6,29.4,25.9,20260907_151141
2026-09-07 15:12:51.302777,1725.75,66.5,179.6,27.5,24.7,20260907_151141
2026-09-07 15:12:51.502886,1719.5,66.5,179.6,25.1,23.1,20260907_151141
2026-09-07 15:12:51.703001,1724.0,66.5,179.6,21.6,22.7,20260907_151141
2026-09-07 15:12:51.903112,1724.0,66.5,179.6,20.4,22.4,20260907_151141
2026-09-07 15:12:52.103238,1721.0,66.5,179.6,18.0,20.4,20260907_151141
2026-09-07 15:12:52.303348,1721.0,66.5,179.6,12.9,18.4,20260907_151141
2026-09-07 15:12:52.503465,1714.0,66.5,179.6,7.5,17.3,20260907_151141
2026-09-07 15:12:52.703574,1729.5,66.5,179.6,7.5,20.0,20260907_151141
2026-09-07 15:12:52.903687,1750.0,66.5,179.6,12.5,22.0,20260907_151141
2026-09-07 15:12:53.103810,1788.25,66.5,179.6,16.5,22.0,20260907_151141
2026-09-07 15:12:53.303915,1736.5,66.5,179.6,16.5,21.6,20260907_151141
2026-09-07 15:12:53.504036,1732.75,66.5,179.6,16.5,22.0,20260907_151141
2026-09-07 15:12:53.704156,1740.5,65.9,179.6,16.5,22.4,20260907_151141
2026-09-07 15:12:53.904274,1749.0,66.5,179.6,17.6,22.7,20260907_151141
2026-09-07 15:12:54.104379,1746.0,65.9,179.6,18.0,22.4,20260907_151141
2026-09-07 15:12:54.304498,1732.75,66.5,179.6,18.0,22.4,20260907_151141
2026-09-07 15:12:54.504612,1727.25,66.5,179.6,17.6,22.4,20260907_151141
2026-09-07 15:12:54.704734,1721.75,66.5,179.6,18.0,22.7,20260907_151141
2026-09-07 15:12:54.904850,1721.0,66.5,179.6,18.4,23.1,20260907_151141
2026-09-07 15:12:55.104978,1721.75,66.5,179.6,18.8,23.1,20260907_151141
2026-09-07 15:12:55.305093,1718.75,66.5,179.6,18.8,23.1,20260907_151141
2026-09-07 15:12:55.505205,1722.5,66.5,179.6,18.8,23.1,20260907_151141
2026-09-07 15:12:55.705352,1723.25,66.5,179.6,18.8,23.1,20260907_151141
2026-09-07 15:12:55.905467,1721.0,66.5,179.6,18.8,23.1,20260907_151141
2026-09-07 15:12:56.105590,1722.5,66.5,179.6,18.8,23.9,20260907_151141
2026-09-07 15:12:56.305706,1725.75,66.5,179.6,20.8,24.3,20260907_151141
2026-09-07 15:12:56.505831,1727.25,66.5,179.6,21.6,24.3,20260907_151141
2026-09-07 15:12:56.705986,1726.5,66.5,177.8,21.6,24.3,20260907_151141
2026-09-07 15:12:56.906100,1728.0,66.5,179.6,21.6,24.3,20260907_151141
2026-09-07 15:12:57.106231,1730.25,66.5,179.6,22.4,25.1,20260907_151141
2026-09-07 15:12:57.306357,1738.25,66.5,177.8,22.4,24.3,20260907_151141
2026-09-07 15:12:57.506474,1728.0,66.5,179.6,22.0,24.3,20260907_151141
2026-09-07 15:12:57.706641,1735.0,66.5,179.6,22.0,24.3,20260907_151141
2026-09-07 15:12:57.906773,1732.0,66.5,177.8,22.0,24.3,20260907_151141
2026-09-07 15:12:58.106886,1738.25,67.1,179.6,22.4,24.7,20260907_151141
2026-09-07 15:12:58.307001,1739.0,67.1,179.6,22.4,24.7,20260907_151141
2026-09-07 15:12:58.507117,1736.5,67.1,179.6,24.7,31.8,20260907_151141
2026-09-07 15:12:58.707276,1795.25,67.1,179.6,36.5,45.5,20260907_151141
2026-09-07 15:12:58.907387,1771.0,67.1,179.6,38.0,43.9,20260907_151141
2026-09-07 15:12:59.107506,1782.0,67.1,179.6,43.9,40.8,20260907_151141
2026-09-07 15:12:59.307616,1778.0,67.7,179.6,43.9,38.0,20260907_151141
2026-09-07 15:12:59.507729,1774.0,67.7,179.6,42.7,37.6,20260907_151141
2026-09-07 15:12:59.707855,1782.0,67.7,179.6,42.7,37.6,20260907_151141
2026-09-07 15:12:59.907997,1784.25,67.7,179.6,42.7,37.6,20260907_151141
2026-09-07 15:13:00.108124,1794.5,67.7,179.6,42.7,38.8,20260907_151141
2026-09-07 15:13:00.308241,1793.75,68.4,179.6,43.1,38.4,20260907_151141
2026-09-07 15:13:00.508382,1794.5,68.4,179.6,42.7,38.0,20260907_151141
2026-09-07 15:13:00.708534,1799.0,68.4,179.6,42.7,39.6,20260907_151141
2026-09-07 15:13:00.908655,1801.5,68.4,179.6,42.7,39.6,20260907_151141
2026-09-07 15:13:01.108798,1800.75,68.4,179.6,42.7,39.2,20260907_151141
2026-09-07 15:13:01.308905,1803.0,68.4,179.6,42.4,38.8,20260907_151141
2026-09-07 15:13:01.509021,1804.5,68.4,179.6,42.4,39.2,20260907_151141
2026-09-07 15:13:01.709167,1809.25,69.0,179.6,42.0,39.2,20260907_151141
2026-09-07 15:13:01.909278,1807.0,69.0,179.6,42.0,39.2,20260907_151141
2026-09-07 15:13:02.109396,1808.5,69.0,179.6,42.0,39.6,20260907_151141
2026-09-07 15:13:02.309511,1810.75,69.0,179.6,42.0,39.6,20260907_151141
2026-09-07 15:13:02.509619,1825.0,69.0,179.6,42.4,40.4,20260907_151141
2026-09-07 15:13:02.709739,1818.75,69.0,179.6,42.7,40.4,20260907_151141
2026-09-07 15:13:02.909855,1816.25,69.0,179.6,42.7,39.6,20260907_151141
2026-09-07 15:13:03.109982,1814.75,69.0,179.6,42.0,39.2,20260907_151141
2026-09-07 15:13:03.310101,1817.75,69.0,179.6,42.0,39.2,20260907_151141
2026-09-07 15:13:03.510217,1816.25,69.0,179.6,41.6,39.6,20260907_151141
2026-09-07 15:13:03.710336,1817.0,69.0,179.6,41.6,39.6,20260907_151141
2026-09-07 15:13:03.910474,1817.75,69.0,179.6,41.6,39.6,20260907_151141
2026-09-07 15:13:04.110639,1824.0,69.0,179.6,41.6,39.6,20260907_151141
2026-09-07 15:13:04.310756,1816.25,69.0,179.6,41.6,39.6,20260907_151141
2026-09-07 15:13:04.510870,1820.25,69.0,179.6,41.6,39.6,20260907_151141
2026-09-07 15:13:04.710986,1817.75,69.0,179.6,41.2,39.6,20260907_151141
2026-09-07 15:13:04.911104,1825.0,69.0,179.6,41.2,38.4,20260907_151141
2026-09-07 15:13:05.111238,1820.25,69.0,179.6,40.8,38.4,20260907_151141
2026-09-07 15:13:05.311359,1821.0,69.0,179.6,40.8,38.4,20260907_151141
2026-09-07 15:13:05.511474,1817.0,69.0,179.6,40.8,38.4,20260907_151141
2026-09-07 15:13:05.711590,1817.0,69.0,179.6,40.8,39.6,20260907_151141
2026-09-07 15:13:05.911714,1814.0,69.0,179.6,40.8,38.4,20260907_151141
2026-09-07 15:13:06.111824,1816.25,69.0,179.6,40.8,38.4,20260907_151141
2026-09-07 15:13:06.311949,1814.0,69.0,179.6,40.8,38.4,20260907_151141
2026-09-07 15:13:06.512071,1817.75,69.0,179.6,40.8,38.4,20260907_151141
2026-09-07 15:13:06.712187,1817.0,69.0,179.6,40.8,38.4,20260907_151141
2026-09-07 15:13:06.912310,1817.0,69.0,179.6,40.8,38.8,20260907_151141
2026-09-07 15:13:07.112454,1817.0,69.0,177.8,40.8,38.4,20260907_151141
2026-09-07 15:13:07.312575,1815.5,69.0,177.8,40.4,38.4,20260907_151141
2026-09-07 15:13:07.512692,1817.0,69.0,177.8,40.4,38.0,20260907_151141
2026-09-07 15:13:07.712809,1814.75,69.0,177.8,40.4,38.0,20260907_151141
2026-09-07 15:13:07.912969,1815.5,69.0,177.8,40.4,38.0,20260907_151141
2026-09-07 15:13:08.113083,1800.75,69.0,177.8,36.1,27.1,20260907_151141
2026-09-07 15:13:08.313201,1779.5,68.4,177.8,22.4,20.4,20260907_151141
2026-09-07 15:13:08.514708,1764.0,68.4,177.8,13.3,18.8,20260907_151141
2026-09-07 15:13:08.714837,1747.5,67.7,177.8,9.0,17.6,20260907_151141
2026-09-07 15:13:08.914967,1732.75,67.1,177.8,6.7,17.6,20260907_151141
2026-09-07 15:13:09.115128,1704.5,65.9,177.8,6.3,17.6,20260907_151141
2026-09-07 15:13:09.315279,1686.5,65.2,177.8,6.7,17.3,20260907_151141
2026-09-07 15:13:09.515462,1664.0,64.0,177.8,6.7,17.3,20260907_151141
2026-09-07 15:13:09.715587,1644.5,63.4,177.8,6.7,17.3,20260907_151141
2026-09-07 15:13:09.915716,1624.0,62.8,177.8,6.7,17.3,20260907_151141
2026-09-07 15:13:10.115820,1613.25,62.1,177.8,6.7,17.3,20260907_151141
2026-09-07 15:13:10.315963,1600.75,61.5,177.8,6.7,17.3,20260907_151141
2026-09-07 15:13:10.516093,1592.0,61.5,177.8,6.7,17.3,20260907_151141
2026-09-07 15:13:10.716191,1587.5,60.9,177.8,7.5,17.6,20260907_151141
2026-09-07 15:13:10.916296,1579.5,60.9,177.8,8.2,17.6,20260907_151141
2026-09-07 15:13:11.116413,1574.0,60.9,177.8,8.2,18.0,20260907_151141
2026-09-07 15:13:11.316516,1569.5,60.3,177.8,8.6,18.0,20260907_151141
2026-09-07 15:13:11.516631,1564.0,60.3,177.8,8.6,17.6,20260907_151141
2026-09-07 15:13:11.716729,1565.5,60.3,177.8,8.2,16.5,20260907_151141
2026-09-07 15:13:11.916823,1591.25,59.7,177.8,16.9,27.8,20260907_151141
2026-09-07 15:13:12.116937,2052.25,60.3,177.8,42.0,44.7,20260907_151141
2026-09-07 15:13:12.317040,2277.25,59.7,177.8,47.5,37.6,20260907_151141
2026-09-07 15:13:12.517153,2319.5,60.3,177.8,41.6,31.8,20260907_151141
2026-09-07 15:13:12.717266,2277.25,60.3,177.8,41.2,32.9,20260907_151141
2026-09-07 15:13:12.917366,2265.5,60.3,177.8,41.6,33.3,20260907_151141
2026-09-07 15:13:13.117476,2246.75,60.3,177.8,40.8,32.5,20260907_151141
2026-09-07 15:13:13.317583,2220.25,60.3,177.8,40.0,32.2,20260907_151141
2026-09-07 15:13:13.517694,2197.5,60.3,177.8,38.8,31.8,20260907_151141
2026-09-07 15:13:13.717808,2164.0,60.3,177.8,38.0,31.4,20260907_151141
2026-09-07 15:13:13.917936,2135.75,60.3,177.8,38.0,31.8,20260907_151141
2026-09-07 15:13:14.118057,2104.5,60.3,177.8,38.0,31.4,20260907_151141
2026-09-07 15:13:14.318161,2036.5,60.9,177.8,37.3,31.4,20260907_151141
2026-09-07 15:13:14.518275,1967.0,60.9,177.8,37.3,31.0,20260907_151141
2026-09-07 15:13:14.718385,1913.25,60.9,177.8,36.9,31.0,20260907_151141
2026-09-07 15:13:14.918515,1881.25,60.9,177.8,36.1,30.2,20260907_151141
2026-09-07 15:13:15.118677,1855.25,60.9,177.8,35.7,29.4,20260907_151141
2026-09-07 15:13:15.318788,1845.25,60.9,177.8,35.3,27.8,20260907_151141
2026-09-07 15:13:15.518895,1832.0,60.9,177.8,34.5,26.7,20260907_151141
2026-09-07 15:13:15.719003,1811.5,60.9,177.8,32.5,25.9,20260907_151141
2026-09-07 15:13:15.919110,1783.5,60.9,177.8,31.0,25.1,20260907_151141
2026-09-07 15:13:16.119229,1759.25,60.9,179.6,30.2,24.7,20260907_151141
2026-09-07 15:13:16.319350,1733.5,60.9,179.6,29.0,24.3,20260907_151141
2026-09-07 15:13:16.519461,1703.75,60.9,179.6,28.2,23.9,20260907_151141
2026-09-07 15:13:16.719575,1667.0,60.9,179.6,27.8,24.7,20260907_151141
2026-09-07 15:13:16.919689,1648.25,60.9,179.6,30.2,23.9,20260907_151141
2026-09-07 15:13:17.119817,1601.5,60.9,179.6,30.2,23.5,20260907_151141
2026-09-07 15:13:17.319932,1589.0,60.9,179.6,30.2,23.5,20260907_151141
2026-09-07 15:13:17.520056,1582.75,60.9,179.6,30.2,23.1,20260907_151141
2026-09-07 15:13:17.720156,1582.75,60.9,179.6,29.0,23.1,20260907_151141
2026-09-07 15:13:17.920278,1581.25,60.9,179.6,28.2,23.1,20260907_151141
2026-09-07 15:13:18.120408,1580.25,60.9,179.6,27.1,23.1,20260907_151141
2026-09-07 15:13:18.320546,1579.5,60.9,179.6,26.7,23.5,20260907_151141
2026-09-07 15:13:18.520662,1580.25,60.9,179.6,26.7,23.9,20260907_151141
2026-09-07 15:13:18.720767,1580.25,60.9,179.6,27.1,23.9,20260907_151141
2026-09-07 15:13:18.920878,1580.25,60.9,179.6,27.1,23.9,20260907_151141
2026-09-07 15:13:19.121003,1577.25,60.9,179.6,26.7,23.9,20260907_151141
2026-09-07 15:13:19.321119,1583.5,60.9,179.6,26.7,24.3,20260907_151141
2026-09-07 15:13:19.521235,1577.25,60.9,179.6,27.1,24.3,20260907_151141
2026-09-07 15:13:19.721358,1579.5,60.9,179.6,26.3,23.9,20260907_151141
2026-09-07 15:13:19.921476,1578.0,60.9,179.6,26.3,24.3,20260907_151141
2026-09-07 15:13:20.121615,1575.0,60.9,179.6,26.3,23.9,20260907_151141
2026-09-07 15:13:20.321726,1576.5,60.9,179.6,25.9,23.9,20260907_151141
2026-09-07 15:13:20.521843,1578.75,60.9,179.6,25.9,24.3,20260907_151141
2026-09-07 15:13:20.721964,1576.5,60.9,179.6,26.7,24.3,20260907_151141
2026-09-07 15:13:20.922090,1579.5,60.9,179.6,26.7,24.3,20260907_151141
2026-09-07 15:13:21.122222,1574.0,60.9,179.6,26.7,24.3,20260907_151141
2026-09-07 15:13:21.322338,1575.0,60.9,179.6,27.1,24.3,20260907_151141
2026-09-07 15:13:21.522448,1574.0,60.9,179.6,27.1,24.7,20260907_151141
2026-09-07 15:13:21.722601,1571.0,60.9,179.6,27.8,25.1,20260907_151141
2026-09-07 15:13:21.922710,1578.0,60.9,179.6,28.2,24.7,20260907_151141
2026-09-07 15:13:22.122830,1571.0,60.9,179.6,28.2,25.1,20260907_151141
2026-09-07 15:13:22.322939,1580.25,60.9,179.6,28.6,25.1,20260907_151141
2026-09-07 15:13:22.523052,1575.75,60.9,179.6,28.6,24.7,20260907_151141
2026-09-07 15:13:22.723169,1575.0,60.9,179.6,27.5,24.3,20260907_151141
2026-09-07 15:13:22.923280,1571.75,60.9,179.6,27.1,24.3,20260907_151141
2026-09-07 15:13:23.123428,1574.0,60.3,179.6,27.1,24.7,20260907_151141
2026-09-07 15:13:23.323534,1574.0,60.3,179.6,27.1,24.3,20260907_151141
2026-09-07 15:13:23.523651,1571.75,60.3,179.6,27.1,24.3,20260907_151141
2026-09-07 15:13:23.723757,1573.25,60.3,179.6,27.5,24.7,20260907_151141
2026-09-07 15:13:23.923877,1574.0,60.3,179.6,28.2,24.7,20260907_151141
2026-09-07 15:13:24.124023,1570.25,60.3,179.6,28.2,24.7,20260907_151141
2026-09-07 15:13:24.324133,1570.25,60.3,179.6,28.2,24.7,20260907_151141
2026-09-07 15:13:24.524267,1574.0,60.3,179.6,25.1,23.5,20260907_151141
2026-09-07 15:13:24.724372,1570.25,60.3,179.6,24.7,23.5,20260907_151141
2026-09-07 15:13:24.924491,1574.0,60.3,179.6,25.1,23.9,20260907_151141
2026-09-07 15:13:25.124612,1569.5,60.3,179.6,25.5,23.9,20260907_151141
2026-09-07 15:13:25.324732,1570.25,60.3,179.6,25.9,23.9,20260907_151141
2026-09-07 15:13:25.524852,1569.5,60.3,179.6,25.9,23.9,20260907_151141
2026-09-07 15:13:25.724970,1573.25,60.3,179.6,25.9,23.9,20260907_151141
2026-09-07 15:13:25.925084,1570.25,60.3,179.6,25.5,23.9,20260907_151141
2026-09-07 15:13:26.125214,1567.75,60.3,179.6,25.9,24.3,20260907_151141
2026-09-07 15:13:26.325325,1569.5,60.3,179.6,26.7,24.3,20260907_151141
2026-09-07 15:13:26.525439,1571.75,60.3,179.6,27.1,24.7,20260907_151141
2026-09-07 15:13:26.725558,1571.75,60.3,179.6,27.8,25.1,20260907_151141
2026-09-07 15:13:26.925714,1568.75,60.3,179.6,28.2,24.7,20260907_151141
2026-09-07 15:13:27.125847,1571.75,60.3,179.6,27.8,24.7,20260907_151141
2026-09-07 15:13:27.325956,1568.75,60.3,179.6,27.8,24.7,20260907_151141
2026-09-07 15:13:27.526065,1567.0,60.3,179.6,28.2,25.1,20260907_151141
2026-09-07 15:13:27.726214,1564.0,60.3,179.6,29.0,25.1,20260907_151141
2026-09-07 15:13:27.926347,1571.0,60.3,179.6,29.0,25.5,20260907_151141
2026-09-07 15:13:28.126471,1562.5,60.3,179.6,29.8,25.9,20260907_151141
2026-09-07 15:13:28.326623,1563.25,60.3,179.6,31.4,26.7,20260907_151141
2026-09-07 15:13:28.526739,1567.75,60.3,179.6,32.5,26.3,20260907_151141
2026-09-07 15:13:28.726865,1568.75,60.3,179.6,32.2,25.9,20260907_151141
2026-09-07 15:13:28.926957,1567.0,60.3,179.6,31.8,25.9,20260907_151141
2026-09-07 15:13:29.127079,1564.75,60.3,179.6,32.2,25.9,20260907_151141
2026-09-07 15:13:29.327206,1569.5,60.3,179.6,33.3,25.9,20260907_151141
2026-09-07 15:13:29.527338,1564.75,60.3,179.6,34.1,25.5,20260907_151141
2026-09-07 15:13:29.727449,1565.5,60.3,179.6,34.9,25.9,20260907_151141
2026-09-07 15:13:29.927581,1562.5,60.3,179.6,36.5,26.3,20260907_151141
2026-09-07 15:13:30.127706,1566.25,60.3,179.6,38.4,26.3,20260907_151141
2026-09-07 15:13:30.327828,1562.5,60.3,179.6,38.8,26.3,20260907_151141
2026-09-07 15:13:30.527942,1560.75,60.3,179.6,39.6,26.3,20260907_151141
2026-09-07 15:13:30.728049,1569.5,60.3,179.6,40.0,26.3,20260907_151141
2026-09-07 15:13:30.928157,1592.0,60.3,179.6,38.8,26.3,20260907_151141
2026-09-07 15:13:31.128293,1592.75,60.3,179.6,36.9,26.3,20260907_151141
2026-09-07 15:13:31.328402,1588.25,60.3,179.6,38.0,27.1,20260907_151141
2026-09-07 15:13:31.528525,1585.75,60.3,179.6,41.2,27.8,20260907_151141
2026-09-07 15:13:31.728645,1587.5,60.3,179.6,42.4,27.8,20260907_151141
2026-09-07 15:13:31.928765,1577.25,60.3,179.6,42.0,27.1,20260907_151141
2026-09-07 15:13:32.128894,1579.5,60.3,179.6,41.2,26.7,20260907_151141
2026-09-07 15:13:32.329033,1587.5,60.3,179.6,40.8,26.7,20260907_151141
2026-09-07 15:13:32.529142,1589.0,60.3,179.6,41.6,26.7,20260907_151141
2026-09-07 15:13:32.729253,1589.75,60.3,179.6,42.0,26.7,20260907_151141
2026-09-07 15:13:32.929373,1589.0,60.3,179.6,41.6,26.3,20260907_151141
2026-09-07 15:13:33.129490,1592.0,60.3,179.6,40.8,25.9,20260907_151141
2026-09-07 15:13:33.329620,1587.5,60.3,179.6,40.0,25.9,20260907_151141
2026-09-07 15:13:33.529748,1595.25,60.3,181.4,40.0,25.9,20260907_151141
2026-09-07 15:13:33.729858,1595.25,60.3,181.4,40.4,25.9,20260907_151141
2026-09-07 15:13:33.929968,1592.0,60.3,181.4,40.4,25.9,20260907_151141
2026-09-07 15:13:34.130096,1592.0,60.3,181.4,40.0,26.3,20260907_151141
2026-09-07 15:13:34.330209,1591.25,60.3,181.4,40.8,26.3,20260907_151141
2026-09-07 15:13:34.530337,1596.0,60.3,181.4,41.2,26.3,20260907_151141
2026-09-07 15:13:34.730468,1592.0,60.3,181.4,41.2,26.3,20260907_151141
2026-09-07 15:13:34.930615,1593.75,60.3,181.4,40.8,26.3,20260907_151141
2026-09-07 15:13:35.130745,1594.5,60.3,181.4,41.2,26.3,20260907_151141
2026-09-07 15:13:35.330862,1590.5,60.3,181.4,41.6,27.8,20260907_151141
2026-09-07 15:13:35.530984,1597.5,60.3,181.4,43.9,27.5,20260907_151141
2026-09-07 15:13:35.731097,1592.75,60.3,181.4,41.6,28.6,20260907_151141
2026-09-07 15:13:35.931221,1603.75,60.3,181.4,42.4,30.6,20260907_151141
2026-09-07 15:13:36.131355,1596.75,60.3,181.4,42.7,32.2,20260907_151141
2026-09-07 15:13:36.331473,1592.75,60.3,181.4,42.7,33.7,20260907_151141
2026-09-07 15:13:36.531587,1591.25,60.3,181.4,43.1,34.9,20260907_151141
2026-09-07 15:13:36.731694,1592.75,60.3,181.4,42.7,35.7,20260907_151141
2026-09-07 15:13:36.931814,1593.75,60.3,181.4,42.4,36.1,20260907_151141
2026-09-07 15:13:37.131950,1594.5,60.3,181.4,42.0,36.5,20260907_151141
2026-09-07 15:13:37.332066,1594.5,60.3,181.4,42.0,36.9,20260907_151141
2026-09-07 15:13:37.532174,1596.75,60.3,181.4,42.0,37.6,20260907_151141
2026-09-07 15:13:37.732285,1596.0,60.3,181.4,42.0,37.6,20260907_151141
2026-09-07 15:13:37.932397,1599.0,60.3,181.4,41.6,37.6,20260907_151141
2026-09-07 15:13:38.132531,1596.75,60.3,181.4,42.4,38.4,20260907_151141
2026-09-07 15:13:38.332670,1593.75,60.3,181.4,42.4,39.2,20260907_151141
2026-09-07 15:13:38.532776,1598.25,60.3,181.4,42.7,39.6,20260907_151141
2026-09-07 15:13:38.732886,1593.75,60.3,181.4,43.1,39.6,20260907_151141
2026-09-07 15:13:38.933002,1595.25,60.3,181.4,43.1,39.6,20260907_151141
2026-09-07 15:13:39.133124,1600.75,60.3,181.4,42.7,40.0,20260907_151141
2026-09-07 15:13:39.333242,1595.25,60.3,181.4,43.1,39.6,20260907_151141
2026-09-07 15:13:39.533378,1592.75,60.3,181.4,43.9,39.6,20260907_151141
2026-09-07 15:13:39.733488,1599.0,60.3,181.4,43.9,38.8,20260907_151141
2026-09-07 15:13:39.933604,1598.25,60.3,181.4,43.5,38.4,20260907_151141
2026-09-07 15:13:40.133732,1600.0,60.3,181.4,43.5,38.4,20260907_151141
2026-09-07 15:13:40.333861,1599.0,60.9,181.4,43.5,37.6,20260907_151141
2026-09-07 15:13:40.533975,1601.5,60.3,181.4,43.1,36.9,20260907_151141
2026-09-07 15:13:40.734106,1600.0,60.3,181.4,42.7,35.7,20260907_151141
2026-09-07 15:13:40.934237,1599.0,60.9,181.4,42.7,34.9,20260907_151141
2026-09-07 15:13:41.134371,1600.0,60.9,181.4,42.0,33.7,20260907_151141
2026-09-07 15:13:41.334509,1600.0,60.9,181.4,41.6,30.2,20260907_151141
2026-09-07 15:13:41.534639,1596.0,60.9,181.4,40.0,28.2,20260907_151141
2026-09-07 15:13:41.734764,1598.25,60.9,181.4,39.6,27.5,20260907_151141
2026-09-07 15:13:41.934873,1596.75,60.9,179.6,38.4,26.3,20260907_151141
2026-09-07 15:13:42.134991,1593.75,60.9,179.6,37.6,26.3,20260907_151141
2026-09-07 15:13:42.335111,1600.0,60.9,181.4,35.7,24.7,20260907_151141
2026-09-07 15:13:42.535220,1599.0,60.9,179.6,34.5,25.1,20260907_151141
2026-09-07 15:13:42.735352,1605.25,60.9,179.6,34.5,25.1,20260907_151141
2026-09-07 15:13:42.935482,1610.0,60.9,179.6,34.5,24.7,20260907_151141
2026-09-07 15:13:43.135607,1596.0,60.9,179.6,32.9,24.3,20260907_151141
2026-09-07 15:13:43.335715,1596.0,60.9,179.6,30.2,23.1,20260907_151141
2026-09-07 15:13:43.535843,1586.5,60.9,179.6,29.0,23.1,20260907_151141
2026-09-07 15:13:43.735958,1585.0,60.9,179.6,28.2,22.7,20260907_151141
2026-09-07 15:13:43.936090,,60.9,179.6,28.2,22.7,20260907_151141
2026-09-07 15:13:44.267372,1578.0,60.9,179.6,28.2,22.7,20260907_151141
2026-09-07 15:13:44.467496,1575.0,60.3,179.6,25.9,23.5,20260907_151141
2026-09-07 15:13:44.667602,1578.75,60.9,179.6,27.8,24.3,20260907_151141
2026-09-07 15:13:44.867720,1572.5,60.9,179.6,28.2,24.3,20260907_151141
2026-09-07 15:13:45.067840,1578.0,60.3,179.6,28.2,24.7,20260907_151141
2026-09-07 15:13:45.267967,1569.5,60.3,179.6,28.6,24.7,20260907_151141
2026-09-07 15:13:45.468092,1575.75,60.3,179.6,29.0,25.1,20260907_151141
2026-09-07 15:13:45.668224,1575.0,60.9,179.6,29.4,25.1,20260907_151141
2026-09-07 15:13:45.868338,1571.75,60.9,179.6,29.8,25.1,20260907_151141
2026-09-07 15:13:46.068463,1574.0,60.3,179.6,29.4,25.1,20260907_151141
2026-09-07 15:13:46.268593,1569.5,60.3,179.6,29.8,25.5,20260907_151141
2026-09-07 15:13:46.468714,1575.75,60.3,179.6,30.6,25.9,20260907_151141
2026-09-07 15:13:46.668835,1569.5,60.3,179.6,31.0,25.5,20260907_151141
2026-09-07 15:13:46.868951,1571.75,60.3,179.6,31.0,25.5,20260907_151141
2026-09-07 15:13:47.069068,1568.75,60.3,179.6,31.4,25.9,20260907_151141
2026-09-07 15:13:47.269187,1575.75,60.9,179.6,31.4,25.5,20260907_151141
2026-09-07 15:13:47.469299,1571.75,60.3,179.6,31.0,25.1,20260907_151141
2026-09-07 15:13:47.669408,1571.75,60.3,179.6,31.0,25.1,20260907_151141
2026-09-07 15:13:47.869524,1571.75,60.3,179.6,31.8,25.1,20260907_151141
2026-09-07 15:13:48.069644,1574.0,60.3,179.6,31.8,24.7,20260907_151141
2026-09-07 15:13:48.269779,1570.25,60.3,179.6,32.2,24.3,20260907_151141
2026-09-07 15:13:48.469884,1571.75,60.3,179.6,31.0,24.3,20260907_151141
2026-09-07 15:13:48.670000,1567.75,60.3,179.6,31.4,24.7,20260907_151141
2026-09-07 15:13:48.870111,1573.25,60.3,179.6,32.2,25.1,20260907_151141
2026-09-07 15:13:49.070239,1569.5,60.3,179.6,32.9,25.5,20260907_151141
2026-09-07 15:13:49.270359,1571.75,60.3,179.6,32.9,25.5,20260907_151141
2026-09-07 15:13:49.470478,1565.5,60.3,179.6,34.1,26.3,20260907_151141
2026-09-07 15:13:49.670656,1571.75,60.3,179.6,34.5,26.3,20260907_151141
2026-09-07 15:13:49.870782,1570.25,60.3,179.6,34.1,25.9,20260907_151141
2026-09-07 15:13:50.070919,1575.75,60.3,179.6,33.3,25.9,20260907_151141
2026-09-07 15:13:50.271059,1568.75,60.3,179.6,32.9,25.1,20260907_151141
2026-09-07 15:13:50.471179,1570.25,60.3,179.6,31.8,25.1,20260907_151141
2026-09-07 15:13:50.671298,1578.0,60.3,179.6,31.8,25.1,20260907_151141
2026-09-07 15:13:50.871423,1569.5,60.3,179.6,31.4,24.7,20260907_151141
2026-09-07 15:13:51.071607,1573.25,60.3,179.6,30.6,24.7,20260907_151141
2026-09-07 15:13:51.271761,1569.5,60.3,179.6,30.6,24.7,20260907_151141
2026-09-07 15:13:51.471897,1575.75,60.3,179.6,30.2,24.7,20260907_151141
2026-09-07 15:13:51.672053,1567.75,60.3,179.6,30.2,24.7,20260907_151141
2026-09-07 15:13:51.872151,1571.75,60.3,179.6,29.8,24.7,20260907_151141
2026-09-07 15:13:52.072257,1571.0,60.3,179.6,30.2,25.1,20260907_151141
2026-09-07 15:13:52.272369,1573.25,60.3,179.6,31.0,25.1,20260907_151141
2026-09-07 15:13:52.472480,1569.5,60.3,179.6,31.4,25.5,20260907_151141
2026-09-07 15:13:52.672599,1567.75,60.3,179.6,31.0,25.1,20260907_151141
2026-09-07 15:13:52.872779,1567.75,60.3,181.4,31.8,25.5,20260907_151141
2026-09-07 15:13:53.072952,1572.5,60.3,181.4,31.8,25.9,20260907_151141
2026-09-07 15:13:53.273066,1567.0,60.3,181.4,35.7,27.5,20260907_151141
2026-09-07 15:13:53.473169,1567.0,60.3,181.4,34.9,26.7,20260907_151141
2026-09-07 15:13:53.673296,1575.0,60.3,181.4,32.9,25.9,20260907_151141
2026-09-07 15:13:53.873442,1570.25,60.3,181.4,32.9,25.9,20260907_151141
2026-09-07 15:13:54.073558,1571.75,60.3,181.4,32.9,25.9,20260907_151141
2026-09-07 15:13:54.273670,1565.5,60.3,181.4,32.9,25.9,20260907_151141
2026-09-07 15:13:54.473774,1562.5,60.3,181.4,34.1,27.1,20260907_151141
2026-09-07 15:13:54.673872,1568.75,60.3,181.4,37.3,29.0,20260907_151141
2026-09-07 15:13:54.873984,1568.75,60.3,181.4,38.8,30.2,20260907_151141
2026-09-07 15:13:55.074089,1560.0,60.3,181.4,39.2,29.8,20260907_151141
2026-09-07 15:13:55.274203,1559.25,60.3,181.4,39.6,31.8,20260907_151141
2026-09-07 15:13:55.474300,1572.5,60.3,181.4,41.6,33.7,20260907_151141
2026-09-07 15:13:55.674411,1591.25,60.3,181.4,41.2,34.5,20260907_151141
2026-09-07 15:13:55.874521,1598.25,60.3,181.4,41.2,35.3,20260907_151141
2026-09-07 15:13:56.074680,1592.0,60.3,181.4,41.6,35.7,20260907_151141
2026-09-07 15:13:56.274795,1595.25,60.3,181.4,42.0,36.5,20260907_151141
2026-09-07 15:13:56.474927,1597.5,60.3,181.4,42.4,37.3,20260907_151141
2026-09-07 15:13:56.675034,1592.75,60.3,181.4,42.4,37.3,20260907_151141
2026-09-07 15:13:56.875145,1596.0,60.3,181.4,42.4,37.3,20260907_151141
2026-09-07 15:13:57.075266,1590.5,60.3,181.4,42.7,37.3,20260907_151141
2026-09-07 15:13:57.275388,1589.75,60.3,181.4,42.7,37.6,20260907_151141
2026-09-07 15:13:57.475499,1600.0,60.3,181.4,42.7,37.3,20260907_151141
2026-09-07 15:13:57.675622,1592.0,60.3,181.4,42.7,36.9,20260907_151141
2026-09-07 15:13:57.875746,1592.75,60.3,181.4,42.4,37.3,20260907_151141
2026-09-07 15:13:58.075871,1595.25,60.3,181.4,42.7,37.3,20260907_151141
2026-09-07 15:13:58.275995,1596.0,60.3,181.4,42.7,37.3,20260907_151141
2026-09-07 15:13:58.476110,1591.25,60.3,181.4,42.7,37.3,20260907_151141
2026-09-07 15:13:58.676214,1596.0,60.3,181.4,42.4,37.3,20260907_151141
2026-09-07 15:13:58.876353,1598.25,60.3,181.4,42.4,36.9,20260907_151141
2026-09-07 15:13:59.076473,1596.75,60.3,181.4,42.7,36.9,20260907_151141
2026-09-07 15:13:59.276600,1596.75,60.3,181.4,42.4,36.5,20260907_151141
2026-09-07 15:13:59.476707,1599.0,60.3,181.4,42.0,36.5,20260907_151141
2026-09-07 15:13:59.676822,1597.5,60.3,181.4,42.0,36.5,20260907_151141
2026-09-07 15:13:59.876942,1588.25,60.3,181.4,42.7,36.1,20260907_151141
2026-09-07 15:14:00.077067,1589.75,60.3,181.4,42.4,35.7,20260907_151141
2026-09-07 15:14:00.277183,1592.75,60.3,181.4,42.4,35.7,20260907_151141
2026-09-07 15:14:00.477292,1594.5,60.3,181.4,42.0,34.9,20260907_151141
2026-09-07 15:14:00.677404,1594.5,60.3,181.4,41.6,34.1,20260907_151141
2026-09-07 15:14:00.877527,1589.0,60.3,181.4,39.2,29.4,20260907_151141
2026-09-07 15:14:01.077647,1591.25,60.3,181.4,38.4,29.8,20260907_151141
2026-09-07 15:14:01.277777,1596.0,60.3,181.4,38.4,29.8,20260907_151141
2026-09-07 15:14:01.477884,1592.0,60.3,181.4,38.4,29.8,20260907_151141
2026-09-07 15:14:01.677993,1590.5,60.3,181.4,38.4,30.2,20260907_151141
2026-09-07 15:14:01.878143,1594.5,60.3,181.4,38.8,31.0,20260907_151141
2026-09-07 15:14:02.078265,1591.25,60.3,181.4,39.6,31.4,20260907_151141
2026-09-07 15:14:02.278399,1592.0,60.3,181.4,40.4,32.5,20260907_151141
2026-09-07 15:14:02.478508,1591.25,60.3,181.4,40.8,32.5,20260907_151141
2026-09-07 15:14:02.678654,1585.75,60.3,181.4,40.8,32.9,20260907_151141
2026-09-07 15:14:02.878771,1594.5,60.3,181.4,40.8,33.7,20260907_151141
2026-09-07 15:14:03.078878,1592.0,60.3,181.4,41.2,33.7,20260907_151141
2026-09-07 15:14:03.279007,1592.75,60.3,181.4,41.2,33.7,20260907_151141
2026-09-07 15:14:03.479123,1593.75,60.3,181.4,41.2,33.7,20260907_151141
2026-09-07 15:14:03.679251,1590.5,60.3,181.4,40.8,33.3,20260907_151141
2026-09-07 15:14:03.879371,1597.5,60.3,181.4,40.8,33.3,20260907_151141
2026-09-07 15:14:04.079500,1589.0,60.3,181.4,39.6,30.2,20260907_151141
2026-09-07 15:14:04.279630,1592.75,60.3,179.6,38.8,30.2,20260907_151141
2026-09-07 15:14:04.479739,1595.25,60.3,179.6,38.4,29.8,20260907_151141
2026-09-07 15:14:04.679856,1601.5,60.3,179.6,38.4,30.2,20260907_151141
2026-09-07 15:14:04.879969,1595.25,60.3,179.6,38.8,30.2,20260907_151141
2026-09-07 15:14:05.080091,1592.75,60.3,179.6,38.4,30.2,20260907_151141
2026-09-07 15:14:05.280228,1595.25,60.3,179.6,38.8,30.2,20260907_151141
2026-09-07 15:14:05.480367,1595.25,60.3,179.6,38.8,30.2,20260907_151141
2026-09-07 15:14:05.680481,1601.5,60.3,179.6,38.4,29.4,20260907_151141
2026-09-07 15:14:05.880600,1596.75,60.3,179.6,38.0,29.4,20260907_151141
2026-09-07 15:14:06.080735,1596.75,60.9,179.6,37.6,29.4,20260907_151141
2026-09-07 15:14:06.280861,1600.75,60.9,179.6,37.3,28.6,20260907_151141
2026-09-07 15:14:06.480983,1600.0,60.3,179.6,36.9,28.6,20260907_151141
2026-09-07 15:14:06.681095,1596.0,60.3,179.6,36.5,28.2,20260907_151141
2026-09-07 15:14:06.881208,1599.0,60.9,179.6,36.5,28.6,20260907_151141
2026-09-07 15:14:07.081320,1604.5,60.9,179.6,36.5,28.6,20260907_151141
2026-09-07 15:14:07.281456,1602.25,60.3,179.6,36.9,28.2,20260907_151141
2026-09-07 15:14:07.481908,1596.0,60.3,179.6,36.5,27.8,20260907_151141
2026-09-07 15:14:07.682019,1596.0,60.9,179.6,35.3,27.5,20260907_151141
2026-09-07 15:14:07.882133,1597.5,60.9,179.6,34.9,26.7,20260907_151141
2026-09-07 15:14:08.082259,1595.25,60.3,179.6,33.3,26.3,20260907_151141
2026-09-07 15:14:08.282382,1597.5,60.3,179.6,32.5,25.9,20260907_151141
2026-09-07 15:14:08.482491,1596.75,60.9,179.6,32.5,25.9,20260907_151141
2026-09-07 15:14:08.682628,1600.75,60.9,179.6,32.5,26.3,20260907_151141
2026-09-07 15:14:08.882742,1605.25,60.3,179.6,32.9,26.7,20260907_151141
2026-09-07 15:14:09.082872,1600.0,60.3,179.6,33.3,27.1,20260907_151141
2026-09-07 15:14:09.282993,1602.25,60.3,179.6,34.5,27.5,20260907_151141
2026-09-07 15:14:09.483106,1604.5,60.9,179.6,35.3,27.8,20260907_151141
2026-09-07 15:14:09.683218,1603.75,60.3,179.6,35.3,27.8,20260907_151141
2026-09-07 15:14:09.883335,1597.5,60.3,179.6,35.3,27.5,20260907_151141
2026-09-07 15:14:10.083461,1596.0,60.9,179.6,35.3,27.1,20260907_151141
2026-09-07 15:14:10.283591,1598.25,60.9,179.6,34.9,27.5,20260907_151141
2026-09-07 15:14:10.483721,1600.75,60.3,179.6,34.9,27.1,20260907_151141
2026-09-07 15:14:10.683837,1587.5,60.3,179.6,33.7,25.9,20260907_151141
2026-09-07 15:14:10.883965,1592.75,60.9,179.6,32.9,26.3,20260907_151141
2026-09-07 15:14:11.084084,1619.5,60.9,179.6,36.1,28.2,20260907_151141
2026-09-07 15:14:11.284221,1596.75,60.3,179.6,36.5,28.2,20260907_151141
2026-09-07 15:14:11.484346,1592.75,60.3,179.6,36.5,28.2,20260907_151141
2026-09-07 15:14:11.684480,1595.25,60.3,179.6,36.5,28.6,20260907_151141
2026-09-07 15:14:11.884601,1600.0,60.3,179.6,38.0,31.4,20260907_151141
2026-09-07 15:14:12.084735,1600.0,60.3,179.6,39.2,31.0,20260907_151141
2026-09-07 15:14:12.284855,1596.0,60.3,179.6,38.8,31.4,20260907_151141
2026-09-07 15:14:12.485001,1589.75,60.3,179.6,39.2,31.0,20260907_151141
2026-09-07 15:14:12.685114,1592.0,60.3,179.6,39.6,32.2,20260907_151141
2026-09-07 15:14:12.885226,1597.5,60.3,179.6,40.0,32.2,20260907_151141
2026-09-07 15:14:13.085393,1593.75,60.3,179.6,40.0,32.2,20260907_151141
2026-09-07 15:14:13.285526,1594.5,60.3,179.6,40.0,31.8,20260907_151141
2026-09-07 15:14:13.485642,1594.5,60.3,179.6,40.0,32.9,20260907_151141
2026-09-07 15:14:13.685756,1597.5,60.3,179.6,40.4,32.2,20260907_151141
2026-09-07 15:14:13.885867,1594.5,60.3,179.6,39.6,31.4,20260907_151141
2026-09-07 15:14:14.085989,1595.25,60.3,179.6,39.2,31.0,20260907_151141
2026-09-07 15:14:14.286106,1597.5,60.3,179.6,39.2,31.0,20260907_151141
2026-09-07 15:14:14.486241,1596.0,60.3,179.6,39.2,31.0,20260907_151141
2026-09-07 15:14:14.686344,1597.5,60.3,179.6,39.2,30.6,20260907_151141
2026-09-07 15:14:14.886459,1600.75,60.3,179.6,38.8,31.0,20260907_151141
2026-09-07 15:14:15.086652,1600.0,60.3,179.6,39.2,31.4,20260907_151141
2026-09-07 15:14:15.286760,1597.5,60.3,179.6,39.2,31.0,20260907_151141
2026-09-07 15:14:15.486868,1599.0,60.3,179.6,38.8,31.0,20260907_151141
2026-09-07 15:14:15.686984,1596.0,60.3,179.6,38.8,30.6,20260907_151141
2026-09-07 15:14:15.887088,1594.5,60.3,179.6,38.8,31.4,20260907_151141
2026-09-07 15:14:16.087212,1600.75,60.3,,40.0,31.8,20260907_151141
2026-09-07 15:14:16.419437,1598.25,60.3,179.6,40.0,31.8,20260907_151141
2026-09-07 15:14:16.619570,1596.75,60.3,179.6,40.0,32.5,20260907_151141
2026-09-07 15:14:16.819690,1598.25,60.3,179.6,40.8,34.1,20260907_151141
2026-09-07 15:14:17.019801,1589.75,60.3,181.4,41.2,34.5,20260907_151141
2026-09-07 15:14:17.219946,1595.25,60.3,179.6,41.6,34.5,20260907_151141
2026-09-07 15:14:17.420066,1596.0,60.3,181.4,41.2,33.7,20260907_151141
2026-09-07 15:14:17.620172,1596.75,60.3,181.4,41.6,34.5,20260907_151141
2026-09-07 15:14:17.820271,1593.75,60.3,181.4,42.0,34.5,20260907_151141
2026-09-07 15:14:18.020381,1596.75,60.3,181.4,41.6,34.1,20260907_151141
2026-09-07 15:14:18.220508,1596.75,60.3,181.4,41.6,33.7,20260907_151141
2026-09-07 15:14:18.420616,1598.25,60.3,181.4,41.6,30.2,20260907_151141
2026-09-07 15:14:18.620755,1592.0,60.3,181.4,38.8,29.8,20260907_151141
2026-09-07 15:14:18.820870,1597.5,60.3,181.4,38.4,29.8,20260907_151141
2026-09-07 15:14:19.020988,1596.0,60.3,181.4,38.4,29.8,20260907_151141
2026-09-07 15:14:19.221118,1595.25,60.3,181.4,38.0,29.8,20260907_151141
2026-09-07 15:14:19.421262,1595.25,60.3,181.4,38.4,29.4,20260907_151141
2026-09-07 15:14:19.621370,1592.75,60.3,181.4,37.6,29.0,20260907_151141
2026-09-07 15:14:19.821485,1599.0,60.3,181.4,37.3,28.6,20260907_151141
2026-09-07 15:14:20.021598,1602.25,60.3,181.4,36.9,28.6,20260907_151141
2026-09-07 15:14:20.221738,1600.0,60.3,181.4,36.9,28.6,20260907_151141
2026-09-07 15:14:20.421849,1589.75,60.9,181.4,36.9,28.2,20260907_151141
2026-09-07 15:14:20.621954,1595.25,60.9,181.4,36.1,27.8,20260907_151141
2026-09-07 15:14:20.822081,1600.0,60.3,181.4,36.5,28.2,20260907_151141
2026-09-07 15:14:21.022191,1597.5,60.3,181.4,36.5,28.2,20260907_151141
2026-09-07 15:14:21.222334,1596.75,60.3,181.4,36.5,28.2,20260907_151141
2026-09-07 15:14:21.422456,1596.0,60.9,181.4,36.1,27.8,20260907_151141
2026-09-07 15:14:21.622618,1597.5,60.3,181.4,36.1,28.2,20260907_151141
2026-09-07 15:14:21.822734,1594.5,60.3,181.4,36.5,28.2,20260907_151141
2026-09-07 15:14:22.022845,1599.0,60.3,181.4,36.5,28.2,20260907_151141
2026-09-07 15:14:22.222970,1596.75,60.3,181.4,36.5,28.2,20260907_151141
2026-09-07 15:14:22.423200,1597.5,60.3,181.4,36.5,28.6,20260907_151141
2026-09-07 15:14:22.623314,1600.75,60.3,181.4,36.9,28.6,20260907_151141
2026-09-07 15:14:22.823443,1592.0,60.3,181.4,37.3,28.6,20260907_151141
2026-09-07 15:14:23.023566,1597.5,60.3,181.4,36.9,28.6,20260907_151141
2026-09-07 15:14:23.223691,1596.0,60.3,181.4,36.9,28.6,20260907_151141
2026-09-07 15:14:23.423800,1595.25,60.3,181.4,37.3,28.6,20260907_151141
2026-09-07 15:14:23.623912,1596.0,60.3,181.4,36.9,28.2,20260907_151141
2026-09-07 15:14:23.824016,1595.25,60.3,181.4,36.5,28.2,20260907_151141
2026-09-07 15:14:24.024128,1592.75,60.3,181.4,36.5,28.2,20260907_151141
2026-09-07 15:14:24.224256,1600.0,60.3,181.4,36.9,29.0,20260907_151141
2026-09-07 15:14:24.424370,1599.0,60.3,181.4,38.0,29.8,20260907_151141
2026-09-07 15:14:24.624615,1587.5,60.3,181.4,38.0,29.8,20260907_151141
2026-09-07 15:14:24.824728,1594.5,60.3,181.4,38.4,30.6,20260907_151141
2026-09-07 15:14:25.024848,1596.0,60.3,181.4,38.8,31.4,20260907_151141
2026-09-07 15:14:25.224969,1592.75,60.3,181.4,40.0,32.5,20260907_151141
2026-09-07 15:14:25.425094,1590.5,60.3,181.4,40.0,30.6,20260907_151141
2026-09-07 15:14:25.625217,1592.75,60.3,181.4,38.8,31.0,20260907_151141
2026-09-07 15:14:25.825315,1593.75,60.3,181.4,39.6,31.8,20260907_151141
2026-09-07 15:14:26.025426,1591.25,60.3,181.4,39.6,31.4,20260907_151141
2026-09-07 15:14:26.225558,1593.75,60.3,181.4,39.6,31.8,20260907_151141
2026-09-07 15:14:26.425686,1596.0,60.3,181.4,40.0,31.8,20260907_151141
2026-09-07 15:14:26.625821,1589.0,60.3,181.4,40.4,33.3,20260907_151141
2026-09-07 15:14:26.825936,1592.0,60.3,181.4,41.2,34.1,20260907_151141
2026-09-07 15:14:27.026055,1597.5,60.3,181.4,41.2,34.1,20260907_151141
2026-09-07 15:14:27.226184,1590.5,60.3,181.4,41.6,33.7,20260907_151141
2026-09-07 15:14:27.426279,1592.75,60.3,181.4,41.2,33.7,20260907_151141
2026-09-07 15:14:27.626391,1593.75,60.3,181.4,41.2,33.7,20260907_151141
2026-09-07 15:14:27.826502,1597.5,60.3,181.4,41.6,33.7,20260907_151141
2026-09-07 15:14:28.026625,1592.0,60.3,181.4,41.2,33.7,20260907_151141
2026-09-07 15:14:28.226760,1600.0,60.3,181.4,41.2,33.7,20260907_151141
2026-09-07 15:14:28.426882,1595.25,60.3,181.4,41.2,33.7,20260907_151141
2026-09-07 15:14:28.627011,1600.75,60.9,181.4,41.2,33.3,20260907_151141
2026-09-07 15:14:28.827173,1610.75,60.3,181.4,40.8,33.7,20260907_151141
2026-09-07 15:14:29.027284,1591.25,60.3,181.4,41.2,33.3,20260907_151141
2026-09-07 15:14:29.227420,1595.25,60.3,181.4,41.2,33.3,20260907_151141
2026-09-07 15:14:29.427545,1592.75,60.9,181.4,40.0,30.6,20260907_151141
2026-09-07 15:14:29.627652,1597.5,60.9,181.4,39.2,30.6,20260907_151141
2026-09-07 15:14:29.827761,1600.75,60.9,181.4,38.8,30.6,20260907_151141
2026-09-07 15:14:30.027880,1596.75,60.9,181.4,38.8,29.8,20260907_151141
2026-09-07 15:14:30.228009,1598.25,60.9,181.4,38.0,29.4,20260907_151141
2026-09-07 15:14:30.428130,1599.0,60.9,181.4,37.3,29.0,20260907_151141
2026-09-07 15:14:30.628240,1603.0,60.9,181.4,37.3,28.6,20260907_151141
2026-09-07 15:14:30.828346,1598.25,60.9,181.4,37.3,28.6,20260907_151141
2026-09-07 15:14:31.028469,1601.5,60.9,181.4,36.5,28.2,20260907_151141
2026-09-07 15:14:31.228588,1609.25,60.9,181.4,35.7,27.5,20260907_151141
2026-09-07 15:14:31.428707,1603.75,60.9,181.4,34.9,27.1,20260907_151141
2026-09-07 15:14:31.628826,1596.75,60.9,181.4,33.3,25.9,20260907_151141
2026-09-07 15:14:31.828942,1600.0,60.9,181.4,32.2,25.1,20260907_151141
2026-09-07 15:14:32.029058,1595.25,60.9,181.4,31.0,24.7,20260907_151141
2026-09-07 15:14:32.229198,1590.5,60.9,181.4,30.6,25.1,20260907_151141
2026-09-07 15:14:32.429329,1575.75,60.9,181.4,30.6,24.7,20260907_151141
2026-09-07 15:14:32.629439,1585.75,60.9,181.4,29.4,23.9,20260907_151141
2026-09-07 15:14:32.829558,1579.5,60.9,181.4,28.2,23.9,20260907_151141
2026-09-07 15:14:33.029666,1583.5,60.9,181.4,27.8,23.9,20260907_151141
2026-09-07 15:14:33.229798,1579.5,60.9,181.4,26.7,23.1,20260907_151141
2026-09-07 15:14:33.429902,1582.0,60.9,181.4,25.1,23.1,20260907_151141
2026-09-07 15:14:33.630013,1582.0,60.9,181.4,23.9,22.7,20260907_151141
2026-09-07 15:14:33.830120,1582.75,60.9,181.4,23.1,23.1,20260907_151141
2026-09-07 15:14:34.030242,1582.0,60.9,181.4,22.7,23.1,20260907_151141
2026-09-07 15:14:34.230382,1582.0,60.9,181.4,22.0,22.7,20260907_151141
2026-09-07 15:14:34.430496,1581.25,60.9,181.4,22.0,22.7,20260907_151141
2026-09-07 15:14:34.630628,1585.0,60.9,181.4,21.2,22.4,20260907_151141
2026-09-07 15:14:34.830738,1575.0,60.9,179.6,21.2,22.4,20260907_151141
2026-09-07 15:14:35.030862,1585.75,60.9,179.6,20.8,22.4,20260907_151141
2026-09-07 15:14:35.230986,1581.25,60.9,181.4,20.8,22.4,20260907_151141
2026-09-07 15:14:35.431100,1585.75,60.9,181.4,20.4,21.6,20260907_151141
2026-09-07 15:14:35.631214,1584.25,60.9,179.6,19.2,20.4,20260907_151141
2026-09-07 15:14:35.831330,1585.0,60.9,179.6,18.0,19.6,20260907_151141
2026-09-07 15:14:36.031445,1586.5,60.9,179.6,16.9,19.6,20260907_151141
2026-09-07 15:14:36.231573,1583.5,60.9,179.6,16.5,18.8,20260907_151141
2026-09-07 15:14:36.431691,1582.75,60.9,179.6,14.1,18.0,20260907_151141
2026-09-07 15:14:36.631799,1585.0,60.9,179.6,12.5,18.4,20260907_151141
2026-09-07 15:14:36.831923,1584.25,60.9,179.6,12.2,18.8,20260907_151141
2026-09-07 15:14:37.032047,1581.25,60.9,179.6,12.5,18.8,20260907_151141
2026-09-07 15:14:37.232177,1582.75,60.9,179.6,11.4,18.4,20260907_151141
2026-09-07 15:14:37.432294,1581.25,60.9,179.6,9.4,17.6,20260907_151141
2026-09-07 15:14:37.632425,1582.75,60.9,179.6,9.4,18.0,20260907_151141
2026-09-07 15:14:37.832535,1582.0,60.9,179.6,9.4,17.6,20260907_151141
2026-09-07 15:14:38.032655,1582.0,60.9,179.6,8.6,17.6,20260907_151141
2026-09-07 15:14:38.232773,1582.75,60.9,179.6,7.5,17.3,20260907_151141
2026-09-07 15:14:38.432890,1582.75,60.9,179.6,7.1,17.3,20260907_151141
2026-09-07 15:14:38.633009,1578.75,60.9,179.6,7.1,17.3,20260907_151141
2026-09-07 15:14:38.833128,1563.25,60.9,179.6,7.5,17.3,20260907_151141
2026-09-07 15:14:39.033266,1553.75,60.9,179.6,7.5,17.3,20260907_151141
2026-09-07 15:14:39.233384,1539.75,60.9,179.6,7.5,17.3,20260907_151141
2026-09-07 15:14:39.433499,1521.75,60.9,179.6,7.5,17.3,20260907_151141
2026-09-07 15:14:39.633625,1510.75,60.9,179.6,7.8,17.3,20260907_151141
2026-09-07 15:14:39.833735,1505.25,60.9,179.6,7.8,17.3,20260907_151141
2026-09-07 15:14:40.033854,1505.25,60.9,179.6,7.8,17.3,20260907_151141
2026-09-07 15:14:40.233975,1500.75,,179.6,7.8,16.9,20260907_151141
2026-09-07 15:14:40.565828,1498.25,60.9,179.6,7.8,16.9,20260907_151141
2026-09-07 15:14:40.765944,1496.75,61.5,179.6,7.8,16.9,20260907_151141
2026-09-07 15:14:40.966055,1507.0,60.9,179.6,7.8,17.3,20260907_151141
2026-09-07 15:14:41.166190,1498.25,60.9,179.6,7.8,17.3,20260907_151141
2026-09-07 15:14:41.366328,1500.0,60.9,179.6,7.8,17.3,20260907_151141
2026-09-07 15:14:41.566416,1501.5,61.5,179.6,7.8,17.3,20260907_151141
2026-09-07 15:14:41.766522,1503.75,60.9,179.6,7.8,17.3,20260907_151141
2026-09-07 15:14:41.966709,1495.25,60.9,179.6,7.8,16.9,20260907_151141
2026-09-07 15:14:42.166840,1501.5,61.5,179.6,7.8,17.3,20260907_151141
2026-09-07 15:14:42.366956,1507.0,61.5,179.6,7.8,17.3,20260907_151141
2026-09-07 15:14:42.567077,1487.5,60.9,179.6,7.8,17.3,20260907_151141
2026-09-07 15:14:42.767188,1434.25,60.9,179.6,8.6,16.9,20260907_151141
2026-09-07 15:14:42.967303,1434.25,61.5,179.6,8.2,16.9,20260907_151141
2026-09-07 15:14:43.167421,1472.5,60.9,179.6,7.8,16.9,20260907_151141
2026-09-07 15:14:43.367536,1481.25,60.9,179.6,7.8,16.9,20260907_151141
2026-09-07 15:14:43.567647,1487.5,61.5,179.6,7.8,16.9,20260907_151141
2026-09-07 15:14:43.767753,1489.75,61.5,179.6,7.8,16.9,20260907_151141
2026-09-07 15:14:43.967876,1488.25,60.9,179.6,7.8,17.3,20260907_151141
2026-09-07 15:14:44.167998,1485.0,60.9,179.6,7.8,16.9,20260907_151141
2026-09-07 15:14:44.368118,1479.5,61.5,179.6,7.8,16.9,20260907_151141
2026-09-07 15:14:44.568234,1479.5,60.9,179.6,7.8,16.9,20260907_151141
2026-09-07 15:14:44.768342,1485.75,60.9,179.6,7.8,16.9,20260907_151141
2026-09-07 15:14:44.968457,1479.5,60.9,179.6,7.8,16.9,20260907_151141
2026-09-07 15:14:45.168589,1471.0,61.5,179.6,8.2,16.9,20260907_151141
2026-09-07 15:14:45.368723,1475.75,60.9,179.6,7.8,16.9,20260907_151141
2026-09-07 15:14:45.568833,1480.25,60.9,179.6,7.8,16.9,20260907_151141
2026-09-07 15:14:45.768964,1478.75,61.5,179.6,7.8,16.9,20260907_151141
2026-09-07 15:14:45.969079,1469.5,61.5,179.6,8.2,16.9,20260907_151141
2026-09-07 15:14:46.169202,1477.25,60.9,179.6,7.8,16.9,20260907_151141
2026-09-07 15:14:46.369314,1469.5,60.9,179.6,8.2,16.9,20260907_151141
2026-09-07 15:14:46.569448,1474.0,60.9,179.6,7.8,16.9,20260907_151141
2026-09-07 15:14:46.769568,1471.75,61.5,179.6,8.2,16.9,20260907_151141
2026-09-07 15:14:46.969684,1478.0,60.9,179.6,7.8,16.9,20260907_151141
2026-09-07 15:14:47.169811,1486.5,60.9,179.6,7.8,16.9,20260907_151141
2026-09-07 15:14:47.369923,1448.25,61.5,179.6,8.2,16.9,20260907_151141
2026-09-07 15:14:47.570037,1426.5,60.9,179.6,8.6,16.9,20260907_151141
2026-09-07 15:14:47.770140,1423.25,60.9,179.6,8.6,16.9,20260907_151141
2026-09-07 15:14:47.970254,1423.25,61.5,179.6,8.6,16.9,20260907_151141
2026-09-07 15:14:48.170390,1421.75,61.5,179.6,8.6,16.9,20260907_151141
2026-09-07 15:14:48.370499,1426.5,60.9,179.6,8.6,16.9,20260907_151141
2026-09-07 15:14:48.570659,1423.25,60.9,179.6,8.2,16.9,20260907_151141
2026-09-07 15:14:48.770771,1430.25,60.9,179.6,8.2,16.9,20260907_151141
2026-09-07 15:14:48.970883,1425.0,60.9,181.4,8.6,16.9,20260907_151141
2026-09-07 15:14:49.171001,1426.5,60.9,179.6,8.2,16.9,20260907_151141
2026-09-07 15:14:49.371109,1429.5,60.9,179.6,8.2,16.9,20260907_151141
2026-09-07 15:14:49.571220,1430.25,60.9,181.4,8.2,16.9,20260907_151141
2026-09-07 15:14:49.771334,1428.75,60.9,181.4,8.2,16.9,20260907_151141
2026-09-07 15:14:49.971440,1427.25,60.9,181.4,8.2,16.9,20260907_151141
2026-09-07 15:14:50.171571,1433.5,60.9,181.4,8.2,16.9,20260907_151141
2026-09-07 15:14:50.371683,1435.75,60.9,181.4,8.2,16.9,20260907_151141
2026-09-07 15:14:50.571789,1431.25,60.9,181.4,8.2,16.9,20260907_151141
2026-09-07 15:14:50.771926,1424.0,60.9,181.4,8.2,16.9,20260907_151141
2026-09-07 15:14:50.972032,1418.75,60.9,181.4,8.2,16.9,20260907_151141
2026-09-07 15:14:51.172181,1424.0,60.9,181.4,8.2,16.9,20260907_151141
2026-09-07 15:14:51.372332,1423.25,60.9,181.4,8.6,16.9,20260907_151141
2026-09-07 15:14:51.572447,1420.25,60.9,181.4,8.2,16.9,20260907_151141
2026-09-07 15:14:51.772559,1420.25,60.9,181.4,8.2,16.9,20260907_151141
2026-09-07 15:14:51.972703,1423.25,60.9,181.4,8.2,16.9,20260907_151141
2026-09-07 15:14:52.172828,1417.75,60.9,181.4,8.2,16.9,20260907_151141
2026-09-07 15:14:52.372960,1421.0,60.9,181.4,8.2,16.9,20260907_151141
2026-09-07 15:14:52.573083,1425.75,60.9,181.4,8.2,16.9,20260907_151141
2026-09-07 15:14:52.773210,1417.75,60.9,181.4,8.2,16.9,20260907_151141
2026-09-07 15:14:52.973336,1419.5,60.3,181.4,8.2,16.9,20260907_151141
2026-09-07 15:14:53.173478,1426.5,60.3,181.4,8.2,16.9,20260907_151141
2026-09-07 15:14:53.373600,1424.0,60.3,181.4,8.2,16.9,20260907_151141
2026-09-07 15:14:53.573727,1417.75,60.3,181.4,8.2,16.9,20260907_151141
2026-09-07 15:14:53.773839,1412.5,60.3,181.4,8.6,16.9,20260907_151141
2026-09-07 15:14:53.973962,1416.25,60.3,181.4,8.2,16.9,20260907_151141
2026-09-07 15:14:54.174092,1409.25,60.3,181.4,8.2,16.9,20260907_151141
2026-09-07 15:14:54.374211,1404.5,60.9,181.4,8.6,16.5,20260907_151141
2026-09-07 15:14:54.574334,1425.0,60.3,181.4,8.2,16.5,20260907_151141
2026-09-07 15:14:54.774452,1457.0,60.3,181.4,7.8,16.9,20260907_151141
2026-09-07 15:14:54.974624,1450.75,60.3,181.4,7.8,16.9,20260907_151141
2026-09-07 15:14:55.174744,1444.5,60.3,181.4,8.2,16.9,20260907_151141
2026-09-07 15:14:55.374885,1455.25,60.3,181.4,7.8,16.9,20260907_151141
2026-09-07 15:14:55.575036,1453.0,60.3,181.4,7.8,16.9,20260907_151141
2026-09-07 15:14:55.775206,1475.75,60.3,181.4,7.8,16.9,20260907_151141
2026-09-07 15:14:55.975335,1597.5,60.3,181.4,6.7,17.3,20260907_151141
2026-09-07 15:14:56.175515,1704.5,60.3,181.4,5.9,17.3,20260907_151141
2026-09-07 15:14:56.375640,1784.25,60.3,181.4,5.9,17.6,20260907_151141
2026-09-07 15:14:56.575793,1803.75,60.3,181.4,5.9,17.6,20260907_151141
2026-09-07 15:14:56.775944,1813.25,60.3,181.4,6.3,17.6,20260907_151141
2026-09-07 15:14:56.976043,1817.75,60.3,181.4,6.3,17.6,20260907_151141
2026-09-07 15:14:57.176153,1810.0,60.3,181.4,6.3,17.6,20260907_151141
2026-09-07 15:14:57.376254,1809.25,60.3,181.4,6.3,17.6,20260907_151141
2026-09-07 15:14:57.576373,1818.75,60.9,181.4,6.3,17.6,20260907_151141
2026-09-07 15:14:57.776468,1812.5,60.3,181.4,6.3,17.6,20260907_151141
2026-09-07 15:14:57.976566,1814.75,60.3,181.4,6.3,17.6,20260907_151141
2026-09-07 15:14:58.176672,1808.5,60.3,181.4,6.3,17.6,20260907_151141
2026-09-07 15:14:58.376827,1812.5,60.9,181.4,6.3,17.6,20260907_151141
2026-09-07 15:14:58.576957,1814.75,60.9,181.4,6.3,17.6,20260907_151141
2026-09-07 15:14:58.777103,1814.0,60.3,181.4,6.3,17.6,20260907_151141
2026-09-07 15:14:58.977197,1816.25,60.9,181.4,6.3,17.6,20260907_151141
2026-09-07 15:14:59.177306,1819.5,60.9,181.4,6.3,17.6,20260907_151141
2026-09-07 15:14:59.377406,1822.5,60.9,181.4,6.3,17.6,20260907_151141
2026-09-07 15:14:59.577531,1823.25,60.9,181.4,6.3,17.6,20260907_151141
2026-09-07 15:14:59.777627,1825.75,60.9,181.4,6.3,17.6,20260907_151141
2026-09-07 15:14:59.977727,1820.25,60.9,181.4,6.3,17.6,20260907_151141
2026-09-07 15:15:00.177844,1821.0,60.9,181.4,6.3,17.6,20260907_151141
2026-09-07 15:15:00.377969,1824.0,60.9,181.4,6.3,17.6,20260907_151141
2026-09-07 15:15:00.578078,1821.75,60.9,181.4,6.3,17.6,20260907_151141
2026-09-07 15:15:00.778191,1821.75,60.9,181.4,6.3,17.6,20260907_151141
2026-09-07 15:15:00.978313,1828.75,60.9,181.4,6.3,17.6,20260907_151141
2026-09-07 15:15:01.178432,1828.0,60.9,181.4,6.3,17.6,20260907_151141
2026-09-07 15:15:01.378608,1826.5,60.9,181.4,6.3,17.6,20260907_151141
2026-09-07 15:15:01.578729,1822.5,60.9,181.4,6.3,17.6,20260907_151141
2026-09-07 15:15:01.778835,1825.0,60.9,181.4,6.3,17.6,20260907_151141
2026-09-07 15:15:01.978982,1822.5,60.9,181.4,6.3,17.6,20260907_151141
2026-09-07 15:15:02.179099,1817.75,60.9,181.4,6.3,17.6,20260907_151141
2026-09-07 15:15:02.379217,1822.5,60.9,181.4,6.3,17.6,20260907_151141
2026-09-07 15:15:02.579336,1821.75,60.3,181.4,6.3,17.6,20260907_151141
2026-09-07 15:15:02.779450,1815.5,60.9,181.4,6.3,17.6,20260907_151141
2026-09-07 15:15:02.979564,1820.25,60.9,181.4,6.3,17.6,20260907_151141
2026-09-07 15:15:03.179689,1815.5,60.3,181.4,6.3,17.6,20260907_151141
2026-09-07 15:15:03.379800,1817.0,60.3,181.4,6.3,17.6,20260907_151141
2026-09-07 15:15:03.579922,1815.5,60.3,181.4,6.3,17.6,20260907_151141
2026-09-07 15:15:03.780032,1813.25,60.3,181.4,6.3,17.6,20260907_151141
2026-09-07 15:15:03.980141,1813.25,60.3,181.4,6.3,17.6,20260907_151141
2026-09-07 15:15:04.180260,1810.0,60.3,181.4,6.3,17.6,20260907_151141
2026-09-07 15:15:04.380372,,59.7,181.4,6.3,17.6,20260907_151141
2026-09-07 15:15:04.713117,1796.75,59.7,181.4,6.3,17.6,20260907_151141
2026-09-07 15:15:04.913238,1796.75,59.7,181.4,6.3,17.6,20260907_151141
2026-09-07 15:15:05.113365,1792.75,59.7,181.4,6.3,17.6,20260907_151141
2026-09-07 15:15:05.313482,1800.0,59.7,181.4,6.3,17.6,20260907_151141
2026-09-07 15:15:05.513598,1773.25,59.7,181.4,6.3,17.6,20260907_151141
2026-09-07 15:15:05.713726,1730.25,59.7,181.4,6.3,17.3,20260907_151141
2026-09-07 15:15:05.913855,1728.75,59.7,181.4,6.3,17.3,20260907_151141
2026-09-07 15:15:06.113978,1726.5,59.7,181.4,6.3,17.3,20260907_151141
2026-09-07 15:15:06.314086,1742.75,59.7,181.4,6.3,17.3,20260907_151141
2026-09-07 15:15:06.514193,1772.5,59.7,179.6,5.9,17.6,20260907_151141
2026-09-07 15:15:06.714313,1800.0,59.7,179.6,5.9,18.0,20260907_151141
2026-09-07 15:15:06.914434,1819.5,59.7,179.6,7.1,18.4,20260907_151141
2026-09-07 15:15:07.114628,1850.75,59.0,179.6,8.2,19.2,20260907_151141
2026-09-07 15:15:07.314731,1889.0,59.7,179.6,9.8,20.0,20260907_151141
2026-09-07 15:15:07.514850,1942.0,59.0,179.6,11.4,20.4,20260907_151141
2026-09-07 15:15:07.714970,1975.0,59.0,179.6,12.9,21.2,20260907_151141
2026-09-07 15:15:07.915086,1992.0,59.0,179.6,13.7,21.6,20260907_151141
2026-09-07 15:15:08.115219,2020.25,59.0,179.6,15.3,22.0,20260907_151141
2026-09-07 15:15:08.315332,2015.5,59.7,179.6,15.3,21.6,20260907_151141
2026-09-07 15:15:08.515454,2026.5,59.0,179.6,17.3,22.4,20260907_151141
2026-09-07 15:15:08.715568,2013.25,59.0,179.6,15.7,21.2,20260907_151141
2026-09-07 15:15:08.915681,2003.0,59.0,179.6,16.9,22.4,20260907_151141
2026-09-07 15:15:09.115805,1985.0,59.0,179.6,18.4,22.7,20260907_151141
2026-09-07 15:15:09.315913,1908.5,59.0,179.6,17.6,22.4,20260907_151141
2026-09-07 15:15:09.516034,1910.75,59.0,179.6,19.2,23.9,20260907_151141
2026-09-07 15:15:09.716145,1923.25,59.0,179.6,22.7,25.1,20260907_151141
2026-09-07 15:15:09.916257,1878.75,59.0,179.6,23.1,24.7,20260907_151141
2026-09-07 15:15:10.116377,1875.0,59.0,179.6,23.1,25.9,20260907_151141
2026-09-07 15:15:10.316488,1878.0,59.0,179.6,26.3,26.7,20260907_151141
2026-09-07 15:15:10.516605,1868.75,59.0,179.6,26.3,25.5,20260907_151141
2026-09-07 15:15:10.716719,1878.0,59.0,179.6,26.3,27.8,20260907_151141
2026-09-07 15:15:10.916847,1875.75,59.0,179.6,30.2,27.1,20260907_151141
2026-09-07 15:15:11.116980,1878.75,59.7,179.6,27.8,26.3,20260907_151141
2026-09-07 15:15:11.317108,1876.5,59.0,179.6,26.3,25.9,20260907_151141
2026-09-07 15:15:11.517226,1790.5,59.0,179.6,26.7,26.3,20260907_151141
2026-09-07 15:15:11.717338,1592.75,59.0,179.6,32.5,27.1,20260907_151141
2026-09-07 15:15:11.917452,1600.75,59.0,179.6,36.9,29.0,20260907_151141
2026-09-07 15:15:12.117577,1577.25,59.0,179.6,38.0,32.2,20260907_151141
2026-09-07 15:15:12.317706,1575.0,59.0,179.6,41.2,34.5,20260907_151141
2026-09-07 15:15:12.518924,1571.0,59.0,179.6,42.4,34.5,20260907_151141
2026-09-07 15:15:12.719032,1553.0,59.0,179.6,43.9,37.3,20260907_151141
2026-09-07 15:15:12.919137,1571.0,59.0,179.6,46.7,40.0,20260907_151141
2026-09-07 15:15:13.119261,1557.0,59.0,179.6,50.2,40.0,20260907_151141
2026-09-07 15:15:13.319396,1534.25,59.0,179.6,44.3,25.9,20260907_151141
2026-09-07 15:15:13.519510,1525.75,59.0,179.6,31.0,22.7,20260907_151141
2026-09-07 15:15:13.719617,1538.25,58.4,179.6,30.2,24.3,20260907_151141
2026-09-07 15:15:13.919724,1535.0,58.4,179.6,32.2,25.5,20260907_151141
2026-09-07 15:15:14.119856,1525.75,58.4,179.6,34.9,26.3,20260907_151141
2026-09-07 15:15:14.319982,1520.25,58.4,179.6,36.5,27.5,20260907_151141
2026-09-07 15:15:14.520102,1512.5,58.4,179.6,40.0,29.0,20260907_151141
2026-09-07 15:15:14.720216,1531.25,58.4,179.6,41.2,31.0,20260907_151141
2026-09-07 15:15:14.920328,1555.25,57.8,179.6,41.6,32.9,20260907_151141
2026-09-07 15:15:15.120443,1535.0,57.8,179.6,44.3,35.3,20260907_151141
2026-09-07 15:15:15.320572,1534.25,57.8,179.6,45.5,36.9,20260907_151141
2026-09-07 15:15:15.520684,1531.25,57.8,179.6,46.7,38.4,20260907_151141
2026-09-07 15:15:15.720807,1532.75,57.8,179.6,47.8,39.2,20260907_151141
2026-09-07 15:15:15.920948,1535.75,57.8,179.6,50.6,40.8,20260907_151141
2026-09-07 15:15:16.121100,1528.0,57.8,179.6,53.7,41.6,20260907_151141
2026-09-07 15:15:16.321240,1527.25,57.8,179.6,56.5,42.4,20260907_151141
2026-09-07 15:15:16.521362,1522.5,57.8,179.6,59.2,42.7,20260907_151141
2026-09-07 15:15:16.721498,1536.5,57.8,179.6,60.8,43.1,20260907_151141
2026-09-07 15:15:16.921619,1535.0,57.8,179.6,63.5,43.1,20260907_151141
2026-09-07 15:15:17.121743,1535.0,57.8,179.6,64.7,43.5,20260907_151141
2026-09-07 15:15:17.321865,1539.0,57.8,181.4,66.7,43.5,20260907_151141
2026-09-07 15:15:17.521987,1549.0,57.2,181.4,67.1,43.5,20260907_151141
2026-09-07 15:15:17.722097,1536.5,57.2,181.4,68.2,43.5,20260907_151141
2026-09-07 15:15:17.922213,1536.5,57.2,181.4,69.0,43.9,20260907_151141
2026-09-07 15:15:18.122344,1539.0,57.2,181.4,69.8,44.3,20260907_151141
2026-09-07 15:15:18.322463,1542.0,57.2,181.4,70.2,45.1,20260907_151141
2026-09-07 15:15:18.522639,1545.25,57.2,181.4,71.4,51.4,20260907_151141
2026-09-07 15:15:18.722747,1542.0,57.2,181.4,74.9,57.6,20260907_151141
2026-09-07 15:15:18.922873,1552.25,57.2,181.4,80.0,66.7,20260907_151141
2026-09-07 15:15:19.122992,1564.75,57.2,181.4,85.1,76.5,20260907_151141
2026-09-07 15:15:19.323110,1561.5,57.2,181.4,91.0,82.0,20260907_151141
2026-09-07 15:15:19.523216,1818.75,57.2,181.4,88.2,82.0,20260907_151141
2026-09-07 15:15:19.723335,1996.0,57.2,181.4,94.5,82.0,20260907_151141
2026-09-07 15:15:19.923470,2008.5,57.8,181.4,91.4,41.6,20260907_151141
2026-09-07 15:15:20.123597,1886.5,57.8,181.4,84.7,48.6,20260907_151141
2026-09-07 15:15:20.323712,1896.75,57.8,181.4,87.8,58.8,20260907_151141
2026-09-07 15:15:20.523820,1899.0,58.4,183.2,89.8,67.1,20260907_151141
2026-09-07 15:15:20.723930,1899.0,58.4,183.2,89.4,78.0,20260907_151141
2026-09-07 15:15:20.924067,1917.0,58.4,183.2,94.5,72.9,20260907_151141
2026-09-07 15:15:21.124214,1926.5,59.0,183.2,97.6,53.7,20260907_151141
2026-09-07 15:15:21.324335,1908.5,59.0,183.2,92.9,36.5,20260907_151141
2026-09-07 15:15:21.524452,1897.5,59.7,183.2,80.4,34.5,20260907_151141
2026-09-07 15:15:21.724581,1910.75,59.7,183.2,75.7,34.9,20260907_151141
2026-09-07 15:15:21.924713,1904.5,59.7,183.2,72.2,34.5,20260907_151141
2026-09-07 15:15:22.124856,1905.25,59.7,183.2,68.6,34.9,20260907_151141
2026-09-07 15:15:22.324972,1909.25,59.7,185.0,65.9,36.9,20260907_151141
2026-09-07 15:15:22.525097,1911.5,59.7,185.0,64.7,39.6,20260907_151141
2026-09-07 15:15:22.725207,1926.5,59.7,185.0,63.1,41.2,20260907_151141
2026-09-07 15:15:22.925324,1921.0,60.3,185.0,61.2,42.0,20260907_151141
2026-09-07 15:15:23.125466,1923.25,60.3,185.0,59.6,41.6,20260907_151141
2026-09-07 15:15:23.325579,1932.0,60.3,185.0,58.4,40.0,20260907_151141
2026-09-07 15:15:23.525706,1930.25,60.3,185.0,56.9,40.4,20260907_151141
2026-09-07 15:15:23.725813,1931.25,60.3,185.0,55.7,40.4,20260907_151141
2026-09-07 15:15:23.925926,1930.25,60.3,185.0,56.5,43.1,20260907_151141
2026-09-07 15:15:24.126048,1935.75,60.3,183.2,56.5,42.4,20260907_151141
2026-09-07 15:15:24.326168,1935.0,60.3,183.2,54.9,41.2,20260907_151141
2026-09-07 15:15:24.526277,1937.5,60.3,183.2,53.3,42.0,20260907_151141
2026-09-07 15:15:24.726392,1939.0,60.3,183.2,52.5,40.8,20260907_151141
2026-09-07 15:15:24.926512,1940.5,60.3,183.2,51.8,41.2,20260907_151141
2026-09-07 15:15:25.126635,1938.25,60.3,183.2,51.0,41.2,20260907_151141
2026-09-07 15:15:25.326746,1939.0,60.3,183.2,50.6,41.6,20260907_151141
2026-09-07 15:15:25.526854,1939.0,60.3,183.2,49.8,42.0,20260907_151141
2026-09-07 15:15:25.726970,1940.5,60.3,183.2,50.2,42.4,20260907_151141
2026-09-07 15:15:25.927102,1948.25,60.3,183.2,50.6,42.7,20260907_151141
2026-09-07 15:15:26.127226,1944.5,60.3,183.2,51.0,42.4,20260907_151141
2026-09-07 15:15:26.327362,1941.25,60.3,183.2,50.6,42.4,20260907_151141
2026-09-07 15:15:26.527479,1939.75,60.3,183.2,50.6,42.4,20260907_151141
2026-09-07 15:15:26.727591,1941.25,60.3,181.4,51.0,42.7,20260907_151141
2026-09-07 15:15:26.927709,1939.0,60.3,183.2,51.8,43.5,20260907_151141
2026-09-07 15:15:27.127834,1946.0,60.3,183.2,52.5,43.5,20260907_151141
2026-09-07 15:15:27.327960,1944.5,60.9,181.4,52.9,42.7,20260907_151141
2026-09-07 15:15:27.528085,1946.75,60.9,181.4,52.2,42.0,20260907_151141
2026-09-07 15:15:27.728211,1945.25,60.9,181.4,51.0,42.0,20260907_151141
2026-09-07 15:15:27.928339,1942.0,60.9,183.2,50.6,42.0,20260907_151141
2026-09-07 15:15:28.128472,1947.5,60.9,183.2,50.2,42.0,20260907_151141
2026-09-07 15:15:28.328582,1944.5,60.3,183.2,49.8,42.0,20260907_151141
2026-09-07 15:15:28.528721,1941.25,60.3,183.2,49.8,42.4,20260907_151141
2026-09-07 15:15:28.728836,1935.0,60.3,183.2,50.6,43.1,20260907_151141
2026-09-07 15:15:28.928952,1937.5,60.3,183.2,51.4,43.1,20260907_151141
2026-09-07 15:15:29.129070,1937.5,60.3,183.2,52.2,43.5,20260907_151141
2026-09-07 15:15:29.329182,1942.0,60.3,183.2,53.3,43.9,20260907_151141
2026-09-07 15:15:29.529303,1938.25,60.3,183.2,54.5,43.9,20260907_151141
2026-09-07 15:15:29.729437,1937.5,60.3,183.2,55.3,43.5,20260907_151141
2026-09-07 15:15:29.929564,1935.0,60.3,183.2,55.7,43.5,20260907_151141
2026-09-07 15:15:30.129694,1934.25,60.3,183.2,56.1,43.5,20260907_151141
2026-09-07 15:15:30.329815,1937.5,60.3,183.2,56.5,43.9,20260907_151141
2026-09-07 15:15:30.529944,,60.3,185.0,56.5,42.0,20260907_151141
2026-09-07 15:15:30.862725,1936.5,60.3,185.0,55.7,41.2,20260907_151141
2026-09-07 15:15:31.062867,1931.25,60.3,185.0,52.9,40.8,20260907_151141
2026-09-07 15:15:31.262994,1933.5,60.3,185.0,52.5,41.6,20260907_151141
2026-09-07 15:15:31.463105,1938.25,60.3,185.0,51.8,42.0,20260907_151141
2026-09-07 15:15:31.663244,1934.25,60.3,185.0,51.4,42.4,20260907_151141
2026-09-07 15:15:31.863371,1940.5,60.9,185.0,51.8,43.1,20260907_151141
2026-09-07 15:15:32.063495,1937.5,60.3,185.0,52.2,42.7,20260907_151141
2026-09-07 15:15:32.263616,1939.0,60.3,185.0,52.2,42.4,20260907_151141
2026-09-07 15:15:32.463726,1939.0,60.3,185.0,51.8,42.7,20260907_151141
2026-09-07 15:15:32.663858,1939.0,60.9,186.8,52.5,43.1,20260907_151141
2026-09-07 15:15:32.863987,1940.5,60.3,186.8,52.5,42.7,20260907_151141
2026-09-07 15:15:33.064097,1941.25,60.3,186.8,51.8,42.4,20260907_151141
2026-09-07 15:15:33.264224,1940.5,60.3,186.8,51.8,42.7,20260907_151141
2026-09-07 15:15:33.464340,1935.75,60.9,186.8,52.2,42.7,20260907_151141
2026-09-07 15:15:33.664449,1944.5,60.9,186.8,51.8,42.4,20260907_151141
2026-09-07 15:15:33.864572,1941.25,60.3,186.8,51.0,42.0,20260907_151141
2026-09-07 15:15:34.064689,1935.75,60.9,186.8,50.6,42.4,20260907_151141
2026-09-07 15:15:34.264815,1942.0,60.9,188.6,51.0,42.4,20260907_151141
2026-09-07 15:15:34.464937,1943.75,60.9,188.6,50.2,42.4,20260907_151141
2026-09-07 15:15:34.665055,1951.5,60.9,188.6,50.2,41.6,20260907_151141
2026-09-07 15:15:34.865159,1946.0,60.9,188.6,49.4,42.0,20260907_151141
2026-09-07 15:15:35.065276,1942.75,60.9,188.6,49.0,42.0,20260907_151141
2026-09-07 15:15:35.265414,1948.25,60.9,188.6,49.0,41.6,20260907_151141
2026-09-07 15:15:35.465518,1942.0,60.9,188.6,48.2,40.8,20260907_151141
2026-09-07 15:15:35.665626,1951.5,60.9,188.6,47.5,40.8,20260907_151141
2026-09-07 15:15:35.865769,1953.0,60.9,188.6,47.1,41.2,20260907_151141
2026-09-07 15:15:36.065903,1951.5,60.9,188.6,46.7,40.0,20260907_151141
2026-09-07 15:15:36.266033,1951.5,60.9,188.6,46.3,39.2,20260907_151141
2026-09-07 15:15:36.466147,1956.25,60.9,188.6,45.5,38.4,20260907_151141
2026-09-07 15:15:36.666264,1953.75,60.9,188.6,44.7,38.0,20260907_151141
2026-09-07 15:15:36.866370,1951.5,60.9,188.6,44.3,36.9,20260907_151141
2026-09-07 15:15:37.066498,1953.75,60.9,188.6,43.9,33.3,20260907_151141
2026-09-07 15:15:37.266652,1950.75,60.9,188.6,40.8,32.9,20260907_151141
2026-09-07 15:15:37.466756,1964.75,60.9,188.6,40.8,32.9,20260907_151141
2026-09-07 15:15:37.666873,1954.5,60.9,188.6,39.2,31.4,20260907_151141
2026-09-07 15:15:37.866982,1951.5,60.9,188.6,38.0,31.4,20260907_151141
2026-09-07 15:15:38.067114,1946.0,60.9,188.6,38.4,32.2,20260907_151141
2026-09-07 15:15:38.267240,1940.5,60.9,188.6,38.4,31.8,20260907_151141
2026-09-07 15:15:38.467354,1935.75,60.9,188.6,37.6,31.0,20260907_151141
2026-09-07 15:15:38.667462,1928.75,60.9,188.6,37.3,30.6,20260907_151141
2026-09-07 15:15:38.867577,1931.25,60.9,188.6,36.1,30.2,20260907_151141
2026-09-07 15:15:39.067690,1934.25,60.9,188.6,35.7,29.8,20260907_151141
2026-09-07 15:15:39.267825,1930.25,60.9,188.6,35.3,29.4,20260907_151141
2026-09-07 15:15:39.467940,1930.25,60.9,188.6,34.5,29.4,20260907_151141
2026-09-07 15:15:39.668044,1935.75,61.5,188.6,34.5,29.0,20260907_151141
2026-09-07 15:15:39.868156,1932.75,60.9,188.6,33.7,28.6,20260907_151141
2026-09-07 15:15:40.068277,1942.75,60.9,188.6,32.5,27.8,20260907_151141
2026-09-07 15:15:40.268395,1946.75,60.9,188.6,32.2,28.2,20260907_151141
2026-09-07 15:15:40.468510,1821.75,60.9,188.6,32.9,27.8,20260907_151141
2026-09-07 15:15:40.668617,1674.0,60.9,188.6,32.9,28.6,20260907_151141
2026-09-07 15:15:40.868728,1649.0,60.9,188.6,36.1,29.0,20260907_151141
2026-09-07 15:15:41.068848,1635.0,61.5,188.6,37.3,30.2,20260907_151141
2026-09-07 15:15:41.268981,1625.75,61.5,188.6,37.3,29.4,20260907_151141
2026-09-07 15:15:41.469105,1616.25,60.9,188.6,36.1,27.5,20260907_151141
2026-09-07 15:15:41.669213,1604.5,60.9,188.6,32.9,25.9,20260907_151141
2026-09-07 15:15:41.869348,1612.5,61.5,188.6,31.4,25.5,20260907_151141
2026-09-07 15:15:42.069472,1627.25,60.9,188.6,31.8,26.3,20260907_151141
2026-09-07 15:15:42.269603,1606.25,60.9,188.6,31.0,25.1,20260907_151141
2026-09-07 15:15:42.469714,1598.25,60.9,188.6,30.2,25.5,20260907_151141
2026-09-07 15:15:42.669837,1594.5,60.9,188.6,30.2,25.1,20260907_151141
2026-09-07 15:15:42.869957,1589.0,60.9,188.6,30.2,24.7,20260907_151141
2026-09-07 15:15:43.070079,1586.5,60.9,188.6,28.6,24.3,20260907_151141
2026-09-07 15:15:43.270206,1582.75,60.9,188.6,28.6,24.3,20260907_151141
2026-09-07 15:15:43.470314,1585.0,60.9,188.6,27.5,23.9,20260907_151141
2026-09-07 15:15:43.670438,1585.0,60.9,188.6,27.1,23.9,20260907_151141
2026-09-07 15:15:43.870588,1583.5,60.9,188.6,26.7,23.9,20260907_151141
2026-09-07 15:15:44.070688,1582.75,60.9,188.6,27.1,23.9,20260907_151141
2026-09-07 15:15:44.270818,1578.75,60.9,188.6,27.8,23.9,20260907_151141
2026-09-07 15:15:44.470930,1582.75,60.9,190.4,27.5,23.9,20260907_151141
2026-09-07 15:15:44.671037,1575.75,60.9,190.4,27.5,24.3,20260907_151141
2026-09-07 15:15:44.871149,1579.5,60.9,190.4,28.2,24.3,20260907_151141
2026-09-07 15:15:45.071290,1579.5,60.9,190.4,28.6,24.7,20260907_151141
2026-09-07 15:15:45.271412,1579.5,60.9,190.4,27.5,24.3,20260907_151141
2026-09-07 15:15:45.471528,1580.25,60.9,190.4,26.3,23.9,20260907_151141
2026-09-07 15:15:45.671640,1577.25,60.9,190.4,25.9,23.5,20260907_151141
2026-09-07 15:15:45.871754,1579.5,60.9,190.4,25.1,23.5,20260907_151141
2026-09-07 15:15:46.071879,1578.75,60.9,190.4,24.3,23.1,20260907_151141
2026-09-07 15:15:46.272012,1574.0,60.9,188.6,23.9,23.5,20260907_151141
2026-09-07 15:15:46.472112,1577.25,60.9,190.4,24.3,23.5,20260907_151141
2026-09-07 15:15:46.672230,1575.75,60.9,188.6,24.7,23.5,20260907_151141
2026-09-07 15:15:46.872351,1573.25,60.3,188.6,25.1,23.5,20260907_151141
2026-09-07 15:15:47.072476,1574.0,60.3,188.6,25.1,23.9,20260907_151141
2026-09-07 15:15:47.272602,1571.0,60.9,188.6,26.3,23.9,20260907_151141
2026-09-07 15:15:47.472737,1575.0,60.3,188.6,26.7,23.9,20260907_151141
2026-09-07 15:15:47.672875,1569.5,60.3,188.6,26.7,23.5,20260907_151141
2026-09-07 15:15:47.872995,1570.25,60.3,188.6,27.1,23.9,20260907_151141
2026-09-07 15:15:48.073131,1570.25,60.3,188.6,28.2,24.7,20260907_151141
2026-09-07 15:15:48.273248,1572.5,60.3,188.6,29.8,24.7,20260907_151141
2026-09-07 15:15:48.473364,1569.5,60.3,188.6,29.4,24.7,20260907_151141
2026-09-07 15:15:48.673484,1570.25,60.3,188.6,30.2,25.1,20260907_151141
2026-09-07 15:15:48.873614,1564.75,60.3,186.8,30.6,25.1,20260907_151141
2026-09-07 15:15:49.073730,1569.5,60.3,186.8,31.4,25.5,20260907_151141
2026-09-07 15:15:49.273855,1569.5,60.3,186.8,30.2,23.9,20260907_151141
2026-09-07 15:15:49.473979,1566.25,60.3,186.8,28.2,24.3,20260907_151141
2026-09-07 15:15:49.674100,1567.75,60.3,186.8,28.2,23.9,20260907_151141
2026-09-07 15:15:49.874215,1571.0,60.3,186.8,27.5,24.3,20260907_151141
2026-09-07 15:15:50.074346,1569.5,60.3,186.8,27.1,23.9,20260907_151141
2026-09-07 15:15:50.274479,1569.5,60.3,186.8,26.3,24.3,20260907_151141
2026-09-07 15:15:50.474624,1565.5,60.3,185.0,26.7,24.3,20260907_151141
2026-09-07 15:15:50.674732,1568.75,60.3,185.0,27.1,23.9,20260907_151141
2026-09-07 15:15:50.874843,1568.75,60.3,185.0,26.7,23.9,20260907_151141
2026-09-07 15:15:51.074961,1567.0,60.3,185.0,26.3,24.3,20260907_151141
2026-09-07 15:15:51.275088,1566.25,60.3,185.0,27.1,24.3,20260907_151141
2026-09-07 15:15:51.475203,1568.75,60.3,185.0,27.5,24.3,20260907_151141
2026-09-07 15:15:51.675318,1567.75,60.3,185.0,27.1,24.3,20260907_151141
2026-09-07 15:15:51.875436,1567.75,60.3,185.0,27.1,24.3,20260907_151141
2026-09-07 15:15:52.075569,1566.25,60.3,185.0,26.7,24.3,20260907_151141
2026-09-07 15:15:52.275701,1561.5,60.3,185.0,27.5,23.9,20260907_151141
2026-09-07 15:15:52.475826,1571.0,60.3,185.0,27.5,23.9,20260907_151141
2026-09-07 15:15:52.675951,1564.0,60.3,183.2,27.8,23.9,20260907_151141
2026-09-07 15:15:52.876071,1567.75,60.3,183.2,28.2,24.7,20260907_151141
2026-09-07 15:15:53.076196,1562.5,60.3,183.2,29.8,25.1,20260907_151141
2026-09-07 15:15:53.276360,1567.0,60.3,183.2,30.2,24.7,20260907_151141
2026-09-07 15:15:53.476476,1564.75,60.3,183.2,30.2,24.7,20260907_151141
2026-09-07 15:15:53.676617,1565.5,60.3,183.2,29.4,24.7,20260907_151141
2026-09-07 15:15:53.876725,1565.5,60.3,183.2,30.2,24.7,20260907_151141
2026-09-07 15:15:54.076847,1565.5,60.3,183.2,30.6,25.1,20260907_151141
2026-09-07 15:15:54.276974,1567.0,60.3,183.2,30.2,24.7,20260907_151141
2026-09-07 15:15:54.477078,1564.75,60.3,183.2,29.0,24.3,20260907_151141
2026-09-07 15:15:54.677205,1568.75,60.3,183.2,29.4,24.7,20260907_151141
2026-09-07 15:15:54.877313,1563.25,60.3,183.2,30.2,24.7,20260907_151141
2026-09-07 15:15:55.077442,1564.75,60.3,183.2,30.2,24.7,20260907_151141
2026-09-07 15:15:55.277570,1564.75,60.3,183.2,29.8,24.3,20260907_151141
2026-09-07 15:15:55.477679,1570.25,60.3,183.2,29.4,25.1,20260907_151141
2026-09-07 15:15:55.677810,1565.5,60.3,183.2,30.6,25.1,20260907_151141
2026-09-07 15:15:55.877917,1566.25,60.3,183.2,30.6,24.7,20260907_151141
2026-09-07 15:15:56.078057,1565.5,60.3,183.2,29.4,24.3,20260907_151141
2026-09-07 15:15:56.278176,1567.75,60.3,183.2,29.0,24.3,20260907_151141
2026-09-07 15:15:56.478283,1569.5,60.3,183.2,28.6,24.3,20260907_151141
2026-09-07 15:15:56.678394,1562.5,60.3,183.2,28.6,23.9,20260907_151141
2026-09-07 15:15:56.878503,1569.5,60.3,183.2,28.2,23.9,20260907_151141
2026-09-07 15:15:57.078655,1565.5,60.3,183.2,28.6,24.3,20260907_151141
2026-09-07 15:15:57.278780,1569.5,60.3,183.2,28.6,24.3,20260907_151141
2026-09-07 15:15:57.478900,1565.5,60.3,183.2,29.0,24.3,20260907_151141
2026-09-07 15:15:57.679016,1566.25,60.3,181.4,28.6,24.3,20260907_151141
2026-09-07 15:15:57.879130,1565.5,60.3,183.2,28.2,24.3,20260907_151141
2026-09-07 15:15:58.079246,1571.0,60.3,183.2,29.0,24.7,20260907_151141
2026-09-07 15:15:58.279364,1564.0,60.3,183.2,29.4,24.7,20260907_151141
2026-09-07 15:15:58.479481,1565.5,60.3,183.2,29.4,24.3,20260907_151141
2026-09-07 15:15:58.679608,1565.5,,181.4,30.2,25.1,20260907_151141
2026-09-07 15:15:59.011951,1566.25,60.3,181.4,30.2,25.1,20260907_151141
2026-09-07 15:15:59.212078,1565.5,60.3,181.4,31.0,25.1,20260907_151141
2026-09-07 15:15:59.412199,1565.5,60.3,181.4,30.2,24.7,20260907_151141
2026-09-07 15:15:59.612321,1571.0,60.3,181.4,29.8,24.7,20260907_151141
2026-09-07 15:15:59.812440,1565.5,60.3,181.4,29.8,24.7,20260907_151141
2026-09-07 15:16:00.012562,1566.25,60.3,181.4,29.8,24.3,20260907_151141
2026-09-07 15:16:00.212683,1564.0,60.3,181.4,29.4,24.7,20260907_151141
2026-09-07 15:16:00.412795,1569.5,60.3,181.4,31.8,26.3,20260907_151141
2026-09-07 15:16:00.612919,1574.0,60.3,181.4,32.9,25.9,20260907_151141
2026-09-07 15:16:00.813021,1564.75,60.3,181.4,32.5,25.5,20260907_151141
2026-09-07 15:16:01.013134,1566.25,60.3,181.4,32.5,25.9,20260907_151141
2026-09-07 15:16:01.213262,1571.0,60.3,181.4,32.5,25.9,20260907_151141
2026-09-07 15:16:01.413377,1567.0,60.3,181.4,32.9,25.9,20260907_151141
2026-09-07 15:16:01.613482,1571.0,60.3,181.4,32.9,25.9,20260907_151141
2026-09-07 15:16:01.813617,1563.25,60.3,181.4,32.9,25.9,20260907_151141
2026-09-07 15:16:02.013731,1574.0,60.3,181.4,32.2,25.5,20260907_151141
2026-09-07 15:16:02.213851,1567.0,60.3,181.4,32.5,25.9,20260907_151141
2026-09-07 15:16:02.413972,1567.75,60.3,181.4,32.5,25.5,20260907_151141
2026-09-07 15:16:02.614078,1567.0,60.3,181.4,32.2,25.5,20260907_151141
2026-09-07 15:16:02.814197,1567.75,60.3,181.4,31.8,25.5,20260907_151141
2026-09-07 15:16:03.014317,1570.25,60.3,181.4,32.2,25.5,20260907_151141
2026-09-07 15:16:03.214451,1570.25,60.3,181.4,32.5,25.5,20260907_151141
2026-09-07 15:16:03.414609,1566.25,60.3,181.4,32.2,25.9,20260907_151141
2026-09-07 15:16:03.614728,1572.5,60.3,181.4,32.5,25.9,20260907_151141
2026-09-07 15:16:03.814834,1566.25,60.3,181.4,32.9,25.9,20260907_151141
2026-09-07 15:16:04.014946,1569.5,60.3,181.4,32.9,25.9,20260907_151141
2026-09-07 15:16:04.215091,1567.75,60.3,183.2,32.9,25.9,20260907_151141
2026-09-07 15:16:04.415208,1567.0,60.3,181.4,32.5,25.5,20260907_151141
2026-09-07 15:16:04.615341,1569.5,60.3,183.2,31.8,25.5,20260907_151141
2026-09-07 15:16:04.815455,1573.25,60.3,183.2,31.8,25.5,20260907_151141
2026-09-07 15:16:05.015598,1565.5,60.3,183.2,31.4,25.1,20260907_151141
2026-09-07 15:16:05.215726,1568.75,60.3,183.2,31.0,24.7,20260907_151141
2026-09-07 15:16:05.415856,1571.0,60.3,183.2,30.2,24.7,20260907_151141
2026-09-07 15:16:05.615972,1568.75,60.3,183.2,30.2,24.7,20260907_151141
2026-09-07 15:16:05.816078,1573.25,60.3,183.2,30.6,24.7,20260907_151141
2026-09-07 15:16:06.016212,1567.75,60.3,183.2,29.4,24.3,20260907_151141
2026-09-07 15:16:06.216341,1572.5,60.3,183.2,28.6,23.9,20260907_151141
2026-09-07 15:16:06.416467,1564.0,60.3,183.2,28.6,24.3,20260907_151141
2026-09-07 15:16:06.616577,1576.5,60.3,183.2,29.0,23.9,20260907_151141
2026-09-07 15:16:06.816694,1565.5,60.3,183.2,28.2,24.3,20260907_151141
2026-09-07 15:16:07.016807,1570.25,60.3,183.2,28.6,24.3,20260907_151141
2026-09-07 15:16:07.216947,1577.25,60.3,183.2,28.6,24.3,20260907_151141
2026-09-07 15:16:07.417064,1567.0,60.3,183.2,29.0,24.3,20260907_151141
2026-09-07 15:16:07.617229,1572.5,60.3,183.2,27.8,23.5,20260907_151141
2026-09-07 15:16:07.817346,1571.0,60.9,183.2,23.9,22.4,20260907_151141
2026-09-07 15:16:08.017470,1573.25,60.3,181.4,23.1,22.4,20260907_151141
2026-09-07 15:16:08.217592,1571.0,60.3,181.4,23.1,22.4,20260907_151141
2026-09-07 15:16:08.417702,1569.5,60.3,181.4,22.7,22.4,20260907_151141
2026-09-07 15:16:08.617820,1574.0,60.9,181.4,22.7,22.4,20260907_151141
2026-09-07 15:16:08.817937,1571.0,60.3,181.4,22.7,22.4,20260907_151141
2026-09-07 15:16:09.018062,1575.75,60.3,181.4,22.4,22.4,20260907_151141
2026-09-07 15:16:09.218184,1571.0,60.3,181.4,22.4,22.0,20260907_151141
2026-09-07 15:16:09.418299,1571.0,60.9,181.4,22.0,22.0,20260907_151141
2026-09-07 15:16:09.618405,1578.0,60.3,181.4,21.6,22.0,20260907_151141
2026-09-07 15:16:09.818523,1577.25,60.3,181.4,21.2,22.0,20260907_151141
2026-09-07 15:16:10.018660,1572.5,60.3,181.4,21.2,22.0,20260907_151141
2026-09-07 15:16:10.218782,1572.5,60.9,181.4,20.8,22.0,20260907_151141
2026-09-07 15:16:10.418913,1572.5,60.3,181.4,20.4,22.0,20260907_151141
2026-09-07 15:16:10.619003,1576.5,60.3,181.4,20.4,21.6,20260907_151141
2026-09-07 15:16:10.819113,1567.75,60.3,181.4,20.4,22.0,20260907_151141
2026-09-07 15:16:11.019230,1574.0,60.3,181.4,20.4,22.0,20260907_151141
2026-09-07 15:16:11.219366,1573.25,60.3,181.4,20.0,21.6,20260907_151141
2026-09-07 15:16:11.419491,1573.25,60.3,181.4,20.4,21.2,20260907_151141
2026-09-07 15:16:11.619606,1569.5,60.3,181.4,20.0,21.2,20260907_151141
2026-09-07 15:16:11.819725,1576.5,60.3,181.4,20.0,21.2,20260907_151141
2026-09-07 15:16:12.019834,1566.25,60.3,181.4,20.0,21.2,20260907_151141
2026-09-07 15:16:12.219971,1578.0,60.3,181.4,20.4,21.2,20260907_151141
2026-09-07 15:16:12.420108,1567.75,60.3,181.4,20.4,21.2,20260907_151141
2026-09-07 15:16:12.620234,1568.75,60.3,181.4,20.0,21.2,20260907_151141
2026-09-07 15:16:12.820344,1571.75,60.3,181.4,20.0,21.2,20260907_151141
2026-09-07 15:16:13.020460,1573.25,60.3,181.4,20.4,21.2,20260907_151141
2026-09-07 15:16:13.220595,1569.5,60.3,181.4,20.4,21.2,20260907_151141
2026-09-07 15:16:13.420707,1570.25,60.3,181.4,20.4,21.2,20260907_151141
2026-09-07 15:16:13.620826,1569.5,60.3,179.6,20.0,21.2,20260907_151141
2026-09-07 15:16:13.820952,1573.25,60.3,179.6,20.0,21.2,20260907_151141
2026-09-07 15:16:14.021085,1564.75,60.3,179.6,20.4,21.2,20260907_151141
2026-09-07 15:16:14.221210,1571.0,60.3,179.6,20.4,21.2,20260907_151141
2026-09-07 15:16:14.421329,1572.5,60.3,179.6,20.0,21.2,20260907_151141
2026-09-07 15:16:14.621475,1571.0,60.3,179.6,20.0,21.2,20260907_151141
2026-09-07 15:16:14.821590,1568.75,60.3,179.6,20.4,21.2,20260907_151141
2026-09-07 15:16:15.021732,1571.0,60.3,179.6,20.0,21.2,20260907_151141
2026-09-07 15:16:15.221857,1569.5,60.3,179.6,20.4,21.2,20260907_151141
2026-09-07 15:16:15.421979,1570.25,60.3,179.6,20.4,21.2,20260907_151141
2026-09-07 15:16:15.622097,1569.5,60.3,179.6,20.4,21.2,20260907_151141
2026-09-07 15:16:15.822211,1567.75,60.3,179.6,20.4,21.2,20260907_151141
2026-09-07 15:16:16.022336,1567.75,60.3,179.6,20.4,21.6,20260907_151141
2026-09-07 15:16:16.222455,1571.75,60.3,179.6,21.2,22.0,20260907_151141
2026-09-07 15:16:16.422621,1569.5,60.3,179.6,21.2,21.6,20260907_151141
2026-09-07 15:16:16.622754,1569.5,60.3,179.6,20.8,21.2,20260907_151141
2026-09-07 15:16:16.822872,1567.75,60.3,179.6,20.4,21.2,20260907_151141
2026-09-07 15:16:17.022988,1573.25,60.3,179.6,20.4,21.6,20260907_151141
2026-09-07 15:16:17.223112,1569.5,60.3,179.6,20.8,21.6,20260907_151141
2026-09-07 15:16:17.423222,1568.75,60.3,181.4,20.8,21.2,20260907_151141
2026-09-07 15:16:17.623351,1569.5,60.3,181.4,20.0,21.2,20260907_151141
2026-09-07 15:16:17.823480,1571.0,60.3,181.4,20.0,21.2,20260907_151141
2026-09-07 15:16:18.023593,1567.0,60.3,181.4,20.4,21.2,20260907_151141
2026-09-07 15:16:18.223726,1575.0,60.3,181.4,20.4,21.2,20260907_151141
2026-09-07 15:16:18.423847,1564.75,60.3,181.4,20.4,21.2,20260907_151141
2026-09-07 15:16:18.623979,1572.5,60.3,181.4,22.0,22.4,20260907_151141
2026-09-07 15:16:18.824090,1582.0,60.3,181.4,22.4,22.4,20260907_151141
2026-09-07 15:16:19.024203,1565.5,60.3,181.4,22.4,22.4,20260907_151141
2026-09-07 15:16:19.224340,1570.25,60.3,181.4,22.4,22.4,20260907_151141
2026-09-07 15:16:19.424451,1571.75,60.3,181.4,22.0,22.4,20260907_151141
2026-09-07 15:16:19.624560,1569.5,60.3,181.4,22.4,22.4,20260907_151141
2026-09-07 15:16:19.824676,1567.75,60.3,181.4,22.4,22.0,20260907_151141
2026-09-07 15:16:20.024781,1572.5,60.3,181.4,21.6,22.0,20260907_151141
2026-09-07 15:16:20.224904,1567.0,60.3,181.4,22.0,22.0,20260907_151141
2026-09-07 15:16:20.425012,1573.25,60.3,181.4,22.0,22.0,20260907_151141
2026-09-07 15:16:20.625127,1567.75,60.3,183.2,22.0,22.4,20260907_151141
2026-09-07 15:16:20.825244,1570.25,60.3,183.2,22.4,22.4,20260907_151141
2026-09-07 15:16:21.025366,1568.75,60.3,183.2,22.4,22.4,20260907_151141
2026-09-07 15:16:21.225501,1572.5,60.3,183.2,22.0,22.0,20260907_151141
2026-09-07 15:16:21.425615,1567.75,60.3,183.2,22.0,22.0,20260907_151141
2026-09-07 15:16:21.625732,1569.5,60.3,183.2,22.0,22.0,20260907_151141
2026-09-07 15:16:21.825845,1567.75,60.3,183.2,22.0,22.4,20260907_151141
2026-09-07 15:16:22.025964,1572.5,60.3,183.2,22.7,22.4,20260907_151141
2026-09-07 15:16:22.226084,1567.75,60.3,183.2,22.4,22.4,20260907_151141
2026-09-07 15:16:22.426197,1566.25,60.3,183.2,22.4,22.4,20260907_151141
2026-09-07 15:16:22.626324,1567.0,60.3,183.2,23.1,22.7,20260907_151141
2026-09-07 15:16:22.826452,1570.25,60.3,185.0,23.5,22.7,20260907_151141
2026-09-07 15:16:23.026638,1567.0,60.3,185.0,23.9,22.7,20260907_151141
2026-09-07 15:16:23.226782,1569.5,60.3,185.0,23.5,22.7,20260907_151141
2026-09-07 15:16:23.426904,1568.75,60.3,185.0,23.5,22.4,20260907_151141
2026-09-07 15:16:23.627020,1570.25,60.3,185.0,23.5,22.7,20260907_151141
2026-09-07 15:16:23.827144,1571.0,60.3,185.0,23.5,22.4,20260907_151141
2026-09-07 15:16:24.027259,1568.75,60.3,185.0,23.1,22.4,20260907_151141
2026-09-07 15:16:24.227385,1569.5,60.3,185.0,22.7,22.4,20260907_151141
2026-09-07 15:16:24.427493,1566.25,60.3,185.0,23.1,22.7,20260907_151141
2026-09-07 15:16:24.627611,1569.5,60.3,185.0,23.5,22.7,20260907_151141
2026-09-07 15:16:24.827725,,60.3,185.0,25.1,23.9,20260907_151141
2026-09-07 15:16:25.161477,1566.25,60.3,185.0,25.1,23.9,20260907_151141
2026-09-07 15:16:25.361596,1567.0,60.3,186.8,27.1,23.9,20260907_151141
2026-09-07 15:16:25.561706,1567.0,60.3,186.8,26.7,23.5,20260907_151141
2026-09-07 15:16:25.761816,1570.25,60.3,186.8,24.3,22.4,20260907_151141
2026-09-07 15:16:25.961959,1568.75,60.3,186.8,23.1,22.4,20260907_151141
2026-09-07 15:16:26.162090,1569.5,60.3,186.8,22.4,22.4,20260907_151141
2026-09-07 15:16:26.362236,1573.25,60.3,186.8,22.4,22.4,20260907_151141
2026-09-07 15:16:26.562359,1568.75,60.3,186.8,22.4,22.0,20260907_151141
2026-09-07 15:16:26.762490,1564.75,60.3,186.8,22.0,22.0,20260907_151141
2026-09-07 15:16:26.962640,1575.0,60.3,186.8,22.0,22.4,20260907_151141
2026-09-07 15:16:27.162764,1566.25,60.3,186.8,22.4,22.0,20260907_151141
2026-09-07 15:16:27.362880,1571.75,60.3,186.8,22.0,21.6,20260907_151141
2026-09-07 15:16:27.562994,1569.5,60.3,186.8,21.2,21.2,20260907_151141
2026-09-07 15:16:27.763102,1568.75,60.3,186.8,20.8,22.0,20260907_151141
2026-09-07 15:16:27.963215,1568.75,60.3,188.6,22.0,22.0,20260907_151141
2026-09-07 15:16:28.163322,1565.5,60.3,188.6,22.0,22.4,20260907_151141
2026-09-07 15:16:28.363466,1569.5,60.3,188.6,22.4,22.4,20260907_151141
2026-09-07 15:16:28.563576,1571.0,60.3,188.6,22.7,22.4,20260907_151141
2026-09-07 15:16:28.763691,1567.0,60.3,188.6,23.5,22.7,20260907_151141
2026-09-07 15:16:28.963833,1571.75,60.3,188.6,23.9,22.7,20260907_151141
2026-09-07 15:16:29.163969,1567.0,60.3,188.6,23.1,22.4,20260907_151141
2026-09-07 15:16:29.364069,1568.75,60.3,188.6,22.4,22.4,20260907_151141
2026-09-07 15:16:29.564178,1569.5,60.3,188.6,22.4,22.4,20260907_151141
2026-09-07 15:16:29.764272,1569.5,60.3,188.6,22.0,22.0,20260907_151141
2026-09-07 15:16:29.964374,1571.0,60.3,188.6,22.0,22.0,20260907_151141
2026-09-07 15:16:30.164529,1570.25,60.3,188.6,21.6,22.0,20260907_151141
2026-09-07 15:16:30.364669,1567.75,60.3,188.6,22.0,22.4,20260907_151141
2026-09-07 15:16:30.564860,1567.75,60.3,188.6,22.0,22.4,20260907_151141
2026-09-07 15:16:30.764985,1571.75,60.3,188.6,22.0,22.0,20260907_151141
2026-09-07 15:16:30.965132,1569.5,60.3,188.6,22.0,22.0,20260907_151141
2026-09-07 15:16:31.165351,1571.75,60.3,190.4,22.0,22.4,20260907_151141
2026-09-07 15:16:31.365490,1570.25,60.3,190.4,22.4,22.0,20260907_151141
2026-09-07 15:16:31.565580,1573.25,60.3,190.4,22.0,22.0,20260907_151141
2026-09-07 15:16:31.765723,1567.75,60.3,190.4,21.6,22.0,20260907_151141
2026-09-07 15:16:31.965855,1569.5,60.3,190.4,22.0,22.0,20260907_151141
2026-09-07 15:16:32.165965,1574.0,60.3,190.4,22.4,22.4,20260907_151141
2026-09-07 15:16:32.366076,1570.25,60.3,190.4,22.0,22.0,20260907_151141
2026-09-07 15:16:32.566176,1570.25,60.3,190.4,21.6,22.0,20260907_151141
2026-09-07 15:16:32.766278,1570.25,60.3,190.4,21.6,22.0,20260907_151141
2026-09-07 15:16:32.966376,1574.0,60.9,190.4,21.6,22.0,20260907_151141
2026-09-07 15:16:33.166485,1572.5,60.3,190.4,21.2,21.2,20260907_151141
2026-09-07 15:16:33.366653,1571.0,60.3,190.4,20.8,21.2,20260907_151141
2026-09-07 15:16:33.566749,1574.0,60.3,190.4,21.2,21.6,20260907_151141
2026-09-07 15:16:33.766847,1571.75,60.3,190.4,21.6,21.6,20260907_151141
2026-09-07 15:16:33.966958,1572.5,60.3,190.4,21.6,21.6,20260907_151141
2026-09-07 15:16:34.167087,1571.0,60.3,190.4,21.6,21.6,20260907_151141
2026-09-07 15:16:34.367213,1571.0,60.3,190.4,21.2,22.0,20260907_151141
2026-09-07 15:16:34.567335,1575.0,60.3,190.4,21.2,21.6,20260907_151141
2026-09-07 15:16:34.767453,1570.25,60.3,190.4,20.8,21.2,20260907_151141
2026-09-07 15:16:34.967575,1573.25,60.3,190.4,20.4,21.2,20260907_151141
2026-09-07 15:16:35.167707,1571.0,60.3,190.4,20.4,21.2,20260907_151141
2026-09-07 15:16:35.367833,1571.75,60.3,190.4,20.4,21.2,20260907_151141
2026-09-07 15:16:35.567953,1571.0,60.3,190.4,20.4,21.2,20260907_151141
2026-09-07 15:16:35.768076,1569.5,60.3,190.4,20.4,21.6,20260907_151141
2026-09-07 15:16:35.968189,1564.0,60.3,190.4,21.6,22.0,20260907_151141
2026-09-07 15:16:36.168321,1569.5,60.3,190.4,22.0,22.4,20260907_151141
2026-09-07 15:16:36.368423,1568.75,60.3,190.4,22.4,22.4,20260907_151141
2026-09-07 15:16:36.568549,1565.5,60.3,190.4,22.7,22.7,20260907_151141
2026-09-07 15:16:36.768654,1556.25,60.3,190.4,26.7,24.3,20260907_151141
2026-09-07 15:16:36.968785,1567.0,60.3,190.4,28.2,25.1,20260907_151141
2026-09-07 15:16:37.168903,1565.5,60.3,190.4,29.4,25.5,20260907_151141
2026-09-07 15:16:37.369012,1567.75,60.3,190.4,31.4,25.9,20260907_151141
2026-09-07 15:16:37.569122,1563.25,60.3,190.4,31.8,26.7,20260907_151141
2026-09-07 15:16:37.769241,1563.25,60.3,190.4,33.7,27.1,20260907_151141
2026-09-07 15:16:37.969353,1567.0,60.3,190.4,34.1,27.1,20260907_151141
2026-09-07 15:16:38.169489,1560.75,60.3,190.4,35.7,28.2,20260907_151141
2026-09-07 15:16:38.369599,1564.0,60.3,190.4,37.3,29.0,20260907_151141
2026-09-07 15:16:38.569718,1560.75,60.3,190.4,38.4,29.4,20260907_151141
2026-09-07 15:16:38.769836,1562.5,60.3,190.4,39.2,30.6,20260907_151141
2026-09-07 15:16:38.969961,1560.75,60.3,190.4,40.4,31.4,20260907_151141
2026-09-07 15:16:39.170096,1560.0,59.7,190.4,41.6,34.1,20260907_151141
2026-09-07 15:16:39.370210,1581.25,60.3,190.4,41.6,35.3,20260907_151141
2026-09-07 15:16:39.570332,1580.25,60.3,190.4,42.0,36.5,20260907_151141
2026-09-07 15:16:39.770440,1579.5,59.7,190.4,42.7,37.6,20260907_151141
2026-09-07 15:16:39.970604,1578.75,59.7,190.4,43.9,39.2,20260907_151141
2026-09-07 15:16:40.170729,1591.25,59.7,190.4,47.5,41.2,20260907_151141
2026-09-07 15:16:40.370856,1578.75,59.7,190.4,52.2,43.5,20260907_151141
2026-09-07 15:16:40.570992,1576.5,59.7,190.4,56.1,44.7,20260907_151141
2026-09-07 15:16:40.771112,1565.5,59.7,190.4,60.4,46.3,20260907_151141
2026-09-07 15:16:40.971230,1566.25,59.7,190.4,62.7,47.8,20260907_151141
2026-09-07 15:16:41.171353,1583.5,59.7,190.4,66.7,49.8,20260907_151141
2026-09-07 15:16:41.371479,1573.25,59.7,190.4,69.0,52.2,20260907_151141
2026-09-07 15:16:41.571596,1587.5,59.7,190.4,70.2,53.7,20260907_151141
2026-09-07 15:16:41.771722,1593.75,59.7,190.4,71.8,52.9,20260907_151141
2026-09-07 15:16:41.971830,1614.0,59.7,190.4,72.2,51.8,20260907_151141
2026-09-07 15:16:42.171953,1618.75,59.7,190.4,73.7,51.8,20260907_151141
2026-09-07 15:16:42.372244,1609.25,59.7,190.4,74.5,52.5,20260907_151141
2026-09-07 15:16:42.572355,1610.0,59.7,190.4,74.5,52.9,20260907_151141
2026-09-07 15:16:42.772496,1613.25,59.7,190.4,74.1,51.8,20260907_151141
2026-09-07 15:16:42.972634,1611.5,59.7,190.4,74.1,51.8,20260907_151141
2026-09-07 15:16:43.172750,1613.25,60.3,190.4,74.1,52.9,20260907_151141
2026-09-07 15:16:43.372872,1614.0,60.3,190.4,73.7,52.5,20260907_151141
2026-09-07 15:16:43.572991,1633.5,60.3,190.4,73.7,51.4,20260907_151141
2026-09-07 15:16:43.773112,1611.5,60.3,190.4,74.1,50.6,20260907_151141
2026-09-07 15:16:43.973237,1617.75,60.3,190.4,74.1,42.4,20260907_151141
2026-09-07 15:36:04.727198,840.5,1.2,199.4,30.2,17.6,20260907_153601
2026-09-07 15:36:04.927314,832.75,1.2,199.4,30.2,17.6,20260907_153601
2026-09-07 15:36:05.127474,830.0,1.2,199.4,29.4,17.6,20260907_153601
2026-09-07 15:36:05.327601,811.0,1.9,199.4,30.2,20.4,20260907_153601
2026-09-07 15:36:05.527704,941.0,1.9,199.4,55.3,22.0,20260907_153601
2026-09-07 15:36:05.727803,1328.0,2.5,199.4,34.1,17.3,20260907_153601
2026-09-07 15:36:05.927932,1371.0,2.5,197.6,26.7,21.6,20260907_153601
2026-09-07 15:36:06.128093,1370.25,3.1,197.6,25.5,21.6,20260907_153601
2026-09-07 15:36:06.328201,1375.0,3.7,197.6,25.5,22.0,20260907_153601
2026-09-07 15:36:06.528307,1373.0,4.3,197.6,25.9,22.0,20260907_153601
2026-09-07 15:36:06.728402,1390.0,5.0,195.8,26.3,21.6,20260907_153601
2026-09-07 15:36:06.928506,1399.0,5.0,195.8,23.5,21.6,20260907_153601
2026-09-07 15:36:07.128622,1296.75,5.6,195.8,21.2,21.6,20260907_153601
2026-09-07 15:36:07.328723,1174.0,5.6,194.0,14.1,15.3,20260907_153601
2026-09-07 15:36:07.528832,1056.0,5.6,194.0,10.2,16.1,20260907_153601
2026-09-07 15:36:07.728934,1003.0,5.6,194.0,11.8,16.5,20260907_153601
2026-09-07 15:36:07.929034,1022.5,5.6,192.2,16.1,20.0,20260907_153601
2026-09-07 15:36:08.129140,1167.0,5.6,192.2,21.2,20.0,20260907_153601
2026-09-07 15:36:08.329240,1345.0,5.6,192.2,22.4,20.0,20260907_153601
2026-09-07 15:36:08.529379,1332.0,6.2,192.2,20.8,20.0,20260907_153601
2026-09-07 15:36:08.729521,1299.0,6.2,192.2,18.4,20.4,20260907_153601
2026-09-07 15:36:08.929631,1321.0,6.2,192.2,17.3,17.3,20260907_153601
2026-09-07 15:36:09.129736,1257.0,6.2,190.4,11.8,20.8,20260907_153601
2026-09-07 15:36:09.329852,1152.0,6.8,190.4,8.6,15.3,20260907_153601
2026-09-07 15:36:09.529946,1085.0,6.8,190.4,9.0,16.1,20260907_153601
2026-09-07 15:36:09.730053,1064.0,6.2,190.4,9.8,16.1,20260907_153601
2026-09-07 15:36:09.930143,1054.0,6.2,190.4,10.2,16.1,20260907_153601
2026-09-07 15:36:10.130250,1050.75,6.2,190.4,10.2,16.1,20260907_153601
2026-09-07 15:36:10.330370,1040.0,6.2,190.4,10.6,16.1,20260907_153601
2026-09-07 15:36:10.530472,1035.75,6.2,190.4,11.0,16.1,20260907_153601
2026-09-07 15:36:10.730660,1046.0,6.2,190.4,11.0,16.1,20260907_153601
2026-09-07 15:36:10.930786,1039.75,6.2,190.4,11.4,16.1,20260907_153601
2026-09-07 15:36:11.130887,1031.25,6.2,190.4,11.4,16.1,20260907_153601
2026-09-07 15:36:11.330990,1029.5,6.2,190.4,11.4,16.1,20260907_153601
2026-09-07 15:36:11.531086,1032.0,6.2,190.4,11.4,16.1,20260907_153601
2026-09-07 15:36:11.731184,1014.0,6.2,190.4,11.4,16.1,20260907_153601
2026-09-07 15:36:11.931311,1014.0,6.2,190.4,11.8,16.1,20260907_153601
2026-09-07 15:36:12.131443,1015.5,6.2,190.4,11.8,16.1,20260907_153601
2026-09-07 15:36:12.331563,1012.5,6.2,190.4,12.2,16.1,20260907_153601
2026-09-07 15:36:12.531689,1010.0,5.6,190.4,12.2,16.1,20260907_153601
2026-09-07 15:36:12.731814,1000.0,5.6,190.4,12.5,16.1,20260907_153601
2026-09-07 15:36:12.931942,996.0,5.6,190.4,12.5,16.1,20260907_153601
2026-09-07 15:36:13.132051,968.75,5.0,190.4,13.3,16.1,20260907_153601
2026-09-07 15:36:13.332165,953.75,5.0,190.4,14.1,16.5,20260907_153601
2026-09-07 15:36:13.532276,921.0,4.3,190.4,15.3,16.5,20260907_153601
2026-09-07 15:36:13.732381,881.0,4.3,192.2,16.9,16.5,20260907_153601
2026-09-07 15:36:13.932499,841.0,3.7,192.2,19.6,16.5,20260907_153601
2026-09-07 15:36:14.132609,814.0,3.7,192.2,22.4,16.5,20260907_153601
2026-09-07 15:36:14.332743,795.25,3.7,192.2,23.9,16.5,20260907_153601
2026-09-07 15:36:14.532865,797.5,3.7,192.2,24.7,16.5,20260907_153601
2026-09-07 15:36:14.732981,803.0,3.7,192.2,25.1,16.5,20260907_153601
2026-09-07 15:36:14.933091,807.0,3.7,192.2,24.7,16.5,20260907_153601
2026-09-07 15:36:15.133207,828.0,4.3,192.2,23.5,16.9,20260907_153601
2026-09-07 15:36:15.333317,845.0,4.3,192.2,22.7,16.5,20260907_153601
2026-09-07 15:36:15.533426,853.0,4.3,192.2,22.0,16.5,20260907_153601
2026-09-07 15:36:15.733540,879.5,4.3,192.2,21.2,19.2,20260907_153601
2026-09-07 15:36:15.933662,985.0,4.3,192.2,27.5,20.0,20260907_153601
2026-09-07 15:36:16.133784,1127.0,4.3,192.2,29.8,20.0,20260907_153601
2026-09-07 15:36:16.333891,1255.0,5.0,192.2,24.3,20.0,20260907_153601
2026-09-07 15:36:16.534002,1277.0,5.0,192.2,23.1,20.4,20260907_153601
2026-09-07 15:36:16.734117,1278.0,5.6,192.2,23.5,20.0,20260907_153601
2026-09-07 15:36:16.934237,1314.0,5.6,192.2,22.0,19.2,20260907_153601
2026-09-07 15:36:17.134379,1251.5,5.6,192.2,27.8,16.1,20260907_153601
2026-09-07 15:36:17.334515,1089.0,5.6,192.2,12.5,15.3,20260907_153601
2026-09-07 15:36:17.534641,1025.0,5.6,192.2,11.0,15.7,20260907_153601
2026-09-07 15:36:17.734742,1098.25,5.6,192.2,21.2,15.7,20260907_153601
2026-09-07 15:36:17.934870,1312.5,5.6,192.2,22.4,15.7,20260907_153601
2026-09-07 15:36:18.134998,1358.5,5.6,192.2,24.3,20.4,20260907_153601
2026-09-07 15:36:18.335109,1364.0,6.2,192.2,23.1,20.4,20260907_153601
2026-09-07 15:36:18.535234,1388.25,6.2,192.2,22.7,20.8,20260907_153601
2026-09-07 15:36:18.735359,1411.5,6.2,192.2,23.1,20.4,20260907_153601
2026-09-07 15:36:18.935471,1451.5,6.8,192.2,21.6,21.2,20260907_153601
2026-09-07 15:36:19.135603,1498.25,6.8,192.2,20.4,20.4,20260907_153601
2026-09-07 15:36:19.335710,1540.5,7.5,194.0,19.2,21.2,20260907_153601
2026-09-07 15:36:19.535835,1571.0,7.5,192.2,18.4,21.2,20260907_153601
2026-09-07 15:36:19.735945,1599.0,8.1,194.0,20.0,19.6,20260907_153601
2026-09-07 15:36:19.936053,1564.0,8.1,192.2,11.0,21.2,20260907_153601
2026-09-07 15:36:20.136176,1491.25,8.1,192.2,7.8,16.9,20260907_153601
2026-09-07 15:36:20.336296,1396.0,8.1,192.2,8.6,16.5,20260907_153601
2026-09-07 15:36:20.536402,1317.75,8.1,192.2,8.6,16.5,20260907_153601
2026-09-07 15:36:20.736520,1252.0,8.1,192.2,8.6,16.9,20260907_153601
2026-09-07 15:36:20.936629,1206.0,7.5,192.2,8.6,16.1,20260907_153601
2026-09-07 15:36:21.136768,1153.0,7.5,192.2,8.6,16.9,20260907_153601
2026-09-07 15:36:21.336876,1092.75,7.5,192.2,9.4,16.1,20260907_153601
2026-09-07 15:36:21.536989,1017.0,6.8,192.2,10.6,16.5,20260907_153601
2026-09-07 15:36:21.737096,975.0,6.8,192.2,12.5,16.1,20260907_153601
2026-09-07 15:36:21.937209,958.0,6.2,192.2,13.7,16.1,20260907_153601
2026-09-07 15:36:22.137338,905.0,5.6,192.2,15.7,16.5,20260907_153601
2026-09-07 15:36:22.337463,821.0,5.0,192.2,20.0,16.5,20260907_153601
2026-09-07 15:36:22.537566,746.75,4.3,192.2,25.5,16.5,20260907_153601
2026-09-07 15:36:22.737687,718.75,4.3,192.2,27.8,16.9,20260907_153601
2026-09-07 15:36:22.937803,713.25,3.7,192.2,28.6,16.5,20260907_153601
2026-09-07 15:36:23.137919,717.0,3.1,192.2,28.6,16.5,20260907_153601
2026-09-07 15:36:23.338033,713.0,3.1,192.2,28.6,16.5,20260907_153601
2026-09-07 15:36:23.538151,711.0,2.5,192.2,28.6,16.5,20260907_153601
2026-09-07 15:36:23.738259,709.0,1.9,192.2,28.6,16.5,20260907_153601
2026-09-07 15:36:23.938395,705.25,1.2,192.2,29.0,16.5,20260907_153601
2026-09-07 15:36:24.138600,701.5,0.6,192.2,29.0,16.5,20260907_153601
2026-09-07 15:36:24.338626,707.0,0.0,192.2,29.0,16.5,20260907_153601
2026-09-07 15:36:24.538745,712.0,0.0,192.2,29.0,16.5,20260907_153601
2026-09-07 15:36:24.738865,710.0,0.0,192.2,29.0,16.5,20260907_153601
2026-09-07 15:36:24.938977,703.0,0.0,192.2,29.4,16.5,20260907_153601
2026-09-07 15:36:25.139105,707.0,0.0,192.2,29.4,16.5,20260907_153601
2026-09-07 15:36:25.339226,711.0,0.0,192.2,29.4,16.5,20260907_153601
2026-09-07 15:36:25.539339,706.0,0.0,192.2,29.4,16.5,20260907_153601
2026-09-07 15:36:25.739448,707.0,0.0,192.2,29.4,16.5,20260907_153601
2026-09-07 15:36:25.939570,707.0,0.0,192.2,29.0,16.5,20260907_153601
2026-09-07 15:36:26.139686,705.0,0.0,192.2,29.0,16.5,20260907_153601
2026-09-07 15:36:26.339809,705.0,0.0,192.2,29.0,16.5,20260907_153601
2026-09-07 15:36:26.539942,706.25,0.0,192.2,29.4,16.5,20260907_153601
2026-09-07 15:36:26.740061,708.0,0.0,192.2,29.4,16.5,20260907_153601
2026-09-07 15:36:26.940170,704.5,0.0,192.2,29.4,16.5,20260907_153601
2026-09-07 15:36:27.140293,709.25,0.0,192.2,29.0,16.5,20260907_153601
2026-09-07 15:36:27.340403,709.25,0.0,192.2,29.0,16.5,20260907_153601
2026-09-07 15:36:27.540509,707.0,0.0,192.2,29.0,16.5,20260907_153601
2026-09-07 15:36:27.740624,710.75,0.0,192.2,29.0,16.5,20260907_153601
2026-09-07 15:36:27.940752,710.0,0.0,192.2,29.0,16.5,20260907_153601
2026-09-07 15:36:28.140875,708.5,0.0,192.2,29.0,16.5,20260907_153601
2026-09-07 15:36:28.341004,711.5,0.0,192.2,29.0,16.5,20260907_153601
2026-09-07 15:36:28.541126,714.75,0.0,192.2,29.0,16.5,20260907_153601
2026-09-07 15:36:28.741252,717.75,0.0,192.2,28.6,16.5,20260907_153601
2026-09-07 15:36:28.941375,714.75,0.0,192.2,28.6,16.5,20260907_153601
2026-09-07 15:36:29.141486,711.0,0.0,192.2,28.6,16.5,20260907_153601
2026-09-07 15:36:29.341605,714.0,0.0,192.2,28.6,16.5,20260907_153601
2026-09-07 15:36:29.541715,717.75,0.0,192.2,28.6,16.5,20260907_153601
2026-09-07 15:36:29.741841,716.25,0.0,192.2,28.2,16.5,20260907_153601
2026-09-07 15:36:29.941963,713.25,0.0,192.2,28.6,16.5,20260907_153601
2026-09-07 15:36:30.142091,711.5,0.0,192.2,28.6,16.5,20260907_153601
2026-09-07 15:36:30.342219,717.0,0.0,192.2,28.6,16.5,20260907_153601
2026-09-07 15:36:30.542332,714.0,0.0,192.2,28.6,16.5,20260907_153601
2026-09-07 15:36:30.742445,723.25,0.0,192.2,28.2,16.5,20260907_153601
2026-09-07 15:36:30.942616,722.5,0.0,192.2,28.2,16.5,20260907_153601
2026-09-07 15:36:31.142738,717.75,0.0,192.2,28.6,16.5,20260907_153601
2026-09-07 15:36:31.342847,717.75,0.0,192.2,28.6,16.5,20260907_153601
2026-09-07 15:36:31.542964,717.0,0.0,192.2,28.6,16.5,20260907_153601
2026-09-07 15:36:31.743082,717.0,0.0,192.2,28.6,16.5,20260907_153601
2026-09-07 15:36:31.943216,716.0,0.0,192.2,28.6,16.5,20260907_153601
2026-09-07 15:36:32.143332,721.75,0.0,192.2,28.6,16.5,20260907_153601
2026-09-07 15:36:32.343458,737.5,0.0,192.2,29.0,16.9,20260907_153601
2026-09-07 15:36:32.543562,821.0,0.0,192.2,49.8,18.8,20260907_153601
2026-09-07 15:36:32.743695,1089.0,0.6,192.2,34.5,19.6,20260907_153601
2026-09-07 15:36:32.943878,1223.0,1.2,192.2,26.3,22.0,20260907_153601
2026-09-07 15:36:33.144004,1318.0,1.9,192.2,27.8,22.0,20260907_153601
2026-09-07 15:36:33.344113,1378.0,2.5,192.2,27.5,22.0,20260907_153601
2026-09-07 15:36:33.544225,1425.75,3.1,192.2,26.3,23.1,20260907_153601
2026-09-07 15:36:33.744346,1481.25,3.7,192.2,26.3,23.9,20260907_153601
2026-09-07 15:36:33.944458,1546.0,4.3,192.2,27.5,25.1,20260907_153601
2026-09-07 15:36:34.144570,1628.0,5.0,192.2,25.9,25.1,20260907_153601
2026-09-07 15:36:34.344684,1662.0,5.6,192.2,25.5,25.5,20260907_153601
2026-09-07 15:36:34.544822,1689.75,6.2,190.4,25.1,25.5,20260907_153601
2026-09-07 15:36:34.744934,1725.75,6.8,190.4,25.1,25.5,20260907_153601
2026-09-07 15:36:34.945052,1777.25,6.8,190.4,25.9,26.3,20260907_153601
2026-09-07 15:36:35.145162,1823.25,7.5,190.4,25.9,26.7,20260907_153601
2026-09-07 15:36:35.345290,1844.5,8.1,190.4,26.3,27.1,20260907_153601
2026-09-07 15:36:35.545400,1902.25,8.7,190.4,27.1,26.7,20260907_153601
2026-09-07 15:36:35.745512,1943.0,9.3,190.4,27.1,26.7,20260907_153601
2026-09-07 15:36:35.945618,2022.0,9.9,190.4,27.8,27.5,20260907_153601
2026-09-07 15:36:36.145739,2110.0,10.6,190.4,28.6,28.2,20260907_153601
2026-09-07 15:36:36.345847,2171.75,10.6,190.4,28.6,30.2,20260907_153601
2026-09-07 15:36:36.545961,2147.5,11.2,188.6,34.1,32.5,20260907_153601
2026-09-07 15:36:36.746084,1775.0,11.8,188.6,39.6,28.2,20260907_153601
2026-09-07 15:36:36.946206,1595.25,13.0,188.6,42.4,31.0,20260907_153601
2026-09-07 15:36:37.146340,1555.25,13.7,188.6,46.3,28.2,20260907_153601
2026-09-07 15:36:37.346445,1637.5,14.3,188.6,42.4,32.9,20260907_153601
2026-09-07 15:36:37.546608,1701.5,14.9,188.6,45.1,35.3,20260907_153601
2026-09-07 15:36:37.746762,1791.25,15.5,188.6,40.4,36.1,20260907_153601
2026-09-07 15:36:37.946870,1872.5,16.2,188.6,45.1,36.9,20260907_153601
2026-09-07 15:36:38.147011,1949.0,16.8,188.6,41.2,37.3,20260907_153601
2026-09-07 15:36:38.347119,2028.75,17.4,188.6,41.6,37.6,20260907_153601
2026-09-07 15:36:38.547244,2106.25,18.0,188.6,42.0,33.7,20260907_153601
2026-09-07 15:36:38.747359,2158.5,18.6,188.6,39.2,33.3,20260907_153601
2026-09-07 15:36:38.947500,2264.75,19.9,188.6,39.6,33.3,20260907_153601
2026-09-07 15:36:39.147636,2316.25,20.5,188.6,38.8,32.9,20260907_153601
2026-09-07 15:36:39.347742,2350.75,20.5,188.6,38.8,32.9,20260907_153601
2026-09-07 15:36:39.547882,2391.25,21.1,188.6,37.3,30.6,20260907_153601
2026-09-07 15:36:39.748023,2092.0,21.7,188.6,35.3,29.8,20260907_153601
2026-09-07 15:36:39.948155,1842.75,21.7,188.6,36.1,28.6,20260907_153601
2026-09-07 15:36:40.148350,1787.5,22.4,188.6,33.7,26.7,20260907_153601
2026-09-07 15:36:40.348486,1782.75,22.4,188.6,30.6,25.5,20260907_153601
2026-09-07 15:36:40.548643,1809.25,23.0,188.6,27.8,23.5,20260907_153601
2026-09-07 15:36:40.748881,1810.0,23.0,186.8,22.0,22.7,20260907_153601
2026-09-07 15:36:40.948976,1835.75,23.0,186.8,20.0,22.7,20260907_153601
2026-09-07 15:36:41.149085,1796.0,23.0,186.8,20.0,23.1,20260907_153601
2026-09-07 15:36:41.349186,1655.25,23.6,186.8,21.2,22.7,20260907_153601
2026-09-07 15:36:41.549287,1545.25,23.6,186.8,24.3,23.1,20260907_153601
2026-09-07 15:36:41.749398,1516.25,23.6,186.8,26.7,23.5,20260907_153601
2026-09-07 15:36:41.949537,1507.75,23.6,186.8,30.2,24.7,20260907_153601
2026-09-07 15:36:42.149674,1517.75,24.2,188.6,31.0,24.7,20260907_153601
2026-09-07 15:36:42.349767,1498.25,24.2,188.6,31.4,24.7,20260907_153601
2026-09-07 15:36:42.549863,1514.75,24.2,188.6,30.6,24.7,20260907_153601
2026-09-07 15:36:42.749991,1517.0,24.2,188.6,30.2,24.3,20260907_153601
2026-09-07 15:36:42.950127,1525.0,24.9,188.6,29.8,24.3,20260907_153601
2026-09-07 15:36:43.150259,1543.75,24.9,188.6,29.0,24.7,20260907_153601
2026-09-07 15:36:43.350363,1553.75,24.9,188.6,28.6,24.7,20260907_153601
2026-09-07 15:36:43.550489,1567.75,25.5,188.6,28.2,24.7,20260907_153601
2026-09-07 15:36:43.750723,1560.0,25.5,188.6,26.7,23.5,20260907_153601
2026-09-07 15:36:43.950830,1567.75,25.5,188.6,24.7,23.5,20260907_153601
2026-09-07 15:36:44.150945,1585.75,25.5,188.6,,23.1,20260907_153601
2026-09-07 15:36:44.489584,1603.75,26.1,188.6,22.4,23.1,20260907_153601
2026-09-07 15:36:44.689707,1608.5,26.1,188.6,22.0,23.1,20260907_153601
2026-09-07 15:36:44.889821,1613.25,26.1,188.6,21.6,22.7,20260907_153601
2026-09-07 15:36:45.089939,1617.75,26.1,188.6,20.8,22.7,20260907_153601
2026-09-07 15:36:45.290053,1628.0,26.7,188.6,20.4,22.7,20260907_153601
2026-09-07 15:36:45.490150,1631.25,26.7,188.6,20.4,22.7,20260907_153601
2026-09-07 15:36:45.690265,1631.25,26.7,188.6,20.4,22.7,20260907_153601
2026-09-07 15:36:45.890378,1632.0,26.7,188.6,20.0,22.7,20260907_153601
2026-09-07 15:36:46.090506,1532.0,26.7,188.6,22.0,22.4,20260907_153601
2026-09-07 15:36:46.290684,1410.75,26.7,188.6,25.5,21.2,20260907_153601
2026-09-07 15:36:46.490817,1396.75,26.7,188.6,25.5,21.6,20260907_153601
2026-09-07 15:36:46.690909,1402.25,27.3,188.6,25.5,21.2,20260907_153601
2026-09-07 15:36:46.891024,1416.25,27.3,188.6,25.1,21.6,20260907_153601
2026-09-07 15:36:47.091145,1418.75,27.3,188.6,24.7,21.6,20260907_153601
2026-09-07 15:36:47.291255,1423.25,27.3,188.6,24.7,21.6,20260907_153601
2026-09-07 15:36:47.491361,1423.25,27.3,188.6,24.3,20.8,20260907_153601
2026-09-07 15:36:47.691468,1411.5,27.3,188.6,23.5,19.6,20260907_153601
2026-09-07 15:36:47.891581,1400.75,27.3,188.6,20.4,17.3,20260907_153601
2026-09-07 15:36:48.091689,1393.75,27.3,188.6,14.1,16.1,20260907_153601
2026-09-07 15:36:48.291800,1389.75,27.3,188.6,9.0,16.5,20260907_153601
2026-09-07 15:36:48.491930,1404.5,27.3,188.6,9.0,16.5,20260907_153601
2026-09-07 15:36:48.692045,1382.75,26.7,188.6,8.6,16.5,20260907_153601
2026-09-07 15:36:48.892157,1375.0,26.7,188.6,8.6,16.5,20260907_153601
2026-09-07 15:36:49.092277,1363.25,26.7,188.6,8.6,16.5,20260907_153601
2026-09-07 15:36:49.292398,1352.25,26.7,188.6,8.6,16.5,20260907_153601
2026-09-07 15:36:49.492515,1358.5,26.7,188.6,8.2,16.5,20260907_153601
2026-09-07 15:36:49.692616,1335.0,26.1,188.6,8.2,16.5,20260907_153601
2026-09-07 15:36:49.892761,1350.75,26.1,188.6,8.2,16.5,20260907_153601
2026-09-07 15:36:50.092894,1335.75,26.1,190.4,8.2,16.5,20260907_153601
2026-09-07 15:36:50.293001,1340.5,26.1,190.4,8.6,16.5,20260907_153601
2026-09-07 15:36:50.493105,1330.25,26.1,190.4,8.6,16.5,20260907_153601
2026-09-07 15:36:50.693223,1325.0,26.1,190.4,8.6,16.5,20260907_153601
2026-09-07 15:36:50.893338,1314.75,26.1,190.4,8.6,16.5,20260907_153601
2026-09-07 15:36:51.093461,1310.75,25.5,190.4,8.6,16.5,20260907_153601
2026-09-07 15:36:51.293599,1282.0,25.5,190.4,9.0,16.5,20260907_153601
2026-09-07 15:36:51.493717,1290.5,25.5,190.4,9.0,16.5,20260907_153601
2026-09-07 15:36:51.693824,1285.75,25.5,190.4,8.6,16.5,20260907_153601
2026-09-07 15:36:51.893955,1269.5,24.9,190.4,9.0,16.5,20260907_153601
2026-09-07 15:36:52.094082,1246.75,24.2,190.4,9.0,16.1,20260907_153601
2026-09-07 15:36:52.294218,1220.25,24.2,190.4,9.0,16.1,20260907_153601
2026-09-07 15:36:52.494353,1189.75,23.6,190.4,9.4,16.9,20260907_153601
2026-09-07 15:36:52.694468,1164.0,23.0,190.4,11.4,16.5,20260907_153601
2026-09-07 15:36:52.894632,1135.0,22.4,190.4,12.2,16.9,20260907_153601
2026-09-07 15:36:53.094766,1156.25,21.7,190.4,12.5,16.9,20260907_153601
2026-09-07 15:36:53.294877,1236.5,21.1,190.4,11.4,16.9,20260907_153601
2026-09-07 15:36:53.494996,1271.75,20.5,190.4,11.0,16.9,20260907_153601
2026-09-07 15:36:53.695103,1236.5,20.5,190.4,11.4,15.7,20260907_153601
2026-09-07 15:36:53.895211,1242.75,19.9,190.4,8.6,16.5,20260907_153601
2026-09-07 15:36:54.095340,1223.25,19.9,190.4,9.0,16.1,20260907_153601
2026-09-07 15:36:54.295448,1194.5,19.9,190.4,9.0,16.1,20260907_153601
2026-09-07 15:36:54.495561,1139.75,19.9,190.4,9.4,16.1,20260907_153601
2026-09-07 15:36:54.695698,1121.0,19.9,190.4,9.8,16.1,20260907_153601
2026-09-07 15:36:54.895827,1139.75,19.3,190.4,9.8,15.7,20260907_153601
2026-09-07 15:36:55.095950,1183.5,19.3,190.4,9.0,16.1,20260907_153601
2026-09-07 15:36:55.296071,1176.5,19.3,190.4,9.0,16.1,20260907_153601
2026-09-07 15:36:55.496181,1167.75,19.3,190.4,9.4,18.0,20260907_153601
2026-09-07 15:36:55.696301,1178.75,19.3,190.4,12.2,16.5,20260907_153601
2026-09-07 15:36:55.896434,1139.0,19.3,190.4,12.5,16.9,20260907_153601
2026-09-07 15:36:56.096564,1152.25,19.3,190.4,12.5,16.9,20260907_153601
2026-09-07 15:36:56.296717,1148.25,18.6,190.4,12.5,16.9,20260907_153601
2026-09-07 15:36:56.496835,1138.25,18.6,190.4,12.9,16.9,20260907_153601
2026-09-07 15:36:56.696959,1122.5,18.6,190.4,13.3,16.9,20260907_153601
2026-09-07 15:36:56.897082,1098.25,18.0,190.4,14.1,16.9,20260907_153601
2026-09-07 15:36:57.097206,1078.0,17.4,190.4,14.9,17.3,20260907_153601
2026-09-07 15:36:57.297330,1063.25,17.4,190.4,15.7,17.3,20260907_153601
2026-09-07 15:36:57.497444,1081.25,16.8,190.4,16.1,17.3,20260907_153601
2026-09-07 15:36:57.697560,1146.0,16.2,190.4,14.9,17.3,20260907_153601
2026-09-07 15:36:57.897691,1229.5,16.2,190.4,13.3,17.3,20260907_153601
2026-09-07 15:36:58.097807,1229.5,15.5,190.4,11.8,16.9,20260907_153601
2026-09-07 15:36:58.297933,1207.0,15.5,190.4,11.4,16.9,20260907_153601
2026-09-07 15:36:58.498053,1171.0,14.9,190.4,11.8,16.9,20260907_153601
2026-09-07 15:36:58.698163,1144.5,14.3,190.4,12.5,16.9,20260907_153601
2026-09-07 15:36:58.898273,1116.25,14.3,190.4,13.3,17.3,20260907_153601
2026-09-07 15:36:59.098387,1089.0,13.7,190.4,14.5,17.3,20260907_153601
2026-09-07 15:36:59.298743,1052.25,13.0,190.4,16.1,17.3,20260907_153601
2026-09-07 15:36:59.498859,1019.5,13.0,190.4,18.4,17.6,20260907_153601
2026-09-07 15:36:59.698971,988.25,12.4,190.4,20.4,17.3,20260907_153601
2026-09-07 15:36:59.899102,923.25,11.8,190.4,24.3,17.6,20260907_153601
2026-09-07 15:37:00.099216,902.25,11.2,190.4,26.3,17.6,20260907_153601
2026-09-07 15:37:00.299329,903.75,9.9,190.4,26.7,17.6,20260907_153601
2026-09-07 15:37:00.499453,867.75,9.3,190.4,28.6,17.6,20260907_153601
2026-09-07 15:37:00.699829,811.5,8.7,190.4,33.3,17.6,20260907_153601
2026-09-07 15:37:00.899953,777.25,7.5,190.4,37.6,17.6,20260907_153601
2026-09-07 15:37:01.100119,767.75,6.8,190.4,38.8,17.6,20260907_153601
2026-09-07 15:37:01.300234,758.5,6.2,190.4,39.6,17.6,20260907_153601
2026-09-07 15:37:01.500340,757.0,5.6,190.4,40.4,17.6,20260907_153601
2026-09-07 15:37:01.700459,765.5,5.0,190.4,41.2,17.6,20260907_153601
2026-09-07 15:37:01.900590,768.75,4.3,192.2,41.2,17.6,20260907_153601
2026-09-07 15:37:02.100712,757.75,3.7,192.2,41.6,17.6,20260907_153601
2026-09-07 15:37:02.300838,759.25,3.1,192.2,42.0,17.6,20260907_153601
2026-09-07 15:37:02.500955,764.75,3.1,192.2,41.6,17.6,20260907_153601
2026-09-07 15:37:02.701072,759.25,2.5,192.2,41.2,17.6,20260907_153601
2026-09-07 15:37:02.901188,757.0,1.9,192.2,41.2,17.6,20260907_153601
2026-09-07 15:37:03.101317,756.25,1.2,192.2,40.4,17.6,20260907_153601
2026-09-07 15:37:03.301433,757.75,1.2,192.2,40.0,17.6,20260907_153601
2026-09-07 15:37:03.501550,756.25,0.6,192.2,40.0,17.6,20260907_153601
2026-09-07 15:37:03.701672,762.5,0.0,192.2,40.0,17.6,20260907_153601
2026-09-07 15:37:03.901782,757.75,0.0,192.2,40.0,17.6,20260907_153601
2026-09-07 15:37:04.101899,757.0,0.0,192.2,40.0,17.6,20260907_153601
2026-09-07 15:37:04.302004,764.75,0.0,192.2,40.0,17.6,20260907_153601
2026-09-07 15:37:04.502119,763.25,0.0,192.2,39.6,17.6,20260907_153601
2026-09-07 15:37:04.702238,764.75,0.0,192.2,39.6,17.6,20260907_153601
2026-09-07 15:37:04.902343,757.75,0.0,192.2,39.6,17.6,20260907_153601
2026-09-07 15:37:05.102478,766.25,0.0,192.2,39.2,17.6,20260907_153601
2026-09-07 15:37:05.302673,764.75,0.0,192.2,38.8,17.6,20260907_153601
2026-09-07 15:37:05.502791,759.25,0.0,194.0,38.8,17.6,20260907_153601
2026-09-07 15:37:05.702910,761.5,0.0,194.0,38.8,17.6,20260907_153601
2026-09-07 15:37:05.903037,767.0,0.0,194.0,38.4,17.6,20260907_153601
2026-09-07 15:37:06.103177,760.0,0.0,194.0,38.4,17.6,20260907_153601
2026-09-07 15:37:06.303299,,0.0,194.0,38.4,17.6,20260907_153601
2026-09-07 15:37:06.638806,764.75,0.0,194.0,38.4,17.6,20260907_153601
2026-09-07 15:37:06.838917,764.0,0.0,194.0,38.4,17.6,20260907_153601
2026-09-07 15:37:07.039025,756.25,0.0,194.0,38.4,17.6,20260907_153601
2026-09-07 15:37:07.239145,763.25,0.0,194.0,38.4,17.6,20260907_153601
2026-09-07 15:37:07.439266,760.75,0.0,194.0,38.4,17.6,20260907_153601
2026-09-07 15:37:07.639379,759.25,0.0,194.0,38.4,17.6,20260907_153601
2026-09-07 15:37:07.839499,757.0,0.0,194.0,38.4,17.6,20260907_153601
2026-09-07 15:37:08.039612,766.25,0.0,194.0,38.4,17.6,20260907_153601
2026-09-07 15:37:08.239744,760.75,0.0,194.0,38.0,17.6,20260907_153601
2026-09-07 15:37:08.439863,757.75,0.0,194.0,38.4,17.6,20260907_153601
2026-09-07 15:37:08.639971,760.75,0.0,194.0,38.4,17.6,20260907_153601
2026-09-07 15:37:08.840096,763.25,0.0,194.0,38.0,17.6,20260907_153601
2026-09-07 15:37:09.040208,755.25,0.0,194.0,38.0,17.6,20260907_153601
2026-09-07 15:37:09.240327,757.0,0.0,194.0,38.4,17.6,20260907_153601
2026-09-07 15:37:09.440432,759.25,0.0,194.0,38.4,17.6,20260907_153601
2026-09-07 15:37:09.640550,760.0,0.0,194.0,38.4,17.6,20260907_153601
2026-09-07 15:37:09.840661,758.5,0.0,194.0,38.4,17.6,20260907_153601
2026-09-07 15:37:10.040771,762.5,0.0,194.0,38.0,17.6,20260907_153601
2026-09-07 15:37:10.240889,759.25,0.0,194.0,38.0,17.6,20260907_153601
2026-09-07 15:37:10.440999,752.25,0.0,194.0,38.4,17.6,20260907_153601
2026-09-07 15:37:10.641111,746.75,0.0,194.0,39.2,17.6,20260907_153601
2026-09-07 15:37:10.841219,745.25,0.0,194.0,39.2,17.6,20260907_153601
2026-09-07 15:37:11.041354,736.5,0.0,194.0,39.6,17.6,20260907_153601
2026-09-07 15:37:11.241475,732.0,0.0,194.0,40.0,17.6,20260907_153601
2026-09-07 15:37:11.441593,727.25,0.0,194.0,41.2,17.6,20260907_153601
2026-09-07 15:37:11.641700,740.5,0.0,194.0,40.8,17.6,20260907_153601
2026-09-07 15:37:11.841817,742.0,0.0,194.0,40.8,17.6,20260907_153601
2026-09-07 15:37:12.041938,752.25,0.0,194.0,40.8,17.6,20260907_153601
2026-09-07 15:37:12.242050,749.0,0.0,194.0,40.8,17.6,20260907_153601
2026-09-07 15:37:12.442159,750.0,0.0,194.0,40.8,17.6,20260907_153601
2026-09-07 15:37:12.642281,744.5,0.0,194.0,41.2,17.6,20260907_153601
2026-09-07 15:37:12.842400,747.5,0.0,194.0,40.8,17.6,20260907_153601
2026-09-07 15:37:13.042511,746.75,0.0,194.0,40.4,17.6,20260907_153601
2026-09-07 15:37:13.242639,741.25,0.0,192.2,40.0,17.6,20260907_153601
2026-09-07 15:37:13.442753,749.0,0.0,192.2,39.2,17.6,20260907_153601
2026-09-07 15:37:13.642867,753.0,0.0,192.2,39.2,17.6,20260907_153601
2026-09-07 15:37:13.842972,743.75,0.0,192.2,39.2,17.6,20260907_153601
2026-09-07 15:37:14.043084,740.5,0.0,192.2,39.6,17.6,20260907_153601
2026-09-07 15:37:14.243227,750.0,0.0,192.2,39.6,17.6,20260907_153601
2026-09-07 15:37:14.443344,753.0,0.0,192.2,39.6,17.6,20260907_153601
2026-09-07 15:37:14.643464,747.5,0.0,192.2,40.4,17.6,20260907_153601
2026-09-07 15:37:14.843578,750.0,0.0,192.2,40.0,17.6,20260907_153601
2026-09-07 15:37:15.043715,754.5,0.0,192.2,39.6,17.6,20260907_153601
2026-09-07 15:37:15.243842,753.0,0.0,192.2,40.0,17.6,20260907_153601
2026-09-07 15:37:15.443957,750.75,0.0,192.2,40.0,17.6,20260907_153601
2026-09-07 15:37:15.644083,757.75,0.0,192.2,39.2,17.6,20260907_153601
2026-09-07 15:37:15.844192,765.5,0.0,192.2,38.8,17.6,20260907_153601
2026-09-07 15:37:16.044307,757.75,0.0,192.2,39.2,17.6,20260907_153601
2026-09-07 15:37:16.244426,760.0,0.0,192.2,39.2,17.6,20260907_153601
2026-09-07 15:37:16.444560,761.5,0.0,192.2,38.8,17.6,20260907_153601
2026-09-07 15:37:16.644678,759.25,0.0,192.2,38.8,17.6,20260907_153601
2026-09-07 15:37:16.844794,757.75,0.0,192.2,38.8,17.6,20260907_153601
2026-09-07 15:37:17.044924,761.5,0.0,192.2,38.4,17.6,20260907_153601
2026-09-07 15:37:17.245052,762.5,0.0,192.2,38.4,17.6,20260907_153601
2026-09-07 15:37:17.445177,752.25,0.0,192.2,38.4,17.6,20260907_153601
2026-09-07 15:37:17.645283,755.25,0.0,192.2,38.8,17.6,20260907_153601
2026-09-07 15:37:17.845399,756.25,0.0,192.2,38.8,17.6,20260907_153601
2026-09-07 15:37:18.045506,758.5,0.0,192.2,38.4,17.6,20260907_153601
2026-09-07 15:37:18.245628,753.0,0.0,192.2,38.8,17.6,20260907_153601
2026-09-07 15:37:18.445737,753.75,0.0,192.2,38.8,17.6,20260907_153601
2026-09-07 15:37:18.645851,757.0,0.0,192.2,38.8,17.6,20260907_153601
2026-09-07 15:37:18.845972,753.0,0.0,192.2,38.8,17.6,20260907_153601
2026-09-07 15:37:19.046073,751.5,0.0,192.2,38.8,17.6,20260907_153601
2026-09-07 15:37:19.246204,758.5,0.0,192.2,38.8,17.6,20260907_153601
2026-09-07 15:37:19.446318,760.75,0.0,192.2,38.8,17.6,20260907_153601
2026-09-07 15:37:19.646437,756.25,0.0,192.2,38.8,17.6,20260907_153601
2026-09-07 15:37:19.846601,755.25,0.0,192.2,38.8,17.6,20260907_153601
2026-09-07 15:37:20.046681,706.25,0.0,192.2,38.0,16.5,20260907_153601
2026-09-07 15:37:20.246789,675.75,0.0,192.2,35.7,16.1,20260907_153601
2026-09-07 15:37:20.446897,726.5,0.0,192.2,33.3,16.9,20260907_153601
2026-09-07 15:37:20.647007,728.75,0.0,192.2,33.3,16.5,20260907_153601
2026-09-07 15:37:20.847114,727.25,0.0,192.2,31.4,16.9,20260907_153601
2026-09-07 15:37:21.047232,725.75,0.0,192.2,31.4,16.5,20260907_153601
2026-09-07 15:37:21.247353,717.75,0.0,192.2,31.4,16.5,20260907_153601
2026-09-07 15:37:21.447464,726.5,0.0,192.2,31.0,16.5,20260907_153601
2026-09-07 15:37:21.647583,713.25,0.0,192.2,30.6,16.5,20260907_153601
2026-09-07 15:37:21.847705,723.25,0.0,192.2,29.4,16.5,20260907_153601
2026-09-07 15:37:22.047824,718.75,0.0,192.2,29.0,16.5,20260907_153601
2026-09-07 15:37:22.247940,713.25,0.0,192.2,29.4,16.5,20260907_153601
2026-09-07 15:37:22.448054,712.5,0.0,192.2,29.4,16.5,20260907_153601
2026-09-07 15:37:22.648169,717.75,0.0,192.2,29.0,16.5,20260907_153601
2026-09-07 15:37:22.848278,716.25,0.0,192.2,29.0,16.5,20260907_153601
2026-09-07 15:37:23.048394,713.25,0.0,192.2,29.0,16.5,20260907_153601
2026-09-07 15:37:23.248511,710.0,0.0,192.2,29.0,16.5,20260907_153601
2026-09-07 15:37:23.448638,715.5,0.0,192.2,29.0,16.5,20260907_153601
2026-09-07 15:37:23.648746,713.25,0.0,192.2,29.0,16.5,20260907_153601
2026-09-07 15:37:23.848861,714.0,0.0,192.2,29.0,16.5,20260907_153601
2026-09-07 15:37:24.048967,716.25,0.0,192.2,29.0,16.5,20260907_153601
2026-09-07 15:37:24.249086,714.75,0.0,192.2,29.0,16.5,20260907_153601
2026-09-07 15:37:24.449193,712.5,0.0,192.2,29.0,16.5,20260907_153601
2026-09-07 15:37:24.649307,713.25,0.0,192.2,29.0,16.5,20260907_153601
2026-09-07 15:37:24.849411,712.5,0.0,192.2,29.0,16.5,20260907_153601
2026-09-07 15:37:25.049534,717.75,0.0,192.2,28.6,16.5,20260907_153601
2026-09-07 15:37:25.249659,714.0,0.0,192.2,28.6,16.5,20260907_153601
2026-09-07 15:37:25.449767,718.75,0.0,192.2,28.6,16.5,20260907_153601
2026-09-07 15:37:25.649878,721.0,0.0,192.2,28.6,16.5,20260907_153601
2026-09-07 15:37:25.849984,721.75,0.0,192.2,29.0,16.5,20260907_153601
2026-09-07 15:37:26.050095,717.0,0.0,192.2,29.0,16.5,20260907_153601
2026-09-07 15:37:26.250220,718.75,0.0,192.2,29.0,16.5,20260907_153601
2026-09-07 15:37:26.450328,753.0,0.0,192.2,46.3,16.5,20260907_153601
2026-09-07 15:37:26.650450,742.0,0.0,192.2,39.2,17.3,20260907_153601
2026-09-07 15:37:26.850603,742.0,0.0,192.2,38.4,17.3,20260907_153601
2026-09-07 15:37:27.050745,742.0,0.0,192.2,37.6,17.3,20260907_153601
2026-09-07 15:37:27.250856,740.5,0.0,192.2,37.6,17.3,20260907_153601
2026-09-07 15:37:27.450967,741.25,0.0,192.2,38.0,17.6,20260907_153601
2026-09-07 15:37:27.651085,743.75,0.0,192.2,38.8,17.6,20260907_153601
2026-09-07 15:37:27.851212,748.25,0.0,192.2,38.8,17.6,20260907_153601
2026-09-07 15:37:28.051310,748.25,0.0,192.2,39.2,17.6,20260907_153601
2026-09-07 15:37:28.251428,743.75,0.0,192.2,40.0,17.6,20260907_153601
2026-09-07 15:37:28.451543,750.75,0.0,192.2,40.4,17.6,20260907_153601
2026-09-07 15:37:28.651656,751.5,0.0,192.2,40.4,17.6,20260907_153601
2026-09-07 15:37:28.851763,753.75,0.0,192.2,40.8,17.6,20260907_153601
2026-09-07 15:37:29.051874,756.25,0.0,192.2,41.2,17.6,20260907_153601
2026-09-07 15:37:29.251999,759.25,0.0,192.2,40.8,17.6,20260907_153601
2026-09-07 15:37:29.452125,761.5,0.0,192.2,40.8,17.6,20260907_153601
2026-09-07 15:37:29.652255,759.25,0.0,192.2,41.2,17.6,20260907_153601
2026-09-07 15:37:29.852362,755.25,0.0,192.2,41.2,17.6,20260907_153601
2026-09-07 15:37:30.052476,751.5,0.0,192.2,41.6,17.6,20260907_153601
2026-09-07 15:37:30.252619,760.75,0.0,192.2,41.2,17.6,20260907_153601
2026-09-07 15:37:30.452733,762.5,0.0,192.2,41.2,17.6,20260907_153601
2026-09-07 15:37:30.652842,756.25,0.0,192.2,40.8,17.6,20260907_153601
2026-09-07 15:37:30.852964,759.25,0.0,192.2,39.6,17.6,20260907_153601
2026-09-07 15:37:31.053088,757.75,0.0,192.2,39.6,17.6,20260907_153601
2026-09-07 15:37:31.253203,758.5,0.0,192.2,39.6,17.6,20260907_153601
2026-09-07 15:37:31.453319,756.25,0.0,192.2,39.6,17.6,20260907_153601
2026-09-07 15:37:31.653427,759.25,0.0,192.2,39.6,17.6,20260907_153601
2026-09-07 15:37:31.853535,765.5,0.0,192.2,39.2,17.6,20260907_153601
2026-09-07 15:37:32.053657,758.5,0.0,192.2,38.8,17.6,20260907_153601
2026-09-07 15:37:32.253784,760.75,0.0,192.2,39.2,17.6,20260907_153601
2026-09-07 15:37:32.453902,767.0,0.0,192.2,39.2,17.6,20260907_153601
2026-09-07 15:37:32.654013,764.75,0.0,192.2,38.8,17.6,20260907_153601
2026-09-07 15:37:32.854121,758.5,0.0,192.2,38.8,17.3,20260907_153601
2026-09-07 15:37:33.054238,761.5,0.0,192.2,38.8,17.3,20260907_153601
2026-09-07 15:37:33.254363,766.25,0.0,192.2,38.0,17.3,20260907_153601
2026-09-07 15:37:33.454472,760.75,0.0,192.2,38.0,17.3,20260907_153601
2026-09-07 15:37:33.654646,761.5,0.0,192.2,38.4,17.3,20260907_153601
2026-09-07 15:37:33.854756,760.75,0.0,192.2,38.4,17.3,20260907_153601
2026-09-07 15:37:34.054874,764.0,0.0,192.2,38.4,17.3,20260907_153601
2026-09-07 15:37:34.254992,759.25,0.0,192.2,38.0,17.3,20260907_153601
2026-09-07 15:37:34.455103,755.25,0.0,192.2,38.4,17.3,20260907_153601
2026-09-07 15:37:34.655220,762.5,0.0,192.2,38.4,17.3,20260907_153601
2026-09-07 15:37:34.855334,757.75,0.0,192.2,38.4,17.3,20260907_153601
2026-09-07 15:37:35.055465,754.5,0.0,192.2,38.4,17.3,20260907_153601
2026-09-07 15:37:35.255581,753.75,0.0,192.2,38.4,17.3,20260907_153601
2026-09-07 15:37:35.455695,755.25,0.0,192.2,38.4,17.3,20260907_153601
2026-09-07 15:37:35.655805,753.0,0.0,192.2,38.4,17.3,20260907_153601
2026-09-07 15:37:35.855922,759.25,0.0,192.2,38.4,17.3,20260907_153601
2026-09-07 15:37:36.056037,760.0,0.0,192.2,38.4,17.3,20260907_153601
2026-09-07 15:37:36.256155,761.5,0.0,192.2,38.4,17.3,20260907_153601
2026-09-07 15:37:36.456276,716.25,0.0,192.2,38.0,16.5,20260907_153601
2026-09-07 15:37:36.656375,685.0,0.0,192.2,35.3,16.9,20260907_153601
2026-09-07 15:37:36.856494,719.5,0.0,192.2,33.7,16.9,20260907_153601
2026-09-07 15:37:37.056615,719.5,0.0,192.2,32.9,16.5,20260907_153601
2026-09-07 15:37:37.256733,721.75,0.0,192.2,31.4,16.5,20260907_153601
2026-09-07 15:37:37.456859,723.25,0.0,192.2,31.4,16.9,20260907_153601
2026-09-07 15:37:37.656969,714.75,0.0,192.2,31.4,16.5,20260907_153601
2026-09-07 15:37:37.857083,711.5,0.0,192.2,29.8,16.5,20260907_153601
2026-09-07 15:37:38.057197,700.0,0.0,192.2,30.2,16.5,20260907_153601
2026-09-07 15:37:38.257318,705.25,0.0,192.2,30.2,16.5,20260907_153601
2026-09-07 15:37:38.457430,705.25,0.0,192.2,,16.5,20260907_153601
2026-09-07 15:37:38.794272,703.0,0.0,192.2,29.8,16.5,20260907_153601
2026-09-07 15:37:38.994388,702.25,0.0,192.2,29.8,16.5,20260907_153601
2026-09-07 15:37:39.194507,700.75,0.0,192.2,29.8,16.5,20260907_153601
2026-09-07 15:37:39.394637,699.0,0.0,192.2,29.8,16.5,20260907_153601
2026-09-07 15:37:39.594746,705.25,0.0,192.2,29.4,16.5,20260907_153601
2026-09-07 15:37:39.794854,700.0,0.0,192.2,29.4,16.5,20260907_153601
2026-09-07 15:37:39.994993,707.0,0.0,192.2,29.8,16.5,20260907_153601
2026-09-07 15:37:40.195127,708.5,0.0,192.2,29.4,16.5,20260907_153601
2026-09-07 15:37:40.395249,703.75,0.0,192.2,29.4,16.5,20260907_153601
2026-09-07 15:37:40.595353,700.0,0.0,192.2,29.4,16.5,20260907_153601
2026-09-07 15:37:40.795468,705.25,0.0,192.2,29.4,16.5,20260907_153601
2026-09-07 15:37:40.995587,707.0,0.0,192.2,29.4,16.5,20260907_153601
2026-09-07 15:37:41.195719,710.0,0.0,192.2,41.6,17.6,20260907_153601
2026-09-07 15:37:41.395830,738.25,0.0,192.2,42.0,17.6,20260907_153601
2026-09-07 15:37:41.595952,750.75,0.0,192.2,40.0,17.3,20260907_153601
2026-09-07 15:37:41.796059,749.0,0.0,192.2,38.4,17.6,20260907_153601
2026-09-07 15:37:41.996175,739.75,0.0,192.2,38.8,17.6,20260907_153601
2026-09-07 15:37:42.196296,741.25,0.0,192.2,38.4,17.6,20260907_153601
2026-09-07 15:37:42.396407,742.75,0.0,192.2,38.4,17.6,20260907_153601
2026-09-07 15:37:42.596518,737.5,0.0,192.2,38.8,17.6,20260907_153601
2026-09-07 15:37:42.796635,741.25,0.0,192.2,39.2,17.6,20260907_153601
2026-09-07 15:37:42.996747,742.75,0.0,192.2,40.4,17.6,20260907_153601
2026-09-07 15:37:43.196859,744.5,0.0,192.2,40.4,17.6,20260907_153601
2026-09-07 15:37:43.396977,748.25,0.0,192.2,40.8,17.6,20260907_153601
2026-09-07 15:37:43.597092,752.25,0.0,192.2,41.2,17.6,20260907_153601
2026-09-07 15:37:43.797205,753.0,0.0,192.2,41.6,17.6,20260907_153601
2026-09-07 15:37:43.997327,752.25,0.0,192.2,41.2,17.6,20260907_153601
2026-09-07 15:37:44.197445,760.0,0.0,192.2,41.6,17.6,20260907_153601
2026-09-07 15:37:44.397563,757.0,0.0,194.0,41.6,17.6,20260907_153601
2026-09-07 15:37:44.597679,763.25,0.0,194.0,41.6,17.6,20260907_153601
2026-09-07 15:37:44.797796,762.5,0.0,192.2,41.2,17.6,20260907_153601
2026-09-07 15:37:44.997920,761.5,0.0,194.0,40.8,17.6,20260907_153601
2026-09-07 15:37:45.198045,761.5,0.0,192.2,40.0,17.6,20260907_153601
2026-09-07 15:37:45.398159,751.5,0.0,194.0,40.4,17.6,20260907_153601
2026-09-07 15:37:45.598282,754.5,0.0,192.2,40.0,17.6,20260907_153601
2026-09-07 15:37:45.798397,756.25,0.0,194.0,39.6,17.6,20260907_153601
2026-09-07 15:37:45.998506,756.25,0.0,194.0,39.6,17.6,20260907_153601
2026-09-07 15:37:46.198644,750.75,0.0,194.0,39.6,17.6,20260907_153601
2026-09-07 15:37:46.398768,756.25,0.0,194.0,39.6,17.6,20260907_153601
2026-09-07 15:37:46.598869,760.75,0.0,194.0,39.2,17.6,20260907_153601
2026-09-07 15:37:46.799015,761.5,0.0,194.0,38.8,17.6,20260907_153601
2026-09-07 15:37:46.999135,761.5,0.0,192.2,39.2,17.6,20260907_153601
2026-09-07 15:37:47.199251,758.5,0.0,192.2,39.2,17.6,20260907_153601
2026-09-07 15:37:47.399359,757.75,0.0,194.0,39.2,17.6,20260907_153601
2026-09-07 15:37:47.599471,757.75,0.0,192.2,39.2,17.3,20260907_153601
2026-09-07 15:37:47.799596,760.75,0.0,194.0,38.8,17.3,20260907_153601
2026-09-07 15:37:47.999709,766.25,0.0,194.0,38.4,17.6,20260907_153601
2026-09-07 15:37:48.199837,760.75,0.0,192.2,38.4,17.6,20260907_153601
2026-09-07 15:37:48.399952,761.5,0.0,194.0,38.4,17.3,20260907_153601
2026-09-07 15:37:48.600072,763.25,0.0,194.0,38.4,17.3,20260907_153601
2026-09-07 15:37:48.800188,765.5,0.0,192.2,38.4,17.6,20260907_153601
2026-09-07 15:37:49.000307,757.0,0.0,192.2,38.8,17.6,20260907_153601
2026-09-07 15:37:49.200443,761.5,0.0,194.0,38.8,17.6,20260907_153601
2026-09-07 15:37:49.400562,758.5,0.0,192.2,38.4,17.3,20260907_153601
2026-09-07 15:37:49.600680,753.0,0.0,194.0,38.8,17.3,20260907_153601
2026-09-07 15:37:49.800793,751.5,0.0,194.0,38.8,17.6,20260907_153601
2026-09-07 15:37:50.000917,753.75,0.0,194.0,39.2,17.6,20260907_153601
2026-09-07 15:37:50.201031,757.0,0.0,194.0,39.2,17.6,20260907_153601
2026-09-07 15:37:50.401144,755.25,0.0,194.0,39.6,17.6,20260907_153601
2026-09-07 15:37:50.601256,757.75,0.0,194.0,39.2,17.6,20260907_153601
2026-09-07 15:37:50.801362,756.25,0.0,194.0,39.2,17.6,20260907_153601
2026-09-07 15:37:51.001474,759.25,0.0,194.0,39.2,17.6,20260907_153601
2026-09-07 15:37:51.201615,760.75,0.0,194.0,39.2,17.6,20260907_153601
2026-09-07 15:37:51.401731,762.5,0.0,194.0,39.2,17.6,20260907_153601
2026-09-07 15:37:51.601854,755.25,0.0,194.0,39.2,17.6,20260907_153601
2026-09-07 15:37:51.801981,754.5,0.0,194.0,39.6,17.3,20260907_153601
2026-09-07 15:37:52.002104,760.75,0.0,194.0,38.8,17.3,20260907_153601
2026-09-07 15:37:52.202226,758.5,0.0,192.2,38.8,17.3,20260907_153601
2026-09-07 15:37:52.402343,762.5,0.0,194.0,38.8,17.3,20260907_153601
2026-09-07 15:37:52.602452,764.0,0.0,194.0,39.2,17.6,20260907_153601
2026-09-07 15:37:52.802615,761.5,0.0,194.0,39.2,17.3,20260907_153601
2026-09-07 15:37:53.002733,761.5,0.0,194.0,39.2,17.3,20260907_153601
2026-09-07 15:37:53.202853,763.25,0.0,194.0,39.2,17.3,20260907_153601
2026-09-07 15:37:53.402966,757.75,0.0,194.0,38.8,17.3,20260907_153601
2026-09-07 15:37:53.603074,760.0,0.0,194.0,38.8,17.3,20260907_153601
2026-09-07 15:37:53.803190,758.5,0.0,194.0,38.8,17.3,20260907_153601
2026-09-07 15:37:54.003302,721.0,0.0,194.0,38.8,16.1,20260907_153601
2026-09-07 15:37:54.203420,714.0,0.0,194.0,35.7,16.9,20260907_153601
2026-09-07 15:37:54.403530,711.5,0.0,194.0,35.3,16.5,20260907_153601
2026-09-07 15:37:54.603637,721.75,0.0,194.0,33.3,16.5,20260907_153601
2026-09-07 15:37:54.803751,730.25,0.0,194.0,32.2,16.5,20260907_153601
2026-09-07 15:37:55.003870,738.25,0.0,194.0,31.4,16.5,20260907_153601
2026-09-07 15:37:55.203988,727.25,0.0,194.0,31.0,16.1,20260907_153601
2026-09-07 15:37:55.404116,720.25,0.0,194.0,29.0,16.5,20260907_153601
2026-09-07 15:37:55.604235,720.25,0.0,194.0,29.0,16.5,20260907_153601
2026-09-07 15:37:55.804341,712.5,0.0,194.0,29.0,16.5,20260907_153601
2026-09-07 15:37:56.004465,708.5,0.0,194.0,29.0,16.5,20260907_153601
2026-09-07 15:37:56.204587,711.5,0.0,194.0,29.0,16.5,20260907_153601
2026-09-07 15:37:56.404698,715.5,0.0,194.0,29.0,16.5,20260907_153601
2026-09-07 15:37:56.604814,710.75,0.0,194.0,28.6,16.5,20260907_153601
2026-09-07 15:37:56.804925,714.75,0.0,194.0,29.0,16.5,20260907_153601
2026-09-07 15:37:57.005035,716.25,0.0,194.0,29.0,16.5,20260907_153601
2026-09-07 15:37:57.205155,710.0,0.0,194.0,28.6,16.5,20260907_153601
2026-09-07 15:37:57.405270,714.75,0.0,194.0,28.6,16.5,20260907_153601
2026-09-07 15:37:57.605382,721.75,0.0,194.0,28.6,16.5,20260907_153601
2026-09-07 15:37:57.805499,716.25,0.0,194.0,28.6,16.5,20260907_153601
2026-09-07 15:37:58.005611,717.0,0.0,194.0,28.6,16.5,20260907_153601
2026-09-07 15:37:58.205751,710.75,0.0,194.0,28.6,16.5,20260907_153601
2026-09-07 15:37:58.405900,713.25,0.0,194.0,29.0,16.5,20260907_153601
2026-09-07 15:37:58.606009,717.0,0.0,194.0,28.6,16.5,20260907_153601
2026-09-07 15:37:58.806124,715.5,0.0,194.0,28.6,16.5,20260907_153601
2026-09-07 15:37:59.006240,718.75,0.0,194.0,46.7,16.5,20260907_153601
2026-09-07 15:37:59.206375,671.0,0.0,194.0,41.2,19.6,20260907_153601
2026-09-07 15:37:59.406511,710.75,0.0,194.0,49.4,17.6,20260907_153601
2026-09-07 15:37:59.606676,739.75,0.0,194.0,43.5,17.6,20260907_153601
2026-09-07 15:37:59.806793,762.5,0.0,194.0,41.2,17.3,20260907_153601
2026-09-07 15:38:00.006897,753.0,0.0,194.0,39.6,17.3,20260907_153601
2026-09-07 15:38:00.207031,750.75,0.0,194.0,38.8,17.3,20260907_153601
2026-09-07 15:38:00.407149,744.5,0.0,194.0,38.8,17.6,20260907_153601
2026-09-07 15:38:00.607274,749.0,0.0,194.0,39.6,17.6,20260907_153601
2026-09-07 15:38:00.807405,749.0,0.0,194.0,39.6,17.6,20260907_153601
2026-09-07 15:38:01.007513,745.25,0.0,194.0,40.4,17.6,20260907_153601
2026-09-07 15:38:01.207636,760.0,0.0,194.0,41.2,17.6,20260907_153601
2026-09-07 15:38:01.407748,757.0,0.0,194.0,41.2,17.6,20260907_153601
2026-09-07 15:38:01.607859,754.5,0.0,194.0,41.2,17.6,20260907_153601
2026-09-07 15:38:01.807966,752.25,0.0,194.0,41.6,17.6,20260907_153601
2026-09-07 15:38:02.008075,757.75,0.0,194.0,41.6,17.6,20260907_153601
2026-09-07 15:38:02.208201,760.0,0.0,194.0,41.2,17.6,20260907_153601
2026-09-07 15:38:02.408333,755.25,0.0,194.0,41.6,17.6,20260907_153601
2026-09-07 15:38:02.608448,757.0,,194.0,40.8,17.6,20260907_153601
2026-09-07 15:38:02.941013,758.5,0.0,194.0,40.8,17.6,20260907_153601
2026-09-07 15:38:03.141122,757.75,0.0,194.0,40.4,17.6,20260907_153601
2026-09-07 15:38:03.341239,757.75,0.0,194.0,39.6,17.6,20260907_153601
2026-09-07 15:38:03.541348,757.0,0.0,194.0,40.0,17.6,20260907_153601
2026-09-07 15:38:03.741464,747.5,0.0,194.0,39.6,17.6,20260907_153601
2026-09-07 15:38:03.941595,757.75,0.0,194.0,39.6,17.6,20260907_153601
2026-09-07 15:38:04.141718,761.5,0.0,194.0,39.2,17.6,20260907_153601
2026-09-07 15:38:04.341830,758.5,0.0,194.0,39.2,17.6,20260907_153601
2026-09-07 15:38:04.541955,761.5,0.0,194.0,39.2,17.6,20260907_153601
2026-09-07 15:38:04.742064,764.75,0.0,194.0,39.2,17.6,20260907_153601
2026-09-07 15:38:04.942196,758.5,0.0,194.0,39.2,17.6,20260907_153601
2026-09-07 15:38:05.142313,754.5,0.0,194.0,39.2,17.6,20260907_153601
2026-09-07 15:38:05.342427,757.75,0.0,194.0,38.8,17.6,20260907_153601
2026-09-07 15:38:05.542537,761.5,0.0,194.0,38.4,17.6,20260907_153601
2026-09-07 15:38:05.742634,758.5,0.0,194.0,38.8,17.6,20260907_153601
2026-09-07 15:38:05.942751,757.0,0.0,194.0,38.8,17.6,20260907_153601
2026-09-07 15:38:06.142871,760.0,0.0,194.0,38.8,17.6,20260907_153601
2026-09-07 15:38:06.342996,767.75,0.0,194.0,38.8,17.6,20260907_153601
2026-09-07 15:38:06.543104,762.5,0.0,194.0,38.8,17.6,20260907_153601
2026-09-07 15:38:06.743216,760.0,0.0,194.0,38.8,17.6,20260907_153601
2026-09-07 15:38:06.943328,755.25,0.0,194.0,38.8,17.6,20260907_153601
2026-09-07 15:38:07.143454,750.0,0.0,194.0,38.8,17.6,20260907_153601
2026-09-07 15:38:07.343560,753.75,0.0,194.0,39.2,17.6,20260907_153601
2026-09-07 15:38:07.543679,758.5,0.0,194.0,39.2,17.6,20260907_153601
2026-09-07 15:38:07.743799,713.25,0.0,194.0,36.1,17.3,20260907_153601
2026-09-07 15:38:07.943922,689.75,0.0,194.0,36.5,16.5,20260907_153601
2026-09-07 15:38:08.144035,721.0,0.0,194.0,33.7,16.9,20260907_153601
2026-09-07 15:38:08.344198,720.25,0.0,194.0,32.5,16.5,20260907_153601
2026-09-07 15:38:08.544282,723.25,0.0,194.0,31.4,16.9,20260907_153601
2026-09-07 15:38:08.744402,716.25,0.0,194.0,31.8,16.9,20260907_153601
2026-09-07 15:38:08.944512,721.75,0.0,194.0,31.0,16.9,20260907_153601
2026-09-07 15:38:09.146211,714.0,0.0,194.0,30.6,16.5,20260907_153601
2026-09-07 15:38:09.346318,713.25,0.0,194.0,29.8,16.5,20260907_153601
2026-09-07 15:38:09.546447,707.0,0.0,194.0,29.4,16.5,20260907_153601
2026-09-07 15:38:09.746620,710.0,0.0,194.0,29.4,16.5,20260907_153601
2026-09-07 15:38:09.946736,706.25,0.0,194.0,29.4,16.5,20260907_153601
2026-09-07 15:38:10.146862,707.0,0.0,194.0,29.4,16.5,20260907_153601
2026-09-07 15:38:10.346976,706.25,0.0,194.0,29.4,16.5,20260907_153601
2026-09-07 15:38:10.547112,704.5,0.0,194.0,29.4,16.5,20260907_153601
2026-09-07 15:38:10.747215,704.5,0.0,194.0,29.4,16.5,20260907_153601
2026-09-07 15:38:10.947332,709.25,0.0,194.0,29.4,16.5,20260907_153601
2026-09-07 15:38:11.147463,703.75,0.0,194.0,29.4,16.5,20260907_153601
2026-09-07 15:38:11.347576,710.0,0.0,194.0,29.4,16.5,20260907_153601
2026-09-07 15:38:11.547683,704.5,0.0,194.0,29.4,16.5,20260907_153601
2026-09-07 15:38:11.747793,706.25,0.0,194.0,29.0,16.5,20260907_153601
2026-09-07 15:38:11.947916,709.25,0.0,194.0,29.0,16.5,20260907_153601
2026-09-07 15:38:12.148036,707.0,0.0,194.0,29.0,16.5,20260907_153601
2026-09-07 15:38:12.348155,718.75,0.0,194.0,29.0,16.5,20260907_153601
2026-09-07 15:38:12.548267,712.5,0.0,194.0,29.0,16.5,20260907_153601
2026-09-07 15:38:12.748383,717.0,0.0,194.0,29.0,16.5,20260907_153601
2026-09-07 15:38:12.948491,721.75,0.0,194.0,29.0,16.5,20260907_153601
2026-09-07 15:38:13.148612,725.75,0.0,194.0,29.0,16.5,20260907_153601
2026-09-07 15:38:13.348720,721.75,0.0,194.0,29.0,16.5,20260907_153601
2026-09-07 15:38:13.548837,726.5,0.0,194.0,29.0,16.5,20260907_153601
2026-09-07 15:38:13.748951,728.0,0.0,194.0,29.0,16.5,20260907_153601
2026-09-07 15:38:13.949077,725.0,0.0,194.0,29.0,16.5,20260907_153601
2026-09-07 15:38:14.149195,725.0,0.0,194.0,31.4,20.8,20260907_153601
2026-09-07 15:38:14.349317,760.75,0.0,194.0,41.2,17.3,20260907_153601
2026-09-07 15:38:14.549441,739.0,0.0,194.0,38.8,17.3,20260907_153601
2026-09-07 15:38:14.749573,742.75,0.0,194.0,37.6,17.3,20260907_153601
2026-09-07 15:38:14.949690,748.25,0.0,194.0,37.3,17.3,20260907_153601
2026-09-07 15:38:15.149803,753.0,0.0,194.0,37.6,17.3,20260907_153601
2026-09-07 15:38:15.349916,745.25,0.0,194.0,37.6,17.3,20260907_153601
2026-09-07 15:38:15.550028,747.5,0.0,194.0,38.0,17.6,20260907_153601
2026-09-07 15:38:15.750145,750.0,0.0,194.0,38.8,17.6,20260907_153601
2026-09-07 15:38:15.950252,757.0,0.0,194.0,38.8,17.6,20260907_153601
2026-09-07 15:38:16.150390,753.75,0.0,194.0,39.2,17.6,20260907_153601
2026-09-07 15:38:16.350498,756.25,0.0,194.0,39.6,17.6,20260907_153601
2026-09-07 15:38:16.550695,759.25,0.0,194.0,40.4,17.6,20260907_153601
2026-09-07 15:38:16.750802,764.75,0.0,194.0,40.4,17.6,20260907_153601
2026-09-07 15:38:16.950934,757.0,0.0,194.0,40.4,17.6,20260907_153601
2026-09-07 15:38:17.151044,762.5,0.0,194.0,40.8,17.6,20260907_153601
2026-09-07 15:38:17.351155,767.0,0.0,194.0,40.8,17.6,20260907_153601
2026-09-07 15:38:17.551265,762.5,0.0,194.0,40.8,17.6,20260907_153601
2026-09-07 15:38:17.751372,764.0,0.0,194.0,41.2,17.6,20260907_153601
2026-09-07 15:38:17.951484,758.5,0.0,194.0,41.2,17.6,20260907_153601
2026-09-07 15:38:18.151605,764.75,0.0,194.0,40.8,17.6,20260907_153601
2026-09-07 15:38:18.351716,758.5,0.0,194.0,40.4,17.6,20260907_153601
2026-09-07 15:38:18.551833,760.75,0.0,194.0,39.6,17.6,20260907_153601
2026-09-07 15:38:18.751946,764.0,0.0,194.0,39.6,17.6,20260907_153601
2026-09-07 15:38:18.952066,760.0,0.0,194.0,39.2,17.6,20260907_153601
2026-09-07 15:38:19.152190,762.5,0.0,194.0,39.2,17.6,20260907_153601
2026-09-07 15:38:19.352304,767.0,0.0,194.0,39.2,17.6,20260907_153601
2026-09-07 15:38:19.552416,767.75,0.0,194.0,38.8,17.6,20260907_153601
2026-09-07 15:38:19.752531,761.5,0.0,194.0,39.2,17.6,20260907_153601
2026-09-07 15:38:19.952635,760.75,0.0,194.0,38.8,17.6,20260907_153601
2026-09-07 15:38:20.152750,764.75,0.0,194.0,38.4,17.6,20260907_153601
2026-09-07 15:38:20.353135,764.0,0.0,192.2,38.4,17.6,20260907_153601
2026-09-07 15:38:20.553257,764.75,0.0,194.0,38.0,17.6,20260907_153601
2026-09-07 15:38:20.753382,760.75,0.0,192.2,38.4,17.6,20260907_153601
2026-09-07 15:38:20.953530,762.5,0.0,192.2,38.4,17.6,20260907_153601
2026-09-07 15:38:21.153643,764.0,0.0,192.2,38.4,17.6,20260907_153601
2026-09-07 15:38:21.353758,761.5,0.0,194.0,38.0,17.6,20260907_153601
2026-09-07 15:38:21.553873,766.25,0.0,194.0,38.0,17.6,20260907_153601
2026-09-07 15:38:21.753978,767.0,0.0,192.2,38.0,17.6,20260907_153601
2026-09-07 15:38:21.954096,760.75,0.0,192.2,38.4,17.6,20260907_153601
2026-09-07 15:38:22.154204,763.25,0.0,192.2,38.4,17.6,20260907_153601
2026-09-07 15:38:22.354340,761.5,0.0,192.2,38.4,17.6,20260907_153601
2026-09-07 15:38:22.554447,762.5,0.0,192.2,38.4,17.6,20260907_153601
2026-09-07 15:38:22.754649,763.25,0.0,192.2,38.4,17.6,20260907_153601
2026-09-07 15:38:22.954752,757.0,0.0,192.2,38.4,17.6,20260907_153601
2026-09-07 15:38:23.154875,718.75,0.0,192.2,35.3,17.3,20260907_153601
2026-09-07 15:38:23.354991,692.0,0.0,192.2,35.7,16.1,20260907_153601
2026-09-07 15:38:23.555103,733.5,0.0,192.2,32.9,16.9,20260907_153601
2026-09-07 15:38:23.755230,733.5,0.0,192.2,32.5,16.5,20260907_153601
2026-09-07 15:38:23.955361,732.75,0.0,192.2,31.0,16.9,20260907_153601
2026-09-07 15:38:24.155516,728.0,0.0,192.2,31.0,16.5,20260907_153601
2026-09-07 15:38:24.355622,729.5,0.0,192.2,30.6,16.5,20260907_153601
2026-09-07 15:38:24.555737,718.75,0.0,192.2,30.2,16.5,20260907_153601
2026-09-07 15:38:24.755862,717.75,0.0,192.2,29.4,16.5,20260907_153601
2026-09-07 15:38:24.955988,721.0,0.0,192.2,28.6,16.5,20260907_153601
2026-09-07 15:38:25.156104,717.75,0.0,192.2,28.6,16.5,20260907_153601
2026-09-07 15:38:25.356234,716.25,0.0,192.2,29.0,16.5,20260907_153601
2026-09-07 15:38:25.556341,714.75,0.0,192.2,29.0,16.5,20260907_153601
2026-09-07 15:38:25.756467,753.75,0.0,192.2,42.0,22.0,20260907_153601
2026-09-07 15:38:25.956582,1102.25,0.0,192.2,37.3,20.4,20260907_153601
2026-09-07 15:38:26.156702,1327.25,0.6,192.2,28.2,22.0,20260907_153601
2026-09-07 15:38:26.356815,1396.0,1.2,192.2,26.3,21.6,20260907_153601
2026-09-07 15:38:26.556929,1403.75,1.9,192.2,24.7,22.0,20260907_153601
2026-09-07 15:38:26.757043,1419.5,2.5,192.2,25.9,22.4,20260907_153601
2026-09-07 15:38:26.957158,1450.0,3.1,192.2,25.5,22.7,20260907_153601
2026-09-07 15:38:27.157283,1469.5,3.7,192.2,25.1,23.1,20260907_153601
2026-09-07 15:38:27.357394,1502.25,4.3,192.2,24.7,23.1,20260907_153601
2026-09-07 15:38:27.557509,1517.75,5.0,192.2,24.3,23.5,20260907_153601
2026-09-07 15:38:27.757634,1546.75,5.6,192.2,24.7,23.9,20260907_153601
2026-09-07 15:38:27.957756,1596.0,6.2,192.2,24.3,24.3,20260907_153601
2026-09-07 15:38:28.157874,1649.0,6.8,192.2,23.5,25.1,20260907_153601
2026-09-07 15:38:28.358000,1726.5,7.5,192.2,23.9,26.3,20260907_153601
2026-09-07 15:38:28.558123,1808.5,8.1,192.2,25.5,26.3,20260907_153601
2026-09-07 15:38:28.758246,1848.25,,192.2,25.9,26.7,20260907_153601
2026-09-07 15:38:29.095437,1962.5,9.3,192.2,25.9,26.7,20260907_153601
2026-09-07 15:38:29.295574,2012.5,9.9,192.2,24.3,25.9,20260907_153601
2026-09-07 15:38:29.495724,2053.75,10.6,192.2,25.5,26.3,20260907_153601
2026-09-07 15:38:29.695854,2053.75,10.6,192.2,24.3,26.3,20260907_153601
2026-09-07 15:38:29.895982,1862.5,11.2,192.2,24.3,25.5,20260907_153601
2026-09-07 15:38:30.096113,1667.75,11.2,192.2,24.3,24.3,20260907_153601
2026-09-07 15:38:30.296234,1498.25,11.8,192.2,28.2,23.9,20260907_153601
2026-09-07 15:38:30.496353,1424.0,11.8,192.2,32.5,24.3,20260907_153601
2026-09-07 15:38:30.696460,1456.25,12.4,192.2,32.2,23.9,20260907_153601
2026-09-07 15:38:30.896587,1454.5,12.4,190.4,31.4,23.9,20260907_153601
2026-09-07 15:38:31.096721,1496.75,13.0,190.4,29.8,23.9,20260907_153601
2026-09-07 15:38:31.296832,1535.75,13.0,190.4,27.8,24.3,20260907_153601
2026-09-07 15:38:31.496959,1584.25,13.7,190.4,26.7,24.3,20260907_153601
2026-09-07 15:38:31.697073,1627.25,14.3,190.4,25.5,24.3,20260907_153601
2026-09-07 15:38:31.897188,1666.25,14.3,190.4,24.7,24.7,20260907_153601
2026-09-07 15:38:32.097302,1709.25,14.9,190.4,24.7,26.7,20260907_153601
2026-09-07 15:38:32.297407,1775.0,14.9,190.4,29.8,30.6,20260907_153601
2026-09-07 15:38:32.497540,1821.0,15.5,190.4,32.9,30.2,20260907_153601
2026-09-07 15:38:32.697649,1851.5,16.2,190.4,33.7,30.2,20260907_153601
2026-09-07 15:38:32.897780,1917.75,16.2,190.4,36.5,33.7,20260907_153601
2026-09-07 15:38:33.097894,2145.25,16.8,190.4,40.4,34.9,20260907_153601
2026-09-07 15:38:33.298015,2310.75,17.4,190.4,40.0,34.9,20260907_153601
2026-09-07 15:38:33.498142,2371.75,18.0,190.4,40.0,34.5,20260907_153601
2026-09-07 15:38:33.698249,2420.25,18.6,190.4,40.0,34.9,20260907_153601
2026-09-07 15:38:33.898405,2482.75,19.3,190.4,40.0,34.5,20260907_153601
2026-09-07 15:38:34.098523,2528.75,19.9,190.4,39.2,34.1,20260907_153601
2026-09-07 15:38:34.298674,2584.25,19.9,190.4,40.0,33.7,20260907_153601
2026-09-07 15:38:34.498834,2629.5,20.5,190.4,40.4,35.7,20260907_153601
2026-09-07 15:38:34.698951,2591.25,21.1,190.4,40.0,34.5,20260907_153601
2026-09-07 15:38:34.899060,2252.25,21.1,190.4,39.6,32.5,20260907_153601
2026-09-07 15:38:35.099178,2103.75,21.7,190.4,38.8,32.5,20260907_153601
2026-09-07 15:38:35.299278,2196.75,21.7,190.4,38.4,31.4,20260907_153601
2026-09-07 15:38:35.499388,2195.25,22.4,188.6,37.6,32.2,20260907_153601
2026-09-07 15:38:35.699508,2214.0,23.0,188.6,38.4,32.2,20260907_153601
2026-09-07 15:38:35.899615,2222.5,23.6,188.6,38.0,32.5,20260907_153601
2026-09-07 15:38:36.099728,2248.25,23.6,188.6,39.2,32.2,20260907_153601
2026-09-07 15:38:36.299843,2269.5,24.2,188.6,38.8,32.9,20260907_153601
2026-09-07 15:38:36.499956,2196.75,24.2,188.6,38.8,35.3,20260907_153601
2026-09-07 15:38:36.700066,2189.0,24.9,188.6,39.6,34.1,20260907_153601
2026-09-07 15:38:36.900189,2174.0,25.5,188.6,39.2,33.7,20260907_153601
2026-09-07 15:38:37.100298,2206.25,25.5,188.6,39.2,33.3,20260907_153601
2026-09-07 15:38:37.300417,2168.75,26.1,188.6,33.3,26.7,20260907_153601
2026-09-07 15:38:37.500555,2125.0,26.1,188.6,22.4,23.5,20260907_153601
2026-09-07 15:38:37.700678,2135.0,26.1,188.6,18.8,23.1,20260907_153601
2026-09-07 15:38:37.900802,2022.5,26.1,188.6,18.0,22.7,20260907_153601
2026-09-07 15:38:38.100913,1864.0,26.1,188.6,18.4,22.7,20260907_153601
2026-09-07 15:38:38.301028,1780.25,26.1,188.6,18.8,22.7,20260907_153601
2026-09-07 15:38:38.501145,1707.75,26.7,188.6,16.9,21.2,20260907_153601
2026-09-07 15:38:38.701275,1626.5,26.7,188.6,16.1,19.6,20260907_153601
2026-09-07 15:38:38.901381,1619.5,26.7,188.6,13.7,20.0,20260907_153601
2026-09-07 15:38:39.101509,1649.0,26.7,188.6,14.9,21.2,20260907_153601
2026-09-07 15:38:39.301640,1648.25,26.7,188.6,16.9,21.6,20260907_153601
2026-09-07 15:38:39.501758,1616.25,26.7,188.6,18.4,22.4,20260907_153601
2026-09-07 15:38:39.701878,1616.25,26.7,188.6,20.8,23.5,20260907_153601
2026-09-07 15:38:39.902054,1650.75,26.7,188.6,24.3,25.1,20260907_153601
2026-09-07 15:38:40.102206,1678.0,26.7,188.6,24.3,25.1,20260907_153601
2026-09-07 15:38:40.302336,1677.25,27.3,188.6,24.3,25.1,20260907_153601
2026-09-07 15:38:40.502682,1688.25,27.3,188.6,24.3,24.7,20260907_153601
2026-09-07 15:38:40.702815,1696.75,27.3,188.6,24.3,25.1,20260907_153601
2026-09-07 15:38:40.903088,1704.5,27.3,188.6,24.3,25.9,20260907_153601
2026-09-07 15:38:41.103292,1723.25,28.0,188.6,25.5,25.9,20260907_153601
2026-09-07 15:38:41.303451,1715.5,28.0,188.6,25.9,25.9,20260907_153601
2026-09-07 15:38:41.503629,1743.75,28.0,188.6,27.1,26.7,20260907_153601
2026-09-07 15:38:41.704649,1739.75,28.0,188.6,27.1,26.7,20260907_153601
2026-09-07 15:38:41.904732,1750.0,28.6,188.6,27.8,26.7,20260907_153601
2026-09-07 15:38:42.104840,1760.0,28.6,188.6,27.5,26.7,20260907_153601
2026-09-07 15:38:42.304941,1766.25,28.6,188.6,27.5,26.3,20260907_153601
2026-09-07 15:38:42.505072,1767.0,29.2,188.6,26.7,26.3,20260907_153601
2026-09-07 15:38:42.705252,1782.0,29.2,188.6,27.1,26.3,20260907_153601
2026-09-07 15:38:42.905360,1782.75,29.2,188.6,27.1,26.3,20260907_153601
2026-09-07 15:38:43.105484,1694.5,29.2,188.6,27.1,25.9,20260907_153601
2026-09-07 15:38:43.305597,1551.5,29.2,188.6,29.4,24.3,20260907_153601
2026-09-07 15:38:43.505707,1507.75,29.2,188.6,29.0,23.9,20260907_153601
2026-09-07 15:38:43.705853,1517.75,29.2,190.4,27.5,24.3,20260907_153601
2026-09-07 15:38:43.905973,1532.0,29.2,188.6,27.8,24.3,20260907_153601
2026-09-07 15:38:44.106109,1531.25,29.8,188.6,27.5,24.3,20260907_153601
2026-09-07 15:38:44.306217,1536.5,29.8,188.6,27.5,24.7,20260907_153601
2026-09-07 15:38:44.506320,1546.0,29.8,188.6,27.5,24.3,20260907_153601
2026-09-07 15:38:44.706471,1553.75,29.8,188.6,27.5,24.3,20260907_153601
2026-09-07 15:38:44.906657,1545.25,29.8,188.6,27.5,24.7,20260907_153601
2026-09-07 15:38:45.106760,1555.25,29.8,188.6,26.7,24.3,20260907_153601
2026-09-07 15:38:45.306868,1564.0,29.8,188.6,27.1,24.7,20260907_153601
2026-09-07 15:38:45.506993,1557.0,29.8,188.6,27.1,24.7,20260907_153601
2026-09-07 15:38:45.707256,1564.0,29.8,190.4,26.3,24.7,20260907_153601
2026-09-07 15:38:45.907357,1571.0,30.4,188.6,26.3,23.5,20260907_153601
2026-09-07 15:38:46.107481,1566.25,30.4,188.6,25.1,23.9,20260907_153601
2026-09-07 15:38:46.307597,1560.0,30.4,188.6,22.7,20.4,20260907_153601
2026-09-07 15:38:46.507701,1547.5,30.4,190.4,16.5,16.1,20260907_153601
2026-09-07 15:38:46.707832,1540.5,30.4,190.4,8.6,16.9,20260907_153601
2026-09-07 15:38:46.907935,1510.0,29.8,190.4,7.8,16.9,20260907_153601
2026-09-07 15:38:47.108065,1511.5,29.8,190.4,7.5,16.9,20260907_153601
2026-09-07 15:38:47.308219,1510.75,29.8,190.4,7.5,16.9,20260907_153601
2026-09-07 15:38:47.508340,1497.5,29.2,190.4,7.5,16.9,20260907_153601
2026-09-07 15:38:47.708489,1487.5,29.2,190.4,7.5,16.9,20260907_153601
2026-09-07 15:38:47.908634,1474.0,29.2,190.4,7.5,16.9,20260907_153601
2026-09-07 15:38:48.108747,1459.25,28.6,190.4,7.5,16.9,20260907_153601
2026-09-07 15:38:48.308860,1448.25,28.6,190.4,7.8,16.9,20260907_153601
2026-09-07 15:38:48.508969,1437.5,28.6,190.4,8.2,17.6,20260907_153601
2026-09-07 15:38:48.709090,1423.25,28.0,190.4,9.4,17.3,20260907_153601
2026-09-07 15:38:48.909199,1407.75,28.0,190.4,9.8,17.3,20260907_153601
2026-09-07 15:38:49.109333,1389.0,27.3,190.4,10.2,17.3,20260907_153601
2026-09-07 15:38:49.309445,1372.5,27.3,190.4,10.2,17.3,20260907_153601
2026-09-07 15:38:49.509561,1354.5,26.7,190.4,10.2,17.3,20260907_153601
2026-09-07 15:38:49.709727,1334.25,26.7,190.4,10.6,17.3,20260907_153601
2026-09-07 15:38:49.909840,1322.5,26.1,190.4,10.6,17.3,20260907_153601
2026-09-07 15:38:50.109973,1314.0,26.1,190.4,10.6,17.3,20260907_153601
2026-09-07 15:38:50.310088,1300.75,26.1,190.4,10.6,17.3,20260907_153601
2026-09-07 15:38:50.510206,1287.5,25.5,190.4,11.0,17.3,20260907_153601
2026-09-07 15:38:50.710325,1278.75,25.5,190.4,11.0,16.9,20260907_153601
2026-09-07 15:38:50.910452,1259.25,24.9,190.4,11.0,16.9,20260907_153601
2026-09-07 15:38:51.110640,1246.0,24.9,190.4,11.0,16.9,20260907_153601
2026-09-07 15:38:51.310753,1235.75,24.2,190.4,11.4,16.9,20260907_153601
2026-09-07 15:38:51.510866,1218.75,24.2,190.4,11.4,16.9,20260907_153601
2026-09-07 15:38:51.710985,1201.5,23.6,190.4,11.4,16.9,20260907_153601
2026-09-07 15:38:51.911099,1184.25,23.6,190.4,11.8,17.3,20260907_153601
2026-09-07 15:38:52.111225,1168.75,23.0,190.4,12.5,17.3,20260907_153601
2026-09-07 15:38:52.311345,1141.25,22.4,190.4,13.3,17.3,20260907_153601
2026-09-07 15:38:52.511475,1169.5,21.7,190.4,13.7,17.3,20260907_153601
2026-09-07 15:38:52.711603,1248.25,21.1,190.4,11.8,16.9,20260907_153601
2026-09-07 15:38:52.911744,,19.9,190.4,11.4,16.9,20260907_153601
2026-09-07 15:38:53.250199,1203.75,19.9,190.4,11.4,16.9,20260907_153601
2026-09-07 15:38:53.450339,1168.75,19.3,190.4,12.2,17.3,20260907_153601
2026-09-07 15:38:53.650472,1120.25,18.6,190.4,13.3,17.3,20260907_153601
2026-09-07 15:38:53.850640,1083.5,18.0,190.4,15.7,17.3,20260907_153601
2026-09-07 15:38:54.050746,1113.25,17.4,190.4,16.1,17.3,20260907_153601
2026-09-07 15:38:54.250868,1174.0,16.2,190.4,14.1,16.9,20260907_153601
2026-09-07 15:38:54.450987,1214.0,15.5,190.4,12.2,16.9,20260907_153601
2026-09-07 15:38:54.651113,1173.25,14.9,190.4,11.8,16.9,20260907_153601
2026-09-07 15:38:54.851232,1132.75,14.3,190.4,12.2,16.9,20260907_153601
2026-09-07 15:38:55.051362,1074.0,13.7,190.4,13.3,16.5,20260907_153601
2026-09-07 15:38:55.251486,1007.75,13.0,190.4,14.1,16.5,20260907_153601
2026-09-07 15:38:55.451595,942.75,11.8,190.4,16.1,16.1,20260907_153601
2026-09-07 15:38:55.651715,874.0,11.2,190.4,18.4,16.5,20260907_153601
2026-09-07 15:38:55.851819,826.5,10.6,190.4,22.0,16.5,20260907_153601
2026-09-07 15:38:56.051934,810.75,9.3,190.4,24.7,16.5,20260907_153601
2026-09-07 15:38:56.252061,832.75,8.7,190.4,23.9,16.5,20260907_153601
2026-09-07 15:38:56.452181,790.5,8.1,190.4,25.5,16.5,20260907_153601
2026-09-07 15:38:56.652297,757.75,7.5,190.4,26.3,16.9,20260907_153601
2026-09-07 15:38:56.852407,753.0,6.8,190.4,27.8,16.5,20260907_153601
2026-09-07 15:38:57.052513,776.5,6.2,190.4,27.5,16.5,20260907_153601
2026-09-07 15:38:57.252632,823.25,5.6,190.4,26.3,16.9,20260907_153601
2026-09-07 15:38:57.452742,784.25,5.0,190.4,27.5,16.5,20260907_153601
2026-09-07 15:38:57.652854,756.25,5.0,190.4,26.3,16.5,20260907_153601
2026-09-07 15:38:57.852970,735.75,4.3,190.4,27.1,16.5,20260907_153601
2026-09-07 15:38:58.053085,736.5,4.3,190.4,27.8,16.5,20260907_153601
2026-09-07 15:38:58.253210,750.0,4.3,190.4,31.0,18.0,20260907_153601
2026-09-07 15:38:58.453329,855.25,4.3,190.4,44.7,20.0,20260907_153601
2026-09-07 15:38:58.653433,1208.5,4.3,190.4,36.5,21.6,20260907_153601
2026-09-07 15:38:58.853568,1411.5,4.3,190.4,28.2,22.0,20260907_153601
2026-09-07 15:38:59.053672,1452.25,5.0,190.4,24.7,22.0,20260907_153601
2026-09-07 15:38:59.253795,1460.0,5.0,190.4,24.3,22.0,20260907_153601
2026-09-07 15:38:59.453902,1461.5,5.6,190.4,24.3,21.6,20260907_153601
2026-09-07 15:38:59.654006,1444.5,5.6,190.4,23.9,21.2,20260907_153601
2026-09-07 15:38:59.854136,1428.0,5.6,190.4,23.9,21.2,20260907_153601
2026-09-07 15:39:00.054245,1425.0,6.2,190.4,24.3,22.0,20260907_153601
2026-09-07 15:39:00.254373,1444.5,6.2,190.4,25.5,21.6,20260907_153601
2026-09-07 15:39:00.454513,1454.5,6.8,190.4,24.3,21.6,20260907_153601
2026-09-07 15:39:00.654719,1455.25,6.8,192.2,23.9,21.6,20260907_153601
2026-09-07 15:39:00.854846,1439.0,6.8,192.2,24.7,22.7,20260907_153601
2026-09-07 15:39:01.054966,1505.25,7.5,192.2,26.3,23.5,20260907_153601
2026-09-07 15:39:01.255083,1575.0,8.1,192.2,25.1,24.3,20260907_153601
2026-09-07 15:39:01.455198,1635.0,8.1,192.2,24.7,24.7,20260907_153601
2026-09-07 15:39:01.655310,1678.0,8.7,192.2,25.9,26.3,20260907_153601
2026-09-07 15:39:01.855439,1781.25,9.3,192.2,28.6,27.8,20260907_153601
2026-09-07 15:39:02.055556,1849.0,9.9,192.2,30.2,27.8,20260907_153601
2026-09-07 15:39:02.255681,1865.5,10.6,192.2,32.2,29.4,20260907_153601
2026-09-07 15:39:02.455792,1945.25,11.2,192.2,33.3,30.2,20260907_153601
2026-09-07 15:39:02.655900,1977.25,12.4,192.2,32.9,30.2,20260907_153601
2026-09-07 15:39:02.856003,2034.25,13.0,192.2,34.5,30.6,20260907_153601
2026-09-07 15:39:03.056115,2041.25,13.7,192.2,35.3,29.4,20260907_153601
2026-09-07 15:39:03.256240,2078.75,14.3,192.2,33.7,29.4,20260907_153601
2026-09-07 15:39:03.456350,2143.75,14.9,192.2,35.3,29.8,20260907_153601
2026-09-07 15:39:03.656472,2171.0,15.5,192.2,36.1,29.4,20260907_153601
2026-09-07 15:39:03.856581,2144.5,16.2,192.2,35.3,30.2,20260907_153601
2026-09-07 15:39:04.056699,2067.0,17.4,192.2,33.3,27.8,20260907_153601
2026-09-07 15:39:04.256838,2110.75,17.4,192.2,29.4,27.1,20260907_153601
2026-09-07 15:39:04.456962,2182.75,18.0,192.2,26.7,24.7,20260907_153601
2026-09-07 15:39:04.657100,2160.0,18.6,192.2,21.6,23.9,20260907_153601
2026-09-07 15:39:04.857221,1917.75,18.6,192.2,20.0,23.1,20260907_153601
2026-09-07 15:39:05.057344,1685.0,18.6,192.2,20.0,21.6,20260907_153601
2026-09-07 15:39:05.257476,1589.0,19.3,192.2,20.0,20.8,20260907_153601
2026-09-07 15:39:05.457590,1545.25,19.3,192.2,19.6,20.0,20260907_153601
2026-09-07 15:39:05.657704,1530.25,19.3,190.4,16.5,16.1,20260907_153601
2026-09-07 15:39:05.857832,1520.25,19.9,190.4,7.8,16.9,20260907_153601
2026-09-07 15:39:06.057937,1551.5,19.9,190.4,7.8,16.9,20260907_153601
2026-09-07 15:39:06.258056,1507.0,19.3,190.4,7.8,16.9,20260907_153601
2026-09-07 15:39:06.458167,1492.75,19.3,190.4,7.8,16.9,20260907_153601
2026-09-07 15:39:06.658269,1461.5,18.6,190.4,7.8,16.9,20260907_153601
2026-09-07 15:39:06.858376,1425.75,18.0,190.4,8.2,16.9,20260907_153601
2026-09-07 15:39:07.058491,1394.5,18.0,190.4,8.2,16.5,20260907_153601
2026-09-07 15:39:07.258655,1367.0,17.4,190.4,8.2,16.5,20260907_153601
2026-09-07 15:39:07.458770,1341.25,17.4,190.4,8.2,16.5,20260907_153601
2026-09-07 15:39:07.658870,1320.25,16.8,190.4,9.0,17.3,20260907_153601
2026-09-07 15:39:07.858986,1298.25,16.8,190.4,10.2,16.9,20260907_153601
2026-09-07 15:39:08.059096,1278.75,16.2,188.6,10.6,17.3,20260907_153601
2026-09-07 15:39:08.259216,1265.5,16.2,188.6,11.0,16.9,20260907_153601
2026-09-07 15:39:08.459328,1253.0,16.2,188.6,11.0,16.9,20260907_153601
2026-09-07 15:39:08.659449,1242.0,16.2,188.6,11.4,16.9,20260907_153601
2026-09-07 15:39:08.859573,1237.5,15.5,188.6,11.4,16.9,20260907_153601
2026-09-07 15:39:09.059684,1267.75,16.2,188.6,10.2,17.3,20260907_153601
2026-09-07 15:39:09.259805,1264.75,15.5,188.6,11.4,18.8,20260907_153601
2026-09-07 15:39:09.459918,1257.0,15.5,188.6,15.7,20.4,20260907_153601
2026-09-07 15:39:09.660024,1284.25,15.5,188.6,23.9,23.9,20260907_153601
2026-09-07 15:39:09.860136,1386.5,16.8,188.6,34.9,25.9,20260907_153601
2026-09-07 15:39:10.060246,1379.5,16.8,188.6,39.6,23.1,20260907_153601
2026-09-07 15:39:10.260388,1331.25,16.8,188.6,36.1,23.9,20260907_153601
2026-09-07 15:39:10.460500,1409.25,17.4,188.6,38.8,25.1,20260907_153601
2026-09-07 15:39:10.660615,1425.0,18.0,188.6,39.6,25.5,20260907_153601
2026-09-07 15:39:10.860739,1430.25,18.0,188.6,39.2,25.1,20260907_153601
2026-09-07 15:39:11.060851,1467.0,18.6,188.6,36.9,24.7,20260907_153601
2026-09-07 15:39:11.260995,1496.75,18.6,188.6,34.9,24.3,20260907_153601
2026-09-07 15:39:11.461121,1520.25,19.3,188.6,32.2,22.4,20260907_153601
2026-09-07 15:39:11.661254,1535.0,19.3,188.6,27.1,22.0,20260907_153601
2026-09-07 15:39:11.861392,1536.5,19.9,188.6,21.6,20.4,20260907_153601
2026-09-07 15:39:12.061497,1563.25,19.9,188.6,19.2,18.8,20260907_153601
2026-09-07 15:39:12.261618,1570.25,19.9,188.6,16.9,20.0,20260907_153601
2026-09-07 15:39:12.461740,1588.25,19.9,188.6,16.5,20.4,20260907_153601
2026-09-07 15:39:12.661861,1606.25,19.9,188.6,16.1,20.4,20260907_153601
2026-09-07 15:39:12.861972,1618.75,20.5,188.6,15.7,20.4,20260907_153601
2026-09-07 15:39:13.062094,1625.0,20.5,188.6,15.3,18.4,20260907_153601
2026-09-07 15:39:13.262240,1592.75,20.5,188.6,10.6,18.4,20260907_153601
2026-09-07 15:39:13.462374,1583.5,20.5,188.6,10.6,18.0,20260907_153601
2026-09-07 15:39:13.662491,1597.5,20.5,188.6,9.4,18.0,20260907_153601
2026-09-07 15:39:13.862619,1543.75,19.9,188.6,8.6,16.5,20260907_153601
2026-09-07 15:39:14.062750,1528.0,19.3,188.6,7.5,16.9,20260907_153601
2026-09-07 15:39:14.262870,1493.75,19.3,188.6,7.5,16.9,20260907_153601
2026-09-07 15:39:14.462981,1457.75,18.6,188.6,7.8,16.9,20260907_153601
2026-09-07 15:39:14.663084,1424.0,18.0,188.6,7.8,16.9,20260907_153601
2026-09-07 15:39:14.863205,1394.5,18.0,188.6,8.2,16.5,20260907_153601
2026-09-07 15:39:15.063328,1364.75,17.4,188.6,8.2,17.3,20260907_153601
2026-09-07 15:39:15.263450,1351.5,17.4,188.6,9.8,17.3,20260907_153601
2026-09-07 15:39:15.463590,1336.5,17.4,188.6,10.2,17.3,20260907_153601
2026-09-07 15:39:15.663697,1312.5,16.8,188.6,10.6,17.3,20260907_153601
2026-09-07 15:39:15.863814,1286.5,16.2,188.6,11.0,16.9,20260907_153601
2026-09-07 15:39:16.063928,1255.25,16.2,188.6,11.0,16.9,20260907_153601
2026-09-07 15:39:16.264067,1224.0,15.5,188.6,11.4,16.9,20260907_153601
2026-09-07 15:39:16.464155,1192.0,15.5,188.6,11.4,16.9,20260907_153601
2026-09-07 15:39:16.664266,1161.5,14.9,188.6,11.8,16.9,20260907_153601
2026-09-07 15:39:16.864379,1144.5,14.3,188.6,12.2,16.9,20260907_153601
2026-09-07 15:39:17.064500,1099.0,14.3,188.6,12.9,16.5,20260907_153601
2026-09-07 15:39:17.264634,1068.75,13.7,188.6,13.3,16.5,20260907_153601
2026-09-07 15:39:17.464764,1035.75,13.0,188.6,14.1,16.5,20260907_153601
2026-09-07 15:39:17.664876,1006.25,13.0,188.6,14.5,16.5,20260907_153601
2026-09-07 15:39:17.865076,975.75,12.4,188.6,15.3,16.1,20260907_153601
2026-09-07 15:39:18.065186,947.5,12.4,188.6,16.1,16.1,20260907_153601
2026-09-07 15:39:18.265311,915.5,11.8,188.6,16.9,16.1,20260907_153601
2026-09-07 15:39:18.465431,889.75,11.8,188.6,18.0,16.5,20260907_153601
2026-09-07 15:39:18.665541,889.75,11.2,188.6,18.8,16.5,20260907_153601
2026-09-07 15:39:18.865656,898.25,11.2,188.6,18.8,16.5,20260907_153601
2026-09-07 15:39:19.065783,935.75,10.6,188.6,17.3,16.5,20260907_153601
2026-09-07 15:39:19.265907,929.5,10.6,188.6,17.3,16.5,20260907_153601
2026-09-07 15:39:19.466022,906.25,10.6,188.6,18.0,16.5,20260907_153601
2026-09-07 15:39:19.666145,891.25,9.9,188.6,18.8,16.5,20260907_153601
2026-09-07 15:39:19.866252,865.5,9.3,188.6,19.2,16.5,20260907_153601
2026-09-07 15:39:20.066365,834.25,9.3,190.4,20.4,16.5,20260907_153601
2026-09-07 15:39:20.266489,800.75,8.7,190.4,23.1,16.5,20260907_153601
2026-09-07 15:39:20.466653,777.25,8.1,190.4,24.7,16.5,20260907_153601
2026-09-07 15:39:20.666765,753.75,7.5,190.4,26.3,16.5,20260907_153601
2026-09-07 15:39:20.866888,750.75,6.8,190.4,27.5,16.5,20260907_153601
2026-09-07 15:39:21.066989,736.5,6.2,190.4,27.5,16.5,20260907_153601
2026-09-07 15:39:21.267115,742.75,5.6,190.4,27.8,16.5,20260907_153601
2026-09-07 15:39:21.467253,753.75,5.0,190.4,27.8,16.5,20260907_153601
2026-09-07 15:39:21.667364,753.0,4.3,190.4,27.8,16.5,20260907_153601
2026-09-07 15:39:21.867491,741.25,4.3,190.4,27.8,16.5,20260907_153601
2026-09-07 15:39:22.067603,735.75,3.7,190.4,28.2,16.5,20260907_153601
2026-09-07 15:39:22.267724,729.5,3.7,190.4,28.2,16.5,20260907_153601
2026-09-07 15:39:22.467835,729.5,3.1,190.4,27.8,16.5,20260907_153601
2026-09-07 15:39:22.667945,735.75,3.1,190.4,27.8,16.5,20260907_153601
2026-09-07 15:39:22.868051,742.0,3.1,190.4,27.8,16.9,20260907_153601
2026-09-07 15:39:23.068161,774.0,3.1,190.4,,22.4,20260907_153601
2026-09-07 15:39:23.397296,1113.25,3.7,190.4,32.5,22.4,20260907_153601
2026-09-07 15:39:23.597410,1376.5,4.3,190.4,34.9,23.9,20260907_153601
2026-09-07 15:39:23.797527,1584.25,4.3,190.4,28.2,23.9,20260907_153601
2026-09-07 15:39:23.997637,1629.5,5.0,190.4,24.3,24.3,20260907_153601
2026-09-07 15:39:24.197756,1658.5,5.6,190.4,24.3,23.9,20260907_153601
2026-09-07 15:39:24.397872,1646.75,6.2,190.4,23.1,23.5,20260907_153601
2026-09-07 15:39:24.597986,1612.5,6.8,190.4,22.7,23.9,20260907_153601
2026-09-07 15:39:24.798113,1621.75,7.5,190.4,23.5,24.3,20260907_153601
2026-09-07 15:39:24.998235,1639.75,8.1,190.4,25.1,25.1,20260907_153601
2026-09-07 15:39:25.198365,1681.25,8.7,190.4,25.1,25.5,20260907_153601
2026-09-07 15:39:25.398483,1728.75,9.3,190.4,26.7,26.7,20260907_153601
2026-09-07 15:39:25.598645,1787.5,9.9,190.4,27.5,27.1,20260907_153601
2026-09-07 15:39:25.798761,1806.25,10.6,190.4,27.5,27.1,20260907_153601
2026-09-07 15:39:25.998880,1835.75,11.2,190.4,28.2,27.8,20260907_153601
2026-09-07 15:39:26.199004,1885.75,11.8,190.4,29.4,27.8,20260907_153601
2026-09-07 15:39:26.399111,1907.0,12.4,190.4,29.4,28.2,20260907_153601
2026-09-07 15:39:26.599238,1941.25,13.0,190.4,29.8,28.2,20260907_153601
2026-09-07 15:39:26.799353,1964.75,13.7,190.4,30.6,27.8,20260907_153601
2026-09-07 15:39:26.999471,1966.25,14.3,190.4,29.8,28.2,20260907_153601
2026-09-07 15:39:27.199588,2020.25,14.9,190.4,31.0,28.6,20260907_153601
2026-09-07 15:39:27.399692,2022.5,15.5,190.4,30.2,28.6,20260907_153601
2026-09-07 15:39:27.599824,2010.75,16.2,190.4,30.2,27.1,20260907_153601
2026-09-07 15:39:27.799979,1975.75,16.8,190.4,28.6,26.3,20260907_153601
2026-09-07 15:39:28.000090,2023.25,16.8,190.4,26.3,25.1,20260907_153601
2026-09-07 15:39:28.200208,2041.25,17.4,190.4,23.1,24.7,20260907_153601
2026-09-07 15:39:28.400319,2102.25,17.4,190.4,21.6,24.7,20260907_153601
2026-09-07 15:39:28.600427,2081.25,18.0,190.4,20.8,24.3,20260907_153601
2026-09-07 15:39:28.800542,1843.75,18.0,190.4,20.4,23.5,20260907_153601
2026-09-07 15:39:29.000682,1582.75,18.6,190.4,23.1,22.7,20260907_153601
2026-09-07 15:39:29.200807,1540.5,18.6,190.4,25.5,23.1,20260907_153601
2026-09-07 15:39:29.400919,1522.5,19.3,190.4,26.3,23.1,20260907_153601
2026-09-07 15:39:29.601020,1535.75,19.3,190.4,25.9,23.1,20260907_153601
2026-09-07 15:39:29.801137,1549.0,19.3,190.4,23.9,22.4,20260907_153601
2026-09-07 15:39:30.001245,1564.75,19.9,190.4,22.0,22.4,20260907_153601
2026-09-07 15:39:30.201375,1602.25,19.9,190.4,20.8,21.2,20260907_153601
2026-09-07 15:39:30.401491,1590.5,19.9,190.4,18.4,20.8,20260907_153601
2026-09-07 15:39:30.601598,1621.0,20.5,190.4,17.6,20.8,20260907_153601
2026-09-07 15:39:30.801713,1645.25,20.5,190.4,16.9,20.8,20260907_153601
2026-09-07 15:39:31.001827,1638.25,20.5,190.4,16.9,20.8,20260907_153601
2026-09-07 15:39:31.201971,1646.75,21.1,190.4,16.5,20.8,20260907_153601
2026-09-07 15:39:31.402106,1659.25,21.1,190.4,16.5,20.8,20260907_153601
2026-09-07 15:39:31.602244,1669.5,21.1,190.4,16.1,20.8,20260907_153601
2026-09-07 15:39:31.802345,1678.0,21.1,188.6,15.7,20.8,20260907_153601
2026-09-07 15:39:32.002457,1698.25,21.7,188.6,15.7,20.8,20260907_153601
2026-09-07 15:39:32.202623,1698.25,21.7,188.6,15.3,20.8,20260907_153601
2026-09-07 15:39:32.402732,1590.5,21.7,188.6,17.3,20.0,20260907_153601
2026-09-07 15:39:32.602839,1478.0,21.7,188.6,17.6,19.6,20260907_153601
2026-09-07 15:39:32.802955,1392.75,22.4,188.6,20.4,20.4,20260907_153601
2026-09-07 15:39:33.003072,1366.25,22.4,188.6,22.0,19.6,20260907_153601
2026-09-07 15:39:33.203195,1346.75,22.4,188.6,15.7,16.5,20260907_153601
2026-09-07 15:39:33.403305,1335.0,22.4,188.6,12.5,17.3,20260907_153601
2026-09-07 15:39:33.603414,1350.75,22.4,188.6,11.0,17.3,20260907_153601
2026-09-07 15:39:33.803548,1351.5,22.4,188.6,10.2,16.9,20260907_153601
2026-09-07 15:39:34.003652,1332.0,22.4,188.6,8.6,16.5,20260907_153601
2026-09-07 15:39:34.203774,1318.75,21.7,188.6,8.6,16.5,20260907_153601
2026-09-07 15:39:34.403884,1328.0,21.7,188.6,9.0,16.5,20260907_153601
2026-09-07 15:39:34.603991,1316.25,21.7,188.6,9.0,16.9,20260907_153601
2026-09-07 15:39:34.804103,1303.0,21.7,188.6,9.0,16.9,20260907_153601
2026-09-07 15:39:35.004231,1289.75,21.1,188.6,9.4,16.9,20260907_153601
2026-09-07 15:39:35.204357,1275.0,21.1,188.6,9.4,16.9,20260907_153601
2026-09-07 15:39:35.404468,1259.25,20.5,188.6,9.8,16.9,20260907_153601
2026-09-07 15:39:35.604576,1239.75,20.5,188.6,10.2,16.9,20260907_153601
2026-09-07 15:39:35.804695,1221.75,20.5,188.6,10.6,16.9,20260907_153601
2026-09-07 15:39:36.004816,1201.5,19.9,188.6,11.4,16.9,20260907_153601
2026-09-07 15:39:36.204944,1185.0,19.9,188.6,11.8,16.9,20260907_153601
2026-09-07 15:39:36.405042,1166.25,19.3,188.6,12.5,17.3,20260907_153601
2026-09-07 15:39:36.605159,1150.0,19.3,188.6,13.3,17.3,20260907_153601
2026-09-07 15:39:36.805267,1137.5,18.6,188.6,13.7,17.3,20260907_153601
2026-09-07 15:39:37.005383,1125.0,18.6,188.6,14.5,17.3,20260907_153601
2026-09-07 15:39:37.205510,1117.0,18.6,188.6,14.9,17.3,20260907_153601
2026-09-07 15:39:37.405622,1110.75,18.0,188.6,15.3,17.3,20260907_153601
2026-09-07 15:39:37.605732,1105.25,18.0,188.6,15.3,17.3,20260907_153601
2026-09-07 15:39:37.805840,1085.75,18.0,188.6,15.7,17.3,20260907_153601
2026-09-07 15:39:38.005946,1098.25,18.0,188.6,16.1,17.3,20260907_153601
2026-09-07 15:39:38.206068,1149.0,17.4,188.6,14.9,16.9,20260907_153601
2026-09-07 15:39:38.406206,1220.25,17.4,188.6,12.5,16.9,20260907_153601
2026-09-07 15:39:38.606333,1292.0,17.4,188.6,11.0,16.9,20260907_153601
2026-09-07 15:39:38.806446,1359.25,16.8,188.6,10.6,19.2,20260907_153601
2026-09-07 15:39:39.006608,1368.75,17.4,188.6,15.7,20.4,20260907_153601
2026-09-07 15:39:39.206715,1385.0,17.4,188.6,21.6,20.4,20260907_153601
2026-09-07 15:39:39.406864,1373.25,17.4,188.6,20.0,17.6,20260907_153601
2026-09-07 15:39:39.606974,1345.25,17.4,188.6,13.3,15.7,20260907_153601
2026-09-07 15:39:39.807092,1363.25,17.4,188.6,8.6,16.5,20260907_153601
2026-09-07 15:39:40.007201,1353.75,17.4,188.6,8.6,16.5,20260907_153601
2026-09-07 15:39:40.207323,1367.75,17.4,188.6,8.2,16.5,20260907_153601
2026-09-07 15:39:40.407448,1346.0,17.4,188.6,8.6,16.5,20260907_153601
2026-09-07 15:39:40.607574,1368.75,17.4,188.6,8.2,16.5,20260907_153601
2026-09-07 15:39:40.807683,1351.5,17.4,188.6,8.6,16.5,20260907_153601
2026-09-07 15:39:41.007795,1329.5,16.8,188.6,8.6,16.5,20260907_153601
2026-09-07 15:39:41.207934,1332.0,16.8,188.6,8.6,16.5,20260907_153601
2026-09-07 15:39:41.408054,1314.0,16.8,188.6,8.6,16.5,20260907_153601
2026-09-07 15:39:41.608167,1299.0,16.8,188.6,8.6,16.5,20260907_153601
2026-09-07 15:39:41.808274,1278.0,16.2,188.6,8.6,16.5,20260907_153601
2026-09-07 15:39:42.008390,1255.25,16.2,188.6,8.6,16.1,20260907_153601
2026-09-07 15:39:42.208523,1206.25,15.5,188.6,9.4,16.9,20260907_153601
2026-09-07 15:39:42.408654,1146.75,14.9,188.6,11.4,16.5,20260907_153601
2026-09-07 15:39:42.608767,1161.5,14.9,188.6,11.8,16.9,20260907_153601
2026-09-07 15:39:42.808889,1211.5,15.5,188.6,11.4,16.9,20260907_153601
2026-09-07 15:39:43.009003,1159.25,14.9,188.6,11.4,16.9,20260907_153601
2026-09-07 15:39:43.209129,1156.25,14.9,188.6,12.2,16.9,20260907_153601
2026-09-07 15:39:43.409237,1157.75,14.9,188.6,11.8,16.9,20260907_153601
2026-09-07 15:39:43.609353,1151.5,14.9,188.6,11.8,15.3,20260907_153601
2026-09-07 15:39:43.809458,1174.0,14.9,188.6,12.9,17.3,20260907_153601
2026-09-07 15:39:44.009572,1182.0,14.9,188.6,18.0,18.0,20260907_153601
2026-09-07 15:39:44.209704,1182.0,14.9,188.6,17.3,18.0,20260907_153601
2026-09-07 15:39:44.409829,1201.5,14.9,188.6,16.9,18.0,20260907_153601
2026-09-07 15:39:44.609948,1210.75,14.9,188.6,16.1,18.0,20260907_153601
2026-09-07 15:39:44.810056,1208.5,14.9,188.6,15.3,18.0,20260907_153601
2026-09-07 15:39:45.010173,1210.0,14.9,188.6,15.3,17.6,20260907_153601
2026-09-07 15:39:45.210301,1210.0,14.9,188.6,15.7,18.4,20260907_153601
2026-09-07 15:39:45.410403,1225.75,14.9,188.6,16.1,18.0,20260907_153601
2026-09-07 15:39:45.610523,1225.75,15.5,188.6,15.7,18.0,20260907_153601
2026-09-07 15:39:45.810641,1233.5,15.5,188.6,15.7,18.4,20260907_153601
2026-09-07 15:39:46.010760,1241.25,15.5,188.6,16.1,18.4,20260907_153601
2026-09-07 15:39:46.210868,1247.5,15.5,188.6,16.5,18.4,20260907_153601
2026-09-07 15:39:46.410984,1253.75,15.5,188.6,16.5,18.4,20260907_153601
2026-09-07 15:39:46.611108,1264.0,15.5,188.6,16.1,18.4,20260907_153601
2026-09-07 15:39:46.811235,1263.25,15.5,188.6,15.7,18.0,20260907_153601
2026-09-07 15:39:47.011348,1264.75,16.2,188.6,14.9,18.0,20260907_153601
2026-09-07 15:39:47.211474,1275.75,16.2,190.4,14.9,18.0,20260907_153601
2026-09-07 15:39:47.411592,1280.25,16.2,190.4,14.9,18.0,20260907_153601
2026-09-07 15:39:47.611734,1285.0,16.2,190.4,14.1,15.7,20260907_153601
2026-09-07 15:39:47.811846,1252.25,16.2,190.4,8.6,16.1,20260907_153601
2026-09-07 15:39:48.011962,1246.75,16.2,190.4,8.6,16.1,20260907_153601
2026-09-07 15:39:48.212103,1239.75,16.2,190.4,8.6,16.1,20260907_153601
2026-09-07 15:39:48.412222,1223.25,15.5,190.4,9.0,16.1,20260907_153601
2026-09-07 15:39:48.612353,1175.75,14.9,190.4,9.0,16.1,20260907_153601
2026-09-07 15:39:48.812466,1132.0,14.3,190.4,9.4,16.1,20260907_153601
2026-09-07 15:39:49.012582,1083.5,13.7,190.4,9.8,15.7,20260907_153601
2026-09-07 15:39:49.212687,1035.75,13.0,190.4,10.6,16.1,20260907_153601
2026-09-07 15:39:49.412806,986.5,12.4,190.4,12.5,16.1,20260907_153601
2026-09-07 15:39:49.612913,945.25,12.4,190.4,14.5,16.1,20260907_153601
2026-09-07 15:39:49.813023,907.75,11.8,190.4,16.1,16.1,20260907_153601
2026-09-07 15:39:50.013128,904.5,11.2,190.4,17.3,16.1,20260907_153601
2026-09-07 15:39:50.213234,885.0,11.2,190.4,18.0,16.1,20260907_153601
2026-09-07 15:39:50.413347,906.25,10.6,190.4,18.0,16.5,20260907_153601
2026-09-07 15:39:50.613458,899.0,9.9,190.4,17.6,16.5,20260907_153601
2026-09-07 15:39:50.813577,871.0,9.9,190.4,18.8,16.1,20260907_153601
2026-09-07 15:39:51.013696,855.25,9.3,190.4,20.0,16.1,20260907_153601
2026-09-07 15:39:51.213828,840.5,9.3,,22.7,16.5,20260907_153601
2026-09-07 15:39:51.546471,803.0,8.7,190.4,23.5,16.5,20260907_153601
2026-09-07 15:39:51.746625,780.25,8.1,190.4,24.3,16.5,20260907_153601
2026-09-07 15:39:51.946748,760.0,7.5,190.4,25.1,16.5,20260907_153601
2026-09-07 15:39:52.146870,745.25,7.5,190.4,26.7,16.5,20260907_153601
2026-09-07 15:39:52.346975,739.75,6.8,190.4,27.1,16.5,20260907_153601
2026-09-07 15:39:52.547091,742.0,6.2,190.4,27.5,16.5,20260907_153601
2026-09-07 15:39:52.747553,758.5,5.6,190.4,27.1,16.5,20260907_153601
2026-09-07 15:39:52.947661,771.75,5.0,190.4,27.1,16.5,20260907_153601
2026-09-07 15:39:53.147775,756.25,5.0,190.4,27.5,16.5,20260907_153601
2026-09-07 15:39:53.347891,743.75,4.3,190.4,27.5,16.5,20260907_153601
2026-09-07 15:39:53.547998,738.25,3.7,190.4,27.1,16.5,20260907_153601
2026-09-07 15:39:53.748113,730.25,3.7,190.4,27.5,16.5,20260907_153601
2026-09-07 15:39:53.948225,729.5,3.7,190.4,27.5,16.5,20260907_153601
2026-09-07 15:39:54.148347,749.0,3.7,190.4,30.6,20.0,20260907_153601
2026-09-07 15:39:54.348465,934.25,3.7,190.4,48.6,22.0,20260907_153601
2026-09-07 15:39:54.548633,1378.0,4.3,190.4,40.8,26.7,20260907_153601
2026-09-07 15:39:54.748736,1662.5,5.0,190.4,28.6,25.5,20260907_153601
2026-09-07 15:39:54.948846,1750.75,5.6,190.4,25.9,25.1,20260907_153601
2026-09-07 15:39:55.148965,1750.75,6.2,190.4,24.3,24.3,20260907_153601
2026-09-07 15:39:55.349075,1739.75,6.8,190.4,25.9,25.1,20260907_153601
2026-09-07 15:39:55.549184,1685.75,7.5,190.4,25.1,24.7,20260907_153601
2026-09-07 15:39:55.749298,1657.75,8.1,190.4,27.5,26.7,20260907_153601
2026-09-07 15:39:55.949404,1751.5,8.7,190.4,32.2,28.6,20260907_153601
2026-09-07 15:39:56.149522,1857.75,9.3,190.4,33.3,29.0,20260907_153601
2026-09-07 15:39:56.349638,1887.5,9.9,190.4,33.3,29.8,20260907_153601
2026-09-07 15:39:56.549747,1902.25,10.6,190.4,35.3,28.6,20260907_153601
2026-09-07 15:39:56.749861,1900.0,11.2,190.4,34.1,29.0,20260907_153601
2026-09-07 15:39:56.949977,1944.5,11.8,192.2,36.9,29.4,20260907_153601
2026-09-07 15:39:57.150099,1995.25,12.4,192.2,36.5,29.0,20260907_153601
2026-09-07 15:39:57.350222,2019.5,13.0,192.2,36.1,29.8,20260907_153601
2026-09-07 15:39:57.550332,2062.5,13.7,190.4,36.9,31.0,20260907_153601
2026-09-07 15:39:57.750449,2107.0,14.3,190.4,36.9,31.4,20260907_153601
2026-09-07 15:39:57.950604,2133.5,15.5,190.4,37.3,31.8,20260907_153601
2026-09-07 15:39:58.150746,2175.0,16.2,190.4,37.6,32.2,20260907_153601
2026-09-07 15:39:58.350854,2162.5,16.8,190.4,38.0,32.9,20260907_153601
2026-09-07 15:39:58.550959,2121.0,17.4,190.4,38.0,32.2,20260907_153601
2026-09-07 15:39:58.751072,2139.75,18.0,190.4,37.6,32.2,20260907_153601
2026-09-07 15:39:58.951185,2172.5,18.6,190.4,36.5,30.6,20260907_153601
2026-09-07 15:39:59.151316,2200.0,19.3,190.4,35.3,27.8,20260907_153601
2026-09-07 15:39:59.351428,2182.75,19.3,190.4,26.3,25.9,20260907_153601
2026-09-07 15:39:59.551570,2213.25,19.9,190.4,24.3,25.9,20260907_153601
2026-09-07 15:39:59.751668,1896.75,19.9,188.6,23.9,25.5,20260907_153601
2026-09-07 15:39:59.951765,1690.5,20.5,188.6,24.7,25.1,20260907_153601
2026-09-07 15:40:00.151895,1653.75,20.5,188.6,26.7,24.7,20260907_153601
2026-09-07 15:40:00.352005,1646.75,20.5,188.6,26.3,24.7,20260907_153601
2026-09-07 15:40:00.552111,1670.25,21.1,188.6,24.7,24.3,20260907_153601
2026-09-07 15:40:00.752226,1687.5,21.1,188.6,22.0,22.4,20260907_153601
2026-09-07 15:40:00.952335,1695.25,21.7,188.6,18.4,22.0,20260907_153601
2026-09-07 15:40:01.152460,1706.25,21.7,188.6,17.6,22.0,20260907_153601
2026-09-07 15:40:01.352592,1665.5,21.7,188.6,16.9,20.8,20260907_153601
2026-09-07 15:40:01.552705,1489.75,21.7,188.6,19.2,20.4,20260907_153601
2026-09-07 15:40:01.752813,1433.5,22.4,188.6,19.2,17.3,20260907_153601
2026-09-07 15:40:01.952943,1339.75,22.4,188.6,16.1,18.4,20260907_153601
2026-09-07 15:40:02.153082,1357.75,22.4,186.8,16.5,16.9,20260907_153601
2026-09-07 15:40:02.353207,1365.5,22.4,186.8,12.9,17.3,20260907_153601
2026-09-07 15:40:02.553329,1360.75,22.4,186.8,10.6,17.3,20260907_153601
2026-09-07 15:40:02.753454,1360.75,22.4,186.8,10.2,17.3,20260907_153601
2026-09-07 15:40:02.953566,1360.0,22.4,186.8,8.2,16.5,20260907_153601
2026-09-07 15:40:03.153690,1343.75,22.4,186.8,8.2,16.5,20260907_153601
2026-09-07 15:40:03.353803,1374.0,22.4,186.8,9.0,19.2,20260907_153601
2026-09-07 15:40:03.553919,1360.75,22.4,186.8,12.9,19.6,20260907_153601
2026-09-07 15:40:03.754032,1373.25,22.4,186.8,18.8,21.2,20260907_153601
2026-09-07 15:40:03.954142,1380.25,23.0,186.8,22.0,20.0,20260907_153601
2026-09-07 15:40:04.154258,1389.75,23.0,186.8,21.6,20.4,20260907_153601
2026-09-07 15:40:04.354374,1399.0,23.0,186.8,22.7,20.4,20260907_153601
2026-09-07 15:40:04.554540,1405.25,23.0,186.8,22.7,20.4,20260907_153601
2026-09-07 15:40:04.754626,1405.25,23.0,186.8,22.4,20.4,20260907_153601
2026-09-07 15:40:04.954731,1410.75,23.0,186.8,22.0,20.4,20260907_153601
2026-09-07 15:40:05.154858,1417.0,23.6,186.8,21.6,20.4,20260907_153601
2026-09-07 15:40:05.354978,1421.0,23.6,186.8,21.6,20.4,20260907_153601
2026-09-07 15:40:05.555102,1431.25,23.6,186.8,21.6,20.8,20260907_153601
2026-09-07 15:40:05.755209,1436.5,23.6,186.8,22.0,20.8,20260907_153601
2026-09-07 15:40:05.955325,1441.25,23.6,186.8,21.6,20.4,20260907_153601
2026-09-07 15:40:06.155442,1450.75,23.6,186.8,21.6,20.8,20260907_153601
2026-09-07 15:40:06.355557,1453.75,23.6,186.8,21.2,20.4,20260907_153601
2026-09-07 15:40:06.555671,1460.75,24.2,186.8,20.8,20.4,20260907_153601
2026-09-07 15:40:06.755778,1462.5,24.2,186.8,20.8,20.4,20260907_153601
2026-09-07 15:40:06.955902,1466.25,24.2,186.8,20.8,20.4,20260907_153601
2026-09-07 15:40:07.156021,1474.0,24.2,186.8,20.4,20.4,20260907_153601
2026-09-07 15:40:07.356127,1479.5,24.2,186.8,20.4,20.4,20260907_153601
2026-09-07 15:40:07.556256,1486.5,24.2,186.8,20.4,20.4,20260907_153601
2026-09-07 15:40:07.756368,1493.75,24.2,186.8,20.4,20.4,20260907_153601
2026-09-07 15:40:07.956476,1502.25,24.9,186.8,20.0,20.4,20260907_153601
2026-09-07 15:40:08.156595,1510.0,24.9,186.8,19.6,20.4,20260907_153601
2026-09-07 15:40:08.356700,1512.5,24.9,186.8,19.6,20.4,20260907_153601
2026-09-07 15:40:08.556835,1519.5,24.9,186.8,19.6,20.4,20260907_153601
2026-09-07 15:40:08.756948,1524.0,24.9,186.8,19.2,20.4,20260907_153601
2026-09-07 15:40:08.957054,1527.25,25.5,186.8,19.2,20.4,20260907_153601
2026-09-07 15:40:09.157169,1530.25,25.5,186.8,18.4,19.6,20260907_153601
2026-09-07 15:40:09.357285,1527.25,25.5,186.8,15.3,16.5,20260907_153601
2026-09-07 15:40:09.557398,1525.0,25.5,186.8,9.8,16.5,20260907_153601
2026-09-07 15:40:09.757506,1521.75,24.9,186.8,7.8,16.9,20260907_153601
2026-09-07 15:40:09.957615,1510.0,24.9,186.8,7.5,16.9,20260907_153601
2026-09-07 15:40:10.157748,1517.75,24.9,186.8,7.5,16.9,20260907_153601
2026-09-07 15:40:10.357855,1496.0,24.9,186.8,7.5,16.9,20260907_153601
2026-09-07 15:40:10.557974,1496.75,24.9,186.8,7.5,16.9,20260907_153601
2026-09-07 15:40:10.758089,1500.75,24.9,186.8,7.5,16.9,20260907_153601
2026-09-07 15:40:10.958212,1480.25,24.2,188.6,7.5,16.9,20260907_153601
2026-09-07 15:40:11.158333,1450.75,24.2,188.6,7.8,16.9,20260907_153601
2026-09-07 15:40:11.358445,1419.5,23.6,188.6,7.8,16.5,20260907_153601
2026-09-07 15:40:11.558621,1392.75,23.0,188.6,7.8,16.5,20260907_153601
2026-09-07 15:40:11.758732,1363.25,23.0,188.6,7.8,16.5,20260907_153601
2026-09-07 15:40:11.958844,1338.25,22.4,188.6,8.2,16.5,20260907_153601
2026-09-07 15:40:12.158961,1310.0,21.7,188.6,9.8,16.9,20260907_153601
2026-09-07 15:40:12.359072,1292.0,21.1,188.6,10.2,16.9,20260907_153601
2026-09-07 15:40:12.559180,1269.5,21.1,188.6,10.6,16.9,20260907_153601
2026-09-07 15:40:12.759286,1242.0,20.5,188.6,11.0,16.9,20260907_153601
2026-09-07 15:40:12.959395,1217.0,19.9,188.6,11.0,16.9,20260907_153601
2026-09-07 15:40:13.159514,1236.5,19.3,188.6,11.0,16.9,20260907_153601
2026-09-07 15:40:13.359634,1313.25,18.6,188.6,10.6,16.9,20260907_153601
2026-09-07 15:40:13.559747,1387.5,18.0,188.6,9.8,17.3,20260907_153601
2026-09-07 15:40:13.759855,1381.25,17.4,188.6,10.2,17.3,20260907_153601
2026-09-07 15:40:13.959981,1330.25,16.8,188.6,10.6,16.9,20260907_153601
2026-09-07 15:40:14.160095,1275.0,16.2,188.6,11.0,16.9,20260907_153601
2026-09-07 15:40:14.360206,1223.25,15.5,188.6,11.0,16.9,20260907_153601
2026-09-07 15:40:14.560328,1164.0,14.9,188.6,11.8,16.9,20260907_153601
2026-09-07 15:40:14.760455,1105.25,14.3,188.6,12.5,16.5,20260907_153601
2026-09-07 15:40:14.960637,1050.75,13.7,188.6,13.3,16.5,20260907_153601
2026-09-07 15:40:15.160765,997.5,13.0,188.6,14.1,16.5,20260907_153601
2026-09-07 15:40:15.360883,953.75,12.4,188.6,15.3,16.1,20260907_153601
2026-09-07 15:40:15.560989,941.25,12.4,188.6,15.7,16.1,20260907_153601
2026-09-07 15:40:15.761112,917.0,11.8,188.6,16.5,16.1,20260907_153601
2026-09-07 15:40:15.961226,909.25,11.2,188.6,16.9,16.1,20260907_153601
2026-09-07 15:40:16.161353,932.75,11.2,188.6,16.9,16.5,20260907_153601
2026-09-07 15:40:16.361474,1063.25,11.8,188.6,25.1,18.0,20260907_153601
2026-09-07 15:40:16.561585,1173.25,11.8,188.6,25.1,20.4,20260907_153601
2026-09-07 15:40:16.761760,1258.5,11.8,188.6,25.5,20.4,20260907_153601
2026-09-07 15:40:16.961874,1311.5,11.8,188.6,25.1,20.4,20260907_153601
2026-09-07 15:40:17.161991,1344.5,11.8,188.6,23.9,20.4,20260907_153601
2026-09-07 15:40:17.362123,1361.5,11.8,188.6,23.9,20.8,20260907_153601
2026-09-07 15:40:17.562242,1394.5,12.4,190.4,26.3,21.6,20260907_153601
2026-09-07 15:40:17.762351,1464.75,12.4,190.4,26.3,22.4,20260907_153601
2026-09-07 15:40:17.962463,1505.25,12.4,190.4,24.3,22.4,20260907_153601
2026-09-07 15:40:18.162653,1529.5,12.4,190.4,25.1,22.7,20260907_153601
2026-09-07 15:40:18.362766,1475.75,13.0,190.4,26.7,23.5,20260907_153601
2026-09-07 15:40:18.563072,1521.0,13.0,190.4,28.6,23.5,20260907_153601
2026-09-07 15:40:18.763187,1542.75,13.0,190.4,27.1,23.1,20260907_153601
2026-09-07 15:40:18.963300,1514.0,13.7,190.4,27.8,23.5,20260907_153601
2026-09-07 15:40:19.163424,1533.5,13.7,190.4,28.2,23.5,20260907_153601
2026-09-07 15:40:19.363545,1544.5,13.7,,29.8,25.1,20260907_153601
2026-09-07 15:40:19.701515,1577.25,14.3,190.4,29.8,25.1,20260907_153601
2026-09-07 15:40:19.901624,1590.5,14.3,190.4,29.4,25.1,20260907_153601
2026-09-07 15:40:20.101747,1525.0,14.9,190.4,31.4,26.3,20260907_153601
2026-09-07 15:40:20.301855,1454.5,14.9,190.4,38.0,27.5,20260907_153601
2026-09-07 15:40:20.501971,1425.0,15.5,190.4,43.9,31.0,20260907_153601
2026-09-07 15:40:20.702089,1432.75,15.5,190.4,46.7,29.8,20260907_153601
2026-09-07 15:40:20.902211,1410.0,16.2,190.4,47.5,31.0,20260907_153601
2026-09-07 15:40:21.102449,1419.5,16.8,190.4,45.9,29.4,20260907_153601
2026-09-07 15:40:21.302635,1407.75,16.8,190.4,45.1,27.5,20260907_153601
2026-09-07 15:40:21.502828,1400.0,16.8,190.4,42.7,25.9,20260907_153601
2026-09-07 15:40:21.702882,1406.25,17.4,190.4,40.8,25.5,20260907_153601
2026-09-07 15:40:21.902989,1392.0,17.4,190.4,37.6,23.9,20260907_153601
2026-09-07 15:40:22.103103,1393.75,17.4,190.4,34.9,23.9,20260907_153601
2026-09-07 15:40:22.303235,1425.0,18.0,190.4,32.9,23.5,20260907_153601
2026-09-07 15:40:22.503351,1426.5,18.0,190.4,30.6,23.1,20260907_153601
2026-09-07 15:40:22.703470,1437.5,18.0,190.4,29.4,23.1,20260907_153601
2026-09-07 15:40:22.903587,1447.5,18.0,190.4,29.4,23.1,20260907_153601
2026-09-07 15:40:23.103718,1457.75,18.0,190.4,30.6,23.9,20260907_153601
2026-09-07 15:40:23.303832,1496.0,18.6,190.4,31.0,24.3,20260907_153601
2026-09-07 15:40:23.503956,1495.25,18.6,190.4,32.2,25.1,20260907_153601
2026-09-07 15:40:23.704924,1508.5,18.6,192.2,32.5,25.1,20260907_153601
2026-09-07 15:40:23.905212,1521.75,19.3,190.4,32.5,25.1,20260907_153601
2026-09-07 15:40:24.105349,1548.25,19.3,192.2,32.9,25.1,20260907_153601
2026-09-07 15:40:24.305461,1567.75,19.3,192.2,31.4,25.5,20260907_153601
2026-09-07 15:40:24.505574,1557.75,19.9,192.2,30.2,25.1,20260907_153601
2026-09-07 15:40:24.705710,1591.25,19.9,192.2,29.0,24.3,20260907_153601
2026-09-07 15:40:24.905821,1599.0,19.9,192.2,25.9,22.4,20260907_153601
2026-09-07 15:40:25.105927,1598.25,20.5,192.2,22.0,23.1,20260907_153601
2026-09-07 15:40:25.306038,1617.75,20.5,192.2,20.8,22.7,20260907_153601
2026-09-07 15:40:25.506155,1627.25,20.5,192.2,20.4,22.7,20260907_153601
2026-09-07 15:40:25.706306,1652.25,20.5,192.2,20.0,22.7,20260907_153601
2026-09-07 15:40:25.906427,1646.75,20.5,192.2,19.6,22.7,20260907_153601
2026-09-07 15:40:26.106615,1658.5,21.1,192.2,17.6,21.6,20260907_153601
2026-09-07 15:40:26.306618,1664.0,21.1,192.2,16.9,20.4,20260907_153601
2026-09-07 15:40:26.506724,1662.5,21.1,192.2,16.1,20.8,20260907_153601
2026-09-07 15:40:26.706850,1645.25,21.1,190.4,16.1,20.8,20260907_153601
2026-09-07 15:40:26.906964,1669.5,21.1,190.4,15.7,20.8,20260907_153601
2026-09-07 15:40:27.107091,1687.5,21.1,190.4,15.7,20.4,20260907_153601
2026-09-07 15:40:27.307200,1664.0,21.1,190.4,14.5,19.2,20260907_153601
2026-09-07 15:40:27.507317,1660.75,21.1,190.4,13.3,19.6,20260907_153601
2026-09-07 15:40:27.707507,1547.5,21.1,190.4,14.5,19.2,20260907_153601
2026-09-07 15:40:27.907618,1439.0,21.1,190.4,15.7,18.8,20260907_153601
2026-09-07 15:40:28.107743,1345.25,21.1,190.4,17.6,18.4,20260907_153601
2026-09-07 15:40:28.307853,1307.75,21.1,190.4,16.9,18.4,20260907_153601
2026-09-07 15:40:28.507964,1296.75,21.1,190.4,17.6,18.4,20260907_153601
2026-09-07 15:40:28.708108,1297.5,21.1,190.4,17.3,18.4,20260907_153601
2026-09-07 15:40:28.908213,1294.5,21.1,188.6,17.3,18.4,20260907_153601
2026-09-07 15:40:29.108344,1279.5,21.1,188.6,17.3,18.4,20260907_153601
2026-09-07 15:40:29.308454,1288.25,21.1,188.6,20.4,19.2,20260907_153601
2026-09-07 15:40:29.508566,1281.25,21.1,188.6,20.8,18.8,20260907_153601
2026-09-07 15:40:29.708684,1271.0,21.1,188.6,20.4,18.8,20260907_153601
2026-09-07 15:40:29.908811,1267.75,20.5,188.6,20.4,18.8,20260907_153601
2026-09-07 15:40:30.108949,1268.75,21.1,188.6,20.8,18.8,20260907_153601
2026-09-07 15:40:30.309057,1273.25,21.1,188.6,20.4,18.8,20260907_153601
2026-09-07 15:40:30.509207,1265.5,21.1,188.6,19.6,18.0,20260907_153601
2026-09-07 15:40:30.709336,1253.0,20.5,188.6,13.7,17.6,20260907_153601
2026-09-07 15:40:30.909462,1267.75,20.5,188.6,16.1,19.2,20260907_153601
2026-09-07 15:40:31.109586,1279.5,20.5,188.6,18.8,19.6,20260907_153601
2026-09-07 15:40:31.309707,1258.5,21.1,188.6,19.6,19.2,20260907_153601
2026-09-07 15:40:31.509820,1266.25,20.5,188.6,19.6,18.8,20260907_153601
2026-09-07 15:40:31.709946,1265.5,20.5,188.6,19.2,16.5,20260907_153601
2026-09-07 15:40:31.910051,1250.0,20.5,188.6,11.8,16.5,20260907_153601
2026-09-07 15:40:32.110170,1239.0,20.5,188.6,9.4,15.7,20260907_153601
2026-09-07 15:40:32.310307,1223.25,20.5,188.6,8.6,16.1,20260907_153601
2026-09-07 15:40:32.510402,1232.0,20.5,188.6,8.6,16.1,20260907_153601
2026-09-07 15:40:32.710531,1230.25,19.9,188.6,8.6,16.1,20260907_153601
2026-09-07 15:40:32.910641,1220.25,19.9,188.6,8.6,16.1,20260907_153601
2026-09-07 15:40:33.110763,1205.25,19.9,188.6,8.6,16.1,20260907_153601
2026-09-07 15:40:33.310887,1178.0,19.3,188.6,8.6,16.1,20260907_153601
2026-09-07 15:40:33.511000,1171.0,19.3,188.6,9.0,16.1,20260907_153601
2026-09-07 15:40:33.711108,1159.25,19.3,188.6,8.6,16.1,20260907_153601
2026-09-07 15:40:33.911212,1135.0,18.6,188.6,8.6,15.7,20260907_153601
2026-09-07 15:40:34.111345,1117.0,18.6,188.6,8.6,15.7,20260907_153601
2026-09-07 15:40:34.311458,1118.75,18.6,188.6,9.4,16.5,20260907_153601
2026-09-07 15:40:34.511574,1103.75,18.0,188.6,11.4,16.5,20260907_153601
2026-09-07 15:40:34.711683,1082.0,18.0,188.6,12.2,16.5,20260907_153601
2026-09-07 15:40:34.911814,1071.0,17.4,188.6,12.9,16.5,20260907_153601
2026-09-07 15:40:35.112018,1088.25,17.4,188.6,12.9,16.5,20260907_153601
2026-09-07 15:40:35.312140,1167.0,16.8,188.6,11.8,16.9,20260907_153601
2026-09-07 15:40:35.512250,1252.25,16.8,188.6,11.0,16.9,20260907_153601
2026-09-07 15:40:35.712366,1299.0,16.2,188.6,10.6,16.9,20260907_153601
2026-09-07 15:40:35.912473,1261.5,16.2,188.6,11.0,16.9,20260907_153601
2026-09-07 15:40:36.112598,1250.75,16.2,188.6,11.0,16.9,20260907_153601
2026-09-07 15:40:36.312721,1222.5,15.5,190.4,11.0,16.9,20260907_153601
2026-09-07 15:40:36.512827,1198.25,15.5,190.4,11.4,16.9,20260907_153601
2026-09-07 15:40:36.712964,1182.75,14.9,190.4,11.4,16.9,20260907_153601
2026-09-07 15:40:36.913092,1155.25,14.9,190.4,11.8,16.9,20260907_153601
2026-09-07 15:40:37.113218,1111.5,14.3,190.4,12.2,16.5,20260907_153601
2026-09-07 15:40:37.313343,1061.5,13.7,190.4,12.9,16.5,20260907_153601
2026-09-07 15:40:37.513466,1010.75,13.0,190.4,13.7,16.5,20260907_153601
2026-09-07 15:40:37.713573,960.75,12.4,190.4,14.9,16.1,20260907_153601
2026-09-07 15:40:37.913715,922.5,11.8,190.4,16.1,16.1,20260907_153601
2026-09-07 15:40:38.113844,878.0,11.2,190.4,17.3,16.1,20260907_153601
2026-09-07 15:40:38.313956,869.5,11.2,190.4,18.8,16.1,20260907_153601
2026-09-07 15:40:38.514077,878.0,10.6,190.4,19.2,16.5,20260907_153601
2026-09-07 15:40:38.714191,896.0,9.9,190.4,18.4,16.5,20260907_153601
2026-09-07 15:40:38.914308,848.25,9.3,190.4,20.0,16.5,20260907_153601
2026-09-07 15:40:39.114436,807.0,8.7,190.4,22.4,16.5,20260907_153601
2026-09-07 15:40:39.314603,767.75,8.1,190.4,24.7,16.5,20260907_153601
2026-09-07 15:40:39.514685,750.0,6.8,190.4,26.3,16.5,20260907_153601
2026-09-07 15:40:39.714788,736.5,6.2,190.4,26.7,16.5,20260907_153601
2026-09-07 15:40:39.914894,741.25,6.2,190.4,44.7,16.5,20260907_153601
2026-09-07 15:40:40.115008,794.5,5.6,190.4,38.0,17.3,20260907_153601
2026-09-07 15:40:40.315129,775.0,5.6,190.4,36.1,17.3,20260907_153601
2026-09-07 15:40:40.515236,783.5,5.6,190.4,35.7,17.3,20260907_153601
2026-09-07 15:40:40.715347,817.75,5.6,190.4,37.3,20.4,20260907_153601
2026-09-07 15:40:40.915484,985.0,5.6,190.4,46.7,24.3,20260907_153601
2026-09-07 15:40:41.115624,1357.75,5.6,190.4,42.7,22.7,20260907_153601
2026-09-07 15:40:41.315752,1460.75,6.2,190.4,29.8,22.7,20260907_153601
2026-09-07 15:40:41.517012,1453.0,6.2,190.4,27.5,22.4,20260907_153601
2026-09-07 15:40:41.717139,1432.75,6.2,190.4,27.8,22.4,20260907_153601
2026-09-07 15:40:41.917347,1428.0,6.8,190.4,28.6,22.4,20260907_153601
2026-09-07 15:40:42.117589,1425.75,6.8,190.4,27.8,22.0,20260907_153601
2026-09-07 15:40:42.317720,1407.75,7.5,190.4,28.2,22.7,20260907_153601
2026-09-07 15:40:42.517895,1432.75,7.5,190.4,30.2,22.7,20260907_153601
2026-09-07 15:40:42.718108,1470.25,8.1,190.4,29.0,22.7,20260907_153601
2026-09-07 15:40:42.918210,1476.5,8.1,190.4,27.8,22.7,20260907_153601
2026-09-07 15:40:43.118344,1475.0,8.7,190.4,27.8,23.1,20260907_153601
2026-09-07 15:40:43.318465,1492.75,8.7,190.4,27.8,23.1,20260907_153601
2026-09-07 15:40:43.518737,1507.0,9.3,190.4,27.5,23.5,20260907_153601
2026-09-07 15:40:43.718879,1528.75,9.3,190.4,27.5,24.3,20260907_153601
2026-09-07 15:40:43.919007,1580.25,9.9,190.4,27.1,25.1,20260907_153601
2026-09-07 15:40:44.119159,1631.25,10.6,190.4,27.5,25.1,20260907_153601
2026-09-07 15:40:44.319281,1675.75,10.6,190.4,26.3,25.1,20260907_153601
2026-09-07 15:40:44.519411,1700.0,11.2,190.4,25.5,25.5,20260907_153601
2026-09-07 15:40:44.719533,1727.25,11.8,190.4,25.9,25.5,20260907_153601
2026-09-07 15:40:44.919674,1750.0,11.8,190.4,25.9,25.5,20260907_153601
2026-09-07 15:40:45.119784,1752.25,12.4,190.4,26.3,25.9,20260907_153601
2026-09-07 15:40:45.319876,1757.0,13.0,190.4,26.3,25.9,20260907_153601
2026-09-07 15:40:45.519978,1757.75,13.0,190.4,26.3,25.9,20260907_153601
2026-09-07 15:40:45.720076,1763.25,13.7,190.4,26.3,25.5,20260907_153601
2026-09-07 15:40:45.920202,1742.0,14.3,190.4,24.7,22.7,20260907_153601
2026-09-07 15:40:46.120383,1704.5,14.3,190.4,19.6,22.4,20260907_153601
2026-09-07 15:40:46.320480,1748.25,14.3,190.4,19.2,20.8,20260907_153601
2026-09-07 15:40:46.520588,1758.5,14.9,190.4,18.8,22.4,20260907_153601
2026-09-07 15:40:46.720695,1725.75,14.9,190.4,18.8,22.4,20260907_153601
2026-09-07 15:40:46.920819,1760.0,15.5,190.4,18.8,22.4,20260907_153601
2026-09-07 15:40:47.120936,1783.5,15.5,190.4,18.8,22.4,20260907_153601
2026-09-07 15:40:47.321054,1799.0,15.5,190.4,18.8,22.4,20260907_153601
2026-09-07 15:40:47.521158,1814.75,16.2,,16.9,20.4,20260907_153601
2026-09-07 15:40:47.853587,1576.5,16.2,190.4,17.6,20.0,20260907_153601
2026-09-07 15:40:48.053707,1435.75,16.2,190.4,19.6,19.2,20260907_153601
2026-09-07 15:40:48.253825,1361.5,16.8,190.4,19.2,15.3,20260907_153601
2026-09-07 15:40:48.453933,1274.0,16.8,190.4,11.0,15.7,20260907_153601
2026-09-07 15:40:48.654056,1291.25,16.2,190.4,9.4,16.1,20260907_153601
2026-09-07 15:40:48.854175,1282.0,16.2,190.4,8.6,16.5,20260907_153601
2026-09-07 15:40:49.054285,1274.0,16.2,190.4,9.0,16.1,20260907_153601
2026-09-07 15:40:49.254419,1262.5,16.2,190.4,8.6,16.1,20260907_153601
2026-09-07 15:40:49.454620,1254.5,16.2,190.4,8.6,16.1,20260907_153601
2026-09-07 15:40:49.654635,1237.5,15.5,190.4,8.2,16.1,20260907_153601
2026-09-07 15:40:49.854746,1217.0,15.5,190.4,8.2,16.1,20260907_153601
2026-09-07 15:40:50.054881,1192.0,15.5,190.4,8.2,16.1,20260907_153601
2026-09-07 15:40:50.255003,1164.0,14.9,190.4,9.0,16.5,20260907_153601
2026-09-07 15:40:50.455111,1135.0,14.3,190.4,11.0,16.5,20260907_153601
2026-09-07 15:40:50.655224,1100.0,14.3,190.4,12.2,16.5,20260907_153601
2026-09-07 15:40:50.855336,1060.75,13.7,190.4,12.9,16.5,20260907_153601
2026-09-07 15:40:51.055444,1018.75,13.0,190.4,13.7,16.5,20260907_153601
2026-09-07 15:40:51.255569,984.25,13.0,190.4,14.5,16.1,20260907_153601
2026-09-07 15:40:51.455687,950.0,12.4,190.4,15.3,16.1,20260907_153601
2026-09-07 15:40:51.655840,925.0,11.8,190.4,15.7,16.1,20260907_153601
2026-09-07 15:40:51.855964,904.5,11.8,190.4,16.5,16.1,20260907_153601
2026-09-07 15:40:52.056074,901.5,11.8,190.4,17.3,16.1,20260907_153601
2026-09-07 15:40:52.256199,910.75,11.2,190.4,16.9,16.1,20260907_153601
2026-09-07 15:40:52.456309,922.5,11.2,190.4,16.5,16.1,20260907_153601
2026-09-07 15:40:52.656437,926.5,10.6,190.4,16.1,16.1,20260907_153601
2026-09-07 15:40:52.856556,893.75,9.9,190.4,17.3,16.1,20260907_153601
2026-09-07 15:40:53.056655,865.5,9.9,190.4,18.4,16.1,20260907_153601
2026-09-07 15:40:53.256778,842.0,9.3,190.4,19.6,16.5,20260907_153601
2026-09-07 15:40:53.456890,818.75,8.7,190.4,21.6,16.5,20260907_153601
2026-09-07 15:40:53.657023,795.25,8.7,190.4,23.5,16.5,20260907_153601
2026-09-07 15:40:53.857130,775.0,8.1,190.4,24.3,16.5,20260907_153601
2026-09-07 15:40:54.057247,764.0,7.5,190.4,25.1,16.5,20260907_153601
2026-09-07 15:40:54.257384,747.5,7.5,190.4,25.9,16.5,20260907_153601
2026-09-07 15:40:54.457499,743.75,6.8,190.4,27.5,16.5,20260907_153601
2026-09-07 15:40:54.657635,752.25,6.2,190.4,27.8,16.5,20260907_153601
2026-09-07 15:40:54.857736,785.0,5.6,190.4,27.5,16.5,20260907_153601
2026-09-07 15:40:55.057853,767.0,5.0,190.4,27.5,16.5,20260907_153601
2026-09-07 15:40:55.257982,753.0,4.3,190.4,27.5,16.5,20260907_153601
2026-09-07 15:40:55.458092,737.5,3.7,190.4,27.1,16.5,20260907_153601
2026-09-07 15:40:55.658204,731.25,3.1,190.4,27.1,16.5,20260907_153601
2026-09-07 15:40:55.858315,726.5,2.5,190.4,27.5,16.5,20260907_153601
2026-09-07 15:40:56.058430,732.75,1.9,190.4,27.8,16.5,20260907_153601
2026-09-07 15:40:56.258605,729.5,1.2,190.4,27.8,16.5,20260907_153601
2026-09-07 15:40:56.458657,731.25,1.2,190.4,27.8,16.5,20260907_153601
2026-09-07 15:40:56.658774,735.75,0.6,190.4,27.8,16.5,20260907_153601
2026-09-07 15:40:56.858892,738.25,0.0,190.4,27.8,16.5,20260907_153601
2026-09-07 15:40:57.059001,733.5,0.0,190.4,27.8,16.5,20260907_153601
2026-09-07 15:40:57.259123,734.25,0.0,190.4,27.8,16.5,20260907_153601
2026-09-07 15:40:57.459235,737.5,0.0,190.4,27.8,16.5,20260907_153601
2026-09-07 15:40:57.659355,734.25,0.0,190.4,27.8,16.5,20260907_153601
2026-09-07 15:40:57.859465,749.0,0.0,190.4,28.2,21.2,20260907_153601
2026-09-07 15:40:58.059584,993.75,0.0,190.4,40.0,19.2,20260907_153601
2026-09-07 15:40:58.259708,1222.5,1.2,190.4,27.5,20.4,20260907_153601
2026-09-07 15:40:58.459817,1297.5,1.2,190.4,26.3,21.2,20260907_153601
2026-09-07 15:40:58.659927,1374.0,1.9,190.4,25.9,21.6,20260907_153601
2026-09-07 15:40:58.860064,1428.75,2.5,190.4,25.9,21.6,20260907_153601
2026-09-07 15:40:59.060172,1465.5,3.1,190.4,25.1,22.4,20260907_153601
2026-09-07 15:40:59.260301,1494.5,3.7,190.4,24.7,22.4,20260907_153601
2026-09-07 15:40:59.460413,1499.0,4.3,190.4,24.3,22.7,20260907_153601
2026-09-07 15:40:59.660523,1508.5,5.0,190.4,25.1,22.7,20260907_153601
2026-09-07 15:40:59.860655,1524.0,5.6,190.4,23.5,22.7,20260907_153601
2026-09-07 15:41:00.060764,1544.5,6.2,190.4,23.9,23.1,20260907_153601
2026-09-07 15:41:00.260889,1603.75,6.8,190.4,23.5,23.5,20260907_153601
2026-09-07 15:41:00.461012,1644.5,7.5,190.4,22.4,23.5,20260907_153601
2026-09-07 15:41:00.661130,1688.25,8.1,190.4,21.6,23.9,20260907_153601
2026-09-07 15:41:00.861240,1720.25,8.1,190.4,19.6,22.0,20260907_153601
2026-09-07 15:41:01.061360,1746.75,8.7,190.4,18.0,22.0,20260907_153601
2026-09-07 15:41:01.261498,1844.5,9.3,190.4,17.6,22.4,20260907_153601
2026-09-07 15:41:01.461620,1882.0,9.3,190.4,17.6,22.4,20260907_153601
2026-09-07 15:41:01.661780,1938.25,9.9,190.4,17.6,22.4,20260907_153601
2026-09-07 15:41:01.861878,1759.25,9.9,190.4,17.6,21.6,20260907_153601
2026-09-07 15:41:02.062011,1618.75,10.6,190.4,18.8,20.8,20260907_153601
2026-09-07 15:41:02.262122,1493.75,11.2,190.4,20.8,20.4,20260907_153601
2026-09-07 15:41:02.462237,1507.0,11.2,190.4,19.6,20.4,20260907_153601
2026-09-07 15:41:02.662371,1525.0,11.8,190.4,19.6,20.4,20260907_153601
2026-09-07 15:41:02.862503,1570.25,11.8,190.4,18.4,20.4,20260907_153601
2026-09-07 15:41:03.062641,1599.0,12.4,190.4,17.6,20.4,20260907_153601
2026-09-07 15:41:03.262750,1627.25,12.4,190.4,16.9,22.4,20260907_153601
2026-09-07 15:41:03.462889,1644.5,13.0,190.4,16.5,21.2,20260907_153601
2026-09-07 15:41:03.663031,1632.75,13.0,190.4,17.3,20.8,20260907_153601
2026-09-07 15:41:03.864155,1675.75,13.7,190.4,16.5,21.2,20260907_153601
2026-09-07 15:41:04.064313,1696.75,13.7,190.4,16.1,21.2,20260907_153601
2026-09-07 15:41:04.264503,1694.5,14.3,190.4,16.1,20.8,20260907_153601
2026-09-07 15:41:04.464735,1688.25,14.3,190.4,16.1,20.4,20260907_153601
2026-09-07 15:41:04.664934,1672.5,14.9,190.4,14.9,20.0,20260907_153601
2026-09-07 15:41:07.935730,1014.75,13.0,190.4,18.4,17.3,20260907_154105
2026-09-07 15:41:08.135857,1009.25,12.4,190.4,19.6,17.3,20260907_154105
2026-09-07 15:41:08.335959,999.0,12.4,190.4,19.6,17.3,20260907_154105
2026-09-07 15:41:08.536061,972.5,12.4,190.4,20.4,17.3,20260907_154105
2026-09-07 15:41:08.736168,964.0,11.8,190.4,21.2,17.3,20260907_154105
2026-09-07 15:41:08.936294,960.75,11.8,190.4,21.6,17.3,20260907_154105
2026-09-07 15:41:09.136427,935.75,11.2,190.4,22.0,15.7,20260907_154105
2026-09-07 15:41:09.336523,892.0,11.2,190.4,20.8,16.5,20260907_154105
2026-09-07 15:41:09.536621,896.75,10.6,190.4,20.4,16.5,20260907_154105
2026-09-07 15:41:09.736720,897.5,9.9,190.4,19.6,16.5,20260907_154105
2026-09-07 15:41:09.936824,863.25,9.3,190.4,19.6,16.1,20260907_154105
2026-09-07 15:41:10.136940,842.0,9.3,190.4,20.4,16.1,20260907_154105
2026-09-07 15:41:10.337034,811.5,8.7,190.4,22.4,16.1,20260907_154105
2026-09-07 15:41:10.537156,790.5,8.1,190.4,23.9,16.5,20260907_154105
2026-09-07 15:41:10.737255,765.5,8.1,190.4,25.1,16.1,20260907_154105
2026-09-07 15:41:10.937359,749.0,7.5,190.4,25.9,16.5,20260907_154105
2026-09-07 15:41:11.137468,739.75,6.8,190.4,27.1,16.5,20260907_154105
2026-09-07 15:41:11.337580,734.25,6.2,190.4,27.5,16.1,20260907_154105
2026-09-07 15:41:11.537685,742.75,5.6,190.4,27.8,16.1,20260907_154105
2026-09-07 15:41:11.737824,760.0,5.6,190.4,27.5,16.5,20260907_154105
2026-09-07 15:41:11.937948,757.0,5.0,190.4,27.5,16.5,20260907_154105
2026-09-07 15:41:12.138081,744.5,5.0,190.4,27.8,16.5,20260907_154105
2026-09-07 15:41:12.338177,741.25,4.3,190.4,27.8,16.5,20260907_154105
2026-09-07 15:41:12.538274,738.25,4.3,190.4,27.8,16.1,20260907_154105
2026-09-07 15:41:12.738401,735.75,4.3,190.4,27.8,16.1,20260907_154105
2026-09-07 15:41:12.938654,724.0,4.3,190.4,27.8,16.1,20260907_154105
2026-09-07 15:41:13.138787,721.75,3.7,190.4,27.8,16.1,20260907_154105
2026-09-07 15:41:13.338896,717.75,3.1,190.4,28.2,16.1,20260907_154105
2026-09-07 15:41:13.539000,719.5,3.1,190.4,28.2,16.1,20260907_154105
2026-09-07 15:41:13.739109,717.0,2.5,190.4,28.2,16.1,20260907_154105
2026-09-07 15:41:13.939239,716.25,1.9,190.4,28.2,16.1,20260907_154105
2026-09-07 15:41:14.139360,714.75,1.9,190.4,28.2,16.1,20260907_154105
2026-09-07 15:41:14.339483,717.0,1.2,190.4,28.2,16.1,20260907_154105
2026-09-07 15:41:14.539600,713.25,0.6,190.4,28.2,16.5,20260907_154105
2026-09-07 15:41:14.739710,710.75,0.0,190.4,29.0,18.0,20260907_154105
2026-09-07 15:41:14.939823,753.0,0.0,190.4,33.7,16.5,20260907_154105
2026-09-07 15:41:15.139955,785.0,0.0,190.4,32.5,16.1,20260907_154105
2026-09-07 15:41:15.340071,814.0,0.0,190.4,28.6,16.5,20260907_154105
2026-09-07 15:41:15.540197,902.25,0.0,190.4,25.5,17.6,20260907_154105
2026-09-07 15:41:15.740298,957.0,0.0,190.4,24.7,18.4,20260907_154105
2026-09-07 15:41:15.940425,982.75,0.0,192.2,26.7,17.6,20260907_154105
2026-09-07 15:41:16.140535,1001.5,0.0,192.2,24.7,17.3,20260907_154105
2026-09-07 15:41:16.340689,988.25,0.0,192.2,23.5,17.6,20260907_154105
2026-09-07 15:41:16.540788,986.5,0.6,192.2,24.3,17.6,20260907_154105
2026-09-07 15:41:16.740896,989.75,0.6,192.2,24.3,17.6,20260907_154105
2026-09-07 15:41:16.941004,994.5,1.2,192.2,24.3,17.6,20260907_154105
2026-09-07 15:41:17.141125,1000.75,1.2,192.2,24.7,17.6,20260907_154105
2026-09-07 15:41:17.341250,1014.0,1.2,192.2,24.3,17.6,20260907_154105
2026-09-07 15:41:17.541352,1023.25,1.9,192.2,23.9,17.6,20260907_154105
2026-09-07 15:41:17.741496,1023.25,1.9,192.2,23.5,17.6,20260907_154105
2026-09-07 15:41:17.941611,1020.25,1.9,192.2,22.0,14.5,20260907_154105
2026-09-07 15:41:18.141731,892.0,1.9,192.2,17.3,18.4,20260907_154105
2026-09-07 15:41:18.341860,823.25,2.5,192.2,27.8,16.9,20260907_154105
2026-09-07 15:41:18.541975,803.75,2.5,192.2,28.6,16.1,20260907_154105
2026-09-07 15:41:18.742086,785.0,2.5,192.2,27.5,16.5,20260907_154105
2026-09-07 15:41:18.942216,764.75,2.5,192.2,27.8,16.5,20260907_154105
2026-09-07 15:41:19.142332,750.0,2.5,192.2,27.8,16.5,20260907_154105
2026-09-07 15:41:19.342458,730.25,2.5,192.2,27.8,16.5,20260907_154105
2026-09-07 15:41:19.542606,725.75,2.5,192.2,27.8,16.5,20260907_154105
2026-09-07 15:41:19.742720,725.0,2.5,192.2,27.8,16.5,20260907_154105
2026-09-07 15:41:19.942829,726.5,1.9,192.2,27.8,16.5,20260907_154105
2026-09-07 15:41:20.142951,724.0,1.9,192.2,27.8,16.5,20260907_154105
2026-09-07 15:41:20.343058,723.25,1.9,192.2,27.8,16.5,20260907_154105
2026-09-07 15:41:20.543175,724.0,1.2,192.2,27.8,16.5,20260907_154105
2026-09-07 15:41:20.743327,727.25,1.2,192.2,27.8,16.5,20260907_154105
2026-09-07 15:41:20.943433,725.0,1.2,192.2,27.8,16.5,20260907_154105
2026-09-07 15:41:21.143567,724.0,0.6,192.2,28.2,16.5,20260907_154105
2026-09-07 15:41:21.343680,724.0,0.6,192.2,28.2,16.1,20260907_154105
2026-09-07 15:41:21.543799,728.75,0.0,192.2,28.2,16.1,20260907_154105
2026-09-07 15:41:21.743921,725.75,0.0,192.2,28.2,16.5,20260907_154105
2026-09-07 15:41:21.944028,725.75,0.0,192.2,27.8,16.5,20260907_154105
2026-09-07 15:41:22.144147,720.25,0.0,192.2,28.2,16.5,20260907_154105
2026-09-07 15:41:22.344264,714.0,0.0,192.2,28.2,16.5,20260907_154105
2026-09-07 15:41:22.544384,715.5,0.0,192.2,28.6,16.5,20260907_154105
2026-09-07 15:41:22.744514,759.25,0.0,192.2,29.0,16.5,20260907_154105
2026-09-07 15:41:22.944623,843.75,0.0,192.2,27.8,16.9,20260907_154105
2026-09-07 15:41:23.144739,864.0,0.0,192.2,25.9,16.1,20260907_154105
2026-09-07 15:41:23.344858,852.25,0.0,192.2,23.5,16.5,20260907_154105
2026-09-07 15:41:23.544979,835.75,0.0,192.2,23.1,15.7,20260907_154105
2026-09-07 15:41:23.745086,836.5,0.0,192.2,20.4,15.7,20260907_154105
2026-09-07 15:41:23.945210,835.75,0.0,192.2,19.2,15.7,20260907_154105
2026-09-07 15:41:24.145320,835.75,0.0,192.2,19.2,15.7,20260907_154105
2026-09-07 15:41:24.345426,835.0,0.0,192.2,18.0,15.3,20260907_154105
2026-09-07 15:41:24.545538,621.0,0.0,192.2,16.5,15.3,20260907_154105
2026-09-07 15:41:24.745643,463.25,0.0,192.2,18.0,15.3,20260907_154105
2026-09-07 15:41:24.945753,336.5,0.0,192.2,22.4,15.3,20260907_154105
2026-09-07 15:41:25.145886,202.25,0.0,192.2,28.6,15.3,20260907_154105
2026-09-07 15:41:25.345997,146.75,0.0,192.2,100.0,15.3,20260907_154105
2026-09-07 15:41:25.546108,146.75,0.0,192.2,100.0,15.3,20260907_154105
2026-09-07 15:41:25.746217,146.75,,192.2,0.0,20.4,20260907_154105
2026-09-07 15:41:26.082674,0.0,0.0,192.2,0.0,20.4,20260907_154105
2026-09-07 15:41:26.282800,,,,,,20260907_154105
2026-09-07 15:41:27.786313,,,,,,20260907_154105
2026-09-07 15:41:29.291062,,,,,,20260907_154105
2026-09-07 15:41:30.794905,,,,,,20260907_154105
2026-09-07 15:41:32.298995,,,,,,20260907_154105
2026-09-07 15:41:33.802834,,,,,,20260907_154105
2026-09-07 15:41:35.306977,,,,,,20260907_154105
,,,,,,20260907_150758
