timestamp,imu_quat_i,imu_quat_j,imu_quat_k,imu_quat_real,imu_accel_x,imu_accel_y,imu_accel_z,imu_gyro_x,imu_gyro_y,imu_gyro_z,obd_rpm,obd_speed,obd_coolant_temp,obd_engine_load,obd_throttle_pos,gnss_fix_quality,gnss_num_satellites,gnss_latitude,gnss_longitude,gnss_altitude_m,gnss_hdop,gnss_speed_knots,gnss_course_deg
2026-09-03 17:13:29.767480,0.5,0.5,0.5,0.5,0.0,0.0,0.0,0.0,0.0,0.0,,,,,,,,,,,,,
2026-09-03 17:13:29.895097,0.5,0.5,0.5,0.5,0.48828125,9.34375,0.23046875,-0.001953125,0.0,0.0,946.0,0.0,195.8,23.5,17.6,,,,,,,,
2026-09-03 17:13:29.986002,0.50006103515625,0.5,0.5,0.49993896484375,0.48046875,9.171875,0.22265625,0.00390625,0.0,0.001953125,946.0,0.0,195.8,23.5,17.6,,,,,,,,
2026-09-03 17:13:30.086696,0.50006103515625,0.5,0.49993896484375,0.5,0.46484375,8.9453125,0.17578125,-0.001953125,0.001953125,0.0,957.0,0.0,195.8,23.1,17.6,,,,,,,,
2026-09-03 17:13:30.186896,0.50433349609375,0.48773193359375,0.5118408203125,0.4957275390625,0.03515625,-0.0078125,-0.02734375,0.0,0.001953125,0.001953125,957.0,0.0,195.8,23.1,17.6,,,,,,,,
2026-09-03 17:13:30.294035,0.50640869140625,0.48291015625,0.51654052734375,0.4935302734375,-0.00390625,0.03125,0.01171875,0.001953125,0.0,0.001953125,964.75,0.0,195.8,22.7,17.6,,,,,,,,
2026-09-03 17:13:30.381504,0.506591796875,0.48248291015625,0.516845703125,0.49334716796875,-0.00390625,0.0234375,0.01953125,0.0,-0.001953125,-0.00390625,964.75,0.0,195.8,22.7,17.6,,,,,,,,
2026-09-03 17:13:30.493585,0.50665283203125,0.482421875,0.5169677734375,0.49334716796875,-0.00390625,0.0234375,0.01171875,0.0,-0.001953125,0.0,971.75,0.0,195.8,22.7,17.6,,,,,,,,
2026-09-03 17:13:30.586114,0.50677490234375,0.482177734375,0.5172119140625,0.4931640625,0.03515625,0.0234375,-0.02734375,0.0,-0.001953125,0.0,971.75,0.0,195.8,22.7,17.6,,,,,,,,
2026-09-03 17:13:30.693980,0.5068359375,0.4820556640625,0.51727294921875,0.49310302734375,-0.01171875,0.015625,-0.01953125,0.0,0.001953125,0.001953125,973.25,0.0,195.8,22.7,17.6,,,,,,,,
2026-09-03 17:13:30.791982,0.50701904296875,0.48187255859375,0.5174560546875,0.492919921875,-0.01171875,-0.0234375,-0.01953125,-0.001953125,0.0,0.001953125,973.25,0.0,195.8,22.7,17.6,,,,,,,,
2026-09-03 17:13:30.891479,0.507080078125,0.481689453125,0.517578125,0.49285888671875,-0.00390625,0.015625,0.01953125,0.00390625,0.0,0.0,969.5,0.0,195.8,22.4,17.6,,,,,,,,
2026-09-03 17:13:30.992521,0.50714111328125,0.48162841796875,0.51763916015625,0.4927978515625,-0.00390625,-0.0234375,0.01953125,-0.001953125,0.0,-0.001953125,969.5,0.0,195.8,22.4,17.6,,,,,,,,
2026-09-03 17:13:31.093174,0.5072021484375,0.4815673828125,0.51776123046875,0.49273681640625,-0.00390625,-0.0234375,-0.01953125,0.0,0.0,0.001953125,960.0,,194.0,22.4,17.6,,,,,,,,
2026-09-03 17:13:31.193610,0.50726318359375,0.48150634765625,0.517822265625,0.49267578125,-0.00390625,0.015625,-0.01953125,0.0,0.0,0.00390625,960.0,,194.0,22.4,17.6,,,,,,,,
2026-09-03 17:13:31.294026,0.50726318359375,0.4814453125,0.517822265625,0.49267578125,-0.00390625,-0.0234375,0.01953125,-0.001953125,0.0,-0.001953125,960.0,,194.0,22.4,17.6,,,,,,,,
2026-09-03 17:13:31.402138,0.50732421875,0.48138427734375,0.51788330078125,0.49261474609375,-0.01171875,0.015625,0.01953125,-0.001953125,0.0,0.00390625,945.25,0.0,194.0,22.7,17.6,,,,,,,,
2026-09-03 17:13:31.493312,0.50738525390625,0.4813232421875,0.5179443359375,0.4925537109375,-0.01171875,0.015625,-0.01953125,0.0,-0.001953125,0.0,945.25,0.0,194.0,22.7,17.6,,,,,,,,
2026-09-03 17:13:31.601677,0.5074462890625,0.48126220703125,0.51806640625,0.49249267578125,-0.01171875,-0.0234375,0.01953125,-0.001953125,-0.001953125,0.001953125,937.5,0.0,194.0,23.1,17.6,,,,,,,,
2026-09-03 17:13:31.692699,0.5074462890625,0.481201171875,0.51806640625,0.49249267578125,0.02734375,-0.0234375,0.01953125,0.001953125,0.001953125,0.0,937.5,0.0,194.0,23.1,17.6,,,,,,,,
2026-09-03 17:13:31.790494,0.5074462890625,0.48114013671875,0.51812744140625,0.49249267578125,-0.01171875,-0.0234375,0.01953125,0.0,0.0,-0.001953125,927.25,0.0,194.0,23.5,17.6,,,,,,,,
2026-09-03 17:13:31.903193,0.5074462890625,0.4810791015625,0.5181884765625,0.49249267578125,-0.01171875,-0.015625,0.01953125,0.0,0.0,0.0,927.25,0.0,194.0,23.5,17.6,,,,,,,,
2026-09-03 17:13:32.002205,0.5074462890625,0.4810791015625,0.5181884765625,0.49249267578125,-0.00390625,0.0234375,0.01171875,0.0,0.0,0.0,915.5,0.0,194.0,23.9,17.6,,,,,,,,
2026-09-03 17:13:32.092661,0.5074462890625,0.48101806640625,0.51824951171875,0.49249267578125,-0.00390625,-0.015625,-0.01953125,0.0,0.0,0.0,915.5,0.0,194.0,23.9,17.6,,,,,,,,
2026-09-03 17:13:32.203054,0.5074462890625,0.48101806640625,0.51824951171875,0.49249267578125,0.03515625,-0.015625,0.01953125,0.0,0.0,0.0,909.25,0.0,192.2,24.3,17.6,,,,,,,,
2026-09-03 17:13:32.299968,0.50750732421875,0.48095703125,0.51824951171875,0.492431640625,-0.01171875,-0.015625,-0.02734375,0.0,0.0,0.0,909.25,0.0,192.2,24.3,17.6,,,,,,,,
2026-09-03 17:13:32.401611,0.50750732421875,0.48089599609375,0.518310546875,0.492431640625,-0.01171875,-0.015625,0.01953125,0.0,0.0,0.0,900.75,0.0,192.2,24.7,17.6,,,,,,,,
2026-09-03 17:13:32.500546,0.50750732421875,0.48089599609375,0.518310546875,0.492431640625,0.03515625,-0.015625,-0.01953125,0.0,0.0,0.0,900.75,0.0,192.2,24.7,17.6,,,,,,,,
2026-09-03 17:13:32.600629,0.50750732421875,0.48089599609375,0.518310546875,0.492431640625,-0.01171875,0.0234375,-0.01953125,0.0,0.0,0.0,890.5,0.0,192.2,25.1,17.6,,,,,,,,
2026-09-03 17:13:32.700551,0.507568359375,0.48089599609375,0.51837158203125,0.49237060546875,-0.01171875,-0.0234375,0.01953125,0.0,0.0,0.0,890.5,0.0,192.2,25.1,17.6,,,,,,,,
2026-09-03 17:13:32.800050,0.507568359375,0.48089599609375,0.51837158203125,0.49237060546875,-0.01171875,-0.0234375,0.01953125,0.0,0.0,0.0,882.0,0.0,190.4,25.9,17.6,,,,,,,,
2026-09-03 17:13:32.900627,0.50762939453125,0.48089599609375,0.51837158203125,0.4923095703125,-0.01171875,-0.015625,-0.01953125,0.0,0.0,0.0,882.0,0.0,190.4,25.9,17.6,,,,,,,,
2026-09-03 17:13:33.000607,0.50762939453125,0.4808349609375,0.51837158203125,0.4923095703125,-0.01171875,0.0234375,0.01953125,0.0,0.0,0.0,875.0,0.0,190.4,26.3,17.3,,,,,,,,
2026-09-03 17:13:33.100683,0.50762939453125,0.4808349609375,0.51837158203125,0.4923095703125,-0.00390625,0.015625,0.01953125,0.0,0.0,0.0,875.0,0.0,190.4,26.3,17.3,,,,,,,,
2026-09-03 17:13:33.202027,0.50762939453125,0.48089599609375,0.51837158203125,0.4923095703125,-0.00390625,-0.0234375,0.01953125,0.0,0.0,0.0,875.75,0.0,190.4,26.3,17.3,,,,,,,,
2026-09-03 17:13:33.301879,0.50762939453125,0.48089599609375,0.51837158203125,0.4923095703125,-0.00390625,0.0234375,0.01953125,0.0,0.0,0.0,875.75,0.0,190.4,26.3,17.3,,,,,,,,
2026-09-03 17:13:33.401040,0.507568359375,-1.5191650390625,0.51837158203125,0.49237060546875,0.03515625,-0.015625,-0.02734375,0.0,0.0,0.0,874.0,0.0,188.6,26.3,17.6,,,,,,,,
2026-09-03 17:13:33.501634,0.507568359375,0.4808349609375,0.5184326171875,0.49237060546875,-0.01171875,-0.015625,0.01171875,0.0,0.0,0.0,874.0,0.0,188.6,26.3,17.6,,,,,,,,
2026-09-03 17:13:33.602019,0.507568359375,0.48077392578125,0.5184326171875,0.49237060546875,-0.01171875,0.015625,0.01171875,0.0,0.0,0.0,875.75,0.0,188.6,26.3,17.6,,,,,,,,
2026-09-03 17:13:33.688772,0.507568359375,0.48077392578125,0.5184326171875,0.49237060546875,0.02734375,-0.0234375,0.01171875,0.0,0.0,0.0,875.75,0.0,188.6,26.3,17.6,,,,,,,,
2026-09-03 17:13:33.804033,0.507568359375,0.480712890625,0.51849365234375,0.49237060546875,-0.01953125,0.0234375,0.01171875,0.0,0.0,0.0,875.75,0.0,188.6,26.3,17.6,,,,,,,,
2026-09-03 17:13:33.901819,0.507568359375,0.480712890625,0.5185546875,0.49237060546875,-0.01171875,-0.015625,0.01171875,0.0,0.0,0.0,875.75,0.0,188.6,26.3,17.6,,,,,,,,
2026-09-03 17:13:34.003175,0.507568359375,0.480712890625,0.5185546875,0.49237060546875,-0.01171875,-0.015625,-0.01953125,0.0,0.0,0.0,871.75,0.0,188.6,26.3,17.6,,,,,,,,
2026-09-03 17:13:34.102745,0.50762939453125,0.480712890625,0.5185546875,0.4923095703125,-0.01171875,0.0234375,0.01953125,0.0,0.0,0.0,871.75,0.0,188.6,26.3,17.6,,,,,,,,
2026-09-03 17:13:34.203761,0.50762939453125,0.480712890625,0.5185546875,0.4923095703125,-0.01171875,-0.015625,-0.02734375,0.0,0.0,0.0,875.75,0.0,186.8,26.3,17.6,,,,,,,,
2026-09-03 17:13:34.303420,0.507568359375,0.480712890625,0.5185546875,0.49237060546875,-0.00390625,0.0234375,0.01171875,0.0,0.0,0.0,875.75,0.0,186.8,26.3,17.6,,,,,,,,
2026-09-03 17:13:34.399423,0.507568359375,0.480712890625,0.5185546875,0.49237060546875,0.02734375,-0.015625,-0.01953125,0.0,0.0,0.0,873.25,0.0,186.8,26.3,17.6,,,,,,,,
2026-09-03 17:13:34.499920,0.50762939453125,0.480712890625,0.5185546875,0.4923095703125,-0.01953125,-0.015625,-0.01953125,0.0,0.0,0.0,873.25,0.0,186.8,26.3,17.6,,,,,,,,
2026-09-03 17:13:34.599868,0.50762939453125,0.480712890625,0.5185546875,0.4923095703125,0.02734375,-0.0234375,-0.01953125,0.0,0.0,0.0,875.0,0.0,186.8,26.3,17.3,,,,,,,,
2026-09-03 17:13:34.698877,0.50762939453125,0.480712890625,0.5185546875,0.49224853515625,-0.01171875,-0.0234375,0.01953125,0.001953125,0.0,0.0,875.0,0.0,186.8,26.3,17.3,,,,,,,,
2026-09-03 17:13:34.800571,0.50762939453125,0.480712890625,0.5185546875,0.49224853515625,-0.01171875,-0.015625,0.01953125,0.00390625,0.0,0.001953125,878.75,0.0,186.8,25.9,17.3,,,,,,,,
2026-09-03 17:13:34.900019,0.50762939453125,0.48077392578125,0.5185546875,0.49224853515625,-0.01171875,-0.015625,-0.01953125,0.0,0.0,0.0,878.75,0.0,186.8,25.9,17.3,,,,,,,,
2026-09-03 17:13:35.000961,0.50762939453125,0.48077392578125,0.51861572265625,0.49212646484375,-0.01171875,0.0234375,0.01953125,0.001953125,0.0,0.001953125,878.75,0.0,186.8,25.9,17.3,,,,,,,,
2026-09-03 17:13:35.092007,0.50762939453125,0.48077392578125,0.5185546875,0.49212646484375,0.02734375,-0.0234375,-0.01953125,0.0,-0.001953125,0.001953125,878.75,0.0,186.8,25.9,17.3,,,,,,,,
2026-09-03 17:13:35.200870,0.50762939453125,0.48077392578125,0.51861572265625,0.49212646484375,-0.01953125,0.0234375,0.01953125,-0.00390625,-0.001953125,-0.001953125,873.25,0.0,186.8,25.9,17.3,,,,,,,,
2026-09-03 17:13:35.300374,0.5076904296875,0.48077392578125,0.5186767578125,0.4920654296875,-0.01953125,0.0234375,0.01953125,0.0,0.001953125,-0.001953125,873.25,0.0,186.8,25.9,17.3,,,,,,,,
2026-09-03 17:13:35.400424,0.5076904296875,0.480712890625,0.5186767578125,0.4920654296875,0.02734375,-0.015625,0.01171875,0.001953125,0.001953125,-0.001953125,871.0,0.0,185.0,26.3,17.3,,,,,,,,
2026-09-03 17:13:35.500459,0.50762939453125,0.480712890625,0.5186767578125,0.4920654296875,-0.01953125,-0.015625,0.01171875,0.001953125,0.0,0.0,871.0,0.0,185.0,26.3,17.3,,,,,,,,
2026-09-03 17:13:35.600220,0.507568359375,0.480712890625,0.51873779296875,0.4920654296875,-0.01171875,0.0234375,0.01171875,-0.001953125,0.0,0.001953125,869.5,0.0,185.0,26.3,17.3,,,,,,,,
2026-09-03 17:13:35.699577,0.50762939453125,0.480712890625,0.51873779296875,0.49212646484375,-0.01171875,0.015625,0.01171875,0.00390625,0.0,0.001953125,869.5,0.0,185.0,26.3,17.3,,,,,,,,
2026-09-03 17:13:35.800249,0.50762939453125,0.48077392578125,0.5186767578125,0.4920654296875,-0.01171875,-0.0234375,-0.01953125,0.0,0.0,0.001953125,868.75,0.0,185.0,25.9,17.3,,,,,,,,
2026-09-03 17:13:35.900330,0.50762939453125,0.48077392578125,0.5186767578125,0.4920654296875,-0.01171875,-0.015625,0.01953125,0.0,0.0,0.0,868.75,0.0,185.0,25.9,17.3,,,,,,,,
2026-09-03 17:13:36.000958,0.50762939453125,0.48077392578125,0.5186767578125,0.4920654296875,-0.01171875,0.015625,-0.02734375,0.0,0.0,0.0,865.5,0.0,185.0,26.3,17.3,,,,,,,,
2026-09-03 17:13:36.100974,0.507568359375,0.48077392578125,0.5186767578125,0.49212646484375,-0.01171875,-0.0234375,0.01171875,0.0,0.0,0.0,865.5,0.0,185.0,26.3,17.3,,,,,,,,
2026-09-03 17:13:36.200038,0.507568359375,0.48077392578125,0.51873779296875,0.49212646484375,-0.01953125,0.0234375,-0.02734375,0.0,0.0,0.0,864.75,0.0,185.0,26.3,17.3,,,,,,,,
2026-09-03 17:13:36.300443,0.507568359375,0.480712890625,0.51873779296875,0.49212646484375,-0.01953125,-0.015625,0.01171875,0.0,0.0,0.0,864.75,0.0,185.0,26.3,17.3,,,,,,,,
2026-09-03 17:13:36.400709,0.507568359375,0.480712890625,0.518798828125,0.49212646484375,-0.01171875,-0.015625,0.01171875,0.0,0.0,0.0,853.0,0.0,185.0,26.7,17.3,,,,,,,,
2026-09-03 17:13:36.496833,0.507568359375,-1.519287109375,0.518798828125,0.49212646484375,-0.046875,-0.0234375,0.01171875,0.0,0.0,0.0,853.0,0.0,185.0,26.7,17.3,,,,,,,,
2026-09-03 17:13:36.600020,0.50750732421875,0.480712890625,0.518798828125,0.49212646484375,0.02734375,-0.0234375,-0.02734375,0.0,0.0,0.0,853.0,0.0,185.0,26.7,17.3,,,,,,,,
2026-09-03 17:13:36.700511,0.50750732421875,0.480712890625,0.518798828125,0.484375,-0.01171875,-0.0234375,-0.02734375,0.0,0.0,0.0,853.0,0.0,185.0,26.7,17.3,,,,,,,,
2026-09-03 17:13:36.800637,0.50750732421875,0.480712890625,0.518798828125,0.4921875,-0.01171875,0.0234375,0.01171875,0.0,0.0,0.0,849.0,0.0,185.0,26.7,17.3,,,,,,,,
2026-09-03 17:13:36.900497,0.50750732421875,0.480712890625,0.518798828125,0.4921875,0.02734375,-0.015625,0.01953125,0.0,0.0,0.0,849.0,0.0,185.0,26.7,17.3,,,,,,,,
2026-09-03 17:13:37.008719,0.50750732421875,0.480712890625,0.518798828125,0.4921875,-0.01171875,0.0234375,0.01171875,0.0,0.0,0.0,850.0,0.0,185.0,26.7,17.3,,,,,,,,
2026-09-03 17:13:37.099968,0.50750732421875,0.480712890625,0.518798828125,0.4921875,-0.01171875,-0.0234375,-0.02734375,0.0,0.0,0.0,850.0,0.0,185.0,26.7,17.3,,,,,,,,
2026-09-03 17:13:37.198540,0.50750732421875,0.480712890625,0.51873779296875,0.4921875,-0.01171875,-0.015625,0.01171875,0.0,0.0,0.0,846.75,0.0,185.0,27.1,17.3,,,,,,,,
2026-09-03 17:13:37.298648,0.50750732421875,0.480712890625,0.51873779296875,0.4921875,-0.01171875,0.0234375,0.01171875,0.0,0.0,0.0,846.75,0.0,185.0,27.1,17.3,,,,,,,,
2026-09-03 17:13:37.409224,0.50750732421875,0.480712890625,0.518798828125,0.4921875,-0.01953125,0.0234375,0.01171875,0.0,0.0,0.0,846.75,0.0,185.0,27.1,17.3,,,,,,,,
2026-09-03 17:13:37.492701,0.50750732421875,0.480712890625,0.518798828125,0.484375,-0.01171875,0.0234375,0.01171875,0.0,0.0,0.0,846.75,0.0,185.0,27.1,17.3,,,,,,,,
2026-09-03 17:13:37.598763,0.50750732421875,0.480712890625,0.518798828125,0.4921875,0.02734375,0.0234375,0.01171875,0.0,0.0,0.0,848.25,0.0,185.0,27.1,17.3,,,,,,,,
2026-09-03 17:13:37.698607,0.50750732421875,0.480712890625,0.518798828125,0.4921875,-0.01171875,-0.0546875,-0.02734375,0.0,0.0,0.0,848.25,0.0,185.0,27.1,17.3,,,,,,,,
2026-09-03 17:13:37.798298,0.5074462890625,0.480712890625,0.518798828125,0.4921875,-0.01171875,0.0234375,0.01171875,0.0,0.0,0.0,844.5,0.0,185.0,27.1,16.5,,,,,,,,
2026-09-03 17:13:37.897823,0.5074462890625,0.480712890625,0.518798828125,0.4921875,-0.01171875,-0.015625,-0.02734375,0.0,0.0,0.0,844.5,0.0,185.0,27.1,16.5,,,,,,,,
2026-09-03 17:13:38.243749,0.5074462890625,0.480712890625,0.51873779296875,0.4921875,-0.01171875,0.03125,0.01953125,0.0,0.0,0.0,835.0,0.0,185.0,23.9,16.9,,,,,,,,
2026-09-03 17:13:38.318039,0.5074462890625,0.48077392578125,0.51873779296875,0.49224853515625,-0.00390625,-0.015625,-0.01953125,0.0,0.0,0.0,835.0,0.0,185.0,23.9,16.9,,,,,,,,
2026-09-03 17:13:38.427969,0.5074462890625,0.48077392578125,0.5186767578125,0.49224853515625,-0.01171875,-0.015625,-0.01953125,0.0,0.0,0.0,826.5,0.0,185.0,24.3,16.9,,,,,,,,
2026-09-03 17:13:38.527407,0.5074462890625,0.4808349609375,0.5186767578125,0.4921875,-0.00390625,-0.0078125,0.01953125,0.0,0.0,0.0,826.5,0.0,185.0,24.3,16.9,,,,,,,,
2026-09-03 17:13:38.635514,0.5074462890625,0.4808349609375,0.5186767578125,0.4921875,-0.01171875,0.03125,0.01171875,0.0,0.0,0.0,824.0,0.0,185.0,23.9,16.5,,,,,,,,
2026-09-03 17:13:38.725238,0.5074462890625,0.4808349609375,0.5186767578125,0.4921875,-0.01171875,-0.015625,0.01171875,0.0,0.0,0.0,824.0,0.0,185.0,23.9,16.5,,,,,,,,
2026-09-03 17:13:38.835105,0.5074462890625,0.4808349609375,0.5186767578125,0.49224853515625,-0.00390625,0.0234375,-0.02734375,0.0,0.0,0.0,833.5,0.0,185.0,22.7,16.5,,,,,,,,
2026-09-03 17:13:38.926246,0.50738525390625,0.4808349609375,0.5186767578125,0.49224853515625,-0.00390625,0.0234375,0.01171875,0.0,0.0,0.0,833.5,0.0,185.0,22.7,16.5,,,,,,,,
2026-09-03 17:13:39.016058,0.50738525390625,0.4808349609375,0.5186767578125,0.4923095703125,-0.00390625,0.0234375,-0.02734375,0.0,0.0,0.0,834.25,0.0,185.0,22.7,16.5,,,,,,,,
2026-09-03 17:13:39.115103,0.50738525390625,0.4808349609375,0.5186767578125,0.4923095703125,-0.01171875,0.015625,0.01171875,-0.001953125,-0.001953125,0.0,834.25,0.0,185.0,22.7,16.5,,,,,,,,
2026-09-03 17:13:39.225260,0.50738525390625,0.48077392578125,0.5186767578125,0.4923095703125,-0.01171875,0.015625,-0.02734375,-0.001953125,0.0,0.0,829.5,0.0,186.8,22.7,16.5,,,,,,,,
2026-09-03 17:13:39.315072,0.50738525390625,0.48077392578125,0.51873779296875,0.4923095703125,-0.01171875,-0.0234375,0.01171875,0.0,-0.001953125,0.001953125,829.5,0.0,186.8,22.7,16.5,,,,,,,,
2026-09-03 17:13:39.420049,0.50738525390625,0.48077392578125,0.5186767578125,0.4923095703125,-0.01171875,0.0234375,-0.02734375,0.0,0.001953125,0.0,834.25,0.0,186.8,22.0,16.5,,,,,,,,
2026-09-03 17:13:39.515121,0.50732421875,0.480712890625,0.51873779296875,0.49237060546875,-0.01171875,0.015625,0.01171875,0.001953125,-0.001953125,0.0,834.25,0.0,186.8,22.0,16.5,,,,,,,,
2026-09-03 17:13:39.619135,0.50732421875,0.480712890625,0.51873779296875,0.49237060546875,-0.00390625,0.0234375,0.01953125,0.0,0.0,-0.00390625,838.25,0.0,186.8,22.0,16.5,,,,,,,,
2026-09-03 17:13:39.714615,0.50732421875,0.48077392578125,0.5186767578125,0.49237060546875,0.02734375,0.0234375,0.01953125,-0.001953125,-0.001953125,0.0,838.25,0.0,186.8,22.0,16.5,,,,,,,,
2026-09-03 17:13:39.820339,0.50738525390625,0.48077392578125,0.5186767578125,0.4923095703125,-0.01171875,0.0234375,0.01953125,0.0,0.0,-0.001953125,835.75,0.0,186.8,21.6,16.5,,,,,,,,
2026-09-03 17:13:39.920463,0.5074462890625,0.4808349609375,0.51861572265625,0.4923095703125,0.02734375,0.015625,-0.01953125,-0.001953125,-0.001953125,0.001953125,835.75,0.0,186.8,21.6,16.5,,,,,,,,
2026-09-03 17:13:40.021826,-1.49249267578125,-1.5191650390625,0.5185546875,0.49224853515625,-0.01171875,-0.0625,-0.01953125,-0.001953125,0.0,0.0,840.5,0.0,186.8,21.2,16.5,,,,,,,,
2026-09-03 17:13:40.120463,-1.492431640625,0.4808349609375,0.5185546875,0.4921875,-0.01171875,0.015625,0.01953125,0.001953125,-0.001953125,0.001953125,840.5,0.0,186.8,21.2,16.5,,,,,,,,
2026-09-03 17:13:40.221659,0.50762939453125,0.4808349609375,0.5185546875,0.4921875,0.02734375,0.015625,0.01953125,0.001953125,0.0,0.0,840.5,0.0,186.8,20.8,16.5,2.0,12.0,36.97267466666667,-122.03501933333334,15.8,0.71,,
2026-09-03 17:13:40.320964,0.50762939453125,0.4808349609375,0.5185546875,0.4921875,-0.046875,-0.0234375,0.01953125,0.0,0.0,0.0,840.5,0.0,186.8,20.8,16.5,2.0,12.0,36.97267466666667,-122.03501933333334,15.8,0.71,,
2026-09-03 17:13:40.421126,0.50762939453125,0.4808349609375,0.5185546875,0.4921875,-0.01171875,0.0234375,0.01953125,0.0,0.0,0.0,838.25,0.0,186.8,20.8,16.5,2.0,12.0,36.97267466666667,-122.03501933333334,15.8,0.71,,
2026-09-03 17:13:40.522938,0.507568359375,0.4808349609375,0.5185546875,0.4921875,0.02734375,0.0234375,-0.02734375,0.0,0.0,0.0,838.25,0.0,186.8,20.8,16.5,2.0,12.0,36.97267466666667,-122.03501933333334,15.8,0.71,,
2026-09-03 17:13:40.636425,0.507568359375,0.48077392578125,0.5185546875,0.4921875,-0.01171875,-0.0625,0.01953125,0.0,0.0,0.0,844.5,0.0,186.8,20.4,16.5,2.0,12.0,36.97267466666667,-122.03501933333334,15.8,0.71,,
2026-09-03 17:13:40.734586,0.507568359375,0.48077392578125,0.5185546875,0.4921875,-0.01171875,-0.015625,0.01953125,0.0,0.0,0.0,844.5,0.0,186.8,20.4,16.5,2.0,12.0,36.97267466666667,-122.03501933333334,15.8,0.71,,
2026-09-03 17:13:40.835458,0.50762939453125,0.48077392578125,0.5185546875,0.4921875,0.02734375,0.0234375,0.01953125,0.0,0.0,0.0,841.25,0.0,186.8,20.8,16.5,2.0,12.0,36.97267466666667,-122.03501933333334,15.8,0.71,,
2026-09-03 17:13:40.934118,0.507568359375,0.48077392578125,0.51861572265625,0.4921875,-0.01171875,-0.015625,0.01171875,0.0,0.0,0.0,841.25,0.0,186.8,20.8,16.5,2.0,12.0,36.97267466666667,-122.03501933333334,15.8,0.71,,
2026-09-03 17:13:41.021079,0.507568359375,0.48077392578125,0.51861572265625,0.4921875,-0.01953125,0.0234375,-0.02734375,0.0,0.0,0.0,842.0,0.0,186.8,20.4,16.5,2.0,12.0,36.97267466666667,-122.03501933333334,15.8,0.71,,
2026-09-03 17:13:41.128124,0.50762939453125,0.480712890625,0.5186767578125,0.4921875,-0.0546875,-0.015625,0.01171875,0.0,0.0,0.0,842.0,0.0,186.8,20.4,16.5,2.0,12.0,36.97267466666667,-122.03501933333334,15.8,0.71,,
2026-09-03 17:13:41.236813,0.507568359375,0.480712890625,0.5186767578125,0.4921875,-0.01171875,-0.015625,0.01953125,0.0,0.0,0.0,836.5,0.0,186.8,20.4,16.5,,,,,,,,
2026-09-03 17:13:41.335705,0.50762939453125,0.480712890625,0.51861572265625,0.4921875,-0.01171875,0.0234375,-0.01953125,0.0,0.0,0.0,836.5,0.0,186.8,20.4,16.5,,,,,,,,
2026-09-03 17:13:41.436164,0.50762939453125,0.480712890625,0.51861572265625,0.4921875,-0.046875,-0.0234375,0.01953125,0.0,0.0,0.0,840.5,0.0,186.8,20.4,16.5,,,,,,,,
2026-09-03 17:13:41.535668,0.50762939453125,0.48077392578125,0.51861572265625,0.4921875,0.02734375,-0.0234375,0.01953125,0.0,0.0,0.0,840.5,0.0,186.8,20.4,16.5,,,,,,,,
2026-09-03 17:13:41.625483,0.50762939453125,0.48077392578125,0.51861572265625,0.4921875,-0.01171875,-0.015625,0.01953125,0.0,0.0,0.0,839.75,0.0,186.8,20.4,16.5,,,,,,,,
2026-09-03 17:13:41.720607,0.50762939453125,0.48077392578125,0.51861572265625,0.4921875,-0.01171875,0.0234375,0.01171875,0.0,0.0,0.0,839.75,0.0,186.8,20.4,16.5,,,,,,,,
2026-09-03 17:13:41.826036,0.50762939453125,0.480712890625,0.51861572265625,0.4921875,-0.01171875,0.0234375,0.01171875,0.0,0.0,0.0,842.0,0.0,186.8,20.4,16.5,,,,,,,,
2026-09-03 17:13:41.925722,0.507568359375,0.480712890625,0.51861572265625,0.4921875,-0.01171875,0.0234375,0.01171875,0.0,0.0,0.0,842.0,0.0,186.8,20.4,16.5,,,,,,,,
2026-09-03 17:13:42.025651,0.507568359375,0.480712890625,0.5186767578125,0.49224853515625,0.02734375,-0.0546875,-0.02734375,0.0,0.0,0.0,843.75,0.0,186.8,20.0,16.5,,,,,,,,
2026-09-03 17:13:42.132603,0.507568359375,0.480712890625,0.5186767578125,0.49224853515625,0.02734375,0.03125,-0.01953125,0.0,0.0,0.0,843.75,0.0,186.8,20.0,16.5,,,,,,,,
2026-09-03 17:13:42.233561,0.507568359375,0.480712890625,0.5186767578125,0.4921875,-0.01171875,0.0234375,0.01953125,0.0,0.0,0.0,836.5,0.0,186.8,20.4,16.5,,,,,,,,
2026-09-03 17:13:42.332696,0.507568359375,0.480712890625,0.51861572265625,0.4921875,0.02734375,-0.015625,-0.01953125,0.0,0.0,0.0,836.5,0.0,186.8,20.4,16.5,,,,,,,,
2026-09-03 17:13:42.433992,0.50762939453125,0.480712890625,0.51861572265625,0.4921875,-0.01953125,0.0234375,0.01953125,0.0,0.0,0.0,841.25,0.0,186.8,20.0,16.5,,,,,,,,
2026-09-03 17:13:42.534246,0.50762939453125,0.480712890625,0.51861572265625,0.4921875,0.02734375,0.0234375,0.01953125,0.0,0.0,0.0,841.25,0.0,186.8,20.0,16.5,,,,,,,,
2026-09-03 17:13:42.617605,0.50762939453125,0.480712890625,0.51861572265625,0.4921875,0.02734375,-0.0625,-0.01953125,0.0,0.0,0.0,843.75,0.0,186.8,20.0,16.5,,,,,,,,
2026-09-03 17:13:42.725979,0.50762939453125,0.480712890625,0.51861572265625,0.49212646484375,0.02734375,-0.015625,-0.01953125,0.0,0.0,0.0,843.75,0.0,186.8,20.0,16.5,,,,,,,,
2026-09-03 17:13:42.823837,0.5076904296875,0.480712890625,0.51861572265625,0.49212646484375,-0.01953125,-0.015625,-0.01953125,0.0,0.0,0.0,839.0,0.0,186.8,20.0,16.5,,,,,,,,
2026-09-03 17:13:42.921861,0.5076904296875,0.480712890625,0.51861572265625,0.49212646484375,-0.01953125,-0.015625,0.01953125,0.0,0.0,0.0,839.0,0.0,186.8,20.0,16.5,,,,,,,,
2026-09-03 17:13:43.024199,0.5076904296875,0.480712890625,0.51861572265625,0.4920654296875,0.02734375,0.0234375,0.01953125,0.0,0.0,0.0,842.75,0.0,186.8,20.0,16.5,2.0,12.0,36.97267466666667,-122.03501933333334,15.8,0.71,0.031,
2026-09-03 17:13:43.123838,0.5076904296875,0.480712890625,0.51861572265625,0.4920654296875,0.01953125,0.0234375,-0.01953125,0.0,0.0,0.0,842.75,0.0,186.8,20.0,16.5,2.0,12.0,36.97267466666667,-122.03501933333334,15.8,0.71,0.031,
2026-09-03 17:13:43.225058,0.50775146484375,0.480712890625,0.51861572265625,0.4920654296875,-0.0546875,-0.015625,0.01953125,0.0,0.0,0.0,842.75,0.0,186.8,19.6,16.5,2.0,12.0,36.972674,-122.03501883333334,16.0,0.71,0.031,
2026-09-03 17:13:43.324472,0.50775146484375,0.480712890625,0.51861572265625,0.4920654296875,-0.01171875,0.0234375,-0.01953125,0.0,0.0,0.0,842.75,0.0,186.8,19.6,16.5,2.0,12.0,36.972674,-122.03501883333334,16.0,0.71,0.031,
2026-09-03 17:13:43.424820,0.5076904296875,0.480712890625,0.51861572265625,0.4920654296875,-0.01171875,-0.0234375,0.01953125,0.0,0.0,0.0,844.5,0.0,186.8,19.6,16.5,2.0,12.0,36.972674,-122.03501883333334,16.0,0.71,0.031,
2026-09-03 17:13:43.524359,0.5076904296875,0.48077392578125,0.51861572265625,0.4920654296875,-0.01171875,0.0234375,-0.01953125,0.0,0.0,0.0,844.5,0.0,186.8,19.6,16.5,2.0,12.0,36.972674,-122.03501883333334,16.0,0.71,0.031,
2026-09-03 17:13:43.625082,0.5076904296875,0.48077392578125,0.51861572265625,0.4920654296875,-0.01171875,0.0234375,-0.51953125,0.0,0.0,0.0,842.0,0.0,186.8,19.6,16.5,2.0,12.0,36.972674,-122.03501883333334,16.0,0.71,0.031,
2026-09-03 17:13:43.724903,0.5076904296875,0.48077392578125,0.51861572265625,0.49212646484375,-0.00390625,-0.015625,0.01953125,0.0,0.0,0.0,842.0,0.0,186.8,19.6,16.5,2.0,12.0,36.972674,-122.03501883333334,16.0,0.71,0.031,
2026-09-03 17:13:43.825040,0.5076904296875,0.48077392578125,0.5185546875,0.49212646484375,0.02734375,0.0234375,-0.01953125,0.0,0.0,0.0,842.75,0.0,188.6,19.6,16.5,2.0,12.0,36.972674,-122.03501883333334,16.0,0.71,0.031,
2026-09-03 17:13:43.925320,0.5076904296875,0.48077392578125,0.51861572265625,0.49212646484375,-0.01171875,0.0234375,0.01171875,0.0,0.0,0.0,842.75,0.0,188.6,19.6,16.5,2.0,12.0,36.972674,-122.03501883333334,16.0,0.71,0.031,
2026-09-03 17:13:44.026688,0.5076904296875,0.48077392578125,0.51861572265625,0.49212646484375,-0.01171875,-0.0234375,0.01953125,0.0,0.0,0.0,844.5,0.0,188.6,19.6,16.5,2.0,12.0,36.972674,-122.03501883333334,16.0,0.71,0.044,
2026-09-03 17:13:44.126976,0.5076904296875,0.48077392578125,0.51861572265625,0.49212646484375,0.02734375,0.015625,-0.01953125,0.0,0.0,0.0,844.5,0.0,188.6,19.6,16.5,2.0,12.0,36.972674,-122.03501883333334,16.0,0.71,0.044,
2026-09-03 17:13:44.229884,0.5076904296875,0.48077392578125,0.5185546875,0.49212646484375,-0.01171875,-0.0234375,-0.01953125,0.0,0.0,0.0,845.25,0.0,188.6,19.6,16.5,2.0,12.0,36.972673666666665,-122.03501866666667,16.1,0.71,0.044,
2026-09-03 17:13:44.333602,0.5076904296875,0.48077392578125,0.5185546875,0.49212646484375,-0.01171875,0.0234375,-0.01953125,0.0,0.0,0.0,845.25,0.0,188.6,19.6,16.5,2.0,12.0,36.972673666666665,-122.03501866666667,16.1,0.71,0.044,
2026-09-03 17:13:44.434212,0.5076904296875,0.48077392578125,0.5185546875,0.49212646484375,-0.01171875,0.015625,0.01953125,0.0,0.0,0.0,850.75,0.0,188.6,19.2,16.5,2.0,12.0,36.972673666666665,-122.03501866666667,16.1,0.71,0.044,
2026-09-03 17:13:44.534697,0.5076904296875,0.48077392578125,0.5185546875,0.49212646484375,0.02734375,-0.015625,-0.01953125,0.0,0.0,0.0,850.75,0.0,188.6,19.2,16.5,2.0,12.0,36.972673666666665,-122.03501866666667,16.1,0.71,0.044,
2026-09-03 17:13:44.634654,0.5076904296875,0.48077392578125,0.5185546875,0.49212646484375,-0.01953125,0.0234375,-0.01953125,0.0,0.0,0.0,846.75,0.0,188.6,18.8,16.5,2.0,12.0,36.972673666666665,-122.03501866666667,16.1,0.71,0.044,
2026-09-03 17:13:44.726210,0.5076904296875,0.48077392578125,0.51861572265625,0.4920654296875,0.01953125,-0.0625,0.01953125,0.0,0.0,0.0,846.75,0.0,188.6,18.8,16.5,2.0,12.0,36.972673666666665,-122.03501866666667,16.1,0.71,0.044,
2026-09-03 17:13:44.826226,0.50775146484375,0.48077392578125,0.51861572265625,0.4920654296875,0.01953125,-0.015625,0.01953125,0.0,0.0,0.0,850.0,0.0,188.6,19.2,16.5,2.0,12.0,36.972673666666665,-122.03501866666667,16.1,0.71,0.044,
2026-09-03 17:13:44.926492,0.5076904296875,0.480712890625,0.51861572265625,0.4920654296875,-0.01171875,0.0234375,0.01171875,0.0,0.0,0.0,850.0,0.0,188.6,19.2,16.5,2.0,12.0,36.972673666666665,-122.03501866666667,16.1,0.71,0.044,
2026-09-03 17:13:45.025888,0.5076904296875,0.480712890625,0.5186767578125,0.4920654296875,0.01953125,0.0234375,-0.01953125,0.0,0.0,0.0,842.0,0.0,188.6,19.6,16.5,2.0,12.0,36.972673666666665,-122.03501866666667,16.1,0.71,0.044,
2026-09-03 17:13:45.232632,0.5076904296875,0.480712890625,0.5186767578125,0.4920654296875,-0.01953125,-0.015625,-0.01953125,-0.001953125,-0.001953125,-0.001953125,840.5,0.0,188.6,19.6,16.5,2.0,12.0,36.97267333333333,-122.0350185,16.1,0.71,0.044,
2026-09-03 17:13:45.330206,0.5076904296875,0.480712890625,0.51873779296875,0.4920654296875,-0.01953125,-0.015625,0.01953125,0.001953125,0.0,0.001953125,840.5,0.0,188.6,19.6,16.5,2.0,12.0,36.97267333333333,-122.0350185,16.1,0.71,0.044,
2026-09-03 17:13:45.441834,0.50775146484375,0.480712890625,0.51873779296875,0.49200439453125,-0.01171875,-0.015625,-0.01953125,0.0,0.001953125,-0.001953125,842.0,0.0,188.6,19.2,16.5,2.0,12.0,36.97267333333333,-122.0350185,16.1,0.71,0.044,
2026-09-03 17:13:45.541587,0.50775146484375,0.48077392578125,0.51873779296875,0.491943359375,0.01953125,0.0234375,0.01953125,0.0,-0.001953125,0.001953125,842.0,0.0,188.6,19.2,16.5,2.0,12.0,36.97267333333333,-122.0350185,16.1,0.71,0.044,
2026-09-03 17:13:45.642013,0.50775146484375,0.480712890625,0.51873779296875,0.491943359375,0.01171875,0.0234375,-0.01953125,0.0,0.001953125,-0.001953125,842.75,0.0,188.6,19.2,16.5,2.0,12.0,36.97267333333333,-122.0350185,16.1,0.71,0.044,
2026-09-03 17:13:45.741251,0.50775146484375,0.480712890625,0.518798828125,0.491943359375,-0.01953125,-0.0234375,0.01171875,0.0,-0.001953125,-0.001953125,842.75,0.0,188.6,19.2,16.5,2.0,12.0,36.97267333333333,-122.0350185,16.1,0.71,0.044,
2026-09-03 17:13:45.839352,0.5078125,0.48065185546875,0.518798828125,0.491943359375,-0.01953125,-0.015625,0.01953125,-0.001953125,-0.001953125,0.001953125,843.75,0.0,188.6,19.2,16.5,2.0,12.0,36.97267333333333,-122.0350185,16.1,0.71,0.044,
2026-09-03 17:13:45.928639,0.50787353515625,0.48065185546875,0.51873779296875,0.49188232421875,-0.01953125,-0.015625,0.01953125,0.0,0.0,0.0,843.75,0.0,188.6,19.2,16.5,2.0,12.0,36.97267333333333,-122.0350185,16.1,0.71,0.044,
2026-09-03 17:13:46.029659,0.50787353515625,0.480712890625,0.51873779296875,0.4918212890625,0.01953125,0.0234375,-0.01953125,-0.001953125,-0.001953125,-0.001953125,842.75,0.0,188.6,19.2,16.5,2.0,12.0,36.97267333333333,-122.0350185,16.1,0.71,0.044,
2026-09-03 17:13:46.129250,0.5078125,0.48065185546875,0.51873779296875,0.49188232421875,-0.02734375,-0.0234375,0.01953125,-0.00390625,0.0,0.0,842.75,0.0,188.6,19.2,16.5,2.0,12.0,36.97267333333333,-122.0350185,16.1,0.71,0.044,
2026-09-03 17:13:46.244926,0.5078125,0.48065185546875,0.518798828125,0.49188232421875,-0.01953125,-0.0234375,0.01953125,0.001953125,0.001953125,0.001953125,843.75,0.0,188.6,19.2,16.5,2.0,12.0,36.97267316666667,-122.03501833333333,16.1,0.71,0.044,
2026-09-03 17:13:46.344588,0.5078125,0.48065185546875,0.518798828125,0.49188232421875,0.01953125,0.015625,-0.01953125,0.0,0.0,0.0,843.75,0.0,188.6,19.2,16.5,2.0,12.0,36.97267316666667,-122.03501833333333,16.1,0.71,0.044,
2026-09-03 17:13:46.444199,0.5078125,0.48065185546875,0.518798828125,0.49188232421875,-0.01953125,0.0234375,-0.01953125,0.0,0.0,0.0,844.5,0.0,188.6,19.2,16.5,2.0,12.0,36.97267316666667,-122.03501833333333,16.1,0.71,0.044,
2026-09-03 17:13:46.543443,0.5078125,0.48065185546875,0.518798828125,0.49188232421875,-0.01953125,-0.0234375,0.01953125,0.0,0.0,0.0,844.5,0.0,188.6,19.2,16.5,2.0,12.0,36.97267316666667,-122.03501833333333,16.1,0.71,0.044,
2026-09-03 17:13:46.637488,0.5078125,0.48065185546875,0.518798828125,0.49188232421875,0.01953125,-0.0234375,0.01953125,0.0,0.0,0.0,847.5,0.0,188.6,19.2,16.5,2.0,12.0,36.97267316666667,-122.03501833333333,16.1,0.71,0.044,
2026-09-03 17:13:46.728523,0.5078125,0.48065185546875,0.518798828125,0.49188232421875,0.01953125,-0.0234375,0.01953125,0.0,0.0,0.0,847.5,0.0,188.6,19.2,16.5,2.0,12.0,36.97267316666667,-122.03501833333333,16.1,0.71,0.044,
2026-09-03 17:13:46.836404,0.5078125,0.48065185546875,0.518798828125,0.49188232421875,0.02734375,-0.015625,-0.02734375,0.0,0.0,0.0,848.25,0.0,188.6,18.8,16.5,2.0,12.0,36.97267316666667,-122.03501833333333,16.1,0.71,0.044,
2026-09-03 17:13:46.934203,0.5078125,0.48065185546875,0.518798828125,0.49188232421875,-0.046875,0.0234375,0.01171875,0.0,0.0,0.0,848.25,0.0,188.6,18.8,16.5,2.0,12.0,36.97267316666667,-122.03501833333333,16.1,0.71,0.044,
2026-09-03 17:13:47.042017,0.50775146484375,0.48065185546875,0.518798828125,0.491943359375,-0.01953125,0.015625,0.01171875,0.0,0.0,0.0,849.0,0.0,188.6,19.2,16.5,2.0,12.0,36.97267316666667,-122.03501833333333,16.1,0.71,0.044,
2026-09-03 17:13:47.143623,0.5076904296875,0.48065185546875,0.518798828125,0.49200439453125,0.01953125,-0.0234375,-0.01953125,0.0,0.0,0.0,849.0,0.0,188.6,19.2,16.5,,,,,,,,
2026-09-03 17:13:47.243453,0.5076904296875,0.48065185546875,0.518798828125,0.49200439453125,-0.01953125,0.015625,0.01953125,0.0,0.0,0.0,848.25,0.0,188.6,19.2,16.5,,,,,,,,
2026-09-03 17:13:47.343181,0.50775146484375,0.48065185546875,0.518798828125,0.491943359375,0.01953125,-0.015625,-0.01953125,0.0,0.0,0.0,848.25,0.0,188.6,19.2,16.5,,,,,,,,
2026-09-03 17:13:47.444401,0.50775146484375,0.48065185546875,0.518798828125,0.491943359375,-0.01953125,0.0234375,-0.01953125,0.0,0.0,0.0,848.25,0.0,188.6,19.2,16.5,,,,,,,,
2026-09-03 17:13:47.535636,0.50775146484375,0.48065185546875,0.518798828125,0.491943359375,-0.01953125,-0.015625,0.01953125,0.0,0.0,0.0,848.25,0.0,188.6,19.2,16.5,,,,,,,,
2026-09-03 17:13:47.644030,0.50775146484375,0.48065185546875,0.518798828125,0.491943359375,-0.01171875,-0.015625,-0.01953125,0.0,0.0,0.0,844.5,0.0,188.6,19.6,16.5,,,,,,,,
2026-09-03 17:13:47.743572,0.50775146484375,0.48065185546875,0.518798828125,0.491943359375,0.02734375,0.0234375,0.01953125,0.0,0.0,0.0,844.5,0.0,188.6,19.6,16.5,,,,,,,,
2026-09-03 17:13:47.843660,0.50775146484375,0.480712890625,0.51873779296875,0.491943359375,-0.01171875,-0.015625,-0.01953125,0.0,0.0,0.0,842.0,0.0,188.6,19.6,16.5,,,,,,,,
2026-09-03 17:13:47.943253,0.50775146484375,0.480712890625,0.51873779296875,0.491943359375,-0.01171875,-0.0234375,-0.01953125,0.0,0.0,0.0,842.0,0.0,188.6,19.6,16.5,,,,,,,,
2026-09-03 17:13:48.035666,0.5076904296875,0.480712890625,0.51873779296875,0.49200439453125,-0.01171875,0.015625,0.01953125,0.0,0.0,0.0,844.5,0.0,188.6,19.2,16.5,,,,,,,,
2026-09-03 17:13:48.271701,0.5076904296875,0.48077392578125,0.5186767578125,0.49200439453125,0.02734375,0.015625,-0.01953125,0.0,0.0,0.0,835.75,0.0,188.6,19.6,16.5,,,,,,,,
2026-09-03 17:13:48.368328,0.5076904296875,0.48077392578125,0.5186767578125,0.49200439453125,-0.01953125,0.0234375,-0.01953125,0.0,0.0,0.0,839.0,0.0,188.6,19.6,16.1,,,,,,,,
2026-09-03 17:13:48.468577,0.50775146484375,0.48077392578125,0.5186767578125,0.49200439453125,-0.01953125,-0.015625,-0.01953125,0.0,0.0,0.0,839.0,0.0,188.6,19.6,16.1,,,,,,,,
2026-09-03 17:13:48.568570,0.50775146484375,0.480712890625,0.51873779296875,0.491943359375,-0.01953125,0.0234375,0.01953125,0.0,0.0,0.0,837.5,0.0,188.6,19.6,16.1,,,,,,,,
2026-09-03 17:13:48.654372,0.50775146484375,0.48077392578125,0.51873779296875,0.491943359375,0.01953125,0.015625,0.01953125,0.00390625,0.0,0.001953125,837.5,0.0,188.6,19.6,16.1,,,,,,,,
2026-09-03 17:13:48.759986,0.50775146484375,0.48077392578125,0.5186767578125,0.491943359375,-0.01953125,0.015625,0.01953125,0.001953125,0.0,0.0,842.0,0.0,188.6,19.6,16.1,,,,,,,,
2026-09-03 17:13:48.858760,0.5076904296875,0.480712890625,0.51873779296875,0.491943359375,-0.01171875,0.015625,-0.01953125,-0.001953125,0.001953125,0.001953125,842.0,0.0,188.6,19.6,16.1,,,,,,,,
2026-09-03 17:13:48.953503,0.5076904296875,0.480712890625,0.51873779296875,0.49200439453125,-0.01171875,-0.0234375,-0.01953125,0.0,-0.001953125,0.001953125,842.0,0.0,188.6,19.6,16.1,,,,,,,,
2026-09-03 17:13:49.059535,0.5076904296875,0.480712890625,0.51873779296875,0.491943359375,-0.01171875,0.015625,-0.01953125,0.0,0.001953125,0.0,834.25,0.0,188.6,19.6,16.1,,,,,,,,
2026-09-03 17:13:49.153988,0.5076904296875,0.48077392578125,0.51873779296875,0.491943359375,0.02734375,-0.015625,0.01953125,0.0,0.0,0.0,834.25,0.0,188.6,19.6,16.1,2.0,12.0,36.972673666666665,-122.035017,16.3,0.66,0.044,
2026-09-03 17:13:49.260376,0.5076904296875,0.48077392578125,0.51873779296875,0.49200439453125,-0.01171875,-0.015625,0.01953125,0.001953125,0.0,0.0,840.5,0.0,188.6,19.2,16.1,2.0,12.0,36.972673666666665,-122.035017,16.3,0.66,0.044,
2026-09-03 17:13:49.358347,0.5076904296875,0.480712890625,0.5186767578125,0.4920654296875,0.02734375,-0.015625,-0.02734375,0.0,0.001953125,0.0,845.25,0.0,188.6,19.6,16.1,2.0,12.0,36.972673666666665,-122.035017,16.3,0.66,0.044,
2026-09-03 17:13:49.460071,0.50762939453125,0.480712890625,0.51873779296875,0.4920654296875,-0.01171875,0.0234375,0.01171875,0.0,0.0,0.0,845.25,0.0,188.6,19.6,16.1,2.0,12.0,36.972673666666665,-122.035017,16.3,0.66,0.044,
2026-09-03 17:13:49.559285,0.507568359375,0.480712890625,0.51873779296875,0.49212646484375,-0.01171875,0.0234375,0.01953125,0.0,0.0,0.001953125,844.5,0.0,188.6,19.2,16.1,2.0,12.0,36.972673666666665,-122.035017,16.3,0.66,0.044,
2026-09-03 17:13:49.659406,0.50762939453125,0.480712890625,0.51873779296875,0.4920654296875,-0.01171875,0.0234375,0.01953125,0.0,0.0,0.001953125,844.5,0.0,188.6,19.2,16.1,2.0,12.0,36.972673666666665,-122.035017,16.3,0.66,0.044,
2026-09-03 17:13:49.758626,0.50762939453125,0.480712890625,0.51873779296875,0.4920654296875,-0.01171875,0.0234375,0.01171875,0.0,0.0,0.0,847.5,0.0,188.6,19.6,20.0,2.0,12.0,36.972673666666665,-122.035017,16.3,0.66,0.044,
2026-09-03 17:13:49.851624,0.50762939453125,0.480712890625,0.51873779296875,0.4920654296875,-0.01171875,-0.0234375,-0.02734375,0.0,0.0,0.0,847.5,0.0,188.6,19.6,20.0,2.0,12.0,36.972673666666665,-122.035017,16.3,0.66,0.044,
2026-09-03 17:13:49.957509,0.50762939453125,0.480712890625,0.51873779296875,0.49212646484375,0.02734375,-0.0234375,0.01171875,0.0,0.0,0.0,860.75,0.0,188.6,24.7,17.3,2.0,12.0,36.972673666666665,-122.035017,16.3,0.66,0.044,
2026-09-03 17:13:50.067246,0.507568359375,0.480712890625,0.51873779296875,0.49212646484375,0.01953125,0.0234375,0.01171875,-0.001953125,0.0,0.0,860.75,0.0,188.6,24.7,17.3,2.0,12.0,36.972673666666665,-122.035017,16.3,0.66,0.044,
2026-09-03 17:13:50.166686,0.507568359375,0.48065185546875,0.51873779296875,0.49212646484375,-0.01953125,0.015625,0.00390625,0.0,0.0,0.0,809.25,0.0,188.6,27.8,17.3,,,,,,,,
2026-09-03 17:13:50.266500,0.50762939453125,0.48065185546875,0.518798828125,0.49212646484375,-0.01171875,0.015625,0.00390625,0.0,-0.001953125,0.001953125,809.25,0.0,188.6,27.8,17.3,,,,,,,,
2026-09-03 17:13:50.367188,0.50750732421875,0.48065185546875,0.518798828125,0.4921875,-0.01171875,0.015625,0.00390625,0.001953125,0.0,0.001953125,798.25,0.0,188.6,31.0,17.3,,,,,,,,
2026-09-03 17:13:50.457180,0.50750732421875,0.4805908203125,0.51885986328125,0.49224853515625,-0.546875,-0.0234375,-0.03515625,-0.001953125,0.0,0.001953125,798.25,0.0,188.6,31.0,17.3,,,,,,,,
2026-09-03 17:13:50.680895,0.5074462890625,0.4805908203125,0.51885986328125,0.4923095703125,0.02734375,-0.015625,0.00390625,0.0,0.0,0.001953125,775.75,0.0,188.6,38.4,17.6,,,,,,,,
2026-09-03 17:13:50.768672,0.50726318359375,0.48052978515625,0.5189208984375,0.49237060546875,0.02734375,-0.015625,0.00390625,0.0,-0.001953125,0.001953125,772.5,0.0,188.6,40.4,18.0,,,,,,,,
2026-09-03 17:13:50.870146,0.50726318359375,0.48052978515625,0.51898193359375,0.49237060546875,0.01953125,-0.015625,0.00390625,0.0,0.0,-0.001953125,772.5,0.0,188.6,40.4,18.0,,,,,,,,
2026-09-03 17:13:50.967020,0.50732421875,0.48052978515625,0.51898193359375,0.49237060546875,-0.046875,0.015625,0.00390625,0.0,0.0,0.0,783.5,0.0,188.6,42.0,18.0,,,,,,,,
2026-09-03 17:13:51.065306,0.50732421875,0.4805908203125,0.5189208984375,0.4923095703125,-0.00390625,0.0625,0.01953125,0.001953125,0.0,0.0,783.5,0.0,188.6,42.0,18.0,,,,,,,,
2026-09-03 17:13:51.161931,0.50738525390625,0.4805908203125,0.5189208984375,0.49224853515625,0.10546875,0.015625,-0.02734375,-0.001953125,0.0,0.001953125,745.25,0.0,188.6,43.5,17.3,,,,,,,,
2026-09-03 17:13:51.266918,0.50738525390625,-1.5194091796875,0.51898193359375,0.49224853515625,0.00390625,-0.0234375,0.00390625,-0.005859375,0.0,0.0,745.25,0.0,188.6,43.5,17.3,,,,,,,,
2026-09-03 17:13:51.367637,0.50732421875,0.48046875,0.51904296875,0.4923095703125,-0.1328125,0.0234375,0.00390625,-0.001953125,0.0,0.0,745.25,0.0,188.6,41.6,17.6,,,,,,,,
2026-09-03 17:13:51.467717,0.50738525390625,0.48052978515625,0.51898193359375,0.49224853515625,-0.1015625,0.0234375,0.00390625,0.0,0.001953125,-0.00390625,745.25,0.0,188.6,41.6,17.6,,,,,,,,
2026-09-03 17:13:51.567956,0.50732421875,0.480712890625,0.51885986328125,0.4923095703125,-0.19921875,-0.015625,-0.02734375,0.005859375,-0.001953125,0.0,746.75,0.0,188.6,41.2,17.6,,,,,,,,
2026-09-03 17:13:51.661968,0.5068359375,0.4813232421875,0.51824951171875,0.4927978515625,-0.19921875,0.015625,-0.01953125,0.0,0.001953125,-0.001953125,746.75,0.0,188.6,41.2,17.6,,,,,,,,
2026-09-03 17:13:51.759176,0.506591796875,0.4815673828125,0.51800537109375,0.49310302734375,-0.08984375,0.0078125,-0.01171875,-0.005859375,0.0,-0.001953125,736.5,0.0,188.6,41.6,17.6,,,,,,,,
2026-09-03 17:13:51.858383,0.5062255859375,0.4820556640625,0.517578125,0.49346923828125,-0.08984375,-0.0390625,-0.01171875,0.0,-0.001953125,-0.001953125,736.5,0.0,188.6,41.6,17.6,,,,,,,,
2026-09-03 17:13:51.964869,0.50579833984375,0.482421875,0.51715087890625,0.493896484375,-0.05859375,-0.0390625,-0.00390625,-0.001953125,0.0,0.0,745.25,0.0,188.6,41.6,18.0,,,,,,,,
2026-09-03 17:13:52.067282,0.5054931640625,0.48284912109375,0.5167236328125,0.4942626953125,-0.03515625,0.03125,-0.01171875,0.001953125,-0.001953125,0.0,745.25,0.0,188.6,41.6,18.0,,,,,,,,
2026-09-03 17:13:52.166673,0.50518798828125,0.48333740234375,0.5162353515625,0.49462890625,-0.02734375,-0.0078125,-0.00390625,0.001953125,0.0,0.0,744.5,0.0,188.6,42.4,18.0,,,,,,,,
2026-09-03 17:13:52.267375,0.50482177734375,0.48388671875,0.5157470703125,0.4949951171875,0.05078125,-0.0078125,-0.00390625,0.00390625,0.0,0.0,744.5,0.0,188.6,42.4,18.0,,,,,,,,
2026-09-03 17:13:52.367070,0.5045166015625,0.484375,0.5152587890625,0.495361328125,-0.03515625,0.03125,-0.00390625,0.00390625,0.0,0.001953125,750.75,0.0,188.6,42.4,18.0,,,,,,,,
2026-09-03 17:13:52.461065,0.5042724609375,0.48480224609375,0.5147705078125,0.49566650390625,0.00390625,-0.046875,0.00390625,0.001953125,-0.001953125,0.25,750.75,0.0,188.6,42.4,18.0,,,,,,,,
2026-09-03 17:13:52.561693,0.50408935546875,0.48529052734375,0.5142822265625,0.49591064453125,0.00390625,0.0390625,-0.00390625,0.001953125,0.0,0.001953125,751.5,0.6,188.6,42.4,18.0,,,,,,,,
2026-09-03 17:13:52.661266,0.50384521484375,0.48565673828125,0.513916015625,0.49615478515625,0.00390625,0.0,0.00390625,0.00390625,0.0,0.00390625,751.5,0.6,188.6,42.4,18.0,,,,,,,,
2026-09-03 17:13:52.761330,0.50372314453125,0.48602294921875,0.51348876953125,0.496337890625,0.02734375,-0.0078125,0.00390625,0.005859375,0.0,0.00390625,743.75,0.6,188.6,42.4,18.0,,,,,,,,
2026-09-03 17:13:52.861567,0.50347900390625,0.4864501953125,-1.4869384765625,0.49658203125,0.05078125,-0.0390625,0.04296875,0.009765625,0.0,0.00390625,743.75,0.6,188.6,42.4,18.0,,,,,,,,
2026-09-03 17:13:52.962041,0.50335693359375,0.48681640625,0.5126953125,0.49676513671875,0.04296875,0.0390625,0.00390625,0.00390625,0.0,0.0,740.5,0.6,188.6,42.7,18.0,,,,,,,,
2026-09-03 17:13:53.062321,0.5032958984375,0.487060546875,0.512451171875,0.49688720703125,0.0625,-0.0078125,0.00390625,0.00390625,-0.001953125,0.005859375,740.5,0.6,188.6,42.7,18.0,,,,,,,,
2026-09-03 17:13:53.162623,0.5032958984375,0.4871826171875,0.51226806640625,0.49688720703125,0.1015625,0.03125,0.01171875,0.00390625,0.0,0.005859375,748.25,0.6,188.6,42.4,18.0,2.0,12.0,36.97267133333333,-122.03501816666666,16.5,0.68,0.044,
2026-09-03 17:13:53.262609,0.50341796875,0.48712158203125,0.5123291015625,0.49676513671875,0.1328125,0.0234375,0.00390625,0.0,-0.001953125,0.005859375,748.25,0.6,188.6,42.4,18.0,2.0,12.0,36.97267133333333,-122.03501816666666,16.5,0.68,0.044,
2026-09-03 17:13:53.362440,0.50360107421875,0.48681640625,0.5125732421875,0.49658203125,0.046875,-0.15234375,0.00390625,0.001953125,0.0,0.0,750.75,1.2,188.6,42.4,18.0,2.0,12.0,36.97267133333333,-122.03501816666666,16.5,0.68,0.044,
2026-09-03 17:13:53.462181,0.50384521484375,0.48663330078125,0.5128173828125,0.496337890625,-0.11328125,0.03125,-0.03515625,-0.005859375,-0.001953125,0.001953125,750.75,1.2,188.6,42.4,18.0,2.0,12.0,36.97267133333333,-122.03501816666666,16.5,0.68,0.044,
2026-09-03 17:13:53.562378,0.5037841796875,0.486328125,0.51312255859375,0.496337890625,-0.08984375,-0.078125,0.04296875,-0.2578125,0.0,-0.001953125,748.25,1.2,188.6,42.4,18.0,2.0,12.0,36.97267133333333,-122.03501816666666,16.5,0.68,0.044,
2026-09-03 17:13:53.661678,0.50396728515625,0.48626708984375,0.51312255859375,0.49627685546875,0.0078125,0.09375,0.00390625,0.001953125,-0.00390625,-0.00390625,748.25,1.2,188.6,42.4,18.0,2.0,12.0,36.97267133333333,-122.03501816666666,16.5,0.68,0.044,
2026-09-03 17:13:53.761880,0.50390625,0.4862060546875,0.51318359375,0.496337890625,0.0078125,0.09765625,0.03515625,-0.00390625,0.0,-0.001953125,748.25,1.2,188.6,42.4,18.0,2.0,12.0,36.97267133333333,-122.03501816666666,16.5,0.68,0.044,
2026-09-03 17:13:53.861695,0.5040283203125,0.4862060546875,0.51318359375,0.4962158203125,0.109375,0.0,-0.00390625,0.009765625,0.0,0.00390625,748.25,1.2,188.6,42.4,18.0,2.0,12.0,36.97267133333333,-122.03501816666666,16.5,0.68,0.044,
2026-09-03 17:13:53.961915,0.504150390625,0.48614501953125,0.51324462890625,0.49603271484375,0.14453125,-0.046875,0.00390625,0.00390625,-0.001953125,0.001953125,754.5,1.2,188.6,42.4,18.0,2.0,12.0,36.97267133333333,-122.03501816666666,16.5,0.68,0.044,
2026-09-03 17:13:54.077543,0.50433349609375,0.4859619140625,0.513427734375,0.495849609375,0.11328125,0.0078125,-0.00390625,0.0,0.001953125,0.0,754.5,1.2,188.6,42.4,18.0,2.0,12.0,36.97267133333333,-122.03501816666666,16.5,0.68,0.044,
2026-09-03 17:13:54.176207,0.50457763671875,0.48553466796875,0.5137939453125,0.49560546875,0.09765625,-0.03125,-0.00390625,0.0,0.0,-0.001953125,747.5,1.2,188.6,42.4,18.0,,,,,,,,
2026-09-03 17:13:54.276055,0.5050048828125,0.48504638671875,0.5142822265625,0.49517822265625,0.02734375,0.0078125,0.07421875,0.0,-0.001953125,0.0,747.5,1.2,188.6,42.4,18.0,,,,,,,,
2026-09-03 17:13:54.376338,0.50543212890625,0.48455810546875,0.5147705078125,0.49468994140625,0.08203125,-0.0234375,-0.00390625,0.0,-0.001953125,0.0,753.75,1.2,188.6,41.6,17.6,,,,,,,,
2026-09-03 17:13:54.461933,0.50592041015625,0.484130859375,0.51513671875,0.4942626953125,-0.00390625,0.0546875,-0.00390625,0.0,0.0,0.0,753.75,1.2,188.6,41.6,17.6,,,,,,,,
2026-09-03 17:13:54.569144,0.50628662109375,0.48370361328125,0.51556396484375,0.49383544921875,0.01953125,-0.015625,-0.00390625,0.001953125,0.0,0.001953125,753.75,1.2,188.6,41.2,17.6,,,,,,,,
2026-09-03 17:13:54.660953,0.50665283203125,0.48333740234375,0.5159912109375,0.493408203125,-0.05859375,0.0546875,-0.00390625,0.0,0.001953125,0.0,753.75,1.2,188.6,41.2,17.6,,,,,,,,
2026-09-03 17:13:54.768188,0.50701904296875,0.48284912109375,0.51654052734375,0.49298095703125,0.02734375,-0.0546875,-0.00390625,0.0,0.001953125,0.0,754.5,1.2,188.6,41.2,17.6,,,,,,,,
2026-09-03 17:13:54.978394,0.50762939453125,0.4820556640625,0.517333984375,0.49224853515625,-0.01171875,-0.015625,-0.00390625,-0.001953125,0.0,0.0,752.25,1.2,188.6,40.8,17.6,,,,,,,,
2026-09-03 17:13:55.077971,0.5078125,0.481689453125,0.5177001953125,0.49200439453125,-0.04296875,-0.0546875,-0.01171875,-0.001953125,0.0,-0.001953125,752.25,1.2,188.6,40.8,17.6,,,,,,,,
2026-09-03 17:13:55.177862,0.5079345703125,0.48138427734375,0.51800537109375,0.4918212890625,-0.02734375,-0.046875,0.02734375,0.001953125,0.001953125,-0.001953125,,1.2,188.6,40.4,17.6,2.0,12.0,36.97265933333333,-122.0350235,16.6,0.68,0.044,
2026-09-03 17:13:55.277983,0.508056640625,0.48126220703125,0.5181884765625,0.49169921875,-0.05078125,0.03125,-0.01171875,0.00390625,0.0,-0.001953125,,1.2,188.6,40.4,17.6,2.0,12.0,36.97265933333333,-122.0350235,16.6,0.68,0.044,
2026-09-03 17:13:55.377685,0.50811767578125,-1.51885986328125,0.518310546875,0.49163818359375,0.00390625,-0.015625,0.02734375,0.001953125,0.0,0.0,,1.2,188.6,40.4,17.6,2.0,12.0,36.97265933333333,-122.0350235,16.6,0.68,0.044,
2026-09-03 17:13:55.477738,0.5081787109375,0.48114013671875,0.518310546875,0.49151611328125,-0.02734375,-0.0546875,-0.00390625,0.001953125,0.0,-0.001953125,,1.2,188.6,40.4,17.6,2.0,12.0,36.97265933333333,-122.0350235,16.6,0.68,0.044,
2026-09-03 17:13:55.598641,0.50830078125,0.48114013671875,0.518310546875,0.49139404296875,-0.01953125,0.0234375,-0.00390625,0.001953125,0.0,0.001953125,753.0,1.2,188.6,40.4,17.6,2.0,12.0,36.97265933333333,-122.0350235,16.6,0.68,0.044,
2026-09-03 17:13:55.688206,0.50830078125,0.48114013671875,0.51837158203125,0.49139404296875,-0.0546875,-0.0625,-0.00390625,-0.00390625,0.0,0.0,753.0,1.2,188.6,40.4,17.6,2.0,12.0,36.97265933333333,-122.0350235,16.6,0.68,0.044,
2026-09-03 17:13:55.796966,0.50823974609375,0.48114013671875,0.51837158203125,0.491455078125,-0.01953125,-0.0234375,-0.00390625,0.00390625,-0.001953125,0.00390625,752.25,1.2,188.6,40.0,17.6,2.0,12.0,36.97265933333333,-122.0350235,16.6,0.68,0.044,
2026-09-03 17:13:55.887673,0.50823974609375,0.48114013671875,0.51837158203125,0.49139404296875,-0.01171875,0.0234375,-0.00390625,0.00390625,0.0,0.001953125,752.25,1.2,188.6,40.0,17.6,2.0,12.0,36.97265933333333,-122.0350235,16.6,0.68,0.044,
2026-09-03 17:13:55.976619,0.5081787109375,0.48114013671875,0.5184326171875,0.491455078125,-0.00390625,0.015625,-0.00390625,0.0,0.0,0.0,750.75,1.2,188.6,39.6,17.6,2.0,12.0,36.97265933333333,-122.0350235,16.6,0.68,0.044,
2026-09-03 17:13:56.077375,0.50811767578125,0.48114013671875,0.5184326171875,0.49151611328125,-0.00390625,-0.015625,-0.01171875,0.0,0.0,0.0,750.75,1.2,188.6,39.6,17.6,2.0,12.0,36.97265933333333,-122.0350235,16.6,0.68,0.044,
2026-09-03 17:13:56.182127,0.508056640625,0.481201171875,0.51837158203125,0.4915771484375,-0.0234375,0.0546875,-0.00390625,0.0,-0.001953125,0.00390625,753.75,1.2,188.6,40.0,17.6,2.0,12.0,36.972649833333335,-122.03502616666668,16.6,0.68,0.044,
2026-09-03 17:13:56.276375,0.50787353515625,0.4813232421875,0.518310546875,0.49163818359375,-0.015625,0.0078125,-0.01171875,-0.001953125,0.001953125,0.0,753.75,1.2,188.6,40.0,17.6,2.0,12.0,36.972649833333335,-122.03502616666668,16.6,0.68,0.044,
2026-09-03 17:13:56.383023,0.5079345703125,0.48138427734375,0.51824951171875,0.49163818359375,-0.1171875,-0.03125,0.02734375,0.009765625,0.0,0.005859375,751.5,1.2,188.6,39.6,17.6,2.0,12.0,36.972649833333335,-122.03502616666668,16.6,0.68,0.044,
2026-09-03 17:13:56.481312,0.50787353515625,0.4818115234375,0.517822265625,0.49176025390625,-0.109375,0.0078125,-0.00390625,0.005859375,-0.001953125,0.005859375,751.5,1.2,188.6,39.6,17.6,2.0,12.0,36.972649833333335,-122.03502616666668,16.6,0.68,0.044,
2026-09-03 17:13:56.582889,0.50775146484375,-1.51788330078125,0.5174560546875,-1.50811767578125,-0.0703125,0.0390625,-0.04296875,0.00390625,0.0,0.0,752.25,1.2,188.6,39.6,17.6,2.0,12.0,36.972649833333335,-122.03502616666668,16.6,0.68,0.044,
2026-09-03 17:13:56.681252,0.507568359375,0.48260498046875,0.51702880859375,0.4920654296875,0.0,-0.0390625,-0.02734375,0.00390625,0.0,0.005859375,752.25,1.2,188.6,39.6,17.6,2.0,12.0,36.972649833333335,-122.03502616666668,16.6,0.68,0.044,
2026-09-03 17:13:56.783089,0.50732421875,0.4752197265625,0.5166015625,0.4923095703125,0.0703125,0.07421875,-0.01953125,0.005859375,0.001953125,0.001953125,753.75,1.2,188.6,39.6,17.6,2.0,12.0,36.972649833333335,-122.03502616666668,16.6,0.68,0.044,
2026-09-03 17:13:56.882849,-1.4927978515625,0.48358154296875,0.5162353515625,0.49237060546875,0.10546875,-0.0078125,0.05859375,0.005859375,0.00390625,-0.001953125,753.75,1.2,188.6,39.6,17.6,2.0,12.0,36.972649833333335,-122.03502616666668,16.6,0.68,0.044,
2026-09-03 17:13:56.983238,0.50714111328125,0.48394775390625,0.51593017578125,0.49237060546875,-0.0078125,-0.015625,0.01953125,0.005859375,-0.001953125,-0.00390625,753.0,1.2,188.6,39.2,17.6,2.0,12.0,36.972649833333335,-122.03502616666668,16.6,0.68,0.044,
2026-09-03 17:13:57.083722,0.50714111328125,0.476318359375,0.51568603515625,0.492431640625,-0.0078125,-0.0078125,-0.02734375,0.0,0.001953125,-0.001953125,753.0,1.2,188.6,39.2,17.6,2.0,12.0,36.972649833333335,-122.03502616666668,16.6,0.68,0.803,
2026-09-03 17:13:57.183354,0.50714111328125,0.48419189453125,0.515625,0.492431640625,0.06640625,0.03125,-0.05078125,0.001953125,0.0,-0.001953125,756.25,1.2,188.6,39.2,17.6,2.0,12.0,36.97264666666667,-122.03503,16.5,0.68,0.803,
2026-09-03 17:13:57.298622,0.50701904296875,0.484130859375,0.515869140625,0.49237060546875,0.0078125,0.03125,-0.00390625,-0.005859375,0.001953125,0.0,758.5,1.2,188.6,39.2,17.6,2.0,12.0,36.97264666666667,-122.03503,16.5,0.68,0.803,
2026-09-03 17:13:57.395803,0.507080078125,0.4840087890625,0.51605224609375,0.49224853515625,-0.0078125,-0.0859375,0.05859375,0.0,0.0,0.0,758.5,1.2,188.6,39.2,17.6,2.0,12.0,36.97264666666667,-122.03503,16.5,0.68,0.803,
2026-09-03 17:13:57.497204,0.507080078125,0.48388671875,0.51617431640625,0.49224853515625,0.05859375,-0.0703125,0.04296875,0.001953125,0.001953125,0.0,755.25,1.9,188.6,39.2,17.6,2.0,12.0,36.97264666666667,-122.03503,16.5,0.68,0.803,
2026-09-03 17:13:57.597331,0.507080078125,0.48382568359375,0.516357421875,0.4920654296875,0.11328125,-0.0078125,-0.00390625,0.001953125,0.00390625,-0.009765625,755.25,1.9,188.6,39.2,17.6,2.0,12.0,36.97264666666667,-122.03503,16.5,0.68,0.803,
2026-09-03 17:13:57.682854,0.50714111328125,0.4837646484375,0.5164794921875,0.49200439453125,-0.03515625,0.03125,-0.07421875,-0.00390625,0.0,-0.001953125,755.25,1.9,188.6,39.2,17.6,2.0,12.0,36.97264666666667,-122.03503,16.5,0.68,0.803,
2026-09-03 17:13:57.783829,0.5072021484375,0.48358154296875,0.5166015625,0.491943359375,-0.03515625,-0.015625,0.01171875,0.0,0.0,-0.00390625,720.25,1.9,188.6,38.4,16.5,2.0,12.0,36.97264666666667,-122.03503,16.5,0.68,0.803,
2026-09-03 17:13:57.889070,0.50732421875,0.48345947265625,0.5167236328125,0.4918212890625,0.12109375,-0.0546875,0.01953125,0.001953125,0.001953125,-0.005859375,720.25,1.9,188.6,38.4,16.5,2.0,12.0,36.97264666666667,-122.03503,16.5,0.68,0.803,
2026-09-03 17:13:57.997979,0.5076904296875,0.48333740234375,0.5169677734375,0.49127197265625,-0.01171875,-0.0078125,0.05078125,0.0078125,-0.001953125,0.0,687.5,1.9,188.6,36.1,17.3,2.0,12.0,36.97264666666667,-122.03503,16.5,0.68,0.803,
2026-09-03 17:13:58.098360,0.50811767578125,0.48333740234375,0.51678466796875,0.49102783203125,0.10546875,0.0703125,0.01171875,0.013671875,-0.00390625,-0.001953125,710.0,1.9,188.6,34.5,16.9,2.0,12.0,36.97264666666667,-122.03503,16.5,0.68,0.803,
2026-09-03 17:13:58.197213,0.50830078125,0.483154296875,0.5169677734375,0.49090576171875,0.01171875,-0.0546875,-0.06640625,0.0,0.001953125,-0.005859375,710.0,1.9,188.6,34.5,16.9,,,,,,,,
2026-09-03 17:13:58.298090,0.5084228515625,0.4830322265625,0.51727294921875,0.4906005859375,0.11328125,0.0625,-0.04296875,-0.001953125,0.00390625,-0.001953125,716.25,1.2,188.6,33.7,16.9,,,,,,,,
2026-09-03 17:13:58.392750,0.508544921875,0.482666015625,0.517578125,0.49041748046875,0.00390625,-0.0234375,-0.04296875,-0.00390625,-0.00390625,-0.001953125,716.25,1.2,188.6,33.7,16.9,,,,,,,,
2026-09-03 17:13:58.488422,0.508544921875,0.48248291015625,0.51776123046875,0.49041748046875,0.00390625,-0.0546875,0.06640625,-0.001953125,0.0,-0.0078125,716.25,1.2,188.6,33.7,16.9,,,,,,,,
2026-09-03 17:13:58.587341,0.50872802734375,0.48223876953125,0.5179443359375,0.49029541015625,0.02734375,-0.0078125,0.01171875,0.0,0.001953125,-0.001953125,709.25,1.2,188.6,32.2,16.9,,,,,,,,
2026-09-03 17:13:58.697657,0.5089111328125,0.48193359375,0.51837158203125,0.4898681640625,0.02734375,0.0703125,0.01171875,0.00390625,0.0,-0.001953125,708.5,1.2,188.6,32.2,16.9,,,,,,,,
2026-09-03 17:13:58.795114,0.5091552734375,0.481689453125,0.51861572265625,0.4896240234375,-0.01953125,0.015625,0.00390625,0.00390625,-0.001953125,0.0,708.5,1.2,188.6,32.2,16.9,,,,,,,,
2026-09-03 17:13:58.894741,0.50921630859375,0.4814453125,0.518798828125,0.4896240234375,-0.11328125,-0.0703125,-0.04296875,-0.00390625,-0.00390625,-0.005859375,708.5,1.2,188.6,32.2,16.9,,,,,,,,
2026-09-03 17:13:58.996128,0.5091552734375,0.4814453125,0.5189208984375,0.4896240234375,-0.140625,0.0078125,0.00390625,0.0,0.001953125,-0.001953125,711.5,1.2,188.6,32.2,16.9,,,,,,,,
2026-09-03 17:13:59.095844,0.50897216796875,0.4815673828125,0.5189208984375,0.48974609375,-0.1328125,-0.03125,0.01171875,0.0,0.001953125,-0.001953125,711.5,1.2,188.6,31.4,16.9,,,,,,,,
2026-09-03 17:13:59.190547,0.50872802734375,0.48175048828125,0.5186767578125,0.489990234375,-0.0859375,-0.0390625,0.04296875,0.00390625,-0.001953125,-0.001953125,711.5,1.2,188.6,31.4,16.9,,,,,,,,
2026-09-03 17:13:59.295484,0.508544921875,0.48199462890625,0.51837158203125,0.490234375,0.015625,0.0,-0.03515625,0.0,0.0,0.0,711.5,1.2,188.6,31.4,16.9,,,,,,,,
2026-09-03 17:13:59.395748,0.50823974609375,0.4822998046875,0.51812744140625,0.49053955078125,0.04296875,0.03125,-0.02734375,0.0,0.0,-0.001953125,714.75,1.2,188.6,31.0,16.9,,,,,,,,
2026-09-03 17:13:59.495003,0.50811767578125,0.48260498046875,0.517822265625,0.49072265625,0.02734375,-0.046875,0.01171875,0.00390625,-0.001953125,-0.001953125,714.75,1.2,188.6,31.0,16.9,,,,,,,,
2026-09-03 17:13:59.595611,0.50799560546875,0.4827880859375,0.517578125,0.49090576171875,-0.0078125,-0.0390625,0.01171875,0.00390625,-0.001953125,-0.001953125,710.75,1.2,188.6,30.2,16.9,,,,,,,,
2026-09-03 17:13:59.685097,0.5079345703125,0.48291015625,0.5174560546875,0.490966796875,-0.0546875,0.0078125,0.01953125,0.001953125,0.0,-0.001953125,710.75,1.2,188.6,30.2,16.9,,,,,,,,
2026-09-03 17:13:59.784070,0.50787353515625,0.48309326171875,0.51727294921875,0.49102783203125,-0.0390625,0.0078125,0.01953125,0.00390625,0.0,-0.001953125,710.0,1.2,188.6,30.2,16.9,,,,,,,,
2026-09-03 17:13:59.886966,0.5078125,0.48333740234375,0.51690673828125,0.49127197265625,0.015625,-0.0234375,-0.01953125,0.001953125,-0.00390625,0.0,710.0,1.2,188.6,30.2,16.9,,,,,,,,
2026-09-03 17:13:59.986831,0.5076904296875,0.48333740234375,0.5167236328125,0.4915771484375,-0.0234375,0.046875,0.01953125,0.001953125,-0.00390625,-0.00390625,710.0,1.2,188.6,29.8,16.9,,,,,,,,
2026-09-03 17:14:00.086608,0.507568359375,0.4833984375,0.5164794921875,0.49188232421875,-0.015625,0.0078125,0.05078125,0.0,-0.00390625,0.0,710.0,1.2,188.6,29.8,16.9,,,,,,,,
2026-09-03 17:14:00.296888,0.50750732421875,0.4835205078125,0.51593017578125,0.492431640625,0.06640625,-0.0234375,-0.02734375,0.009765625,-0.009765625,-0.00390625,705.25,1.2,188.6,30.2,16.9,2.0,12.0,36.97263066666667,-122.03504033333331,16.5,0.68,0.803,
2026-09-03 17:14:00.396540,0.5074462890625,0.483642578125,0.5155029296875,0.4927978515625,0.08984375,0.015625,-0.02734375,0.0,-0.005859375,-0.01171875,705.25,1.2,188.6,30.2,16.9,2.0,12.0,36.97263066666667,-122.03504033333331,16.5,0.68,0.803,
2026-09-03 17:14:00.496101,0.50738525390625,0.48382568359375,0.51513671875,0.49310302734375,0.04296875,0.0546875,-0.01171875,0.001953125,-0.25390625,-0.009765625,705.25,1.2,188.6,30.2,16.9,2.0,12.0,36.97263066666667,-122.03504033333331,16.5,0.68,0.803,
2026-09-03 17:14:00.596316,0.50732421875,0.4840087890625,0.51483154296875,0.4932861328125,-0.03125,0.0078125,0.02734375,0.0,-0.001953125,-0.01171875,706.25,1.2,188.6,30.2,16.9,2.0,12.0,36.97263066666667,-122.03504033333331,16.5,0.68,0.803,
2026-09-03 17:14:00.695834,0.50738525390625,0.484130859375,0.51446533203125,0.49346923828125,0.015625,0.0078125,0.01953125,0.00390625,-0.005859375,-0.009765625,706.25,1.2,188.6,30.2,16.9,2.0,12.0,36.97263066666667,-122.03504033333331,16.5,0.68,0.803,
2026-09-03 17:14:00.795528,0.507568359375,0.484375,0.5140380859375,0.49346923828125,0.0078125,-0.03125,-0.01953125,0.013671875,-0.00390625,-0.0078125,707.75,1.2,188.6,29.8,16.9,2.0,12.0,36.97263066666667,-122.03504033333331,16.5,0.68,0.803,
2026-09-03 17:14:00.895688,0.50775146484375,0.4847412109375,0.51361083984375,0.493408203125,0.03515625,-0.0703125,-0.00390625,0.015625,-0.001953125,-0.013671875,707.75,1.2,188.6,29.8,16.9,2.0,12.0,36.97263066666667,-122.03504033333331,16.5,0.68,0.803,
2026-09-03 17:14:00.995650,0.5079345703125,0.4852294921875,0.5130615234375,0.4932861328125,0.0,0.015625,-0.0546875,0.013671875,-0.00390625,-0.015625,708.5,1.2,188.6,29.8,16.9,2.0,12.0,36.97263066666667,-122.03504033333331,16.5,0.68,0.803,
2026-09-03 17:14:01.095691,0.5079345703125,0.48553466796875,0.5125732421875,0.4935302734375,-0.0546875,0.015625,-0.1171875,0.00390625,-0.00390625,-0.013671875,708.5,1.2,188.6,29.8,16.9,2.0,12.0,36.97263066666667,-122.03504033333331,16.5,0.68,0.422,
2026-09-03 17:14:01.196376,0.5078125,0.48583984375,0.51226806640625,0.49365234375,-0.12109375,0.046875,-0.09375,0.00390625,0.001953125,-0.01171875,704.5,1.2,188.6,29.8,16.9,2.0,12.0,36.972628666666665,-122.035041,17.1,0.66,0.422,
2026-09-03 17:14:01.295023,0.50775146484375,0.4862060546875,0.51190185546875,0.49371337890625,-0.10546875,0.0,0.11328125,0.00390625,-0.005859375,-0.005859375,704.5,1.2,188.6,29.8,16.9,2.0,12.0,36.972628666666665,-122.035041,17.1,0.66,0.422,
2026-09-03 17:14:01.396023,0.5079345703125,0.48626708984375,0.5113525390625,0.49395751953125,0.0703125,0.08203125,0.05859375,0.0,-0.01171875,0.0,707.75,1.2,188.6,29.8,16.9,2.0,12.0,36.972628666666665,-122.035041,17.1,0.66,0.422,
2026-09-03 17:14:01.501393,0.50823974609375,0.48626708984375,0.51080322265625,0.49420166015625,0.0859375,-0.078125,0.02734375,0.013671875,-0.0078125,0.001953125,707.75,1.2,188.6,29.8,16.9,2.0,12.0,36.972628666666665,-122.035041,17.1,0.66,0.422,
2026-09-03 17:14:01.602236,0.5084228515625,0.486328125,0.51055908203125,0.4942626953125,0.0546875,-0.0625,0.00390625,0.00390625,-0.00390625,-0.001953125,707.75,1.2,188.6,29.8,16.9,2.0,12.0,36.972628666666665,-122.035041,17.1,0.66,0.422,
2026-09-03 17:14:01.695387,0.508544921875,0.48638916015625,0.51031494140625,0.49432373046875,-0.0390625,-0.0078125,0.01171875,0.0,-0.009765625,-0.001953125,707.75,1.2,188.6,29.8,16.9,2.0,12.0,36.972628666666665,-122.035041,17.1,0.66,0.422,
2026-09-03 17:14:01.802386,0.5086669921875,0.48614501953125,0.51019287109375,0.49468994140625,0.0078125,-0.015625,0.04296875,-0.005859375,-0.009765625,0.001953125,701.5,1.2,188.6,29.8,16.9,2.0,12.0,36.972628666666665,-122.035041,17.1,0.66,0.422,
2026-09-03 17:14:01.900394,0.50872802734375,0.485595703125,0.51019287109375,0.4951171875,0.0078125,-0.015625,0.07421875,0.001953125,-0.2578125,0.001953125,706.25,1.2,188.6,29.8,16.9,2.0,12.0,36.972628666666665,-122.035041,17.1,0.66,0.422,
2026-09-03 17:14:02.001781,0.5089111328125,0.48541259765625,0.50994873046875,0.495361328125,-0.08203125,0.015625,-0.00390625,0.00390625,-0.013671875,-0.005859375,706.25,1.2,188.6,29.8,16.9,2.0,12.0,36.972628666666665,-122.035041,17.1,0.66,0.422,
2026-09-03 17:14:02.106900,0.5091552734375,0.48504638671875,0.50946044921875,0.495849609375,0.015625,-0.015625,0.02734375,0.009765625,-0.021484375,0.0,706.25,1.2,188.6,29.8,16.9,2.0,12.0,36.972628666666665,-122.035041,17.1,0.66,1.609,205.89
2026-09-03 17:14:02.210524,0.5096435546875,0.48468017578125,0.5087890625,0.4964599609375,0.03125,0.0625,-0.15625,0.001953125,-0.021484375,-0.001953125,706.25,1.2,188.6,29.8,16.9,2.0,12.0,36.972628666666665,-122.035041,17.1,0.66,1.609,205.89
2026-09-03 17:14:02.310309,0.50994873046875,0.4842529296875,0.50823974609375,0.49713134765625,0.0,0.046875,0.01953125,0.00390625,-0.0234375,0.001953125,703.75,1.2,188.6,30.2,16.9,2.0,12.0,36.972628666666665,-122.035041,17.1,0.66,1.609,205.89
2026-09-03 17:14:02.410357,0.51025390625,0.4837646484375,0.50762939453125,0.4979248046875,-0.03515625,-0.078125,-0.01171875,0.0,-0.029296875,0.001953125,703.75,1.2,188.6,30.2,16.9,2.0,12.0,36.972628666666665,-122.035041,17.1,0.66,1.609,205.89
2026-09-03 17:14:02.510459,0.5107421875,0.48309326171875,0.50677490234375,0.4989013671875,-0.08984375,0.0078125,0.01171875,-0.0078125,-0.03125,0.0,703.0,1.2,188.6,30.2,16.9,2.0,12.0,36.972628666666665,-122.035041,17.1,0.66,1.609,205.89
2026-09-03 17:14:02.611524,0.51116943359375,0.48223876953125,0.5059814453125,0.5001220703125,-0.02734375,0.015625,0.04296875,-0.005859375,-0.037109375,0.0,703.0,1.2,188.6,30.2,16.9,2.0,12.0,36.972628666666665,-122.035041,17.1,0.66,1.609,205.89
2026-09-03 17:14:02.710505,0.51165771484375,0.481201171875,0.505126953125,0.50152587890625,0.01953125,0.0078125,0.05859375,-0.01171875,-0.046875,0.0,706.25,1.2,188.6,30.6,16.9,2.0,12.0,36.972628666666665,-122.035041,17.1,0.66,1.609,205.89
2026-09-03 17:14:02.810911,0.5123291015625,0.47991943359375,0.50408935546875,0.5030517578125,-0.02734375,0.046875,0.03515625,-0.001953125,-0.05078125,0.001953125,706.25,1.2,188.6,30.6,16.9,2.0,12.0,36.972628666666665,-122.035041,17.1,0.66,1.609,205.89
2026-09-03 17:14:02.910694,0.51336669921875,0.47857666015625,0.5028076171875,0.504638671875,-0.08984375,-0.0703125,0.01953125,0.005859375,-0.060546875,0.001953125,710.0,1.9,188.6,31.0,16.9,2.0,12.0,36.972628666666665,-122.035041,17.1,0.66,1.609,205.89
2026-09-03 17:14:03.009826,0.51458740234375,0.47705078125,0.50128173828125,0.50628662109375,-0.03515625,0.015625,-0.05859375,0.009765625,-0.06640625,0.00390625,710.0,1.9,188.6,31.0,16.9,2.0,12.0,36.972628666666665,-122.035041,17.1,0.66,1.609,205.89
2026-09-03 17:14:03.102874,0.51617431640625,0.47552490234375,0.49945068359375,0.50799560546875,0.04296875,0.0625,-0.07421875,0.009765625,-0.0703125,0.0078125,714.0,1.9,188.6,31.0,16.9,,,,,,,,
2026-09-03 17:14:03.211745,0.51776123046875,0.47381591796875,0.49755859375,0.509765625,-0.00390625,0.08203125,-0.04296875,0.0,-0.078125,0.013671875,714.0,1.9,188.6,31.0,16.9,,,,,,,,
2026-09-03 17:14:03.319018,0.51947021484375,0.4718017578125,0.49566650390625,0.51177978515625,0.01953125,-0.0234375,0.01953125,-0.005859375,-0.087890625,0.0078125,718.75,1.9,188.6,31.0,16.9,,,,,,,,
2026-09-03 17:14:03.411113,0.5223388671875,0.46832275390625,0.4925537109375,0.5150146484375,0.078125,-0.0625,-0.02734375,-0.001953125,-0.087890625,0.0078125,718.75,1.9,188.6,31.0,16.9,,,,,,,,
2026-09-03 17:14:03.518506,0.52337646484375,0.46710205078125,0.491455078125,0.51611328125,0.19140625,-0.0859375,0.01171875,0.00390625,-0.091796875,0.005859375,717.75,1.9,188.6,31.0,16.9,,,,,,,,
2026-09-03 17:14:03.601581,0.52691650390625,0.4635009765625,0.488037109375,0.51898193359375,0.19921875,-0.0234375,-0.0859375,0.00390625,-0.091796875,0.0078125,717.75,1.9,188.6,31.0,16.9,,,,,,,,
2026-09-03 17:14:03.703289,0.52825927734375,0.46221923828125,0.48687744140625,0.519775390625,0.12890625,0.0625,-0.125,-0.001953125,-0.08984375,0.00390625,709.25,1.9,188.6,31.0,16.9,,,,,,,,
2026-09-03 17:14:03.802233,0.531005859375,0.4595947265625,0.48480224609375,0.52130126953125,0.05859375,0.07421875,-0.109375,-0.001953125,-0.0859375,0.001953125,709.25,1.9,188.6,31.0,16.9,,,,,,,,
2026-09-03 17:14:03.902914,0.53350830078125,0.45697021484375,0.48291015625,0.5228271484375,0.02734375,-0.0234375,-0.0625,-0.0078125,-0.0859375,0.0,710.0,1.9,186.8,31.0,16.9,,,,,,,,
2026-09-03 17:14:04.003600,0.535888671875,0.4542236328125,0.48101806640625,0.52447509765625,0.12109375,-0.0625,0.0546875,-0.01171875,-0.0859375,0.00390625,710.0,1.9,186.8,31.0,16.9,,,,,,,,
2026-09-03 17:14:04.105092,0.5382080078125,0.4515380859375,0.47918701171875,0.526123046875,0.05859375,-0.046875,0.03125,-0.013671875,-0.083984375,-0.001953125,707.75,1.2,188.6,30.2,16.9,,,,,,,,
2026-09-03 17:14:04.217208,0.54046630859375,0.448974609375,0.47723388671875,0.52783203125,0.04296875,-0.0390625,0.09765625,0.0,-0.08203125,-0.001953125,707.75,1.2,188.6,30.2,16.9,,,,,,,,
2026-09-03 17:14:04.307274,0.54412841796875,0.44512939453125,0.47430419921875,0.5299072265625,0.02734375,0.0078125,-0.03125,-0.00390625,-0.08203125,0.0,707.75,1.2,186.8,29.8,16.9,,,,,,,,
2026-09-03 17:14:04.408539,0.54541015625,0.44384765625,0.47332763671875,0.53057861328125,-0.01171875,0.0390625,-0.1015625,-0.005859375,-0.08203125,0.0,707.75,1.2,186.8,29.8,16.9,,,,,,,,
2026-09-03 17:14:04.516740,0.5477294921875,0.44110107421875,0.47149658203125,0.5321044921875,-0.1953125,-0.0078125,0.015625,-0.017578125,-0.0859375,-0.00390625,705.25,1.2,186.8,29.8,16.9,,,,,,,,
2026-09-03 17:14:04.616470,0.55072021484375,0.43731689453125,0.4683837890625,0.534912109375,-0.28515625,0.0390625,0.0,-0.009765625,-0.08984375,-0.001953125,705.25,1.2,186.8,29.8,16.9,,,,,,,,
2026-09-03 17:14:04.708527,0.55267333984375,0.43487548828125,0.46588134765625,0.5369873046875,-0.23046875,0.046875,0.08984375,-0.0078125,-0.091796875,-0.00390625,707.75,1.2,186.8,,16.9,,,,,,,,
2026-09-03 17:14:04.815726,0.55364990234375,0.43365478515625,0.46453857421875,0.53814697265625,-0.0390625,0.0,0.09765625,0.001953125,-0.099609375,-0.005859375,707.75,1.2,186.8,,16.9,,,,,,,,
2026-09-03 17:14:04.907000,0.55682373046875,0.4300537109375,0.45989990234375,0.541748046875,-0.0078125,-0.0390625,0.06640625,0.005859375,-0.103515625,0.001953125,707.75,1.2,186.8,,16.9,,,,,,,,
2026-09-03 17:14:05.016437,0.55804443359375,0.4288330078125,0.45831298828125,0.5428466796875,0.13671875,0.07421875,0.05078125,0.0234375,-0.111328125,0.005859375,707.75,1.2,186.8,,16.9,,,,,,,,
2026-09-03 17:14:05.115165,0.56231689453125,0.425048828125,0.45306396484375,0.54571533203125,0.0625,0.0234375,0.05078125,0.03125,-0.119140625,0.001953125,699.0,1.2,186.8,31.0,16.9,,,,,,,,
2026-09-03 17:14:05.217672,0.56573486328125,0.42218017578125,0.4493408203125,0.54754638671875,0.16015625,0.05078125,0.01953125,0.03125,-0.126953125,0.00390625,699.0,1.2,186.8,31.0,16.9,,,,,,,,
2026-09-03 17:14:05.327360,0.5693359375,0.4189453125,0.44561767578125,0.54937744140625,0.09765625,-0.03125,-0.0625,0.02734375,-0.12890625,0.0,705.25,1.2,186.8,31.8,16.9,,,,,,,,
2026-09-03 17:14:05.405983,0.572998046875,0.41552734375,0.44189453125,0.5511474609375,0.04296875,-0.0078125,-0.12109375,0.02734375,-0.12890625,0.001953125,705.25,1.2,186.8,31.8,16.9,,,,,,,,
2026-09-03 17:14:05.516578,0.5748291015625,0.41375732421875,0.44000244140625,0.55206298828125,0.02734375,-0.0390625,-0.08203125,0.015625,-0.134765625,0.001953125,708.5,1.2,186.8,31.8,16.9,,,,,,,,
2026-09-03 17:14:05.614869,0.58038330078125,0.40814208984375,0.4342041015625,0.55499267578125,0.02734375,-0.0234375,-0.05859375,0.013671875,-0.13671875,0.001953125,708.5,1.2,186.8,31.8,16.9,,,,,,,,
2026-09-03 17:14:05.715459,0.58416748046875,0.4044189453125,0.43017578125,0.556884765625,-0.01953125,0.0546875,-0.12109375,0.0078125,-0.130859375,0.0,721.0,1.2,186.8,32.2,16.9,,,,,,,,
2026-09-03 17:14:05.814978,0.587646484375,0.40093994140625,0.42608642578125,0.558837890625,-0.08203125,0.07421875,-0.1640625,0.0078125,-0.1328125,-0.005859375,721.0,1.2,186.8,32.2,16.9,,,,,,,,
2026-09-03 17:14:05.915357,0.59112548828125,0.397705078125,0.4217529296875,0.56085205078125,-0.05078125,-0.0390625,0.01171875,0.001953125,-0.134765625,-0.00390625,700.0,1.2,186.8,32.2,16.5,,,,,,,,
2026-09-03 17:14:06.004755,0.59429931640625,0.39434814453125,0.4173583984375,0.5631103515625,0.01171875,0.0078125,-0.0234375,-0.0078125,-0.1328125,-0.009765625,700.0,1.2,186.8,32.2,16.5,,,,,,,,
2026-09-03 17:14:06.124723,0.59857177734375,0.38934326171875,0.4110107421875,0.5667724609375,-0.0703125,0.0390625,-0.015625,-0.009765625,-0.130859375,-0.00390625,693.75,1.2,186.8,31.0,16.9,,,,,,,,
2026-09-03 17:14:06.214755,0.59991455078125,0.3876953125,0.4088134765625,0.56805419921875,-0.0546875,-0.0859375,-0.015625,-0.017578125,-0.1328125,-0.0078125,693.75,1.2,186.8,31.0,16.9,,,,,,,,
2026-09-03 17:14:06.323693,0.6024169921875,0.38427734375,0.404296875,0.5709228515625,0.0,-0.0390625,0.0234375,-0.015625,-0.140625,-0.01171875,691.25,1.2,186.8,31.0,16.9,,,,,,,,
2026-09-03 17:14:06.414142,0.60479736328125,0.3807373046875,0.399658203125,0.57403564453125,-0.0078125,0.03125,0.00390625,-0.021484375,-0.140625,-0.009765625,691.25,1.2,186.8,31.0,16.9,,,,,,,,
2026-09-03 17:14:06.524191,0.6080322265625,0.37518310546875,0.39300537109375,0.578857421875,-0.046875,0.05859375,-0.00390625,-0.013671875,-0.1328125,-0.009765625,714.0,1.2,186.8,31.0,16.9,,,,,,,,
2026-09-03 17:14:06.622031,0.609130859375,0.373291015625,0.39080810546875,0.58038330078125,0.0234375,-0.046875,-0.02734375,-0.017578125,-0.140625,-0.0078125,714.0,1.2,186.8,31.0,16.9,,,,,,,,
2026-09-03 17:14:06.714442,0.61126708984375,0.36944580078125,0.38629150390625,0.58367919921875,-0.0390625,-0.0703125,0.04296875,-0.017578125,-0.14453125,-0.01171875,746.75,1.9,186.8,31.8,17.3,,,,,,,,
2026-09-03 17:14:06.823897,0.6143798828125,0.36334228515625,0.37921142578125,0.5888671875,0.046875,-0.0234375,0.03515625,-0.01953125,-0.150390625,-0.009765625,746.75,1.9,186.8,31.8,17.3,,,,,,,,
2026-09-03 17:14:06.921321,0.61541748046875,0.36126708984375,0.37677001953125,0.590576171875,-0.015625,-0.015625,0.05859375,-0.009765625,-0.1484375,-0.013671875,745.25,1.9,186.8,31.8,17.3,,,,,,,,
2026-09-03 17:14:07.021720,0.6175537109375,0.35711669921875,0.37188720703125,0.593994140625,0.03125,0.05859375,-0.1328125,-0.01171875,-0.150390625,-0.013671875,745.25,1.9,186.8,31.8,17.3,,,,,,,,
2026-09-03 17:14:07.122611,0.62066650390625,0.35064697265625,0.36444091796875,0.59918212890625,0.1015625,0.04296875,-0.15625,-0.0234375,-0.15625,-0.01953125,727.25,1.9,186.8,32.2,16.9,,,,,,,,
2026-09-03 17:14:07.222096,0.6226806640625,0.34619140625,0.35943603515625,0.6026611328125,0.0859375,0.0,-0.1640625,-0.03125,-0.15625,-0.01953125,727.25,1.9,186.8,32.2,16.9,,,,,,,,
2026-09-03 17:14:07.314983,0.6236572265625,0.34393310546875,0.35693359375,0.60443115234375,-0.03125,-0.046875,0.04296875,-0.025390625,-0.15625,-0.021484375,,1.9,186.8,31.0,16.9,,,,,,,,
2026-09-03 17:14:07.419932,0.62567138671875,0.33941650390625,0.3519287109375,0.60784912109375,0.0234375,-0.0625,0.07421875,-0.0234375,-0.15625,-0.01953125,,1.9,186.8,31.0,16.9,,,,,,,,
2026-09-03 17:14:07.521924,0.62884521484375,0.33251953125,0.34417724609375,0.61279296875,-0.05859375,0.0,0.04296875,-0.01953125,-0.16015625,-0.01953125,,1.9,186.8,31.0,16.9,,,,,,,,
2026-09-03 17:14:07.621864,0.63079833984375,0.32763671875,0.3388671875,0.6163330078125,-0.08984375,-0.0078125,-0.09765625,-0.0234375,-0.1640625,-0.01953125,750.0,1.9,186.8,31.0,16.9,,,,,,,,
2026-09-03 17:14:07.722222,0.632568359375,0.32275390625,0.333740234375,0.61993408203125,-0.08203125,-0.015625,-0.1640625,-0.029296875,-0.1640625,-0.017578125,750.0,1.9,186.8,31.0,16.9,,,,,,,,
2026-09-03 17:14:07.823113,0.6341552734375,0.31787109375,0.328369140625,0.6236572265625,-0.0703125,-0.1015625,-0.03515625,-0.03515625,-0.16796875,-0.017578125,754.5,1.9,186.8,31.0,16.9,,,,,,,,
2026-09-03 17:14:07.919758,0.63494873046875,0.3154296875,0.325439453125,0.62567138671875,0.00390625,-0.03125,0.1640625,-0.0390625,-0.177734375,-0.017578125,754.5,1.9,186.8,31.0,16.9,,,,,,,,
2026-09-03 17:14:08.023688,0.6370849609375,0.29986572265625,0.3165283203125,0.63189697265625,0.01171875,0.07421875,0.0390625,-0.041015625,-0.1796875,-0.021484375,753.0,1.9,186.8,31.4,16.9,,,,,,,,
2026-09-03 17:14:08.122431,0.63873291015625,0.3023681640625,0.310546875,0.6357421875,0.234375,-0.17578125,-0.08203125,-0.0234375,-0.17578125,-0.013671875,753.0,1.9,186.8,31.4,16.9,,,,,,,,
2026-09-03 17:14:08.225962,0.640625,0.2969970703125,0.304931640625,0.6390380859375,0.41015625,-0.046875,-0.12890625,-0.0234375,-0.173828125,-0.017578125,733.5,1.9,186.8,31.4,16.9,,,,,,,,
2026-09-03 17:14:08.322733,0.642822265625,0.29107666015625,0.2998046875,0.6419677734375,0.23046875,0.06640625,0.03125,-0.01953125,-0.17578125,-0.013671875,733.5,1.9,186.8,31.4,16.9,,,,,,,,
2026-09-03 17:14:08.424422,0.64532470703125,0.28521728515625,0.2945556640625,0.64453125,0.23046875,-0.15234375,0.0078125,-0.009765625,-0.169921875,-0.01171875,714.0,1.9,186.8,30.2,16.9,,,,,,,,
2026-09-03 17:14:08.523262,0.647705078125,0.27972412109375,0.28948974609375,0.64691162109375,0.27734375,0.0625,-0.28125,-0.005859375,-0.158203125,-0.013671875,714.0,1.9,186.8,30.2,16.9,,,,,,,,
2026-09-03 17:14:08.623481,0.6500244140625,0.2745361328125,0.28472900390625,0.64886474609375,0.12890625,0.16796875,-0.06640625,-0.00390625,-0.154296875,0.0,712.5,1.9,186.8,29.8,16.9,,,,,,,,
2026-09-03 17:14:08.724146,0.65240478515625,0.26922607421875,0.2801513671875,0.650634765625,0.1875,0.16015625,0.01171875,-0.005859375,-0.1484375,0.001953125,712.5,1.9,186.8,29.8,16.9,,,,,,,,
2026-09-03 17:14:08.825014,0.65484619140625,0.2640380859375,0.2757568359375,0.6522216796875,0.25,-0.0703125,0.0546875,0.00390625,-0.14453125,-0.001953125,711.5,1.9,186.8,29.8,16.9,,,,,,,,
2026-09-03 17:14:08.917190,0.6561279296875,0.2615966796875,0.2735595703125,0.65283203125,0.26953125,-0.078125,-0.08203125,0.009765625,-0.1328125,-0.001953125,711.5,1.9,186.8,29.8,16.9,,,,,,,,
2026-09-03 17:14:09.025533,0.65960693359375,0.25482177734375,0.2677001953125,0.6544189453125,0.24609375,-0.015625,-0.15625,0.001953125,-0.12109375,0.0,712.5,1.2,186.8,29.4,16.9,,,,,,,,
2026-09-03 17:14:09.120182,0.6614990234375,0.25067138671875,0.26422119140625,0.65557861328125,0.1953125,-0.0546875,-0.0625,0.001953125,-0.1171875,0.0,712.5,1.2,186.8,29.4,16.9,,,,,,,,
2026-09-03 17:14:09.221626,0.6630859375,0.24688720703125,0.260986328125,0.65667724609375,0.171875,0.03125,-0.09375,-0.001953125,-0.109375,-0.005859375,716.25,1.2,186.8,29.8,16.9,,,,,,,,
2026-09-03 17:14:09.321120,0.66436767578125,0.243408203125,0.25830078125,0.65777587890625,0.078125,0.0,0.08203125,-0.01171875,-0.09375,-0.0078125,716.25,1.2,186.8,29.8,16.9,,,,,,,,
2026-09-03 17:14:09.413685,0.6654052734375,0.24127197265625,0.257568359375,0.65777587890625,0.01953125,0.03125,0.07421875,-0.0078125,-0.076171875,-0.00390625,718.75,0.6,186.8,29.4,16.9,,,,,,,,
2026-09-03 17:14:09.522399,0.66802978515625,0.2353515625,0.2559814453125,0.65789794921875,0.046875,-0.0078125,0.07421875,-0.0078125,-0.068359375,-0.001953125,718.75,0.6,186.8,29.4,16.9,,,,,,,,
2026-09-03 17:14:09.622273,0.66943359375,0.2318115234375,0.2552490234375,0.65802001953125,0.00390625,-0.046875,0.07421875,-0.009765625,-0.064453125,-0.001953125,716.25,0.6,186.8,29.8,16.9,,,,,,,,
2026-09-03 17:14:09.721021,0.67071533203125,0.228759765625,0.25469970703125,0.657958984375,0.01171875,0.0390625,-0.02734375,-0.00390625,-0.052734375,0.00390625,716.25,0.6,186.8,29.8,16.9,,,,,,,,
2026-09-03 17:14:09.821622,0.67193603515625,0.22607421875,0.2545166015625,0.65777587890625,0.203125,0.0390625,0.08203125,-0.005859375,-0.044921875,-0.001953125,713.25,0.0,186.8,29.8,16.9,,,,,,,,
2026-09-03 17:14:09.916059,0.6728515625,0.22369384765625,0.25445556640625,0.65765380859375,0.0390625,0.0,0.04296875,-0.00390625,-0.03515625,-0.001953125,713.25,0.0,186.8,29.8,16.9,,,,,,,,
2026-09-03 17:14:10.013603,0.67535400390625,0.218994140625,0.2579345703125,0.6552734375,-0.6171875,0.0,0.03515625,-0.013671875,-0.02734375,-0.005859375,703.75,0.0,186.8,29.8,16.9,,,,,,,,
2026-09-03 17:14:10.121574,0.67913818359375,0.21112060546875,0.2630615234375,0.65191650390625,-0.765625,0.0,0.171875,-0.0078125,-0.0234375,-0.009765625,703.75,0.0,186.8,29.8,16.9,,,,,,,,
2026-09-03 17:14:10.221793,0.68023681640625,0.20849609375,0.26434326171875,0.651123046875,-0.671875,0.0,0.09375,-0.0078125,-0.017578125,0.0,752.25,0.0,186.8,31.4,16.9,,,,,,,,
2026-09-03 17:14:10.321370,0.68072509765625,0.2064208984375,0.26507568359375,0.65093994140625,-0.625,-0.0390625,0.26171875,-0.009765625,-0.017578125,0.0,752.25,0.0,186.8,31.4,16.9,,,,,,,,
2026-09-03 17:14:10.421308,0.67864990234375,0.20947265625,0.260986328125,0.65380859375,0.2734375,-0.046875,0.18359375,-0.005859375,-0.017578125,0.0,820.25,0.0,186.8,29.8,19.2,,,,,,,,
2026-09-03 17:14:10.512771,0.67742919921875,0.21063232421875,0.2589111328125,0.655517578125,0.40234375,0.0,0.06640625,0.005859375,-0.015625,0.005859375,820.25,0.0,186.8,29.8,19.2,,,,,,,,
2026-09-03 17:14:10.612864,0.67724609375,0.21038818359375,0.25872802734375,0.65582275390625,0.515625,0.0078125,-0.0390625,0.009765625,-0.009765625,0.001953125,826.5,0.0,186.8,34.1,20.4,,,,,,,,
2026-09-03 17:14:10.712089,0.6771240234375,0.2088623046875,0.26019287109375,0.65594482421875,0.44140625,-0.03125,-0.046875,0.0078125,0.0,0.00390625,826.5,0.0,186.8,34.1,20.4,,,,,,,,
2026-09-03 17:14:10.812727,0.677001953125,0.206298828125,0.26287841796875,0.65570068359375,0.28515625,-0.015625,-0.0703125,0.0,0.00390625,0.0,938.25,0.0,186.8,33.7,19.6,,,,,,,,
2026-09-03 17:14:10.913673,0.677001953125,0.2037353515625,0.26580810546875,0.6553955078125,0.0078125,-0.0078125,0.015625,-0.009765625,0.005859375,0.0,938.25,0.0,186.8,33.7,19.6,,,,,,,,
2026-09-03 17:14:11.012882,0.67669677734375,0.20166015625,0.268310546875,0.6552734375,-0.15234375,0.03125,0.07421875,-0.013671875,0.0078125,-0.005859375,984.25,0.0,186.8,34.1,20.0,,,,,,,,
2026-09-03 17:14:11.113497,0.6761474609375,0.20068359375,0.26953125,0.64788818359375,-0.03515625,-0.0078125,0.17578125,-0.013671875,0.00390625,-0.0078125,984.25,0.0,186.8,34.1,20.0,,,,,,,,
2026-09-03 17:14:11.214064,0.6756591796875,0.20001220703125,0.27020263671875,0.6561279296875,-0.01171875,0.0234375,0.1484375,-0.009765625,0.0,0.0,1040.5,0.0,186.8,31.0,19.2,2.0,12.0,36.97255866666666,-122.03507766666668,19.8,0.62,1.609,205.89
2026-09-03 17:14:11.313344,0.67498779296875,0.19940185546875,0.2708740234375,0.65673828125,-0.01171875,-0.0546875,0.09375,-0.001953125,0.0,-0.00390625,1040.5,0.0,186.8,31.0,19.2,2.0,12.0,36.97255866666666,-122.03507766666668,19.8,0.62,1.609,205.89
2026-09-03 17:14:11.414817,0.6741943359375,0.1983642578125,0.2713623046875,0.65765380859375,-0.00390625,0.0,0.0546875,-0.001953125,-0.0078125,-0.005859375,1044.5,0.6,186.8,30.6,20.0,2.0,12.0,36.97255866666666,-122.03507766666668,19.8,0.62,1.609,205.89
2026-09-03 17:14:11.514739,0.67352294921875,0.1973876953125,0.27117919921875,0.65869140625,-0.03515625,-0.03125,-0.00390625,-0.005859375,-0.015625,-0.01171875,1044.5,0.6,186.8,30.6,20.0,2.0,12.0,36.97255866666666,-122.03507766666668,19.8,0.62,1.609,205.89
2026-09-03 17:14:11.614948,0.67291259765625,0.19610595703125,0.2706298828125,0.65997314453125,0.01171875,0.0078125,0.125,-0.013671875,-0.025390625,-0.0078125,1077.25,1.2,186.8,30.6,20.4,2.0,12.0,36.97255866666666,-122.03507766666668,19.8,0.62,1.609,205.89
2026-09-03 17:14:11.714432,0.67156982421875,0.19415283203125,0.2701416015625,0.66204833984375,0.01953125,0.015625,0.1015625,-0.013671875,-0.037109375,-0.013671875,1077.25,1.2,186.8,30.6,20.4,2.0,12.0,36.97255866666666,-122.03507766666668,19.8,0.62,1.609,205.89
2026-09-03 17:14:11.814228,0.6705322265625,0.19195556640625,0.26898193359375,0.6641845703125,-0.08984375,0.0859375,0.0234375,-0.025390625,-0.048828125,-0.009765625,1122.5,1.2,186.8,30.2,20.4,2.0,12.0,36.97255866666666,-122.03507766666668,19.8,0.62,1.609,205.89
2026-09-03 17:14:11.914243,0.669189453125,0.18927001953125,0.267333984375,0.6669921875,-0.06640625,0.0234375,0.19140625,-0.03125,-0.064453125,-0.009765625,1122.5,1.2,186.8,30.2,20.4,2.0,12.0,36.97255866666666,-122.03507766666668,19.8,0.62,1.609,205.89
2026-09-03 17:14:12.016767,0.6671142578125,0.18609619140625,0.26513671875,0.67083740234375,-0.03515625,0.046875,0.03515625,-0.037109375,-0.080078125,-0.01171875,1169.5,1.9,186.8,29.0,20.4,2.0,12.0,36.97255866666666,-122.03507766666668,19.8,0.62,1.609,205.89
2026-09-03 17:14:12.118591,0.6661376953125,0.184326171875,0.2637939453125,0.67279052734375,-0.125,-0.03125,0.265625,-0.041015625,-0.095703125,-0.01171875,1169.5,1.9,186.8,29.0,20.4,2.0,12.0,36.97255866666666,-122.03507766666668,19.8,0.62,1.609,205.89
2026-09-03 17:14:12.220041,0.66400146484375,0.1805419921875,0.2606201171875,0.6771240234375,-0.1484375,0.08203125,0.125,-0.041015625,-0.109375,-0.013671875,1182.75,1.9,186.8,28.2,20.8,,,,,,,,
2026-09-03 17:14:12.319301,0.66156005859375,0.17633056640625,0.25653076171875,0.6822509765625,-0.16015625,-0.23046875,0.359375,-0.05859375,-0.13671875,-0.01953125,1182.75,1.9,186.8,28.2,20.8,,,,,,,,
2026-09-03 17:14:12.418663,0.658935546875,0.171875,0.25128173828125,0.6878662109375,-0.0390625,-0.17578125,0.25,-0.052734375,-0.154296875,-0.025390625,1187.5,2.5,186.8,28.2,21.2,,,,,,,,
2026-09-03 17:14:12.513451,0.6549072265625,0.1646728515625,0.24176025390625,0.69683837890625,-0.06640625,-0.07421875,0.26953125,-0.0390625,-0.16796875,-0.029296875,1187.5,2.5,186.8,28.2,21.2,,,,,,,,
2026-09-03 17:14:12.614815,0.65264892578125,0.15887451171875,0.23455810546875,0.70269775390625,-0.09765625,-0.11328125,0.2734375,-0.029296875,-0.19140625,-0.025390625,1185.0,2.5,186.8,28.6,21.2,,,,,,,,
2026-09-03 17:14:12.714587,0.65118408203125,0.15216064453125,0.2266845703125,0.70806884765625,-0.1640625,-0.01953125,0.1796875,-0.0078125,-0.216796875,-0.01953125,1185.0,2.5,186.8,28.6,21.2,,,,,,,,
2026-09-03 17:14:12.809610,0.65057373046875,0.14849853515625,0.2225341796875,0.71075439453125,-0.2265625,0.22265625,-0.05859375,-0.00390625,-0.23828125,-0.0078125,1205.25,2.5,186.8,29.0,22.0,,,,,,,,
2026-09-03 17:14:12.909566,0.6497802734375,0.14056396484375,0.2137451171875,0.71575927734375,0.01953125,0.0703125,-0.125,-0.0078125,-0.2578125,0.00390625,1205.25,2.5,186.8,29.0,22.0,,,,,,,,
2026-09-03 17:14:13.012883,0.65008544921875,0.1322021484375,0.20440673828125,0.7198486328125,0.2421875,-0.13671875,-0.24609375,-0.001953125,-0.26953125,0.005859375,1266.25,3.1,186.8,29.4,22.0,,,,,,,,
2026-09-03 17:14:13.110946,0.6517333984375,0.12286376953125,0.19500732421875,0.72259521484375,0.4296875,-0.46484375,0.0390625,-0.005859375,-0.279296875,-0.001953125,1266.25,3.1,186.8,29.4,22.0,,,,,,,,
2026-09-03 17:14:13.211966,0.65435791015625,0.1129150390625,0.18524169921875,0.724365234375,0.0234375,-0.1796875,0.12109375,0.01171875,-0.2890625,-0.021484375,1290.5,3.7,186.8,28.2,21.6,2.0,12.0,36.97255666666667,-122.03505933333334,19.5,0.62,1.609,205.89
2026-09-03 17:14:13.312569,0.6566162109375,0.101806640625,0.17578125,0.72637939453125,-0.140625,0.08203125,0.359375,0.01171875,-0.30078125,-0.025390625,1290.5,3.7,186.8,28.2,21.6,2.0,12.0,36.97255666666667,-122.03505933333334,19.5,0.62,1.609,205.89
2026-09-03 17:14:13.413382,0.65826416015625,-1.91009521484375,0.16607666015625,0.728759765625,-0.19921875,0.13671875,0.265625,0.013671875,-0.318359375,-0.0234375,1284.25,3.7,186.8,28.2,20.4,2.0,12.0,36.97255666666667,-122.03505933333334,19.5,0.62,1.609,205.89
2026-09-03 17:14:13.513224,0.65972900390625,0.078125,0.1552734375,0.7310791015625,-0.1171875,0.08203125,0.10546875,0.029296875,-0.337890625,-0.01171875,1284.25,3.7,186.8,28.2,20.4,2.0,12.0,36.97255666666667,-122.03505933333334,19.5,0.62,1.609,205.89
2026-09-03 17:14:13.613465,0.66131591796875,0.06610107421875,0.1439208984375,0.73321533203125,0.09765625,-0.06640625,-0.1640625,0.033203125,-0.34375,0.0,1234.25,4.3,186.8,24.3,18.4,2.0,12.0,36.97255666666667,-122.03505933333334,19.5,0.62,1.609,205.89
2026-09-03 17:14:13.713695,0.6639404296875,0.0540771484375,0.13201904296875,0.73406982421875,0.05078125,-0.1171875,-0.3125,0.029296875,-0.345703125,-0.029296875,1234.25,4.3,186.8,24.3,18.4,2.0,12.0,36.97255666666667,-122.03505933333334,19.5,0.62,1.609,205.89
2026-09-03 17:14:13.813184,0.666015625,0.0423583984375,0.11920166015625,0.73516845703125,-0.34765625,0.234375,-0.55078125,-0.01953125,-0.353515625,-0.044921875,1076.5,4.3,186.8,21.6,18.8,2.0,12.0,36.97255666666667,-122.03505933333334,19.5,0.62,1.609,205.89
2026-09-03 17:14:13.913644,0.66668701171875,0.03033447265625,0.10595703125,0.7371826171875,-0.39453125,0.43359375,-0.53515625,-0.03125,-0.357421875,-0.03515625,1076.5,4.3,186.8,21.6,18.8,2.0,12.0,36.97255666666667,-122.03505933333334,19.5,0.62,1.609,205.89
2026-09-03 17:14:14.014255,0.66748046875,0.0184326171875,0.092529296875,0.7386474609375,-0.13671875,0.1796875,0.03125,-0.02734375,-0.35546875,-0.041015625,1042.0,5.0,186.8,26.7,17.6,2.0,12.0,36.97255666666667,-122.03505933333334,19.5,0.62,1.609,205.89
2026-09-03 17:14:14.114113,0.67120361328125,0.00872802734375,0.07708740234375,0.7371826171875,-0.12109375,0.21484375,-0.26953125,-0.033203125,-0.353515625,-0.052734375,1042.0,5.0,186.8,26.7,17.6,2.0,12.0,36.97255666666667,-122.03505933333334,19.5,0.62,4.336,128.06
2026-09-03 17:14:14.214317,0.6722412109375,-0.0009765625,0.0621337890625,0.73773193359375,0.046875,0.15625,0.015625,-0.041015625,-0.34375,-0.06640625,1078.75,5.0,186.8,23.1,16.5,2.0,12.0,36.972546666666666,-122.03504133333334,19.3,0.62,4.336,128.06
2026-09-03 17:14:14.314307,0.67242431640625,-0.0106201171875,0.04803466796875,0.738525390625,-0.2734375,0.59765625,0.140625,-0.01171875,-0.322265625,-0.078125,1078.75,5.0,186.8,23.1,16.5,2.0,12.0,36.972546666666666,-122.03504133333334,19.3,0.62,4.336,128.06
2026-09-03 17:14:14.414401,0.67333984375,-0.01922607421875,0.03460693359375,0.73828125,-0.640625,0.4765625,-0.3046875,0.001953125,-0.302734375,-0.0703125,1001.5,5.0,186.8,20.0,17.6,2.0,12.0,36.972546666666666,-122.03504133333334,19.3,0.62,4.336,128.06
2026-09-03 17:14:14.527676,0.67474365234375,-0.02734375,0.02154541015625,0.73724365234375,-0.1953125,-0.26953125,-0.48046875,0.017578125,-0.296875,-0.04296875,1001.5,5.0,186.8,20.0,17.6,2.0,12.0,36.972546666666666,-122.03504133333334,19.3,0.62,4.336,128.06
2026-09-03 17:14:14.626649,0.67852783203125,-0.031494140625,0.00531005859375,0.73388671875,0.1328125,-0.453125,-0.4375,-0.001953125,-0.275390625,-0.052734375,1006.25,5.0,186.8,21.6,17.6,2.0,12.0,36.972546666666666,-122.03504133333334,19.3,0.62,4.336,128.06
2026-09-03 17:14:14.727316,0.68084716796875,-0.0369873046875,-0.008544921875,0.7314453125,0.01953125,0.3828125,-0.80078125,-0.041015625,-0.248046875,-0.044921875,1006.25,5.0,186.8,21.6,17.6,2.0,12.0,36.972546666666666,-122.03504133333334,19.3,0.62,4.336,128.06
2026-09-03 17:14:14.827126,0.682373046875,-0.0423583984375,-0.02032470703125,0.7294921875,-0.0859375,0.3515625,0.02734375,-0.080078125,-0.224609375,-0.021484375,1006.25,5.0,186.8,20.8,17.6,2.0,12.0,36.972546666666666,-122.03504133333334,19.3,0.62,4.336,128.06
2026-09-03 17:14:14.912973,0.683837890625,-0.0482177734375,-0.03033447265625,0.7274169921875,0.08203125,0.05859375,0.10546875,-0.06640625,-0.212890625,-0.0078125,1006.25,5.0,186.8,20.8,17.6,2.0,12.0,36.972546666666666,-122.03504133333334,19.3,0.62,4.336,128.06
2026-09-03 17:14:15.013659,0.6851806640625,-0.05401611328125,-0.03948974609375,0.725341796875,0.08984375,-0.34765625,0.38671875,-0.05859375,-0.20703125,-0.015625,989.75,5.6,186.8,20.8,17.6,2.0,12.0,36.972546666666666,-122.03504133333334,19.3,0.62,4.336,128.06
2026-09-03 17:14:15.128477,0.68438720703125,-0.060302734375,-0.04705810546875,0.72509765625,-0.1796875,-0.1484375,0.625,-0.009765625,-0.19140625,-0.009765625,989.75,5.6,186.8,20.8,17.6,2.0,12.0,36.972546666666666,-122.03504133333334,19.3,0.62,4.336,128.06
2026-09-03 17:14:15.229021,0.68487548828125,-0.0670166015625,-0.0531005859375,0.7236328125,0.02734375,-0.40234375,0.2421875,0.060546875,-0.169921875,0.03125,1000.0,5.6,186.8,21.6,17.3,,,,,,,,
2026-09-03 17:14:15.328150,0.68658447265625,-0.0740966796875,-0.0576171875,0.72100830078125,0.45703125,-0.13671875,-0.87890625,0.052734375,-0.1484375,0.021484375,1000.0,5.6,186.8,21.6,17.3,,,,,,,,
2026-09-03 17:14:15.428114,0.6854248046875,-0.077880859375,-0.0640869140625,0.72113037109375,0.5078125,0.140625,-0.7734375,0.021484375,-0.134765625,0.005859375,1017.75,5.6,186.8,20.4,17.6,,,,,,,,
2026-09-03 17:14:15.513085,0.68536376953125,-0.08258056640625,-0.0687255859375,0.72021484375,0.28515625,0.23828125,-0.51953125,-0.01171875,-0.119140625,-0.00390625,1017.75,5.6,186.8,20.4,17.6,,,,,,,,
2026-09-03 17:14:15.620265,0.687255859375,-0.0880126953125,-0.07171630859375,0.71746826171875,-0.09375,0.1328125,0.203125,-0.013671875,-0.109375,-0.0078125,1035.0,5.6,186.8,20.0,17.6,,,,,,,,
2026-09-03 17:14:15.712405,0.68902587890625,-0.09320068359375,-0.07391357421875,0.71490478515625,-0.13671875,0.11328125,0.45703125,0.0,-0.107421875,-0.001953125,1035.0,5.6,186.8,20.0,17.6,,,,,,,,
2026-09-03 17:14:15.820852,0.68939208984375,-0.09759521484375,-0.0771484375,0.713623046875,0.015625,-0.0859375,-0.08203125,0.009765625,-0.11328125,-0.009765625,1039.75,5.6,186.8,19.2,17.6,,,,,,,,
2026-09-03 17:14:15.913313,0.68939208984375,-0.10150146484375,-0.08172607421875,0.71258544921875,0.16796875,-0.171875,-0.17578125,0.001953125,-0.11328125,-0.015625,1039.75,5.6,186.8,19.2,17.6,,,,,,,,
2026-09-03 17:14:16.021056,0.6888427734375,-0.10498046875,-0.08612060546875,0.7120361328125,-0.15234375,-0.11328125,0.23828125,0.015625,-0.109375,-0.01171875,1012.5,5.6,186.8,19.6,17.3,,,,,,,,
2026-09-03 17:14:16.128253,0.688720703125,-0.108642578125,-0.08984375,0.711181640625,-0.11328125,-0.046875,0.109375,0.01171875,-0.11328125,-0.005859375,1012.5,5.6,186.8,19.6,17.3,,,,,,,,
2026-09-03 17:14:16.228220,0.6881103515625,-0.11260986328125,-0.09405517578125,0.71063232421875,0.1796875,0.046875,-0.23828125,-0.0078125,-0.123046875,-0.015625,999.0,5.6,186.8,19.6,17.3,,,,,,,,
2026-09-03 17:14:16.328073,0.6871337890625,-0.11602783203125,-0.099365234375,0.71026611328125,0.125,0.390625,-0.328125,-0.01171875,-0.119140625,-0.0390625,999.0,5.6,186.8,19.6,17.3,,,,,,,,
2026-09-03 17:14:16.428108,0.68621826171875,-0.11846923828125,-0.10491943359375,0.7099609375,-0.2421875,0.01953125,0.04296875,-0.03515625,-0.1015625,-0.03125,1003.75,5.6,186.8,19.6,17.3,,,,,,,,
2026-09-03 17:14:16.519640,0.68499755859375,-0.12109375,1.890625,0.7100830078125,-0.125,-0.00390625,0.140625,-0.025390625,-0.095703125,-0.013671875,1003.75,5.6,186.8,19.6,17.3,,,,,,,,
2026-09-03 17:14:16.620280,0.6839599609375,-0.12396240234375,-0.1131591796875,0.7099609375,0.04296875,-0.26953125,0.43359375,-0.0078125,-0.091796875,-0.013671875,999.0,5.6,186.8,19.6,17.3,,,,,,,,
2026-09-03 17:14:16.719858,0.6837158203125,-0.126708984375,-0.116943359375,0.7091064453125,-0.125,-0.15625,0.09375,0.013671875,-0.1015625,-0.01171875,999.0,5.6,186.8,19.6,17.3,,,,,,,,
2026-09-03 17:14:16.820570,0.68389892578125,-0.1298828125,-0.1209716796875,0.70770263671875,0.10546875,0.1484375,-0.24609375,0.00390625,-0.111328125,-0.017578125,968.75,5.6,186.8,18.4,16.9,,,,,,,,
2026-09-03 17:14:16.920503,0.68194580078125,-0.13232421875,-0.1260986328125,0.71600341796875,-0.70703125,0.3515625,-0.26171875,-0.0234375,-0.095703125,-0.01171875,968.75,5.6,186.8,18.4,16.9,,,,,,,,
2026-09-03 17:14:17.021274,0.68023681640625,-0.13507080078125,-0.1300048828125,0.7086181640625,0.015625,-0.0234375,0.0859375,-0.01953125,-0.0859375,0.0078125,948.25,5.6,186.8,18.4,16.9,,,,,,,,
2026-09-03 17:14:17.120066,0.67913818359375,1.86187744140625,-0.13299560546875,0.70849609375,0.0078125,-0.375,0.27734375,0.013671875,-0.099609375,0.001953125,948.25,5.6,186.8,18.4,16.9,,,,,,,,
2026-09-03 17:14:17.222915,0.67889404296875,-0.14141845703125,-0.13677978515625,0.7073974609375,-0.17578125,-0.16796875,-0.21484375,0.005859375,-0.119140625,-0.01171875,983.5,5.6,186.8,16.5,16.5,2.0,12.0,36.97249583333333,-122.03498583333334,18.5,0.62,4.336,128.06
2026-09-03 17:14:17.320671,0.67803955078125,-0.1446533203125,-0.1414794921875,0.70660400390625,-0.375,0.26171875,-0.19921875,0.015625,-0.1015625,-0.0234375,983.5,5.6,186.8,16.5,16.5,2.0,12.0,36.97249583333333,-122.03498583333334,18.5,0.62,4.336,128.06
2026-09-03 17:14:17.543653,0.67828369140625,-0.14801025390625,-0.1510009765625,0.70367431640625,-0.25,0.14453125,-0.08984375,-0.013671875,-0.10546875,0.015625,993.75,5.6,186.8,15.7,16.5,2.0,12.0,36.97249583333333,-122.03498583333334,18.5,0.62,4.336,128.06
2026-09-03 17:14:17.637802,0.678466796875,-0.14996337890625,-0.15960693359375,0.701171875,0.03125,-0.26171875,0.125,0.013671875,-0.109375,0.013671875,991.25,5.0,186.8,14.9,16.5,2.0,12.0,36.97249583333333,-122.03498583333334,18.5,0.62,4.336,128.06
2026-09-03 17:14:17.738586,0.67913818359375,-0.15185546875,-0.1649169921875,0.698974609375,0.06640625,-0.19921875,0.01171875,0.00390625,-0.09375,0.005859375,991.25,5.0,186.8,14.9,16.5,2.0,12.0,36.97249583333333,-122.03498583333334,18.5,0.62,4.336,128.06
2026-09-03 17:14:17.844007,0.67913818359375,-0.153564453125,-0.16949462890625,0.69744873046875,0.015625,0.09765625,-0.01953125,0.005859375,-0.095703125,0.0078125,974.0,5.0,186.8,14.9,16.5,2.0,12.0,36.97249583333333,-122.03498583333334,18.5,0.62,4.336,128.06
2026-09-03 17:14:17.937534,0.67877197265625,-0.1566162109375,-0.17315673828125,0.69622802734375,0.16796875,0.03125,-0.10546875,0.01171875,-0.1015625,0.00390625,974.0,5.0,186.8,14.9,16.5,2.0,12.0,36.97249583333333,-122.03498583333334,18.5,0.62,4.336,128.06
2026-09-03 17:14:18.044277,0.678466796875,-0.1597900390625,-0.17681884765625,0.69488525390625,0.171875,0.0390625,-0.37890625,-0.0078125,-0.08984375,-0.0078125,951.5,5.0,186.8,15.3,16.5,2.0,12.0,36.97249583333333,-122.03498583333334,18.5,0.62,4.719,147.18
2026-09-03 17:14:18.142520,0.67779541015625,-0.162353515625,-0.18023681640625,0.694091796875,0.2109375,0.08984375,0.07421875,-0.0234375,-0.080078125,-0.013671875,951.5,5.0,186.8,15.3,16.5,2.0,12.0,36.97249583333333,-122.03498583333334,18.5,0.62,4.719,147.18
2026-09-03 17:14:18.247488,0.67633056640625,-0.16650390625,-0.1846923828125,0.693359375,0.1484375,-0.015625,0.08984375,-0.03125,-0.087890625,-0.005859375,923.25,4.3,186.8,16.1,16.5,2.0,12.0,36.972475333333335,-122.03497383333334,18.2,0.72,4.719,147.18
2026-09-03 17:14:18.352630,0.67498779296875,-0.1697998046875,-0.1876220703125,0.693115234375,0.16796875,-0.25390625,0.140625,-0.025390625,-0.087890625,-0.009765625,923.25,4.3,186.8,16.1,16.5,2.0,12.0,36.972475333333335,-122.03497383333334,18.2,0.72,4.719,147.18
2026-09-03 17:14:18.449048,0.67364501953125,-0.17315673828125,-0.19012451171875,0.69287109375,0.078125,0.046875,0.109375,-0.017578125,-0.0859375,-0.00390625,907.75,4.3,186.8,16.5,16.5,2.0,12.0,36.972475333333335,-122.03497383333334,18.2,0.72,4.719,147.18
2026-09-03 17:14:18.548718,0.67242431640625,-0.17742919921875,-0.19183349609375,0.6925048828125,0.07421875,0.15234375,0.0234375,-0.001953125,-0.0859375,-0.0078125,907.75,4.3,186.8,16.5,16.5,2.0,12.0,36.972475333333335,-122.03497383333334,18.2,0.72,4.719,147.18
2026-09-03 17:14:18.650021,0.67071533203125,-0.181396484375,-0.1937255859375,0.692626953125,0.12109375,0.09765625,-0.20703125,-0.013671875,-0.083984375,-0.01171875,898.25,4.3,186.8,16.9,16.5,2.0,12.0,36.972475333333335,-122.03497383333334,18.2,0.72,4.719,147.18
2026-09-03 17:14:18.741659,0.669921875,-0.183349609375,-0.19464111328125,0.692626953125,-0.1328125,0.05859375,0.0546875,-0.005859375,-0.083984375,0.001953125,898.25,4.3,186.8,16.9,16.5,2.0,12.0,36.972475333333335,-122.03497383333334,18.2,0.72,4.719,147.18
2026-09-03 17:14:18.950426,0.66680908203125,-0.19281005859375,-0.2001953125,0.69146728515625,0.08203125,-0.203125,0.0234375,-0.005859375,-0.091796875,0.255859375,898.25,4.3,186.8,17.3,16.5,2.0,12.0,36.972475333333335,-122.03497383333334,18.2,0.72,4.719,147.18
2026-09-03 17:14:19.045741,0.66534423828125,-0.1954345703125,-0.20306396484375,0.6912841796875,0.36328125,-0.453125,-0.20703125,-0.0234375,-0.083984375,-0.013671875,896.0,4.3,186.8,17.6,16.5,2.0,12.0,36.972475333333335,-122.03497383333334,18.2,0.72,4.719,147.18
2026-09-03 17:14:19.146034,0.66436767578125,1.8006591796875,-0.20391845703125,0.69085693359375,-0.2890625,0.26953125,-0.12109375,-0.021484375,-0.068359375,-0.029296875,896.0,4.3,186.8,17.6,16.5,2.0,12.0,36.972475333333335,-122.03497383333334,18.2,0.72,4.719,147.18
2026-09-03 17:14:19.253945,0.6630859375,-0.20220947265625,-0.2060546875,0.690673828125,-0.41796875,0.55078125,0.125,-0.029296875,-0.0703125,-0.013671875,886.5,4.3,186.8,18.0,16.5,2.0,12.0,36.97245466666666,-122.03496533333332,17.8,0.72,4.719,147.18
2026-09-03 17:14:19.354308,0.6607666015625,-0.20452880859375,-0.209716796875,0.6910400390625,-0.3515625,0.48046875,-0.05078125,-0.060546875,-0.08984375,0.0,886.5,4.3,186.8,18.0,16.5,2.0,12.0,36.97245466666666,-122.03496533333332,17.8,0.72,4.719,147.18
2026-09-03 17:14:19.454972,0.65985107421875,-0.20672607421875,-0.21295166015625,0.6903076171875,0.0078125,-0.59375,0.30859375,-0.01171875,-0.08203125,0.00390625,877.25,4.3,186.8,18.4,16.5,2.0,12.0,36.97245466666666,-122.03496533333332,17.8,0.72,4.719,147.18
2026-09-03 17:14:19.554145,0.6590576171875,-0.20855712890625,-0.21624755859375,0.68951416015625,-0.11328125,-0.22265625,0.08203125,0.001953125,-0.07421875,-0.001953125,877.25,4.3,186.8,18.4,16.5,2.0,12.0,36.97245466666666,-122.03496533333332,17.8,0.72,4.719,147.18
2026-09-03 17:14:19.654399,0.65728759765625,-0.20965576171875,-0.221923828125,0.68902587890625,-0.25,-0.0703125,0.44921875,-0.009765625,-0.099609375,-0.005859375,858.5,4.3,186.8,19.6,16.5,2.0,12.0,36.97245466666666,-122.03496533333332,17.8,0.72,4.719,147.18
2026-09-03 17:14:19.746041,0.655029296875,-0.21124267578125,-0.22833251953125,0.6964111328125,0.04296875,-0.10546875,0.140625,0.005859375,-0.123046875,-0.00390625,858.5,4.3,186.8,19.6,16.5,2.0,12.0,36.97245466666666,-122.03496533333332,17.8,0.72,4.719,147.18
2026-09-03 17:14:19.846082,0.6527099609375,-0.21282958984375,-0.23431396484375,0.6883544921875,0.1484375,-0.09765625,-0.375,0.00390625,-0.115234375,-0.015625,832.75,3.7,186.8,21.6,16.5,2.0,12.0,36.97245466666666,-122.03496533333332,17.8,0.72,4.719,147.18
2026-09-03 17:14:19.946815,0.650634765625,-0.21539306640625,-0.23919677734375,0.68780517578125,-0.09375,0.32421875,-0.2578125,-0.013671875,-0.111328125,-0.017578125,832.75,3.7,186.8,21.6,16.5,2.0,12.0,36.97245466666666,-122.03496533333332,17.8,0.72,4.719,147.18
2026-09-03 17:14:20.047266,0.64764404296875,-0.21856689453125,-0.24481201171875,0.6876220703125,-0.25390625,0.32421875,-0.27734375,-0.05078125,-0.130859375,-0.015625,814.75,3.7,186.8,23.5,16.5,2.0,12.0,36.97245466666666,-122.03496533333332,17.8,0.72,3.759,156.88
2026-09-03 17:14:20.147282,0.64599609375,-0.22198486328125,-0.2506103515625,0.68597412109375,-0.0390625,-0.1484375,0.38671875,-0.044921875,-0.140625,-0.0078125,814.75,3.7,186.8,23.5,16.5,2.0,12.0,36.97245466666666,-122.03496533333332,17.8,0.72,3.759,156.88
2026-09-03 17:14:20.246285,0.645263671875,-0.2255859375,-0.255615234375,0.68365478515625,-0.0546875,-0.19140625,0.6171875,0.009765625,-0.12890625,-0.01171875,790.5,3.7,186.8,25.1,16.5,2.0,12.0,36.97243616666667,-122.03496,17.4,0.66,3.759,156.88
2026-09-03 17:14:20.346203,0.6436767578125,-0.22802734375,-0.2620849609375,0.681884765625,-0.359375,0.1015625,0.19140625,0.02734375,-0.1328125,-0.0234375,790.5,3.7,186.8,25.1,16.5,2.0,12.0,36.97243616666667,-122.03496,17.4,0.66,3.759,156.88
2026-09-03 17:14:20.447214,0.64276123046875,-0.23175048828125,-0.26849365234375,0.67901611328125,-0.43359375,0.3515625,0.23046875,0.08203125,-0.15234375,0.001953125,760.0,3.1,186.8,26.7,16.9,2.0,12.0,36.97243616666667,-122.03496,17.4,0.66,3.759,156.88
2026-09-03 17:14:20.546534,0.6414794921875,-0.23529052734375,-0.27593994140625,0.676025390625,0.32421875,-0.26953125,-0.7734375,0.056640625,-0.166015625,0.005859375,760.0,3.1,186.8,26.7,16.9,2.0,12.0,36.97243616666667,-122.03496,17.4,0.66,3.759,156.88
2026-09-03 17:14:20.652026,0.64080810546875,-0.23681640625,-0.27978515625,0.67449951171875,0.30078125,-0.34375,-0.38671875,-0.001953125,-0.16015625,-0.02734375,739.75,3.1,186.8,28.2,16.9,2.0,12.0,36.97243616666667,-122.03496,17.4,0.66,3.759,156.88
2026-09-03 17:14:20.751889,0.64111328125,-0.24029541015625,-0.2862548828125,0.6702880859375,-0.08203125,0.26953125,-0.18359375,0.021484375,-0.146484375,-0.041015625,739.75,3.1,186.8,28.2,16.9,2.0,12.0,36.97243616666667,-122.03496,17.4,0.66,3.759,156.88
2026-09-03 17:14:20.851267,0.6422119140625,-0.2447509765625,-0.29132080078125,0.6654052734375,-0.43359375,0.703125,-0.12109375,0.00390625,-0.1484375,-0.01953125,735.75,2.5,186.8,29.0,16.9,2.0,12.0,36.97243616666667,-122.03496,17.4,0.66,3.759,156.88
2026-09-03 17:14:20.951039,0.64227294921875,-0.2493896484375,-0.2967529296875,0.6612548828125,-0.078125,0.125,0.01171875,-0.021484375,-0.16015625,0.0,735.75,2.5,186.8,29.0,16.9,2.0,12.0,36.97243616666667,-122.03496,17.4,0.66,3.759,156.88
2026-09-03 17:14:21.050887,0.64215087890625,-0.25390625,-0.302734375,0.65692138671875,0.51953125,-0.875,0.140625,0.01171875,-0.166015625,0.001953125,725.75,2.5,186.8,29.4,16.9,2.0,12.0,36.97243616666667,-122.03496,17.4,0.66,3.759,156.88
2026-09-03 17:14:21.144716,0.64166259765625,-0.25872802734375,-0.308349609375,0.65289306640625,0.5390625,-0.51953125,0.078125,0.017578125,-0.158203125,-0.01171875,725.75,2.5,186.8,29.4,16.9,2.0,12.0,36.97243616666667,-122.03496,17.4,0.66,3.759,156.88
2026-09-03 17:14:21.245331,0.6402587890625,-0.26416015625,-0.31365966796875,0.6495361328125,0.47265625,0.08203125,-0.03125,0.021484375,-0.169921875,-0.025390625,721.75,1.9,186.8,29.8,16.9,2.0,12.0,36.972420166666666,-122.03496183333333,17.0,0.66,3.759,156.88
2026-09-03 17:14:21.345069,-1.36199951171875,-0.271728515625,-0.31732177734375,0.6468505859375,0.203125,0.36328125,-0.03125,0.02734375,-0.17578125,-0.0234375,721.75,1.9,186.8,29.8,16.9,2.0,12.0,36.972420166666666,-122.03496183333333,17.0,0.66,3.759,156.88
2026-09-03 17:14:21.445803,0.635009765625,-0.27972412109375,-0.3206787109375,0.64471435546875,0.0546875,0.4453125,-0.60546875,0.00390625,-0.17578125,-0.0234375,722.5,1.9,186.8,29.8,16.9,2.0,12.0,36.972420166666666,-122.03496183333333,17.0,0.66,3.759,156.88
2026-09-03 17:14:21.663621,0.628662109375,-0.29522705078125,-0.328369140625,0.64013671875,0.69921875,-0.58984375,0.14453125,-0.005859375,-0.19140625,-0.025390625,726.5,1.9,186.8,30.2,16.9,2.0,12.0,36.972420166666666,-122.03496183333333,17.0,0.66,3.759,156.88
2026-09-03 17:14:21.761720,0.6243896484375,-0.30291748046875,-0.333251953125,0.63824462890625,0.70703125,-0.3984375,-0.16796875,-0.021484375,-0.201171875,-0.046875,726.5,1.9,186.8,30.2,16.9,2.0,12.0,36.972420166666666,-122.03496183333333,17.0,0.66,3.759,156.88
2026-09-03 17:14:21.861103,0.61907958984375,-0.31109619140625,-0.33782958984375,0.63702392578125,0.16015625,0.2265625,0.0078125,-0.01953125,-0.1953125,-0.048828125,725.75,2.5,186.8,30.6,16.9,2.0,12.0,36.972420166666666,-122.03496183333333,17.0,0.66,3.759,156.88
2026-09-03 17:14:21.962174,0.6134033203125,-0.32025146484375,-0.34112548828125,0.63623046875,-0.6171875,0.37109375,0.23046875,-0.044921875,-0.20703125,-0.044921875,725.75,2.5,186.8,30.6,16.9,2.0,12.0,36.972420166666666,-122.03496183333333,17.0,0.66,3.759,156.88
2026-09-03 17:14:22.063322,0.60693359375,-0.32940673828125,-0.3450927734375,0.6356201171875,-0.359375,0.0859375,0.51171875,-0.056640625,-0.22265625,-0.044921875,721.0,2.5,186.8,30.6,16.5,2.0,12.0,36.972420166666666,-122.03496183333333,17.0,0.66,2.414,181.51
2026-09-03 17:14:22.161997,0.60040283203125,-0.33758544921875,-0.35089111328125,0.6343994140625,-0.015625,0.1015625,0.0625,0.00390625,-0.232421875,-0.056640625,721.0,2.5,186.8,30.6,16.5,2.0,12.0,36.972420166666666,-122.03496183333333,17.0,0.66,2.414,181.51
2026-09-03 17:14:22.262947,0.5943603515625,-0.34454345703125,-0.35821533203125,0.6322021484375,0.09375,0.09375,-0.29296875,0.013671875,-0.23046875,-0.05859375,732.0,2.5,186.8,29.8,16.5,2.0,12.0,36.97240716666667,-122.03496816666669,16.7,0.66,2.414,181.51
2026-09-03 17:14:22.362500,0.58837890625,-0.3505859375,-0.36651611328125,0.62969970703125,-0.15625,0.0078125,-0.3359375,-0.00390625,-0.23828125,-0.0546875,732.0,2.5,186.8,29.8,16.5,2.0,12.0,36.97240716666667,-122.03496816666669,16.7,0.66,2.414,181.51
2026-09-03 17:14:22.462276,0.58233642578125,-0.35638427734375,-0.3753662109375,0.62689208984375,-0.0625,0.0,-0.3125,-0.03515625,-0.26171875,-0.0546875,739.75,3.1,186.8,29.0,16.9,2.0,12.0,36.97240716666667,-122.03496816666669,16.7,0.66,2.414,181.51
2026-09-03 17:14:22.563487,0.576904296875,-0.36236572265625,-0.3851318359375,0.62255859375,0.1875,-0.10546875,-0.2421875,-0.0546875,-0.263671875,-0.0625,739.75,3.1,186.8,29.0,16.9,2.0,12.0,36.97240716666667,-122.03496816666669,16.7,0.66,2.414,181.51
2026-09-03 17:14:22.783825,0.566162109375,-0.37420654296875,-0.40435791015625,0.61309814453125,-0.03125,-0.52734375,0.890625,0.052734375,-0.279296875,-0.08203125,837.5,3.1,186.8,30.2,17.3,2.0,12.0,36.97240716666667,-122.03496816666669,16.7,0.66,2.414,181.51
2026-09-03 17:14:22.875516,0.5595703125,-0.38470458984375,-0.41845703125,0.6031494140625,0.390625,-0.39453125,-0.1640625,-0.0078125,-0.294921875,-0.095703125,837.5,3.1,186.8,30.2,17.3,2.0,12.0,36.97240716666667,-122.03496816666669,16.7,0.66,2.414,181.51
2026-09-03 17:14:22.977102,0.55487060546875,-0.3900146484375,-0.4298095703125,0.5960693359375,-0.48828125,0.87890625,-1.58203125,0.001953125,-0.287109375,-0.02734375,837.5,3.1,186.8,30.2,17.3,2.0,12.0,36.97240716666667,-122.03496816666669,16.7,0.66,2.414,181.51
2026-09-03 17:14:23.082377,0.5489501953125,1.6021728515625,-0.4384765625,0.590087890625,-0.734375,2.05078125,-0.55078125,-0.013671875,-0.30078125,0.0234375,932.75,3.7,186.8,31.4,20.4,2.0,12.0,36.97240716666667,-122.03496816666669,16.7,0.66,3.426,201.69
2026-09-03 17:14:23.180348,0.54071044921875,-0.406982421875,-0.4462890625,0.58551025390625,-0.52734375,0.625,-0.16015625,-0.294921875,-0.306640625,0.04296875,932.75,3.7,186.8,31.4,20.4,2.0,12.0,36.972394666666666,-122.03497733333332,16.5,0.62,3.426,201.69
2026-09-03 17:14:23.280144,0.53125,-0.416259765625,-0.45416259765625,0.58154296875,-0.20703125,-0.4921875,0.40625,-0.005859375,-0.3203125,0.03515625,1100.0,3.7,186.8,33.7,20.4,2.0,12.0,36.972394666666666,-122.03497733333332,16.5,0.62,3.426,201.69
2026-09-03 17:14:23.375664,0.522705078125,-0.4261474609375,-0.4617919921875,0.57611083984375,0.15625,-0.9296875,0.4296875,0.029296875,-0.330078125,0.00390625,1100.0,3.7,186.8,33.7,20.4,2.0,12.0,36.972394666666666,-122.03497733333332,16.5,0.62,3.426,201.69
2026-09-03 17:14:23.481887,0.51495361328125,-0.43609619140625,-0.47003173828125,0.5689697265625,0.02734375,-0.66015625,0.12890625,-0.005859375,-0.357421875,-0.001953125,1244.5,3.7,186.8,22.7,18.4,2.0,12.0,36.972394666666666,-122.03497733333332,16.5,0.62,3.426,201.69
2026-09-03 17:14:23.575859,0.50341796875,-0.44219970703125,-0.48272705078125,0.56396484375,0.0078125,0.45703125,-0.01171875,0.01171875,-0.369140625,0.00390625,1244.5,3.7,186.8,22.7,18.4,2.0,12.0,36.972394666666666,-122.03497733333332,16.5,0.62,3.426,201.69
2026-09-03 17:14:23.681481,0.4893798828125,-0.44561767578125,-0.497802734375,0.56048583984375,-0.0234375,0.578125,-0.15625,-0.029296875,-0.3671875,0.02734375,1153.75,4.3,186.8,20.4,19.2,2.0,12.0,36.972394666666666,-122.03497733333332,16.5,0.62,3.426,201.69
2026-09-03 17:14:23.787165,0.4718017578125,-0.45849609375,-0.51318359375,0.5511474609375,-0.140625,0.51953125,-0.0625,-0.04296875,-0.376953125,0.03515625,1122.5,4.3,186.8,22.4,17.3,2.0,12.0,36.972394666666666,-122.03497733333332,16.5,0.62,3.426,201.69
2026-09-03 17:14:23.887597,0.46038818359375,-0.468505859375,-0.52294921875,0.543212890625,0.05859375,0.26171875,-0.16796875,-0.04296875,-0.396484375,0.03125,1122.5,4.3,186.8,22.4,17.3,2.0,12.0,36.972394666666666,-122.03497733333332,16.5,0.62,3.426,201.69
2026-09-03 17:14:23.986535,0.44891357421875,-0.4776611328125,-0.533447265625,0.5345458984375,-0.01171875,-0.0390625,-0.0078125,-0.05859375,-0.40234375,0.005859375,1061.5,4.3,186.8,15.7,15.3,2.0,12.0,36.972394666666666,-122.03497733333332,16.5,0.62,3.426,201.69
2026-09-03 17:14:24.087894,0.4373779296875,-0.4862060546875,-0.54400634765625,0.525634765625,-0.05859375,-0.4375,0.18359375,-0.06640625,-0.39453125,0.0,1061.5,4.3,186.8,15.7,15.3,2.0,12.0,36.972394666666666,-122.03497733333332,16.5,0.62,3.426,201.69
2026-09-03 17:14:24.181671,0.4315185546875,-0.4903564453125,-0.54937744140625,0.52099609375,-0.41796875,-0.2734375,0.1953125,-0.0546875,-0.396484375,-0.009765625,1061.5,4.3,186.8,15.7,15.3,,,,,,,,
2026-09-03 17:14:24.280622,0.4210205078125,-0.49725341796875,-0.56109619140625,0.51055908203125,-0.4453125,0.1640625,-0.16015625,-0.052734375,-0.408203125,-0.013671875,885.75,4.3,186.8,16.9,16.9,,,,,,,,
2026-09-03 17:14:24.380277,0.40618896484375,-0.5068359375,-0.578857421875,0.49298095703125,-0.2578125,-0.1953125,0.1484375,-0.01953125,-0.40234375,0.005859375,885.75,4.3,186.8,16.9,16.9,,,,,,,,
2026-09-03 17:14:24.472874,0.4007568359375,-0.5108642578125,-0.58355712890625,0.48773193359375,-0.18359375,0.33984375,-0.296875,-0.021484375,-0.392578125,0.0,878.75,4.3,186.8,20.0,16.5,,,,,,,,
2026-09-03 17:14:24.580641,0.38165283203125,-0.52386474609375,-0.596435546875,0.47344970703125,-0.328125,0.1171875,-0.51171875,-0.044921875,-0.40625,0.03125,878.75,4.3,186.8,20.0,16.5,,,,,,,,
2026-09-03 17:14:24.678051,0.37615966796875,-0.528076171875,-0.60064697265625,0.46783447265625,-0.22265625,0.34765625,0.31640625,0.01171875,-0.388671875,-0.03125,900.75,4.3,186.8,18.8,16.5,,,,,,,,
2026-09-03 17:14:24.777251,0.36907958984375,-0.53570556640625,-0.60858154296875,0.454345703125,0.04296875,0.34375,-0.2265625,0.060546875,-0.361328125,-0.052734375,900.75,4.3,186.8,18.8,16.5,,,,,,,,
2026-09-03 17:14:24.877312,0.36810302734375,-0.54034423828125,-0.61859130859375,0.43572998046875,-0.09375,0.0546875,-0.59765625,0.046875,-0.361328125,-0.033203125,914.75,4.3,186.8,18.4,16.5,,,,,,,,
2026-09-03 17:14:24.980074,0.3619384765625,-0.5474853515625,-0.62567138671875,-1.57830810546875,-0.44921875,-0.6953125,0.28515625,0.013671875,-0.345703125,0.03515625,914.75,4.3,186.8,18.4,16.5,,,,,,,,
2026-09-03 17:14:25.087861,0.34759521484375,-0.56146240234375,-0.63067626953125,0.40771484375,-1.0,0.2890625,0.0390625,0.0625,-0.3203125,0.07421875,949.0,5.0,186.8,20.8,18.4,,,,,,,,
2026-09-03 17:14:25.188480,0.33404541015625,-0.57489013671875,-0.63421630859375,0.39459228515625,0.1953125,0.92578125,-1.4765625,0.109375,-0.451171875,0.087890625,1052.25,4.3,186.8,25.5,18.4,,,,,,,,
2026-09-03 17:14:25.287499,0.322021484375,-0.58203125,-0.64251708984375,0.38043212890625,1.94921875,1.28515625,-3.03515625,-0.013671875,-0.439453125,-0.04296875,1052.25,4.3,186.8,25.5,18.4,,,,,,,,
2026-09-03 17:14:25.387757,0.31298828125,-0.58380126953125,-0.65203857421875,0.36883544921875,1.47265625,0.734375,-0.7578125,-0.072265625,-0.330078125,-0.115234375,1100.0,4.3,186.8,24.7,19.2,,,,,,,,
2026-09-03 17:14:25.479761,0.30364990234375,-0.58660888671875,-0.66021728515625,0.35748291015625,-0.6953125,0.3125,-0.30859375,-0.04296875,-0.3203125,-0.076171875,1100.0,4.3,186.8,24.7,19.2,,,,,,,,
2026-09-03 17:14:25.580103,0.29119873046875,-0.5897216796875,-0.66961669921875,0.344970703125,-0.2109375,-0.140625,0.171875,-0.080078125,-0.392578125,-0.0546875,1100.0,4.3,186.8,24.7,19.2,,,,,,,,
2026-09-03 17:14:25.680052,0.27801513671875,1.40692138671875,-0.67864990234375,0.33233642578125,0.37890625,-0.23828125,0.5234375,-0.078125,-0.40625,-0.04296875,1181.25,4.3,186.8,25.1,19.2,,,,,,,,
2026-09-03 17:14:25.778950,0.26617431640625,-0.59796142578125,-0.6849365234375,0.32000732421875,0.375,0.0,0.41015625,-0.021484375,-0.376953125,-0.029296875,1181.25,4.3,186.8,25.1,19.2,,,,,,,,
2026-09-03 17:14:25.880743,0.2542724609375,-0.60430908203125,-0.690185546875,0.3062744140625,0.26171875,0.19140625,0.1171875,0.033203125,-0.390625,-0.03125,1207.75,5.0,186.8,22.4,19.2,,,,,,,,
2026-09-03 17:14:25.980070,0.239990234375,1.39361572265625,-0.69927978515625,0.292724609375,0.0546875,0.6796875,-0.67578125,0.001953125,-0.431640625,-0.03515625,1207.75,5.0,186.8,22.4,19.2,,,,,,,,
2026-09-03 17:14:26.081387,0.2244873046875,-0.60955810546875,-0.70654296875,0.28070068359375,0.0703125,0.2578125,-0.55078125,-0.04296875,-0.4140625,-0.041015625,1179.5,5.0,186.8,19.6,16.5,,,,,,,,
2026-09-03 17:14:26.181506,0.21075439453125,-0.61480712890625,-0.71124267578125,0.26776123046875,-0.15234375,-0.00390625,-0.140625,-0.013671875,-0.39453125,-0.03515625,1179.5,5.0,186.8,19.6,16.5,2.0,12.0,36.97237583333333,-122.03504666666667,16.2,0.65,3.426,201.69
2026-09-03 17:14:26.279683,0.19708251953125,-0.62042236328125,-0.715576171875,0.25341796875,-0.43359375,-0.08203125,0.06640625,-0.005859375,-0.41796875,-0.048828125,1064.75,5.0,186.8,14.9,15.3,2.0,12.0,36.97237583333333,-122.03504666666667,16.2,0.65,3.426,201.69
2026-09-03 17:14:26.381236,0.18377685546875,-0.6259765625,-0.71954345703125,0.2379150390625,-0.39453125,0.109375,-0.0859375,-0.00390625,-0.43359375,-0.04296875,1064.75,5.0,186.8,14.9,15.3,2.0,12.0,36.97237583333333,-122.03504666666667,16.2,0.65,3.426,201.69
2026-09-03 17:14:26.597025,0.162353515625,-0.631591796875,-0.72637939453125,0.217041015625,-0.140625,0.0234375,-0.77734375,-0.001953125,-0.40234375,-0.029296875,907.0,5.0,186.8,17.6,16.5,2.0,12.0,36.97237583333333,-122.03504666666667,16.2,0.65,3.426,201.69
2026-09-03 17:14:26.687361,0.14923095703125,-0.6356201171875,-0.7296142578125,0.20343017578125,-0.02734375,0.21484375,-0.796875,0.001953125,-0.380859375,-0.0390625,907.0,5.0,186.8,17.6,16.5,2.0,12.0,36.97237583333333,-122.03504666666667,16.2,0.65,3.426,201.69
2026-09-03 17:14:26.788106,0.14398193359375,-0.64678955078125,-0.72607421875,0.1837158203125,0.0703125,0.046875,-0.2578125,0.013671875,-0.376953125,-0.025390625,925.75,5.0,186.8,16.9,16.5,2.0,12.0,36.97237583333333,-122.03504666666667,16.2,0.65,3.426,201.69
2026-09-03 17:14:26.894871,0.13702392578125,-0.65655517578125,-0.72283935546875,0.16644287109375,0.3203125,0.16015625,-0.62890625,0.017578125,-0.3515625,-0.009765625,925.75,5.0,186.8,16.9,16.5,2.0,12.0,36.97237583333333,-122.03504666666667,16.2,0.65,3.426,201.69
2026-09-03 17:14:26.993392,0.1282958984375,-0.6639404296875,-0.72076416015625,0.15252685546875,0.46484375,0.0390625,-0.6015625,-0.01171875,-0.30078125,-0.021484375,933.5,5.0,186.8,16.5,16.5,2.0,12.0,36.97237583333333,-122.03504666666667,16.2,0.65,3.426,201.69
2026-09-03 17:14:27.093899,0.1190185546875,-0.66943359375,-0.7196044921875,0.14111328125,0.01953125,0.3203125,-0.27734375,-0.0234375,-0.279296875,-0.0234375,933.5,5.0,186.8,16.5,16.5,2.0,12.0,36.97237583333333,-122.03504666666667,16.2,0.65,4.942,286.27
2026-09-03 17:14:27.195076,0.10943603515625,-0.67047119140625,-0.72198486328125,0.13128662109375,0.125,-0.03125,-0.04296875,-0.025390625,-0.263671875,-0.005859375,935.0,5.0,186.8,16.5,16.5,2.0,12.0,36.972383666666666,-122.03507316666666,16.0,0.65,4.942,286.27
2026-09-03 17:14:27.294520,0.10009765625,-0.67138671875,-0.7239990234375,0.1224365234375,0.578125,-0.55859375,0.12890625,-0.00390625,-0.240234375,-0.013671875,935.0,5.0,186.8,16.5,16.5,2.0,12.0,36.972383666666666,-122.03507316666666,16.0,0.65,4.942,286.27
2026-09-03 17:14:27.394241,0.091796875,-0.67474365234375,-0.723388671875,0.11419677734375,0.0234375,0.13671875,0.015625,0.005859375,-0.212890625,-0.021484375,945.25,5.0,186.8,16.5,16.5,2.0,12.0,36.972383666666666,-122.03507316666666,16.0,0.65,4.942,286.27
2026-09-03 17:14:27.493923,0.08380126953125,-0.685791015625,-0.7149658203125,0.10693359375,0.17578125,-0.23828125,-0.20703125,0.0,-0.201171875,-0.01953125,945.25,5.0,186.8,16.5,16.5,2.0,12.0,36.972383666666666,-122.03507316666666,16.0,0.65,4.942,286.27
2026-09-03 17:14:27.594742,0.07666015625,-0.69134521484375,-0.71142578125,0.10009765625,0.11328125,0.19140625,-0.06640625,-0.01953125,-0.18359375,-0.021484375,937.5,5.0,186.8,16.5,16.5,2.0,12.0,36.972383666666666,-122.03507316666666,16.0,0.65,4.942,286.27
2026-09-03 17:14:27.694933,0.06982421875,-0.69525146484375,-0.70916748046875,0.09393310546875,-0.015625,0.08203125,0.171875,-0.03125,-0.16796875,-0.021484375,937.5,5.0,186.8,16.5,16.5,2.0,12.0,36.972383666666666,-122.03507316666666,16.0,0.65,4.942,286.27
2026-09-03 17:14:27.794454,0.0634765625,-0.69805908203125,-0.70770263671875,0.08843994140625,-0.09375,-0.1015625,0.30078125,-0.015625,-0.15625,-0.017578125,933.5,5.0,186.8,16.5,16.5,2.0,12.0,36.972383666666666,-122.03507316666666,16.0,0.65,4.942,286.27
2026-09-03 17:14:27.903338,0.05755615234375,-0.7001953125,-0.7066650390625,0.08349609375,0.11328125,-0.0234375,0.07421875,0.01171875,-0.142578125,-0.01171875,933.5,5.0,186.8,16.5,16.5,2.0,12.0,36.972383666666666,-122.03507316666666,16.0,0.65,4.942,286.27
2026-09-03 17:14:28.003319,0.05267333984375,-0.70166015625,-0.7061767578125,0.0784912109375,0.0234375,0.078125,-0.21484375,0.02734375,-0.125,-0.013671875,931.25,5.0,186.8,16.5,16.5,2.0,12.0,36.972383666666666,-122.03507316666666,16.0,0.65,4.942,286.27
2026-09-03 17:14:28.103123,0.0484619140625,-0.7032470703125,-0.70538330078125,0.07415771484375,-0.078125,0.484375,-0.44921875,0.029296875,-0.107421875,-0.01171875,931.25,5.0,186.8,16.5,16.5,2.0,12.0,36.972383666666666,-122.03507316666666,16.0,0.65,4.942,286.27
2026-09-03 17:14:28.203573,0.04437255859375,-0.70526123046875,-0.7039794921875,0.0709228515625,0.0078125,0.28125,-0.30859375,0.001953125,-0.091796875,-0.00390625,929.5,5.0,186.8,16.5,16.5,,,,,,,,
2026-09-03 17:14:28.301253,0.0404052734375,-0.707763671875,-0.70196533203125,0.0682373046875,0.04296875,-0.1171875,-0.21484375,-0.005859375,-0.076171875,-0.0078125,929.5,5.0,186.8,16.5,16.5,,,,,,,,
2026-09-03 17:14:28.411599,0.037353515625,-0.7100830078125,-0.70001220703125,0.06573486328125,-0.0546875,-0.1328125,0.0390625,-0.009765625,-0.048828125,-0.009765625,921.75,4.3,186.8,16.5,16.5,,,,,,,,
2026-09-03 17:14:28.503189,0.0345458984375,-0.7122802734375,-0.6982421875,0.0626220703125,-0.14453125,-0.01171875,-0.0078125,-0.00390625,-0.044921875,-0.01171875,921.75,4.3,186.8,16.5,16.5,,,,,,,,
2026-09-03 17:14:28.611963,0.03399658203125,-0.71240234375,-0.6982421875,0.061767578125,-0.4453125,0.03515625,0.078125,0.001953125,-0.02734375,-0.00390625,912.5,4.3,186.8,16.9,16.5,,,,,,,,
2026-09-03 17:14:28.709755,0.03271484375,-0.713134765625,-0.69769287109375,0.0599365234375,-0.24609375,0.07421875,-0.10546875,0.009765625,-0.009765625,0.001953125,912.5,4.3,186.8,16.9,16.5,,,,,,,,
2026-09-03 17:14:28.795498,0.03363037109375,-0.71453857421875,-0.69635009765625,0.05853271484375,-0.1953125,-0.0703125,-0.0859375,0.013671875,-0.001953125,-0.001953125,884.25,4.3,186.8,17.6,16.5,,,,,,,,
2026-09-03 17:14:28.895139,0.034912109375,-0.7156982421875,-0.69512939453125,0.057373046875,-0.0859375,-0.078125,0.0234375,0.015625,0.005859375,0.0,884.25,4.3,186.8,17.6,16.5,,,,,,,,
2026-09-03 17:14:29.101779,0.03790283203125,-0.7181396484375,-0.69268798828125,0.05548095703125,0.08984375,-0.140625,-0.0390625,-0.005859375,0.017578125,0.0,852.25,3.7,186.8,19.6,16.5,,,,,,,,
2026-09-03 17:14:29.199546,0.03948974609375,-0.71820068359375,-0.6925048828125,0.05572509765625,0.01171875,0.015625,0.1796875,-0.263671875,0.28125,-0.005859375,828.0,3.7,186.8,22.0,16.5,2.0,12.0,36.97240333333333,-122.03511866666666,15.7,0.65,4.942,286.27
2026-09-03 17:14:29.299461,0.041015625,-0.71832275390625,-0.6922607421875,0.05633544921875,0.00390625,0.109375,0.1484375,-0.01953125,0.02734375,-0.00390625,828.0,3.7,186.8,22.0,16.5,2.0,12.0,36.97240333333333,-122.03511866666666,15.7,0.65,4.942,286.27
2026-09-03 17:14:29.400115,0.04229736328125,-0.7178955078125,-0.69256591796875,0.05694580078125,-0.05078125,0.13671875,0.3203125,-0.01953125,0.03125,-0.00390625,805.25,3.7,186.8,23.5,16.5,2.0,12.0,36.97240333333333,-122.03511866666666,15.7,0.65,4.942,286.27
2026-09-03 17:14:29.499700,0.0435791015625,-0.71728515625,-0.6929931640625,0.05780029296875,-0.171875,0.02734375,0.25,-0.00390625,0.03515625,0.01171875,805.25,3.7,186.8,23.5,16.5,2.0,12.0,36.97240333333333,-122.03511866666666,15.7,0.65,4.942,286.27
2026-09-03 17:14:29.599428,0.045166015625,-0.7164306640625,-0.6937255859375,0.05877685546875,-0.26171875,0.09765625,0.15625,-0.0078125,0.03125,0.001953125,782.0,3.1,186.8,24.7,16.5,2.0,12.0,36.97240333333333,-122.03511866666666,15.7,0.65,4.942,286.27
2026-09-03 17:14:29.699072,0.0477294921875,-0.71435546875,-0.6956787109375,0.05841064453125,-0.25390625,0.04296875,-0.08203125,0.0,0.025390625,0.00390625,782.0,3.1,186.8,24.7,16.5,2.0,12.0,36.97240333333333,-122.03511866666666,15.7,0.65,4.942,286.27
2026-09-03 17:14:29.799471,0.0501708984375,-0.7130126953125,-0.697021484375,0.05767822265625,-0.05859375,-0.0859375,-0.08984375,0.00390625,0.029296875,0.001953125,754.5,3.1,186.8,25.5,16.5,2.0,12.0,36.97240333333333,-122.03511866666666,15.7,0.65,4.942,286.27
2026-09-03 17:14:29.898985,0.05279541015625,-0.7119140625,-0.69793701171875,0.0570068359375,-0.02734375,-0.0546875,0.1015625,0.00390625,0.033203125,0.005859375,754.5,3.1,186.8,25.5,16.5,2.0,12.0,36.97240333333333,-122.03511866666666,15.7,0.65,4.942,286.27
2026-09-03 17:14:29.999109,0.055419921875,-0.7110595703125,-0.69866943359375,0.05657958984375,-0.04296875,-0.109375,0.18359375,0.00390625,0.0234375,0.001953125,739.0,2.5,186.8,26.7,16.5,2.0,12.0,36.97240333333333,-122.03511866666666,15.7,0.65,4.942,286.27
2026-09-03 17:14:30.098820,0.0576171875,-0.71026611328125,-0.6993408203125,0.05596923828125,0.00390625,0.06640625,-0.0078125,0.013671875,0.01953125,0.0,739.0,2.5,186.8,26.7,16.5,2.0,12.0,36.97240333333333,-122.03511866666666,15.7,0.65,2.497,294.92
2026-09-03 17:14:30.199140,0.05926513671875,-0.70965576171875,-0.69989013671875,0.05560302734375,0.04296875,0.03125,-0.14453125,0.00390625,0.021484375,0.001953125,727.25,2.5,186.8,27.8,16.5,2.0,12.0,36.97240716666667,-122.0351355,15.2,0.63,2.497,294.92
2026-09-03 17:14:30.298732,0.06060791015625,-0.7093505859375,-0.70001220703125,0.05584716796875,-0.07421875,0.04296875,-0.05078125,-0.001953125,0.0234375,0.0,727.25,2.5,186.8,27.8,16.5,2.0,12.0,36.97240716666667,-122.0351355,15.2,0.63,2.497,294.92
2026-09-03 17:14:30.399268,0.06201171875,-0.7091064453125,-0.70013427734375,0.0562744140625,-0.109375,-0.0546875,-0.05859375,-0.009765625,0.0234375,-0.005859375,719.5,1.9,186.8,28.2,16.5,2.0,12.0,36.97240716666667,-122.0351355,15.2,0.63,2.497,294.92
2026-09-03 17:14:30.498938,0.0634765625,-0.70843505859375,-0.70068359375,0.05633544921875,-0.04296875,0.03515625,-0.234375,-0.025390625,0.01953125,-0.0078125,719.5,1.9,186.8,28.2,16.5,2.0,12.0,36.97240716666667,-122.0351355,15.2,0.63,2.497,294.92
2026-09-03 17:14:30.602936,0.065185546875,-0.7076416015625,-0.69354248046875,0.0560302734375,-0.24609375,0.23046875,0.140625,-0.00390625,0.01953125,0.005859375,717.75,1.9,186.8,29.0,16.5,2.0,12.0,36.97240716666667,-122.0351355,15.2,0.63,2.497,294.92
2026-09-03 17:14:30.698561,0.0687255859375,-0.70697021484375,-0.70184326171875,0.05438232421875,-0.109375,0.06640625,0.28515625,0.0078125,0.01171875,0.0078125,717.75,1.9,186.8,29.0,16.5,2.0,12.0,36.97240716666667,-122.0351355,15.2,0.63,2.497,294.92
2026-09-03 17:14:30.803674,0.0697021484375,-0.70660400390625,-0.70208740234375,0.0537109375,-0.03125,-0.078125,0.08984375,0.013671875,0.005859375,0.005859375,717.75,1.2,186.8,29.0,16.5,2.0,12.0,36.97240716666667,-122.0351355,15.2,0.63,2.497,294.92
2026-09-03 17:14:31.235338,0.0712890625,-0.70587158203125,-0.7027587890625,0.05255126953125,-0.03125,-0.078125,0.08984375,0.013671875,0.005859375,0.005859375,717.75,0.6,186.8,29.8,21.2,2.0,12.0,36.9724085,-122.035146,15.1,0.67,1.346,293.22
2026-09-03 17:14:31.335764,0.0712890625,-0.70587158203125,-0.7027587890625,0.05255126953125,-0.03125,-0.078125,0.08984375,0.013671875,0.005859375,0.005859375,717.75,0.6,186.8,29.8,21.2,2.0,12.0,36.9724085,-122.035146,15.1,0.67,1.346,293.22
2026-09-03 17:14:31.435574,0.0712890625,-0.70587158203125,-0.7027587890625,0.05255126953125,-0.03125,-0.078125,0.08984375,0.013671875,0.005859375,0.005859375,737.5,0.0,186.8,43.5,16.5,2.0,12.0,36.9724085,-122.035146,15.1,0.67,1.346,293.22
2026-09-03 17:14:31.535836,0.0712890625,-0.70587158203125,-0.7027587890625,0.05255126953125,-0.03125,-0.078125,0.08984375,0.013671875,0.005859375,0.005859375,737.5,0.0,186.8,43.5,16.5,2.0,12.0,36.9724085,-122.035146,15.1,0.67,1.346,293.22
2026-09-03 17:14:31.634961,0.0712890625,-0.70587158203125,-0.7027587890625,0.05255126953125,-0.03125,-0.078125,0.08984375,0.013671875,0.005859375,0.005859375,742.0,0.0,186.8,38.8,17.6,2.0,12.0,36.9724085,-122.035146,15.1,0.67,1.346,293.22
2026-09-03 17:14:31.735932,0.0712890625,-0.70587158203125,-0.7027587890625,0.05255126953125,-0.03125,-0.078125,0.08984375,0.013671875,0.005859375,0.005859375,742.0,0.0,186.8,38.8,17.6,2.0,12.0,36.9724085,-122.035146,15.1,0.67,1.346,293.22
2026-09-03 17:14:31.836053,0.0712890625,-0.70587158203125,-0.7027587890625,0.05255126953125,-0.03125,-0.078125,0.08984375,0.013671875,0.005859375,0.005859375,744.5,0.0,186.8,38.4,17.6,2.0,12.0,36.9724085,-122.035146,15.1,0.67,1.346,293.22
2026-09-03 17:14:31.936419,0.0712890625,-0.70587158203125,-0.7027587890625,0.05255126953125,-0.03125,-0.078125,0.08984375,0.013671875,0.005859375,0.005859375,744.5,0.0,186.8,38.4,17.6,2.0,12.0,36.9724085,-122.035146,15.1,0.67,1.346,293.22
2026-09-03 17:14:32.036324,0.0712890625,-0.70587158203125,-0.7027587890625,0.05255126953125,-0.03125,-0.078125,0.08984375,0.013671875,0.005859375,0.005859375,741.25,0.0,186.8,38.0,17.6,2.0,12.0,36.9724085,-122.035146,15.1,0.67,0.123,
2026-09-03 17:14:32.136570,0.0712890625,-0.70587158203125,-0.7027587890625,0.05255126953125,-0.03125,-0.078125,0.08984375,0.013671875,0.005859375,0.005859375,741.25,0.0,186.8,38.0,17.6,2.0,12.0,36.972409,-122.03514883333334,15.3,0.67,0.123,
2026-09-03 17:14:32.236513,0.0712890625,-0.70587158203125,-0.7027587890625,0.05255126953125,-0.03125,-0.078125,0.08984375,0.013671875,0.005859375,0.005859375,742.0,0.0,186.8,38.0,17.6,2.0,12.0,36.972409,-122.03514883333334,15.3,0.67,0.123,
2026-09-03 17:14:32.337258,0.0712890625,-0.70587158203125,-0.7027587890625,0.05255126953125,-0.03125,-0.078125,0.08984375,0.013671875,0.005859375,0.005859375,742.0,0.0,186.8,38.0,17.6,2.0,12.0,36.972409,-122.03514883333334,15.3,0.67,0.123,
2026-09-03 17:14:32.436924,0.0712890625,-0.70587158203125,-0.7027587890625,0.05255126953125,-0.03125,-0.078125,0.08984375,0.013671875,0.005859375,0.005859375,745.25,0.0,186.8,38.0,17.6,2.0,12.0,36.972409,-122.03514883333334,15.3,0.67,0.123,
2026-09-03 17:14:32.536907,0.0712890625,-0.70587158203125,-0.7027587890625,0.05255126953125,-0.03125,-0.078125,0.08984375,0.013671875,0.005859375,0.005859375,745.25,0.0,186.8,38.0,17.6,2.0,12.0,36.972409,-122.03514883333334,15.3,0.67,0.123,
2026-09-03 17:14:32.637154,0.0712890625,-0.70587158203125,-0.7027587890625,0.05255126953125,-0.03125,-0.078125,0.08984375,0.013671875,0.005859375,0.005859375,748.25,0.0,186.8,37.6,17.6,2.0,12.0,36.972409,-122.03514883333334,15.3,0.67,0.123,
2026-09-03 17:14:32.737135,0.0712890625,-0.70587158203125,-0.7027587890625,0.05255126953125,-0.03125,-0.078125,0.08984375,0.013671875,0.005859375,0.005859375,748.25,0.0,186.8,37.6,17.6,2.0,12.0,36.972409,-122.03514883333334,15.3,0.67,0.123,
2026-09-03 17:14:32.837338,0.0712890625,-0.70587158203125,-0.7027587890625,0.05255126953125,-0.03125,-0.078125,0.08984375,0.013671875,0.005859375,0.005859375,750.0,0.0,186.8,37.6,17.6,2.0,12.0,36.972409,-122.03514883333334,15.3,0.67,0.123,
2026-09-03 17:14:32.937344,0.0712890625,-0.70587158203125,-0.7027587890625,0.05255126953125,-0.03125,-0.078125,0.08984375,0.013671875,0.005859375,0.005859375,750.0,0.0,186.8,37.6,17.6,2.0,12.0,36.972409,-122.03514883333334,15.3,0.67,0.123,
2026-09-03 17:14:33.037630,0.0712890625,-0.70587158203125,-0.7027587890625,0.05255126953125,-0.03125,-0.078125,0.08984375,0.013671875,0.005859375,0.005859375,742.75,0.0,186.8,38.0,17.6,2.0,12.0,36.972409,-122.03514883333334,15.3,0.67,0.116,
2026-09-03 17:14:35.046135,0.5,0.5,0.5,0.5,0.52734375,9.3828125,0.0390625,-0.001953125,0.0,0.001953125,756.25,0.0,188.6,40.8,17.6,,,,,,,,
2026-09-03 17:14:35.155362,0.50006103515625,0.5,0.5,0.5,0.48046875,9.2109375,0.078125,0.0,-0.001953125,-0.00390625,761.5,0.0,188.6,40.4,17.6,,,,,,,,
2026-09-03 17:14:35.244846,0.5064697265625,0.49346923828125,0.50640869140625,0.4935302734375,0.50390625,8.984375,0.0390625,-0.001953125,-0.001953125,0.0,761.5,0.0,188.6,40.4,17.6,,,,,,,,
2026-09-03 17:14:35.355564,0.50830078125,0.4915771484375,0.50823974609375,0.49163818359375,0.01953125,0.0,0.0390625,0.001953125,0.001953125,0.001953125,757.75,0.0,188.6,40.4,17.6,,,,,,,,
2026-09-03 17:14:35.453786,0.51123046875,0.48699951171875,0.51263427734375,0.488525390625,0.01171875,0.0,0.0,0.0,0.0,0.001953125,757.75,0.0,188.6,40.4,17.6,,,,,,,,
2026-09-03 17:14:35.543213,0.51141357421875,0.4866943359375,0.51287841796875,0.4884033203125,0.00390625,-0.0390625,-0.0078125,-0.001953125,-0.001953125,0.0,757.0,0.0,188.6,40.4,17.6,,,,,,,,
2026-09-03 17:14:35.653451,0.511474609375,0.486572265625,0.51300048828125,0.48834228515625,0.00390625,0.0,-0.0078125,0.0,0.0,0.00390625,757.0,0.0,188.6,40.4,17.6,,,,,,,,
2026-09-03 17:14:35.744343,0.51165771484375,0.48626708984375,0.5133056640625,0.48809814453125,0.00390625,0.0,0.0,0.001953125,0.0,0.0,760.75,0.0,188.6,40.4,17.6,,,,,,,,
2026-09-03 17:14:35.852706,0.51171875,0.48614501953125,0.513427734375,0.488037109375,0.00390625,0.0078125,-0.0078125,0.0,0.0,0.00390625,760.75,0.0,188.6,40.4,17.6,,,,,,,,
2026-09-03 17:14:35.951535,0.51190185546875,0.48590087890625,0.513671875,0.4879150390625,0.00390625,0.0078125,0.03125,0.001953125,0.001953125,0.0,757.75,0.0,188.6,40.8,17.6,,,,,,,,
2026-09-03 17:14:36.052076,0.51190185546875,0.4857177734375,0.5137939453125,0.48785400390625,0.00390625,0.0,-0.015625,-0.001953125,-0.001953125,0.001953125,757.75,0.0,188.6,40.8,17.6,,,,,,,,
2026-09-03 17:14:36.153129,0.51202392578125,0.48553466796875,0.51397705078125,0.48779296875,-0.02734375,0.0,0.0234375,-0.001953125,-0.001953125,0.0,755.25,0.0,188.6,40.4,17.6,,,,,,,,
2026-09-03 17:14:36.252771,0.51202392578125,0.4853515625,0.51409912109375,0.48779296875,0.01171875,0.0,0.0234375,0.001953125,0.0,0.0,755.25,0.0,188.6,40.4,17.6,,,,,,,,
2026-09-03 17:14:36.352485,0.5120849609375,0.4852294921875,0.51422119140625,0.48773193359375,0.01171875,0.0,-0.015625,0.0,0.0,0.001953125,761.5,0.0,188.6,40.0,17.6,,,,,,,,
2026-09-03 17:14:36.453237,0.5120849609375,0.48516845703125,0.5142822265625,0.48773193359375,-0.02734375,0.0,-0.0078125,0.0,0.0,-0.00390625,761.5,0.0,188.6,40.0,17.6,,,,,,,,
2026-09-03 17:14:36.560900,0.51214599609375,0.485107421875,0.51434326171875,0.48773193359375,0.01171875,0.0,0.03125,-0.001953125,0.001953125,-0.001953125,759.25,0.0,188.6,40.0,17.6,,,,,,,,
2026-09-03 17:14:36.650948,0.51220703125,0.48504638671875,0.51434326171875,0.4876708984375,0.01171875,0.0,0.03125,0.001953125,0.0,-0.001953125,759.25,0.0,188.6,40.0,17.6,,,,,,,,
2026-09-03 17:14:36.760909,0.51220703125,0.4849853515625,0.514404296875,0.4876708984375,0.00390625,0.0,0.03125,0.0,0.0,-0.00390625,760.75,0.0,188.6,39.6,17.6,,,,,,,,
2026-09-03 17:14:36.851545,0.51220703125,0.48486328125,0.5145263671875,0.4876708984375,0.00390625,0.0,-0.0078125,0.0,-0.001953125,0.00390625,760.75,0.0,188.6,39.6,17.6,,,,,,,,
2026-09-03 17:14:37.069986,0.5123291015625,0.48480224609375,0.51458740234375,0.487548828125,0.00390625,0.0,0.03125,0.001953125,0.001953125,-0.001953125,757.0,0.0,188.6,38.8,17.6,,,,,,,,
2026-09-03 17:14:37.163856,0.5123291015625,0.4847412109375,0.5146484375,0.48748779296875,-0.00390625,-0.0390625,-0.015625,-0.00390625,0.0,0.0,760.0,0.0,188.6,38.8,17.6,,,,,,,,
2026-09-03 17:14:37.264017,0.5123291015625,0.48468017578125,0.51470947265625,0.48748779296875,-0.00390625,0.0,-0.015625,0.001953125,0.0,-0.001953125,760.0,0.0,188.6,38.8,17.6,,,,,,,,
2026-09-03 17:14:37.364358,0.5123291015625,0.48468017578125,0.5147705078125,0.4874267578125,-0.00390625,0.0,-0.0078125,-0.00390625,0.0,0.001953125,761.5,0.0,188.6,38.8,17.6,,,,,,,,
2026-09-03 17:14:37.464150,0.5123291015625,0.484619140625,0.51483154296875,0.48736572265625,-0.00390625,0.0,0.03125,-0.001953125,0.001953125,0.00390625,761.5,0.0,188.6,38.8,17.6,,,,,,,,
2026-09-03 17:14:37.565092,0.51239013671875,0.484619140625,0.514892578125,0.48736572265625,-0.00390625,0.0,0.0234375,0.0,0.0,0.00390625,754.5,0.0,188.6,38.8,17.6,,,,,,,,
2026-09-03 17:14:37.665146,0.51239013671875,0.48455810546875,0.51495361328125,0.48736572265625,0.00390625,0.0,0.015625,-0.001953125,0.0,0.001953125,754.5,0.0,188.6,38.8,17.6,,,,,,,,
2026-09-03 17:14:37.764949,0.5123291015625,0.4844970703125,0.5150146484375,0.4874267578125,0.00390625,0.0,-0.03125,0.001953125,-0.001953125,0.00390625,757.75,0.0,188.6,38.4,17.6,,,,,,,,
2026-09-03 17:14:37.864827,0.51226806640625,0.4844970703125,0.5150146484375,0.4874267578125,0.00390625,0.0,-0.0234375,0.0,-0.001953125,0.0,757.75,0.0,188.6,38.4,17.6,,,,,,,,
2026-09-03 17:14:37.962509,0.51226806640625,0.4844970703125,0.5150146484375,0.4874267578125,-0.00390625,0.0,0.0234375,0.001953125,0.0,0.001953125,759.25,0.0,188.6,38.4,17.6,,,,,,,,
2026-09-03 17:14:38.062190,0.51226806640625,0.4844970703125,0.5150146484375,0.4874267578125,0.00390625,0.0,-0.015625,0.0,0.0,0.001953125,759.25,0.0,188.6,38.4,17.6,,,,,,,,
2026-09-03 17:14:38.161715,0.5123291015625,0.4844970703125,0.5150146484375,0.48736572265625,-0.03515625,0.0,0.03125,0.0,0.0,0.0,763.25,0.0,188.6,38.0,17.6,,,,,,,,
2026-09-03 17:14:38.262080,0.5123291015625,0.4844970703125,0.51495361328125,0.4874267578125,0.00390625,0.0,0.03125,0.001953125,0.0,0.0,763.25,0.0,188.6,38.0,17.6,,,,,,,,
2026-09-03 17:14:38.357620,0.5123291015625,0.48443603515625,0.5150146484375,0.48736572265625,0.12109375,0.0,-0.015625,0.001953125,-0.001953125,0.0,714.0,0.0,188.6,36.9,16.5,,,,,,,,
2026-09-03 17:14:38.462728,0.51251220703125,0.4842529296875,0.5152587890625,0.4871826171875,0.1796875,-0.0859375,-0.046875,0.00390625,0.0,0.001953125,714.0,0.0,188.6,36.9,16.5,,,,,,,,
2026-09-03 17:14:38.562676,0.5128173828125,0.4840087890625,0.51556396484375,0.48675537109375,0.03515625,0.0078125,0.046875,-0.001953125,0.0,0.00390625,696.0,0.0,188.6,36.5,16.9,,,,,,,,
2026-09-03 17:14:38.662899,0.51324462890625,0.483642578125,0.51593017578125,0.48626708984375,-0.03515625,0.08984375,0.06640625,0.001953125,0.0,0.0,696.0,0.0,188.6,36.5,16.9,,,,,,,,
2026-09-03 17:14:38.763138,0.51361083984375,0.48321533203125,0.51641845703125,0.48590087890625,0.0703125,0.0390625,0.015625,0.0,-0.001953125,0.005859375,760.0,0.0,188.6,34.5,17.3,,,,,,,,
2026-09-03 17:14:38.859061,0.513916015625,0.4827880859375,0.516845703125,0.48541259765625,0.109375,-0.1171875,0.0078125,0.00390625,0.00390625,0.001953125,760.0,0.0,188.6,34.5,17.3,,,,,,,,
2026-09-03 17:14:38.963071,0.51422119140625,0.48236083984375,0.51739501953125,0.4849853515625,0.0390625,0.0234375,-0.03125,0.0,0.001953125,-0.00390625,776.5,0.0,188.6,33.7,17.3,,,,,,,,
2026-09-03 17:14:39.062529,0.51458740234375,0.48193359375,0.517822265625,0.48455810546875,0.0625,0.08984375,0.08203125,-0.001953125,0.001953125,0.00390625,776.5,0.0,188.6,33.7,17.3,,,,,,,,
2026-09-03 17:14:39.162116,0.514892578125,0.48162841796875,0.51824951171875,0.48406982421875,0.046875,-0.0703125,-0.03125,0.001953125,0.001953125,0.001953125,781.25,0.0,188.6,32.5,17.3,,,,,,,,
2026-09-03 17:14:39.262601,0.51519775390625,0.4813232421875,0.51861572265625,0.483642578125,0.03125,-0.0234375,0.04296875,0.001953125,0.001953125,0.0,781.25,0.0,188.6,32.5,17.3,,,,,,,,
2026-09-03 17:14:39.362718,0.5155029296875,0.48101806640625,0.51904296875,0.483154296875,0.015625,0.0546875,0.0,0.001953125,0.00390625,0.0,802.25,0.0,188.6,31.4,17.3,,,,,,,,
2026-09-03 17:14:39.462990,0.51593017578125,0.48052978515625,0.5196533203125,0.4825439453125,0.046875,-0.0703125,-0.0078125,0.00390625,0.001953125,0.001953125,802.25,0.0,188.6,31.4,17.3,,,,,,,,
2026-09-03 17:14:39.562701,0.5162353515625,0.4801025390625,0.52032470703125,0.48193359375,0.06640625,0.0234375,0.0,0.0,0.005859375,-0.00390625,833.5,0.0,188.6,29.0,16.9,,,,,,,,
2026-09-03 17:14:39.662638,0.51666259765625,0.47967529296875,0.52093505859375,0.48126220703125,0.03515625,0.0625,0.03515625,0.001953125,0.00390625,0.00390625,833.5,0.0,188.6,29.0,16.9,,,,,,,,
2026-09-03 17:14:39.763093,0.51702880859375,0.479248046875,0.52154541015625,0.4805908203125,0.05078125,-0.015625,-0.0078125,0.005859375,0.005859375,0.00390625,860.75,0.0,188.6,30.2,18.8,,,,,,,,
2026-09-03 17:14:39.854506,0.51739501953125,0.47894287109375,0.5220947265625,0.47991943359375,0.05859375,-0.0078125,-0.0078125,0.005859375,0.005859375,0.0,860.75,0.0,188.6,30.2,18.8,,,,,,,,
2026-09-03 17:14:39.955192,0.5177001953125,0.478759765625,0.52252197265625,0.47149658203125,0.140625,0.03125,-0.0078125,0.005859375,0.0078125,0.0,977.25,0.6,188.6,29.4,18.4,,,,,,,,
2026-09-03 17:14:40.054882,0.51837158203125,0.47021484375,0.52349853515625,0.47821044921875,0.171875,0.015625,0.0,0.0,0.0078125,0.00390625,977.25,0.6,188.6,29.4,18.4,,,,,,,,
2026-09-03 17:14:40.155966,0.51885986328125,0.4775390625,0.5242919921875,0.477294921875,0.140625,-0.0625,-0.0078125,0.00390625,0.005859375,0.0,1041.25,1.2,188.6,25.9,18.4,2.0,12.0,36.9724115,-122.03515883333333,17.4,0.72,0.149,
2026-09-03 17:14:40.256849,0.519287109375,0.47723388671875,0.52490234375,0.47650146484375,0.125,-0.0078125,0.0,0.005859375,0.005859375,-0.001953125,1041.25,1.2,188.6,25.9,18.4,2.0,12.0,36.9724115,-122.03515883333333,17.4,0.72,0.149,
2026-09-03 17:14:40.355373,0.5196533203125,0.4769287109375,0.5255126953125,0.47576904296875,0.0859375,-0.0078125,0.0078125,0.0,0.0078125,0.001953125,1075.75,1.2,188.6,25.5,18.8,2.0,12.0,36.9724115,-122.03515883333333,17.4,0.72,0.149,
2026-09-03 17:14:40.456218,0.5198974609375,0.4766845703125,0.52606201171875,0.47509765625,0.0546875,0.03125,0.015625,0.001953125,0.009765625,-0.001953125,1075.75,1.2,188.6,25.5,18.8,2.0,12.0,36.9724115,-122.03515883333333,17.4,0.72,0.149,
2026-09-03 17:14:40.556136,0.52008056640625,0.47637939453125,0.5267333984375,0.4744873046875,0.05859375,-0.0078125,0.04296875,0.001953125,0.0078125,0.005859375,1110.75,1.9,188.6,24.3,18.8,2.0,12.0,36.9724115,-122.03515883333333,17.4,0.72,0.149,
2026-09-03 17:14:40.655796,0.5205078125,0.4757080078125,0.52764892578125,0.4736328125,0.05859375,-0.046875,0.07421875,-0.001953125,0.005859375,0.0,1110.75,1.9,188.6,24.3,18.8,2.0,12.0,36.9724115,-122.03515883333333,17.4,0.72,0.149,
2026-09-03 17:14:40.771135,0.5211181640625,0.47467041015625,0.5289306640625,0.47259521484375,0.02734375,-0.0390625,0.06640625,-0.001953125,0.005859375,0.0078125,1115.5,1.9,188.6,22.7,18.4,2.0,12.0,36.9724115,-122.03515883333333,17.4,0.72,0.149,
2026-09-03 17:14:40.859328,0.521484375,0.47418212890625,0.52947998046875,0.4720458984375,0.50390625,0.0078125,-0.0078125,-0.005859375,0.005859375,0.01171875,1115.5,1.9,188.6,22.7,18.4,2.0,12.0,36.9724115,-122.03515883333333,17.4,0.72,0.149,
2026-09-03 17:14:40.960408,0.52203369140625,0.4732666015625,0.53057861328125,0.47119140625,-0.05078125,0.0078125,0.01953125,-0.001953125,0.001953125,0.005859375,1090.5,2.5,188.6,22.4,18.4,2.0,12.0,36.9724115,-122.03515883333333,17.4,0.72,0.149,
2026-09-03 17:14:41.060465,0.52239990234375,0.47235107421875,0.53173828125,0.47039794921875,-0.109375,0.0703125,-0.015625,-0.0078125,0.0078125,0.005859375,1090.5,2.5,188.6,22.4,18.4,2.0,12.0,36.9724115,-122.03515883333333,17.4,0.72,0.149,
2026-09-03 17:14:41.156229,0.52294921875,0.4713134765625,0.5330810546875,0.46929931640625,-0.15625,0.08203125,0.00390625,-0.001953125,0.005859375,0.005859375,1082.0,2.5,188.6,22.7,18.4,,,,,,,,
2026-09-03 17:14:41.255829,0.52325439453125,0.47064208984375,0.53375244140625,0.4688720703125,0.0,-0.0390625,-0.00390625,-0.001953125,0.0,0.013671875,1082.0,2.5,188.6,22.7,18.4,,,,,,,,
2026-09-03 17:14:41.356121,0.523193359375,0.4698486328125,0.5345458984375,0.46881103515625,0.015625,-0.0859375,-0.078125,-0.01171875,0.001953125,-0.001953125,1083.5,3.1,188.6,21.6,18.0,,,,,,,,
2026-09-03 17:14:41.456422,0.5230712890625,0.46929931640625,0.53521728515625,0.46875,-0.0390625,0.11328125,-0.109375,-0.01171875,0.001953125,0.00390625,1083.5,3.1,188.6,21.6,18.0,,,,,,,,
2026-09-03 17:14:41.552909,0.52294921875,0.468994140625,0.53558349609375,0.46875,-0.0546875,0.08203125,0.01953125,-0.01953125,0.005859375,0.001953125,1050.75,3.1,188.6,22.4,18.0,,,,,,,,
2026-09-03 17:14:41.655450,0.52264404296875,0.46875,0.5361328125,0.4686279296875,-0.08203125,-0.0546875,0.21875,-0.0078125,0.0078125,0.001953125,1050.75,3.1,188.6,22.4,18.0,,,,,,,,
2026-09-03 17:14:41.753475,0.522705078125,0.46905517578125,0.53594970703125,0.468505859375,-0.15234375,0.15625,-0.03515625,0.015625,0.001953125,-0.0078125,1029.5,3.1,188.6,22.7,18.0,,,,,,,,
2026-09-03 17:14:41.854445,0.5228271484375,0.46942138671875,0.53558349609375,0.4683837890625,-0.16015625,0.22265625,-0.05859375,0.017578125,-0.005859375,-0.005859375,1029.5,3.1,188.6,22.7,18.0,,,,,,,,
2026-09-03 17:14:42.284273,0.5228271484375,0.46942138671875,0.53558349609375,0.4683837890625,-0.06640625,0.19921875,-0.1953125,0.017578125,-0.005859375,-0.005859375,1046.75,3.7,188.6,23.5,16.9,2.0,12.0,36.972417666666665,-122.03518433333332,17.8,0.66,0.149,
2026-09-03 17:14:42.385184,0.5228271484375,0.46942138671875,0.53558349609375,0.4683837890625,-0.06640625,0.19921875,-0.1953125,0.017578125,-0.005859375,-0.005859375,1003.75,3.7,188.6,18.0,15.3,2.0,12.0,36.972417666666665,-122.03518433333332,17.8,0.66,0.149,
2026-09-03 17:14:42.485365,0.5228271484375,0.46942138671875,0.53558349609375,0.4683837890625,-0.06640625,0.19921875,-0.1953125,0.017578125,-0.005859375,-0.005859375,1003.75,3.7,188.6,18.0,15.3,2.0,12.0,36.972417666666665,-122.03518433333332,17.8,0.66,0.149,
2026-09-03 17:14:42.585765,0.5228271484375,0.46942138671875,0.53558349609375,0.4683837890625,-0.06640625,0.19921875,-0.1953125,0.017578125,-0.005859375,-0.005859375,875.0,3.7,188.6,20.0,17.6,2.0,12.0,36.972417666666665,-122.03518433333332,17.8,0.66,0.149,
2026-09-03 17:14:42.685642,0.5228271484375,0.46942138671875,0.53558349609375,0.4683837890625,-0.06640625,0.19921875,-0.1953125,0.017578125,-0.005859375,-0.005859375,875.0,3.7,188.6,20.0,17.6,2.0,12.0,36.972417666666665,-122.03518433333332,17.8,0.66,0.149,
2026-09-03 17:14:42.785764,0.5228271484375,0.46942138671875,0.53558349609375,0.4683837890625,-0.06640625,0.19921875,-0.1953125,0.017578125,-0.005859375,-0.005859375,848.25,3.7,188.6,25.5,16.9,2.0,12.0,36.972417666666665,-122.03518433333332,17.8,0.66,0.149,
2026-09-03 17:14:42.885163,0.5228271484375,0.46942138671875,0.53558349609375,0.4683837890625,-0.06640625,0.19921875,-0.1953125,0.017578125,-0.005859375,-0.005859375,848.25,3.7,188.6,25.5,16.9,2.0,12.0,36.972417666666665,-122.03518433333332,17.8,0.66,0.149,
2026-09-03 17:14:42.985019,0.5228271484375,0.46942138671875,0.53558349609375,0.4683837890625,-0.06640625,0.19921875,-0.1953125,0.017578125,-0.005859375,-0.005859375,830.25,3.7,188.6,26.7,16.1,2.0,12.0,36.972417666666665,-122.03518433333332,17.8,0.66,0.149,
2026-09-03 17:14:43.085235,0.5228271484375,0.46942138671875,0.53558349609375,0.4683837890625,-0.06640625,0.19921875,-0.1953125,0.017578125,-0.005859375,-0.005859375,830.25,3.7,188.6,26.7,16.1,2.0,12.0,36.972417666666665,-122.03518433333332,17.8,0.66,0.149,
2026-09-03 17:14:43.185271,0.5228271484375,0.46942138671875,0.53558349609375,0.4683837890625,-0.06640625,0.19921875,-0.1953125,0.017578125,-0.005859375,-0.005859375,828.75,3.7,188.6,24.3,16.5,2.0,12.0,36.97242233333333,-122.03520416666667,17.8,0.66,0.149,
2026-09-03 17:14:43.285323,0.5228271484375,0.46942138671875,0.53558349609375,0.4683837890625,-0.06640625,0.19921875,-0.1953125,0.017578125,-0.005859375,-0.005859375,828.75,3.7,188.6,24.3,16.5,2.0,12.0,36.97242233333333,-122.03520416666667,17.8,0.66,0.149,
2026-09-03 17:14:43.386639,0.5228271484375,0.46942138671875,0.53558349609375,0.4683837890625,-0.06640625,0.19921875,-0.1953125,0.017578125,-0.005859375,-0.005859375,819.5,3.7,188.6,24.7,16.5,2.0,12.0,36.97242233333333,-122.03520416666667,17.8,0.66,0.149,
2026-09-03 17:14:43.486574,0.5228271484375,0.46942138671875,0.53558349609375,0.4683837890625,-0.06640625,0.19921875,-0.1953125,0.017578125,-0.005859375,-0.005859375,819.5,3.7,188.6,24.7,16.5,2.0,12.0,36.97242233333333,-122.03520416666667,17.8,0.66,0.149,
2026-09-03 17:14:43.586645,0.5228271484375,0.46942138671875,0.53558349609375,0.4683837890625,-0.06640625,0.19921875,-0.1953125,0.017578125,-0.005859375,-0.005859375,810.75,3.7,188.6,24.7,16.5,2.0,12.0,36.97242233333333,-122.03520416666667,17.8,0.66,0.149,
2026-09-03 17:14:43.686863,0.5228271484375,0.46942138671875,0.53558349609375,0.4683837890625,-0.06640625,0.19921875,-0.1953125,0.017578125,-0.005859375,-0.005859375,810.75,3.7,188.6,24.7,16.5,2.0,12.0,36.97242233333333,-122.03520416666667,17.8,0.66,0.149,
2026-09-03 17:14:43.787398,0.5228271484375,0.46942138671875,0.53558349609375,0.4683837890625,-0.06640625,0.19921875,-0.1953125,0.017578125,-0.005859375,-0.005859375,795.25,3.7,188.6,25.5,16.5,2.0,12.0,36.97242233333333,-122.03520416666667,17.8,0.66,0.149,
2026-09-03 17:14:43.886142,0.5228271484375,0.46942138671875,0.53558349609375,0.4683837890625,-0.06640625,0.19921875,-0.1953125,0.017578125,-0.005859375,-0.005859375,795.25,3.7,188.6,25.5,16.5,2.0,12.0,36.97242233333333,-122.03520416666667,17.8,0.66,0.149,
2026-09-03 17:14:43.986389,0.5228271484375,0.46942138671875,0.53558349609375,0.4683837890625,-0.06640625,0.19921875,-0.1953125,0.017578125,-0.005859375,-0.005859375,782.0,3.7,188.6,25.1,16.5,2.0,12.0,36.97242233333333,-122.03520416666667,17.8,0.66,0.149,
2026-09-03 17:14:44.086347,0.5228271484375,0.46942138671875,0.53558349609375,0.4683837890625,-0.06640625,0.19921875,-0.1953125,0.017578125,-0.005859375,-0.005859375,782.0,3.7,188.6,25.1,16.5,2.0,12.0,36.97242233333333,-122.03520416666667,17.8,0.66,0.149,
2026-09-03 17:14:44.186463,0.5228271484375,0.46942138671875,0.53558349609375,0.4683837890625,-0.06640625,0.19921875,-0.1953125,0.017578125,-0.005859375,-0.005859375,769.5,3.1,188.6,25.1,16.5,2.0,12.0,36.97242666666666,-122.03522366666668,17.8,0.66,0.149,
2026-09-03 17:14:46.181143,0.4541015625,0.5401611328125,0.53369140625,0.466064453125,-0.26953125,9.53125,-0.15234375,-0.0078125,0.0,0.0,715.5,1.2,188.6,28.6,16.5,,,,,,,,
2026-09-03 17:14:46.270688,0.45355224609375,0.54022216796875,0.53363037109375,0.466552734375,-0.078125,9.21484375,0.078125,-0.001953125,0.00390625,0.0078125,715.5,1.2,188.6,28.6,16.5,,,,,,,,
2026-09-03 17:14:46.379306,0.45355224609375,0.5400390625,0.533935546875,0.4664306640625,0.12109375,8.91015625,0.15234375,0.001953125,0.00390625,0.009765625,718.75,1.2,188.6,28.6,16.5,,,,,,,,
2026-09-03 17:14:46.467013,0.4542236328125,0.5396728515625,0.53436279296875,0.4656982421875,0.15234375,0.03125,0.10546875,0.009765625,-0.00390625,0.013671875,718.75,1.2,188.6,28.6,16.5,,,,,,,,
2026-09-03 17:14:46.580168,0.45477294921875,0.53948974609375,0.534423828125,0.46533203125,0.15234375,0.17578125,0.0234375,0.009765625,-0.001953125,0.0,716.25,1.2,188.6,28.6,16.5,,,,,,,,
2026-09-03 17:14:46.670501,0.45654296875,0.53839111328125,0.535400390625,0.46368408203125,0.05078125,0.09765625,-0.16015625,0.00390625,0.001953125,-0.00390625,716.25,1.2,188.6,28.6,16.5,,,,,,,,
2026-09-03 17:14:46.771222,0.4569091796875,0.5382080078125,0.53570556640625,0.4632568359375,-0.1484375,0.01953125,-0.0703125,0.00390625,0.0,-0.005859375,715.5,1.2,188.6,28.6,16.5,,,,,,,,
2026-09-03 17:14:46.871239,0.45733642578125,0.53814697265625,0.53582763671875,0.4627685546875,-0.19921875,-0.0234375,-0.0078125,-0.001953125,-0.005859375,-0.005859375,715.5,1.2,188.6,28.6,16.5,,,,,,,,
2026-09-03 17:14:46.964547,0.45758056640625,0.5380859375,0.53570556640625,0.462646484375,-0.16015625,-0.046875,0.0703125,-0.001953125,-0.001953125,0.001953125,714.75,0.6,188.6,29.0,16.5,,,,,,,,
2026-09-03 17:14:47.065901,0.4576416015625,0.53826904296875,0.53558349609375,0.46258544921875,-0.09765625,0.0078125,0.09375,0.001953125,0.001953125,0.00390625,714.75,0.6,188.6,29.0,16.5,,,,,,,,
2026-09-03 17:14:47.165749,0.45758056640625,0.53857421875,0.53533935546875,0.46258544921875,-0.02734375,-0.0234375,0.0234375,0.00390625,-0.001953125,0.001953125,722.5,0.0,188.6,29.0,16.5,2.0,12.0,36.97243516666666,-122.03526116666669,18.0,0.66,0.149,
2026-09-03 17:14:47.265979,0.45745849609375,0.53875732421875,0.53497314453125,0.462890625,0.01953125,-0.0234375,-0.0546875,-0.001953125,-0.001953125,0.0,722.5,0.0,188.6,29.0,16.5,2.0,12.0,36.97243516666666,-122.03526116666669,18.0,0.66,0.149,
2026-09-03 17:14:47.365829,0.457275390625,0.5389404296875,0.53466796875,0.46319580078125,0.05078125,0.015625,-0.078125,0.0,0.0,0.001953125,724.0,0.0,188.6,28.6,16.5,2.0,12.0,36.97243516666666,-122.03526116666669,18.0,0.66,0.149,
2026-09-03 17:14:47.465906,0.45703125,0.53912353515625,0.5345458984375,0.46331787109375,0.03515625,0.04296875,0.0625,-0.001953125,0.001953125,0.001953125,724.0,0.0,188.6,28.6,16.5,2.0,12.0,36.97243516666666,-122.03526116666669,18.0,0.66,0.149,
2026-09-03 17:14:47.567009,0.45697021484375,0.539306640625,0.534423828125,0.46337890625,0.01953125,0.0078125,0.09375,-0.001953125,-0.001953125,0.00390625,722.5,0.0,188.6,28.6,16.5,2.0,12.0,36.97243516666666,-122.03526116666669,18.0,0.66,0.149,
2026-09-03 17:14:47.679256,0.45703125,0.53936767578125,0.53424072265625,0.46343994140625,0.01171875,-0.0234375,0.03125,0.001953125,0.001953125,0.00390625,722.5,0.0,188.6,28.6,16.5,2.0,12.0,36.97243516666666,-122.03526116666669,18.0,0.66,0.149,
2026-09-03 17:14:47.777120,0.45709228515625,0.539306640625,0.5343017578125,0.46331787109375,0.1796875,0.015625,-0.015625,0.001953125,0.0,0.0078125,725.0,0.0,188.6,28.6,16.5,2.0,12.0,36.97243516666666,-122.03526116666669,18.0,0.66,0.149,
2026-09-03 17:14:47.877909,0.45758056640625,0.53887939453125,0.5347900390625,0.46282958984375,0.8046875,-0.03125,0.08984375,-0.00390625,-0.001953125,0.00390625,725.0,0.0,188.6,28.6,16.5,2.0,12.0,36.97243516666666,-122.03526116666669,18.0,0.66,0.149,
2026-09-03 17:14:47.979134,0.4580078125,0.53826904296875,0.53533935546875,0.4625244140625,0.62890625,-0.109375,0.0546875,-0.001953125,0.0,-0.005859375,724.0,0.0,188.6,28.2,16.5,2.0,12.0,36.97243516666666,-122.03526116666669,18.0,0.66,0.149,
2026-09-03 17:14:48.066269,0.458251953125,0.5379638671875,0.53564453125,0.4622802734375,0.2109375,-0.0703125,0.046875,0.0,0.00390625,-0.005859375,724.0,0.0,188.6,28.2,16.5,2.0,12.0,36.97243516666666,-122.03526116666669,18.0,0.66,0.149,
2026-09-03 17:14:48.167046,0.45831298828125,0.537841796875,0.53582763671875,0.462158203125,0.2265625,0.04296875,0.07421875,-0.001953125,0.0,0.001953125,721.0,0.0,188.6,28.6,16.5,2.0,12.0,36.972436,-122.0352635,18.1,0.66,0.149,
2026-09-03 17:14:48.266015,0.45416259765625,0.5338134765625,0.53985595703125,0.45843505859375,0.01171875,0.015625,0.02734375,-0.001953125,-0.00390625,0.001953125,721.0,0.0,188.6,28.6,16.5,2.0,12.0,36.972436,-122.0352635,18.1,0.66,0.149,
2026-09-03 17:14:48.366912,0.465576171875,0.52978515625,0.543701171875,0.45489501953125,-0.06640625,-0.0546875,-0.0078125,0.001953125,0.0,0.0,723.25,0.0,188.6,28.6,16.5,2.0,12.0,36.972436,-122.0352635,18.1,0.66,0.149,
2026-09-03 17:14:48.466444,0.46759033203125,0.527587890625,0.5458984375,0.4527587890625,-0.125,0.11328125,-0.0078125,0.0,0.0,0.001953125,723.25,0.0,188.6,28.6,16.5,2.0,12.0,36.972436,-122.0352635,18.1,0.66,0.149,
2026-09-03 17:14:48.566209,0.46881103515625,0.526123046875,0.54730224609375,0.4515380859375,-0.046875,0.08984375,-0.0078125,0.001953125,-0.001953125,0.001953125,725.75,0.0,188.6,28.6,16.5,2.0,12.0,36.972436,-122.0352635,18.1,0.66,0.149,
2026-09-03 17:14:48.665969,0.46929931640625,0.52557373046875,0.54779052734375,0.45111083984375,0.04296875,-0.078125,-0.0078125,0.0,0.0,0.0,725.75,0.0,188.6,28.6,16.5,2.0,12.0,36.972436,-122.0352635,18.1,0.66,0.149,
2026-09-03 17:14:48.766208,0.4696044921875,0.52520751953125,0.54815673828125,0.4508056640625,-0.0390625,0.0078125,-0.0078125,0.0,0.0,-0.001953125,722.5,0.0,188.6,28.6,16.5,2.0,12.0,36.972436,-122.0352635,18.1,0.66,0.149,
2026-09-03 17:14:48.866279,0.4698486328125,0.52484130859375,0.54852294921875,0.45050048828125,-0.078125,0.046875,-0.0078125,0.0,0.0,0.00390625,722.5,0.0,188.6,28.6,16.5,2.0,12.0,36.972436,-122.0352635,18.1,0.66,0.149,
2026-09-03 17:14:48.966408,0.4700927734375,0.52447509765625,0.548828125,0.45025634765625,0.01953125,-0.0078125,0.02734375,0.0,0.0,0.0,721.0,0.0,188.6,28.6,16.5,2.0,12.0,36.972436,-122.0352635,18.1,0.66,0.149,
2026-09-03 17:14:49.070796,0.47021484375,0.5242919921875,0.54901123046875,0.4500732421875,0.05078125,0.0,-0.0078125,0.00390625,0.0,0.0,721.0,0.0,188.6,28.6,16.5,2.0,12.0,36.972436,-122.0352635,18.1,0.66,0.064,
2026-09-03 17:14:49.170149,0.47052001953125,0.52398681640625,0.54931640625,0.4498291015625,-0.03125,0.0078125,-0.0078125,0.0,0.0,0.0,717.75,0.0,188.6,28.6,16.5,2.0,12.0,36.97243633333333,-122.035264,18.3,0.73,0.064,
2026-09-03 17:14:49.270673,0.47064208984375,0.5238037109375,0.5494384765625,0.44964599609375,-0.03125,0.0390625,0.0,0.0,0.0,0.0,717.75,0.0,188.6,28.6,16.5,2.0,12.0,36.97243633333333,-122.035264,18.3,0.73,0.064,
2026-09-03 17:14:49.370385,0.4708251953125,0.523681640625,0.54962158203125,0.449462890625,0.01171875,-0.0390625,0.0,0.0,0.0,0.001953125,722.5,0.0,188.6,28.6,16.5,2.0,12.0,36.97243633333333,-122.035264,18.3,0.73,0.064,
2026-09-03 17:14:49.471379,0.47088623046875,0.5235595703125,0.54974365234375,0.4493408203125,0.01171875,0.0078125,0.02734375,-0.001953125,0.0,0.0,722.5,0.0,188.6,28.6,16.5,2.0,12.0,36.97243633333333,-122.035264,18.3,0.73,0.064,
2026-09-03 17:14:49.571781,0.47100830078125,0.5234375,0.54986572265625,0.44927978515625,0.00390625,0.046875,0.02734375,0.001953125,0.0,0.001953125,719.5,0.0,188.6,28.2,16.5,2.0,12.0,36.97243633333333,-122.035264,18.3,0.73,0.064,
2026-09-03 17:14:49.672670,0.4710693359375,0.5233154296875,0.54998779296875,0.4490966796875,-0.03125,0.0078125,-0.0078125,0.001953125,0.0,0.00390625,719.5,0.0,188.6,28.2,16.5,2.0,12.0,36.97243633333333,-122.035264,18.3,0.73,0.064,
2026-09-03 17:14:49.772273,0.47119140625,0.523193359375,0.5501708984375,0.448974609375,0.05078125,0.0078125,-0.0078125,0.0,-0.001953125,0.0,720.25,0.0,188.6,28.6,16.5,2.0,12.0,36.97243633333333,-122.035264,18.3,0.73,0.064,
2026-09-03 17:14:49.872595,0.47125244140625,0.5230712890625,0.55023193359375,0.44891357421875,0.00390625,0.0078125,-0.0078125,0.0,0.001953125,0.0,720.25,0.0,188.6,28.6,16.5,2.0,12.0,36.97243633333333,-122.035264,18.3,0.73,0.064,
2026-09-03 17:14:49.973136,0.4713134765625,0.52301025390625,0.55035400390625,0.44879150390625,-0.0390625,0.0,-0.0078125,0.0,0.0,0.001953125,721.0,0.0,188.6,28.2,16.5,2.0,12.0,36.97243633333333,-122.035264,18.3,0.73,0.064,
2026-09-03 17:14:50.087610,0.471435546875,0.52288818359375,0.55047607421875,0.44873046875,-0.03125,0.0,0.0,0.0,-0.001953125,0.0,721.0,0.0,188.6,28.2,16.5,2.0,12.0,36.97243633333333,-122.035264,18.3,0.73,0.064,
2026-09-03 17:14:50.184900,0.471435546875,0.52288818359375,0.55047607421875,0.44866943359375,0.01171875,0.0078125,0.03515625,-0.00390625,0.0,0.001953125,720.25,0.0,188.6,28.2,16.5,,,,,,,,
2026-09-03 17:14:50.285033,0.47149658203125,0.52288818359375,0.55047607421875,0.4486083984375,0.00390625,0.0078125,0.02734375,0.001953125,-0.001953125,-0.001953125,720.25,0.0,188.6,28.2,16.5,,,,,,,,
2026-09-03 17:14:50.386972,0.4715576171875,0.5228271484375,0.550537109375,0.4486083984375,-0.0234375,0.0390625,-0.0078125,0.0,0.0,0.0,718.75,0.0,188.6,28.2,16.5,,,,,,,,
2026-09-03 17:14:50.471655,0.4715576171875,0.5228271484375,0.550537109375,0.4486083984375,0.05078125,0.0,-0.0078125,0.001953125,0.0,0.0,718.75,0.0,188.6,28.2,16.5,,,,,,,,
2026-09-03 17:14:50.578739,0.4715576171875,0.52276611328125,0.55059814453125,0.44854736328125,0.00390625,0.0,0.02734375,-0.00390625,0.0,0.0,718.75,0.0,188.6,28.2,16.5,,,,,,,,
2026-09-03 17:14:50.671840,0.4715576171875,0.52276611328125,0.5506591796875,0.448486328125,-0.00390625,0.0,-0.0390625,0.0,0.0,0.0,718.75,0.0,188.6,28.2,16.5,,,,,,,,
2026-09-03 17:14:50.778314,0.47161865234375,0.522705078125,0.55072021484375,0.44842529296875,-0.00390625,0.0,0.0,0.0,0.0,0.0,720.25,0.0,190.4,28.2,16.5,,,,,,,,
2026-09-03 17:14:50.871433,0.4716796875,0.522705078125,0.55072021484375,0.44830322265625,-0.00390625,0.0,-0.03125,0.0,0.001953125,-0.00390625,720.25,0.0,190.4,28.2,16.5,,,,,,,,
2026-09-03 17:14:50.980208,0.4718017578125,0.52276611328125,0.55072021484375,0.44818115234375,-0.00390625,0.0,0.0078125,0.001953125,0.0,0.001953125,719.5,0.0,188.6,28.2,16.5,,,,,,,,
2026-09-03 17:14:51.076731,0.47186279296875,0.522705078125,0.55072021484375,0.4481201171875,-0.00390625,0.0390625,0.0,0.0,0.0,0.0,719.5,0.0,188.6,28.2,16.5,,,,,,,,
2026-09-03 17:14:51.171521,0.47186279296875,0.52264404296875,0.55078125,0.4481201171875,-0.00390625,-0.0390625,0.0,0.0,0.0,0.00390625,716.25,0.0,190.4,28.6,16.5,2.0,12.0,36.97243733333333,-122.03526366666668,18.3,0.73,0.064,
2026-09-03 17:14:51.277761,0.471923828125,0.52264404296875,0.55078125,0.44805908203125,-0.00390625,0.0,0.0,0.00390625,-0.001953125,0.001953125,716.25,0.0,190.4,28.6,16.5,2.0,12.0,36.97243733333333,-122.03526366666668,18.3,0.73,0.064,
2026-09-03 17:14:51.487940,0.47186279296875,0.52264404296875,0.55084228515625,0.447998046875,0.00390625,0.0,-0.0078125,0.0,0.0,-0.001953125,716.25,0.0,190.4,28.2,16.5,2.0,12.0,36.97243733333333,-122.03526366666668,18.3,0.73,0.064,
2026-09-03 17:14:51.586962,0.47186279296875,0.5225830078125,0.5509033203125,0.447998046875,-0.00390625,0.0,-0.0078125,-0.001953125,-0.001953125,-0.00390625,715.5,0.0,190.4,28.6,16.5,2.0,12.0,36.97243733333333,-122.03526366666668,18.3,0.73,0.064,
2026-09-03 17:14:51.687201,0.47186279296875,0.5225830078125,0.55096435546875,0.447998046875,-0.0390625,0.0,-0.0078125,0.001953125,0.0,0.0,715.5,0.0,190.4,28.6,16.5,2.0,12.0,36.97243733333333,-122.03526366666668,18.3,0.73,0.064,
2026-09-03 17:14:51.787080,0.47186279296875,0.5224609375,0.551025390625,0.44805908203125,0.00390625,-0.0078125,0.02734375,-0.001953125,-0.001953125,0.001953125,713.25,0.0,190.4,28.6,16.5,2.0,12.0,36.97243733333333,-122.03526366666668,18.3,0.73,0.064,
2026-09-03 17:14:51.887914,0.4718017578125,0.52252197265625,0.551025390625,0.44805908203125,0.00390625,-0.046875,-0.0078125,0.00390625,-0.001953125,0.0,713.25,0.0,190.4,28.6,16.5,2.0,12.0,36.97243733333333,-122.03526366666668,18.3,0.73,0.064,
2026-09-03 17:14:51.987427,0.4718017578125,0.52252197265625,0.551025390625,0.44805908203125,-0.00390625,0.0,-0.015625,0.0,0.0,0.0,715.5,0.0,190.4,28.6,16.5,2.0,12.0,36.97243733333333,-122.03526366666668,18.3,0.73,0.064,
2026-09-03 17:14:52.087865,0.4718017578125,0.5224609375,0.55108642578125,0.44805908203125,0.00390625,0.0390625,-0.0078125,0.0,0.0,0.0,715.5,0.0,190.4,28.6,16.5,2.0,12.0,36.97243733333333,-122.03526366666668,18.3,0.73,0.045,
2026-09-03 17:14:52.187659,0.47174072265625,0.5224609375,0.55108642578125,0.44805908203125,0.00390625,0.0,-0.0078125,0.0,0.0,0.0,718.75,0.0,190.4,28.2,16.5,2.0,12.0,36.97243783333333,-122.03526266666668,18.1,0.73,0.045,
2026-09-03 17:14:52.287695,0.47174072265625,0.5224609375,0.55108642578125,0.44805908203125,0.00390625,0.0,0.02734375,0.0,0.0,0.0,718.75,0.0,190.4,28.2,16.5,2.0,12.0,36.97243783333333,-122.03526266666668,18.1,0.73,0.045,
2026-09-03 17:14:52.387441,0.47174072265625,0.5224609375,0.55108642578125,0.4481201171875,0.00390625,0.0078125,-0.015625,0.0,0.0,0.0,716.25,0.0,190.4,28.6,16.5,2.0,12.0,36.97243783333333,-122.03526266666668,18.1,0.73,0.045,
2026-09-03 17:14:52.487236,0.47174072265625,0.5224609375,0.55108642578125,0.4481201171875,0.00390625,-0.0390625,-0.015625,0.0,0.0,0.0,716.25,0.0,190.4,28.6,16.5,2.0,12.0,36.97243783333333,-122.03526266666668,18.1,0.73,0.045,
2026-09-03 17:14:52.602179,0.4716796875,0.5224609375,0.55108642578125,0.4481201171875,0.00390625,0.0078125,-0.0078125,0.0,0.0,0.0,714.75,0.0,190.4,28.6,16.5,2.0,12.0,36.97243783333333,-122.03526266666668,18.1,0.73,0.045,
2026-09-03 17:14:52.701650,0.4716796875,0.5224609375,0.55108642578125,0.4481201171875,-0.03125,0.0,-0.0078125,0.0,0.0,0.0,714.75,0.0,190.4,28.6,16.5,2.0,12.0,36.97243783333333,-122.03526266666668,18.1,0.73,0.045,
2026-09-03 17:14:52.801914,0.4716796875,0.5224609375,0.55108642578125,0.4481201171875,-0.03125,0.0,0.02734375,0.0,0.0,0.0,714.75,0.0,190.4,28.6,16.5,2.0,12.0,36.97243783333333,-122.03526266666668,18.1,0.73,0.045,
2026-09-03 17:14:52.901137,0.4716796875,0.5224609375,0.55108642578125,0.4481201171875,0.01171875,0.0078125,-0.0078125,0.0,0.0,0.0,714.75,0.0,190.4,28.6,16.5,2.0,12.0,36.97243783333333,-122.03526266666668,18.1,0.73,0.045,
2026-09-03 17:14:52.987012,0.4716796875,0.52252197265625,0.55108642578125,0.44818115234375,0.51171875,-0.03125,-0.0078125,0.0,0.0,0.0,734.25,0.0,190.4,44.7,16.5,2.0,12.0,36.97243783333333,-122.03526266666668,18.1,0.73,0.045,
2026-09-03 17:14:53.086954,0.4716796875,0.52252197265625,0.551025390625,0.44818115234375,0.01171875,0.0078125,-0.0078125,0.0,0.0,0.0,734.25,0.0,190.4,44.7,16.5,2.0,12.0,36.97243783333333,-122.03526266666668,18.1,0.73,0.045,
2026-09-03 17:14:53.193911,0.47161865234375,0.52252197265625,0.551025390625,0.4482421875,0.01171875,0.0078125,0.02734375,0.0,0.0,0.0,739.75,0.0,190.4,38.4,17.6,2.0,12.0,36.97243766666666,-122.0352615,18.0,0.7,0.045,
2026-09-03 17:14:53.286945,0.47161865234375,0.5225830078125,0.551025390625,0.4482421875,0.01171875,0.0078125,-0.0078125,0.0,0.0,0.0,739.75,0.0,190.4,38.4,17.6,2.0,12.0,36.97243766666666,-122.0352615,18.0,0.7,0.045,
2026-09-03 17:14:53.387622,0.47161865234375,0.5225830078125,0.551025390625,0.4482421875,0.00390625,0.0,-0.0078125,0.0,0.0,0.0,738.25,0.0,190.4,38.0,17.3,2.0,12.0,36.97243766666666,-122.0352615,18.0,0.7,0.045,
2026-09-03 17:14:53.494237,0.47161865234375,0.52252197265625,0.551025390625,0.4482421875,0.00390625,0.0,-0.0078125,0.0,0.0,0.0,738.25,0.0,190.4,38.0,17.3,2.0,12.0,36.97243766666666,-122.0352615,18.0,0.7,0.045,
2026-09-03 17:14:53.594013,0.47161865234375,0.52252197265625,0.551025390625,0.4482421875,0.00390625,-0.0390625,-0.0078125,0.0,0.0,0.0,742.0,0.0,190.4,36.9,17.3,2.0,12.0,36.97243766666666,-122.0352615,18.0,0.7,0.045,
2026-09-03 17:14:53.693063,0.47161865234375,0.52252197265625,0.551025390625,0.44818115234375,0.00390625,0.0,-0.0078125,0.0,0.0,0.0,742.0,0.0,190.4,36.9,17.3,2.0,12.0,36.97243766666666,-122.0352615,18.0,0.7,0.045,
2026-09-03 17:14:53.793647,0.4716796875,0.52252197265625,0.551025390625,0.44818115234375,-0.0390625,0.0078125,0.02734375,0.0,0.0,0.0,747.5,0.0,190.4,37.3,17.3,2.0,12.0,36.97243766666666,-122.0352615,18.0,0.7,0.045,
2026-09-03 17:14:53.893112,0.4716796875,0.52252197265625,0.551025390625,0.44818115234375,0.00390625,0.0,-0.0078125,0.0,0.0,0.0,747.5,0.0,190.4,37.3,17.3,2.0,12.0,36.97243766666666,-122.0352615,18.0,0.7,0.045,
2026-09-03 17:14:53.994183,0.4716796875,0.52252197265625,0.551025390625,0.44818115234375,0.00390625,0.0,-0.0078125,0.0,0.0,0.0,740.5,0.0,190.4,37.3,17.3,2.0,12.0,36.97243766666666,-122.0352615,18.0,0.7,0.045,
2026-09-03 17:14:54.093382,0.4716796875,0.52252197265625,0.551025390625,0.44818115234375,0.00390625,0.0,0.02734375,0.0,0.0,0.0,740.5,0.0,190.4,37.3,17.3,2.0,12.0,36.97243766666666,-122.0352615,18.0,0.7,0.017,
2026-09-03 17:14:54.323713,0.4716796875,0.52252197265625,0.551025390625,0.44818115234375,0.00390625,0.0,-0.0078125,0.0,0.0,0.0,746.0,0.0,190.4,37.3,17.3,2.0,12.0,36.97243816666667,-122.03526,17.8,0.7,0.017,
2026-09-03 17:14:54.402897,0.4716796875,0.52252197265625,0.551025390625,0.44818115234375,-0.03125,0.0,-0.0078125,0.0,0.0,0.0,745.25,0.0,190.4,37.3,17.6,2.0,12.0,36.97243816666667,-122.03526,17.8,0.7,0.017,
2026-09-03 17:14:54.503294,0.4716796875,0.52252197265625,0.551025390625,0.44818115234375,0.00390625,-0.0390625,0.02734375,0.0,0.0,0.0,745.25,0.0,190.4,37.3,17.6,2.0,12.0,36.97243816666667,-122.03526,17.8,0.7,0.017,
2026-09-03 17:14:54.603861,0.4716796875,0.5224609375,0.55108642578125,0.44818115234375,-0.03125,0.0390625,-0.0078125,-0.001953125,-0.001953125,0.0,745.25,0.0,190.4,37.6,17.6,2.0,12.0,36.97243816666667,-122.03526,17.8,0.7,0.017,
2026-09-03 17:14:54.702702,0.4716796875,0.5224609375,0.55108642578125,0.44818115234375,-0.03125,0.0390625,-0.0078125,-0.001953125,0.0,0.0,745.25,0.0,190.4,37.6,17.6,2.0,12.0,36.97243816666667,-122.03526,17.8,0.7,0.017,
2026-09-03 17:14:54.803895,0.47161865234375,0.5224609375,0.55108642578125,0.44818115234375,0.01171875,-0.0390625,0.02734375,0.0,0.0,0.0,746.75,0.0,190.4,38.0,17.6,2.0,12.0,36.97243816666667,-122.03526,17.8,0.7,0.017,
2026-09-03 17:14:54.910084,0.47161865234375,0.5224609375,0.55108642578125,0.4482421875,0.00390625,0.0078125,0.02734375,0.0,0.0,0.00390625,746.75,0.0,190.4,38.0,17.6,2.0,12.0,36.97243816666667,-122.03526,17.8,0.7,0.017,
2026-09-03 17:14:55.011551,0.47161865234375,0.52252197265625,0.55108642578125,0.44818115234375,-0.0234375,0.0390625,-0.015625,0.001953125,-0.001953125,0.0,750.75,0.0,190.4,38.4,17.6,2.0,12.0,36.97243816666667,-122.03526,17.8,0.7,0.017,
2026-09-03 17:14:55.111030,0.4715576171875,0.5224609375,0.55108642578125,0.4482421875,0.01171875,-0.03125,-0.015625,-0.005859375,0.0,0.001953125,750.75,0.0,190.4,38.4,17.6,2.0,12.0,36.97243816666667,-122.03526,17.8,0.7,0.017,
2026-09-03 17:14:55.201732,0.4715576171875,0.5224609375,0.55108642578125,0.4482421875,0.00390625,0.0078125,-0.0078125,0.001953125,0.0,0.0,751.5,0.0,190.4,38.8,17.6,,,,,,,,
2026-09-03 17:14:55.311490,0.4715576171875,0.5224609375,0.55108642578125,0.4482421875,-0.03125,0.0078125,0.02734375,0.0,-0.001953125,0.001953125,751.5,0.0,190.4,38.8,17.6,,,,,,,,
2026-09-03 17:14:55.401831,0.4715576171875,0.5224609375,0.5511474609375,0.4482421875,0.00390625,0.0,0.01953125,-0.001953125,0.0,-0.001953125,750.0,0.0,190.4,38.8,17.6,,,,,,,,
2026-09-03 17:14:55.509892,0.4715576171875,0.5224609375,0.5511474609375,0.4482421875,0.00390625,0.0,-0.015625,-0.001953125,0.0,0.0,750.0,0.0,190.4,38.8,17.6,,,,,,,,
2026-09-03 17:14:55.624027,0.47161865234375,0.5224609375,0.5511474609375,0.44818115234375,0.00390625,0.0,-0.0078125,0.001953125,0.0,0.0,753.0,0.0,190.4,39.2,17.6,,,,,,,,
2026-09-03 17:14:55.709796,0.47161865234375,0.52239990234375,0.5511474609375,0.44818115234375,-0.03125,0.0,-0.0078125,0.0,-0.001953125,0.00390625,753.0,0.0,190.4,39.2,17.6,,,,,,,,
2026-09-03 17:14:55.810199,0.47161865234375,0.52239990234375,0.5511474609375,0.44818115234375,-0.00390625,0.0,0.02734375,0.0,0.0,0.0,754.5,0.0,190.4,39.6,17.6,,,,,,,,
2026-09-03 17:14:55.910196,0.4716796875,0.52239990234375,0.5511474609375,0.44818115234375,0.00390625,-0.0390625,-0.0078125,0.0,0.0,0.0,754.5,0.0,190.4,39.6,17.6,,,,,,,,
2026-09-03 17:14:56.018864,0.4716796875,0.52239990234375,0.5511474609375,0.44818115234375,0.00390625,0.0,-0.0078125,0.0,0.0,0.0,752.25,0.0,190.4,39.6,17.6,,,,,,,,
2026-09-03 17:14:56.110021,0.4716796875,0.5224609375,0.5511474609375,0.44818115234375,-0.03125,-0.0390625,0.02734375,0.0,0.0,0.0,752.25,0.0,190.4,39.6,17.6,,,,,,,,
2026-09-03 17:14:56.341211,0.4716796875,0.5224609375,0.5511474609375,0.44818115234375,0.00390625,0.0078125,-0.0078125,0.0,0.0,0.0,760.0,0.0,190.4,39.6,17.6,,,,,,,,
2026-09-03 17:14:56.438077,0.4716796875,0.5224609375,0.5511474609375,0.44818115234375,0.00390625,0.0078125,-0.046875,0.0,0.0,0.0,760.0,0.0,190.4,39.6,17.6,,,,,,,,
2026-09-03 17:14:56.539768,0.4716796875,0.5224609375,0.5511474609375,0.44818115234375,0.00390625,0.0,-0.0078125,0.0,0.0,0.0,759.25,0.0,190.4,39.6,17.6,,,,,,,,
2026-09-03 17:14:56.627183,0.4716796875,0.5224609375,0.55108642578125,0.44818115234375,0.00390625,-0.0390625,0.0,0.0,0.0,0.0,759.25,0.0,190.4,39.6,17.6,,,,,,,,
2026-09-03 17:14:56.740958,0.4716796875,0.5224609375,0.55108642578125,0.4481201171875,-0.00390625,0.0,0.0,0.0,0.0,0.0,750.0,0.0,190.4,40.0,17.6,,,,,,,,
2026-09-03 17:14:56.838814,0.47174072265625,0.5224609375,0.55108642578125,0.4481201171875,-0.0390625,0.0,0.0,0.0,0.0,0.0,750.0,0.0,190.4,40.0,17.6,,,,,,,,
2026-09-03 17:14:56.940291,0.4718017578125,0.5224609375,0.55108642578125,0.44805908203125,0.00390625,0.0,0.0,0.0,0.0,0.0,759.25,0.0,190.4,40.0,17.6,,,,,,,,
2026-09-03 17:14:57.040221,0.4718017578125,0.52252197265625,0.551025390625,0.44805908203125,0.00390625,0.0,-0.0078125,0.0,0.0,0.0,759.25,0.0,190.4,40.0,17.6,,,,,,,,
2026-09-03 17:14:57.142057,0.4718017578125,0.52252197265625,0.551025390625,0.44805908203125,0.00390625,0.0,-0.0078125,0.0,0.0,0.0,763.25,0.0,190.4,40.0,17.6,,,,,,,,
2026-09-03 17:14:57.240352,0.4718017578125,0.52252197265625,0.551025390625,0.44805908203125,0.00390625,0.0,-0.0078125,0.0,0.0,0.0,763.25,0.0,190.4,40.0,17.6,,,,,,,,
2026-09-03 17:14:57.342265,0.4718017578125,0.52252197265625,0.551025390625,0.44805908203125,0.00390625,0.0390625,-0.0078125,0.0,0.0,0.0,756.25,0.0,190.4,40.0,17.6,,,,,,,,
2026-09-03 17:14:57.442448,0.47174072265625,0.52252197265625,0.551025390625,0.44805908203125,0.00390625,-0.0078125,-0.0078125,0.0,0.0,0.0,756.25,0.0,190.4,40.0,17.6,,,,,,,,
2026-09-03 17:14:57.537888,0.47174072265625,0.52252197265625,0.551025390625,0.44805908203125,0.00390625,0.0,-0.0078125,0.0,0.0,0.0,756.25,0.0,190.4,40.0,17.6,,,,,,,,
2026-09-03 17:14:57.641266,0.47174072265625,0.52252197265625,0.551025390625,0.44805908203125,0.00390625,0.0390625,-0.0078125,0.0,0.0,0.0,760.0,0.0,190.4,40.0,17.6,,,,,,,,
2026-09-03 17:14:57.741747,0.47174072265625,0.52252197265625,0.551025390625,0.4481201171875,0.00390625,0.0,-0.0078125,0.0,0.0,0.0,760.75,0.0,190.4,39.6,17.6,,,,,,,,
2026-09-03 17:14:57.841320,0.47174072265625,0.52252197265625,0.551025390625,0.4481201171875,0.00390625,0.0,-0.0078125,0.0,0.0,0.0,760.75,0.0,190.4,39.6,17.6,,,,,,,,
2026-09-03 17:14:57.941628,0.47174072265625,0.52252197265625,0.551025390625,0.4481201171875,0.00390625,0.0,-0.0078125,0.0,0.0,0.0,757.0,0.0,190.4,39.2,17.6,,,,,,,,
2026-09-03 17:14:58.041833,0.47174072265625,0.52252197265625,0.551025390625,0.4481201171875,-0.00390625,0.0,-0.0078125,0.0,0.0,0.0,757.0,0.0,190.4,39.2,17.6,,,,,,,,
2026-09-03 17:14:58.141173,0.47174072265625,0.52252197265625,0.55108642578125,0.4481201171875,0.00390625,0.0078125,-0.0078125,0.0,0.0,0.0,760.75,0.0,190.4,38.8,17.6,,,,,,,,
2026-09-03 17:14:58.241217,0.47174072265625,0.52252197265625,0.55108642578125,0.4481201171875,0.00390625,0.0,-0.0078125,0.0,0.0,0.0,760.75,0.0,190.4,38.8,17.6,,,,,,,,
2026-09-03 17:14:58.341948,0.47174072265625,0.52252197265625,0.55108642578125,0.4481201171875,0.03515625,-0.0390625,0.0,0.0,0.0,0.0,760.0,0.0,190.4,38.4,17.6,,,,,,,,
2026-09-03 17:14:58.440949,0.4718017578125,0.52252197265625,0.551025390625,0.44805908203125,-0.00390625,0.0078125,-0.0078125,0.0,0.0,0.0,760.0,0.0,190.4,38.4,17.6,,,,,,,,
2026-09-03 17:14:58.540635,0.4718017578125,0.5224609375,0.55108642578125,0.44805908203125,-0.0390625,0.0,-0.0078125,0.0,0.0,0.0,760.0,0.0,190.4,38.8,17.6,,,,,,,,
2026-09-03 17:14:58.641357,0.4718017578125,0.5224609375,0.55108642578125,0.447998046875,0.00390625,0.0,-0.046875,0.0,0.0,0.0,760.0,0.0,190.4,38.8,17.6,,,,,,,,
2026-09-03 17:14:58.741573,0.4718017578125,0.5224609375,0.55108642578125,0.44805908203125,0.00390625,0.0,0.0,0.0,0.0,0.0,762.5,0.0,190.4,38.4,17.6,,,,,,,,
2026-09-03 17:14:58.841507,0.4718017578125,0.52252197265625,0.55108642578125,0.44805908203125,-0.03125,0.0,0.0,0.0,0.0,0.0,762.5,0.0,190.4,38.4,17.6,,,,,,,,
2026-09-03 17:14:58.932839,0.4718017578125,0.52252197265625,-1.448974609375,0.44805908203125,0.00390625,-0.0390625,0.03515625,0.0,0.0,0.0,762.5,0.0,190.4,38.4,17.6,,,,,,,,
2026-09-03 17:14:59.042006,0.4718017578125,0.52252197265625,0.551025390625,0.447998046875,0.00390625,0.0078125,-0.0078125,0.0,0.0,0.0,754.5,0.0,190.4,38.4,17.6,,,,,,,,
2026-09-03 17:14:59.141531,0.4718017578125,0.52252197265625,0.551025390625,0.44805908203125,0.00390625,0.0078125,-0.0078125,0.0,0.0,0.0,760.0,0.0,190.4,38.4,17.6,,,,,,,,
2026-09-03 17:14:59.241864,0.4718017578125,0.52252197265625,0.551025390625,0.44805908203125,-0.03125,0.0390625,0.0,0.0,0.0,0.0,760.0,0.0,190.4,38.4,17.6,,,,,,,,
2026-09-03 17:14:59.342242,0.4718017578125,0.52252197265625,0.551025390625,0.44805908203125,0.00390625,0.0,0.0,0.0,0.0,0.0,756.25,0.0,190.4,38.4,17.6,,,,,,,,
2026-09-03 17:14:59.449806,0.4718017578125,0.5225830078125,0.55096435546875,0.44805908203125,0.00390625,0.0,0.0,0.0,0.0,0.0,756.25,0.0,190.4,38.4,17.6,,,,,,,,
2026-09-03 17:14:59.540947,0.4718017578125,0.5225830078125,0.55096435546875,0.447998046875,-0.03125,0.0,0.03515625,0.0,0.0,0.0,707.75,0.0,190.4,37.6,16.9,,,,,,,,
2026-09-03 17:14:59.650520,0.4718017578125,0.5225830078125,0.55096435546875,0.447998046875,0.00390625,0.0390625,0.0,0.0,0.0,0.0,707.75,0.0,190.4,37.6,16.9,,,,,,,,
2026-09-03 17:14:59.742184,0.4718017578125,0.52264404296875,0.55096435546875,0.447998046875,0.00390625,-0.046875,0.0,0.0,0.0,0.0,690.5,0.0,190.4,34.9,16.9,,,,,,,,
2026-09-03 17:14:59.834549,0.4718017578125,0.52264404296875,0.5509033203125,0.447998046875,-0.03125,0.0,0.0,0.0,0.0,0.0,690.5,0.0,190.4,34.9,16.9,,,,,,,,
2026-09-03 17:14:59.934535,0.47186279296875,0.52264404296875,0.5509033203125,0.447998046875,-0.03125,-0.0390625,-0.0078125,0.0,0.0,0.0,690.5,0.0,190.4,34.9,16.9,,,,,,,,
2026-09-03 17:15:00.034224,0.4718017578125,0.52264404296875,0.5509033203125,0.447998046875,-0.03125,0.0078125,-0.0078125,0.0,0.0,0.0,721.75,0.0,190.4,32.9,16.9,,,,,,,,
2026-09-03 17:15:00.266651,0.47174072265625,0.52264404296875,0.55096435546875,0.4481201171875,0.00390625,0.0,0.02734375,-0.001953125,0.0,0.0,725.75,0.0,190.4,32.5,16.5,2.0,12.0,36.9724415,-122.035255,17.1,0.77,0.017,
2026-09-03 17:15:00.339885,0.4716796875,0.5225830078125,0.55096435546875,0.4481201171875,0.00390625,0.0,-0.0078125,-0.001953125,0.001953125,0.001953125,725.75,0.0,190.4,32.5,16.5,2.0,12.0,36.9724415,-122.035255,17.1,0.77,0.017,
2026-09-03 17:15:00.449678,0.4716796875,0.5225830078125,0.551025390625,0.4481201171875,0.00390625,0.0,-0.0078125,0.0,0.0,0.001953125,725.75,0.0,190.4,31.0,16.9,2.0,12.0,36.9724415,-122.035255,17.1,0.77,0.017,
2026-09-03 17:15:00.549472,0.47174072265625,0.52252197265625,0.551025390625,0.4481201171875,-0.00390625,0.0,0.02734375,0.0,0.0,0.0,721.0,0.0,190.4,31.0,16.9,2.0,12.0,36.9724415,-122.035255,17.1,0.77,0.017,
2026-09-03 17:15:00.637035,0.4716796875,0.52252197265625,0.551025390625,0.44818115234375,0.00390625,0.0,-0.015625,-0.001953125,0.0,0.001953125,721.0,0.0,190.4,31.0,16.9,2.0,12.0,36.9724415,-122.035255,17.1,0.77,0.017,
2026-09-03 17:15:00.737648,0.4716796875,0.52252197265625,0.551025390625,0.4481201171875,-0.00390625,0.0,-0.0078125,0.0,-0.001953125,0.0,721.0,0.0,190.4,31.0,16.9,2.0,12.0,36.9724415,-122.035255,17.1,0.77,0.017,
2026-09-03 17:15:00.837940,0.47174072265625,0.5224609375,0.551025390625,0.4481201171875,-0.00390625,0.0,-0.0078125,0.0,-0.001953125,0.0,716.25,0.0,190.4,30.6,16.5,2.0,12.0,36.9724415,-122.035255,17.1,0.77,0.017,
2026-09-03 17:15:00.937705,0.47174072265625,0.5224609375,0.551025390625,0.4481201171875,-0.00390625,0.0,-0.0078125,-0.001953125,0.0,0.001953125,716.25,0.0,190.4,30.6,16.5,2.0,12.0,36.9724415,-122.035255,17.1,0.77,0.017,
2026-09-03 17:15:01.037929,0.4718017578125,0.52239990234375,0.55108642578125,0.44805908203125,-0.01171875,0.0,-0.0078125,0.001953125,0.0,0.0,719.5,0.0,190.4,30.6,16.9,2.0,12.0,36.9724415,-122.035255,17.1,0.77,0.098,
2026-09-03 17:15:01.137746,0.47186279296875,0.52239990234375,0.5511474609375,0.447998046875,-0.00390625,0.0390625,-0.0078125,0.0,0.0,0.0,719.5,0.0,190.4,30.6,16.9,2.0,12.0,36.97244216666667,-122.035254,16.9,0.7,0.098,
2026-09-03 17:15:01.237280,0.4718017578125,0.52239990234375,0.5511474609375,0.447998046875,0.00390625,0.0,-0.015625,0.0,0.0,0.001953125,721.75,0.0,190.4,29.8,16.5,2.0,12.0,36.97244216666667,-122.035254,16.9,0.7,0.098,
2026-09-03 17:15:01.337095,0.4718017578125,0.5223388671875,0.55120849609375,0.44805908203125,0.00390625,-0.03125,-0.0078125,-0.001953125,0.0,-0.001953125,721.75,0.0,190.4,29.8,16.5,2.0,12.0,36.97244216666667,-122.035254,16.9,0.7,0.098,
2026-09-03 17:15:01.437495,0.47174072265625,0.5223388671875,0.55120849609375,0.44805908203125,-0.03125,0.0078125,-0.0078125,0.0,0.0,0.0,717.75,0.0,190.4,29.4,16.5,2.0,12.0,36.97244216666667,-122.035254,16.9,0.7,0.098,
2026-09-03 17:15:01.537321,0.47174072265625,0.5223388671875,0.5511474609375,0.4481201171875,0.00390625,0.0,0.02734375,0.0,0.0,0.0,717.75,0.0,190.4,29.4,16.5,2.0,12.0,36.97244216666667,-122.035254,16.9,0.7,0.098,
2026-09-03 17:15:01.637107,0.47174072265625,0.52239990234375,0.5511474609375,0.4481201171875,0.00390625,0.0,-0.0078125,0.0,0.0,0.0,714.0,0.0,190.4,29.4,16.5,2.0,12.0,36.97244216666667,-122.035254,16.9,0.7,0.098,
2026-09-03 17:15:01.737082,0.47174072265625,0.52239990234375,0.5511474609375,0.4481201171875,-0.00390625,0.0390625,-0.0078125,0.0,0.0,0.0,714.0,0.0,190.4,29.4,16.5,2.0,12.0,36.97244216666667,-122.035254,16.9,0.7,0.098,
2026-09-03 17:15:01.837249,0.4718017578125,0.5223388671875,0.5511474609375,0.44805908203125,-0.00390625,0.0390625,-0.0078125,0.0,0.0,0.0,714.75,0.0,190.4,29.0,16.5,2.0,12.0,36.97244216666667,-122.035254,16.9,0.7,0.098,
2026-09-03 17:15:01.942792,0.4718017578125,0.5223388671875,0.5511474609375,0.44805908203125,-0.0390625,-0.046875,0.02734375,0.0,0.0,0.0,710.75,0.0,190.4,29.0,16.5,2.0,12.0,36.97244216666667,-122.035254,16.9,0.7,0.098,
2026-09-03 17:15:02.040501,0.4718017578125,0.5223388671875,0.55120849609375,0.44805908203125,-0.03125,-0.0390625,-0.015625,0.0,0.0,0.0,710.75,0.0,190.4,29.0,16.5,2.0,12.0,36.97244216666667,-122.035254,16.9,0.7,0.045,
2026-09-03 17:15:02.142706,0.47174072265625,0.5223388671875,0.55120849609375,0.4481201171875,0.00390625,0.0,-0.015625,0.0,0.0,0.0,710.75,0.0,190.4,29.0,16.5,2.0,12.0,36.972443,-122.035253,16.7,0.73,0.045,
2026-09-03 17:15:02.259719,0.47174072265625,0.5223388671875,0.5511474609375,0.4481201171875,0.00390625,0.0,-0.0078125,0.0,0.0,0.0,710.75,0.0,190.4,29.0,16.5,2.0,12.0,36.972443,-122.035253,16.7,0.73,0.045,
2026-09-03 17:15:02.356399,0.47174072265625,0.52239990234375,0.5511474609375,0.4481201171875,-0.03125,-0.0390625,0.02734375,0.0,0.0,0.0,717.0,0.0,190.4,29.0,16.5,2.0,12.0,36.972443,-122.035253,16.7,0.73,0.045,
2026-09-03 17:15:02.455801,0.47174072265625,0.52239990234375,0.5511474609375,0.4481201171875,0.00390625,0.0,-0.015625,0.0,0.0,0.0,717.0,0.0,190.4,29.0,16.5,2.0,12.0,36.972443,-122.035253,16.7,0.73,0.045,
2026-09-03 17:15:02.555841,0.4716796875,0.52239990234375,0.5511474609375,0.44818115234375,0.01171875,0.0390625,0.01953125,0.0,0.0,0.0,713.25,0.0,190.4,28.6,16.5,2.0,12.0,36.972443,-122.035253,16.7,0.73,0.045,
2026-09-03 17:15:02.653912,0.47161865234375,0.52239990234375,0.5511474609375,0.4482421875,0.01171875,0.0,-0.015625,0.0,0.0,0.0,713.25,0.0,190.4,28.6,16.5,2.0,12.0,36.972443,-122.035253,16.7,0.73,0.045,
2026-09-03 17:15:02.755952,0.47161865234375,0.52239990234375,0.5511474609375,0.4482421875,-0.03125,0.0,-0.046875,0.0,0.0,0.0,714.0,0.0,190.4,28.6,16.5,2.0,12.0,36.972443,-122.035253,16.7,0.73,0.045,
2026-09-03 17:15:02.855065,0.47161865234375,0.52239990234375,0.5511474609375,0.4482421875,-0.03125,-0.0390625,0.03515625,0.0,0.0,0.0,714.0,0.0,190.4,28.6,16.5,2.0,12.0,36.972443,-122.035253,16.7,0.73,0.045,
2026-09-03 17:15:02.955660,0.4716796875,0.5224609375,0.55108642578125,0.44818115234375,0.00390625,-0.0390625,0.02734375,0.0,0.0,0.0,713.25,0.0,190.4,28.6,16.5,2.0,12.0,36.972443,-122.035253,16.7,0.73,0.045,
2026-09-03 17:15:03.057237,0.47161865234375,0.52239990234375,0.5511474609375,0.4482421875,0.00390625,0.0390625,-0.015625,0.0,0.0,0.0,713.25,0.0,190.4,28.6,16.5,2.0,12.0,36.972443,-122.035253,16.7,0.73,0.045,
2026-09-03 17:15:03.142957,0.47161865234375,0.52239990234375,0.5511474609375,0.4482421875,0.00390625,0.0390625,-0.015625,0.0,0.0,0.0,714.0,0.0,190.4,28.6,16.5,,,,,,,,
2026-09-03 17:15:03.243929,0.47161865234375,0.52239990234375,0.5511474609375,0.4482421875,-0.03125,0.0,-0.0078125,0.0,0.0,0.0,714.0,0.0,190.4,28.6,16.5,,,,,,,,
2026-09-03 17:15:03.343746,0.47161865234375,0.52239990234375,0.5511474609375,0.4482421875,0.00390625,-0.0078125,-0.0078125,0.0,0.0,0.0,709.25,0.0,190.4,28.6,16.5,,,,,,,,
2026-09-03 17:15:03.459173,0.47161865234375,0.52239990234375,0.55108642578125,0.4482421875,-0.03125,0.0,0.02734375,0.0,0.0,0.0,709.25,0.0,190.4,28.6,16.5,,,,,,,,
2026-09-03 17:15:03.558421,0.47161865234375,0.52239990234375,0.5511474609375,0.4482421875,0.00390625,0.0,-0.015625,0.0,0.0,0.0,714.75,0.0,190.4,28.6,16.5,,,,,,,,
2026-09-03 17:15:03.658339,0.47161865234375,0.52239990234375,0.5511474609375,0.4482421875,0.00390625,0.0,-0.015625,0.0,0.0,0.0,714.75,0.0,190.4,28.6,16.5,,,,,,,,
2026-09-03 17:15:03.757720,0.47161865234375,0.52239990234375,0.5511474609375,0.4482421875,0.00390625,0.0390625,-0.046875,0.0,0.0,0.0,712.5,0.0,190.4,28.6,16.5,,,,,,,,
2026-09-03 17:15:03.858098,0.47161865234375,0.52239990234375,0.5511474609375,0.4482421875,0.00390625,0.0390625,0.03515625,0.0,0.0,0.0,712.5,0.0,190.4,28.6,16.5,,,,,,,,
2026-09-03 17:15:03.961216,0.47161865234375,0.5224609375,0.55108642578125,0.4482421875,0.00390625,-0.0078125,0.02734375,0.0,0.0,0.0,714.0,0.0,190.4,28.6,16.5,,,,,,,,
2026-09-03 17:15:04.054598,0.47161865234375,0.5224609375,0.55108642578125,0.4482421875,-0.03125,-0.0390625,-0.0078125,0.0,0.0,0.0,714.0,0.0,190.4,28.6,16.5,,,,,,,,
2026-09-03 17:15:04.155669,0.4716796875,0.5224609375,0.55108642578125,0.44818115234375,0.00390625,0.0,-0.0078125,0.0,0.0,0.0,711.5,0.0,190.4,28.6,16.5,,,,,,,,
2026-09-03 17:15:04.254086,0.4716796875,0.5224609375,0.55108642578125,0.44818115234375,-0.03125,0.0,-0.0078125,0.0,0.0,0.0,711.5,0.0,190.4,28.6,16.5,,,,,,,,
2026-09-03 17:15:04.354302,0.4716796875,0.5224609375,0.55108642578125,0.44818115234375,0.00390625,0.0,0.02734375,0.0,0.0,0.0,714.0,0.0,190.4,28.6,16.5,,,,,,,,
2026-09-03 17:15:04.455175,0.4716796875,0.5224609375,0.55108642578125,0.44818115234375,0.00390625,0.0390625,-0.0078125,0.0,0.0,0.0,714.0,0.0,190.4,28.6,16.5,,,,,,,,
2026-09-03 17:15:04.555963,0.4716796875,0.5224609375,0.55108642578125,0.44818115234375,0.00390625,0.0,-0.0078125,0.0,0.0,0.0,718.75,0.0,190.4,28.6,16.5,,,,,,,,
2026-09-03 17:15:04.655986,0.4716796875,0.5224609375,0.551025390625,0.44818115234375,0.01171875,0.0,-0.0078125,0.0,0.0,0.0,718.75,0.0,190.4,28.6,16.5,,,,,,,,
2026-09-03 17:15:04.879795,0.4716796875,0.52252197265625,0.551025390625,0.44818115234375,-0.03125,0.0078125,0.03515625,0.0,0.0,0.0,717.75,0.0,190.4,28.6,16.5,,,,,,,,
2026-09-03 17:15:04.979030,0.4716796875,0.5225830078125,0.55096435546875,0.44818115234375,0.00390625,0.0,0.03515625,0.0,0.0,0.0,717.75,0.0,190.4,28.6,16.5,,,,,,,,
2026-09-03 17:15:05.078548,0.47174072265625,0.5225830078125,0.55096435546875,0.4481201171875,0.00390625,0.0,-0.0078125,0.0,0.0,0.0,717.75,0.0,190.4,28.6,16.5,,,,,,,,
2026-09-03 17:15:05.178935,0.47174072265625,0.5225830078125,0.55096435546875,0.4481201171875,0.00390625,0.0,-0.0078125,0.0,0.0,0.0,713.25,0.0,190.4,29.0,16.5,,,,,,,,
2026-09-03 17:15:05.278843,0.47174072265625,0.52252197265625,0.55096435546875,0.4481201171875,0.00390625,0.0390625,0.0,0.0,0.0,0.0,713.25,0.0,190.4,29.0,16.5,,,,,,,,
2026-09-03 17:15:05.386900,0.47174072265625,0.5225830078125,0.55096435546875,0.4481201171875,0.00390625,0.0,0.02734375,0.0,0.0,0.0,714.75,0.0,190.4,29.0,16.5,,,,,,,,
2026-09-03 17:15:05.477365,0.47174072265625,0.5225830078125,0.55096435546875,0.4481201171875,0.00390625,0.0078125,-0.0078125,0.0,0.0,0.0,714.75,0.0,190.4,29.0,16.5,,,,,,,,
2026-09-03 17:15:05.588275,0.47174072265625,0.5225830078125,0.55096435546875,0.4481201171875,-0.03125,0.0078125,0.02734375,0.0,0.0,0.0,717.75,0.0,190.4,29.0,16.5,,,,,,,,
2026-09-03 17:15:05.684822,0.47174072265625,0.52252197265625,0.55096435546875,0.4481201171875,0.00390625,0.0,-0.0078125,0.0,0.0,0.0,717.75,0.0,190.4,29.0,16.5,,,,,,,,
2026-09-03 17:15:06.146993,0.4716796875,0.52252197265625,0.55096435546875,0.44818115234375,0.01171875,0.0,-0.0078125,0.0,0.0,0.0,710.75,0.0,190.4,28.6,16.5,,,,,,,,
2026-09-03 17:15:06.222499,0.47161865234375,0.5225830078125,0.55096435546875,0.4482421875,0.01171875,0.0,-0.0078125,0.00390625,0.0,0.001953125,710.75,0.0,190.4,28.6,16.5,,,,,,,,
2026-09-03 17:15:06.324368,0.47161865234375,0.5225830078125,0.55096435546875,0.4482421875,0.00390625,0.0390625,0.02734375,0.0,0.0,0.0,710.75,0.0,190.4,28.6,16.5,,,,,,,,
2026-09-03 17:15:06.424380,0.47161865234375,0.5225830078125,0.5509033203125,0.4482421875,-0.03125,-0.046875,-0.0078125,0.0,0.001953125,0.001953125,710.0,0.0,190.4,28.6,16.5,,,,,,,,
2026-09-03 17:15:06.525253,0.47161865234375,0.5225830078125,0.55096435546875,0.4482421875,-0.03125,-0.0390625,0.01953125,0.001953125,0.0,-0.001953125,710.0,0.0,190.4,28.6,16.5,,,,,,,,
2026-09-03 17:15:06.625694,0.47161865234375,0.5225830078125,0.55096435546875,0.44830322265625,0.00390625,0.0,-0.0234375,0.001953125,0.0,0.001953125,713.25,0.0,190.4,28.6,16.5,,,,,,,,
2026-09-03 17:15:06.724766,0.4715576171875,0.52252197265625,0.551025390625,0.44830322265625,-0.00390625,0.0,0.01171875,0.0,0.0,-0.00390625,713.25,0.0,190.4,28.6,16.5,,,,,,,,
2026-09-03 17:15:06.824754,0.47149658203125,0.52252197265625,0.55108642578125,0.44830322265625,0.01171875,0.0078125,-0.0234375,0.0,0.0,-0.00390625,710.0,0.0,190.4,28.6,16.5,,,,,,,,
2026-09-03 17:15:06.925964,0.471435546875,0.5224609375,0.5511474609375,0.4483642578125,0.01171875,0.046875,-0.015625,0.001953125,0.0,0.001953125,710.0,0.0,190.4,28.6,16.5,,,,,,,,
2026-09-03 17:15:07.032272,0.471435546875,0.5224609375,0.5511474609375,0.4483642578125,-0.03125,-0.0390625,-0.015625,0.0,0.0,0.0,711.5,0.0,190.4,28.6,16.5,,,,,,,,
2026-09-03 17:15:07.119128,0.47149658203125,0.52239990234375,0.5511474609375,0.4483642578125,-0.03125,-0.0390625,0.02734375,0.001953125,0.0,-0.005859375,711.5,0.0,190.4,28.6,16.5,,,,,,,,
2026-09-03 17:15:07.234104,0.47149658203125,0.52239990234375,0.5511474609375,0.4483642578125,0.01171875,0.0078125,-0.015625,0.0,-0.001953125,-0.00390625,713.25,0.0,190.4,28.6,16.5,,,,,,,,
2026-09-03 17:15:07.333018,0.47149658203125,0.5224609375,0.5511474609375,0.44830322265625,0.01171875,0.0,-0.015625,-0.001953125,-0.001953125,0.0,713.25,0.0,190.4,28.6,16.5,,,,,,,,
2026-09-03 17:15:07.422543,0.4715576171875,0.5224609375,0.5511474609375,0.44830322265625,0.00390625,-0.0390625,-0.0078125,0.0,0.0,-0.001953125,712.5,0.0,190.4,28.6,16.5,,,,,,,,
2026-09-03 17:15:07.534201,0.4715576171875,0.5224609375,0.5511474609375,0.4482421875,0.00390625,0.0390625,-0.0078125,0.0,-0.001953125,-0.001953125,712.5,0.0,190.4,28.6,16.5,,,,,,,,
2026-09-03 17:15:07.622116,0.4715576171875,0.5224609375,0.55108642578125,0.44830322265625,0.00390625,0.0,-0.0078125,0.0,0.0,-0.001953125,713.25,0.0,190.4,28.6,16.5,,,,,,,,
2026-09-03 17:15:07.722618,0.4715576171875,0.5224609375,0.55108642578125,0.44830322265625,0.00390625,-0.0078125,0.02734375,-0.001953125,0.0,0.00390625,713.25,0.0,190.4,28.6,16.5,,,,,,,,
2026-09-03 17:15:07.822580,0.47161865234375,0.52252197265625,0.551025390625,0.44818115234375,0.04296875,0.0390625,0.02734375,0.001953125,0.0,-0.001953125,717.0,0.0,190.4,28.2,16.5,,,,,,,,
2026-09-03 17:15:07.922836,0.47161865234375,0.5225830078125,0.551025390625,0.44818115234375,-0.03125,0.0,-0.0078125,0.0,0.0,-0.00390625,717.0,0.0,190.4,28.2,16.5,,,,,,,,
2026-09-03 17:15:08.023004,0.47161865234375,-1.47747802734375,0.55108642578125,0.4481201171875,-0.03125,-0.046875,0.01953125,-0.001953125,0.0,0.0,714.0,0.0,190.4,28.2,16.5,,,,,,,,
2026-09-03 17:15:08.122491,0.4715576171875,0.5224609375,0.5511474609375,0.44818115234375,0.00390625,0.0,-0.0234375,0.001953125,0.0,-0.001953125,714.0,0.0,190.4,28.2,16.5,,,,,,,,
2026-09-03 17:15:08.222984,0.47161865234375,0.5224609375,0.5511474609375,0.4482421875,0.00390625,0.0,-0.015625,0.0,-0.001953125,0.001953125,712.5,0.0,190.4,28.2,16.5,,,,,,,,
2026-09-03 17:15:08.323289,0.4715576171875,0.52239990234375,0.55120849609375,0.4482421875,-0.03125,0.0390625,-0.015625,0.0,0.001953125,0.001953125,712.5,0.0,190.4,28.2,16.5,,,,,,,,
2026-09-03 17:15:08.422466,0.47161865234375,0.52239990234375,0.55120849609375,0.44818115234375,0.00390625,0.0,-0.0078125,0.00390625,0.0,0.001953125,710.0,0.0,190.4,28.2,16.5,,,,,,,,
2026-09-03 17:15:08.520088,0.47161865234375,0.52239990234375,0.55120849609375,0.44818115234375,-0.03125,0.0078125,0.02734375,0.001953125,0.0,0.00390625,710.0,0.0,190.4,28.2,16.5,,,,,,,,
2026-09-03 17:15:08.621972,0.47161865234375,0.52239990234375,0.55120849609375,0.44818115234375,-0.03125,0.0078125,-0.015625,0.001953125,0.0,0.001953125,709.25,0.0,190.4,28.2,16.5,,,,,,,,
2026-09-03 17:15:08.722044,0.47161865234375,0.52239990234375,0.55120849609375,0.44818115234375,-0.0234375,0.0078125,-0.015625,0.0,0.0,0.0,709.25,0.0,190.4,28.2,16.5,,,,,,,,
2026-09-03 17:15:08.828589,0.4715576171875,0.52239990234375,0.55120849609375,0.4482421875,0.00390625,0.0,0.01953125,0.0,0.0,0.0,711.5,0.0,190.4,28.2,16.5,,,,,,,,
2026-09-03 17:15:08.921620,0.4715576171875,0.52239990234375,0.55120849609375,0.4482421875,0.00390625,0.0078125,0.01953125,0.0,0.0,0.0,711.5,0.0,190.4,28.2,16.5,,,,,,,,
2026-09-03 17:15:09.030046,0.4715576171875,0.5223388671875,0.55120849609375,0.4482421875,0.00390625,0.0390625,-0.015625,0.0,0.0,0.0,710.75,0.0,190.4,28.2,16.5,,,,,,,,
2026-09-03 17:15:09.128603,0.47149658203125,0.5223388671875,0.55126953125,0.4482421875,0.00390625,0.0,0.01953125,0.0,0.0,0.0,710.75,0.0,190.4,28.2,16.5,,,,,,,,
2026-09-03 17:15:09.228117,0.47149658203125,0.5223388671875,0.55126953125,0.4482421875,0.00390625,0.0,-0.015625,0.0,0.0,0.0,710.75,0.0,190.4,27.8,16.5,,,,,,,,
2026-09-03 17:15:09.328081,0.47149658203125,0.5223388671875,0.55126953125,0.4482421875,-0.03125,0.0078125,-0.0078125,0.0,0.0,0.0,710.75,0.0,190.4,27.8,16.5,,,,,,,,
2026-09-03 17:15:09.425019,0.47149658203125,0.52239990234375,0.55120849609375,0.4482421875,0.01171875,0.0,0.02734375,0.0,0.0,0.0,710.0,0.0,190.4,28.2,16.5,,,,,,,,
2026-09-03 17:15:09.517216,0.47149658203125,0.52239990234375,0.55120849609375,0.4482421875,0.00390625,-0.03125,-0.0078125,0.0,0.0,0.0,710.0,0.0,190.4,28.2,16.5,,,,,,,,
2026-09-03 17:15:09.617530,0.4715576171875,0.52239990234375,0.55120849609375,0.4482421875,0.00390625,0.0078125,0.02734375,0.0,0.0,0.0,711.5,0.0,190.4,28.2,,,,,,,,,
2026-09-03 17:15:09.717748,0.4715576171875,0.52239990234375,0.5511474609375,0.4482421875,0.01171875,0.046875,-0.0078125,0.0,0.0,0.0,711.5,0.0,190.4,28.2,,,,,,,,,
2026-09-03 17:15:09.818212,0.4715576171875,0.5224609375,0.5511474609375,0.4482421875,0.01171875,0.0,-0.0078125,0.0,0.0,0.0,711.5,0.0,190.4,28.2,,,,,,,,,
2026-09-03 17:15:09.917565,0.4715576171875,0.52252197265625,0.55108642578125,0.4482421875,0.00390625,-0.03125,-0.0078125,0.0,0.0,0.0,708.5,0.0,190.4,28.2,16.5,,,,,,,,
2026-09-03 17:15:10.017734,0.4715576171875,0.52252197265625,0.55108642578125,0.4482421875,-0.03125,-0.03125,-0.0078125,0.0,0.0,0.0,708.5,0.0,190.4,28.2,16.5,2.0,12.0,36.972443,-122.035253,16.7,0.73,0.038,
2026-09-03 17:15:10.117748,0.4715576171875,0.52252197265625,0.55108642578125,0.4482421875,-0.0234375,-0.0390625,-0.046875,0.0,0.0,0.0,710.75,0.0,190.4,28.6,16.5,2.0,12.0,36.972443,-122.035253,16.7,0.73,0.038,
2026-09-03 17:15:10.236665,0.4715576171875,0.52252197265625,0.55108642578125,0.4482421875,0.05078125,0.0,0.0,0.0,0.0,0.0,710.75,0.0,190.4,28.6,16.5,2.0,12.0,36.9724445,-122.03525366666666,16.6,0.65,0.038,
2026-09-03 17:15:10.336363,0.47161865234375,0.5225830078125,0.551025390625,0.44818115234375,-0.0390625,-0.0390625,-0.0078125,0.0,0.0,0.0,710.0,0.0,190.4,28.2,16.5,2.0,12.0,36.9724445,-122.03525366666666,16.6,0.65,0.038,
2026-09-03 17:15:10.428412,0.47161865234375,0.52252197265625,0.551025390625,0.44818115234375,0.00390625,0.0078125,-0.015625,0.0,0.0,0.0,710.0,0.0,190.4,28.2,16.5,2.0,12.0,36.9724445,-122.03525366666666,16.6,0.65,0.038,
2026-09-03 17:15:10.538032,0.4715576171875,0.52252197265625,0.55108642578125,0.44818115234375,0.00390625,0.0390625,-0.015625,0.0,0.0,0.0,710.0,0.0,190.4,28.2,16.5,2.0,12.0,36.9724445,-122.03525366666666,16.6,0.65,0.038,
2026-09-03 17:15:10.636775,0.47161865234375,0.52252197265625,0.55108642578125,0.44818115234375,0.03515625,0.0,-0.0078125,0.0,0.0,0.0,710.0,0.0,190.4,28.2,16.5,2.0,12.0,36.9724445,-122.03525366666666,16.6,0.65,0.038,
2026-09-03 17:15:10.716319,0.47161865234375,0.52252197265625,0.55108642578125,0.44818115234375,-0.00390625,0.046875,0.03515625,0.0,0.0,0.0,710.75,0.0,190.4,28.2,16.5,2.0,12.0,36.9724445,-122.03525366666666,16.6,0.65,0.038,
2026-09-03 17:15:10.822654,0.4716796875,0.52252197265625,-1.44891357421875,0.4481201171875,-0.00390625,0.0390625,0.03515625,0.0,0.0,0.0,710.75,0.0,190.4,28.2,16.5,2.0,12.0,36.9724445,-122.03525366666666,16.6,0.65,0.038,
2026-09-03 17:15:10.921626,0.4716796875,0.52252197265625,0.55108642578125,0.4481201171875,0.00390625,0.0,-0.015625,0.0,0.0,0.0,703.75,0.0,190.4,28.2,16.5,2.0,12.0,36.9724445,-122.03525366666666,16.6,0.65,0.038,
2026-09-03 17:15:11.022837,0.4716796875,0.5224609375,0.5511474609375,0.4481201171875,0.00390625,0.0,-0.015625,0.0,0.0,0.0,703.75,0.0,190.4,28.2,16.5,2.0,12.0,36.9724445,-122.03525366666666,16.6,0.65,0.038,
2026-09-03 17:15:11.139479,0.47161865234375,0.5224609375,0.5511474609375,0.4481201171875,-0.03125,0.0,-0.046875,0.0,0.0,0.0,704.5,0.0,190.4,28.2,16.5,,,,,,,,
2026-09-03 17:15:11.236657,0.47161865234375,0.52252197265625,0.55108642578125,0.4481201171875,0.01171875,0.0,0.03515625,0.0,0.0,0.0,704.5,0.0,190.4,28.2,16.5,,,,,,,,
2026-09-03 17:15:11.336382,0.47161865234375,0.5225830078125,0.551025390625,0.44818115234375,0.01171875,0.046875,0.02734375,0.0,0.0,0.0,708.5,0.0,190.4,28.2,16.5,,,,,,,,
2026-09-03 17:15:11.436326,0.47161865234375,0.5225830078125,0.551025390625,0.44818115234375,0.01171875,0.0078125,0.01953125,0.0,0.0,0.0,708.5,0.0,190.4,28.2,16.5,,,,,,,,
2026-09-03 17:15:11.523703,0.47161865234375,0.52252197265625,0.55108642578125,0.44818115234375,-0.03125,-0.0390625,-0.015625,0.0,0.0,0.0,703.75,0.0,190.4,28.2,16.5,,,,,,,,
2026-09-03 17:15:11.637603,0.4715576171875,0.52252197265625,0.55108642578125,0.4482421875,0.01171875,0.0,-0.015625,0.0,0.0,0.0,703.75,0.0,190.4,28.2,16.5,,,,,,,,
2026-09-03 17:15:11.736824,0.4715576171875,0.5225830078125,0.551025390625,0.44818115234375,0.00390625,-0.0390625,0.0,0.0,0.0,0.0,706.25,0.0,190.4,28.2,16.5,,,,,,,,
2026-09-03 17:15:11.835758,0.47161865234375,0.5225830078125,0.551025390625,0.44818115234375,-0.03125,0.0078125,-0.0078125,0.0,0.0,0.0,706.25,0.0,190.4,28.2,16.5,,,,,,,,
2026-09-03 17:15:11.937699,0.47161865234375,0.5225830078125,0.551025390625,0.44818115234375,0.00390625,0.0078125,-0.0078125,0.0,0.0,0.0,708.5,0.0,190.4,28.2,16.5,,,,,,,,
2026-09-03 17:15:12.023412,0.47161865234375,0.5225830078125,0.551025390625,0.44818115234375,0.00390625,0.0546875,-0.0078125,0.0,0.0,0.0,708.5,0.0,190.4,28.2,16.5,,,,,,,,
2026-09-03 17:15:12.124252,0.47161865234375,0.5225830078125,0.551025390625,0.44818115234375,0.00390625,0.0078125,0.0,0.0,0.0,0.0,706.25,0.0,190.4,28.2,16.5,,,,,,,,
2026-09-03 17:15:12.229376,0.4716796875,0.5225830078125,0.551025390625,0.4481201171875,-0.03125,0.0078125,0.03515625,0.0,0.0,0.0,706.25,0.0,190.4,28.2,16.5,2.0,12.0,36.972445,-122.03525516666669,16.7,0.7,0.038,
2026-09-03 17:15:12.323237,0.4716796875,0.5225830078125,0.551025390625,0.4481201171875,-0.03125,0.0,-0.0078125,0.0,0.0,0.0,708.5,0.0,190.4,28.2,16.5,2.0,12.0,36.972445,-122.03525516666669,16.7,0.7,0.038,
2026-09-03 17:15:12.430670,0.4716796875,0.5225830078125,0.551025390625,0.4481201171875,0.00390625,0.0,-0.0078125,0.0,0.0,0.0,708.5,0.0,190.4,28.2,16.5,2.0,12.0,36.972445,-122.03525516666669,16.7,0.7,0.038,
2026-09-03 17:15:12.531781,0.4716796875,0.5225830078125,0.551025390625,0.4481201171875,-0.03125,-0.03125,-0.0078125,0.0,0.0,0.0,707.75,0.0,190.4,28.2,16.5,2.0,12.0,36.972445,-122.03525516666669,16.7,0.7,0.038,
2026-09-03 17:15:12.638700,0.4716796875,0.52252197265625,0.551025390625,0.4481201171875,0.00390625,0.0078125,-0.0078125,0.0,0.0,0.0,707.75,0.0,190.4,28.2,16.5,2.0,12.0,36.972445,-122.03525516666669,16.7,0.7,0.038,
2026-09-03 17:15:12.738085,0.47161865234375,0.5225830078125,0.551025390625,0.44818115234375,0.01171875,0.0,0.02734375,0.0,0.0,0.0,707.0,0.0,190.4,28.2,16.5,2.0,12.0,36.972445,-122.03525516666669,16.7,0.7,0.038,
2026-09-03 17:15:12.838764,0.47161865234375,0.5225830078125,0.551025390625,0.44818115234375,0.04296875,0.0078125,0.02734375,0.0,0.0,0.0,707.0,0.0,190.4,28.2,16.5,2.0,12.0,36.972445,-122.03525516666669,16.7,0.7,0.038,
2026-09-03 17:15:12.934293,0.47161865234375,0.5225830078125,0.551025390625,0.4481201171875,-0.03125,0.0,-0.0078125,0.0,0.0,0.0,706.25,0.0,190.4,27.8,16.5,2.0,12.0,36.972445,-122.03525516666669,16.7,0.7,0.038,
2026-09-03 17:15:13.027965,0.47161865234375,0.5225830078125,0.551025390625,0.4481201171875,0.00390625,0.0,-0.0078125,0.0,0.0,0.0,706.25,0.0,190.4,27.8,16.5,2.0,12.0,36.972445,-122.03525516666669,16.7,0.7,0.038,
2026-09-03 17:15:13.128332,0.47161865234375,0.5225830078125,0.551025390625,0.4481201171875,-0.0390625,-0.046875,-0.0078125,0.0,0.0,0.0,707.0,0.0,190.4,27.8,16.5,2.0,12.0,36.972445,-122.03525516666669,16.7,0.7,0.038,
2026-09-03 17:15:13.236461,0.4716796875,0.52252197265625,0.55108642578125,0.4481201171875,-0.0390625,0.0,0.0,0.0,0.0,0.0,707.0,0.0,190.4,27.8,16.5,,,,,,,,
2026-09-03 17:15:13.335336,0.4716796875,0.52252197265625,0.551025390625,0.4481201171875,0.00390625,0.0390625,0.02734375,0.0,0.0,0.0,706.25,0.0,190.4,27.8,16.5,,,,,,,,
2026-09-03 17:15:13.435665,0.4716796875,0.52252197265625,0.55108642578125,0.4481201171875,0.00390625,0.0390625,-0.0078125,0.0,0.0,0.0,706.25,0.0,190.4,27.8,16.5,,,,,,,,
2026-09-03 17:15:13.536407,0.4716796875,0.52252197265625,0.55108642578125,0.4481201171875,0.00390625,0.0390625,-0.0078125,0.0,0.0,0.0,706.25,0.0,190.4,28.2,16.5,,,,,,,,
2026-09-03 17:15:13.629007,0.4716796875,0.52252197265625,0.55108642578125,0.4481201171875,0.00390625,0.0,-0.0078125,0.0,0.0,0.0,706.25,0.0,190.4,28.2,16.5,,,,,,,,
2026-09-03 17:15:13.720097,0.4716796875,0.52252197265625,0.551025390625,0.4481201171875,0.00390625,-0.0390625,0.0,0.0,0.0,0.0,708.5,0.0,190.4,28.2,16.5,,,,,,,,
2026-09-03 17:15:13.828052,0.47174072265625,0.52252197265625,0.551025390625,0.44805908203125,-0.00390625,0.0,0.03515625,0.0,0.0,0.0,708.5,0.0,190.4,28.2,16.5,,,,,,,,
2026-09-03 17:15:13.925888,0.47174072265625,0.52252197265625,0.55108642578125,0.44805908203125,-0.00390625,0.0078125,-0.0078125,0.0,0.0,0.0,700.75,0.0,190.4,28.2,16.5,,,,,,,,
2026-09-03 17:15:14.026674,0.4718017578125,0.52252197265625,0.55108642578125,0.447998046875,-0.00390625,0.0078125,0.0,0.0,0.0,0.0,700.75,0.0,190.4,28.2,16.5,,,,,,,,
2026-09-03 17:15:14.125700,0.4718017578125,0.52252197265625,0.55108642578125,0.447998046875,0.00390625,0.0078125,0.03515625,0.0,0.0,0.0,700.75,0.0,190.4,28.2,16.5,,,,,,,,
2026-09-03 17:15:14.227140,0.4718017578125,0.52252197265625,0.551025390625,0.447998046875,0.00390625,0.046875,-0.0078125,0.0,0.0,0.0,700.75,0.0,190.4,28.2,16.5,2.0,12.0,36.97244533333333,-122.03525633333334,16.8,0.7,0.038,
2026-09-03 17:15:14.332458,0.4718017578125,0.52252197265625,0.551025390625,0.447998046875,-0.03125,0.0,0.02734375,0.0,0.0,0.0,707.0,0.0,190.4,28.2,16.5,2.0,12.0,36.97244533333333,-122.03525633333334,16.8,0.7,0.038,
2026-09-03 17:15:14.435579,0.47174072265625,0.5225830078125,0.551025390625,0.44805908203125,0.01171875,0.0,-0.0078125,0.0,0.0,0.0,707.0,0.0,190.4,28.2,16.5,2.0,12.0,36.97244533333333,-122.03525633333334,16.8,0.7,0.038,
2026-09-03 17:15:14.534995,0.47174072265625,0.5225830078125,0.551025390625,0.44805908203125,0.01171875,0.0,-0.0078125,0.0,0.0,0.0,705.25,0.0,190.4,28.2,16.5,2.0,12.0,36.97244533333333,-122.03525633333334,16.8,0.7,0.038,
2026-09-03 17:15:14.635602,0.47174072265625,0.5225830078125,0.55096435546875,0.44805908203125,0.00390625,0.0,0.03515625,0.0,0.0,0.0,705.25,0.0,190.4,28.2,16.5,2.0,12.0,36.97244533333333,-122.03525633333334,16.8,0.7,0.038,
2026-09-03 17:15:14.735669,0.47174072265625,0.5225830078125,0.551025390625,0.44805908203125,-0.03125,0.0,-0.0078125,0.0,0.0,0.0,711.5,0.0,190.4,32.9,16.9,2.0,12.0,36.97244533333333,-122.03525633333334,16.8,0.7,0.038,
2026-09-03 17:15:14.827544,0.4716796875,0.5225830078125,0.551025390625,0.44805908203125,0.00390625,0.046875,0.02734375,0.0,0.0,0.0,711.5,0.0,190.4,32.9,16.9,2.0,12.0,36.97244533333333,-122.03525633333334,16.8,0.7,0.038,
2026-09-03 17:15:14.927844,0.4716796875,0.5225830078125,0.551025390625,0.4403076171875,0.00390625,0.0390625,-0.046875,0.0,0.0,0.0,757.75,0.0,190.4,38.0,17.3,2.0,12.0,36.97244533333333,-122.03525633333334,16.8,0.7,0.038,
2026-09-03 17:15:15.034814,0.4716796875,0.5225830078125,0.551025390625,0.4481201171875,0.00390625,0.0,-0.0078125,0.0,0.0,0.0,757.75,0.0,190.4,38.0,17.3,2.0,12.0,36.97244533333333,-122.03525633333334,16.8,0.7,0.038,
2026-09-03 17:15:15.136293,0.4716796875,0.5225830078125,0.551025390625,0.4481201171875,0.00390625,0.0390625,0.02734375,0.0,0.0,0.0,746.75,0.0,190.4,36.9,17.3,,,,,,,,
2026-09-03 17:15:15.236288,0.4716796875,0.5225830078125,0.551025390625,0.4481201171875,0.00390625,0.0,-0.0078125,0.0,0.0,0.0,746.75,0.0,190.4,36.9,17.3,,,,,,,,
2026-09-03 17:15:15.336142,0.4716796875,0.5225830078125,0.551025390625,0.4481201171875,0.00390625,0.0,-0.0078125,0.0,0.0,0.0,745.25,0.0,190.4,35.7,17.3,,,,,,,,
2026-09-03 17:15:15.436387,0.4716796875,0.5225830078125,0.551025390625,0.4481201171875,0.00390625,0.0,-0.0078125,0.0,0.0,0.0,745.25,0.0,190.4,35.7,17.3,,,,,,,,
2026-09-03 17:15:15.529632,0.4716796875,0.5225830078125,0.551025390625,0.4481201171875,-0.03125,0.0,0.02734375,0.0,0.0,0.0,745.25,0.0,190.4,36.1,17.3,,,,,,,,
2026-09-03 17:15:15.627973,0.4716796875,0.52252197265625,0.55108642578125,0.4481201171875,0.00390625,0.0,0.01953125,0.0,0.0,0.0,745.25,0.0,190.4,36.1,17.3,,,,,,,,
2026-09-03 17:15:15.728284,0.4716796875,0.52252197265625,0.55108642578125,0.4481201171875,0.00390625,0.0,-0.015625,0.0,0.0,0.0,741.25,0.0,190.4,36.1,17.3,,,,,,,,
2026-09-03 17:15:15.828749,0.4716796875,0.5224609375,0.5511474609375,0.4481201171875,-0.03125,0.0,-0.015625,0.0,0.0,0.0,741.25,0.0,190.4,36.1,17.3,,,,,,,,
2026-09-03 17:15:15.928747,0.4716796875,0.5224609375,0.5511474609375,0.4481201171875,0.00390625,0.0390625,-0.0078125,0.0,0.0,0.0,741.25,0.0,190.4,36.1,17.3,,,,,,,,
2026-09-03 17:15:16.153653,0.4716796875,0.5224609375,0.5511474609375,0.4481201171875,0.00390625,0.0,-0.015625,0.0,0.0,0.0,739.75,0.0,190.4,36.5,17.3,,,,,,,,
2026-09-03 17:15:16.235964,0.47161865234375,0.5224609375,0.5511474609375,0.44818115234375,0.00390625,0.0,-0.015625,0.0,0.0,0.0,739.75,0.0,190.4,36.5,17.3,,,,,,,,
2026-09-03 17:15:16.344269,0.47161865234375,0.5224609375,0.5511474609375,0.44818115234375,0.00390625,0.0,-0.0078125,0.0,0.0,0.0,742.0,0.0,190.4,37.3,17.3,,,,,,,,
2026-09-03 17:15:16.442831,0.47161865234375,0.5224609375,0.5511474609375,0.44818115234375,0.00390625,0.0,0.02734375,0.0,0.0,0.0,742.0,0.0,190.4,37.3,17.3,,,,,,,,
2026-09-03 17:15:16.541697,0.47161865234375,0.5224609375,0.5511474609375,0.44818115234375,-0.03125,0.0,0.02734375,0.0,0.0,0.0,740.5,0.0,190.4,37.6,17.6,,,,,,,,
2026-09-03 17:15:16.631535,0.47161865234375,0.5224609375,0.5511474609375,0.44818115234375,-0.0234375,0.0,-0.015625,0.0,0.0,0.0,740.5,0.0,190.4,37.6,17.6,,,,,,,,
2026-09-03 17:15:16.731726,0.4715576171875,0.5224609375,0.5511474609375,0.4482421875,0.01171875,0.0,-0.015625,0.0,0.0,0.0,738.25,0.0,190.4,38.4,17.6,,,,,,,,
2026-09-03 17:15:16.844455,0.4715576171875,0.5224609375,0.5511474609375,0.4482421875,0.00390625,0.0,-0.5078125,0.0,0.0,0.0,738.25,0.0,190.4,38.4,17.6,,,,,,,,
2026-09-03 17:15:16.943692,0.4715576171875,0.5224609375,0.5511474609375,0.4482421875,0.00390625,0.0,0.0,0.0,0.0,0.0,740.5,0.0,190.4,38.4,17.6,,,,,,,,
2026-09-03 17:15:17.044882,0.47161865234375,0.52252197265625,0.55108642578125,0.44818115234375,0.00390625,-0.046875,0.02734375,0.0,0.0,0.0,740.5,0.0,190.4,38.4,17.6,,,,,,,,
2026-09-03 17:15:17.144981,0.47161865234375,0.52252197265625,0.55108642578125,0.44818115234375,-0.03125,-0.0390625,-0.015625,0.0,0.0,0.0,746.0,0.0,190.4,38.8,17.6,,,,,,,,
2026-09-03 17:15:17.230754,0.47161865234375,0.52252197265625,0.55108642578125,0.44818115234375,0.00390625,0.0,-0.015625,0.0,0.0,0.0,746.0,0.0,190.4,38.8,17.6,,,,,,,,
2026-09-03 17:15:17.331948,0.47161865234375,0.52252197265625,0.55108642578125,0.44818115234375,0.00390625,0.0,-0.0078125,0.0,0.0,0.0,747.5,0.0,190.4,38.8,17.6,,,,,,,,
2026-09-03 17:15:17.431246,0.47161865234375,0.52252197265625,0.55108642578125,0.44818115234375,0.00390625,0.0,0.0,0.0,0.0,0.0,747.5,0.0,190.4,38.8,17.6,,,,,,,,
2026-09-03 17:15:17.544949,0.47161865234375,0.52252197265625,0.55108642578125,0.4481201171875,-0.0390625,0.0078125,0.02734375,0.0,0.0,0.0,743.75,0.0,190.4,38.8,17.6,,,,,,,,
2026-09-03 17:15:17.646610,0.4716796875,0.52252197265625,0.55108642578125,0.4481201171875,0.00390625,0.0,-0.015625,0.0,0.0,0.0,743.75,0.0,190.4,38.8,17.6,,,,,,,,
2026-09-03 17:15:17.746004,0.4716796875,0.5224609375,0.55108642578125,0.4481201171875,0.00390625,0.0,-0.0078125,0.0,0.0,0.0,744.5,0.0,190.4,39.2,17.6,,,,,,,,
2026-09-03 17:15:17.845500,0.4716796875,0.5224609375,0.55108642578125,0.4481201171875,0.00390625,0.0,-0.0078125,0.0,-0.001953125,0.0,744.5,0.0,190.4,39.2,17.6,,,,,,,,
2026-09-03 17:15:17.945507,0.4716796875,0.5224609375,0.5511474609375,0.4481201171875,0.00390625,0.0,-0.0078125,0.00390625,0.0,0.001953125,747.5,0.0,190.4,39.6,17.6,,,,,,,,
2026-09-03 17:15:18.030455,0.4716796875,0.5224609375,0.5511474609375,0.4481201171875,0.00390625,0.0,-0.0078125,0.0,-0.001953125,-0.001953125,747.5,0.0,190.4,39.6,17.6,,,,,,,,
2026-09-03 17:15:18.145934,0.4716796875,0.52239990234375,0.55108642578125,0.44818115234375,0.00390625,0.0,-0.015625,0.0,0.0,0.001953125,752.25,0.0,190.4,39.6,17.6,,,,,,,,
2026-09-03 17:15:18.245854,0.47174072265625,0.52239990234375,0.5511474609375,0.44818115234375,-0.00390625,0.0,-0.0078125,0.0,0.0,0.001953125,752.25,0.0,190.4,39.6,17.6,,,,,,,,
2026-09-03 17:15:18.346103,0.47174072265625,0.5223388671875,0.5511474609375,0.4481201171875,-0.00390625,0.0,-0.0078125,0.0,0.0,0.0,751.5,0.0,190.4,39.6,17.6,,,,,,,,
2026-09-03 17:15:18.445838,0.47174072265625,0.52239990234375,0.5511474609375,0.44805908203125,-0.00390625,0.0078125,-0.0078125,-0.001953125,0.0,0.001953125,751.5,0.0,190.4,39.6,17.6,,,,,,,,
2026-09-03 17:15:18.546238,0.47174072265625,0.5223388671875,0.55120849609375,0.4481201171875,-0.00390625,0.0,-0.0078125,0.0,-0.001953125,0.001953125,758.5,0.0,190.4,39.6,17.6,,,,,,,,
2026-09-03 17:15:18.638284,0.4718017578125,0.5223388671875,0.55120849609375,0.44805908203125,-0.00390625,0.0,-0.0078125,0.001953125,-0.001953125,0.001953125,758.5,0.0,190.4,39.6,17.6,,,,,,,,
2026-09-03 17:15:18.737338,0.47186279296875,0.52227783203125,0.55120849609375,0.44805908203125,-0.00390625,0.0078125,-0.0078125,0.001953125,0.001953125,0.0,750.75,0.0,190.4,40.0,17.6,,,,,,,,
2026-09-03 17:15:18.837530,0.47186279296875,0.52227783203125,-1.44879150390625,0.44805908203125,-0.00390625,-0.03125,0.0,0.0,0.001953125,0.001953125,750.75,0.0,190.4,40.0,17.6,,,,,,,,
2026-09-03 17:15:18.937774,0.47186279296875,0.5223388671875,0.55120849609375,0.447998046875,-0.00390625,0.0078125,-0.0078125,0.001953125,0.001953125,0.001953125,755.25,0.0,190.4,40.0,17.6,,,,,,,,
2026-09-03 17:15:19.037640,0.47186279296875,0.52227783203125,0.55120849609375,0.44793701171875,-0.00390625,0.046875,0.02734375,0.0,0.0,0.0,755.25,0.0,190.4,40.0,17.6,2.0,12.0,36.97244533333333,-122.03525633333334,16.8,0.7,0.136,
2026-09-03 17:15:19.139062,0.47186279296875,0.52227783203125,0.55120849609375,0.447998046875,-0.00390625,0.0078125,0.01953125,0.0,0.0,0.0,746.0,0.0,190.4,40.0,17.6,2.0,12.0,36.97244633333333,-122.03526083333334,17.4,0.67,0.136,
2026-09-03 17:15:19.237718,0.47186279296875,0.52227783203125,0.55126953125,0.447998046875,0.00390625,-0.0390625,-0.015625,0.0,0.0,0.0,746.0,0.0,190.4,40.0,17.6,2.0,12.0,36.97244633333333,-122.03526083333334,17.4,0.67,0.136,
2026-09-03 17:15:19.339461,0.4718017578125,0.52227783203125,0.55126953125,0.447998046875,0.00390625,0.0078125,-0.015625,0.0,0.0,0.0,753.0,0.0,190.4,39.6,17.6,2.0,12.0,36.97244633333333,-122.03526083333334,17.4,0.67,0.136,
2026-09-03 17:15:19.446784,0.4718017578125,0.52227783203125,0.55126953125,0.44805908203125,0.00390625,0.046875,0.02734375,0.0,0.0,0.0,753.0,0.0,190.4,39.6,17.6,2.0,12.0,36.97244633333333,-122.03526083333334,17.4,0.67,0.136,
2026-09-03 17:15:19.554434,0.4718017578125,0.52227783203125,0.55126953125,0.44805908203125,-0.00390625,0.0,-0.0078125,0.0,0.0,0.0,751.5,0.0,190.4,39.2,17.6,2.0,12.0,36.97244633333333,-122.03526083333334,17.4,0.67,0.136,
2026-09-03 17:15:19.645302,0.4718017578125,0.52227783203125,0.55126953125,0.44805908203125,-0.03125,0.0,-0.0078125,0.0,0.0,0.0,751.5,0.0,190.4,39.2,17.6,2.0,12.0,36.97244633333333,-122.03526083333334,17.4,0.67,0.136,
2026-09-03 17:15:19.753170,0.4718017578125,0.52227783203125,0.55120849609375,0.44805908203125,0.00390625,0.0,-0.0078125,0.0,0.0,0.0,753.75,0.0,190.4,38.8,17.6,2.0,12.0,36.97244633333333,-122.03526083333334,17.4,0.67,0.136,
2026-09-03 17:15:19.946007,0.47174072265625,0.5223388671875,0.55120849609375,0.44805908203125,0.00390625,-0.0078125,-0.0078125,0.0,0.0,0.0,753.0,0.0,190.4,38.8,17.6,2.0,12.0,36.97244633333333,-122.03526083333334,17.4,0.67,0.136,
2026-09-03 17:15:20.045392,0.47174072265625,0.5223388671875,0.5511474609375,0.4481201171875,0.00390625,0.0,0.0,0.0,0.0,0.0,753.0,0.0,190.4,38.8,17.6,2.0,12.0,36.97244633333333,-122.03526083333334,17.4,0.67,0.136,
2026-09-03 17:15:20.166701,0.47174072265625,0.52239990234375,0.5511474609375,0.4481201171875,0.01171875,-0.0078125,0.0,0.0,0.0,0.0,752.25,0.0,190.4,38.4,17.6,,,36.97244633333333,-122.035261,,,0.136,
2026-09-03 17:15:20.264005,0.47174072265625,0.5224609375,0.551025390625,0.4481201171875,0.00390625,-0.0078125,0.0,0.0,0.0,0.0,752.25,0.0,190.4,38.4,17.6,,,36.97244633333333,-122.035261,,,0.136,
2026-09-03 17:15:20.364490,0.4718017578125,0.52252197265625,0.551025390625,0.44805908203125,0.00390625,-0.046875,0.02734375,0.0,0.0,0.0,752.25,0.0,190.4,38.4,17.6,,,36.97244633333333,-122.035261,,,0.136,
2026-09-03 17:15:20.463773,0.47174072265625,0.52252197265625,0.551025390625,0.4481201171875,0.00390625,0.0,-0.0078125,-0.001953125,-0.001953125,0.0,752.25,0.0,190.4,38.4,17.6,,,36.97244633333333,-122.035261,,,0.136,
2026-09-03 17:15:20.543927,0.47174072265625,0.52252197265625,0.551025390625,0.4481201171875,0.00390625,0.0,-0.0078125,-0.001953125,0.0,0.0,753.75,0.0,190.4,38.4,17.6,,,36.97244633333333,-122.035261,,,0.136,
2026-09-03 17:15:20.650721,0.47174072265625,0.5224609375,0.551025390625,0.4481201171875,0.00390625,0.0,-0.0078125,0.001953125,0.001953125,0.0,753.75,0.0,190.4,38.4,17.6,,,36.97244633333333,-122.035261,,,0.136,
2026-09-03 17:15:20.750559,0.4718017578125,0.52252197265625,0.55096435546875,0.4403076171875,0.00390625,0.0,-0.0078125,0.0,-0.001953125,-0.00390625,754.5,0.0,190.4,38.0,17.6,,,36.97244633333333,-122.035261,,,0.136,
2026-09-03 17:15:20.850632,0.47174072265625,0.5224609375,0.55096435546875,0.44818115234375,0.00390625,0.0,-0.0078125,-0.001953125,0.0,-0.001953125,754.5,0.0,190.4,38.0,17.6,,,36.97244633333333,-122.035261,,,0.136,
2026-09-03 17:15:20.951457,0.4718017578125,0.5224609375,0.55096435546875,0.44818115234375,0.00390625,0.0,0.03515625,-0.001953125,0.001953125,-0.00390625,754.5,0.0,190.4,38.0,17.6,,,36.97244633333333,-122.035261,,,0.136,
2026-09-03 17:15:21.049938,0.4718017578125,-1.4775390625,0.55096435546875,0.44818115234375,-0.00390625,0.0,-0.0078125,0.00390625,0.0,0.0,754.5,0.0,190.4,38.0,17.6,,,36.97244633333333,-122.035261,,,0.136,
2026-09-03 17:15:21.151218,0.47186279296875,0.5224609375,-1.44903564453125,0.4481201171875,-0.00390625,0.0,-0.0078125,-0.001953125,0.0,-0.001953125,754.5,0.0,190.4,38.0,17.6,2.0,12.0,36.972446833333336,-122.035261,17.3,0.7,0.136,
2026-09-03 17:15:21.251301,0.47186279296875,0.52239990234375,0.551025390625,0.44024658203125,-0.00390625,-0.0078125,-0.0078125,0.0,0.0,0.0,754.5,0.0,190.4,38.0,17.6,2.0,12.0,36.972446833333336,-122.035261,17.3,0.7,0.136,
2026-09-03 17:15:21.351407,0.471923828125,0.5224609375,0.551025390625,0.447998046875,-0.00390625,0.0,0.0,0.0,0.0,0.0,756.25,0.0,190.4,38.0,17.6,2.0,12.0,36.972446833333336,-122.035261,17.3,0.7,0.136,
2026-09-03 17:15:21.450667,0.471923828125,0.5224609375,0.551025390625,0.447998046875,-0.00390625,-0.0390625,0.02734375,-0.001953125,0.0,-0.00390625,756.25,0.0,190.4,38.0,17.6,2.0,12.0,36.972446833333336,-122.035261,17.3,0.7,0.136,
2026-09-03 17:15:21.551294,0.471923828125,-1.4775390625,0.551025390625,0.447998046875,-0.00390625,0.0,-0.0078125,0.0,0.0,0.0,756.25,0.0,190.4,37.6,17.6,2.0,12.0,36.972446833333336,-122.035261,17.3,0.7,0.136,
2026-09-03 17:15:21.660782,0.47198486328125,0.5224609375,0.551025390625,0.447998046875,-0.0390625,0.046875,-0.0078125,0.0,0.0,0.0,756.25,0.0,190.4,37.6,17.6,2.0,12.0,36.972446833333336,-122.035261,17.3,0.7,0.136,
2026-09-03 17:15:21.764664,0.471923828125,0.52239990234375,0.551025390625,0.447998046875,0.00390625,0.0,0.02734375,0.0,0.0,0.0,733.5,0.0,190.4,37.6,16.1,2.0,12.0,36.972446833333336,-122.035261,17.3,0.7,0.136,
2026-09-03 17:15:21.864419,0.471923828125,0.52239990234375,0.551025390625,0.447998046875,0.00390625,0.0,-0.0078125,0.0,0.0,0.0,733.5,0.0,190.4,37.6,16.1,2.0,12.0,36.972446833333336,-122.035261,17.3,0.7,0.136,
2026-09-03 17:15:21.965305,0.471923828125,0.52239990234375,0.551025390625,0.44805908203125,0.00390625,0.0,0.02734375,0.0,0.0,0.0,721.0,0.0,190.4,33.7,16.9,2.0,12.0,36.972446833333336,-122.035261,17.3,0.7,0.136,
2026-09-03 17:15:22.065108,0.471923828125,0.52239990234375,0.55108642578125,0.447998046875,-0.00390625,0.0,-0.046875,-0.001953125,0.001953125,0.001953125,721.0,0.0,190.4,33.7,16.9,2.0,12.0,36.972446833333336,-122.035261,17.3,0.7,0.136,
2026-09-03 17:15:22.150831,0.47186279296875,0.52239990234375,0.55108642578125,0.44805908203125,-0.0390625,-0.0390625,-0.0078125,-0.00390625,0.0,-0.00390625,710.0,0.0,190.4,32.5,16.9,,,,,,,,
2026-09-03 17:15:22.257172,0.47186279296875,0.52239990234375,0.55108642578125,0.44805908203125,-0.00390625,-0.0390625,0.02734375,-0.005859375,0.001953125,-0.001953125,710.0,0.0,190.4,32.5,16.9,,,,,,,,
2026-09-03 17:15:22.355736,0.47186279296875,0.5223388671875,0.5511474609375,0.44805908203125,-0.00390625,0.0,0.03515625,-0.001953125,0.001953125,0.0,714.0,0.0,190.4,32.2,16.9,,,,,,,,
2026-09-03 17:15:22.450381,0.471923828125,0.5223388671875,0.55108642578125,0.44805908203125,-0.00390625,0.0390625,0.02734375,0.0,0.0,0.001953125,714.0,0.0,190.4,32.2,16.9,,,,,,,,
2026-09-03 17:15:22.556593,0.47186279296875,0.5223388671875,0.5511474609375,0.44805908203125,-0.03125,0.0,-0.0078125,0.0,-0.001953125,0.251953125,724.0,0.0,190.4,31.4,16.5,,,,,,,,
2026-09-03 17:15:22.655108,0.471923828125,0.5223388671875,0.5511474609375,0.44805908203125,0.05078125,0.0078125,-0.0078125,0.0,0.0,-0.00390625,724.0,0.0,190.4,31.4,16.5,,,,,,,,
2026-09-03 17:15:22.755035,0.47186279296875,0.5223388671875,0.55108642578125,0.44805908203125,0.00390625,0.0078125,-0.0078125,0.0,0.0,0.001953125,729.5,0.0,190.4,30.6,16.9,,,,,,,,
2026-09-03 17:15:22.857895,0.47186279296875,0.5223388671875,0.5511474609375,0.44805908203125,-0.03125,0.0078125,0.03515625,0.001953125,0.0,0.0,729.5,0.0,190.4,30.6,16.9,,,,,,,,
2026-09-03 17:15:22.962358,0.47186279296875,0.5223388671875,0.5511474609375,0.44805908203125,0.00390625,0.0390625,-0.0078125,-0.001953125,0.0,0.0,720.25,0.0,190.4,30.6,16.9,,,,,,,,
2026-09-03 17:15:23.062875,0.4718017578125,0.5223388671875,0.5511474609375,0.44805908203125,0.00390625,0.0,0.02734375,0.0,-0.001953125,-0.00390625,720.25,0.0,190.4,30.6,16.9,,,,,,,,
2026-09-03 17:15:23.164210,0.4718017578125,0.5223388671875,0.5511474609375,0.4481201171875,0.00390625,-0.0078125,-0.0078125,0.0,0.0,0.0,721.0,0.0,190.4,29.4,16.5,,,,,,,,
2026-09-03 17:15:23.263733,0.4718017578125,0.5223388671875,0.5511474609375,0.4481201171875,-0.03125,0.0,-0.0078125,0.0,0.0,0.0,721.0,0.0,190.4,29.4,16.5,,,,,,,,
2026-09-03 17:15:23.363232,0.4718017578125,0.5223388671875,0.5511474609375,0.4481201171875,0.00390625,0.0,-0.0078125,0.0,0.0,0.0,714.75,0.0,190.4,29.0,16.5,,,,,,,,
2026-09-03 17:15:23.463626,0.4718017578125,0.52239990234375,0.55108642578125,0.4481201171875,0.00390625,0.0,-0.0078125,0.0,0.0,0.0,714.75,0.0,190.4,29.0,16.5,,,,,,,,
2026-09-03 17:15:23.563785,0.4718017578125,0.52239990234375,0.55108642578125,0.4481201171875,-0.03125,0.0,0.0,0.0,0.0,0.0,716.25,0.0,190.4,29.0,16.5,,,,,,,,
2026-09-03 17:15:23.663949,0.4718017578125,0.5224609375,0.551025390625,0.4481201171875,0.01171875,0.0390625,0.0,0.0,0.0,0.0,716.25,0.0,190.4,29.0,16.5,,,,,,,,
2026-09-03 17:15:23.762826,0.4718017578125,0.52252197265625,0.55096435546875,0.4481201171875,-0.0234375,-0.0078125,0.0,0.0,0.0,0.0,718.75,0.0,190.4,28.6,16.5,,,,,,,,
2026-09-03 17:15:23.852221,0.47174072265625,0.52252197265625,0.55096435546875,0.44818115234375,0.01171875,0.0,0.0,0.0,0.0,0.0,718.75,0.0,190.4,28.6,16.5,,,,,,,,
2026-09-03 17:15:23.952659,0.4718017578125,0.5225830078125,0.5509033203125,0.4481201171875,-0.0234375,0.0390625,0.02734375,0.0,0.0,0.0,713.25,0.0,190.4,28.6,16.5,,,,,,,,
2026-09-03 17:15:24.054220,0.47174072265625,0.5225830078125,0.5509033203125,0.44818115234375,0.00390625,0.0,-0.0078125,0.0,0.0,0.0,713.25,0.0,190.4,28.6,16.5,,,,,,,,
2026-09-03 17:15:24.154692,0.47174072265625,0.5225830078125,0.5509033203125,0.44818115234375,0.00390625,0.0,-0.0078125,0.0,0.0,0.0,715.5,0.0,190.4,29.0,16.5,2.0,12.0,36.9724485,-122.035261,17.3,0.7,0.136,
2026-09-03 17:15:24.254524,0.47174072265625,0.5225830078125,0.5509033203125,0.44818115234375,0.00390625,0.0,0.03515625,0.0,0.0,0.0,715.5,0.0,190.4,29.0,16.5,2.0,12.0,36.9724485,-122.035261,17.3,0.7,0.136,
2026-09-03 17:15:24.354814,0.47174072265625,0.5225830078125,0.55096435546875,0.44818115234375,0.00390625,0.0078125,0.02734375,0.0,0.0,0.0,717.75,0.0,190.4,28.6,16.5,2.0,12.0,36.9724485,-122.035261,17.3,0.7,0.136,
2026-09-03 17:15:24.455163,0.47174072265625,0.52252197265625,0.55096435546875,0.44818115234375,-0.03125,0.0078125,-0.515625,0.0,0.0,0.0,717.75,0.0,190.4,28.6,16.5,2.0,12.0,36.9724485,-122.035261,17.3,0.7,0.136,
2026-09-03 17:15:24.555201,0.4716796875,0.5224609375,0.551025390625,0.44818115234375,0.00390625,0.0078125,-0.015625,0.0,0.0,0.0,714.75,0.0,190.4,28.6,16.5,2.0,12.0,36.9724485,-122.035261,17.3,0.7,0.136,
2026-09-03 17:15:24.655111,0.4716796875,0.5224609375,0.551025390625,0.4482421875,0.00390625,0.0078125,0.02734375,0.0,0.0,0.0,714.75,0.0,190.4,28.6,16.5,2.0,12.0,36.9724485,-122.035261,17.3,0.7,0.136,
2026-09-03 17:15:24.865340,0.4716796875,0.5224609375,0.551025390625,0.44818115234375,-0.03125,-0.0390625,0.02734375,0.0,0.0,0.0,712.5,0.0,190.4,28.6,16.5,2.0,12.0,36.9724485,-122.035261,17.3,0.7,0.136,
2026-09-03 17:15:24.964080,0.4716796875,0.5224609375,0.551025390625,0.4482421875,-0.0234375,0.0,-0.015625,0.0,0.0,0.0,717.0,0.0,190.4,28.2,16.5,2.0,12.0,36.9724485,-122.035261,17.3,0.7,0.136,
2026-09-03 17:15:25.064125,0.47161865234375,0.5224609375,0.551025390625,0.44830322265625,-0.0234375,-0.0390625,-0.015625,0.0,0.0,0.0,717.0,0.0,190.4,28.2,16.5,2.0,12.0,36.9724485,-122.035261,17.3,0.7,0.084,
2026-09-03 17:15:25.163974,0.47161865234375,0.5224609375,0.551025390625,0.44830322265625,-0.0234375,0.0,-0.015625,0.0,0.0,0.0,717.0,0.0,190.4,28.2,16.5,2.0,12.0,36.97244933333333,-122.03526116666669,17.2,0.7,0.084,
2026-09-03 17:15:25.264109,0.4715576171875,0.5224609375,0.551025390625,0.4483642578125,0.01171875,0.0,0.02734375,0.0,0.0,0.0,717.0,0.0,190.4,28.2,16.5,2.0,12.0,36.97244933333333,-122.03526116666669,17.2,0.7,0.084,
2026-09-03 17:15:25.364461,0.4715576171875,0.52252197265625,0.55096435546875,0.4483642578125,0.01171875,0.0,-0.0078125,0.001953125,-0.001953125,0.0,714.75,0.0,190.4,28.2,16.5,2.0,12.0,36.97244933333333,-122.03526116666669,17.2,0.7,0.084,
2026-09-03 17:15:25.470692,0.4715576171875,0.52252197265625,0.55096435546875,0.4483642578125,-0.0234375,0.0,0.02734375,0.0,0.0,0.001953125,714.75,0.0,190.4,28.2,16.5,2.0,12.0,36.97244933333333,-122.03526116666669,17.2,0.7,0.084,
2026-09-03 17:15:25.563395,0.4715576171875,0.52252197265625,0.55096435546875,0.4483642578125,-0.03125,-0.0390625,-0.0078125,0.001953125,0.0,-0.001953125,711.5,0.0,190.4,28.2,16.5,2.0,12.0,36.97244933333333,-122.03526116666669,17.2,0.7,0.084,
2026-09-03 17:15:25.781020,0.47161865234375,0.5224609375,0.55096435546875,0.44830322265625,0.00390625,0.0,-0.0078125,0.0,0.0,0.0,711.5,0.0,190.4,28.6,16.5,2.0,12.0,36.97244933333333,-122.03526116666669,17.2,0.7,0.084,
2026-09-03 17:15:25.880721,0.47161865234375,0.5224609375,0.551025390625,0.44830322265625,0.04296875,0.0390625,-0.0078125,0.001953125,-0.001953125,0.001953125,711.5,0.0,190.4,28.6,16.5,2.0,12.0,36.97244933333333,-122.03526116666669,17.2,0.7,0.084,
2026-09-03 17:15:25.980557,0.47161865234375,0.52252197265625,0.55096435546875,0.44830322265625,0.00390625,0.0390625,0.01953125,0.0,0.0,0.001953125,711.5,0.0,190.4,28.6,16.5,2.0,12.0,36.97244933333333,-122.03526116666669,17.2,0.7,0.084,
2026-09-03 17:15:26.080139,0.47161865234375,0.5224609375,0.551025390625,0.44830322265625,-0.03125,-0.0078125,-0.015625,-0.001953125,0.0,0.0,711.5,0.0,190.4,28.6,16.5,2.0,12.0,36.97244933333333,-122.03526116666669,17.2,0.7,0.111,
2026-09-03 17:15:26.180797,0.47161865234375,0.52239990234375,0.551025390625,0.44830322265625,0.00390625,-0.0078125,-0.015625,0.0,0.001953125,-0.001953125,717.75,0.0,190.4,28.2,16.5,2.0,12.0,36.972449833333336,-122.03526083333334,17.1,0.7,0.111,
2026-09-03 17:15:26.280641,0.47161865234375,0.52239990234375,0.55108642578125,0.44830322265625,-0.03125,-0.0078125,-0.0078125,0.0,0.001953125,0.001953125,717.75,0.0,190.4,28.2,16.5,2.0,12.0,36.972449833333336,-122.03526083333334,17.1,0.7,0.111,
2026-09-03 17:15:26.380490,0.47161865234375,0.5224609375,0.551025390625,0.44830322265625,0.01171875,-0.0078125,-0.0078125,0.0,0.0,0.0,713.25,0.0,190.4,28.2,16.5,2.0,12.0,36.972449833333336,-122.03526083333334,17.1,0.7,0.111,
2026-09-03 17:15:26.480005,0.4715576171875,0.5224609375,0.551025390625,0.44830322265625,0.01171875,0.03125,-0.0078125,0.001953125,-0.001953125,0.001953125,713.25,0.0,190.4,28.2,16.5,2.0,12.0,36.972449833333336,-122.03526083333334,17.1,0.7,0.111,
2026-09-03 17:15:26.580087,0.4715576171875,0.52252197265625,0.55096435546875,0.44830322265625,0.01171875,0.0390625,0.01953125,0.001953125,0.001953125,-0.001953125,715.5,0.0,190.4,28.6,16.5,2.0,12.0,36.972449833333336,-122.03526083333334,17.1,0.7,0.111,
2026-09-03 17:15:26.680033,0.4715576171875,0.5225830078125,0.55096435546875,0.4483642578125,0.01171875,-0.0390625,-0.015625,0.0,-0.001953125,0.0,715.5,0.0,190.4,28.6,16.5,2.0,12.0,36.972449833333336,-122.03526083333334,17.1,0.7,0.111,
2026-09-03 17:15:26.779884,0.47149658203125,0.52252197265625,0.55096435546875,0.4483642578125,-0.0234375,-0.0390625,-0.015625,0.001953125,-0.001953125,0.001953125,721.75,0.0,190.4,28.6,16.5,2.0,12.0,36.972449833333336,-122.03526083333334,17.1,0.7,0.111,
2026-09-03 17:15:26.879864,0.471435546875,0.52252197265625,0.551025390625,0.44842529296875,-0.03125,0.0,-0.015625,0.001953125,-0.001953125,-0.001953125,721.75,0.0,190.4,28.6,16.5,2.0,12.0,36.972449833333336,-122.03526083333334,17.1,0.7,0.111,
2026-09-03 17:15:26.979647,0.471435546875,0.5224609375,0.55108642578125,0.44842529296875,0.00390625,0.0,-0.015625,0.0,0.0,0.0,725.0,0.0,190.4,28.2,16.5,2.0,12.0,36.972449833333336,-122.03526083333334,17.1,0.7,0.111,
2026-09-03 17:15:27.085012,0.471435546875,0.5224609375,0.55108642578125,0.4483642578125,0.00390625,0.0,0.01953125,0.0,0.0,0.0,725.0,0.0,190.4,28.2,16.5,2.0,12.0,36.972449833333336,-122.03526083333334,17.1,0.7,0.062,
2026-09-03 17:15:27.201100,0.47149658203125,0.52239990234375,0.5511474609375,0.4483642578125,0.00390625,0.0,0.01953125,0.0,0.001953125,0.001953125,724.0,0.0,190.4,28.6,16.5,2.0,12.0,36.972449833333336,-122.03526083333334,17.1,0.7,0.062,
2026-09-03 17:15:27.299088,0.47149658203125,0.52239990234375,0.5511474609375,0.4483642578125,-0.00390625,-0.0078125,0.01953125,0.001953125,0.0,-0.00390625,721.75,0.0,190.4,28.2,16.5,2.0,12.0,36.972449833333336,-122.03526083333334,17.1,0.7,0.062,
2026-09-03 17:15:27.399068,0.4715576171875,0.52239990234375,0.5511474609375,0.44830322265625,-0.0390625,0.0,0.01953125,0.0,-0.001953125,0.0,721.75,0.0,190.4,28.2,16.5,2.0,12.0,36.972449833333336,-122.03526083333334,17.1,0.7,0.062,
2026-09-03 17:15:27.498651,0.47149658203125,0.5223388671875,0.55120849609375,0.44830322265625,0.00390625,-0.0390625,-0.015625,0.0,0.0,0.0,716.25,0.0,190.4,28.6,16.5,2.0,12.0,36.972449833333336,-122.03526083333334,17.1,0.7,0.062,
2026-09-03 17:15:27.583935,0.47149658203125,0.52239990234375,0.55120849609375,0.44830322265625,0.00390625,0.0,-0.0625,0.00390625,0.001953125,-0.00390625,716.25,0.0,190.4,28.6,16.5,2.0,12.0,36.972449833333336,-122.03526083333334,17.1,0.7,0.062,
2026-09-03 17:15:27.685682,0.471435546875,0.52239990234375,-1.44879150390625,0.44830322265625,0.00390625,0.0390625,-0.0546875,-0.001953125,0.001953125,-0.001953125,716.25,0.0,190.4,28.6,16.5,2.0,12.0,36.972449833333336,-122.03526083333334,17.1,0.7,0.062,
2026-09-03 17:15:27.785704,0.47149658203125,0.5224609375,0.5511474609375,0.44830322265625,-0.03125,-0.0390625,0.02734375,0.001953125,0.0,0.0,718.75,0.0,190.4,28.6,16.5,2.0,12.0,36.972449833333336,-122.03526083333334,17.1,0.7,0.062,
2026-09-03 17:15:27.886477,0.47149658203125,0.5224609375,0.55120849609375,0.4482421875,-0.03125,0.0,-0.0078125,0.0,0.001953125,0.0,718.75,0.0,190.4,28.6,16.5,2.0,12.0,36.972449833333336,-122.03526083333334,17.1,0.7,0.062,
2026-09-03 17:15:27.985932,0.47149658203125,0.5224609375,0.5511474609375,0.44830322265625,-0.0234375,0.0,0.02734375,0.0,0.001953125,0.001953125,720.25,0.0,190.4,28.2,16.5,2.0,12.0,36.972449833333336,-122.03526083333334,17.1,0.7,0.062,
2026-09-03 17:15:28.086915,0.471435546875,0.5224609375,0.5511474609375,0.44830322265625,0.05078125,0.0,-0.015625,0.0,0.0,0.0,720.25,0.0,190.4,28.2,16.5,,,,,,,,
2026-09-03 17:15:28.187246,0.471435546875,0.5224609375,0.5511474609375,0.4482421875,0.00390625,0.0,0.01953125,0.0,0.0,0.0,718.75,0.0,190.4,28.2,16.5,2.0,12.0,36.972451166666666,-122.03525983333331,16.8,0.7,0.062,
2026-09-03 17:15:28.302574,0.471435546875,0.5224609375,0.5511474609375,0.44830322265625,-0.03125,0.0,-0.0546875,0.0,0.0,0.0,716.25,0.0,190.4,27.8,16.5,2.0,12.0,36.972451166666666,-122.03525983333331,16.8,0.7,0.062,
2026-09-03 17:15:28.399701,0.471435546875,0.52252197265625,0.5511474609375,0.44830322265625,0.01171875,0.0,0.02734375,0.0,0.0,0.0,716.25,0.0,190.4,27.8,16.5,2.0,12.0,36.972451166666666,-122.03525983333331,16.8,0.7,0.062,
2026-09-03 17:15:28.500420,0.471435546875,0.52252197265625,0.55108642578125,0.44830322265625,-0.0234375,0.0,-0.046875,0.0,0.0,0.0,717.75,0.0,190.4,27.8,16.5,2.0,12.0,36.972451166666666,-122.03525983333331,16.8,0.7,0.062,
2026-09-03 17:15:28.600187,0.471435546875,0.5225830078125,0.55108642578125,0.44830322265625,0.01171875,-0.0390625,0.02734375,0.0,0.0,0.0,717.75,0.0,190.4,27.8,16.5,2.0,12.0,36.972451166666666,-122.03525983333331,16.8,0.7,0.062,
2026-09-03 17:15:28.685892,0.471435546875,0.5225830078125,0.55108642578125,0.44830322265625,0.01171875,0.0390625,-0.046875,0.0,0.0,0.0,717.75,0.0,190.4,27.8,16.5,2.0,12.0,36.972451166666666,-122.03525983333331,16.8,0.7,0.062,
2026-09-03 17:15:28.915719,0.471435546875,0.5225830078125,0.551025390625,0.44830322265625,-0.0234375,0.0,0.0,0.0,0.0,0.0,714.75,0.0,190.4,28.2,16.5,2.0,12.0,36.972451166666666,-122.03525983333331,16.8,0.7,0.062,
2026-09-03 17:15:29.004397,0.471435546875,0.52264404296875,0.55096435546875,0.44830322265625,0.01171875,0.0390625,0.03515625,0.0,0.0,0.0,714.75,0.0,190.4,28.2,16.5,2.0,12.0,36.972451166666666,-122.03525983333331,16.8,0.7,0.062,
2026-09-03 17:15:29.113976,0.47149658203125,0.52264404296875,0.55096435546875,0.4482421875,0.00390625,0.0,-0.0078125,0.0,0.0,0.0,713.25,0.0,190.4,27.8,16.5,2.0,12.0,36.972451166666666,-122.03525983333331,16.8,0.7,0.062,
2026-09-03 17:15:29.208320,0.47149658203125,0.52264404296875,0.55096435546875,0.4482421875,0.00390625,0.0,-0.0078125,0.0,0.0,0.0,713.25,0.0,190.4,27.8,16.5,,,,,,,,
2026-09-03 17:15:29.444823,0.4715576171875,0.52264404296875,0.551025390625,0.4482421875,0.00390625,0.0,0.02734375,0.0,0.0,0.0,712.5,0.0,190.4,27.8,16.5,,,,,,,,
2026-09-03 17:15:29.524901,0.4715576171875,0.52264404296875,0.551025390625,0.44818115234375,0.00390625,0.0,-0.0078125,0.0,0.0,0.0,710.75,0.0,190.4,27.8,16.5,,,,,,,,
2026-09-03 17:15:29.642171,0.4715576171875,0.5225830078125,0.551025390625,0.44818115234375,-0.03125,0.0,-0.015625,0.0,0.0,0.0,710.75,0.0,190.4,27.8,16.5,,,,,,,,
2026-09-03 17:15:29.720206,0.4715576171875,0.5225830078125,0.55108642578125,0.4482421875,0.01171875,0.0,-0.0078125,0.0,0.0,0.0,712.5,,190.4,27.8,16.5,,,,,,,,
2026-09-03 17:15:29.823649,0.47149658203125,0.5225830078125,0.55108642578125,0.4482421875,0.00390625,0.0,-0.0078125,0.0,0.0,0.0,712.5,,190.4,27.8,16.5,,,,,,,,
2026-09-03 17:15:29.923712,0.4715576171875,0.5225830078125,0.55108642578125,0.44818115234375,-0.00390625,0.0,-0.0078125,0.0,0.0,0.0,712.5,,190.4,27.8,16.5,,,,,,,,
2026-09-03 17:15:30.032386,0.4715576171875,0.5225830078125,0.55108642578125,0.44818115234375,-0.03125,-0.0390625,-0.0078125,0.0,0.0,0.0,712.5,,190.4,27.8,16.5,,,,,,,,
2026-09-03 17:15:30.121305,0.4715576171875,0.5225830078125,0.55108642578125,0.44818115234375,0.01171875,0.0,-0.015625,0.0,0.0,0.0,712.5,0.0,190.4,27.8,16.5,,,,,,,,
2026-09-03 17:15:30.223178,0.4715576171875,0.5225830078125,0.55108642578125,0.44818115234375,0.05078125,0.0,-0.0078125,0.0,0.0,0.0,712.5,0.0,190.4,27.8,16.5,,,,,,,,
2026-09-03 17:15:30.322520,0.4715576171875,0.5225830078125,0.55108642578125,0.44818115234375,0.00390625,0.0078125,-0.0078125,0.0,0.0,0.0,714.75,0.0,190.4,27.8,16.5,,,,,,,,
2026-09-03 17:15:30.422817,0.4715576171875,0.5225830078125,0.55108642578125,0.44818115234375,-0.03125,0.0,0.02734375,0.0,0.0,0.0,714.75,0.0,190.4,27.8,16.5,,,,,,,,
2026-09-03 17:15:30.522558,0.4715576171875,0.5225830078125,0.55108642578125,0.44818115234375,0.01171875,-0.046875,0.01953125,0.0,0.0,0.0,714.0,0.0,190.4,27.8,16.5,,,,,,,,
2026-09-03 17:15:30.621857,0.47149658203125,0.5225830078125,0.55108642578125,0.4482421875,-0.0234375,-0.0390625,0.01953125,0.0,0.0,0.0,714.0,0.0,190.4,27.8,16.5,,,,,,,,
2026-09-03 17:15:30.721165,0.47149658203125,0.5225830078125,0.55108642578125,0.4482421875,0.01171875,0.0,-0.015625,0.0,0.0,0.0,713.25,0.0,190.4,27.8,16.5,,,,,,,,
2026-09-03 17:15:30.821750,0.471435546875,0.5225830078125,0.55108642578125,0.44830322265625,0.05078125,0.0,-0.0078125,0.0,0.0,0.0,713.25,0.0,190.4,27.8,16.5,,,,,,,,
2026-09-03 17:15:30.929575,0.471435546875,0.5225830078125,0.55108642578125,0.44830322265625,0.00390625,0.0390625,-0.0078125,0.0,0.0,0.0,711.5,0.0,190.4,27.8,16.5,,,,,,,,
2026-09-03 17:15:31.020765,0.47149658203125,0.5225830078125,0.55108642578125,0.4482421875,0.00390625,0.0,-0.0078125,0.0,0.0,0.0,711.5,0.0,190.4,27.8,16.5,,,,,,,,
2026-09-03 17:15:31.129728,0.47149658203125,0.5225830078125,0.55108642578125,0.4482421875,-0.03125,-0.0390625,0.02734375,0.0,0.0,0.0,710.0,0.0,190.4,27.8,16.5,,,,,,,,
2026-09-03 17:15:31.227453,0.47149658203125,0.5225830078125,0.55108642578125,0.4482421875,0.00390625,-0.0390625,-0.0078125,0.0,0.0,0.0,710.0,0.0,190.4,27.8,16.5,,,,,,,,
2026-09-03 17:15:31.327800,0.47149658203125,0.5225830078125,0.55108642578125,0.4482421875,0.00390625,0.0,-0.0078125,0.0,0.0,0.0,704.5,0.0,190.4,28.2,16.5,,,,,,,,
2026-09-03 17:15:31.427961,0.4715576171875,0.5225830078125,0.55108642578125,0.44818115234375,-0.03125,-0.03125,-0.0078125,-0.001953125,-0.001953125,-0.00390625,704.5,0.0,190.4,28.2,16.5,,,,,,,,
2026-09-03 17:15:31.529669,0.4715576171875,0.5225830078125,0.551025390625,0.4482421875,0.01171875,0.08203125,0.03515625,0.001953125,0.0,-0.005859375,704.5,0.0,190.4,28.2,16.5,,,,,,,,
2026-09-03 17:15:31.628197,0.4715576171875,0.522705078125,0.5509033203125,0.4482421875,-0.0234375,0.0,0.0,-0.001953125,0.0,0.0,704.5,0.0,190.4,28.2,16.5,,,,,,,,
2026-09-03 17:15:31.728615,0.4715576171875,0.52264404296875,0.55096435546875,0.4482421875,0.01171875,-0.03125,0.0,0.0,0.0,0.001953125,709.25,0.0,190.4,27.8,16.5,,,,,,,,
2026-09-03 17:15:31.829157,0.4715576171875,0.522705078125,0.55096435546875,0.44818115234375,0.01171875,0.0078125,0.0,0.001953125,-0.001953125,0.0,709.25,0.0,190.4,27.8,16.5,,,,,,,,
2026-09-03 17:15:31.937063,0.47161865234375,0.522705078125,0.5509033203125,0.44818115234375,-0.03125,-0.0390625,0.02734375,0.0,0.0,-0.001953125,707.0,0.0,190.4,27.8,16.5,,,,,,,,
2026-09-03 17:15:32.026860,0.47161865234375,0.52264404296875,0.5509033203125,0.4482421875,0.01171875,0.0078125,-0.0546875,-0.001953125,0.0,0.001953125,707.0,0.0,190.4,27.8,16.5,,,,,,,,
2026-09-03 17:15:32.118446,0.4715576171875,0.52264404296875,0.5509033203125,0.4482421875,0.01171875,0.046875,0.01953125,0.0,0.0,-0.001953125,696.0,0.0,190.4,27.8,16.5,,,,,,,,
2026-09-03 17:15:32.240889,0.4715576171875,0.5225830078125,0.55096435546875,0.4482421875,0.01171875,0.07421875,-0.0078125,-0.001953125,0.0,-0.001953125,696.75,0.0,190.4,28.2,16.5,,,,,,,,
2026-09-03 17:15:32.328043,0.4715576171875,0.5225830078125,0.55096435546875,0.4482421875,-0.03125,-0.0390625,0.03515625,0.001953125,0.0,0.00390625,696.75,0.0,190.4,28.2,16.5,,,,,,,,
2026-09-03 17:15:32.437604,0.47161865234375,0.52264404296875,0.55096435546875,0.4482421875,0.00390625,0.046875,-0.0078125,0.001953125,0.001953125,0.001953125,700.75,0.0,190.4,28.6,16.5,,,,,,,,
2026-09-03 17:15:32.535284,0.47161865234375,0.52264404296875,0.55096435546875,0.44818115234375,-0.0234375,-0.0390625,-0.015625,0.0,0.0,0.0,700.75,0.0,190.4,28.6,16.5,,,,,,,,
2026-09-03 17:15:32.635867,0.4715576171875,0.52264404296875,0.55096435546875,0.4482421875,0.05859375,0.046875,-0.0546875,0.0,0.001953125,0.00390625,699.0,0.0,190.4,29.0,16.5,,,,,,,,
2026-09-03 17:15:32.735575,0.47149658203125,0.52264404296875,0.55096435546875,0.44830322265625,0.01171875,0.0078125,-0.0078125,-0.001953125,0.0,-0.001953125,699.0,0.0,190.4,29.0,16.5,,,,,,,,
2026-09-03 17:15:32.835350,0.47149658203125,0.52264404296875,0.55096435546875,0.4482421875,0.00390625,0.0078125,0.03515625,-0.001953125,0.0,0.0,699.0,0.0,190.4,29.0,16.5,,,,,,,,
2026-09-03 17:15:32.935404,0.47149658203125,0.52264404296875,0.551025390625,0.4482421875,0.01171875,0.0078125,0.02734375,0.0,0.0,0.001953125,698.25,0.0,190.4,29.4,16.5,,,,,,,,
2026-09-03 17:15:33.034412,0.47149658203125,0.522705078125,0.55096435546875,0.44818115234375,0.04296875,-0.0390625,-0.0078125,-0.001953125,0.0,0.0,698.25,0.0,190.4,29.4,16.5,,,,,,,,
2026-09-03 17:15:33.135688,0.47149658203125,0.52264404296875,0.551025390625,0.44818115234375,-0.0390625,-0.0390625,-0.0078125,0.0,0.0,0.0,695.25,0.0,190.4,29.0,16.5,,,,,,,,
2026-09-03 17:15:33.236443,0.4715576171875,0.52264404296875,0.55108642578125,0.44805908203125,-0.03125,0.0,-0.0078125,0.0,0.0,0.001953125,693.75,0.0,190.4,29.0,16.5,,,,,,,,
2026-09-03 17:15:33.336502,0.47161865234375,0.52264404296875,0.55108642578125,0.44805908203125,0.00390625,-0.0390625,-0.0078125,0.001953125,0.0,0.001953125,693.75,0.0,190.4,29.0,16.5,,,,,,,,
2026-09-03 17:15:33.435798,0.47161865234375,0.522705078125,0.551025390625,0.447998046875,0.00390625,0.0078125,0.0,0.00390625,0.0,0.0,693.75,0.0,190.4,29.0,16.5,,,,,,,,
2026-09-03 17:15:33.514986,0.4716796875,0.522705078125,0.551025390625,0.447998046875,-0.03125,0.046875,0.0,0.001953125,0.0,0.001953125,696.75,0.0,190.4,29.0,16.5,,,,,,,,
2026-09-03 17:15:34.098596,0.4716796875,0.522705078125,0.551025390625,0.447998046875,-0.03125,-0.03125,0.0078125,-0.001953125,0.0,0.0,696.0,0.0,190.4,29.0,16.5,,,,,,,,
2026-09-03 17:15:34.198279,0.4716796875,0.522705078125,0.551025390625,0.447998046875,-0.03125,-0.03125,0.0078125,-0.001953125,0.0,0.0,696.0,0.0,190.4,29.0,16.5,2.0,12.0,36.972455333333336,-122.03525883333332,16.4,0.7,0.062,
2026-09-03 17:15:34.298485,0.4716796875,0.522705078125,0.551025390625,0.447998046875,-0.03125,-0.03125,0.0078125,-0.001953125,0.0,0.0,692.0,0.0,190.4,29.0,16.5,2.0,12.0,36.972455333333336,-122.03525883333332,16.4,0.7,0.062,
2026-09-03 17:15:34.398534,0.4716796875,0.522705078125,0.551025390625,0.447998046875,-0.03125,-0.03125,0.0078125,-0.001953125,0.0,0.0,692.0,0.0,190.4,29.0,16.5,2.0,12.0,36.972455333333336,-122.03525883333332,16.4,0.7,0.062,
2026-09-03 17:15:34.498687,0.4716796875,0.522705078125,0.551025390625,0.447998046875,-0.03125,-0.03125,0.0078125,-0.001953125,0.0,0.0,692.75,0.0,190.4,29.0,16.5,2.0,12.0,36.972455333333336,-122.03525883333332,16.4,0.7,0.062,
2026-09-03 17:15:34.598703,0.4716796875,0.522705078125,0.551025390625,0.447998046875,-0.03125,-0.03125,0.0078125,-0.001953125,0.0,0.0,692.75,0.0,190.4,29.0,16.5,2.0,12.0,36.972455333333336,-122.03525883333332,16.4,0.7,0.062,
2026-09-03 17:15:34.698783,0.4716796875,0.522705078125,0.551025390625,0.447998046875,-0.03125,-0.03125,0.0078125,-0.001953125,0.0,0.0,697.5,0.0,190.4,29.0,16.5,2.0,12.0,36.972455333333336,-122.03525883333332,16.4,0.7,0.062,
2026-09-03 17:15:34.798952,0.4716796875,0.522705078125,0.551025390625,0.447998046875,-0.03125,-0.03125,0.0078125,-0.001953125,0.0,0.0,697.5,0.0,190.4,29.0,16.5,2.0,12.0,36.972455333333336,-122.03525883333332,16.4,0.7,0.062,
2026-09-03 17:15:34.899157,0.4716796875,0.522705078125,0.551025390625,0.447998046875,-0.03125,-0.03125,0.0078125,-0.001953125,0.0,0.0,695.25,0.0,190.4,29.0,16.5,2.0,12.0,36.972455333333336,-122.03525883333332,16.4,0.7,0.062,
2026-09-03 17:15:34.999131,0.4716796875,0.522705078125,0.551025390625,0.447998046875,-0.03125,-0.03125,0.0078125,-0.001953125,0.0,0.0,695.25,0.0,190.4,29.0,16.5,2.0,12.0,36.972455333333336,-122.03525883333332,16.4,0.7,0.062,
2026-09-03 17:15:35.099480,0.4716796875,0.522705078125,0.551025390625,0.447998046875,-0.03125,-0.03125,0.0078125,-0.001953125,0.0,0.0,695.25,0.0,190.4,29.0,16.5,2.0,12.0,36.972455333333336,-122.03525883333332,16.4,0.7,0.061,
2026-09-03 17:15:35.199368,0.4716796875,0.522705078125,0.551025390625,0.447998046875,-0.03125,-0.03125,0.0078125,-0.001953125,0.0,0.0,695.25,0.0,190.4,29.0,16.5,2.0,12.0,36.97245616666667,-122.035259,16.4,0.74,0.061,
2026-09-03 17:15:35.299587,0.4716796875,0.522705078125,0.551025390625,0.447998046875,-0.03125,-0.03125,0.0078125,-0.001953125,0.0,0.0,696.75,0.0,190.4,29.0,16.5,2.0,12.0,36.97245616666667,-122.035259,16.4,0.74,0.061,
2026-09-03 17:15:35.399621,0.4716796875,0.522705078125,0.551025390625,0.447998046875,-0.03125,-0.03125,0.0078125,-0.001953125,0.0,0.0,696.75,0.0,190.4,29.0,16.5,2.0,12.0,36.97245616666667,-122.035259,16.4,0.74,0.061,
2026-09-03 17:15:35.499596,0.4716796875,0.522705078125,0.551025390625,0.447998046875,-0.03125,-0.03125,0.0078125,-0.001953125,0.0,0.0,691.25,0.0,190.4,29.0,16.5,2.0,12.0,36.97245616666667,-122.035259,16.4,0.74,0.061,
2026-09-03 17:15:35.601285,0.4716796875,0.522705078125,0.551025390625,0.447998046875,-0.03125,-0.03125,0.0078125,-0.001953125,0.0,0.0,691.25,0.0,190.4,29.0,16.5,2.0,12.0,36.97245616666667,-122.035259,16.4,0.74,0.061,
2026-09-03 17:15:35.700995,0.4716796875,0.522705078125,0.551025390625,0.447998046875,-0.03125,-0.03125,0.0078125,-0.001953125,0.0,0.0,697.5,0.0,190.4,28.6,16.5,2.0,12.0,36.97245616666667,-122.035259,16.4,0.74,0.061,
2026-09-03 17:15:35.801024,0.4716796875,0.522705078125,0.551025390625,0.447998046875,-0.03125,-0.03125,0.0078125,-0.001953125,0.0,0.0,697.5,0.0,190.4,28.6,16.5,2.0,12.0,36.97245616666667,-122.035259,16.4,0.74,0.061,
2026-09-03 17:15:35.901094,0.4716796875,0.522705078125,0.551025390625,0.447998046875,-0.03125,-0.03125,0.0078125,-0.001953125,0.0,0.0,700.0,0.0,190.4,28.6,16.5,2.0,12.0,36.97245616666667,-122.035259,16.4,0.74,0.061,
2026-09-03 17:15:36.000437,0.4716796875,0.522705078125,0.551025390625,0.447998046875,-0.03125,-0.03125,0.0078125,-0.001953125,0.0,0.0,700.0,0.0,190.4,28.6,16.5,2.0,12.0,36.97245616666667,-122.035259,16.4,0.74,0.061,
2026-09-03 17:15:37.977292,0.4757080078125,0.51922607421875,0.54608154296875,0.4537353515625,0.02734375,0.03125,-0.0078125,0.0,0.001953125,0.0,736.5,0.0,190.4,36.9,17.3,2.0,12.0,36.97245766666666,-122.03525783333332,16.2,0.74,0.061,
2026-09-03 17:15:38.196014,0.47589111328125,0.51910400390625,0.546142578125,0.45361328125,0.01953125,0.0546875,-0.0078125,0.0,0.001953125,-0.009765625,737.5,0.0,190.4,36.9,17.3,2.0,12.0,36.9724585,-122.03525716666668,16.0,0.78,0.143,
2026-09-03 17:15:38.311057,0.47601318359375,0.51904296875,0.54620361328125,0.45355224609375,0.01953125,0.0078125,-0.0234375,0.0,0.001953125,0.00390625,735.0,0.0,190.4,36.9,17.6,2.0,12.0,36.9724585,-122.03525716666668,16.0,0.78,0.143,
2026-09-03 17:15:38.409550,0.47607421875,0.51904296875,0.546142578125,0.4534912109375,-0.015625,0.0078125,0.05078125,-0.001953125,-0.001953125,0.00390625,735.0,0.0,190.4,36.9,17.6,2.0,12.0,36.9724585,-122.03525716666668,16.0,0.78,0.143,
2026-09-03 17:15:38.509710,0.47613525390625,0.51904296875,0.546142578125,0.4534912109375,0.01953125,0.0,0.0078125,0.005859375,0.0,0.001953125,735.75,0.0,190.4,38.0,17.6,2.0,12.0,36.9724585,-122.03525716666668,16.0,0.78,0.143,
2026-09-03 17:15:38.609264,0.47613525390625,0.51904296875,0.546142578125,0.45343017578125,0.01953125,0.0,0.0,0.001953125,0.0,0.001953125,735.75,0.0,190.4,38.0,17.6,2.0,12.0,36.9724585,-122.03525716666668,16.0,0.78,0.143,
2026-09-03 17:15:38.708043,0.4761962890625,0.51904296875,0.54608154296875,0.45343017578125,-0.0234375,0.0078125,0.0078125,0.00390625,0.0,-0.001953125,735.75,0.0,190.4,38.0,17.6,2.0,12.0,36.9724585,-122.03525716666668,16.0,0.78,0.143,
2026-09-03 17:15:38.808478,0.4761962890625,0.51898193359375,0.54620361328125,0.453369140625,-0.0234375,0.046875,0.0078125,-0.001953125,0.001953125,0.0,735.75,0.0,190.4,38.0,17.6,2.0,12.0,36.9724585,-122.03525716666668,16.0,0.78,0.143,
2026-09-03 17:15:38.909882,0.4761962890625,0.5189208984375,0.54620361328125,0.453369140625,0.01953125,-0.0390625,0.02734375,0.001953125,0.0,0.0,735.75,0.0,190.4,38.4,17.6,2.0,12.0,36.9724585,-122.03525716666668,16.0,0.78,0.143,
2026-09-03 17:15:39.009991,0.47625732421875,0.5189208984375,0.54620361328125,0.453369140625,0.01953125,0.0078125,-0.0078125,0.0078125,0.0,0.0,735.75,0.0,190.4,38.4,17.6,2.0,12.0,36.9724585,-122.03525716666668,16.0,0.78,0.143,
2026-09-03 17:15:39.110807,0.47625732421875,0.51885986328125,0.5462646484375,0.453369140625,-0.015625,0.046875,-0.046875,-0.001953125,0.0,0.0,736.5,0.0,190.4,38.8,17.6,2.0,12.0,36.9724585,-122.03525716666668,16.0,0.78,0.143,
2026-09-03 17:15:39.211497,0.4761962890625,0.51885986328125,0.54632568359375,0.45343017578125,-0.015625,0.0,0.0,0.0,0.001953125,0.00390625,736.5,0.0,190.4,38.8,17.6,,,,,,,,
2026-09-03 17:15:39.307383,0.4761962890625,0.518798828125,0.54638671875,0.45343017578125,0.01953125,-0.0390625,0.03515625,0.0,0.0,0.0,742.0,0.0,190.4,38.8,17.6,,,,,,,,
2026-09-03 17:15:39.407726,0.47613525390625,0.518798828125,0.54638671875,0.45343017578125,-0.015625,0.0,0.02734375,-0.001953125,0.001953125,-0.001953125,742.0,0.0,190.4,38.8,17.6,,,,,,,,
2026-09-03 17:15:39.505976,0.47613525390625,0.518798828125,0.54638671875,0.45343017578125,-0.015625,0.0,0.01953125,0.001953125,0.001953125,-0.00390625,746.75,0.0,190.4,38.8,17.6,,,,,,,,
2026-09-03 17:15:39.607861,0.47607421875,0.51873779296875,0.54644775390625,0.45355224609375,0.01953125,0.0078125,-0.0546875,-0.001953125,0.0,-0.00390625,746.75,0.0,190.4,38.8,17.6,,,,,,,,
2026-09-03 17:15:39.708216,0.47601318359375,0.5186767578125,0.54644775390625,0.45361328125,0.01953125,0.0,-0.0390625,0.001953125,0.0,-0.00390625,743.75,0.0,190.4,38.8,17.6,,,,,,,,
2026-09-03 17:15:39.807997,0.47601318359375,0.5186767578125,0.54644775390625,0.45367431640625,-0.015625,-0.0390625,0.03515625,-0.001953125,0.0,-0.00390625,743.75,0.0,190.4,38.8,17.6,,,,,,,,
2026-09-03 17:15:39.906319,0.47607421875,0.51861572265625,0.54644775390625,0.45361328125,-0.0234375,0.046875,0.02734375,0.00390625,0.0,0.0,749.0,0.0,190.4,39.2,17.6,,,,,,,,
2026-09-03 17:15:40.007669,0.47613525390625,0.51861572265625,0.54644775390625,0.45355224609375,-0.015625,0.0078125,-0.015625,0.00390625,0.0,0.0,749.0,0.0,190.4,39.2,17.6,,,,,,,,
2026-09-03 17:15:40.100480,0.47607421875,0.51861572265625,0.5465087890625,0.45355224609375,0.01953125,0.0078125,-0.046875,-0.001953125,0.0,0.0,744.5,0.0,190.4,39.6,17.6,,,,,,,,
2026-09-03 17:15:40.210053,0.47613525390625,0.51861572265625,0.5465087890625,0.45355224609375,-0.0234375,0.046875,0.0078125,0.0,-0.001953125,0.0,744.5,0.0,190.4,39.6,17.6,,,,,,,,
2026-09-03 17:15:40.307153,0.47613525390625,0.51861572265625,0.5465087890625,0.4534912109375,-0.0234375,0.0,0.04296875,0.0,-0.001953125,0.001953125,749.0,0.0,190.4,40.0,17.6,,,,,,,,
2026-09-03 17:15:40.407637,0.4761962890625,0.51861572265625,0.5465087890625,0.4534912109375,0.01953125,0.0,-0.0078125,0.0,0.0,0.0,749.0,0.0,190.4,40.0,17.6,,,,,,,,
2026-09-03 17:15:40.507818,0.4761962890625,0.5185546875,0.5465087890625,0.4534912109375,0.01953125,-0.03125,-0.0078125,0.0,0.0,0.0,750.75,0.0,190.4,40.0,17.6,,,,,,,,
2026-09-03 17:15:40.607816,0.4761962890625,0.5185546875,0.54656982421875,0.4534912109375,0.01171875,0.0,-0.046875,0.0,0.0,0.0,750.75,0.0,190.4,40.0,17.6,,,,,,,,
2026-09-03 17:15:40.707635,0.4761962890625,0.5185546875,0.54656982421875,0.45343017578125,0.00390625,0.0,0.0,0.0,0.0,0.0,750.75,0.0,190.4,40.0,17.6,,,,,,,,
2026-09-03 17:15:40.807011,0.47625732421875,0.51849365234375,0.54656982421875,0.453369140625,0.00390625,-0.0390625,0.03515625,0.0,0.0,0.0,750.75,0.0,190.4,40.0,17.6,,,,,,,,
2026-09-03 17:15:40.906407,0.476318359375,0.51849365234375,0.546630859375,0.453369140625,0.00390625,-0.0390625,0.02734375,0.0,0.0,0.0,746.75,0.0,190.4,40.0,17.6,,,,,,,,
2026-09-03 17:15:41.006066,0.476318359375,0.5184326171875,0.546630859375,0.45330810546875,0.00390625,0.0078125,-0.0078125,0.0,0.0,0.0,746.75,0.0,190.4,40.0,17.6,,,,,,,,
2026-09-03 17:15:41.107253,0.476318359375,0.5184326171875,0.54669189453125,0.45330810546875,0.00390625,0.0,-0.0078125,0.0,0.0,0.0,750.0,0.0,190.4,40.0,17.6,,,,,,,,
2026-09-03 17:15:41.208361,0.47637939453125,0.51837158203125,0.54669189453125,0.45330810546875,-0.03125,0.0,-0.0078125,0.0,0.0,0.0,750.0,0.0,190.4,40.0,17.6,,,,,,,,
2026-09-03 17:15:41.307588,0.47637939453125,0.51837158203125,0.5467529296875,0.45330810546875,-0.03125,0.0,-0.0078125,0.0,0.0,0.0,749.0,0.0,190.4,40.0,17.6,,,,,,,,
2026-09-03 17:15:41.407121,0.47637939453125,0.518310546875,0.5467529296875,0.4532470703125,0.00390625,0.0,-0.0078125,0.0,0.0,0.0,749.0,0.0,190.4,40.0,17.6,,,,,,,,
2026-09-03 17:15:41.506312,0.47637939453125,0.518310546875,0.5467529296875,0.4532470703125,0.00390625,0.0,-0.0078125,0.0,0.0,0.0,752.25,0.0,190.4,40.0,17.6,,,,,,,,
2026-09-03 17:15:41.607773,0.47637939453125,0.518310546875,0.54681396484375,0.4532470703125,0.00390625,0.0390625,-0.0078125,0.0,0.0,0.0,752.25,0.0,190.4,40.0,17.6,,,,,,,,
2026-09-03 17:15:41.708448,0.4764404296875,0.518310546875,0.5467529296875,0.4532470703125,0.00390625,0.0,0.0,0.0,0.0,0.0,757.75,0.0,190.4,39.2,17.6,,,,,,,,
2026-09-03 17:15:41.808155,0.4764404296875,0.518310546875,0.54681396484375,0.45318603515625,-0.00390625,0.0,-0.0078125,0.0,0.0,0.0,757.75,0.0,190.4,39.2,17.6,,,,,,,,
2026-09-03 17:15:41.907175,0.47650146484375,0.51824951171875,0.54681396484375,0.45318603515625,-0.00390625,0.0,0.02734375,0.0,0.0,0.0,755.25,0.0,190.4,38.8,17.6,,,,,,,,
2026-09-03 17:15:42.008204,0.47650146484375,0.51824951171875,0.54681396484375,0.45318603515625,0.00390625,0.0390625,-0.0078125,0.0,0.0,0.0,755.25,0.0,190.4,38.8,17.6,,,,,,,,
2026-09-03 17:15:42.106026,0.48431396484375,0.51824951171875,0.54681396484375,0.45318603515625,0.00390625,-0.0390625,-0.0078125,0.0,0.0,0.0,764.0,0.0,190.4,38.8,17.6,,,,,,,,
2026-09-03 17:15:42.217689,0.47650146484375,0.5181884765625,0.54681396484375,0.45318603515625,-0.03125,-0.03125,0.0,0.0,0.0,0.001953125,764.0,0.0,190.4,38.8,17.6,,,,,,,,
2026-09-03 17:15:42.303691,0.47650146484375,0.5181884765625,0.54681396484375,0.45318603515625,0.00390625,0.046875,0.0,0.001953125,0.0,0.001953125,762.5,0.0,190.4,38.0,17.6,,,,,,,,
2026-09-03 17:15:42.401024,0.4765625,0.51824951171875,0.54681396484375,0.453125,0.00390625,-0.03125,0.03515625,0.0,-0.001953125,0.001953125,762.5,0.0,190.4,38.0,17.6,,,,,,,,
2026-09-03 17:15:42.506079,0.4765625,0.51824951171875,0.54681396484375,0.45306396484375,0.00390625,0.0078125,0.0,0.00390625,0.0,0.0,757.0,0.0,190.4,38.0,17.6,,,,,,,,
2026-09-03 17:15:42.606027,0.4765625,0.51824951171875,0.54681396484375,0.45306396484375,0.00390625,0.0078125,0.03515625,0.0,0.001953125,0.0,757.0,0.0,190.4,38.0,17.6,,,,,,,,
2026-09-03 17:15:42.705201,0.47650146484375,0.51824951171875,0.54681396484375,0.45306396484375,0.00390625,0.0,0.02734375,0.001953125,0.0,-0.001953125,755.25,0.0,190.4,38.0,17.6,,,,,,,,
2026-09-03 17:15:42.805364,0.4765625,0.518310546875,0.54681396484375,0.45306396484375,0.00390625,0.0,-0.0078125,0.00390625,0.0,0.001953125,755.25,0.0,190.4,38.0,17.6,,,,,,,,
2026-09-03 17:15:42.904837,0.47650146484375,0.51824951171875,0.546875,0.45306396484375,-0.03125,0.0,-0.0078125,0.0,-0.001953125,-0.001953125,756.25,0.0,190.4,37.6,17.6,,,,,,,,
2026-09-03 17:15:43.005010,0.47650146484375,0.51824951171875,0.546875,0.45306396484375,0.00390625,0.0,-0.0078125,-0.001953125,0.0,0.001953125,756.25,0.0,190.4,37.6,17.6,,,,,,,,
2026-09-03 17:15:43.105776,0.47650146484375,0.51824951171875,0.54693603515625,0.45306396484375,0.00390625,0.0,-0.0078125,-0.001953125,0.0,0.001953125,762.5,0.0,190.4,37.6,17.6,,,,,,,,
2026-09-03 17:15:43.207714,0.4764404296875,0.51824951171875,0.54693603515625,0.45306396484375,0.00390625,0.0,-0.0078125,0.001953125,0.001953125,-0.001953125,762.5,0.0,190.4,37.6,17.6,,,,,,,,
2026-09-03 17:15:43.305048,0.4764404296875,0.51824951171875,0.54693603515625,0.45306396484375,0.00390625,0.0,-0.0078125,0.0,0.0,0.0,756.25,0.0,190.4,37.6,17.6,,,,,,,,
2026-09-03 17:15:43.398926,0.4764404296875,0.51824951171875,0.54693603515625,0.45306396484375,-0.03125,0.0,-0.0078125,0.0,0.0,0.0,756.25,0.0,190.4,37.6,17.6,,,,,,,,
2026-09-03 17:15:43.499251,0.4764404296875,0.51824951171875,0.54693603515625,0.45306396484375,0.00390625,0.0,-0.0078125,0.0,0.0,0.0,753.75,0.0,190.4,37.6,17.3,,,,,,,,
2026-09-03 17:15:43.599082,0.4764404296875,0.51824951171875,0.54693603515625,-1.54693603515625,0.00390625,0.0390625,0.02734375,0.0,0.0,0.0,753.75,0.0,190.4,37.6,17.3,,,,,,,,
2026-09-03 17:15:43.699412,0.4764404296875,0.51824951171875,0.54693603515625,0.45306396484375,0.00390625,0.0,0.02734375,0.0,0.0,0.0,715.5,0.0,190.4,34.9,17.3,,,,,,,,
2026-09-03 17:15:43.799787,0.4764404296875,0.51824951171875,0.54693603515625,0.453125,0.00390625,0.0,-0.0546875,0.0,0.0,0.0,715.5,0.0,190.4,34.9,17.3,,,,,,,,
2026-09-03 17:15:43.899568,0.47637939453125,0.5181884765625,0.5469970703125,0.453125,-0.03125,0.0,0.02734375,0.0,0.0,0.0,686.5,0.0,190.4,35.3,16.5,,,,,,,,
2026-09-03 17:15:43.999690,0.47637939453125,0.5181884765625,0.5469970703125,0.453125,0.00390625,0.0,-0.0390625,0.0,0.0,0.0,686.5,0.0,190.4,35.3,16.5,,,,,,,,
2026-09-03 17:15:44.100810,0.4764404296875,0.51824951171875,0.54693603515625,0.453125,-0.03125,-0.0390625,-0.0390625,0.0,0.0,0.0,717.75,0.0,190.4,32.5,16.9,,,,,,,,
2026-09-03 17:15:44.200002,0.4764404296875,0.51824951171875,0.54693603515625,0.45306396484375,-0.03125,0.0,0.0,0.0,0.0,0.0,717.75,0.0,190.4,32.5,16.9,2.0,12.0,36.97246283333333,-122.035252,15.1,0.71,0.143,
2026-09-03 17:15:44.300747,0.4764404296875,0.518310546875,0.54693603515625,0.45306396484375,0.01171875,0.0,0.0,0.0,0.0,0.0,717.0,0.0,190.4,31.4,16.9,2.0,12.0,36.97246283333333,-122.035252,15.1,0.71,0.143,
2026-09-03 17:15:44.400958,0.4764404296875,0.518310546875,0.546875,0.45306396484375,0.01171875,0.0,0.0,0.0,0.0,0.0,717.0,0.0,190.4,31.4,16.9,2.0,12.0,36.97246283333333,-122.035252,15.1,0.71,0.143,
2026-09-03 17:15:44.500526,0.4764404296875,0.51837158203125,0.54681396484375,0.45306396484375,0.01171875,0.0,0.0,0.0,0.0,0.0,722.5,0.0,190.4,31.0,16.9,2.0,12.0,36.97246283333333,-122.035252,15.1,0.71,0.143,
2026-09-03 17:15:44.600789,0.4764404296875,0.51837158203125,0.54681396484375,0.45306396484375,0.00390625,0.0,0.0,0.0,0.0,0.0,722.5,0.0,190.4,31.0,16.9,2.0,12.0,36.97246283333333,-122.035252,15.1,0.71,0.143,
2026-09-03 17:15:44.700502,0.4764404296875,0.51837158203125,0.54681396484375,0.45306396484375,0.00390625,-0.0390625,0.02734375,0.0,0.0,0.0,718.75,0.0,190.4,31.0,16.9,2.0,12.0,36.97246283333333,-122.035252,15.1,0.71,0.143,
2026-09-03 17:15:44.799930,0.4764404296875,0.51837158203125,0.54681396484375,0.45306396484375,0.00390625,0.0,-0.0078125,0.0,0.0,0.0,718.75,0.0,190.4,31.0,16.9,2.0,12.0,36.97246283333333,-122.035252,15.1,0.71,0.143,
2026-09-03 17:15:44.900013,0.4764404296875,0.51837158203125,0.54681396484375,0.45306396484375,0.00390625,0.0,-0.015625,0.0,0.0,0.0,714.75,0.0,190.4,30.6,16.5,2.0,12.0,36.97246283333333,-122.035252,15.1,0.71,0.143,
2026-09-03 17:15:45.000231,0.4764404296875,0.518310546875,0.546875,0.45306396484375,0.00390625,0.0078125,-0.0078125,0.0,0.0,0.0,714.75,0.0,190.4,30.6,16.5,2.0,12.0,36.97246283333333,-122.035252,15.1,0.71,0.143,
2026-09-03 17:15:45.100593,0.4764404296875,0.518310546875,0.546875,0.453125,0.3359375,-0.03125,0.0,0.0,0.0,0.0,707.75,0.0,190.4,29.8,16.5,2.0,12.0,36.97246283333333,-122.035252,15.1,0.71,0.044,
2026-09-03 17:15:45.199662,0.4765625,0.5181884765625,0.54705810546875,0.452880859375,0.140625,-0.18359375,0.04296875,-0.001953125,0.001953125,0.00390625,707.75,0.0,190.4,29.8,16.5,2.0,12.0,36.97246333333333,-122.03525183333332,15.0,0.72,0.044,
2026-09-03 17:15:45.299981,0.47698974609375,0.517822265625,0.54736328125,0.45245361328125,0.05078125,-0.0078125,0.0,-0.001953125,-0.001953125,0.001953125,708.5,0.0,190.4,29.4,16.5,2.0,12.0,36.97246333333333,-122.03525183333332,15.0,0.72,0.044,
2026-09-03 17:15:45.400013,0.4775390625,0.5174560546875,0.5477294921875,0.451904296875,0.09375,0.12890625,0.02734375,0.0,-0.001953125,0.00390625,708.5,0.0,190.4,29.4,16.5,2.0,12.0,36.97246333333333,-122.03525183333332,15.0,0.72,0.044,
2026-09-03 17:15:45.507021,0.47802734375,0.5169677734375,0.54815673828125,0.451416015625,0.1015625,-0.1171875,-0.015625,-0.001953125,0.001953125,-0.001953125,757.75,0.0,190.4,40.0,20.4,2.0,12.0,36.97246333333333,-122.03525183333332,15.0,0.72,0.044,
2026-09-03 17:15:45.599526,0.4783935546875,0.51654052734375,0.548583984375,0.450927734375,0.0859375,0.015625,0.01953125,0.0,0.0,0.0,757.75,0.0,190.4,40.0,20.4,2.0,12.0,36.97246333333333,-122.03525183333332,15.0,0.72,0.044,
2026-09-03 17:15:45.700309,0.4788818359375,0.51605224609375,0.54901123046875,0.45050048828125,0.30859375,0.0546875,0.05078125,0.0,0.0,0.00390625,1013.25,0.0,190.4,35.3,18.4,2.0,12.0,36.97246333333333,-122.03525183333332,15.0,0.72,0.044,
2026-09-03 17:15:45.806437,0.47943115234375,0.515625,0.54937744140625,0.45001220703125,0.41015625,-0.0390625,0.02734375,0.00390625,0.0,0.00390625,1013.25,0.0,190.4,35.3,18.4,2.0,12.0,36.97246333333333,-122.03525183333332,15.0,0.72,0.044,
2026-09-03 17:15:45.906977,0.47991943359375,0.5152587890625,0.54962158203125,0.44952392578125,0.22265625,-0.0625,0.01953125,0.00390625,-0.001953125,0.00390625,1132.0,0.0,190.4,25.9,20.0,2.0,12.0,36.97246333333333,-122.03525183333332,15.0,0.72,0.044,
2026-09-03 17:15:46.015001,0.4803466796875,0.51495361328125,0.5499267578125,0.4490966796875,0.18359375,0.0,0.01953125,0.001953125,-0.001953125,0.00390625,1132.0,0.0,190.4,25.9,20.0,2.0,12.0,36.97246333333333,-122.03525183333332,15.0,0.72,0.044,
2026-09-03 17:15:46.113966,0.48077392578125,0.51458740234375,0.5501708984375,0.44873046875,0.171875,0.0,0.01171875,0.001953125,0.0,0.005859375,1189.75,0.6,190.4,28.6,23.5,2.0,12.0,36.97246333333333,-122.03525183333332,15.0,0.72,0.044,
2026-09-03 17:15:46.215019,0.48126220703125,0.5142822265625,0.55047607421875,0.4482421875,0.2109375,0.078125,0.04296875,0.00390625,-0.001953125,0.001953125,1189.75,0.6,190.4,28.6,23.5,,,,,,,,
2026-09-03 17:15:46.314390,0.48187255859375,0.513916015625,0.55078125,0.4476318359375,0.4140625,0.078125,0.10546875,0.0078125,-0.001953125,0.005859375,1429.5,1.2,190.4,31.4,23.5,,,,,,,,
2026-09-03 17:15:46.413791,0.48260498046875,0.51361083984375,0.55096435546875,0.4468994140625,0.44921875,-0.0390625,0.01171875,0.01171875,-0.001953125,-0.001953125,1429.5,1.2,190.4,31.4,23.5,,,,,,,,
2026-09-03 17:15:46.505722,0.4833984375,0.5133056640625,0.55108642578125,0.44622802734375,0.31640625,-0.12109375,-0.05859375,0.0078125,-0.001953125,0.001953125,1542.0,1.9,190.4,23.9,22.0,,,,,,,,
2026-09-03 17:15:46.605892,0.4840087890625,0.512939453125,0.55133056640625,0.4456787109375,0.17578125,-0.08203125,-0.0703125,0.001953125,0.001953125,-0.001953125,1542.0,1.9,190.4,23.9,22.0,,,,,,,,
2026-09-03 17:15:46.706494,0.48431396484375,0.5048828125,0.5516357421875,0.4453125,-0.25390625,0.0625,-0.02734375,-0.009765625,0.005859375,-0.00390625,1461.5,2.5,190.4,23.9,22.7,,,,,,,,
2026-09-03 17:15:46.806718,0.4842529296875,0.51239013671875,0.55206298828125,0.4451904296875,-0.08984375,-0.01953125,0.04296875,-0.005859375,0.001953125,-0.005859375,1461.5,2.5,190.4,23.9,22.7,,,,,,,,
2026-09-03 17:15:46.906418,0.48504638671875,0.51123046875,0.55316162109375,0.44427490234375,-0.12109375,0.0078125,0.05859375,0.001953125,-0.001953125,0.001953125,1452.25,3.1,190.4,25.5,23.1,,,,,,,,
2026-09-03 17:15:47.007138,0.4862060546875,0.510009765625,0.55413818359375,0.44317626953125,-0.11328125,0.25390625,-0.140625,-0.009765625,-0.005859375,0.005859375,1452.25,3.1,190.4,25.5,23.1,,,,,,,,
2026-09-03 17:15:47.107075,0.487060546875,0.5084228515625,0.55548095703125,-1.55755615234375,0.04296875,0.3125,-0.1796875,-0.0234375,0.005859375,0.0078125,1505.25,3.7,190.4,25.1,23.5,,,,,,,,
2026-09-03 17:15:47.214984,0.4874267578125,0.5067138671875,0.55718994140625,0.44183349609375,0.03515625,-0.31640625,0.05859375,-0.025390625,0.005859375,0.009765625,1505.25,3.7,190.4,25.1,23.5,2.0,12.0,36.972467,-122.0352665,15.1,0.71,0.044,
2026-09-03 17:15:47.315180,0.48760986328125,0.50518798828125,0.55889892578125,0.441162109375,-0.10546875,-0.078125,0.06640625,-0.029296875,0.005859375,0.0078125,1535.0,4.3,190.4,24.7,23.5,2.0,12.0,36.972467,-122.0352665,15.1,0.71,0.044,
2026-09-03 17:15:47.415910,0.48773193359375,0.50347900390625,0.560546875,0.44085693359375,0.140625,-0.27734375,0.01953125,-0.033203125,-0.001953125,-0.005859375,1535.0,4.3,190.4,24.7,23.5,2.0,12.0,36.972467,-122.0352665,15.1,0.71,0.044,
2026-09-03 17:15:47.523146,0.4908447265625,0.49884033203125,0.56463623046875,0.4375,-0.08984375,-0.3125,0.6171875,0.009765625,0.001953125,0.0,1554.5,5.0,190.4,24.7,23.9,2.0,12.0,36.972467,-122.0352665,15.1,0.71,0.044,
2026-09-03 17:15:47.613689,0.4954833984375,0.4935302734375,0.56939697265625,0.43212890625,-0.02734375,-0.2421875,-0.04296875,-0.00390625,0.005859375,-0.021484375,1554.5,5.0,190.4,24.7,23.9,2.0,12.0,36.972467,-122.0352665,15.1,0.71,0.044,
2026-09-03 17:15:47.706661,0.49603271484375,0.49237060546875,0.5704345703125,0.43145751953125,0.078125,0.04296875,0.20703125,0.017578125,0.0,-0.0078125,1598.25,5.6,190.4,24.3,24.3,2.0,12.0,36.972467,-122.0352665,15.1,0.71,0.044,
2026-09-03 17:15:47.807703,0.49725341796875,0.49163818359375,0.571044921875,0.42999267578125,-0.15234375,0.265625,-0.2421875,0.025390625,-0.00390625,-0.0078125,1598.25,5.6,190.4,24.3,24.3,2.0,12.0,36.972467,-122.0352665,15.1,0.71,0.044,
2026-09-03 17:15:47.907116,0.49859619140625,0.4910888671875,0.57135009765625,0.4287109375,-0.01953125,0.26953125,-0.04296875,0.025390625,-0.001953125,-0.01953125,1625.75,6.2,190.4,24.3,24.7,2.0,12.0,36.972467,-122.0352665,15.1,0.71,0.044,
2026-09-03 17:15:48.006542,0.49957275390625,0.49072265625,0.5716552734375,0.4276123046875,-0.125,0.30859375,0.0859375,0.0234375,0.0,0.0,1625.75,6.2,190.4,24.3,24.7,2.0,12.0,36.972467,-122.0352665,15.1,0.71,0.044,
2026-09-03 17:15:48.107445,0.5006103515625,0.49066162109375,0.57177734375,0.42626953125,-0.0859375,0.01953125,-0.30078125,0.017578125,0.001953125,0.001953125,1690.5,6.8,190.4,23.9,25.9,2.0,12.0,36.972467,-122.0352665,15.1,0.71,5.483,287.2
2026-09-03 17:15:48.209033,0.5013427734375,0.490234375,0.57220458984375,0.42535400390625,0.00390625,-0.578125,-0.1328125,-0.0078125,-0.00390625,0.01171875,1690.5,6.8,190.4,23.9,25.9,2.0,12.0,36.972473,-122.035293,15.1,0.71,5.483,287.2
2026-09-03 17:15:48.307016,0.50189208984375,0.489501953125,0.57269287109375,0.42486572265625,0.234375,-0.53515625,-0.23828125,-0.01953125,-0.001953125,0.01171875,1764.75,7.5,190.4,25.1,26.3,2.0,12.0,36.972473,-122.035293,15.1,0.71,5.483,287.2
2026-09-03 17:15:48.407949,0.501953125,0.488525390625,0.573486328125,0.4248046875,0.37890625,0.00390625,-0.0546875,-0.04296875,0.005859375,-0.009765625,1764.75,7.5,190.4,25.1,26.3,2.0,12.0,36.972473,-122.035293,15.1,0.71,5.483,287.2
2026-09-03 17:15:48.508009,0.50115966796875,0.48760986328125,0.5743408203125,0.4256591796875,-0.03515625,0.6015625,-0.015625,-0.05078125,0.0,-0.029296875,1814.0,8.1,190.4,25.1,26.7,2.0,12.0,36.972473,-122.035293,15.1,0.71,5.483,287.2
2026-09-03 17:15:48.607915,0.5,0.48687744140625,0.574951171875,0.42706298828125,-0.1328125,0.30859375,-0.05078125,-0.056640625,0.001953125,-0.01953125,1814.0,8.1,190.4,25.1,26.7,2.0,12.0,36.972473,-122.035293,15.1,0.71,5.483,287.2
2026-09-03 17:15:48.709753,0.49896240234375,0.48565673828125,0.576171875,0.42803955078125,-0.078125,-0.9609375,0.69921875,-0.01953125,0.013671875,0.025390625,1864.0,8.7,190.4,27.5,27.8,2.0,12.0,36.972473,-122.035293,15.1,0.71,5.483,287.2
2026-09-03 17:15:48.808092,0.49908447265625,0.484375,0.5777587890625,0.42718505859375,0.328125,-1.1015625,0.63671875,-0.00390625,0.0078125,0.044921875,1864.0,8.7,190.4,27.5,27.8,2.0,12.0,36.972473,-122.035293,15.1,0.71,5.483,287.2
2026-09-03 17:15:48.908007,0.50030517578125,0.483154296875,0.5789794921875,0.42547607421875,0.6953125,-0.7734375,-0.1484375,0.048828125,-0.01171875,0.04296875,1964.0,9.3,190.4,27.5,27.5,2.0,12.0,36.972473,-122.035293,15.1,0.71,5.483,287.2
2026-09-03 17:15:49.127802,0.5107421875,0.48291015625,0.5789794921875,0.42266845703125,0.24609375,0.45703125,-0.69921875,0.00390625,-0.005859375,-0.009765625,2004.5,9.9,190.4,26.7,27.1,2.0,12.0,36.972473,-122.035293,15.1,0.71,7.933,286.5
2026-09-03 17:15:49.220701,0.5030517578125,0.48272705078125,0.5789794921875,0.42266845703125,-0.25,0.22265625,-0.9609375,-0.037109375,-0.001953125,0.0078125,2004.5,9.9,190.4,26.7,27.1,2.0,12.0,36.97248183333333,-122.03533383333334,15.1,0.71,7.933,286.5
2026-09-03 17:15:49.333728,0.50238037109375,0.47991943359375,0.58135986328125,0.42352294921875,-0.41796875,0.24609375,0.01171875,-0.08984375,0.005859375,-0.001953125,2041.25,10.6,190.4,26.3,27.1,2.0,12.0,36.97248183333333,-122.03533383333334,15.1,0.71,7.933,286.5
2026-09-03 17:15:49.436407,0.500732421875,0.47772216796875,0.58343505859375,0.425048828125,-1.11328125,0.27734375,0.46484375,-0.05859375,0.0078125,-0.005859375,2041.25,10.6,190.4,26.3,27.1,2.0,12.0,36.97248183333333,-122.03533383333334,15.1,0.71,7.933,286.5
2026-09-03 17:15:49.534789,0.49993896484375,0.47857666015625,0.5828857421875,0.42578125,-0.13671875,-0.16796875,-0.49609375,-0.01953125,0.009765625,-0.048828125,2073.25,10.6,188.6,26.7,27.1,2.0,12.0,36.97248183333333,-122.03533383333334,15.1,0.71,7.933,286.5
2026-09-03 17:15:49.635357,0.49932861328125,0.47998046875,0.58197021484375,0.4261474609375,-0.2265625,0.7265625,1.15625,0.033203125,0.001953125,-0.009765625,2073.25,10.6,188.6,26.7,27.1,2.0,12.0,36.97248183333333,-122.03533383333334,15.1,0.71,7.933,286.5
2026-09-03 17:15:49.736797,0.49932861328125,0.48040771484375,0.5819091796875,0.42578125,-0.68359375,0.65625,0.12890625,0.0078125,0.005859375,0.0078125,1824.0,11.2,188.6,27.1,25.1,2.0,12.0,36.97248183333333,-122.03533383333334,15.1,0.71,7.933,286.5
2026-09-03 17:15:49.820709,0.49981689453125,0.48040771484375,0.5819091796875,0.42523193359375,-0.0703125,-0.296875,-0.5703125,0.02734375,-0.25390625,0.017578125,1824.0,11.2,188.6,27.1,25.1,2.0,12.0,36.97248183333333,-122.03533383333334,15.1,0.71,7.933,286.5
2026-09-03 17:15:49.926913,0.5006103515625,0.48052978515625,0.5816650390625,0.4244384765625,-0.1953125,-0.88671875,0.11328125,-0.01953125,-0.00390625,0.01171875,1550.75,11.2,188.6,29.4,23.1,2.0,12.0,36.97248183333333,-122.03533383333334,15.1,0.71,7.933,286.5
2026-09-03 17:15:50.020153,0.500244140625,0.4801025390625,0.58197021484375,0.4249267578125,0.203125,-0.50390625,0.33203125,-0.017578125,0.0,-0.0078125,1550.75,11.2,188.6,29.4,23.1,2.0,12.0,36.97248183333333,-122.03533383333334,15.1,0.71,7.933,286.5
2026-09-03 17:15:50.126868,0.4996337890625,0.47979736328125,0.58209228515625,0.42578125,0.109375,0.25,-0.265625,0.0,0.001953125,0.01171875,1459.25,11.8,188.6,32.2,22.7,2.0,12.0,36.97248183333333,-122.03533383333334,15.1,0.71,10.086,286.82
2026-09-03 17:15:50.226171,0.499267578125,0.48040771484375,0.5819091796875,0.42584228515625,-0.28125,-0.1328125,0.35546875,-0.03125,0.015625,0.005859375,1459.25,11.8,188.6,32.2,22.7,2.0,12.0,36.9724935,-122.03538716666668,15.3,0.71,10.086,286.82
2026-09-03 17:15:50.325980,0.49884033203125,0.4813232421875,0.5814208984375,0.42596435546875,0.01171875,-0.12890625,0.96484375,-0.005859375,0.001953125,-0.013671875,1448.25,12.4,188.6,32.5,23.1,2.0,12.0,36.9724935,-122.03538716666668,15.3,0.71,10.086,286.82
2026-09-03 17:15:50.425629,0.4979248046875,0.48284912109375,0.580078125,0.42718505859375,0.53125,-0.1796875,0.27734375,0.001953125,0.001953125,-0.0625,1448.25,12.4,188.6,32.5,23.1,2.0,12.0,36.9724935,-122.03538716666668,15.3,0.71,10.086,286.82
2026-09-03 17:15:50.525772,0.497314453125,0.4835205078125,0.5794677734375,0.42791748046875,-0.2734375,0.25390625,-0.3359375,0.0078125,0.009765625,-0.041015625,1439.0,12.4,188.6,32.5,23.1,2.0,12.0,36.9724935,-122.03538716666668,15.3,0.71,10.086,286.82
2026-09-03 17:15:50.626075,0.49639892578125,0.484619140625,0.578857421875,0.42852783203125,-0.484375,-0.2265625,0.20703125,0.033203125,0.00390625,-0.029296875,1439.0,12.4,188.6,32.5,23.1,2.0,12.0,36.9724935,-122.03538716666668,15.3,0.71,10.086,286.82
2026-09-03 17:15:50.717916,0.49560546875,0.4873046875,0.57672119140625,0.4293212890625,-0.58203125,0.0859375,-0.19921875,0.029296875,0.001953125,-0.013671875,1475.75,13.0,188.6,30.6,23.1,2.0,12.0,36.9724935,-122.03538716666668,15.3,0.71,10.086,286.82
2026-09-03 17:15:50.825259,0.49468994140625,0.4903564453125,0.573974609375,0.43048095703125,0.10546875,0.31640625,0.0234375,0.041015625,0.0,-0.056640625,1475.75,13.0,188.6,30.6,23.1,2.0,12.0,36.9724935,-122.03538716666668,15.3,0.71,10.086,286.82
2026-09-03 17:15:50.918003,0.49395751953125,0.4908447265625,0.57366943359375,0.4312744140625,-0.078125,-0.02734375,-0.3359375,-0.009765625,0.001953125,-0.03515625,1521.75,13.0,188.6,29.0,23.5,2.0,12.0,36.9724935,-122.03538716666668,15.3,0.71,10.086,286.82
2026-09-03 17:15:51.026151,0.49310302734375,0.49334716796875,0.571533203125,0.4322509765625,0.046875,-0.31640625,0.37890625,0.046875,0.0,-0.037109375,1521.75,13.0,188.6,29.0,23.5,2.0,12.0,36.9724935,-122.03538716666668,15.3,0.71,11.52,286.83
2026-09-03 17:15:51.122954,0.492431640625,0.49371337890625,0.57135009765625,0.43292236328125,-0.30859375,0.7421875,0.11328125,-0.033203125,0.0078125,-0.025390625,1562.5,13.7,188.6,27.1,23.5,2.0,12.0,36.9724935,-122.03538716666668,15.3,0.71,11.52,286.83
2026-09-03 17:15:51.225063,0.49176025390625,0.49481201171875,0.5706787109375,0.4332275390625,-0.23828125,0.19140625,0.08984375,-0.01171875,0.009765625,-0.01953125,1562.5,13.7,188.6,27.1,23.5,2.0,12.0,36.9725075,-122.03544916666668,15.2,0.71,11.52,286.83
2026-09-03 17:15:51.323980,0.49237060546875,0.49700927734375,0.56878662109375,0.43243408203125,0.21484375,-0.671875,0.6171875,0.068359375,0.001953125,-0.01171875,1603.0,13.7,188.6,25.9,23.9,2.0,12.0,36.9725075,-122.03544916666668,15.2,0.71,11.52,286.83
2026-09-03 17:15:51.424950,0.492431640625,0.4991455078125,0.5670166015625,0.4322509765625,0.23046875,-0.34765625,0.18359375,0.046875,0.005859375,-0.0234375,1603.0,13.7,188.6,25.9,23.9,2.0,12.0,36.9725075,-122.03544916666668,15.2,0.71,11.52,286.83
2026-09-03 17:15:51.524113,0.4915771484375,0.49951171875,0.56683349609375,0.43304443359375,-0.03125,0.96875,-0.46875,-0.0078125,-0.001953125,-0.0234375,1653.75,14.3,188.6,24.7,24.7,2.0,12.0,36.9725075,-122.03544916666668,15.2,0.71,11.52,286.83
2026-09-03 17:15:51.624907,0.4921875,0.49957275390625,0.56689453125,0.43218994140625,-0.296875,1.97265625,-0.75,0.015625,0.00390625,0.037109375,1653.75,14.3,188.6,24.7,24.7,2.0,12.0,36.9725075,-122.03544916666668,15.2,0.71,11.52,286.83
2026-09-03 17:15:51.725115,0.49200439453125,0.49920654296875,0.56732177734375,0.432373046875,0.13671875,-0.09375,-0.359375,-0.0234375,-0.001953125,0.03515625,1717.75,14.9,188.6,25.1,26.3,2.0,12.0,36.9725075,-122.03544916666668,15.2,0.71,11.52,286.83
2026-09-03 17:15:51.824841,0.49200439453125,0.50067138671875,0.56646728515625,0.43170166015625,0.12890625,-0.15625,1.2265625,0.01171875,0.01171875,0.00390625,1717.75,14.9,188.6,25.1,26.3,2.0,12.0,36.9725075,-122.03544916666668,15.2,0.71,11.52,286.83
2026-09-03 17:15:51.925246,0.4906005859375,0.49969482421875,0.56829833984375,0.4320068359375,-0.046875,0.52734375,0.98046875,-0.10546875,0.029296875,-0.01953125,1771.0,14.9,188.6,27.1,25.5,2.0,12.0,36.9725075,-122.03544916666668,15.2,0.71,11.52,286.83
2026-09-03 17:15:52.025679,0.4910888671875,0.49652099609375,0.57135009765625,0.43109130859375,-1.16796875,1.5546875,0.82421875,-0.0703125,0.009765625,0.04296875,1771.0,14.9,188.6,27.1,25.5,2.0,12.0,36.9725075,-122.03544916666668,15.2,0.71,13.209,285.5
2026-09-03 17:15:52.126633,0.49456787109375,0.4945068359375,0.5726318359375,0.42779541015625,-0.52734375,1.5078125,0.87890625,0.01171875,-0.021484375,0.134765625,1797.5,15.5,188.6,27.1,28.2,2.0,12.0,36.9725075,-122.03544916666668,15.2,0.71,13.209,285.5
2026-09-03 17:15:52.233039,0.49786376953125,0.49298095703125,0.573974609375,0.4239501953125,-0.390625,0.61328125,0.95703125,0.033203125,0.00390625,0.099609375,1797.5,15.5,188.6,27.1,28.2,2.0,12.0,36.9725225,-122.03552116666668,15.3,0.71,13.209,285.5
2026-09-03 17:15:52.333896,0.49285888671875,0.4940185546875,0.57415771484375,0.42828369140625,0.484375,-1.79296875,0.80859375,0.07421875,-0.009765625,0.083984375,1914.0,16.2,188.6,29.8,26.3,2.0,12.0,36.9725225,-122.03552116666668,15.3,0.71,13.209,285.5
2026-09-03 17:15:52.433800,0.49224853515625,0.49237060546875,0.5751953125,0.429443359375,0.203125,-1.0234375,-1.265625,0.072265625,-0.0234375,0.017578125,1914.0,16.2,188.6,29.8,26.3,2.0,12.0,36.9725225,-122.03552116666668,15.3,0.71,13.209,285.5
2026-09-03 17:15:52.533526,0.4935302734375,0.4918212890625,0.57501220703125,0.4288330078125,-1.1171875,0.37109375,-1.09375,0.01171875,-0.015625,-0.056640625,1857.0,16.2,188.6,25.1,25.5,2.0,12.0,36.9725225,-122.03552116666668,15.3,0.71,13.209,285.5
2026-09-03 17:15:52.634298,0.4932861328125,0.49462890625,0.57342529296875,0.42791748046875,-1.15234375,-0.36328125,0.484375,0.021484375,0.02734375,-0.091796875,1857.0,16.2,188.6,25.1,25.5,2.0,12.0,36.9725225,-122.03552116666668,15.3,0.71,13.209,285.5
2026-09-03 17:15:52.841089,0.4918212890625,0.50079345703125,0.5697021484375,0.427490234375,-0.84375,-0.45703125,0.39453125,0.07421875,0.01171875,-0.044921875,1911.5,16.8,188.6,27.1,27.1,2.0,12.0,36.9725225,-122.03552116666668,15.3,0.71,13.209,285.5
2026-09-03 17:15:52.932904,0.49334716796875,0.503173828125,0.56787109375,0.4254150390625,-0.22265625,0.125,-0.5546875,0.029296875,0.009765625,0.001953125,1946.0,16.8,188.6,27.5,27.1,2.0,12.0,36.9725225,-122.03552116666668,15.3,0.71,13.209,285.5
2026-09-03 17:15:53.040857,0.49359130859375,0.504638671875,0.56689453125,0.4246826171875,-0.17578125,0.03125,-0.00390625,0.046875,0.0078125,0.01171875,1946.0,16.8,188.6,27.5,27.1,2.0,12.0,36.9725225,-122.03552116666668,15.3,0.71,15.049,285.89
2026-09-03 17:15:53.133250,0.493896484375,0.50689697265625,0.5654296875,0.42352294921875,0.421875,0.61328125,-1.08203125,0.021484375,0.025390625,0.009765625,1913.25,17.4,188.6,27.1,27.1,2.0,12.0,36.9725225,-122.03552116666668,15.3,0.71,15.049,285.89
2026-09-03 17:15:53.350299,0.49652099609375,0.51275634765625,0.561767578125,0.41827392578125,-0.0234375,-0.1796875,0.23828125,0.001953125,0.029296875,0.025390625,1689.0,17.4,188.6,27.5,26.3,2.0,12.0,36.97254016666667,-122.03560183333332,15.2,0.66,15.049,285.89
2026-09-03 17:15:53.450061,0.497314453125,0.5147705078125,0.560791015625,0.4161376953125,0.0,-0.125,0.26171875,-0.005859375,0.02734375,-0.009765625,1546.0,18.0,188.6,32.9,26.7,2.0,12.0,36.97254016666667,-122.03560183333332,15.2,0.66,15.049,285.89
2026-09-03 17:15:53.549759,0.49725341796875,0.516357421875,0.56036376953125,0.41485595703125,-0.015625,-0.21484375,-0.16015625,0.0078125,0.03125,-0.0078125,1546.0,18.0,188.6,32.9,26.7,2.0,12.0,36.97254016666667,-122.03560183333332,15.2,0.66,15.049,285.89
2026-09-03 17:15:53.769673,0.49639892578125,0.5198974609375,0.5601806640625,0.41168212890625,0.03125,0.046875,0.3984375,0.044921875,0.021484375,-0.025390625,1515.5,18.0,188.6,37.6,28.2,2.0,12.0,36.97254016666667,-122.03560183333332,15.2,0.66,15.049,285.89
2026-09-03 17:15:53.859437,0.49658203125,0.520263671875,0.56036376953125,0.4107666015625,0.15234375,0.2578125,0.16796875,0.03125,0.021484375,0.025390625,,19.3,188.6,40.4,27.1,2.0,12.0,36.97254016666667,-122.03560183333332,15.2,0.66,15.049,285.89
2026-09-03 17:15:54.218413,0.49749755859375,0.52001953125,0.56268310546875,0.4068603515625,0.05078125,0.171875,0.390625,-0.03125,0.03515625,0.0390625,1534.25,19.3,188.6,40.4,26.7,2.0,12.0,36.9725575,-122.035691,15.2,0.66,16.252,283.59
2026-09-03 17:15:54.278552,0.49664306640625,0.5185546875,0.56634521484375,0.40460205078125,0.15625,-0.6015625,0.32421875,-0.041015625,0.037109375,0.0,1534.25,19.3,188.6,40.4,26.7,2.0,12.0,36.9725575,-122.035691,15.2,0.66,16.252,283.59
2026-09-03 17:15:54.389151,0.49664306640625,0.51837158203125,0.5670166015625,0.40386962890625,0.32421875,-0.80859375,0.40625,-0.015625,0.029296875,0.021484375,1553.0,19.3,188.6,38.4,26.3,2.0,12.0,36.9725575,-122.035691,15.2,0.66,16.252,283.59
2026-09-03 17:15:54.489388,0.49609375,0.51849365234375,0.568115234375,0.40283203125,0.015625,-0.23046875,-0.046875,-0.02734375,0.03125,-0.0234375,1553.0,19.3,188.6,38.4,26.3,2.0,12.0,36.9725575,-122.035691,15.2,0.66,16.252,283.59
2026-09-03 17:15:54.589461,0.49493408203125,0.518798828125,0.56903076171875,0.402587890625,-0.44921875,0.5234375,0.03515625,-0.01171875,0.013671875,-0.029296875,1572.5,19.9,188.6,36.5,26.3,2.0,12.0,36.9725575,-122.035691,15.2,0.66,16.252,283.59
2026-09-03 17:15:54.677208,0.49383544921875,0.51934814453125,0.56939697265625,0.40277099609375,0.1953125,-0.3671875,-0.01171875,-0.033203125,0.015625,-0.0546875,1572.5,19.9,188.6,36.5,26.3,2.0,12.0,36.9725575,-122.035691,15.2,0.66,16.252,283.59
2026-09-03 17:15:54.777585,0.49151611328125,0.51959228515625,0.57000732421875,0.4044189453125,-0.265625,0.08984375,0.0625,-0.041015625,0.01171875,-0.0546875,1572.5,19.9,188.6,36.5,26.3,2.0,12.0,36.9725575,-122.035691,15.2,0.66,16.252,283.59
2026-09-03 17:15:54.877250,0.48974609375,0.51959228515625,0.57049560546875,0.4058837890625,-0.33203125,-0.23828125,0.51171875,-0.001953125,0.00390625,-0.017578125,1597.5,19.9,188.6,35.7,25.9,2.0,12.0,36.9725575,-122.035691,15.2,0.66,16.252,283.59
2026-09-03 17:15:54.977319,0.4874267578125,0.51861572265625,0.57183837890625,0.407958984375,-0.1015625,1.0703125,-0.171875,0.009765625,0.0,-0.0390625,1597.5,19.9,188.6,35.7,25.9,2.0,12.0,36.9725575,-122.035691,15.2,0.66,16.252,283.59
2026-09-03 17:15:55.093150,0.4852294921875,0.5177001953125,0.5731201171875,0.409912109375,0.21484375,-0.4765625,-0.25390625,0.009765625,0.001953125,-0.005859375,1623.25,20.5,188.6,34.5,25.9,2.0,12.0,36.9725575,-122.035691,15.2,0.66,16.252,283.59
2026-09-03 17:15:55.191909,0.48382568359375,0.5164794921875,0.5743408203125,0.41143798828125,0.23046875,-0.68359375,-0.0546875,-0.01171875,-0.001953125,0.0,1650.0,20.5,188.6,33.3,25.5,,,,,,,,
2026-09-03 17:15:55.291171,0.4833984375,0.515869140625,0.57476806640625,0.412109375,0.2734375,0.7578125,-0.19140625,-0.04296875,-0.0078125,0.05078125,1650.0,20.5,188.6,33.3,25.5,,,,,,,,
2026-09-03 17:15:55.392670,0.4827880859375,0.5147705078125,0.575439453125,0.41326904296875,0.2109375,0.17578125,0.0078125,-0.041015625,-0.013671875,0.013671875,1675.0,21.1,188.6,32.5,25.5,,,,,,,,
2026-09-03 17:15:55.476629,0.482177734375,0.5142822265625,0.5755615234375,0.41448974609375,0.16015625,-0.24609375,0.00390625,-0.017578125,-0.01171875,-0.0078125,1675.0,21.1,188.6,32.5,25.5,,,,,,,,
2026-09-03 17:15:55.577252,0.4815673828125,0.51348876953125,0.5758056640625,0.415771484375,-0.0859375,0.21484375,0.2265625,-0.029296875,-0.015625,0.001953125,1675.0,21.1,188.6,32.5,25.5,,,,,,,,
2026-09-03 17:15:55.684115,0.48126220703125,0.5120849609375,0.57635498046875,0.4171142578125,-0.12890625,0.17578125,-0.03515625,-0.017578125,-0.0234375,-0.021484375,1692.0,21.1,188.6,30.6,25.1,,,,,,,,
2026-09-03 17:15:55.776113,0.4808349609375,0.5108642578125,0.57659912109375,0.418701171875,-0.10546875,-0.48046875,0.0625,-0.0234375,-0.0234375,0.005859375,1692.0,21.1,188.6,30.6,25.1,,,,,,,,
2026-09-03 17:15:55.883592,0.48004150390625,0.50946044921875,0.5770263671875,0.4207763671875,0.0703125,0.0625,-0.21484375,0.00390625,-0.029296875,-0.001953125,1717.0,21.7,188.6,30.2,25.1,,,,,,,,
2026-09-03 17:15:55.977128,0.4793701171875,0.5081787109375,0.57720947265625,0.42279052734375,-0.015625,0.39453125,-0.015625,-0.01171875,-0.025390625,-0.013671875,1717.0,21.7,188.6,30.2,25.1,,,,,,,,
2026-09-03 17:15:56.194847,0.479736328125,0.5069580078125,0.5760498046875,0.42547607421875,0.1484375,0.00390625,-0.25390625,0.015625,-0.033203125,-0.0078125,1768.75,22.4,188.6,29.8,25.1,2.0,12.0,36.97259133333333,-122.03589433333332,15.3,0.66,19.111,282.57
2026-09-03 17:15:56.294176,0.47998046875,0.5062255859375,0.57568359375,0.42657470703125,0.4765625,-1.1796875,-0.83203125,-0.02734375,-0.0234375,0.04296875,1768.75,22.4,188.6,29.8,25.1,2.0,12.0,36.97259133333333,-122.03589433333332,15.3,0.66,19.111,282.57
2026-09-03 17:15:56.393836,0.48016357421875,0.50518798828125,0.5755615234375,0.42779541015625,-0.45703125,-0.52734375,0.4765625,0.0078125,-0.0234375,0.02734375,1797.5,23.0,188.6,29.4,25.1,2.0,12.0,36.97259133333333,-122.03589433333332,15.3,0.66,19.111,282.57
2026-09-03 17:15:56.493659,0.48077392578125,0.5045166015625,0.57525634765625,0.4283447265625,-0.09765625,0.296875,0.41796875,0.0234375,-0.0234375,0.0234375,1797.5,23.0,188.6,29.4,25.1,2.0,12.0,36.97259133333333,-122.03589433333332,15.3,0.66,19.111,282.57
2026-09-03 17:15:56.593726,0.4818115234375,0.50390625,0.57476806640625,0.428466796875,-0.41796875,0.00390625,1.3515625,-0.021484375,-0.021484375,0.044921875,1817.75,23.0,188.6,29.0,24.7,2.0,12.0,36.97259133333333,-122.03589433333332,15.3,0.66,19.111,282.57
2026-09-03 17:15:56.693742,0.48248291015625,0.5032958984375,0.5743408203125,0.42901611328125,0.015625,-0.28515625,0.33984375,-0.04296875,-0.017578125,-0.009765625,1817.75,23.0,188.6,29.0,24.7,2.0,12.0,36.97259133333333,-122.03589433333332,15.3,0.66,19.111,282.57
2026-09-03 17:15:56.914904,0.48370361328125,0.5020751953125,0.5728759765625,0.43096923828125,-0.453125,-0.015625,0.24609375,0.001953125,-0.013671875,0.25,1821.0,23.0,188.6,27.5,24.3,2.0,12.0,36.97259133333333,-122.03589433333332,15.3,0.66,19.111,282.57
2026-09-03 17:15:57.013209,0.484130859375,0.50164794921875,0.57232666015625,0.43170166015625,-0.3359375,-0.22265625,-0.671875,-0.0234375,-0.021484375,0.01171875,1842.75,23.6,188.6,26.7,23.9,2.0,12.0,36.97259133333333,-122.03589433333332,15.3,0.66,19.111,282.57
2026-09-03 17:15:57.113315,0.48486328125,0.5015869140625,0.5712890625,0.432373046875,-0.12109375,-0.19140625,0.39453125,0.009765625,-0.029296875,0.015625,1842.75,23.6,188.6,26.7,23.9,2.0,12.0,36.97259133333333,-122.03589433333332,15.3,0.66,20.411,284.99
2026-09-03 17:15:57.214113,0.48480224609375,0.5015869140625,0.57049560546875,0.4334716796875,-0.47265625,-0.015625,-0.11328125,-0.001953125,-0.015625,-0.013671875,1843.75,23.6,188.6,25.1,23.9,2.0,12.0,36.972614,-122.03600666666668,15.3,0.71,20.411,284.99
2026-09-03 17:15:57.313515,0.48486328125,0.5020751953125,0.56927490234375,0.4344482421875,-0.1640625,0.23828125,-0.53515625,0.009765625,-0.015625,-0.01953125,1843.75,23.6,188.6,25.1,23.9,2.0,12.0,36.972614,-122.03600666666668,15.3,0.71,20.411,284.99
2026-09-03 17:15:57.413563,0.484619140625,0.5023193359375,0.5682373046875,0.435791015625,-0.23828125,-0.2890625,0.171875,0.00390625,-0.025390625,-0.01171875,1692.0,23.6,188.6,25.1,23.5,2.0,12.0,36.972614,-122.03600666666668,15.3,0.71,20.411,284.99
2026-09-03 17:15:57.522063,0.48382568359375,0.50262451171875,0.567138671875,0.43780517578125,0.359375,-0.12890625,-0.43359375,-0.01953125,-0.017578125,-0.01953125,1692.0,23.6,188.6,25.1,23.5,2.0,12.0,36.972614,-122.03600666666668,15.3,0.71,20.411,284.99
2026-09-03 17:15:57.621709,0.4837646484375,0.50335693359375,0.56573486328125,0.43878173828125,-0.0703125,-0.1796875,0.1953125,0.00390625,-0.017578125,-0.021484375,1550.75,23.6,188.6,28.6,23.5,2.0,12.0,36.972614,-122.03600666666668,15.3,0.71,20.411,284.99
2026-09-03 17:15:57.721984,0.4840087890625,0.50396728515625,0.56451416015625,0.439453125,-0.0234375,-0.7265625,0.2421875,0.02734375,-0.015625,-0.009765625,1550.75,23.6,188.6,28.6,23.5,2.0,12.0,36.972614,-122.03600666666668,15.3,0.71,20.411,284.99
2026-09-03 17:15:57.830528,0.48443603515625,0.5042724609375,0.5633544921875,0.44012451171875,-0.109375,0.5625,-0.08984375,0.03515625,-0.025390625,0.0,1504.5,24.2,188.6,32.5,24.3,2.0,12.0,36.972614,-122.03600666666668,15.3,0.71,20.411,284.99
2026-09-03 17:15:57.912691,0.48486328125,0.50408935546875,0.56268310546875,0.44061279296875,-0.19140625,-0.16015625,0.28515625,0.005859375,-0.015625,0.01953125,1504.5,24.2,188.6,32.5,24.3,2.0,12.0,36.972614,-122.03600666666668,15.3,0.71,20.411,284.99
2026-09-03 17:15:58.030670,0.48553466796875,0.5040283203125,0.56219482421875,0.4405517578125,0.11328125,0.08984375,0.08984375,0.009765625,-0.017578125,0.029296875,1521.0,24.2,188.6,33.3,25.1,2.0,12.0,36.972614,-122.03600666666668,15.3,0.71,20.411,284.99
2026-09-03 17:15:58.117220,0.486083984375,0.5040283203125,0.56195068359375,0.44036865234375,0.234375,-0.01171875,0.02734375,-0.005859375,-0.013671875,0.037109375,1521.0,24.2,188.6,33.3,25.1,2.0,12.0,36.972614,-122.03600666666668,15.3,0.71,20.411,284.99
2026-09-03 17:15:58.219291,0.4864501953125,0.5037841796875,0.56170654296875,0.4405517578125,0.01953125,-0.68359375,0.10546875,0.0,-0.0078125,0.001953125,1516.25,24.9,188.6,33.7,25.1,,,,,,,,
2026-09-03 17:15:58.319805,0.48699951171875,0.5040283203125,0.56097412109375,0.44061279296875,0.28515625,-0.046875,-0.29296875,0.005859375,-0.009765625,-0.025390625,1516.25,24.9,188.6,33.7,25.1,,,,,,,,
2026-09-03 17:15:58.419226,0.48748779296875,0.505126953125,0.55950927734375,0.44061279296875,-0.07421875,0.71484375,-0.5390625,0.017578125,-0.005859375,-0.03125,1521.0,24.9,188.6,33.3,25.1,,,,,,,,
2026-09-03 17:15:58.514964,0.48870849609375,0.50616455078125,0.5577392578125,0.44036865234375,-0.59375,-0.07421875,-0.01171875,0.02734375,-0.009765625,-0.021484375,1521.0,24.9,188.6,33.3,25.1,,,,,,,,
2026-09-03 17:15:58.615401,0.4893798828125,0.50543212890625,0.55780029296875,0.44036865234375,-0.20703125,0.98828125,-0.1015625,-0.005859375,-0.017578125,0.013671875,1546.0,24.9,188.6,32.9,25.1,,,,,,,,
2026-09-03 17:15:58.714097,0.49005126953125,0.5045166015625,0.55816650390625,0.440185546875,-0.39453125,0.6328125,-0.60546875,-0.01171875,-0.009765625,0.033203125,1546.0,24.9,188.6,32.9,25.1,,,,,,,,
2026-09-03 17:15:58.814651,0.4901123046875,0.50335693359375,0.55902099609375,0.44036865234375,0.2890625,0.26171875,-0.10546875,-0.037109375,-0.005859375,0.041015625,1578.0,25.5,188.6,34.9,25.1,,,,,,,,
2026-09-03 17:15:58.911307,0.49005126953125,0.50299072265625,0.5592041015625,0.4405517578125,0.203125,-0.3359375,0.28515625,-0.0234375,-0.00390625,0.001953125,1578.0,25.5,188.6,34.9,25.1,,,,,,,,
2026-09-03 17:15:59.011613,0.4903564453125,0.50347900390625,0.55877685546875,0.44024658203125,-0.2109375,-0.1171875,-0.84375,0.001953125,0.001953125,0.01171875,1555.25,25.5,188.6,33.7,25.1,,,,,,,,
2026-09-03 17:15:59.111259,0.49114990234375,0.50439453125,0.5582275390625,0.43902587890625,-0.00390625,-0.09765625,-0.3046875,-0.005859375,0.01171875,-0.025390625,1555.25,25.5,188.6,33.7,25.1,,,,,,,,
2026-09-03 17:15:59.212676,0.491455078125,0.505615234375,0.55743408203125,0.43829345703125,0.125,0.515625,-0.16796875,-0.01171875,0.01171875,-0.017578125,1570.25,25.5,188.6,33.3,25.1,2.0,12.0,36.97266966666667,-122.0362465,15.4,0.71,20.411,284.99
2026-09-03 17:15:59.318723,0.49139404296875,0.50665283203125,0.55670166015625,0.43804931640625,-0.5234375,-0.08984375,0.20703125,0.01171875,0.005859375,-0.00390625,1570.25,25.5,188.6,33.3,25.1,2.0,12.0,36.97266966666667,-122.0362465,15.4,0.71,20.411,284.99
2026-09-03 17:15:59.427122,0.49169921875,0.50775146484375,0.5557861328125,0.4376220703125,0.18359375,0.125,-0.015625,0.03125,0.001953125,-0.01171875,1584.25,25.5,188.6,32.2,24.7,2.0,12.0,36.97266966666667,-122.0362465,15.4,0.71,20.411,284.99
2026-09-03 17:15:59.517687,0.49169921875,0.50848388671875,0.55523681640625,0.43756103515625,0.0234375,0.1328125,0.08203125,-0.001953125,0.001953125,0.017578125,1584.25,25.5,188.6,32.2,24.7,2.0,12.0,36.97266966666667,-122.0362465,15.4,0.71,20.411,284.99
2026-09-03 17:15:59.619034,0.49163818359375,0.50848388671875,0.5552978515625,0.4375,-0.36328125,0.90234375,-0.328125,0.009765625,0.005859375,0.00390625,1595.25,26.1,188.6,31.4,24.7,2.0,12.0,36.97266966666667,-122.0362465,15.4,0.71,20.411,284.99
2026-09-03 17:15:59.713102,0.49169921875,0.50836181640625,0.555419921875,0.43731689453125,-0.38671875,0.21484375,-0.11328125,0.009765625,0.00390625,0.01953125,1595.25,26.1,188.6,31.4,24.7,2.0,12.0,36.97266966666667,-122.0362465,15.4,0.71,20.411,284.99
2026-09-03 17:16:00.013688,0.4912109375,0.510009765625,0.553955078125,0.43792724609375,0.00390625,0.54296875,0.0234375,0.009765625,-0.005859375,0.015625,1614.0,26.1,188.6,31.0,24.7,2.0,12.0,36.97266966666667,-122.0362465,15.4,0.71,20.411,284.99
2026-09-03 17:16:00.114662,0.49169921875,0.51031494140625,0.5537109375,0.43731689453125,-0.625,-0.453125,-0.48046875,0.02734375,-0.001953125,0.01171875,1614.0,26.1,188.6,31.0,24.7,2.0,12.0,36.97266966666667,-122.0362465,15.4,0.71,22.798,287.39
2026-09-03 17:16:00.216883,0.49114990234375,0.50994873046875,0.55419921875,0.437744140625,-0.421875,0.29296875,0.515625,-0.048828125,0.005859375,-0.037109375,1621.75,26.7,188.6,30.6,25.1,2.0,12.0,36.972700333333336,-122.03637116666668,15.3,0.71,22.798,287.39
2026-09-03 17:16:00.328416,0.4913330078125,0.51019287109375,0.55389404296875,0.4376220703125,0.3828125,-0.14453125,-0.16015625,0.0390625,-0.01171875,0.037109375,1621.75,26.7,188.6,30.6,25.1,2.0,12.0,36.972700333333336,-122.03637116666668,15.3,0.71,22.798,287.39
2026-09-03 17:16:00.426473,0.4915771484375,0.5108642578125,0.55328369140625,0.43731689453125,-0.0234375,-0.52734375,0.25390625,-0.01171875,-0.009765625,0.05078125,1646.75,26.7,188.6,30.2,24.7,2.0,12.0,36.972700333333336,-122.03637116666668,15.3,0.71,22.798,287.39
2026-09-03 17:16:00.526166,0.4908447265625,0.5101318359375,0.55389404296875,0.438232421875,1.31640625,-0.3828125,1.609375,0.0390625,-0.01171875,0.013671875,1646.75,26.7,188.6,30.2,24.7,2.0,12.0,36.972700333333336,-122.03637116666668,15.3,0.71,22.798,287.39
2026-09-03 17:16:00.626713,0.49078369140625,0.50982666015625,0.55401611328125,0.43853759765625,1.125,-0.8828125,-0.23828125,-0.013671875,0.0078125,-0.01171875,1646.75,26.7,188.6,29.8,24.7,2.0,12.0,36.972700333333336,-122.03637116666668,15.3,0.71,22.798,287.39
2026-09-03 17:16:00.713210,0.49066162109375,0.51068115234375,0.55322265625,0.4385986328125,-1.1328125,-0.921875,1.38671875,0.001953125,0.00390625,-0.044921875,1646.75,26.7,188.6,29.8,24.7,2.0,12.0,36.972700333333336,-122.03637116666668,15.3,0.71,22.798,287.39
2026-09-03 17:16:00.813938,0.49053955078125,0.5118408203125,0.552001953125,0.43890380859375,0.03125,0.46875,-0.63671875,0.025390625,-0.005859375,-0.013671875,1644.5,26.7,188.6,28.2,23.9,2.0,12.0,36.972700333333336,-122.03637116666668,15.3,0.71,22.798,287.39
2026-09-03 17:16:00.913820,0.4901123046875,0.5125732421875,0.55126953125,0.43951416015625,-0.30078125,0.390625,0.20703125,-0.01171875,0.0,-0.029296875,1644.5,26.7,188.6,28.2,23.9,2.0,12.0,36.972700333333336,-122.03637116666668,15.3,0.71,22.798,287.39
2026-09-03 17:16:01.013741,0.49005126953125,0.5123291015625,0.5513916015625,0.43975830078125,-0.35546875,0.875,-0.54296875,-0.015625,-0.001953125,0.01953125,1665.5,27.3,188.6,27.8,24.3,2.0,12.0,36.972700333333336,-122.03637116666668,15.3,0.71,22.798,287.39
2026-09-03 17:16:01.113568,0.48974609375,0.5107421875,0.55291748046875,0.44000244140625,-0.16015625,0.12890625,0.17578125,-0.02734375,-0.001953125,0.013671875,1665.5,27.3,188.6,27.8,24.3,2.0,12.0,36.972700333333336,-122.03637116666668,15.3,0.71,22.798,287.39
2026-09-03 17:16:01.214033,0.49005126953125,0.50994873046875,0.5535888671875,0.43975830078125,0.09765625,0.796875,-0.4375,-0.0234375,0.0,0.02734375,1685.0,27.3,188.6,27.5,24.3,2.0,12.0,36.972733,-122.0364995,15.2,0.71,22.798,287.39
2026-09-03 17:16:01.329612,0.48974609375,0.50927734375,0.55413818359375,0.44012451171875,0.2890625,0.16796875,0.015625,-0.03125,0.0,0.025390625,1685.0,27.3,188.6,27.5,24.3,2.0,12.0,36.972733,-122.0364995,15.2,0.71,22.798,287.39
2026-09-03 17:16:01.428407,0.489501953125,0.5087890625,0.55450439453125,0.4405517578125,-0.109375,0.3125,-0.328125,-0.01953125,-0.00390625,0.001953125,1685.0,27.3,188.6,27.5,24.3,2.0,12.0,36.972733,-122.0364995,15.2,0.71,22.798,287.39
2026-09-03 17:16:01.528596,0.4891357421875,0.508544921875,0.55474853515625,0.44085693359375,-0.0859375,-0.53515625,0.6875,-0.009765625,0.001953125,-0.0078125,1685.0,27.3,188.6,27.5,24.3,2.0,12.0,36.972733,-122.0364995,15.2,0.71,22.798,287.39
2026-09-03 17:16:01.629597,0.48895263671875,0.5087890625,0.55462646484375,0.44097900390625,0.05078125,0.14453125,-0.26171875,-0.005859375,0.001953125,-0.0234375,1692.0,27.3,188.6,27.5,24.3,2.0,12.0,36.972733,-122.0364995,15.2,0.71,22.798,287.39
2026-09-03 17:16:01.713011,0.48834228515625,0.50872802734375,0.5548095703125,0.44140625,-0.171875,0.27734375,-0.23828125,-0.03125,0.005859375,-0.0078125,1692.0,27.3,188.6,27.5,24.3,2.0,12.0,36.972733,-122.0364995,15.2,0.71,22.798,287.39
2026-09-03 17:16:01.820627,0.4879150390625,0.508544921875,0.5550537109375,0.44183349609375,-0.33203125,-0.046875,0.0390625,-0.001953125,0.0,0.0,1704.5,28.0,188.6,26.7,24.3,2.0,12.0,36.972733,-122.0364995,15.2,0.71,22.798,287.39
2026-09-03 17:16:01.919350,0.487548828125,0.50860595703125,0.55511474609375,0.442138671875,0.05859375,-0.75,0.3359375,0.037109375,0.0078125,-0.05859375,1704.5,28.0,188.6,26.7,24.3,2.0,12.0,36.972733,-122.0364995,15.2,0.71,22.798,287.39
2026-09-03 17:16:02.019413,0.487548828125,0.50927734375,0.55450439453125,0.442138671875,-0.30078125,1.0078125,-0.58984375,0.021484375,-0.01171875,0.2578125,1710.75,28.0,188.6,26.7,24.7,2.0,12.0,36.972733,-122.0364995,15.2,0.71,22.798,287.39
2026-09-03 17:16:02.118911,0.4881591796875,0.50909423828125,0.55450439453125,0.44171142578125,-0.10546875,1.015625,0.1796875,0.0234375,-0.005859375,0.03125,1710.75,28.0,188.6,26.7,24.7,2.0,12.0,36.972733,-122.0364995,15.2,0.71,22.798,287.39
2026-09-03 17:16:02.220110,0.48919677734375,0.50885009765625,0.55438232421875,0.44091796875,0.45703125,-2.60546875,-0.03125,0.02734375,0.0,0.0,1732.0,28.0,188.6,27.5,24.3,2.0,12.0,36.972765333333335,-122.036634,15.1,0.71,22.798,287.39
2026-09-03 17:16:02.319623,0.48980712890625,0.50946044921875,0.55377197265625,0.44036865234375,0.86328125,-1.3828125,0.17578125,0.056640625,0.01171875,-0.11328125,1732.0,28.0,188.6,27.5,24.3,2.0,12.0,36.972765333333335,-122.036634,15.1,0.71,22.798,287.39
2026-09-03 17:16:02.420154,0.4892578125,0.51116943359375,0.55224609375,0.4407958984375,-1.51953125,0.9375,-0.23828125,-0.001953125,0.0078125,-0.046875,1726.5,28.0,188.6,26.7,24.3,2.0,12.0,36.972765333333335,-122.036634,15.1,0.71,22.798,287.39
2026-09-03 17:16:02.520226,0.48834228515625,0.51177978515625,0.55194091796875,0.4415283203125,-1.7578125,0.8828125,0.19140625,0.009765625,0.0,0.029296875,1726.5,28.0,188.6,26.7,24.3,2.0,12.0,36.972765333333335,-122.036634,15.1,0.71,22.798,287.39
2026-09-03 17:16:02.628479,0.48944091796875,0.5107421875,0.5528564453125,0.44036865234375,-0.80859375,0.1484375,0.0234375,0.005859375,-0.00390625,0.03515625,1738.25,28.6,188.6,26.3,23.9,2.0,12.0,36.972765333333335,-122.036634,15.1,0.71,22.798,287.39
2026-09-03 17:16:02.728098,0.49090576171875,0.50933837890625,0.55389404296875,0.4390869140625,0.28125,0.36328125,-0.4765625,-0.005859375,-0.005859375,0.01171875,1738.25,28.6,188.6,26.3,23.9,2.0,12.0,36.972765333333335,-122.036634,15.1,0.71,22.798,287.39
2026-09-03 17:16:02.828013,0.49151611328125,0.50830078125,0.5545654296875,0.43878173828125,0.296875,-0.6484375,0.63671875,0.005859375,-0.00390625,-0.037109375,1727.25,28.6,188.6,24.3,23.5,2.0,12.0,36.972765333333335,-122.036634,15.1,0.71,22.798,287.39
2026-09-03 17:16:02.927382,0.49078369140625,0.50860595703125,0.55426025390625,0.4395751953125,-0.21875,0.21484375,-0.98828125,0.05859375,-0.00390625,-0.013671875,1727.25,28.6,188.6,24.3,23.5,2.0,12.0,36.972765333333335,-122.036634,15.1,0.71,22.798,287.39
2026-09-03 17:16:03.020339,0.49078369140625,0.5089111328125,0.5540771484375,0.43951416015625,0.05859375,-0.1640625,-0.32421875,-0.255859375,-0.005859375,0.015625,1735.0,28.6,188.6,23.5,22.7,2.0,12.0,36.972765333333335,-122.036634,15.1,0.71,22.798,287.39
2026-09-03 17:16:03.120665,0.49072265625,0.5074462890625,0.55548095703125,0.439453125,-0.421875,-0.2421875,0.23046875,0.009765625,0.0,-0.00390625,1735.0,28.6,188.6,23.5,22.7,2.0,12.0,36.972765333333335,-122.036634,15.1,0.71,22.798,287.39
2026-09-03 17:16:03.222418,0.49072265625,0.5076904296875,0.5550537109375,0.439697265625,0.14453125,0.04296875,-0.16015625,0.052734375,-0.00390625,-0.017578125,1720.25,28.6,188.6,22.0,23.1,,,,,,,,
2026-09-03 17:16:03.320634,0.49053955078125,0.508544921875,0.5543212890625,0.4398193359375,0.1171875,0.33203125,-0.22265625,0.0078125,0.0,-0.0078125,1720.25,28.6,188.6,22.0,23.1,,,,,,,,
2026-09-03 17:16:03.420911,0.490234375,0.51019287109375,0.55267333984375,0.4404296875,-0.02734375,0.30078125,0.1171875,0.0,0.0,-0.021484375,1567.75,28.6,188.6,25.5,22.7,,,,,,,,
2026-09-03 17:16:03.521233,0.48974609375,0.51123046875,0.55169677734375,0.44097900390625,0.1953125,0.12109375,0.0,0.015625,-0.00390625,0.01171875,1567.75,28.6,188.6,25.5,22.7,,,,,,,,
2026-09-03 17:16:03.620121,0.489990234375,0.511962890625,0.55084228515625,0.44085693359375,0.22265625,-0.26171875,-0.3046875,0.021484375,0.001953125,0.017578125,1486.5,28.6,188.6,26.3,21.6,,,,,,,,
2026-09-03 17:16:03.720793,0.4906005859375,0.5126953125,0.5499267578125,0.44049072265625,0.25390625,-0.27734375,1.01953125,0.029296875,-0.01171875,0.01953125,1486.5,28.6,188.6,26.3,21.6,,,,,,,,
2026-09-03 17:16:03.820719,0.49163818359375,0.5135498046875,0.54876708984375,0.4398193359375,0.30859375,0.12109375,-0.37890625,0.001953125,0.00390625,-0.046875,1468.75,28.6,188.6,22.4,20.0,,,,,,,,
2026-09-03 17:16:03.920487,0.49066162109375,0.513916015625,0.54852294921875,0.44073486328125,0.03125,0.02734375,0.11328125,-0.01953125,0.005859375,-0.01953125,1468.75,28.6,188.6,22.4,20.0,,,,,,,,
2026-09-03 17:16:04.021690,0.49072265625,0.515380859375,0.54730224609375,0.44049072265625,0.109375,0.25390625,0.81640625,0.0,0.01953125,-0.013671875,1453.0,28.6,188.6,19.2,19.6,,,,,,,,
2026-09-03 17:16:04.121206,0.49029541015625,0.5169677734375,0.5462646484375,0.44036865234375,-0.625,0.375,-0.0703125,-0.021484375,0.001953125,0.0390625,1453.0,28.6,188.6,19.2,19.6,,,,,,,,
2026-09-03 17:16:04.222139,0.48992919921875,0.5185546875,0.54473876953125,0.44085693359375,-0.43359375,0.91015625,-0.76953125,-0.0234375,0.001953125,0.0078125,1457.0,28.6,188.6,17.6,18.4,2.0,12.0,36.97283933333333,-122.036903,14.3,0.66,22.798,287.39
2026-09-03 17:16:04.432265,0.4884033203125,0.52099609375,0.542724609375,0.442138671875,-0.02734375,0.2734375,0.375,-0.0078125,0.001953125,0.01953125,1452.25,28.6,188.6,11.0,17.3,2.0,12.0,36.97283933333333,-122.036903,14.3,0.66,22.798,287.39
2026-09-03 17:16:04.523362,0.48675537109375,0.5220947265625,0.54193115234375,0.443603515625,-0.40625,-0.67578125,0.515625,-0.03515625,0.0078125,-0.01171875,1452.25,28.6,188.6,11.0,17.3,2.0,12.0,36.97283933333333,-122.036903,14.3,0.66,22.798,287.39
2026-09-03 17:16:04.624555,0.4859619140625,0.52239990234375,0.541748046875,0.44439697265625,0.13671875,-0.59375,-0.2890625,-0.013671875,0.001953125,-0.005859375,1443.75,28.6,188.6,9.4,16.1,2.0,12.0,36.97283933333333,-122.036903,14.3,0.66,22.798,287.39
2026-09-03 17:16:04.724485,0.48406982421875,0.52325439453125,0.54095458984375,0.44635009765625,0.015625,-0.171875,0.01953125,-0.015625,0.005859375,-0.001953125,1443.75,28.6,188.6,9.4,16.1,2.0,12.0,36.97283933333333,-122.036903,14.3,0.66,22.798,287.39
2026-09-03 17:16:04.824254,0.474365234375,0.52374267578125,0.54071044921875,0.4481201171875,-0.2578125,-0.57421875,0.5859375,-0.0234375,0.0078125,-0.017578125,1461.5,28.6,188.6,9.0,17.6,2.0,12.0,36.97283933333333,-122.036903,14.3,0.66,22.798,287.39
2026-09-03 17:16:04.923903,0.4808349609375,0.5242919921875,0.54034423828125,0.44940185546875,-0.14453125,0.51953125,0.8125,-0.013671875,0.005859375,-0.009765625,1461.5,28.6,188.6,9.0,17.6,2.0,12.0,36.97283933333333,-122.036903,14.3,0.66,22.798,287.39
2026-09-03 17:16:05.025020,0.48004150390625,0.52447509765625,0.540283203125,0.4500732421875,0.046875,-0.1015625,0.19921875,0.0078125,-0.009765625,0.025390625,1440.5,28.6,188.6,10.2,17.3,2.0,12.0,36.97283933333333,-122.036903,14.3,0.66,24.859,289.21
2026-09-03 17:16:05.145917,0.47906494140625,0.5234375,0.541015625,0.45147705078125,-0.17578125,0.1875,0.515625,-0.017578125,-0.001953125,0.015625,1440.5,28.6,188.6,10.2,17.3,2.0,12.0,36.97283933333333,-122.036903,14.3,0.66,24.859,289.21
2026-09-03 17:16:05.235431,0.478759765625,0.523193359375,0.54119873046875,0.4517822265625,0.1328125,-0.10546875,-0.24609375,0.0,0.001953125,-0.021484375,1449.0,28.0,188.6,9.0,16.1,2.0,12.0,36.97283933333333,-122.036903,14.3,0.66,24.859,289.21
2026-09-03 17:16:05.344372,0.47808837890625,0.5233154296875,0.54119873046875,0.452392578125,-0.3671875,0.04296875,0.25390625,-0.001953125,0.001953125,-0.05078125,1449.0,28.0,188.6,9.0,16.1,2.0,12.0,36.97283933333333,-122.036903,14.3,0.66,24.859,289.21
2026-09-03 17:16:05.434915,0.4771728515625,0.52392578125,0.5406494140625,0.453369140625,-0.0078125,-0.12109375,0.2890625,0.025390625,-0.0078125,0.0078125,1419.5,28.0,188.6,8.2,16.9,2.0,12.0,36.97283933333333,-122.036903,14.3,0.66,24.859,289.21
2026-09-03 17:16:05.533439,0.4771728515625,0.52447509765625,0.53997802734375,0.4534912109375,-0.83984375,0.046875,0.08203125,0.0234375,-0.0078125,0.005859375,1419.5,28.0,188.6,8.2,16.9,2.0,12.0,36.97283933333333,-122.036903,14.3,0.66,24.859,289.21
2026-09-03 17:16:05.644610,0.4766845703125,0.5247802734375,0.53948974609375,0.4542236328125,0.09375,0.33203125,-0.5,-0.001953125,0.0,0.005859375,1430.25,28.0,188.6,8.2,16.9,2.0,12.0,36.97283933333333,-122.036903,14.3,0.66,24.859,289.21
2026-09-03 17:16:05.741691,0.47650146484375,0.52484130859375,0.53936767578125,0.4544677734375,-0.2578125,0.0546875,0.015625,0.009765625,0.001953125,0.0078125,1430.25,28.0,188.6,8.2,16.9,2.0,12.0,36.97283933333333,-122.036903,14.3,0.66,24.859,289.21
2026-09-03 17:16:05.842354,0.47637939453125,0.52532958984375,0.5389404296875,0.45452880859375,-0.08203125,0.4609375,0.0625,0.005859375,0.001953125,0.01953125,1424.0,28.0,188.6,8.2,16.9,2.0,12.0,36.97283933333333,-122.036903,14.3,0.66,24.859,289.21
2026-09-03 17:16:05.941891,-1.5240478515625,0.52587890625,0.5384521484375,0.4549560546875,-0.1875,-0.16015625,0.19921875,0.001953125,-0.005859375,0.013671875,1424.0,28.0,188.6,8.2,16.9,2.0,12.0,36.97283933333333,-122.036903,14.3,0.66,24.859,289.21
2026-09-03 17:16:06.022388,0.4754638671875,0.5262451171875,0.5379638671875,0.45556640625,-0.05859375,-0.31640625,-0.3046875,-0.013671875,0.00390625,0.001953125,1408.5,27.3,188.6,8.6,16.9,,,,,,,,
2026-09-03 17:16:06.129359,0.47509765625,0.5264892578125,0.53778076171875,0.4559326171875,0.1328125,-0.03125,-0.58984375,-0.0234375,-0.001953125,0.005859375,1408.5,27.3,188.6,8.6,16.9,,,,,,,,
2026-09-03 17:16:06.229496,-1.5260009765625,0.527099609375,0.537353515625,0.45684814453125,-0.00390625,0.390625,-0.41015625,0.001953125,0.001953125,0.0,1400.75,27.3,188.6,8.6,16.9,,,,,,,,
2026-09-03 17:16:06.329059,-1.5264892578125,0.52783203125,0.536865234375,0.45709228515625,0.09765625,0.22265625,0.0546875,-0.017578125,0.00390625,0.005859375,1400.75,27.3,188.6,8.6,16.9,,,,,,,,
2026-09-03 17:16:06.429982,0.47283935546875,0.52813720703125,0.536865234375,0.45745849609375,-0.125,0.0234375,-0.12109375,-0.0390625,0.009765625,-0.013671875,1392.0,27.3,188.6,8.2,16.5,,,,,,,,
2026-09-03 17:16:06.529768,0.4720458984375,0.52886962890625,0.53656005859375,0.457763671875,0.12109375,0.30859375,0.546875,0.01171875,0.0078125,-0.00390625,1392.0,27.3,188.6,8.2,16.5,,,,,,,,
2026-09-03 17:16:06.629778,0.472412109375,0.5296630859375,0.5360107421875,0.4571533203125,-0.37109375,0.0078125,0.4609375,0.001953125,0.005859375,0.001953125,1385.0,27.3,188.6,8.2,16.5,,,,,,,,
2026-09-03 17:16:06.729588,0.47235107421875,0.5299072265625,0.53594970703125,0.45697021484375,0.01171875,0.14453125,-0.03515625,-0.013671875,-0.001953125,0.02734375,1385.0,27.3,188.6,8.2,16.5,,,,,,,,
2026-09-03 17:16:06.829648,0.4722900390625,0.5296630859375,0.53631591796875,0.45697021484375,-0.37109375,-0.26953125,0.27734375,0.021484375,0.005859375,-0.009765625,1371.75,26.7,188.6,8.2,16.5,,,,,,,,
2026-09-03 17:16:06.929686,0.47210693359375,0.530517578125,0.5357666015625,0.45672607421875,0.15625,-0.19921875,0.375,0.021484375,0.001953125,-0.01953125,1371.75,26.7,188.6,8.2,16.5,,,,,,,,
2026-09-03 17:16:07.030195,0.471923828125,0.5313720703125,0.53509521484375,0.456787109375,-0.171875,0.14453125,0.0,-0.017578125,0.00390625,-0.001953125,1365.5,26.7,188.6,8.2,16.5,,,,,,,,
2026-09-03 17:16:07.147534,0.47125244140625,0.5311279296875,0.53546142578125,0.45721435546875,-0.03515625,0.3984375,-0.45703125,0.00390625,-0.00390625,-0.00390625,1365.5,26.7,188.6,8.2,16.5,,,,,,,,
2026-09-03 17:16:07.259011,0.4710693359375,0.53118896484375,0.53570556640625,0.45709228515625,-0.203125,-0.73046875,0.28515625,0.00390625,0.009765625,0.0234375,1357.0,26.7,188.6,8.2,17.3,,,,,,,,
2026-09-03 17:16:07.348348,0.4710693359375,0.53143310546875,0.53558349609375,0.45697021484375,0.2265625,0.2734375,-0.08984375,-0.0078125,0.0,-0.0078125,1357.0,26.7,188.6,8.2,17.3,,,,,,,,
2026-09-03 17:16:07.459770,0.470703125,0.53167724609375,0.535400390625,0.457275390625,-0.73828125,0.61328125,0.0390625,-0.025390625,0.0078125,-0.01171875,1350.0,26.1,188.6,9.8,17.3,,,,,,,,
2026-09-03 17:16:07.545520,0.469970703125,0.531494140625,0.5357666015625,0.45782470703125,-0.36328125,0.58984375,-0.51171875,-0.025390625,0.001953125,-0.015625,1350.0,26.1,188.6,9.8,17.3,,,,,,,,
2026-09-03 17:16:07.648844,0.46875,0.53131103515625,0.536376953125,0.45855712890625,-0.2109375,-0.8125,0.32421875,-0.03125,0.01171875,0.00390625,1338.25,26.1,188.6,10.2,17.3,,,,,,,,
2026-09-03 17:16:07.747658,0.46942138671875,0.531982421875,0.535888671875,0.45770263671875,0.06640625,-0.30078125,0.62109375,0.029296875,-0.00390625,0.0234375,1338.25,26.1,188.6,10.2,17.3,,,,,,,,
2026-09-03 17:16:07.842893,0.4696044921875,0.53155517578125,0.5361328125,0.45770263671875,0.19140625,1.20703125,-1.03515625,-0.01171875,0.0078125,0.05078125,1331.25,26.1,188.6,10.6,17.3,,,,,,,,
2026-09-03 17:16:07.943463,0.4688720703125,0.53045654296875,0.537109375,0.45855712890625,0.1796875,-1.12109375,-0.14453125,-0.052734375,-0.009765625,0.01953125,1331.25,26.1,188.6,10.6,17.3,,,,,,,,
2026-09-03 17:16:08.044730,0.469970703125,0.532470703125,0.53515625,0.45745849609375,0.51171875,-0.3125,2.0234375,0.083984375,0.005859375,0.001953125,1315.5,26.1,188.6,10.6,17.3,,,,,,,,
2026-09-03 17:16:08.144422,0.46923828125,0.53302001953125,0.5347900390625,0.4578857421875,1.19140625,0.2109375,-0.64453125,0.044921875,-0.001953125,0.001953125,1315.5,26.1,188.6,10.6,17.3,,,,,,,,
2026-09-03 17:16:08.245546,0.4696044921875,0.53277587890625,0.53466796875,0.4580078125,0.6796875,0.53515625,-0.62109375,-0.013671875,-0.009765625,0.03515625,1308.5,25.5,188.6,10.6,17.3,,,,,,,,
2026-09-03 17:16:08.344429,0.470703125,0.5325927734375,0.53485107421875,0.456787109375,-0.1484375,-1.11328125,0.90625,0.037109375,-0.00390625,0.029296875,1308.5,25.5,188.6,10.6,17.3,,,,,,,,
2026-09-03 17:16:08.443035,0.4705810546875,0.5323486328125,0.53509521484375,0.45697021484375,0.10546875,0.296875,0.23828125,-0.009765625,0.009765625,-0.025390625,1298.25,25.5,188.6,10.6,17.3,,,,,,,,
2026-09-03 17:16:08.542864,0.47076416015625,0.5328369140625,0.53436279296875,0.45703125,-0.109375,0.12109375,-0.01953125,0.005859375,-0.0078125,-0.00390625,1298.25,25.5,188.6,10.6,17.3,,,,,,,,
2026-09-03 17:16:08.642818,0.47039794921875,0.53265380859375,0.53448486328125,0.45758056640625,-0.41015625,-0.04296875,-0.15234375,-0.015625,-0.001953125,-0.0078125,1286.5,25.5,188.6,11.0,16.9,,,,,,,,
2026-09-03 17:16:08.742713,0.4700927734375,0.5325927734375,0.53448486328125,0.45794677734375,-0.17578125,-0.1015625,-0.11328125,-0.01171875,0.0,0.00390625,1286.5,25.5,188.6,11.0,16.9,,,,,,,,
2026-09-03 17:16:08.842991,0.46954345703125,0.53326416015625,0.53363037109375,0.45867919921875,-0.0703125,-0.4609375,0.125,0.00390625,-0.005859375,-0.01171875,1268.75,24.9,188.6,11.0,16.9,,,,,,,,
2026-09-03 17:16:08.942584,0.467529296875,0.5347900390625,0.531982421875,0.46087646484375,-0.07421875,0.12890625,-0.34375,0.01171875,-0.001953125,-0.00390625,1268.75,24.9,188.6,11.0,16.9,,,,,,,,
2026-09-03 17:16:09.038564,0.465576171875,0.53631591796875,0.53021240234375,0.46307373046875,-0.1875,-0.4453125,0.0234375,0.01171875,-0.00390625,-0.01953125,1246.75,24.2,188.6,11.0,16.9,,,,,,,,
2026-09-03 17:16:09.142091,0.46392822265625,0.53778076171875,0.528564453125,0.46490478515625,-0.0546875,0.8125,-0.390625,0.013671875,-0.001953125,-0.0078125,1246.75,24.2,188.6,11.0,16.9,,,,,,,,
2026-09-03 17:16:09.242636,0.4620361328125,0.5390625,0.52740478515625,0.46673583984375,-0.19921875,0.60546875,-0.05078125,-0.01171875,0.001953125,0.0078125,1223.25,24.2,188.6,11.4,16.9,,,,,,,,
2026-09-03 17:16:09.342477,0.4605712890625,0.54046630859375,0.52581787109375,0.46832275390625,-0.3515625,-0.5234375,0.421875,0.00390625,-0.00390625,0.00390625,1223.25,24.2,188.6,11.4,16.9,,,,,,,,
2026-09-03 17:16:09.442572,0.45892333984375,0.5418701171875,0.524169921875,0.47003173828125,-0.20703125,0.12890625,-0.05078125,-0.005859375,-0.001953125,0.009765625,1203.75,23.6,188.6,11.4,16.9,,,,,,,,
2026-09-03 17:16:09.539572,0.457275390625,0.5433349609375,0.52252197265625,0.47186279296875,-0.00390625,0.18359375,0.0234375,-0.009765625,-0.005859375,-0.015625,1203.75,23.6,188.6,11.4,16.9,,,,,,,,
2026-09-03 17:16:09.642990,0.45648193359375,0.5438232421875,0.52191162109375,0.4727783203125,-0.25,0.23828125,0.24609375,-0.00390625,-0.00390625,-0.005859375,1185.75,23.0,188.6,11.4,16.9,,,,,,,,
2026-09-03 17:16:09.742628,0.4549560546875,0.54449462890625,0.52099609375,0.47442626953125,-0.21875,0.16015625,-0.3359375,-0.013671875,-0.005859375,0.0078125,1185.75,23.0,188.6,11.4,16.9,,,,,,,,
2026-09-03 17:16:09.842358,0.45361328125,0.54547119140625,0.51983642578125,0.475830078125,-0.1328125,-0.5859375,0.28515625,-0.001953125,-0.00390625,0.013671875,1192.75,22.4,188.6,11.8,16.9,,,,,,,,
2026-09-03 17:16:09.942720,0.4521484375,0.5469970703125,0.51812744140625,0.4774169921875,0.05859375,-0.16015625,0.20703125,0.001953125,0.0,-0.015625,1192.75,22.4,188.6,11.8,16.9,,,,,,,,
2026-09-03 17:16:10.035182,0.45074462890625,0.54864501953125,0.516357421875,0.47882080078125,-0.27734375,0.14453125,0.109375,0.0,-0.001953125,-0.01171875,1274.0,21.7,188.6,11.0,16.9,,,,,,,,
2026-09-03 17:16:10.142869,0.44921875,0.550048828125,0.5146484375,0.48046875,0.0703125,0.18359375,0.078125,0.0,-0.001953125,0.0,1274.0,21.7,188.6,11.0,16.9,,,,,,,,
2026-09-03 17:16:10.242986,0.44775390625,0.55096435546875,0.51348876953125,0.48187255859375,0.0,0.19921875,-0.42578125,-0.0078125,-0.00390625,-0.00390625,1312.5,21.7,188.6,10.6,17.3,,,,,,,,
2026-09-03 17:16:10.343129,0.44683837890625,0.5513916015625,0.51318359375,0.482666015625,0.31640625,-0.203125,0.1796875,-0.01953125,0.00390625,0.0,1312.5,21.7,188.6,10.6,17.3,,,,,,,,
2026-09-03 17:16:10.443839,0.4461669921875,0.5511474609375,0.513427734375,0.4832763671875,-0.25390625,0.65625,0.484375,-0.03515625,0.0,0.005859375,1270.25,21.1,188.6,11.0,17.3,,,,,,,,
2026-09-03 17:16:10.536063,0.445556640625,0.55072021484375,0.51373291015625,0.4840087890625,-0.28125,0.48828125,-0.2109375,-0.01171875,-0.00390625,0.01953125,1270.25,21.1,188.6,11.0,17.3,,,,,,,,
2026-09-03 17:16:10.644078,0.4453125,0.550537109375,0.51373291015625,0.48443603515625,-0.23046875,-0.08984375,0.26171875,-0.01953125,-0.00390625,0.015625,1233.5,20.5,188.6,11.4,16.9,,,,,,,,
2026-09-03 17:16:10.740409,0.4451904296875,0.550537109375,0.5135498046875,0.48468017578125,-0.19140625,-0.30078125,0.0078125,0.001953125,-0.0078125,-0.00390625,1233.5,20.5,188.6,11.4,16.9,,,,,,,,
2026-09-03 17:16:10.840739,0.44464111328125,0.55047607421875,0.51318359375,0.48565673828125,0.01953125,-0.109375,0.09765625,-0.009765625,-0.009765625,0.0,1196.75,19.9,188.6,11.4,16.9,,,,,,,,
2026-09-03 17:16:10.940737,0.44354248046875,0.55096435546875,0.51226806640625,0.48712158203125,-0.21875,0.3125,-0.55859375,0.009765625,-0.009765625,0.00390625,1196.75,19.9,188.6,11.4,16.9,,,,,,,,
2026-09-03 17:16:11.036536,0.4412841796875,0.55218505859375,0.51031494140625,0.48980712890625,-0.40234375,0.10546875,0.09375,0.0,-0.01171875,-0.00390625,1151.5,18.6,188.6,12.2,16.9,,,,,,,,
2026-09-03 17:16:11.140085,0.4404296875,0.55303955078125,0.50933837890625,0.49066162109375,-0.24609375,0.07421875,0.0546875,-0.001953125,-0.00390625,0.0,1151.5,18.6,188.6,12.2,16.9,,,,,,,,
2026-09-03 17:16:11.240776,0.43853759765625,0.5548095703125,0.50726318359375,0.49249267578125,-0.328125,0.06640625,-0.10546875,0.00390625,-0.00390625,0.0,1158.5,18.0,188.6,12.2,16.9,,,,,,,,
2026-09-03 17:16:11.340992,0.43646240234375,0.55645751953125,0.50506591796875,0.4947509765625,-0.203125,-0.1640625,0.015625,0.001953125,-0.009765625,0.01171875,1158.5,18.0,188.6,12.2,16.9,,,,,,,,
2026-09-03 17:16:11.440533,0.43450927734375,0.55816650390625,0.50274658203125,0.49688720703125,0.02734375,-0.1171875,-0.03125,0.001953125,-0.0078125,0.013671875,1222.5,17.4,188.6,11.4,16.9,,,,,,,,
2026-09-03 17:16:11.538401,0.4324951171875,0.56005859375,0.50030517578125,0.49896240234375,0.12890625,-0.015625,0.0625,0.0,-0.009765625,0.0,1222.5,17.4,188.6,11.4,16.9,,,,,,,,
2026-09-03 17:16:11.641189,0.43109130859375,0.56182861328125,0.49786376953125,0.5006103515625,0.10546875,-0.078125,0.078125,0.013671875,-0.0078125,0.0,1271.0,16.2,188.6,11.0,16.9,,,,,,,,
2026-09-03 17:16:11.740661,0.42999267578125,0.56329345703125,0.4957275390625,0.50201416015625,0.09765625,0.08203125,-0.16015625,0.009765625,-0.01171875,-0.00390625,1271.0,16.2,188.6,11.0,16.9,,,,,,,,
2026-09-03 17:16:11.840432,0.42974853515625,0.56378173828125,0.49481201171875,0.502685546875,0.3515625,0.12109375,-0.265625,-0.00390625,-0.0078125,-0.00390625,1210.0,15.5,188.6,11.4,16.9,,,,,,,,
2026-09-03 17:16:11.940112,0.42950439453125,0.5638427734375,0.4942626953125,0.5032958984375,-0.1015625,-0.46875,-0.03515625,0.001953125,-0.009765625,-0.009765625,1210.0,15.5,188.6,11.4,16.9,,,,,,,,
2026-09-03 17:16:12.034899,0.42962646484375,0.5643310546875,0.49334716796875,0.5035400390625,-0.0390625,0.07421875,-0.05859375,0.001953125,-0.005859375,-0.01171875,1154.5,14.9,188.6,11.8,16.9,,,,,,,,
2026-09-03 17:16:12.140709,0.42962646484375,0.5648193359375,0.49249267578125,0.5037841796875,0.05078125,-0.515625,0.15625,0.013671875,-0.00390625,-0.013671875,1154.5,14.9,188.6,11.8,16.9,,,,,,,,
2026-09-03 17:16:12.248031,0.429931640625,0.565673828125,0.49127197265625,0.5037841796875,0.0078125,0.15234375,-0.18359375,0.017578125,-0.0078125,-0.005859375,1082.0,13.7,188.6,12.9,16.5,,,,,,,,
2026-09-03 17:16:12.338889,0.42950439453125,0.56597900390625,0.490478515625,0.50457763671875,0.0390625,0.40625,-0.328125,-0.009765625,-0.01171875,-0.009765625,1082.0,13.7,188.6,12.9,16.5,,,,,,,,
2026-09-03 17:16:12.440024,0.42913818359375,0.56610107421875,0.48992919921875,0.50531005859375,-0.08203125,-0.1484375,0.44140625,-0.013671875,-0.009765625,0.00390625,1010.75,13.0,188.6,14.1,16.5,,,,,,,,
2026-09-03 17:16:12.535100,0.4293212890625,0.56689453125,0.4888916015625,0.5052490234375,-0.20703125,0.12109375,0.1328125,0.01171875,0.0,0.001953125,1010.75,13.0,188.6,14.1,16.5,,,,,,,,
2026-09-03 17:16:12.634668,0.429443359375,0.5673828125,0.48809814453125,0.50537109375,-0.19921875,0.1328125,0.1328125,0.01171875,-0.005859375,0.001953125,934.25,11.8,188.6,16.1,16.1,,,,,,,,
2026-09-03 17:16:12.735953,0.4290771484375,0.56829833984375,0.4864501953125,0.5062255859375,-0.1640625,-0.1640625,-0.44140625,0.009765625,-0.0078125,0.0078125,934.25,11.8,188.6,16.1,16.1,,,,,,,,
2026-09-03 17:16:12.836078,0.42822265625,0.5693359375,0.48492431640625,0.50732421875,-0.06640625,0.04296875,-0.2734375,0.001953125,-0.001953125,0.013671875,859.25,11.2,188.6,18.4,16.5,,,,,,,,
2026-09-03 17:16:12.935651,0.427490234375,0.57025146484375,0.483642578125,0.50811767578125,-0.02734375,0.10546875,0.13671875,-0.001953125,-0.005859375,0.2578125,859.25,11.2,188.6,18.4,16.5,,,,,,,,
2026-09-03 17:16:13.036248,0.4273681640625,0.57086181640625,0.48248291015625,0.508544921875,0.02734375,0.50390625,-0.1875,-0.013671875,-0.009765625,0.001953125,818.75,9.9,188.6,22.4,16.5,,,,,,,,
2026-09-03 17:16:13.135806,0.4268798828125,0.57073974609375,0.4825439453125,0.50909423828125,0.125,-0.1484375,0.3203125,-0.01953125,0.0,0.001953125,818.75,9.9,188.6,22.4,16.5,,,,,,,,
2026-09-03 17:16:13.235111,0.4268798828125,0.57073974609375,0.48272705078125,0.5089111328125,-0.36328125,0.47265625,0.1953125,-0.005859375,-0.001953125,0.017578125,810.75,8.7,188.6,23.9,16.5,,,,,,,,
2026-09-03 17:16:13.335611,0.42669677734375,0.57012939453125,0.4835205078125,0.509033203125,0.09375,-0.45703125,0.1953125,-0.013671875,0.00390625,0.015625,810.75,8.7,188.6,23.9,16.5,,,,,,,,
2026-09-03 17:16:13.435678,0.42724609375,0.5701904296875,0.483154296875,0.50885009765625,0.4453125,-0.2890625,-0.265625,-0.001953125,-0.005859375,0.0078125,804.5,8.1,188.6,24.3,16.5,,,,,,,,
2026-09-03 17:16:13.535403,0.4268798828125,0.5699462890625,0.48333740234375,0.50921630859375,0.1015625,-0.68359375,0.265625,-0.0078125,-0.001953125,0.0,804.5,8.1,188.6,24.3,16.5,,,,,,,,
2026-09-03 17:16:13.635333,0.4271240234375,0.56982421875,0.4833984375,0.50909423828125,0.0,0.3203125,-0.04296875,-0.005859375,-0.00390625,0.001953125,753.75,6.8,188.6,25.1,16.9,,,,,,,,
2026-09-03 17:16:13.735157,0.42718505859375,0.569091796875,0.48406982421875,0.50927734375,0.453125,-0.4921875,0.21875,-0.021484375,-0.00390625,0.0078125,753.75,6.8,188.6,25.1,16.9,,,,,,,,
2026-09-03 17:16:13.835368,0.4276123046875,0.56866455078125,0.484375,0.50909423828125,0.36328125,-0.22265625,0.015625,0.0,-0.00390625,-0.00390625,733.5,6.2,188.6,27.5,16.5,,,,,,,,
2026-09-03 17:16:14.050205,0.42974853515625,0.56536865234375,0.487548828125,0.5079345703125,-0.07421875,0.296875,0.10546875,-0.005859375,-0.015625,-0.013671875,738.25,5.6,188.6,27.8,16.5,,,,,,,,
2026-09-03 17:16:14.492992,0.44525146484375,0.54779052734375,0.50177001953125,0.4998779296875,0.3046875,0.27734375,-0.0625,-0.013671875,-0.029296875,-0.02734375,754.5,5.0,188.6,28.2,17.3,,,,,,,,
2026-09-03 17:16:14.584788,0.4515380859375,0.54168701171875,0.50762939453125,0.4949951171875,0.21875,0.23828125,0.0234375,-0.029296875,-0.00390625,-0.005859375,754.5,5.0,188.6,28.2,17.3,,,,,,,,
2026-09-03 17:16:14.691888,0.4576416015625,0.53594970703125,0.51361083984375,0.4893798828125,0.12890625,-0.19140625,0.16015625,-0.01171875,-0.00390625,-0.001953125,807.75,5.0,188.6,31.0,18.4,,,,,,,,
2026-09-03 17:16:14.791484,0.4632568359375,0.53076171875,0.51824951171875,0.48486328125,0.0546875,0.0390625,0.05078125,0.005859375,-0.28125,-0.005859375,807.75,5.0,188.6,31.0,18.4,,,,,,,,
2026-09-03 17:16:14.890251,0.46826171875,0.52569580078125,0.52197265625,0.4815673828125,0.19140625,0.11328125,-0.00390625,0.005859375,-0.021484375,0.00390625,903.0,5.0,188.6,33.7,19.2,,,,,,,,
2026-09-03 17:16:14.991050,0.47198486328125,0.521240234375,0.52557373046875,0.47882080078125,0.2578125,-0.0546875,-0.01953125,0.009765625,-0.005859375,-0.009765625,903.0,5.0,188.6,33.7,19.2,,,,,,,,
2026-09-03 17:16:15.090920,0.47528076171875,0.51788330078125,0.5284423828125,0.47607421875,0.1796875,0.09765625,-0.0703125,0.0,-0.0234375,-0.015625,1087.5,5.0,188.6,31.8,22.0,,,,,,,,
2026-09-03 17:16:15.191428,0.47857666015625,0.5142822265625,0.5308837890625,0.4739990234375,0.27734375,-0.1015625,0.05078125,-0.005859375,-0.0234375,0.0,1087.5,5.0,188.6,31.8,22.0,,,,,,,,
2026-09-03 17:16:15.291132,0.4820556640625,0.51055908203125,0.533447265625,0.4715576171875,0.44921875,-0.0703125,0.1796875,-0.0078125,-0.013671875,0.005859375,1310.75,5.6,188.6,33.7,24.3,,,,,,,,
2026-09-03 17:16:15.391201,0.48541259765625,0.50689697265625,-1.46368408203125,0.46881103515625,0.5,-0.0390625,0.01953125,-0.001953125,-0.013671875,0.0078125,1310.75,5.6,188.6,33.7,24.3,,,,,,,,
2026-09-03 17:16:15.491511,0.489013671875,0.5028076171875,0.53948974609375,0.46588134765625,0.390625,-0.04296875,0.0703125,0.0,-0.021484375,-0.0078125,1560.75,5.6,188.6,29.0,23.5,,,,,,,,
2026-09-03 17:16:15.591595,0.49261474609375,0.498291015625,0.54266357421875,0.46319580078125,0.2421875,-0.03515625,0.02734375,0.0,-0.0234375,-0.009765625,1560.75,5.6,188.6,29.0,23.5,,,,,,,,
2026-09-03 17:16:15.691951,0.4964599609375,0.49365234375,0.5458984375,0.46026611328125,0.1875,-0.03515625,-0.05078125,-0.009765625,-0.015625,-0.01171875,1621.75,6.2,188.6,24.3,23.5,,,,,,,,
2026-09-03 17:16:15.792166,0.49981689453125,0.4891357421875,0.54913330078125,0.45758056640625,0.0546875,0.0078125,-0.01953125,-0.013671875,-0.021484375,-0.00390625,1621.75,6.2,188.6,24.3,23.5,,,,,,,,
2026-09-03 17:16:15.891661,0.50286865234375,0.48504638671875,-1.44818115234375,0.45538330078125,0.0625,0.19921875,-0.12890625,-0.029296875,-0.0234375,-0.01953125,1609.25,6.8,188.6,23.1,23.1,,,,,,,,
2026-09-03 17:16:15.992164,0.505126953125,0.48126220703125,0.5540771484375,0.4541015625,-0.0546875,-0.375,0.35546875,-0.009765625,-0.015625,-0.0234375,1609.25,6.8,188.6,23.1,23.1,,,,,,,,
2026-09-03 17:16:16.092101,0.50714111328125,0.47894287109375,0.55535888671875,0.4527587890625,-0.0078125,-0.38671875,0.26171875,0.021484375,-0.01953125,-0.04296875,1581.25,7.5,188.6,22.4,22.4,,,,,,,,
2026-09-03 17:16:16.193242,0.50823974609375,0.47821044921875,0.55517578125,0.45257568359375,-0.21875,0.1640625,-0.0390625,0.029296875,-0.02734375,-0.048828125,1581.25,7.5,188.6,22.4,22.4,,,,,,,,
2026-09-03 17:16:16.292563,0.50830078125,0.4793701171875,0.5528564453125,0.4541015625,-0.41015625,1.66796875,-1.578125,-0.068359375,-0.02734375,-0.037109375,1542.0,8.1,188.6,23.1,22.7,,,,,,,,
2026-09-03 17:16:16.392043,0.5059814453125,0.47705078125,0.55377197265625,0.4580078125,-0.94140625,2.2109375,-0.52734375,-0.16015625,-0.001953125,0.001953125,1542.0,8.1,188.6,23.1,22.7,,,,,,,,
2026-09-03 17:16:16.592390,0.50360107421875,0.46728515625,0.56109619140625,0.46173095703125,-0.28125,-0.25390625,1.44140625,-0.064453125,-0.0390625,0.08203125,1573.25,8.1,188.6,25.9,24.3,,,,,,,,
2026-09-03 17:16:16.691955,0.5057373046875,0.4625244140625,0.56341552734375,0.46136474609375,-0.0234375,-1.265625,0.875,0.037109375,-0.05078125,0.072265625,1671.75,8.7,188.6,26.7,25.1,,,,,,,,
2026-09-03 17:16:16.791675,0.50994873046875,0.460205078125,0.56329345703125,0.45916748046875,0.0078125,-0.9609375,-0.1875,0.072265625,-0.044921875,0.0625,1671.75,8.7,188.6,26.7,25.1,,,,,,,,
2026-09-03 17:16:16.893286,0.51416015625,0.45733642578125,0.56396484375,0.45654296875,-0.03125,-0.37890625,-0.46484375,0.03515625,-0.046875,0.041015625,1732.0,9.3,188.6,25.1,25.1,,,,,,,,
2026-09-03 17:16:16.991896,0.5174560546875,0.45538330078125,0.5634765625,0.45538330078125,0.01171875,0.05078125,-0.43359375,0.021484375,-0.044921875,0.052734375,1732.0,9.3,188.6,25.1,25.1,,,,,,,,
2026-09-03 17:16:17.092926,0.5203857421875,0.452880859375,0.56378173828125,0.4541015625,0.06640625,-0.01171875,-0.26953125,0.001953125,-0.02734375,0.09375,1740.5,9.9,188.6,25.1,25.9,,,,,,,,
2026-09-03 17:16:17.192661,0.52288818359375,0.4495849609375,0.56549072265625,0.452392578125,0.921875,0.03515625,-0.35546875,-0.0234375,-0.048828125,0.052734375,1740.5,9.9,188.6,25.1,25.9,,,,,,,,
2026-09-03 17:16:17.292475,0.52435302734375,0.44622802734375,0.56610107421875,0.45330810546875,1.98828125,1.0234375,-0.06640625,-0.01953125,-0.046875,-0.037109375,1769.5,9.9,188.6,25.9,26.3,,,,,,,,
2026-09-03 17:16:17.393317,0.52288818359375,0.44622802734375,0.5645751953125,0.4569091796875,0.53515625,0.92578125,0.01953125,-0.041015625,0.0234375,-0.134765625,1769.5,9.9,188.6,25.9,26.3,,,,,,,,
2026-09-03 17:16:17.493294,0.51861572265625,0.44915771484375,0.56280517578125,0.46099853515625,-0.328125,0.08984375,0.5703125,0.029296875,0.009765625,-0.087890625,1829.5,10.6,188.6,29.0,28.6,,,,,,,,
2026-09-03 17:16:17.595314,0.51715087890625,0.4521484375,0.56036376953125,0.462646484375,0.015625,-0.42578125,-0.06640625,0.00390625,-0.029296875,-0.017578125,1829.5,10.6,188.6,29.0,28.6,,,,,,,,
2026-09-03 17:16:17.694931,0.5177001953125,0.4517822265625,0.55938720703125,0.46368408203125,0.12109375,-0.74609375,-0.1640625,0.021484375,-0.025390625,0.015625,1917.75,11.2,188.6,31.8,29.0,,,,,,,,
2026-09-03 17:16:17.791204,0.5191650390625,0.4510498046875,0.5589599609375,0.4632568359375,0.15234375,-0.5546875,-0.04296875,0.01171875,-0.0078125,0.0,1917.75,11.2,188.6,31.8,29.0,,,,,,,,
2026-09-03 17:16:17.891183,0.52001953125,0.4508056640625,0.55877685546875,0.4627685546875,0.375,-0.5546875,0.90234375,0.056640625,-0.01953125,-0.005859375,1946.75,11.8,188.6,32.2,28.6,,,,,,,,
2026-09-03 17:16:17.991551,0.52191162109375,0.4517822265625,0.55694580078125,0.46185302734375,0.26171875,-0.640625,0.3046875,0.05859375,-0.033203125,-0.0234375,1946.75,11.8,188.6,32.2,28.6,,,,,,,,
2026-09-03 17:16:18.091507,0.5235595703125,0.452880859375,0.55462646484375,0.46173095703125,0.3515625,-0.3046875,-0.18359375,0.013671875,-0.01953125,-0.029296875,1967.0,12.4,188.6,32.5,27.8,,,,,,,,
2026-09-03 17:16:18.191792,0.52410888671875,0.45355224609375,0.5531005859375,0.45440673828125,0.21484375,-0.44921875,0.10546875,0.052734375,-0.271484375,-0.025390625,1967.0,12.4,188.6,32.5,27.8,,,,,,,,
2026-09-03 17:16:18.292315,0.52508544921875,0.45489501953125,0.55084228515625,0.46246337890625,0.8203125,-0.1796875,-0.421875,0.025390625,-0.037109375,-0.08984375,1982.75,13.0,188.6,32.5,27.5,,,,,,,,
2026-09-03 17:16:18.392488,0.52459716796875,0.45635986328125,0.5479736328125,0.465087890625,0.5859375,0.5,-0.22265625,-0.0078125,-0.017578125,-0.09765625,1982.75,13.0,188.6,32.5,27.5,,,,,,,,
2026-09-03 17:16:18.492555,0.5228271484375,0.458251953125,0.54559326171875,0.468017578125,-0.1484375,0.1953125,0.35546875,0.015625,-0.001953125,-0.0859375,2000.75,13.0,188.6,32.5,27.1,,,,,,,,
2026-09-03 17:16:18.592508,0.52130126953125,0.4595947265625,0.54412841796875,0.4700927734375,-0.33203125,2.40234375,-1.5078125,-0.095703125,0.0,-0.04296875,2000.75,13.0,188.6,32.5,27.1,,,,,,,,
2026-09-03 17:16:18.692985,0.51983642578125,0.4569091796875,0.54608154296875,0.4720458984375,0.09765625,-0.09765625,-0.14453125,-0.017578125,-0.037109375,0.083984375,2033.5,14.3,188.6,32.9,27.1,,,,,,,,
2026-09-03 17:16:19.232377,0.51983642578125,0.4569091796875,0.54608154296875,0.4720458984375,0.09765625,-0.09765625,-0.14453125,0.005859375,-0.03515625,0.107421875,1976.5,15.5,188.6,31.4,25.5,,,,,,,,
2026-09-03 17:16:19.332537,0.51983642578125,0.4569091796875,0.54608154296875,0.4720458984375,0.09765625,-0.09765625,-0.14453125,0.005859375,-0.03515625,0.107421875,1976.5,15.5,188.6,31.4,25.5,,,,,,,,
2026-09-03 17:16:19.432647,0.51983642578125,0.4569091796875,0.54608154296875,0.4720458984375,0.09765625,-0.09765625,-0.14453125,0.005859375,-0.03515625,0.107421875,2007.75,16.2,188.6,32.2,25.5,,,,,,,,
2026-09-03 17:16:19.532694,0.51983642578125,0.4569091796875,0.54608154296875,0.4720458984375,0.09765625,-0.09765625,-0.14453125,0.005859375,-0.03515625,0.107421875,2007.75,16.2,188.6,32.2,25.5,,,,,,,,
2026-09-03 17:16:19.633027,0.51983642578125,0.4569091796875,0.54608154296875,0.4720458984375,0.09765625,-0.09765625,-0.14453125,0.005859375,-0.03515625,0.107421875,2046.75,17.4,188.6,31.0,25.9,,,,,,,,
2026-09-03 17:16:19.733056,0.51983642578125,0.4569091796875,0.54608154296875,0.4720458984375,0.09765625,-0.09765625,-0.14453125,0.005859375,-0.03515625,0.107421875,2046.75,17.4,188.6,31.0,25.9,,,,,,,,
2026-09-03 17:16:19.833066,0.51983642578125,0.4569091796875,0.54608154296875,0.4720458984375,0.09765625,-0.09765625,-0.14453125,0.005859375,-0.03515625,0.107421875,2022.5,17.4,188.6,31.4,25.5,,,,,,,,
2026-09-03 17:16:19.933476,0.51983642578125,0.4569091796875,0.54608154296875,0.4720458984375,0.09765625,-0.09765625,-0.14453125,0.005859375,-0.03515625,0.107421875,2022.5,17.4,188.6,31.4,25.5,,,,,,,,
2026-09-03 17:16:20.033346,0.51983642578125,0.4569091796875,0.54608154296875,0.4720458984375,0.09765625,-0.09765625,-0.14453125,0.005859375,-0.03515625,0.107421875,1998.25,17.4,188.6,28.6,23.9,,,,,,,,
2026-09-03 17:16:20.133249,0.51983642578125,0.4569091796875,0.54608154296875,0.4720458984375,0.09765625,-0.09765625,-0.14453125,0.005859375,-0.03515625,0.107421875,1998.25,17.4,188.6,28.6,23.9,,,,,,,,
2026-09-03 17:16:20.233628,0.51983642578125,0.4569091796875,0.54608154296875,0.4720458984375,0.09765625,-0.09765625,-0.14453125,0.005859375,-0.03515625,0.107421875,2035.0,18.0,188.6,25.9,24.7,,,,,,,,
2026-09-03 17:16:20.333636,0.51983642578125,0.4569091796875,0.54608154296875,0.4720458984375,0.09765625,-0.09765625,-0.14453125,0.005859375,-0.03515625,0.107421875,2035.0,18.0,188.6,25.9,24.7,,,,,,,,
2026-09-03 17:16:20.433775,0.51983642578125,0.4569091796875,0.54608154296875,0.4720458984375,0.09765625,-0.09765625,-0.14453125,0.005859375,-0.03515625,0.107421875,2068.75,18.0,188.6,27.1,24.7,,,,,,,,
2026-09-03 17:16:20.534025,0.51983642578125,0.4569091796875,0.54608154296875,0.4720458984375,0.09765625,-0.09765625,-0.14453125,0.005859375,-0.03515625,0.107421875,2068.75,18.0,188.6,27.1,24.7,,,,,,,,
2026-09-03 17:16:20.633612,0.51983642578125,0.4569091796875,0.54608154296875,0.4720458984375,0.09765625,-0.09765625,-0.14453125,0.005859375,-0.03515625,0.107421875,1798.25,18.6,188.6,26.7,23.1,,,,,,,,
2026-09-03 17:16:20.734242,0.51983642578125,0.4569091796875,0.54608154296875,0.4720458984375,0.09765625,-0.09765625,-0.14453125,0.005859375,-0.03515625,0.107421875,1798.25,18.6,188.6,26.7,23.1,,,,,,,,
2026-09-03 17:16:20.834178,0.51983642578125,0.4569091796875,0.54608154296875,0.4720458984375,0.09765625,-0.09765625,-0.14453125,0.005859375,-0.03515625,0.107421875,1596.0,18.6,188.6,25.5,22.7,,,,,,,,
2026-09-03 17:16:20.934327,0.51983642578125,0.4569091796875,0.54608154296875,0.4720458984375,0.09765625,-0.09765625,-0.14453125,0.005859375,-0.03515625,0.107421875,1596.0,18.6,188.6,25.5,22.7,,,,,,,,
2026-09-03 17:16:21.034420,0.51983642578125,0.4569091796875,0.54608154296875,0.4720458984375,0.09765625,-0.09765625,-0.14453125,0.005859375,-0.03515625,0.107421875,1525.0,19.3,188.6,30.2,23.1,,,,,,,,
2026-09-03 17:16:23.011685,0.5343017578125,0.46343994140625,0.5338134765625,0.46343994140625,0.4375,9.79296875,0.11328125,0.0,-0.005859375,-0.0078125,1613.25,20.5,190.4,21.6,23.1,,,,,,,,
2026-09-03 17:16:23.110017,0.5343017578125,0.46331787109375,0.5335693359375,0.4638671875,0.8359375,8.51953125,0.26953125,0.013671875,-0.0078125,0.025390625,1613.25,20.5,190.4,21.6,23.1,,,,,,,,
2026-09-03 17:16:23.211820,0.53387451171875,0.4627685546875,0.53399658203125,0.4644775390625,0.88671875,9.1171875,0.34375,0.00390625,-0.00390625,0.0,1632.75,20.5,190.4,22.4,23.5,,,,,,,,
2026-09-03 17:16:23.309767,0.5283203125,0.47015380859375,0.52734375,0.470947265625,0.6328125,9.2578125,0.22265625,0.029296875,-0.0078125,0.01171875,1632.75,20.5,190.4,22.4,23.5,,,,,,,,
2026-09-03 17:16:23.410539,0.52789306640625,0.47100830078125,0.5263671875,0.47161865234375,0.57421875,8.03515625,-0.16796875,-0.017578125,-0.001953125,-0.009765625,1617.75,20.5,190.4,22.4,23.1,,,,,,,,
2026-09-03 17:16:23.511271,0.52728271484375,0.47088623046875,0.526123046875,0.47265625,0.80859375,7.70703125,-0.28515625,-0.013671875,-0.01171875,0.048828125,1617.75,20.5,190.4,22.4,23.1,,,,,,,,
2026-09-03 17:16:23.610184,0.52716064453125,0.469970703125,0.52667236328125,0.47314453125,0.85546875,7.79296875,-0.03125,-0.03125,-0.001953125,0.0078125,1632.75,20.5,190.4,21.2,23.1,,,,,,,,
2026-09-03 17:16:23.709678,0.52667236328125,0.4693603515625,0.5272216796875,0.4736328125,0.640625,7.91015625,0.07421875,-0.005859375,0.01171875,0.0078125,1632.75,20.5,190.4,21.2,23.1,,,,,,,,
2026-09-03 17:16:23.810193,0.526611328125,0.4697265625,0.5269775390625,0.4736328125,-0.1953125,7.296875,0.11328125,0.015625,-0.013671875,0.01953125,1649.0,20.5,190.4,21.2,23.1,,,,,,,,
2026-09-03 17:16:23.910326,0.5272216796875,0.47027587890625,0.5262451171875,0.47320556640625,0.921875,6.140625,-0.125,0.013671875,-0.009765625,0.01171875,1649.0,20.5,190.4,21.2,23.1,,,,,,,,
2026-09-03 17:16:24.011072,0.5274658203125,0.47021484375,0.52593994140625,0.4732666015625,1.08203125,5.41015625,0.12890625,-0.033203125,-0.005859375,0.013671875,1660.0,21.1,190.4,20.8,23.1,,,,,,,,
2026-09-03 17:16:24.111971,0.5272216796875,0.46923828125,0.52667236328125,0.47381591796875,0.62890625,5.69140625,0.28125,-0.015625,0.001953125,0.02734375,1660.0,21.1,190.4,20.8,23.1,,,,,,,,
2026-09-03 17:16:24.211828,0.52752685546875,0.46905517578125,0.52679443359375,0.4735107421875,-0.12890625,6.51171875,0.12109375,0.0,0.0,0.02734375,1669.5,21.1,190.4,20.8,23.5,,,,,,,,
2026-09-03 17:16:24.311513,0.527587890625,0.46978759765625,0.5262451171875,0.473388671875,-0.14453125,6.27734375,-0.0703125,-0.005859375,-0.001953125,-0.005859375,1669.5,21.1,190.4,20.8,23.5,,,,,,,,
2026-09-03 17:16:24.411288,0.52740478515625,0.4700927734375,0.52587890625,0.47357177734375,0.8359375,4.8203125,0.10546875,-0.0234375,-0.01171875,0.0234375,1670.25,21.1,190.4,20.8,23.5,,,,,,,,
2026-09-03 17:16:24.511250,0.52716064453125,0.4698486328125,0.52581787109375,0.47418212890625,0.765625,4.25,0.3828125,0.005859375,-0.001953125,0.02734375,1670.25,21.1,190.4,20.8,23.5,,,,,,,,
2026-09-03 17:16:24.611574,0.5277099609375,0.469482421875,0.526123046875,0.4736328125,0.46484375,4.65625,0.05859375,-0.01171875,0.001953125,0.0,1682.0,21.1,190.4,20.8,23.5,,,,,,,,
2026-09-03 17:16:24.710583,0.52777099609375,0.46917724609375,0.5264892578125,0.47344970703125,0.17578125,4.1171875,0.48046875,0.0078125,-0.005859375,0.025390625,1682.0,21.1,190.4,20.8,23.5,,,,,,,,
2026-09-03 17:16:24.812612,0.52813720703125,0.46954345703125,0.52593994140625,0.4732666015625,-0.22265625,5.27734375,-0.24609375,-0.005859375,-0.009765625,0.005859375,1664.75,21.1,190.4,19.6,23.1,,,,,,,,
2026-09-03 17:16:24.909691,0.52783203125,0.4696044921875,0.5257568359375,0.4737548828125,0.34375,3.734375,0.3203125,-0.001953125,0.005859375,-0.2578125,1664.75,21.1,190.4,19.6,23.1,,,,,,,,
2026-09-03 17:16:25.009393,0.52783203125,0.47052001953125,0.52496337890625,0.47369384765625,0.3671875,2.234375,-0.171875,0.013671875,0.0,-0.0078125,1689.0,21.1,190.4,19.6,22.7,,,,,,,,
2026-09-03 17:16:25.109514,0.52789306640625,0.4710693359375,0.5244140625,0.47369384765625,0.75,2.4296875,-0.20703125,-0.01171875,0.001953125,-0.021484375,1689.0,21.1,190.4,19.6,22.7,,,,,,,,
2026-09-03 17:16:25.210000,0.527099609375,0.4713134765625,0.52423095703125,0.47454833984375,-0.484375,3.90234375,-0.40625,-0.021484375,-0.005859375,-0.01171875,1683.5,21.1,190.4,19.6,23.1,,,,,,,,
2026-09-03 17:16:25.509858,0.52728271484375,0.46942138671875,0.52593994140625,0.47430419921875,-0.75390625,3.08984375,-0.01171875,0.013671875,-0.01171875,0.0625,1703.75,21.1,190.4,19.2,22.7,,,,,,,,
2026-09-03 17:16:25.609833,0.528076171875,0.4688720703125,0.52593994140625,0.47406005859375,0.83203125,0.6171875,0.21875,0.0234375,-0.26171875,-0.005859375,1652.25,21.7,190.4,19.2,20.8,,,,,,,,
2026-09-03 17:16:25.710889,0.5279541015625,0.46923828125,0.52545166015625,0.47430419921875,0.1484375,2.1484375,0.2578125,-0.01171875,0.001953125,-0.01171875,1652.25,21.7,190.4,19.2,20.8,,,,,,,,
2026-09-03 17:16:25.811348,0.5274658203125,0.4696044921875,0.525146484375,0.474853515625,-0.05078125,2.08203125,0.1796875,0.0078125,-0.001953125,-0.01171875,1529.5,21.7,190.4,18.8,18.8,,,,,,,,
2026-09-03 17:16:25.910796,0.5272216796875,0.4703369140625,0.5245361328125,0.47515869140625,0.41796875,2.40234375,-0.6953125,0.05859375,-0.00390625,-0.03515625,1529.5,21.7,190.4,18.8,18.8,,,,,,,,
2026-09-03 17:16:26.011252,0.52764892578125,0.47076416015625,0.52398681640625,0.47479248046875,-0.578125,2.26953125,0.08203125,0.015625,-0.00390625,-0.009765625,1410.0,21.1,190.4,12.2,17.6,,,,,,,,
2026-09-03 17:16:26.111007,0.52813720703125,0.47064208984375,0.52386474609375,0.47442626953125,0.25,1.1484375,0.2421875,0.0078125,0.0,-0.017578125,1410.0,21.1,190.4,12.2,17.6,,,,,,,,
2026-09-03 17:16:26.210901,0.5272216796875,0.47119140625,0.5233154296875,0.4755859375,-0.01953125,1.95703125,-0.40625,-0.01171875,-0.00390625,-0.005859375,1297.5,21.1,190.4,12.9,17.3,,,,,,,,
2026-09-03 17:16:26.311152,0.5262451171875,0.47100830078125,0.52337646484375,0.47674560546875,0.06640625,1.46484375,0.50390625,0.0,0.0,-0.005859375,1297.5,21.1,190.4,12.9,17.3,,,,,,,,
2026-09-03 17:16:26.410784,0.52606201171875,0.470947265625,0.52349853515625,0.47686767578125,-0.6015625,1.9765625,0.84765625,-0.013671875,0.0,-0.009765625,1275.75,21.1,190.4,11.4,16.5,,,,,,,,
2026-09-03 17:16:26.631128,0.52569580078125,0.46990966796875,0.52398681640625,0.47784423828125,-0.03515625,0.609375,0.06640625,0.00390625,-0.001953125,0.25390625,1288.25,21.1,190.4,9.8,16.5,,,,,,,,
2026-09-03 17:16:26.727624,0.525146484375,0.47015380859375,0.5238037109375,0.47833251953125,-0.42578125,1.02734375,-0.046875,-0.009765625,-0.001953125,-0.021484375,1288.25,21.1,190.4,9.8,16.5,,,,,,,,
2026-09-03 17:16:26.827348,0.523681640625,0.4720458984375,0.522216796875,0.4798583984375,-0.47265625,0.99609375,-0.5390625,0.033203125,0.0,-0.021484375,1280.25,21.1,190.4,9.8,16.5,,,,,,,,
2026-09-03 17:16:26.928245,0.52166748046875,0.47296142578125,0.5211181640625,0.48236083984375,-0.2109375,2.16015625,-0.46875,-0.02734375,-0.001953125,-0.001953125,1280.25,21.1,190.4,9.8,16.5,,,,,,,,
2026-09-03 17:16:27.135462,0.5203857421875,0.4725341796875,0.5211181640625,0.48406982421875,-0.9375,0.03515625,0.2265625,-0.02734375,-0.009765625,0.0,1235.0,20.5,190.4,10.6,16.9,,,,,,,,
2026-09-03 17:16:27.232724,0.51934814453125,0.4716796875,0.520751953125,0.48638916015625,-0.8671875,0.5703125,0.44140625,-0.00390625,-0.017578125,0.005859375,1235.0,20.5,190.4,10.6,16.9,,,,,,,,
2026-09-03 17:16:27.332508,0.51922607421875,0.4720458984375,0.51953125,0.487548828125,-0.19140625,0.5625,-0.2578125,-0.2578125,-0.017578125,0.01953125,1235.0,20.5,190.4,10.6,16.9,,,,,,,,
2026-09-03 17:16:27.433036,0.5181884765625,0.472900390625,0.5177001953125,0.48968505859375,-0.890625,1.16796875,-0.44921875,-0.001953125,-0.015625,-0.025390625,1228.0,19.9,190.4,10.6,16.9,,,,,,,,
2026-09-03 17:16:27.532557,0.5177001953125,0.472900390625,0.51678466796875,0.49114990234375,-0.8203125,1.12890625,-1.0703125,-0.03515625,-0.0078125,-0.013671875,1228.0,19.9,190.4,10.6,16.9,,,,,,,,
2026-09-03 17:16:27.632733,0.51788330078125,0.47283935546875,0.51568603515625,0.4921875,-0.61328125,0.28515625,-0.03515625,0.015625,-0.01953125,-0.033203125,1212.5,19.9,190.4,10.6,16.9,,,,,,,,
2026-09-03 17:16:27.733993,0.5179443359375,0.4720458984375,0.5150146484375,0.49365234375,-0.4375,0.3203125,0.41015625,-0.001953125,-0.025390625,-0.064453125,1197.5,19.9,190.4,11.0,16.9,,,,,,,,
2026-09-03 17:16:27.833782,0.51861572265625,0.47149658203125,0.5137939453125,0.49468994140625,-0.6484375,0.16796875,0.32421875,0.00390625,-0.03515625,-0.005859375,1197.5,19.9,190.4,11.0,16.9,,,,,,,,
2026-09-03 17:16:28.038533,0.518798828125,0.4713134765625,0.5123291015625,0.4962158203125,-0.7109375,-0.1015625,0.77734375,0.00390625,-0.025390625,-0.041015625,1173.25,19.3,190.4,11.4,16.9,,,,,,,,
2026-09-03 17:16:28.135763,0.51702880859375,0.4722900390625,0.5091552734375,0.50042724609375,-0.38671875,0.51171875,-0.546875,-0.01953125,-0.021484375,-0.03125,1197.5,18.6,190.4,11.8,16.9,,,,,,,,
2026-09-03 17:16:28.236170,0.5162353515625,0.47265625,0.50732421875,0.502685546875,-1.18359375,0.82421875,0.02734375,0.001953125,-0.025390625,-0.037109375,1197.5,18.6,190.4,11.8,16.9,,,,,,,,
2026-09-03 17:16:28.336014,0.5164794921875,0.47198486328125,0.50634765625,-1.49591064453125,-0.9765625,0.41796875,-0.2890625,0.001953125,-0.03515625,0.01953125,1252.25,18.0,190.4,11.0,16.9,,,,,,,,
2026-09-03 17:16:28.435792,0.51708984375,0.47076416015625,0.50567626953125,0.5052490234375,-0.73046875,-0.5703125,0.5078125,-0.01171875,-0.037109375,0.037109375,1252.25,18.0,190.4,11.0,16.9,,,,,,,,
2026-09-03 17:16:28.536235,0.5179443359375,0.47064208984375,0.50396728515625,0.5062255859375,-0.69140625,-0.31640625,0.4765625,0.037109375,-0.0390625,-0.029296875,1310.0,17.4,190.4,10.2,17.3,,,,,,,,
2026-09-03 17:16:28.635831,0.51800537109375,0.47052001953125,0.50225830078125,0.5079345703125,-0.828125,0.42578125,-0.02734375,-0.013671875,-0.037109375,-0.02734375,1310.0,17.4,190.4,10.2,17.3,,,,,,,,
2026-09-03 17:16:28.735655,0.51629638671875,0.470947265625,0.5006103515625,0.51092529296875,-0.91796875,0.37109375,0.38671875,-0.009765625,-0.0234375,-0.025390625,1335.0,16.8,190.4,10.2,17.3,,,,,,,,
2026-09-03 17:16:28.835488,0.51568603515625,0.47222900390625,0.49822998046875,0.51263427734375,-1.40234375,-0.2578125,0.36328125,0.013671875,-0.01953125,-0.033203125,1335.0,16.8,190.4,10.2,17.3,,,,,,,,
2026-09-03 17:16:28.936918,0.515869140625,0.4730224609375,0.49615478515625,0.5137939453125,-1.046875,0.8359375,-0.08203125,0.017578125,-0.033203125,0.0078125,1283.5,16.2,190.4,10.6,17.3,,,,,,,,
2026-09-03 17:16:29.035167,0.51629638671875,0.4725341796875,0.49554443359375,0.514404296875,-0.52734375,0.20703125,-0.03515625,0.017578125,-0.025390625,0.025390625,1283.5,16.2,190.4,10.6,17.3,,,,,,,,
2026-09-03 17:16:29.135388,0.5164794921875,0.4720458984375,0.494873046875,0.5152587890625,-0.5703125,0.23046875,-0.07421875,-0.013671875,-0.025390625,0.00390625,1253.75,16.2,190.4,11.0,16.9,,,,,,,,
2026-09-03 17:16:29.235147,0.516357421875,0.4715576171875,0.4940185546875,0.51666259765625,-0.45703125,-0.08984375,-0.234375,-0.013671875,-0.0234375,-0.013671875,1253.75,16.2,190.4,11.0,16.9,,,,,,,,
2026-09-03 17:16:29.335461,0.515380859375,0.47186279296875,0.49298095703125,0.51837158203125,-0.76171875,-0.21484375,0.1015625,-0.001953125,-0.01171875,0.001953125,1210.75,15.5,190.4,11.4,16.9,,,,,,,,
2026-09-03 17:16:29.434897,0.51519775390625,0.472900390625,0.49127197265625,0.51922607421875,-0.42578125,0.15234375,0.05859375,0.015625,-0.015625,0.0078125,1210.75,15.5,190.4,11.4,16.9,,,,,,,,
2026-09-03 17:16:29.535769,0.51544189453125,0.47381591796875,0.48919677734375,0.52008056640625,-0.19140625,-0.3828125,-0.30859375,0.017578125,-0.02734375,0.0,1148.25,14.9,190.4,12.2,16.9,,,,,,,,
2026-09-03 17:16:29.641867,0.5152587890625,0.4747314453125,0.48736572265625,0.5211181640625,-0.65234375,-0.015625,-0.83984375,0.009765625,-0.009765625,-0.0234375,1148.25,14.9,190.4,12.2,16.9,,,,,,,,
2026-09-03 17:16:29.735451,0.514892578125,0.4759521484375,0.486083984375,0.5216064453125,-0.57421875,-0.2890625,-0.80078125,0.021484375,0.005859375,-0.00390625,1095.25,13.7,190.4,12.9,16.5,,,,,,,,
2026-09-03 17:16:29.842564,0.51458740234375,0.477294921875,0.48516845703125,0.52154541015625,-0.75,0.11328125,-1.13671875,0.025390625,0.01171875,-0.005859375,1095.25,13.7,190.4,12.9,16.5,,,,,,,,
2026-09-03 17:16:29.935157,0.51409912109375,0.47979736328125,0.4840087890625,0.52081298828125,-0.61328125,-0.078125,-1.05859375,0.048828125,0.048828125,0.005859375,1030.25,13.0,190.4,13.7,16.5,,,,,,,,
2026-09-03 17:16:30.042146,0.5123291015625,0.484619140625,0.48187255859375,0.52001953125,-0.83203125,-0.046875,-2.14453125,0.048828125,0.0625,-0.0078125,1030.25,13.0,190.4,13.7,16.5,,,,,,,,
2026-09-03 17:16:30.140784,0.51025390625,0.48846435546875,0.48211669921875,0.5181884765625,-0.59375,0.55859375,-1.546875,0.03515625,0.103515625,0.021484375,967.0,12.4,190.4,15.3,16.1,,,,,,,,
2026-09-03 17:16:30.241170,0.50848388671875,0.49249267578125,0.4833984375,0.5150146484375,-0.77734375,0.19921875,-2.08984375,0.005859375,0.130859375,0.03515625,967.0,12.4,190.4,15.3,16.1,,,,,,,,
2026-09-03 17:16:30.340406,0.50518798828125,0.49658203125,0.4862060546875,0.5115966796875,-0.3046875,0.23046875,-1.875,-0.021484375,0.16796875,0.0,903.75,11.8,190.4,17.3,16.5,,,,,,,,
2026-09-03 17:16:30.441854,0.50054931640625,0.5015869140625,0.4898681640625,0.50787353515625,-0.625,0.06640625,-1.75,0.033203125,0.197265625,0.015625,903.75,11.8,190.4,17.3,16.5,,,,,,,,
2026-09-03 17:16:30.541456,0.49658203125,0.50775146484375,0.49359130859375,0.501953125,-0.39453125,-0.0625,-1.79296875,0.0234375,0.232421875,0.017578125,864.0,10.6,190.4,20.8,16.5,,,,,,,,
2026-09-03 17:16:30.641370,0.49188232421875,0.514892578125,0.49786376953125,0.4949951171875,-0.203125,0.16015625,-1.890625,0.009765625,0.2578125,0.005859375,864.0,10.6,190.4,20.8,16.5,,,,,,,,
2026-09-03 17:16:30.741669,0.4859619140625,0.52239990234375,0.5030517578125,0.48773193359375,-0.13671875,-0.1171875,-1.6953125,0.0234375,0.2734375,0.015625,833.5,9.9,190.4,23.1,16.5,,,,,,,,
2026-09-03 17:16:30.841441,0.4796142578125,0.52215576171875,0.5010986328125,0.47967529296875,-0.03515625,0.19140625,-1.45703125,-0.01171875,0.302734375,0.009765625,833.5,9.9,190.4,23.1,16.5,,,,,,,,
2026-09-03 17:16:30.941904,0.47216796875,0.53729248046875,0.5159912109375,0.4713134765625,-0.06640625,-0.0546875,-1.03125,-0.029296875,0.322265625,-0.00390625,860.75,9.3,190.4,22.7,16.5,,,,,,,,
2026-09-03 17:16:31.041973,0.4635009765625,0.54449462890625,0.5238037109375,0.4630126953125,-0.12890625,-0.109375,-0.53515625,-0.01171875,0.32421875,0.01171875,860.75,9.3,190.4,22.7,16.5,,,,,,,,
2026-09-03 17:16:31.142552,0.45513916015625,0.55181884765625,0.53131103515625,0.45391845703125,0.0546875,0.53515625,-1.0546875,-0.044921875,0.3203125,0.0234375,847.5,9.3,190.4,23.1,16.5,,,,,,,,
2026-09-03 17:16:31.474166,0.42315673828125,0.58294677734375,0.55816650390625,0.4117431640625,-0.0078125,-0.2109375,-0.56640625,0.0390625,0.34375,0.025390625,808.5,8.7,190.4,25.5,16.5,,,,,,,,
2026-09-03 17:16:31.566383,0.41876220703125,0.58685302734375,0.56146240234375,0.40625,-0.21875,-0.4765625,-0.7734375,0.021484375,0.365234375,0.001953125,786.5,8.1,190.4,25.9,16.9,,,,,,,,
2026-09-03 17:16:31.665674,0.4093017578125,0.5953369140625,0.56781005859375,0.39453125,-0.41796875,-0.01171875,-0.89453125,-0.001953125,0.38671875,-0.013671875,786.5,8.1,190.4,25.9,16.9,,,,,,,,
2026-09-03 17:16:31.767192,0.392822265625,0.607421875,0.57855224609375,0.37677001953125,-0.42578125,0.10546875,-0.51171875,-0.013671875,0.400390625,0.001953125,769.5,8.1,190.4,27.5,16.5,,,,,,,,
2026-09-03 17:16:31.865602,0.38800048828125,0.6126708984375,0.58087158203125,0.36968994140625,-0.55859375,0.14453125,-0.1953125,0.015625,0.408203125,0.00390625,769.5,8.1,190.4,27.5,16.5,,,,,,,,
2026-09-03 17:16:31.967433,0.37841796875,0.62359619140625,0.58489990234375,0.35467529296875,-0.65234375,0.2890625,-0.6171875,-0.0078125,0.421875,0.01171875,759.25,7.5,188.6,28.2,16.9,,,,,,,,
2026-09-03 17:16:32.066419,0.36773681640625,0.633056640625,0.5904541015625,0.33966064453125,-0.59765625,-0.515625,-0.30859375,0.013671875,0.4375,0.00390625,759.25,7.5,188.6,28.2,16.9,,,,,,,,
2026-09-03 17:16:32.158501,0.35595703125,0.642578125,0.59600830078125,0.32440185546875,-0.75390625,-0.09375,-0.578125,0.013671875,0.44921875,-0.01171875,766.25,6.8,188.6,29.0,16.5,,,,,,,,
2026-09-03 17:16:32.265007,0.3426513671875,0.65106201171875,0.60260009765625,0.3092041015625,-1.015625,0.13671875,-0.5234375,-0.029296875,0.462890625,-0.005859375,766.25,6.8,188.6,29.0,16.5,,,,,,,,
2026-09-03 17:16:32.359113,0.3291015625,0.65826416015625,0.60992431640625,0.29388427734375,-1.23046875,-0.0625,0.2265625,-0.033203125,0.453125,0.013671875,802.25,6.8,188.6,29.0,16.5,,,,,,,,
2026-09-03 17:16:32.466959,0.310546875,0.669189453125,0.61859130859375,0.27032470703125,-1.1015625,-0.1015625,0.51953125,-0.046875,0.443359375,0.013671875,802.25,6.8,188.6,29.0,16.5,,,,,,,,
2026-09-03 17:16:32.563056,0.30487060546875,0.6729736328125,0.6207275390625,0.26239013671875,-1.1640625,-0.0703125,1.34375,-0.033203125,0.416015625,0.01953125,855.25,6.2,188.6,25.9,16.5,,,,,,,,
2026-09-03 17:16:32.663108,0.29364013671875,0.67950439453125,0.6251220703125,0.2474365234375,-0.734375,-0.1875,1.40625,-0.0078125,0.3984375,0.015625,855.25,6.2,188.6,25.9,16.5,,,,,,,,
2026-09-03 17:16:32.865677,0.265869140625,0.69427490234375,0.633544921875,0.21417236328125,-0.91015625,-0.4765625,1.28125,0.021484375,0.357421875,-0.005859375,863.25,6.2,188.6,22.7,16.5,,,,,,,,
2026-09-03 17:16:32.964673,0.2484130859375,0.6954345703125,0.64117431640625,0.2088623046875,-0.01953125,-0.11328125,-0.87890625,-0.029296875,0.35546875,-0.013671875,822.5,6.2,188.6,23.1,16.5,,,,,,,,
2026-09-03 17:16:33.065135,0.2373046875,0.6982421875,0.645751953125,0.19775390625,-0.09375,0.34765625,0.15625,-0.013671875,0.333984375,-0.015625,822.5,6.2,188.6,23.1,16.5,,,,,,,,
2026-09-03 17:16:33.165499,0.2271728515625,0.70098876953125,0.64959716796875,0.1873779296875,-0.27734375,0.30859375,0.32421875,-0.0078125,0.30859375,-0.005859375,806.25,6.2,188.6,24.3,16.5,,,,,,,,
2026-09-03 17:16:33.265572,0.2169189453125,0.7042236328125,0.65240478515625,0.1771240234375,-0.1875,-0.1953125,0.1640625,0.001953125,0.30078125,-0.009765625,806.25,6.2,188.6,24.3,16.5,,,,,,,,
2026-09-03 17:16:33.365992,0.2064208984375,0.70758056640625,0.6549072265625,0.16693115234375,-0.5625,0.1953125,-0.21875,0.021484375,0.30078125,-0.025390625,788.25,5.6,188.6,24.7,16.5,,,,,,,,
2026-09-03 17:16:33.575371,0.191162109375,0.7117919921875,0.65863037109375,0.15179443359375,-0.4921875,0.33984375,0.203125,0.03515625,0.287109375,-0.01171875,765.5,5.0,188.6,25.9,16.5,,,,,,,,
2026-09-03 17:16:33.674573,0.18426513671875,0.71697998046875,0.65765380859375,0.1395263671875,-0.72265625,0.29296875,1.90625,0.173828125,0.267578125,0.0625,765.5,5.0,188.6,25.9,16.5,,,,,,,,
2026-09-03 17:16:33.774814,0.17083740234375,0.7230224609375,0.65521240234375,0.13702392578125,-0.87890625,1.359375,1.25390625,0.267578125,0.234375,0.1171875,760.0,5.0,188.6,26.7,16.5,,,,,,,,
2026-09-03 17:16:33.874847,0.15484619140625,0.72430419921875,0.65704345703125,0.14044189453125,-1.1953125,2.8515625,-2.72265625,0.041015625,0.21875,0.166015625,760.0,5.0,188.6,26.7,16.5,,,,,,,,
2026-09-03 17:16:33.974347,0.14764404296875,0.72418212890625,0.66046142578125,0.13250732421875,-0.0859375,0.3828125,-1.9765625,0.0078125,0.24609375,0.142578125,750.0,4.3,188.6,27.5,16.5,,,,,,,,
2026-09-03 17:16:34.074587,0.140869140625,0.72235107421875,0.6658935546875,0.1221923828125,-0.26171875,-0.3515625,-0.8984375,-0.138671875,0.25390625,0.12109375,750.0,4.3,188.6,27.5,16.5,,,,,,,,
2026-09-03 17:16:34.175401,0.1334228515625,0.71630859375,0.67535400390625,0.11383056640625,-0.41015625,-1.51171875,1.38671875,-0.203125,0.224609375,0.08984375,735.75,4.3,188.6,27.8,16.5,,,,,,,,
2026-09-03 17:16:34.274822,0.12750244140625,0.71270751953125,0.681640625,0.105712890625,-0.25,-1.53515625,2.15234375,-0.052734375,0.201171875,0.095703125,735.75,4.3,188.6,27.8,16.5,,,,,,,,
2026-09-03 17:16:34.374731,0.123046875,0.71343994140625,0.68304443359375,0.096435546875,-0.4375,-0.26171875,1.81640625,0.02734375,0.193359375,0.10546875,732.0,3.7,188.6,27.8,16.5,,,,,,,,
2026-09-03 17:16:34.481044,0.11956787109375,0.7154541015625,0.68267822265625,0.08770751953125,-0.17578125,-0.109375,1.6640625,0.080078125,0.1640625,0.10546875,732.0,3.7,188.6,27.8,16.5,,,,,,,,
2026-09-03 17:16:34.574356,0.11669921875,0.71844482421875,0.6810302734375,0.07989501953125,0.43359375,-0.33203125,0.0546875,0.076171875,0.16015625,0.072265625,728.0,3.7,188.6,28.2,16.5,,,,,,,,
2026-09-03 17:16:34.681649,0.11273193359375,0.72076416015625,0.68011474609375,0.0726318359375,-0.01171875,0.21484375,-0.53515625,0.04296875,0.166015625,0.0546875,728.0,3.7,188.6,28.2,16.5,,,,,,,,
2026-09-03 17:16:34.781334,0.1075439453125,0.7213134765625,0.6810302734375,0.0655517578125,-0.12890625,-0.0546875,0.35546875,-0.013671875,0.166015625,0.046875,732.0,3.1,188.6,28.6,16.5,,,,,,,,
2026-09-03 17:16:34.981441,0.0987548828125,0.719970703125,0.68487548828125,0.05352783203125,-0.08984375,-0.125,0.7578125,-0.021484375,0.140625,0.05078125,731.25,3.1,188.6,28.2,16.5,,,,,,,,
2026-09-03 17:16:35.080569,0.09393310546875,0.71881103515625,0.68707275390625,0.04876708984375,-0.17578125,-0.15625,0.6875,0.00390625,0.14453125,0.056640625,731.25,3.1,188.6,28.2,16.5,,,,,,,,
2026-09-03 17:16:35.180916,0.08892822265625,0.71832275390625,0.6885986328125,0.04364013671875,-0.109375,-0.109375,0.796875,0.01953125,0.134765625,0.0546875,733.5,3.1,188.6,28.2,16.5,,,,,,,,
2026-09-03 17:16:35.281065,0.0850830078125,0.718505859375,0.68927001953125,0.038330078125,-0.1015625,0.0078125,0.55078125,0.015625,0.107421875,0.041015625,733.5,3.1,188.6,28.2,16.5,,,,,,,,
2026-09-03 17:16:35.381490,0.08209228515625,0.7186279296875,0.689697265625,0.0338134765625,0.0234375,0.0,-0.09765625,0.005859375,0.103515625,0.041015625,730.25,2.5,188.6,28.2,16.5,,,,,,,,
2026-09-03 17:16:35.480675,0.07562255859375,0.70355224609375,0.697998046875,0.033203125,-0.11328125,-0.0234375,-0.0234375,0.009765625,0.103515625,0.037109375,730.25,2.5,188.6,28.2,16.5,,,,,,,,
2026-09-03 17:16:35.581554,0.06982421875,0.70654296875,0.70355224609375,0.03125,-0.5703125,-0.046875,0.46875,0.009765625,0.111328125,0.005859375,730.25,2.5,188.6,28.2,16.5,,,,,,,,
2026-09-03 17:16:35.881633,0.0584716796875,0.70587158203125,0.705322265625,0.02923583984375,-0.69140625,0.3125,-0.78125,0.017578125,0.03125,-0.03125,734.25,1.9,188.6,28.6,16.5,,,,,,,,
2026-09-03 17:16:35.981258,0.05615234375,0.70654296875,0.704833984375,0.02899169921875,-0.8359375,0.11328125,-0.48046875,-0.005859375,0.0625,-0.017578125,737.5,1.2,188.6,29.0,16.5,,,,,,,,
2026-09-03 17:16:36.081730,0.0533447265625,0.70635986328125,0.705322265625,0.027587890625,-0.8359375,-0.0078125,0.03125,-0.025390625,0.033203125,-0.015625,737.5,1.2,188.6,29.0,16.5,,,,,,,,
2026-09-03 17:16:36.181749,0.0516357421875,0.70538330078125,0.7064208984375,0.0274658203125,-0.7109375,-0.015625,0.015625,-0.021484375,-0.005859375,-0.017578125,740.5,0.6,188.6,28.6,16.5,,,,,,,,
2026-09-03 17:16:36.722147,-1.98016357421875,-6.103515625e-05,-6.103515625e-05,-6.103515625e-05,-0.7109375,-0.015625,0.015625,-0.0078125,-0.00390625,-0.01171875,745.25,0.0,188.6,28.6,16.5,,,,,,,,
2026-09-03 17:16:36.822312,-1.98016357421875,-6.103515625e-05,-6.103515625e-05,-6.103515625e-05,-0.7109375,-0.015625,0.015625,-0.0078125,-0.00390625,-0.01171875,739.0,0.0,188.6,28.6,16.5,,,,,,,,
2026-09-03 17:16:36.922672,-1.98016357421875,-6.103515625e-05,-6.103515625e-05,-6.103515625e-05,-0.7109375,-0.015625,0.015625,-0.0078125,-0.00390625,-0.01171875,739.0,0.0,188.6,28.6,16.5,,,,,,,,
2026-09-03 17:16:37.022998,-1.98016357421875,-6.103515625e-05,-6.103515625e-05,-6.103515625e-05,-0.7109375,-0.015625,0.015625,-0.0078125,-0.00390625,-0.01171875,755.25,0.0,190.4,30.6,16.9,,,,,,,,
2026-09-03 17:16:37.122324,-1.98016357421875,-6.103515625e-05,-6.103515625e-05,-6.103515625e-05,-0.7109375,-0.015625,0.015625,-0.0078125,-0.00390625,-0.01171875,755.25,0.0,190.4,30.6,16.9,,,,,,,,
2026-09-03 17:16:37.222781,-1.98016357421875,-6.103515625e-05,-6.103515625e-05,-6.103515625e-05,-0.7109375,-0.015625,0.015625,-0.0078125,-0.00390625,-0.01171875,751.5,0.0,188.6,30.2,16.1,,,,,,,,
2026-09-03 17:16:37.327354,-1.98016357421875,-6.103515625e-05,-6.103515625e-05,-6.103515625e-05,-0.7109375,-0.015625,0.015625,-0.0078125,-0.00390625,-0.01171875,751.5,0.0,188.6,30.2,16.1,,,,,,,,
2026-09-03 17:16:37.426786,-1.98016357421875,-6.103515625e-05,-6.103515625e-05,-6.103515625e-05,-0.7109375,-0.015625,0.015625,-0.0078125,-0.00390625,-0.01171875,747.5,0.0,190.4,28.2,16.5,,,,,,,,
2026-09-03 17:16:37.526271,-1.98016357421875,-6.103515625e-05,-6.103515625e-05,-6.103515625e-05,-0.7109375,-0.015625,0.015625,-0.0078125,-0.00390625,-0.01171875,747.5,0.0,190.4,28.2,16.5,,,,,,,,
2026-09-03 17:16:37.627092,-1.98016357421875,-6.103515625e-05,-6.103515625e-05,-6.103515625e-05,-0.7109375,-0.015625,0.015625,-0.0078125,-0.00390625,-0.01171875,742.0,0.0,190.4,28.2,16.5,,,,,,,,
2026-09-03 17:16:37.726901,-1.98016357421875,-6.103515625e-05,-6.103515625e-05,-6.103515625e-05,-0.7109375,-0.015625,0.015625,-0.0078125,-0.00390625,-0.01171875,742.0,0.0,190.4,28.2,16.5,,,,,,,,
2026-09-03 17:16:37.827797,-1.98016357421875,-6.103515625e-05,-6.103515625e-05,-6.103515625e-05,-0.7109375,-0.015625,0.015625,-0.0078125,-0.00390625,-0.01171875,742.75,0.0,190.4,28.2,16.5,,,,,,,,
2026-09-03 17:16:37.927170,-1.98016357421875,-6.103515625e-05,-6.103515625e-05,-6.103515625e-05,-0.7109375,-0.015625,0.015625,-0.0078125,-0.00390625,-0.01171875,742.75,0.0,190.4,28.2,16.5,,,,,,,,
2026-09-03 17:16:38.027521,-1.98016357421875,-6.103515625e-05,-6.103515625e-05,-6.103515625e-05,-0.7109375,-0.015625,0.015625,-0.0078125,-0.00390625,-0.01171875,739.75,0.0,190.4,27.8,16.5,,,,,,,,
2026-09-03 17:16:38.127232,-1.98016357421875,-6.103515625e-05,-6.103515625e-05,-6.103515625e-05,-0.7109375,-0.015625,0.015625,-0.0078125,-0.00390625,-0.01171875,739.75,0.0,190.4,27.8,16.5,,,,,,,,
2026-09-03 17:16:38.227892,-1.98016357421875,-6.103515625e-05,-6.103515625e-05,-6.103515625e-05,-0.7109375,-0.015625,0.015625,-0.0078125,-0.00390625,-0.01171875,739.0,0.0,190.4,27.8,16.5,,,,,,,,
2026-09-03 17:16:38.328185,-1.98016357421875,-6.103515625e-05,-6.103515625e-05,-6.103515625e-05,-0.7109375,-0.015625,0.015625,-0.0078125,-0.00390625,-0.01171875,739.0,0.0,190.4,27.8,16.5,,,,,,,,
2026-09-03 17:16:38.427939,-1.98016357421875,-6.103515625e-05,-6.103515625e-05,-6.103515625e-05,-0.7109375,-0.015625,0.015625,-0.0078125,-0.00390625,-0.01171875,739.0,0.0,190.4,27.8,16.5,,,,,,,,
2026-09-03 17:16:38.529125,-1.98016357421875,-6.103515625e-05,-6.103515625e-05,-6.103515625e-05,-0.7109375,-0.015625,0.015625,-0.0078125,-0.00390625,-0.01171875,739.0,0.0,190.4,27.8,16.5,,,,,,,,
2026-09-03 17:16:40.528247,0.53399658203125,0.463134765625,0.53436279296875,0.46343994140625,0.60546875,9.3828125,0.23046875,-0.01171875,0.0,0.001953125,782.75,0.0,190.4,29.0,16.9,,,,,,,,
2026-09-03 17:16:40.622282,0.533935546875,0.46295166015625,0.534423828125,0.46368408203125,0.6953125,9.140625,0.26171875,0.0,-0.001953125,0.0,764.75,0.0,190.4,31.4,16.9,,,,,,,,
2026-09-03 17:16:40.726888,0.53399658203125,0.4627685546875,0.53436279296875,0.4637451171875,0.7265625,9.0234375,0.25390625,-0.001953125,-0.001953125,0.001953125,764.75,0.0,190.4,31.4,16.9,,,,,,,,
2026-09-03 17:16:40.827274,0.51971435546875,0.4710693359375,0.52801513671875,0.47869873046875,0.33984375,-0.109375,0.02734375,0.00390625,-0.001953125,0.005859375,767.75,0.0,190.4,31.8,16.9,,,,,,,,
2026-09-03 17:16:40.927872,0.5140380859375,0.47418212890625,0.525390625,0.48468017578125,0.4453125,-0.046875,-0.04296875,0.00390625,-0.001953125,0.00390625,767.75,0.0,190.4,31.8,16.9,,,,,,,,
2026-09-03 17:16:41.027221,0.51434326171875,0.473876953125,0.52557373046875,0.48443603515625,0.3359375,0.0078125,-0.02734375,0.0,0.0,0.0,762.5,0.0,190.4,31.8,16.9,,,,,,,,
2026-09-03 17:16:41.122647,0.5164794921875,0.4713134765625,0.5279541015625,0.48211669921875,-0.3046875,-0.015625,-0.01953125,-0.001953125,-0.001953125,-0.005859375,762.5,0.0,190.4,31.8,16.9,,,,,,,,
2026-09-03 17:16:41.234043,0.517578125,0.46990966796875,0.5291748046875,0.4808349609375,-0.38671875,0.0234375,-0.01953125,0.001953125,0.001953125,0.0,722.5,0.0,190.4,30.2,16.5,,,,,,,,
2026-09-03 17:16:41.326024,0.51776123046875,0.46966552734375,0.5294189453125,0.48065185546875,-0.15625,0.09375,0.01953125,0.0,0.001953125,0.0,722.5,0.0,190.4,30.2,16.5,,,,,,,,
2026-09-03 17:16:41.433858,0.51776123046875,0.4697265625,0.5294189453125,0.48065185546875,0.13671875,-0.046875,0.01171875,0.0,-0.00390625,0.001953125,728.0,0.0,190.4,29.4,16.5,,,,,,,,
2026-09-03 17:16:41.525452,0.51763916015625,0.46990966796875,0.52923583984375,0.4808349609375,0.06640625,-0.0703125,0.01171875,0.00390625,0.0,-0.00390625,728.0,0.0,190.4,29.4,16.5,,,,,,,,
2026-09-03 17:16:41.621204,0.51763916015625,0.469970703125,0.52911376953125,0.4808349609375,-0.1328125,0.0625,-0.01953125,0.0,0.001953125,0.0,720.25,0.0,190.4,29.4,16.5,,,,,,,,
2026-09-03 17:16:41.721281,0.517578125,0.4700927734375,0.52899169921875,0.48089599609375,-0.0625,0.046875,0.01953125,0.0,0.0,0.00390625,720.25,0.0,190.4,29.4,16.5,,,,,,,,
2026-09-03 17:16:41.822148,0.5174560546875,0.47021484375,0.5289306640625,0.48101806640625,0.05078125,-0.0859375,0.01953125,-0.001953125,0.0,-0.00390625,714.75,0.0,190.4,29.4,16.5,,,,,,,,
2026-09-03 17:16:41.922301,0.51739501953125,0.47027587890625,0.52880859375,0.481201171875,0.03515625,-0.03125,-0.01953125,-0.001953125,0.001953125,-0.001953125,714.75,0.0,190.4,29.4,16.5,,,,,,,,
2026-09-03 17:16:42.022562,0.5172119140625,0.47039794921875,0.52874755859375,0.48126220703125,-0.0703125,0.015625,0.01171875,0.0,0.0,0.001953125,717.75,0.0,190.4,29.4,16.5,,,,,,,,
2026-09-03 17:16:42.122473,0.51715087890625,0.470458984375,0.5286865234375,0.48138427734375,-0.015625,0.5078125,0.01171875,0.0,0.001953125,-0.00390625,717.75,0.0,190.4,29.4,16.5,,,,,,,,
2026-09-03 17:16:42.222174,0.5169677734375,0.47064208984375,0.52850341796875,0.48162841796875,-0.14453125,-0.03125,0.00390625,0.0,-0.001953125,0.0,719.5,0.0,190.4,29.4,16.5,,,,,,,,
2026-09-03 17:16:42.322336,0.5167236328125,0.47076416015625,0.5283203125,0.48193359375,-0.0703125,0.0078125,0.00390625,0.001953125,-0.001953125,0.001953125,719.5,0.0,190.4,29.4,16.5,,,,,,,,
2026-09-03 17:16:42.422386,0.5164794921875,0.47100830078125,0.52801513671875,0.48223876953125,0.03125,-0.0390625,0.01171875,0.0,-0.001953125,0.00390625,719.5,0.0,190.4,29.0,16.5,,,,,,,,
2026-09-03 17:16:42.522039,0.5162353515625,0.47125244140625,0.52777099609375,0.48260498046875,0.0,-0.0703125,-0.02734375,0.0,-0.00390625,0.001953125,719.5,0.0,190.4,29.0,16.5,,,,,,,,
2026-09-03 17:16:42.622126,0.51605224609375,0.47149658203125,0.52740478515625,0.48291015625,0.0390625,0.046875,0.01171875,-0.00390625,-0.001953125,0.00390625,716.25,0.0,190.4,29.0,16.5,,,,,,,,
2026-09-03 17:16:42.721888,0.51593017578125,0.4715576171875,0.52716064453125,0.48321533203125,-0.015625,-0.046875,0.01171875,-0.001953125,-0.001953125,0.001953125,716.25,0.0,190.4,29.0,16.5,,,,,,,,
2026-09-03 17:16:42.822165,0.5157470703125,0.4716796875,0.5269775390625,0.4835205078125,0.0234375,-0.0390625,0.01171875,0.0,-0.00390625,0.0,717.0,0.0,190.4,29.0,16.5,,,,,,,,
2026-09-03 17:16:42.942847,0.5157470703125,0.4716796875,0.526611328125,0.48394775390625,-0.015625,0.0,0.01171875,-0.001953125,-0.00390625,0.001953125,717.75,0.0,190.4,28.6,16.5,,,,,,,,
2026-09-03 17:16:43.032906,0.51580810546875,0.4716796875,0.5264892578125,0.4840087890625,-0.015625,0.0,-0.02734375,0.001953125,-0.005859375,0.001953125,717.75,0.0,190.4,28.6,16.5,,,,,,,,
2026-09-03 17:16:43.142778,0.51580810546875,0.47161865234375,0.5262451171875,0.48431396484375,0.0234375,0.0,-0.02734375,0.0,-0.001953125,0.0,717.75,0.0,190.4,28.6,16.5,,,,,,,,
2026-09-03 17:16:43.241175,0.515869140625,0.4715576171875,0.52618408203125,0.484375,0.0078125,0.0,0.01953125,0.0,-0.005859375,0.005859375,719.5,0.0,190.4,28.6,16.5,,,,,,,,
2026-09-03 17:16:43.320533,0.5159912109375,0.47149658203125,0.52606201171875,0.4844970703125,0.0078125,0.0,0.01171875,0.0,-0.005859375,0.00390625,719.5,0.0,190.4,28.6,16.5,,,,,,,,
2026-09-03 17:16:43.426727,0.51605224609375,0.47137451171875,0.5260009765625,0.48455810546875,0.0078125,-0.0390625,0.01171875,0.001953125,-0.005859375,0.00390625,719.5,0.0,190.4,28.6,16.5,,,,,,,,
2026-09-03 17:16:43.526553,0.5162353515625,0.47113037109375,0.5257568359375,0.48480224609375,0.0,0.0078125,0.01171875,0.0,-0.005859375,0.005859375,719.5,0.0,190.4,28.6,16.5,,,,,,,,
2026-09-03 17:16:43.620729,0.5164794921875,0.47088623046875,0.52569580078125,0.48492431640625,0.03125,0.046875,0.01171875,-0.005859375,-0.00390625,0.0,725.0,0.0,190.4,28.6,16.5,,,,,,,,
2026-09-03 17:16:43.727999,0.51654052734375,0.4708251953125,0.525634765625,0.4849853515625,0.015625,0.0078125,0.00390625,0.0,-0.005859375,0.001953125,725.0,0.0,190.4,28.6,16.5,,,,,,,,
2026-09-03 17:16:43.827949,0.516845703125,0.4703369140625,0.525634765625,0.48516845703125,0.08203125,0.0078125,0.00390625,-0.001953125,-0.005859375,0.005859375,721.75,0.0,190.4,28.6,16.5,,,,,,,,
2026-09-03 17:16:43.927072,0.51715087890625,0.469970703125,0.525634765625,0.48516845703125,0.06640625,-0.0390625,0.00390625,0.0,-0.00390625,0.0,721.75,0.0,190.4,28.6,16.5,,,,,,,,
2026-09-03 17:16:44.026654,0.517578125,0.46954345703125,0.5257568359375,0.48504638671875,0.203125,-0.0625,0.00390625,0.00390625,-0.005859375,0.005859375,717.0,0.0,190.4,28.6,16.5,,,,,,,,
2026-09-03 17:16:44.127702,0.51812744140625,0.46893310546875,0.5260009765625,0.48468017578125,0.1796875,0.0234375,0.00390625,0.0,-0.00390625,-0.00390625,717.0,0.0,190.4,28.6,16.5,,,,,,,,
2026-09-03 17:16:44.227820,0.51873779296875,0.46826171875,0.52642822265625,0.48431396484375,0.1484375,-0.015625,0.00390625,0.0,-0.001953125,0.00390625,722.5,0.0,190.4,28.6,16.5,,,,,,,,
2026-09-03 17:16:44.328161,0.519287109375,0.4676513671875,0.52685546875,0.48382568359375,0.0546875,0.0234375,0.00390625,-0.001953125,-0.001953125,-0.001953125,722.5,0.0,190.4,28.6,16.5,,,,,,,,
2026-09-03 17:16:44.544172,0.519775390625,0.4666748046875,0.527099609375,0.48394775390625,-0.6484375,0.0234375,0.03515625,-0.001953125,-0.005859375,-0.005859375,721.75,0.0,190.4,28.6,16.5,,,,,,,,
2026-09-03 17:16:44.641258,0.51983642578125,0.46661376953125,0.5267333984375,0.48431396484375,-0.3984375,0.0703125,-0.01171875,0.001953125,-0.009765625,0.001953125,721.75,0.0,190.4,28.6,16.5,,,,,,,,
2026-09-03 17:16:44.741187,0.519775390625,0.46636962890625,0.5264892578125,0.48486328125,-0.2109375,-0.03125,-0.01171875,-0.0078125,-0.0078125,0.00390625,721.75,0.0,190.4,28.6,16.5,,,,,,,,
2026-09-03 17:16:44.840374,0.52001953125,0.4659423828125,0.526123046875,0.48541259765625,-0.18359375,0.0234375,-0.01171875,-0.001953125,-0.015625,0.00390625,714.75,0.0,190.4,28.6,16.5,,,,,,,,
2026-09-03 17:16:44.941258,0.52032470703125,0.4654541015625,0.525634765625,0.486083984375,-0.015625,0.08984375,-0.04296875,-0.001953125,-0.017578125,0.00390625,714.75,0.0,190.4,28.6,16.5,,,,,,,,
2026-09-03 17:16:45.380726,0.5205078125,-1.76934814453125,-6.103515625e-05,-6.103515625e-05,0.09765625,0.03125,-0.07421875,-0.005859375,-0.015625,0.005859375,721.0,0.6,190.4,30.6,16.5,,,,,,,,
2026-09-03 17:16:45.480723,0.5205078125,-1.76934814453125,-6.103515625e-05,-6.103515625e-05,0.09765625,0.03125,-0.07421875,-0.005859375,-0.015625,0.005859375,721.0,0.6,190.4,30.6,16.5,,,,,,,,
2026-09-03 17:16:45.580952,0.5205078125,-1.76934814453125,-6.103515625e-05,-6.103515625e-05,0.09765625,0.03125,-0.07421875,-0.005859375,-0.015625,0.005859375,721.0,0.6,190.4,30.6,16.5,,,,,,,,
2026-09-03 17:16:45.681085,0.5205078125,-1.76934814453125,-6.103515625e-05,-6.103515625e-05,0.09765625,0.03125,-0.07421875,-0.005859375,-0.015625,0.005859375,721.0,0.6,190.4,30.6,16.5,,,,,,,,
2026-09-03 17:16:45.781048,0.5205078125,-1.76934814453125,-6.103515625e-05,-6.103515625e-05,0.09765625,0.03125,-0.07421875,-0.005859375,-0.015625,0.005859375,730.25,0.6,190.4,30.6,16.5,,,,,,,,
2026-09-03 17:16:45.881246,0.5205078125,-1.76934814453125,-6.103515625e-05,-6.103515625e-05,0.09765625,0.03125,-0.07421875,-0.005859375,-0.015625,0.005859375,730.25,0.6,190.4,30.6,16.5,,,,,,,,
2026-09-03 17:16:45.981281,0.5205078125,-1.76934814453125,-6.103515625e-05,-6.103515625e-05,0.09765625,0.03125,-0.07421875,-0.005859375,-0.015625,0.005859375,723.25,0.6,190.4,30.6,16.5,,,,,,,,
2026-09-03 17:16:46.081383,0.5205078125,-1.76934814453125,-6.103515625e-05,-6.103515625e-05,0.09765625,0.03125,-0.07421875,-0.005859375,-0.015625,0.005859375,723.25,0.6,190.4,30.6,16.5,,,,,,,,
2026-09-03 17:16:46.181685,0.5205078125,-1.76934814453125,-6.103515625e-05,-6.103515625e-05,0.09765625,0.03125,-0.07421875,-0.005859375,-0.015625,0.005859375,,0.6,190.4,30.2,16.5,,,,,,,,
2026-09-03 17:16:46.281461,0.5205078125,-1.76934814453125,-6.103515625e-05,-6.103515625e-05,0.09765625,0.03125,-0.07421875,-0.005859375,-0.015625,0.005859375,,0.6,190.4,30.2,16.5,,,,,,,,
2026-09-03 17:16:46.381735,0.5205078125,-1.76934814453125,-6.103515625e-05,-6.103515625e-05,0.09765625,0.03125,-0.07421875,-0.005859375,-0.015625,0.005859375,,0.6,190.4,30.2,16.5,,,,,,,,
2026-09-03 17:16:46.481937,0.5205078125,-1.76934814453125,-6.103515625e-05,-6.103515625e-05,0.09765625,0.03125,-0.07421875,-0.005859375,-0.015625,0.005859375,713.25,0.6,190.4,30.2,16.5,,,,,,,,
2026-09-03 17:16:46.581980,0.5205078125,-1.76934814453125,-6.103515625e-05,-6.103515625e-05,0.09765625,0.03125,-0.07421875,-0.005859375,-0.015625,0.005859375,713.25,0.6,190.4,30.2,16.5,,,,,,,,
2026-09-03 17:16:46.682088,0.5205078125,-1.76934814453125,-6.103515625e-05,-6.103515625e-05,0.09765625,0.03125,-0.07421875,-0.005859375,-0.015625,0.005859375,715.5,0.6,190.4,29.4,16.5,,,,,,,,
2026-09-03 17:16:46.781789,0.5205078125,-1.76934814453125,-6.103515625e-05,-6.103515625e-05,0.09765625,0.03125,-0.07421875,-0.005859375,-0.015625,0.005859375,715.5,0.6,190.4,29.4,16.5,,,,,,,,
2026-09-03 17:16:46.882273,0.5205078125,-1.76934814453125,-6.103515625e-05,-6.103515625e-05,0.09765625,0.03125,-0.07421875,-0.005859375,-0.015625,0.005859375,737.5,0.6,190.4,29.0,16.9,,,,,,,,
2026-09-03 17:16:46.982494,0.5205078125,-1.76934814453125,-6.103515625e-05,-6.103515625e-05,0.09765625,0.03125,-0.07421875,-0.005859375,-0.015625,0.005859375,737.5,0.6,190.4,29.0,16.9,,,,,,,,
2026-09-03 17:16:47.082805,0.5205078125,-1.76934814453125,-6.103515625e-05,-6.103515625e-05,0.09765625,0.03125,-0.07421875,-0.005859375,-0.015625,0.005859375,760.75,0.6,190.4,30.6,17.3,,,,,,,,
2026-09-03 17:16:47.182700,0.5205078125,-1.76934814453125,-6.103515625e-05,-6.103515625e-05,0.09765625,0.03125,-0.07421875,-0.005859375,-0.015625,0.005859375,760.75,0.6,190.4,30.6,17.3,,,,,,,,
2026-09-03 17:16:47.282838,0.5205078125,-1.76934814453125,-6.103515625e-05,-6.103515625e-05,0.09765625,0.03125,-0.07421875,-0.005859375,-0.015625,0.005859375,817.75,0.6,190.4,33.7,17.3,,,,,,,,
2026-09-03 17:16:49.260502,0.4991455078125,0.50140380859375,0.49932861328125,0.50018310546875,-0.0390625,9.41015625,0.11328125,0.0078125,0.015625,-0.041015625,753.75,1.9,190.4,38.0,17.3,,,,,,,,
2026-09-03 17:16:49.359352,0.4979248046875,0.50299072265625,0.49859619140625,0.50048828125,-0.10546875,9.140625,0.0703125,0.017578125,0.025390625,-0.0390625,749.0,1.9,190.4,37.6,17.3,,,,,,,,
2026-09-03 17:16:49.459139,0.49664306640625,0.50494384765625,0.49786376953125,0.50054931640625,-0.13671875,-0.171875,-0.0703125,0.009765625,0.029296875,-0.04296875,749.0,1.9,190.4,37.6,17.3,,,,,,,,
2026-09-03 17:16:49.558921,0.4935302734375,0.505615234375,0.4986572265625,0.50213623046875,-0.11328125,-0.17578125,-0.0078125,0.01953125,0.037109375,-0.04296875,754.5,1.9,190.4,38.0,17.3,,,,,,,,
2026-09-03 17:16:49.658596,0.4918212890625,0.50762939453125,0.49835205078125,0.5020751953125,-0.078125,-0.0234375,-0.0546875,0.0234375,0.041015625,-0.044921875,754.5,1.9,190.4,38.0,17.3,,,,,,,,
2026-09-03 17:16:49.759496,0.48992919921875,0.51019287109375,0.4979248046875,0.50177001953125,-0.046875,0.046875,-0.015625,0.0234375,0.048828125,-0.041015625,753.75,2.5,190.4,38.0,17.3,,,,,,,,
2026-09-03 17:16:49.859286,0.48779296875,0.51318359375,0.49749755859375,0.501220703125,0.18359375,0.015625,0.0546875,0.03515625,0.060546875,-0.041015625,753.75,2.5,190.4,38.0,17.3,,,,,,,,
2026-09-03 17:16:49.958940,0.48583984375,0.51666259765625,0.4969482421875,0.5,0.234375,0.12109375,-0.0390625,0.03515625,0.0703125,-0.04296875,757.75,2.5,190.4,38.0,17.3,,,,,,,,
2026-09-03 17:16:50.059726,0.4837646484375,0.5201416015625,0.496826171875,0.49853515625,0.10546875,0.03125,0.1328125,0.037109375,0.072265625,-0.04296875,757.75,2.5,190.4,38.0,17.3,,,,,,,,
2026-09-03 17:16:50.160018,0.48187255859375,0.5235595703125,0.4970703125,0.49652099609375,0.1953125,0.12890625,0.17578125,0.041015625,0.08203125,-0.044921875,749.0,2.5,190.4,38.0,17.3,,,,,,,,
2026-09-03 17:16:50.259573,0.481201171875,0.524169921875,0.50054931640625,0.4930419921875,0.2421875,0.49609375,-0.08203125,0.03515625,0.091796875,-0.03515625,749.0,2.5,190.4,38.0,17.3,,,,,,,,
2026-09-03 17:16:50.360663,0.4793701171875,0.526611328125,0.50262451171875,0.4901123046875,0.0546875,0.296875,-0.21875,0.0078125,0.10546875,-0.025390625,751.5,2.5,190.4,38.0,17.3,,,,,,,,
2026-09-03 17:16:50.460968,0.4781494140625,0.5279541015625,0.50640869140625,0.4859619140625,0.23828125,0.01953125,-0.86328125,0.021484375,0.115234375,-0.017578125,751.5,2.5,190.4,38.0,17.3,,,,,,,,
2026-09-03 17:16:50.560652,0.4766845703125,0.530517578125,0.50958251953125,0.4813232421875,0.1796875,-0.28125,-2.6328125,-0.107421875,0.16796875,-0.046875,750.0,2.5,190.4,38.4,17.3,,,,,,,,
2026-09-03 17:16:50.661003,0.46795654296875,0.53277587890625,0.515625,0.48095703125,-0.55078125,0.83203125,0.4375,-0.21484375,0.173828125,-0.052734375,750.0,2.5,190.4,38.4,17.3,,,,,,,,
2026-09-03 17:16:50.763000,0.4578857421875,0.53271484375,0.52374267578125,0.48193359375,-0.671875,1.0234375,2.19140625,-0.138671875,0.125,0.0078125,750.75,2.5,190.4,38.8,17.3,,,,,,,,
2026-09-03 17:16:50.860657,0.4517822265625,0.531982421875,0.53045654296875,0.48114013671875,-0.55078125,0.2109375,2.546875,-0.0546875,0.12109375,0.048828125,750.75,2.5,190.4,38.8,17.3,,,,,,,,
2026-09-03 17:16:50.962507,0.4488525390625,0.53289794921875,0.53546142578125,0.477294921875,-0.328125,-0.83203125,1.8125,0.08203125,0.130859375,0.0546875,746.75,1.9,190.4,39.2,17.3,,,,,,,,
2026-09-03 17:16:51.059054,0.44927978515625,0.537109375,0.5372314453125,0.47015380859375,-0.046875,-0.83203125,0.91015625,0.14453125,0.107421875,0.0546875,746.75,1.9,190.4,39.2,17.3,,,,,,,,
2026-09-03 17:16:51.158887,0.45208740234375,0.54205322265625,0.5372314453125,0.46173095703125,0.375,-0.41015625,-0.40625,0.07421875,0.10546875,0.04296875,743.75,1.9,190.4,39.2,17.3,,,,,,,,
2026-09-03 17:16:51.258953,0.4525146484375,0.5450439453125,0.53900146484375,0.45562744140625,0.671875,-0.1640625,-0.99609375,-0.01171875,0.130859375,0.029296875,743.75,1.9,190.4,39.2,17.3,,,,,,,,
2026-09-03 17:16:51.359102,0.4498291015625,0.54681396484375,0.5433349609375,0.44317626953125,0.61328125,-0.15625,-0.60546875,-0.052734375,0.15234375,0.009765625,750.0,1.9,190.4,39.2,17.3,,,,,,,,
2026-09-03 17:16:51.458828,0.44525146484375,0.54827880859375,0.548828125,0.44720458984375,-0.0234375,-0.2734375,0.24609375,-0.0703125,0.146484375,0.0,750.0,1.9,190.4,39.2,17.3,,,,,,,,
2026-09-03 17:16:51.559997,0.440185546875,0.54937744140625,0.5540771484375,0.4443359375,-0.37109375,-0.296875,0.98828125,-0.291015625,0.1328125,0.00390625,752.25,1.9,190.4,39.2,17.3,,,,,,,,
2026-09-03 17:16:51.660176,0.43621826171875,0.55084228515625,0.55841064453125,0.44097900390625,-0.5,-0.1640625,1.0234375,0.009765625,0.12890625,0.025390625,752.25,1.9,190.4,39.2,17.3,,,,,,,,
2026-09-03 17:16:51.759990,0.4337158203125,0.5533447265625,0.5616455078125,0.43609619140625,-0.28515625,-0.31640625,0.6796875,0.048828125,0.12890625,0.029296875,754.5,1.9,190.4,39.2,17.3,,,,,,,,
2026-09-03 17:16:51.860539,0.43218994140625,0.5565185546875,0.56396484375,0.43060302734375,-0.04296875,-0.15625,0.12890625,0.04296875,0.1171875,0.03515625,754.5,1.9,190.4,39.2,17.3,,,,,,,,
2026-09-03 17:16:51.960320,0.4306640625,0.55926513671875,0.56640625,0.42535400390625,0.08984375,-0.05859375,-0.0859375,0.015625,0.126953125,0.025390625,771.75,1.2,190.4,41.2,17.3,,,,,,,,
2026-09-03 17:16:52.059836,0.42816162109375,0.5615234375,0.569580078125,0.420654296875,0.1796875,-0.01953125,-0.0078125,0.009765625,0.134765625,0.0234375,771.75,1.2,190.4,41.2,17.3,,,,,,,,
2026-09-03 17:16:52.160160,0.4249267578125,0.56365966796875,0.57318115234375,0.41619873046875,-0.03515625,-0.0078125,0.07421875,-0.0078125,0.1328125,0.01953125,824.0,1.2,190.4,38.0,17.6,,,,,,,,
2026-09-03 17:16:52.260354,0.42132568359375,0.5653076171875,0.5770263671875,0.41229248046875,-0.2734375,-0.1484375,0.109375,-0.009765625,0.123046875,0.015625,824.0,1.2,190.4,38.0,17.6,,,,,,,,
2026-09-03 17:16:52.360056,0.4173583984375,0.566650390625,0.580810546875,0.40924072265625,-0.1875,-0.109375,0.09375,-0.00390625,0.12109375,0.01953125,841.25,1.2,190.4,35.3,17.6,,,,,,,,
2026-09-03 17:16:52.459688,0.4119873046875,0.56781005859375,0.5845947265625,0.40753173828125,0.13671875,0.0390625,0.0859375,0.0078125,0.12109375,0.025390625,841.25,1.2,190.4,35.3,17.6,,,,,,,,
2026-09-03 17:16:52.559837,0.40728759765625,0.56951904296875,0.58782958984375,0.4052734375,-0.0390625,0.16015625,-0.03125,0.001953125,0.11328125,0.017578125,835.75,1.2,190.4,35.3,17.6,,,,,,,,
2026-09-03 17:16:52.659406,0.4036865234375,0.57122802734375,0.5906982421875,0.40228271484375,-0.0546875,-0.0546875,-0.0234375,0.005859375,0.109375,0.01171875,835.75,1.2,190.4,35.3,17.6,,,,,,,,
2026-09-03 17:16:52.759763,0.40045166015625,0.57305908203125,0.59320068359375,0.39923095703125,-0.0859375,-0.0078125,-0.08984375,0.00390625,0.107421875,0.025390625,828.75,1.2,190.4,35.7,17.3,,,,,,,,
2026-09-03 17:16:52.859756,0.39739990234375,0.57489013671875,0.59564208984375,0.39599609375,0.06640625,0.03125,-0.08984375,0.005859375,0.107421875,0.017578125,828.75,1.2,190.4,35.7,17.3,,,,,,,,
2026-09-03 17:16:52.959565,0.3944091796875,0.57666015625,0.5980224609375,0.392822265625,-0.00390625,0.03125,0.01171875,-0.001953125,0.103515625,0.01953125,792.0,1.2,190.4,36.1,17.6,,,,,,,,
2026-09-03 17:16:53.179202,0.38580322265625,0.58123779296875,0.60479736328125,0.38409423828125,0.00390625,-0.0625,0.09375,-0.001953125,0.083984375,0.013671875,757.0,0.6,190.4,38.8,17.3,,,,,,,,
2026-09-03 17:16:53.269035,0.38458251953125,0.581787109375,0.60589599609375,0.3828125,0.05859375,-0.03125,0.109375,0.00390625,0.080078125,0.009765625,757.0,0.6,190.4,38.8,17.3,,,,,,,,
2026-09-03 17:16:53.374469,0.38232421875,0.58294677734375,0.60772705078125,0.38037109375,0.1171875,-0.0234375,0.046875,0.0,0.0703125,0.0234375,753.75,0.6,190.4,39.6,17.3,,,,,,,,
2026-09-03 17:16:53.468776,0.38037109375,0.583740234375,0.609619140625,0.37811279296875,0.171875,0.09375,0.0234375,0.005859375,0.064453125,0.013671875,753.75,0.6,190.4,39.6,17.3,,,,,,,,
2026-09-03 17:16:53.574163,0.3787841796875,0.58428955078125,0.6114501953125,0.3758544921875,0.33203125,0.0078125,0.0546875,0.0078125,0.052734375,0.01171875,744.5,0.6,190.4,40.4,17.6,,,,,,,,
2026-09-03 17:16:53.668311,0.3780517578125,0.5833740234375,0.61431884765625,0.37335205078125,0.13671875,-0.0859375,0.05859375,-0.001953125,0.04296875,0.005859375,744.5,0.6,190.4,40.4,17.6,,,,,,,,
2026-09-03 17:16:53.774626,0.3779296875,0.5819091796875,0.6171875,0.37103271484375,0.14453125,-0.0390625,0.23828125,0.0078125,0.03125,0.005859375,751.5,0.0,190.4,41.2,17.6,,,,,,,,
2026-09-03 17:16:53.868417,0.37799072265625,0.58062744140625,0.6195068359375,0.36907958984375,0.06640625,0.0,-0.00390625,0.005859375,0.01953125,0.001953125,751.5,0.0,190.4,41.2,17.6,,,,,,,,
2026-09-03 17:16:53.974974,0.3785400390625,0.57916259765625,0.62176513671875,0.36700439453125,0.01953125,0.046875,0.02734375,0.013671875,0.009765625,0.0,792.75,0.0,190.4,42.0,17.3,,,,,,,,
2026-09-03 17:16:54.073263,0.3787841796875,0.57916259765625,0.6219482421875,0.36651611328125,0.265625,0.14453125,-0.0703125,0.025390625,0.001953125,0.01171875,792.75,0.0,190.4,42.0,17.3,,,,,,,,
2026-09-03 17:16:54.172798,0.3797607421875,0.5791015625,0.62213134765625,0.365234375,0.33984375,0.0078125,-0.16796875,0.013671875,0.001953125,0.0078125,778.0,0.0,190.4,36.9,18.0,,,,,,,,
2026-09-03 17:16:54.385144,0.38116455078125,0.578857421875,0.62225341796875,0.36395263671875,0.5859375,-0.078125,-0.0703125,0.001953125,-0.0078125,-0.00390625,778.0,0.0,190.4,40.4,18.8,,,,,,,,
2026-09-03 17:16:54.483821,0.3819580078125,0.5787353515625,0.6219482421875,0.36376953125,0.28515625,-0.078125,-0.16796875,0.015625,-0.01171875,-0.001953125,892.75,0.0,190.4,37.6,18.0,,,,,,,,
2026-09-03 17:16:54.584174,0.3878173828125,0.57635498046875,0.623779296875,0.358154296875,-0.18359375,0.0234375,-0.21875,0.017578125,-0.001953125,-0.00390625,892.75,0.0,190.4,37.6,18.0,,,,,,,,
2026-09-03 17:16:54.684496,0.39263916015625,0.5753173828125,0.62469482421875,0.35296630859375,-0.01953125,0.125,-0.171875,0.02734375,0.0078125,-0.0078125,903.0,0.6,190.4,36.1,17.6,,,,,,,,
2026-09-03 17:16:54.784131,0.40338134765625,0.57562255859375,0.6246337890625,0.34930419921875,-0.01953125,0.12109375,-0.19921875,0.021484375,0.01171875,-0.00390625,903.0,0.6,190.4,36.1,17.6,,,,,,,,
2026-09-03 17:16:54.884457,0.3975830078125,0.5765380859375,0.6241455078125,0.34637451171875,-0.08984375,0.015625,-0.22265625,0.013671875,0.01953125,-0.0078125,926.5,1.2,190.4,29.4,17.3,,,,,,,,
2026-09-03 17:16:54.983904,0.39886474609375,0.5782470703125,0.6234130859375,0.34332275390625,0.00390625,-0.0390625,-0.18359375,0.013671875,0.037109375,-0.00390625,926.5,1.2,190.4,29.4,17.3,,,,,,,,
2026-09-03 17:16:55.084120,0.3994140625,0.58062744140625,0.6226806640625,0.34002685546875,-0.05859375,-0.0234375,-0.07421875,0.015625,0.0546875,-0.001953125,908.5,1.9,190.4,26.3,17.3,,,,,,,,
2026-09-03 17:16:55.183679,0.39935302734375,0.58349609375,0.6219482421875,0.33648681640625,-0.03515625,-0.16015625,-0.0859375,0.01953125,0.068359375,-0.00390625,908.5,1.9,190.4,26.3,17.3,,,,,,,,
2026-09-03 17:16:55.284061,0.39862060546875,0.5870361328125,0.62109375,0.3326416015625,-0.01171875,0.0234375,-0.109375,0.03125,0.08203125,-0.00390625,889.0,1.9,190.4,27.1,17.3,,,,,,,,
2026-09-03 17:16:55.382845,0.39715576171875,0.591064453125,0.62042236328125,0.32861328125,-0.1015625,-0.015625,-0.0703125,0.025390625,0.099609375,-0.01171875,889.0,1.9,190.4,27.1,17.3,,,,,,,,
2026-09-03 17:16:55.484213,0.39495849609375,0.59576416015625,0.61962890625,0.32427978515625,-0.0625,0.0625,-0.19140625,0.041015625,0.1171875,-0.009765625,892.0,2.5,190.4,27.5,17.6,,,,,,,,
2026-09-03 17:16:55.583584,0.39227294921875,0.6009521484375,0.61883544921875,0.3193359375,-0.30078125,-0.015625,-0.39453125,0.044921875,0.130859375,-0.00390625,892.0,2.5,190.4,27.5,17.6,,,,,,,,
2026-09-03 17:16:55.683527,0.38909912109375,0.6065673828125,0.6181640625,0.3138427734375,-0.1015625,0.11328125,-0.41015625,0.033203125,0.15234375,-0.00390625,914.75,2.5,190.4,31.4,18.0,,,,,,,,
2026-09-03 17:16:55.790682,0.3841552734375,0.6103515625,0.620361328125,0.30828857421875,-0.17578125,0.30859375,-0.4609375,0.01171875,0.185546875,-0.005859375,914.75,2.5,190.4,31.4,18.0,,,,,,,,
2026-09-03 17:16:55.883267,0.378173828125,0.61370849609375,0.6236572265625,0.3023681640625,-0.18359375,0.10546875,-0.078125,0.0,0.197265625,0.00390625,984.25,3.1,190.4,28.2,17.6,,,,,,,,
2026-09-03 17:16:55.990784,0.37225341796875,0.61700439453125,0.62701416015625,0.29595947265625,-0.19140625,0.0234375,-0.1875,0.00390625,0.20703125,0.0,984.25,3.1,190.4,28.2,17.6,,,,,,,,
2026-09-03 17:16:56.090414,0.36669921875,0.62799072265625,0.622802734375,0.28851318359375,-0.15234375,-0.09375,0.03515625,0.03515625,0.251953125,-0.00390625,1010.0,3.1,190.4,25.9,18.0,,,,,,,,
2026-09-03 17:16:56.183888,0.36004638671875,0.63751220703125,0.62103271484375,0.27984619140625,-0.18359375,0.08203125,-0.05859375,0.037109375,0.26953125,0.01171875,1010.0,3.1,190.4,25.9,18.0,,,,,,,,
2026-09-03 17:16:56.290526,0.3525390625,0.64556884765625,0.62103271484375,0.27056884765625,-0.08984375,-0.26953125,-0.23046875,0.037109375,0.2734375,0.0078125,1017.75,3.7,190.4,22.4,16.9,,,,,,,,
2026-09-03 17:16:56.390268,0.34442138671875,0.6534423828125,0.62152099609375,0.260986328125,-0.03515625,-0.15625,-0.390625,0.017578125,0.302734375,0.0,1017.75,3.7,190.4,22.4,16.9,,,,,,,,
2026-09-03 17:16:56.490363,0.3353271484375,0.66119384765625,0.622314453125,0.2510986328125,-0.25,0.0390625,0.00390625,0.0078125,0.3203125,0.0,940.5,3.7,190.4,18.0,16.1,,,,,,,,
2026-09-03 17:16:56.590073,0.3255615234375,0.6689453125,0.62335205078125,0.24066162109375,-0.33203125,-0.10546875,0.203125,0.013671875,0.33203125,0.0,940.5,3.7,190.4,18.0,16.1,,,,,,,,
2026-09-03 17:16:56.690500,0.31500244140625,0.67645263671875,0.62469482421875,0.22998046875,-0.5703125,0.3828125,0.57421875,0.03125,0.33203125,0.013671875,842.0,3.7,190.4,23.5,17.3,,,,,,,,
2026-09-03 17:16:56.790496,0.30426025390625,0.68365478515625,0.62603759765625,0.2193603515625,-0.23828125,-0.015625,0.11328125,0.076171875,0.333984375,0.029296875,842.0,3.7,190.4,23.5,17.3,,,,,,,,
2026-09-03 17:16:56.890058,0.292724609375,0.690185546875,0.6278076171875,0.209228515625,-0.12109375,0.16796875,-0.54296875,0.0546875,0.33984375,0.001953125,857.75,4.3,190.4,26.3,16.9,,,,,,,,
2026-09-03 17:16:56.990471,0.2791748046875,0.69580078125,0.630615234375,0.20050048828125,-0.46484375,0.25,-0.8125,0.005859375,0.34375,-0.0078125,857.75,4.3,190.4,26.3,16.9,,,,,,,,
2026-09-03 17:16:57.090606,0.2674560546875,0.69970703125,0.63482666015625,0.18939208984375,-0.59765625,0.01171875,-0.57421875,-0.0078125,0.35546875,0.0078125,853.0,4.3,190.4,25.1,16.5,,,,,,,,
2026-09-03 17:16:57.190849,0.25604248046875,0.7027587890625,0.6396484375,0.1771240234375,-0.484375,-0.22265625,0.0390625,-0.013671875,0.36328125,0.0078125,853.0,4.3,190.4,25.1,16.5,,,,,,,,
2026-09-03 17:16:57.291240,0.244384765625,0.70556640625,0.64453125,0.1644287109375,-0.04296875,-0.125,0.96484375,0.005859375,0.3671875,0.013671875,852.25,4.3,190.4,23.9,16.5,,,,,,,,
2026-09-03 17:16:57.390420,0.22607421875,0.716552734375,0.64031982421875,0.15936279296875,0.0390625,-0.1328125,0.6015625,0.0390625,0.353515625,0.01953125,852.25,4.3,190.4,23.9,16.5,,,,,,,,
2026-09-03 17:16:57.491456,0.209716796875,0.7247314453125,0.6383056640625,0.15264892578125,-0.12890625,-0.0078125,0.0703125,0.033203125,0.34375,0.013671875,866.25,4.3,190.4,22.4,16.1,,,,,,,,
2026-09-03 17:16:57.591026,0.195556640625,0.7291259765625,0.6397705078125,0.14422607421875,-0.19140625,0.17578125,-0.25,0.01953125,0.3359375,0.017578125,866.25,4.3,190.4,22.4,16.1,,,,,,,,
2026-09-03 17:16:57.690937,0.17437744140625,0.73223876953125,0.6422119140625,0.13494873046875,-0.30078125,0.07421875,0.03515625,0.013671875,0.34375,0.01953125,868.75,4.3,190.4,21.2,16.1,,,,,,,,
2026-09-03 17:16:57.790387,0.16925048828125,0.73529052734375,0.64434814453125,0.124755859375,-0.1171875,0.01953125,0.04296875,0.0,0.337890625,0.0234375,868.75,4.3,190.4,21.2,16.1,,,,,,,,
2026-09-03 17:16:57.890731,0.15667724609375,0.7376708984375,0.6466064453125,0.11474609375,0.015625,-0.1796875,0.65234375,0.001953125,0.318359375,0.025390625,885.0,4.3,190.4,19.2,16.1,,,,,,,,
2026-09-03 17:16:57.990905,0.14483642578125,0.7396240234375,0.6488037109375,0.1051025390625,-0.00390625,-0.23046875,0.3203125,0.001953125,0.310546875,0.009765625,885.0,4.3,190.4,19.2,16.1,,,,,,,,
2026-09-03 17:16:58.090914,0.13311767578125,0.740478515625,0.65179443359375,0.0955810546875,-0.32421875,0.0625,0.51171875,0.0625,0.3046875,0.01953125,892.75,4.3,190.4,18.8,16.1,,,,,,,,
2026-09-03 17:16:58.190131,0.1224365234375,0.741943359375,0.65362548828125,0.08551025390625,-0.1171875,0.16015625,-0.2578125,0.080078125,0.291015625,0.03125,892.75,4.3,190.4,18.8,16.1,,,,,,,,
2026-09-03 17:16:58.291964,0.11212158203125,0.742919921875,0.65557861328125,0.07598876953125,0.01953125,0.21484375,-0.4921875,0.029296875,0.28515625,0.015625,896.0,4.3,190.4,18.4,16.1,,,,,,,,
2026-09-03 17:16:58.516125,0.08062744140625,0.74658203125,0.6585693359375,0.04888916015625,-0.05859375,0.02734375,-0.56640625,-0.01953125,0.28515625,-0.00390625,886.5,4.3,190.4,18.8,16.1,,,,,,,,
2026-09-03 17:16:58.613527,0.0751953125,0.7474365234375,0.65850830078125,0.04449462890625,-0.38671875,0.06640625,0.3046875,-0.015625,0.2734375,0.001953125,886.5,4.3,190.4,18.8,16.1,,,,,,,,
2026-09-03 17:16:58.713481,0.05938720703125,0.74932861328125,0.65869140625,0.03277587890625,-0.390625,-0.0703125,0.59765625,-0.009765625,0.255859375,0.01171875,886.5,4.3,190.4,18.0,16.1,,,,,,,,
2026-09-03 17:16:58.912038,0.04425048828125,0.7496337890625,0.65997314453125,0.02264404296875,-0.3125,0.01171875,-0.0546875,0.03125,0.236328125,0.017578125,869.5,4.3,190.4,18.8,16.1,,,,,,,,
2026-09-03 17:16:59.012603,0.03692626953125,0.75042724609375,0.6597900390625,0.013427734375,-0.52734375,0.16796875,0.01953125,0.01171875,0.23046875,0.013671875,869.5,4.3,190.4,18.8,16.1,,,,,,,,
2026-09-03 17:16:59.111708,0.03021240234375,0.75054931640625,0.66009521484375,0.0047607421875,-0.6171875,0.08984375,0.1640625,-0.001953125,0.212890625,0.0234375,838.25,3.7,190.4,19.6,16.1,,,,,,,,
2026-09-03 17:16:59.212370,-0.02203369140625,-0.749755859375,-0.661376953125,0.0009765625,0.05078125,-0.1484375,0.02734375,-0.009765625,0.19921875,0.015625,838.25,3.7,190.4,19.6,16.1,,,,,,,,
2026-09-03 17:16:59.312539,0.005615234375,0.74658203125,0.66522216796875,0.003662109375,0.28515625,-0.5,0.41015625,0.005859375,0.1875,0.029296875,783.5,3.7,190.4,22.7,16.5,,,,,,,,
2026-09-03 17:16:59.412533,-0.005126953125,0.7449951171875,0.66705322265625,0.00213623046875,0.1640625,-0.30078125,0.27734375,0.021484375,0.18359375,0.017578125,783.5,3.7,190.4,22.7,16.5,,,,,,,,
2026-09-03 17:16:59.513578,0.01727294921875,-0.74176025390625,-0.67041015625,0.00262451171875,-0.08203125,0.0078125,0.17578125,0.0078125,0.1640625,0.005859375,746.75,3.1,190.4,25.1,16.5,,,,,,,,
2026-09-03 17:16:59.612874,0.0235595703125,-0.73919677734375,-0.67303466796875,0.00555419921875,-0.11328125,0.18359375,-0.05078125,0.00390625,0.138671875,0.001953125,746.75,3.1,190.4,25.1,16.5,,,,,,,,
2026-09-03 17:16:59.813112,0.03533935546875,-0.73370361328125,-0.678466796875,0.00994873046875,-0.09765625,-0.02734375,0.35546875,-0.0234375,0.361328125,-0.001953125,729.5,2.5,190.4,27.1,16.1,,,,,,,,
2026-09-03 17:16:59.913794,0.03985595703125,-0.7305908203125,-0.68157958984375,0.0113525390625,-0.14453125,0.01171875,0.27734375,-0.029296875,0.091796875,0.005859375,723.25,2.5,190.4,27.8,16.5,,,,,,,,
2026-09-03 17:17:00.014158,0.04345703125,-0.72723388671875,-0.6849365234375,0.01220703125,-0.07421875,-0.0625,0.2890625,-0.0234375,0.06640625,0.005859375,723.25,2.5,190.4,27.8,16.5,,,,,,,,
2026-09-03 17:17:00.114515,0.0465087890625,-0.72454833984375,-0.6875,0.012939453125,0.1171875,-0.1875,0.00390625,0.005859375,0.05859375,0.00390625,716.25,1.9,190.4,28.2,16.5,,,,,,,,
2026-09-03 17:17:00.653079,0.04779052734375,-0.72332763671875,-0.688720703125,0.01336669921875,0.078125,-0.95703125,-0.00390625,0.0,0.052734375,0.001953125,720.25,1.2,192.2,29.8,16.5,,,,,,,,
2026-09-03 17:17:00.753196,0.04779052734375,-0.72332763671875,-0.688720703125,0.01336669921875,0.078125,-0.95703125,-0.00390625,0.0,0.052734375,0.001953125,738.25,0.6,192.2,29.4,16.5,,,,,,,,
2026-09-03 17:17:00.853507,0.04779052734375,-0.72332763671875,-0.688720703125,0.01336669921875,0.078125,-0.95703125,-0.00390625,0.0,0.052734375,0.001953125,738.25,0.6,192.2,29.4,16.5,,,,,,,,
2026-09-03 17:17:00.953634,0.04779052734375,-0.72332763671875,-0.688720703125,0.01336669921875,0.078125,-0.95703125,-0.00390625,0.0,0.052734375,0.001953125,788.25,0.0,190.4,29.0,16.5,,,,,,,,
2026-09-03 17:17:01.053191,0.04779052734375,-0.72332763671875,-0.688720703125,0.01336669921875,0.078125,-0.95703125,-0.00390625,0.0,0.052734375,0.001953125,788.25,0.0,190.4,29.0,16.5,,,,,,,,
2026-09-03 17:17:01.153845,0.04779052734375,-0.72332763671875,-0.688720703125,0.01336669921875,0.078125,-0.95703125,-0.00390625,0.0,0.052734375,0.001953125,807.0,0.0,192.2,28.6,16.5,,,,,,,,
2026-09-03 17:17:01.253800,0.04779052734375,-0.72332763671875,-0.688720703125,0.01336669921875,0.078125,-0.95703125,-0.00390625,0.0,0.052734375,0.001953125,807.0,0.0,192.2,28.6,16.5,,,,,,,,
2026-09-03 17:17:01.353938,0.04779052734375,-0.72332763671875,-0.688720703125,0.01336669921875,0.078125,-0.95703125,-0.00390625,0.0,0.052734375,0.001953125,794.5,0.0,192.2,27.8,18.0,,,,,,,,
2026-09-03 17:17:01.454113,0.04779052734375,-0.72332763671875,-0.688720703125,0.01336669921875,0.078125,-0.95703125,-0.00390625,0.0,0.052734375,0.001953125,794.5,0.0,192.2,27.8,18.0,,,,,,,,
2026-09-03 17:17:01.554180,0.04779052734375,-0.72332763671875,-0.688720703125,0.01336669921875,0.078125,-0.95703125,-0.00390625,0.0,0.052734375,0.001953125,768.75,0.0,192.2,31.8,17.6,,,,,,,,
2026-09-03 17:17:01.654420,0.04779052734375,-0.72332763671875,-0.688720703125,0.01336669921875,0.078125,-0.95703125,-0.00390625,0.0,0.052734375,0.001953125,768.75,0.0,192.2,31.8,17.6,,,,,,,,
2026-09-03 17:17:01.754398,0.04779052734375,-0.72332763671875,-0.688720703125,0.01336669921875,0.078125,-0.95703125,-0.00390625,0.0,0.052734375,0.001953125,809.25,0.0,192.2,35.3,17.3,,,,,,,,
2026-09-03 17:17:01.854687,0.04779052734375,-0.72332763671875,-0.688720703125,0.01336669921875,0.078125,-0.95703125,-0.00390625,0.0,0.052734375,0.001953125,809.25,0.0,192.2,35.3,17.3,,,,,,,,
2026-09-03 17:17:01.954698,0.04779052734375,-0.72332763671875,-0.688720703125,0.01336669921875,0.078125,-0.95703125,-0.00390625,0.0,0.052734375,0.001953125,948.25,0.0,192.2,39.6,20.4,,,,,,,,
2026-09-03 17:17:02.054734,0.04779052734375,-0.72332763671875,-0.688720703125,0.01336669921875,0.078125,-0.95703125,-0.00390625,0.0,0.052734375,0.001953125,948.25,0.0,192.2,39.6,20.4,,,,,,,,
2026-09-03 17:17:02.155098,0.04779052734375,-0.72332763671875,-0.688720703125,0.01336669921875,0.078125,-0.95703125,-0.00390625,0.0,0.052734375,0.001953125,1176.5,0.0,192.2,32.5,19.2,,,,,,,,
2026-09-03 17:17:02.254999,0.04779052734375,-0.72332763671875,-0.688720703125,0.01336669921875,0.078125,-0.95703125,-0.00390625,0.0,0.052734375,0.001953125,1176.5,0.0,192.2,32.5,19.2,,,,,,,,
2026-09-03 17:17:02.355076,0.04779052734375,-0.72332763671875,-0.688720703125,0.01336669921875,0.078125,-0.95703125,-0.00390625,0.0,0.052734375,0.001953125,1273.25,0.6,192.2,25.9,20.0,,,,,,,,
2026-09-03 17:17:02.455410,0.04779052734375,-0.72332763671875,-0.688720703125,0.01336669921875,0.078125,-0.95703125,-0.00390625,0.0,0.052734375,0.001953125,1273.25,0.6,192.2,25.9,20.0,,,,,,,,
2026-09-03 17:17:02.555343,0.04779052734375,-0.72332763671875,-0.688720703125,0.01336669921875,0.078125,-0.95703125,-0.00390625,0.0,0.052734375,0.001953125,1298.25,1.2,192.2,25.1,20.4,,,,,,,,
2026-09-03 17:17:04.540948,0.541259765625,0.52685546875,0.456787109375,0.4698486328125,0.3359375,9.3828125,-0.828125,-0.005859375,-0.021484375,-0.005859375,735.75,3.7,192.2,29.0,16.5,,,,,,,,
2026-09-03 17:17:04.639062,0.54132080078125,0.52618408203125,0.45654296875,0.4708251953125,0.3671875,9.2109375,-0.62109375,-0.001953125,-0.0234375,0.0,735.75,3.7,192.2,29.0,16.5,,,,,,,,
2026-09-03 17:17:04.739198,0.54156494140625,0.525634765625,0.45599365234375,0.4716796875,0.28125,8.8671875,-0.44921875,-0.009765625,-0.025390625,-0.001953125,735.0,3.7,192.2,28.2,16.5,,,,,,,,
2026-09-03 17:17:04.859079,0.53936767578125,0.51080322265625,0.47113037109375,0.4755859375,-0.08203125,0.18359375,0.21875,0.005859375,-0.0234375,0.00390625,735.0,3.7,192.2,28.2,16.5,,,,,,,,
2026-09-03 17:17:04.959867,0.5361328125,0.501220703125,0.47967529296875,0.48089599609375,0.0078125,-0.0078125,-0.125,0.00390625,-0.0234375,0.001953125,732.0,3.7,192.2,27.8,16.5,,,,,,,,
2026-09-03 17:17:05.036905,0.5364990234375,0.50018310546875,0.4794921875,0.48175048828125,0.109375,-0.15625,-0.02734375,-0.001953125,-0.0234375,-0.001953125,732.0,3.7,192.2,27.8,16.5,,,,,,,,
2026-09-03 17:17:05.139382,0.53662109375,0.499755859375,0.4793701171875,0.482177734375,-0.0546875,-0.0625,-0.1640625,-0.005859375,-0.0234375,-0.0078125,734.25,3.7,192.2,28.6,16.5,,,,,,,,
2026-09-03 17:17:05.248587,0.536865234375,0.498779296875,0.4791259765625,0.483154296875,-0.07421875,-0.03125,0.05859375,-0.005859375,-0.021484375,-0.005859375,734.25,3.7,192.2,28.6,16.5,,,,,,,,
2026-09-03 17:17:05.337953,0.5372314453125,0.4976806640625,0.478515625,0.48443603515625,-0.06640625,0.12109375,0.19140625,0.0,-0.02734375,-0.0078125,730.25,3.7,192.2,28.6,16.5,,,,,,,,
2026-09-03 17:17:05.439054,0.53753662109375,0.497314453125,0.47821044921875,0.48480224609375,-0.10546875,0.14453125,0.09765625,0.0,-0.02734375,0.001953125,730.25,3.7,192.2,28.6,16.5,,,,,,,,
2026-09-03 17:17:05.587006,0.53802490234375,0.49639892578125,0.47784423828125,0.485595703125,-0.09765625,0.03515625,-0.1328125,0.009765625,-0.015625,-0.001953125,725.0,3.7,192.2,28.6,16.5,,,,,,,,
2026-09-03 17:17:05.637222,0.53851318359375,0.4954833984375,0.47747802734375,0.486328125,0.16796875,-0.109375,-0.2421875,0.0,-0.013671875,-0.005859375,725.0,3.7,192.2,28.6,16.5,,,,,,,,
2026-09-03 17:17:05.765618,0.538818359375,0.49462890625,0.47711181640625,0.4871826171875,0.0859375,0.12109375,-0.2109375,-0.001953125,-0.015625,-0.00390625,732.0,3.7,192.2,28.6,16.5,,,,,,,,
2026-09-03 17:17:05.847026,0.53912353515625,0.49432373046875,0.47705078125,0.48724365234375,0.046875,0.05078125,-0.0625,0.0,-0.005859375,0.0078125,732.0,3.7,192.2,28.6,16.5,,,,,,,,
2026-09-03 17:17:05.947187,0.53961181640625,0.49395751953125,0.4771728515625,0.48699951171875,0.0390625,-0.109375,0.01953125,0.001953125,-0.001953125,0.0078125,730.25,3.7,192.2,28.6,16.5,,,,,,,,
2026-09-03 17:17:06.048235,0.54022216796875,0.49365234375,0.47735595703125,0.4864501953125,-0.078125,-0.09375,0.2734375,0.005859375,-0.00390625,0.01171875,730.25,3.7,192.2,28.6,16.5,,,,,,,,
2026-09-03 17:17:06.159688,0.54083251953125,0.49322509765625,0.4774169921875,0.48614501953125,-0.03125,-0.20703125,0.203125,0.013671875,-0.009765625,0.005859375,736.5,3.7,192.2,29.0,16.5,,,,,,,,
2026-09-03 17:17:06.245134,0.54119873046875,0.4927978515625,0.47735595703125,0.4862060546875,0.0546875,0.14453125,-0.08984375,0.005859375,-0.0078125,0.005859375,736.5,3.7,192.2,29.0,16.5,,,,,,,,
2026-09-03 17:17:06.346622,0.541259765625,0.49237060546875,0.4775390625,0.48638916015625,0.046875,0.24609375,-0.37109375,0.001953125,0.001953125,0.0078125,732.0,3.7,192.2,29.0,16.5,,,,,,,,
2026-09-03 17:17:06.455364,0.54144287109375,0.4920654296875,0.47784423828125,0.4862060546875,0.0234375,0.15234375,0.05859375,0.0,-0.001953125,-0.0078125,732.0,3.7,192.2,29.0,16.5,,,,,,,,
2026-09-03 17:17:06.545045,0.54150390625,0.49188232421875,0.4779052734375,0.48626708984375,-0.046875,-0.09375,-0.0703125,-0.009765625,-0.005859375,-0.013671875,727.25,3.7,192.2,28.6,16.5,,,,,,,,
2026-09-03 17:17:06.656877,0.541259765625,0.491455078125,0.47802734375,0.48681640625,0.10546875,-0.15625,0.08203125,0.0,-0.001953125,-0.009765625,727.25,3.7,192.2,28.6,16.5,,,,,,,,
2026-09-03 17:17:06.758005,0.541259765625,0.49139404296875,0.47808837890625,0.48681640625,-0.1171875,0.17578125,0.03515625,0.001953125,0.005859375,0.0,731.25,3.7,192.2,29.0,16.5,,,,,,,,
2026-09-03 17:17:06.854981,0.54132080078125,0.49127197265625,0.4783935546875,0.48663330078125,-0.13671875,0.12109375,-0.078125,-0.009765625,0.001953125,0.0,731.25,3.7,192.2,29.0,16.5,,,,,,,,
2026-09-03 17:17:06.953269,0.541259765625,0.490966796875,0.478759765625,0.48663330078125,-0.0390625,-0.1328125,0.08984375,-0.00390625,-0.001953125,0.009765625,738.25,3.7,192.2,28.6,16.5,,,,,,,,
2026-09-03 17:17:07.033538,0.54119873046875,0.49066162109375,0.47900390625,0.48675537109375,-0.0546875,-0.0234375,0.01171875,0.001953125,-0.001953125,0.01171875,738.25,3.7,192.2,28.6,16.5,,,,,,,,
2026-09-03 17:17:07.154994,0.541015625,0.490478515625,0.4793701171875,0.48681640625,0.0703125,0.16796875,-0.06640625,0.009765625,0.001953125,0.001953125,735.75,3.7,194.0,28.2,16.5,,,,,,,,
2026-09-03 17:17:07.252799,0.541015625,0.49053955078125,0.4793701171875,0.4866943359375,0.12109375,-0.16015625,-0.10546875,0.00390625,0.005859375,0.0,735.75,3.7,194.0,28.2,16.5,,,,,,,,
2026-09-03 17:17:07.352835,0.540771484375,0.49090576171875,0.47943115234375,0.486572265625,0.12890625,0.08984375,-0.40234375,-0.009765625,0.015625,-0.0078125,735.0,3.7,194.0,28.2,16.5,,,,,,,,
2026-09-03 17:17:07.453257,0.540283203125,0.49127197265625,0.47991943359375,0.48626708984375,-0.1015625,-0.015625,-0.09375,-0.013671875,0.021484375,-0.001953125,735.0,3.7,194.0,28.2,16.5,,,,,,,,
2026-09-03 17:17:07.553063,0.539794921875,0.4915771484375,0.48065185546875,0.4857177734375,0.0234375,-0.1015625,0.12890625,-0.021484375,0.0234375,0.0,740.5,3.7,194.0,28.2,16.5,,,,,,,,
2026-09-03 17:17:07.653089,0.53900146484375,0.4918212890625,0.4815673828125,0.4854736328125,-0.0546875,0.01171875,0.3828125,-0.01953125,0.01953125,0.00390625,740.5,3.7,194.0,28.2,16.5,,,,,,,,
2026-09-03 17:17:07.752642,0.53839111328125,0.49169921875,0.48260498046875,0.48529052734375,0.08203125,-0.0859375,0.41796875,-0.0078125,0.015625,0.009765625,742.0,3.7,194.0,28.2,16.5,,,,,,,,
2026-09-03 17:17:07.852690,0.537841796875,0.4915771484375,0.4835205078125,0.48504638671875,-0.125,-0.23046875,0.1015625,0.017578125,0.021484375,0.0078125,742.0,3.7,194.0,28.2,16.5,,,,,,,,
2026-09-03 17:17:07.952978,0.53753662109375,0.492431640625,0.484130859375,0.48394775390625,-0.046875,-0.15234375,-0.03125,0.021484375,0.015625,0.0,746.0,3.7,194.0,28.6,16.5,,,,,,,,
2026-09-03 17:17:08.050989,0.5374755859375,0.49267578125,0.48419189453125,0.48370361328125,-0.078125,-0.10546875,-0.14453125,0.017578125,0.0078125,0.0,746.0,3.7,194.0,28.6,16.5,,,,,,,,
2026-09-03 17:17:08.153220,0.5372314453125,0.49346923828125,0.4842529296875,0.48309326171875,-0.09375,0.078125,-0.265625,0.009765625,0.013671875,-0.00390625,749.0,3.7,194.0,28.6,16.5,,,,,,,,
2026-09-03 17:17:08.252356,0.536865234375,0.49371337890625,0.48480224609375,0.482666015625,-0.12890625,0.0234375,-0.265625,0.0,0.01953125,0.00390625,749.0,3.7,194.0,28.6,16.5,,,,,,,,
2026-09-03 17:17:08.353249,0.53662109375,0.493896484375,0.4852294921875,0.4822998046875,0.16015625,0.14453125,0.1875,-0.001953125,0.01171875,0.01171875,743.75,3.7,194.0,28.6,16.5,,,,,,,,
2026-09-03 17:17:08.452064,0.53631591796875,0.4942626953125,0.48541259765625,0.48211669921875,0.1015625,0.13671875,0.34765625,0.005859375,0.013671875,-0.00390625,743.75,3.7,194.0,28.6,16.5,,,,,,,,
2026-09-03 17:17:08.553763,0.5360107421875,0.4951171875,0.4853515625,0.48162841796875,0.28515625,0.05078125,0.3984375,0.025390625,0.013671875,0.0,734.25,3.7,194.0,28.6,16.5,,,,,,,,
2026-09-03 17:17:08.653556,0.5357666015625,0.49578857421875,0.4854736328125,0.48101806640625,0.12109375,0.13671875,0.015625,0.013671875,0.0078125,-0.005859375,734.25,3.7,194.0,28.6,16.5,,,,,,,,
2026-09-03 17:17:08.754449,0.535888671875,0.49566650390625,0.485595703125,0.48095703125,0.12890625,-0.171875,-0.26171875,0.005859375,-0.00390625,0.001953125,732.0,3.7,194.0,27.8,16.5,,,,,,,,
2026-09-03 17:17:08.854477,0.53570556640625,0.49542236328125,0.48577880859375,0.48126220703125,0.50390625,-0.015625,-0.3671875,0.001953125,0.00390625,-0.017578125,732.0,3.7,194.0,27.8,16.5,,,,,,,,
2026-09-03 17:17:08.948917,0.53509521484375,0.4957275390625,0.48614501953125,0.481201171875,0.00390625,-0.20703125,0.40234375,0.0234375,0.0078125,-0.03125,735.0,3.7,194.0,27.8,16.5,,,,,,,,
2026-09-03 17:17:09.053533,0.53533935546875,0.49658203125,0.48529052734375,0.48089599609375,-0.08203125,-0.14453125,0.30859375,0.03515625,-0.009765625,-0.03125,735.0,3.7,194.0,27.8,16.5,,,,,,,,
2026-09-03 17:17:09.154475,0.5357666015625,0.49700927734375,0.4844970703125,0.4808349609375,-0.1796875,0.078125,-0.11328125,0.0390625,-0.009765625,-0.009765625,732.0,3.1,194.0,27.8,16.5,,,,,,,,
2026-09-03 17:17:09.255258,0.5367431640625,0.49737548828125,0.48370361328125,0.48016357421875,0.01953125,0.16015625,-0.7578125,0.03515625,-0.00390625,-0.005859375,732.0,3.1,194.0,27.8,16.5,,,,,,,,
2026-09-03 17:17:09.355222,0.5372314453125,0.497802734375,0.48297119140625,0.4798583984375,0.07421875,0.19140625,-0.515625,0.017578125,-0.005859375,-0.009765625,728.75,3.1,194.0,27.8,16.5,,,,,,,,
2026-09-03 17:17:09.455114,0.53729248046875,0.498046875,0.48260498046875,0.47998046875,-0.03125,0.03515625,-0.06640625,-0.01171875,0.0,-0.009765625,728.75,3.1,194.0,27.8,16.5,,,,,,,,
2026-09-03 17:17:09.552744,0.53729248046875,0.49810791015625,0.48236083984375,0.4801025390625,0.01171875,-0.125,0.25390625,-0.0078125,-0.001953125,-0.013671875,726.5,3.1,194.0,27.8,16.5,,,,,,,,
2026-09-03 17:17:09.651105,0.5374755859375,0.49810791015625,0.48199462890625,0.4803466796875,0.03515625,-0.09375,0.26953125,-0.001953125,-0.005859375,-0.009765625,726.5,3.1,194.0,27.8,16.5,,,,,,,,
2026-09-03 17:17:09.752070,0.5379638671875,0.49774169921875,0.4814453125,0.480712890625,0.04296875,0.05078125,0.19921875,-0.001953125,-0.015625,-0.00390625,725.0,3.1,194.0,27.8,16.5,,,,,,,,
2026-09-03 17:17:09.852174,0.53851318359375,0.4893798828125,0.48095703125,0.48114013671875,0.03515625,-0.109375,-0.01953125,0.0,-0.021484375,-0.001953125,725.0,3.1,194.0,27.8,16.5,,,,,,,,
2026-09-03 17:17:10.054073,0.5394287109375,0.49639892578125,0.480712890625,0.481201171875,0.03515625,0.10546875,-0.03125,0.01171875,-0.0234375,0.267578125,720.25,3.1,194.0,28.2,16.5,,,,,,,,
2026-09-03 17:17:10.150071,0.54095458984375,0.494873046875,0.48040771484375,0.4813232421875,0.00390625,0.015625,-0.0078125,-0.01171875,-0.01953125,0.0078125,714.0,3.1,194.0,28.2,16.5,,,,,,,,
2026-09-03 17:17:10.249851,0.54193115234375,0.493896484375,0.48040771484375,0.48126220703125,0.02734375,0.0625,0.12109375,-0.0078125,-0.017578125,0.009765625,714.0,3.1,194.0,28.2,16.5,,,,,,,,
2026-09-03 17:17:10.350555,0.54302978515625,0.4930419921875,0.48028564453125,0.48095703125,-0.01953125,0.046875,0.015625,-0.005859375,-0.013671875,0.01171875,716.25,3.1,194.0,28.6,16.5,,,,,,,,
2026-09-03 17:17:10.450698,0.54376220703125,0.49212646484375,0.4803466796875,0.4810791015625,-0.55859375,0.0,0.0234375,-0.021484375,-0.01953125,0.00390625,716.25,3.1,194.0,28.6,16.5,,,,,,,,
2026-09-03 17:17:10.551420,0.5440673828125,0.4913330078125,0.48040771484375,0.4814453125,-0.05078125,0.015625,-0.046875,-0.0234375,-0.01171875,-0.001953125,720.25,2.5,194.0,28.6,16.5,,,,,,,,
2026-09-03 17:17:10.651546,0.5443115234375,0.49078369140625,0.47259521484375,0.481689453125,0.00390625,0.16796875,0.17578125,-0.02734375,-0.01171875,0.0,720.25,2.5,194.0,28.6,16.5,,,,,,,,
2026-09-03 17:17:10.751690,0.54437255859375,0.48992919921875,0.47296142578125,0.482177734375,-0.140625,0.0078125,0.54296875,-0.0234375,-0.01171875,0.005859375,724.0,2.5,194.0,33.7,20.4,,,,,,,,
2026-09-03 17:17:10.851346,0.544921875,0.48907470703125,0.48095703125,0.4822998046875,-0.078125,-0.015625,0.25,0.005859375,-0.015625,0.01953125,724.0,2.5,194.0,33.7,20.4,,,,,,,,
2026-09-03 17:17:10.951860,0.5460205078125,0.48809814453125,0.48089599609375,0.4820556640625,-0.03125,0.66796875,0.28515625,0.0234375,-0.2734375,0.28515625,746.0,2.5,194.0,42.0,17.3,,,,,,,,
2026-09-03 17:17:11.052230,0.547607421875,0.487060546875,0.48065185546875,0.4815673828125,-0.03515625,0.03515625,-0.11328125,0.033203125,-0.0234375,0.03515625,746.0,2.5,194.0,42.0,17.3,,,,,,,,
2026-09-03 17:17:11.152076,0.54852294921875,0.48638916015625,0.48065185546875,0.48114013671875,0.01953125,-0.16015625,-0.62109375,0.009765625,-0.005859375,0.017578125,732.75,2.5,194.0,39.2,17.3,,,,,,,,
2026-09-03 17:17:11.369122,0.5496826171875,0.4849853515625,0.48101806640625,0.48089599609375,0.19921875,0.11328125,0.875,-0.013671875,-0.013671875,0.0078125,742.0,2.5,194.0,38.4,17.3,,,,,,,,
2026-09-03 17:17:11.468388,0.5504150390625,0.48431396484375,0.481201171875,0.4805908203125,0.0234375,-0.203125,0.5234375,0.048828125,0.0,0.013671875,742.0,2.5,194.0,38.4,17.3,,,,,,,,
2026-09-03 17:17:11.567515,0.55206298828125,0.48455810546875,0.4808349609375,0.4788818359375,-0.5625,-0.33203125,-0.16015625,0.072265625,-0.009765625,0.015625,744.5,1.9,194.0,38.0,17.3,,,,,,,,
2026-09-03 17:17:11.668038,0.55426025390625,0.48486328125,0.4798583984375,0.4769287109375,0.0,-0.14453125,-0.34765625,0.0625,-0.021484375,0.021484375,744.5,1.9,194.0,38.0,17.3,,,,,,,,
2026-09-03 17:17:11.768815,0.5565185546875,0.48480224609375,0.47882080078125,0.475341796875,0.19140625,0.0,-0.52734375,0.052734375,-0.01171875,0.015625,743.75,1.9,194.0,38.0,17.3,,,,,,,,
2026-09-03 17:17:11.869048,0.55828857421875,0.48504638671875,0.47808837890625,0.47381591796875,0.12890625,-0.06640625,-0.2734375,0.0234375,0.001953125,0.005859375,743.75,1.9,194.0,38.0,17.3,,,,,,,,
2026-09-03 17:17:11.969513,0.55908203125,0.48529052734375,0.47802734375,0.47259521484375,-0.01953125,0.19140625,0.03515625,-0.001953125,0.001953125,0.0,746.75,1.9,194.0,38.0,17.3,,,,,,,,
2026-09-03 17:17:12.069393,0.5594482421875,0.485107421875,0.478271484375,0.47210693359375,0.1640625,-0.0546875,0.25,-0.01171875,-0.00390625,0.005859375,746.75,1.9,194.0,38.0,17.3,,,,,,,,
2026-09-03 17:17:12.171454,0.55999755859375,0.48443603515625,0.47857666015625,0.47186279296875,0.25390625,-0.14453125,0.33984375,0.001953125,-0.00390625,0.0078125,741.25,1.9,194.0,38.0,17.3,,,,,,,,
2026-09-03 17:17:12.269936,0.560791015625,0.4840087890625,0.478759765625,0.47119140625,0.3203125,-0.0625,0.34765625,0.015625,0.0,0.0078125,741.25,1.9,194.0,38.0,17.3,,,,,,,,
2026-09-03 17:17:12.370151,0.56182861328125,0.48358154296875,0.47900390625,0.47015380859375,0.3125,-0.12890625,0.0,0.021484375,-0.005859375,0.01171875,,0.6,195.8,39.2,17.6,,,,,,,,
2026-09-03 17:17:12.467377,0.56304931640625,0.48297119140625,0.47930908203125,0.46905517578125,0.28125,0.0,-0.16015625,0.021484375,-0.0078125,0.005859375,,0.6,195.8,39.2,17.6,,,,,,,,
2026-09-03 17:17:12.567430,0.564208984375,0.4822998046875,0.4794921875,0.46807861328125,0.21484375,0.078125,-0.375,0.009765625,-0.001953125,0.00390625,,0.6,195.8,39.2,17.6,,,,,,,,
2026-09-03 17:17:12.667181,0.56494140625,0.48175048828125,0.47998046875,0.46734619140625,0.12109375,0.015625,-0.12890625,0.0,0.0,0.001953125,748.25,0.0,195.8,39.2,17.6,,,,,,,,
2026-09-03 17:17:12.767442,0.5653076171875,0.481201171875,-1.5194091796875,-1.53314208984375,0.0,-0.07421875,0.1015625,-0.0078125,0.0,-0.00390625,748.25,0.0,195.8,39.2,17.6,,,,,,,,
2026-09-03 17:17:12.867530,0.5657958984375,0.47259521484375,0.48138427734375,0.46624755859375,-0.046875,-0.03125,0.109375,-0.005859375,-0.001953125,-0.001953125,746.0,0.0,195.8,39.6,17.6,,,,,,,,
2026-09-03 17:17:12.980481,0.56634521484375,0.4796142578125,0.48199462890625,0.46563720703125,0.0,-0.0234375,0.109375,0.001953125,0.001953125,-0.00390625,746.0,0.0,195.8,39.6,17.6,,,,,,,,
2026-09-03 17:17:13.079190,0.567138671875,0.478759765625,0.48291015625,0.46466064453125,-0.26171875,-0.015625,-0.02734375,0.001953125,0.0,-0.01171875,751.5,0.0,195.8,40.0,17.6,,,,,,,,
2026-09-03 17:17:13.178526,0.56719970703125,0.4786376953125,0.483154296875,0.4644775390625,-1.19921875,-0.0234375,-0.2265625,0.001953125,0.0,-0.013671875,751.5,0.0,195.8,40.0,17.6,,,,,,,,
2026-09-03 17:17:13.279548,0.567138671875,0.4786376953125,0.4832763671875,0.46441650390625,-1.390625,0.17578125,-0.2421875,0.00390625,0.0,0.001953125,752.25,0.0,195.8,40.0,17.6,,,,,,,,
2026-09-03 17:17:13.367971,0.56756591796875,0.47808837890625,0.48388671875,0.46380615234375,-0.64453125,0.28515625,-0.01171875,0.0,0.001953125,0.0078125,752.25,0.0,195.8,40.0,17.6,,,,,,,,
2026-09-03 17:17:13.468470,-1.43206787109375,0.47760009765625,0.484375,0.46343994140625,-0.3828125,-0.0234375,-0.04296875,-0.001953125,-0.001953125,0.005859375,757.0,0.0,195.8,40.0,17.6,,,,,,,,
2026-09-03 17:17:13.568687,0.568359375,0.4769287109375,0.48492431640625,0.4630126953125,-0.7265625,-0.05859375,-0.11328125,0.001953125,0.0,-0.005859375,757.0,0.0,195.8,40.0,17.6,,,,,,,,
2026-09-03 17:17:13.680199,0.5684814453125,0.47686767578125,0.4849853515625,0.4627685546875,-0.71875,0.125,-0.02734375,0.00390625,-0.001953125,0.251953125,753.0,0.0,195.8,40.0,17.6,,,,,,,,
2026-09-03 17:17:13.788198,0.56573486328125,0.48162841796875,0.48004150390625,0.46636962890625,-0.01953125,0.10546875,0.03515625,0.0,-0.00390625,0.001953125,753.0,0.0,195.8,40.0,17.6,,,,,,,,
2026-09-03 17:17:13.879469,0.564208984375,0.48419189453125,0.47723388671875,0.468505859375,0.00390625,-0.0625,-0.0703125,0.00390625,0.0,-0.00390625,745.25,0.0,195.8,40.8,17.6,,,,,,,,
2026-09-03 17:17:13.988648,0.56378173828125,0.485107421875,0.47637939453125,0.46893310546875,-0.14453125,0.015625,-0.0625,-0.001953125,0.00390625,-0.001953125,745.25,0.0,195.8,40.8,17.6,,,,,,,,
2026-09-03 17:17:14.079528,0.5631103515625,0.48626708984375,0.47515869140625,0.4697265625,-0.15625,0.0390625,0.04296875,0.001953125,-0.00390625,0.001953125,778.75,0.0,195.8,42.0,17.6,,,,,,,,
2026-09-03 17:17:14.184323,0.56243896484375,0.48773193359375,0.47357177734375,0.470703125,-0.05859375,0.0390625,0.04296875,0.0,-0.001953125,0.00390625,778.75,0.0,195.8,42.0,17.6,,,,,,,,
2026-09-03 17:17:14.266938,0.56201171875,0.4884033203125,0.47283935546875,0.47119140625,0.06640625,0.0078125,0.07421875,-0.001953125,0.0,0.0,869.5,0.0,195.8,38.4,17.6,,,,,,,,
2026-09-03 17:17:14.368075,0.5618896484375,0.4886474609375,0.47265625,0.4713134765625,0.05078125,-0.03125,0.02734375,0.001953125,0.001953125,-0.001953125,869.5,0.0,195.8,38.4,17.6,,,,,,,,
2026-09-03 17:17:14.467819,0.56158447265625,0.48907470703125,0.47216796875,0.4716796875,-0.06640625,0.046875,-0.01953125,-0.00390625,-0.001953125,0.001953125,898.25,0.0,195.8,32.9,17.6,,,,,,,,
2026-09-03 17:17:14.572939,0.56134033203125,0.48931884765625,0.4718017578125,0.4720458984375,-0.01171875,-0.0390625,0.01953125,-0.001953125,0.001953125,-0.00390625,898.25,0.0,195.8,32.9,17.6,,,,,,,,
2026-09-03 17:17:14.672797,0.56103515625,0.4898681640625,0.4713134765625,0.47235107421875,0.06640625,-0.0390625,-0.01171875,-0.001953125,0.001953125,-0.001953125,900.0,0.0,195.8,30.6,17.3,,,,,,,,
2026-09-03 17:17:14.772236,0.560791015625,0.4901123046875,0.47100830078125,0.47271728515625,-0.02734375,0.0,-0.01171875,0.0,-0.001953125,0.001953125,900.0,0.0,195.8,30.6,17.3,,,,,,,,
2026-09-03 17:17:14.872559,0.5606689453125,0.49029541015625,0.47076416015625,0.47283935546875,-0.01953125,0.0,-0.01171875,0.001953125,0.001953125,0.0,873.25,0.0,195.8,28.6,17.3,,,,,,,,
2026-09-03 17:17:14.974191,0.560546875,0.4906005859375,0.47052001953125,0.4730224609375,-0.01171875,-0.0390625,-0.01171875,0.0,0.0,-0.001953125,873.25,0.0,195.8,28.6,17.3,,,,,,,,
2026-09-03 17:17:15.089614,0.56036376953125,0.49090576171875,0.47015380859375,0.4732666015625,-0.01171875,0.0078125,0.03515625,0.0,-0.001953125,-0.00390625,849.0,0.0,195.8,23.1,15.3,,,,,,,,
2026-09-03 17:17:15.186427,0.560302734375,0.49102783203125,0.47003173828125,0.47332763671875,-0.01953125,0.046875,0.03515625,0.0,0.0,0.0,849.0,0.0,195.8,23.1,15.3,,,,,,,,
2026-09-03 17:17:15.286267,0.56011962890625,0.4912109375,0.4698486328125,0.4735107421875,-0.05859375,-0.03125,-0.00390625,-0.001953125,0.0,-0.00390625,632.75,0.0,195.8,20.0,15.3,,,,,,,,
